soc,power,current,ocv,ir0,c_rate,line_voltage,power_out,deltaP,converged,iterations,error
1e-06,-100,-25.925925925925927,2.9399999999999995,0.021886956036751552,0.8445915405123402,3.5074396009528175,-90.93361928396195,-9.066380716038054,True,3,
1e-06,-75,-21.933437540806697,2.9399999999999995,0.021858709587063256,0.6586617880122132,3.419436641450484,-75.00000000000001,1.4210854715202004e-14,True,3,
1e-06,-50,-15.273273182105777,2.9399999999999995,0.021848133320754907,0.45865685231548886,3.273692508726957,-50.000000000000014,1.4210854715202004e-14,True,3,
1e-06,-25,-8.024520270750786,2.9399999999999995,0.021864364623995398,0.24097658470723082,3.115451037132337,-24.999999999999996,-3.552713678800501e-15,True,3,
1e-06,0,0.0,2.9399999999999995,0.02192190592169131,0.0,2.9399999999999995,0.0,0.0,True,1,
1e-06,25,9.12211740758302,2.9399999999999995,0.021859860959072726,0.27393745968717775,2.7405917818178978,25.000000000000007,-7.105427357601002e-15,True,3,
1e-06,50,19.97160353931835,2.9399999999999995,0.021853297590562534,0.5997478540335842,2.5035546044945436,49.999999999999986,1.4210854715202004e-14,True,3,
1e-06,75,34.27056774530562,2.9399999999999995,0.021929405945102096,1.0291461785377063,2.1884668079440703,75.0,0.0,True,4,
1e-06,100,,2.9399999999999995,0.021921871403644978,1.0,,,,False,1,No solution exists for discriminant 
1e-06,125,,2.9399999999999995,0.021921871403644978,1.0,,,,False,1,No solution exists for discriminant 
1e-06,150,,2.9399999999999995,0.021921871403644978,1.0,,,,False,1,No solution exists for discriminant 
1e-06,175,,2.9399999999999995,0.021921871403644978,1.0,,,,False,1,No solution exists for discriminant 
1e-06,200,,2.9399999999999995,0.021921871403644978,1.0,,,,False,1,No solution exists for discriminant 
1e-06,225,,2.9399999999999995,0.021921871403644978,1.0,,,,False,1,No solution exists for discriminant 
1e-06,250,,2.9399999999999995,0.021921871403644978,1.0,,,,False,1,No solution exists for discriminant 
1e-06,275,,2.9399999999999995,0.021921871403644978,1.0,,,,False,1,No solution exists for discriminant 
1e-06,300,,2.9399999999999995,0.021921871403644978,1.0,,,,False,1,No solution exists for discriminant 
1e-06,325,,2.9399999999999995,0.021921871403644978,1.0,,,,False,1,No solution exists for discriminant 
1e-06,350,,2.9399999999999995,0.021921871403644978,1.0,,,,False,1,No solution exists for discriminant 
1e-06,375,,2.9399999999999995,0.021921871403644978,1.0,,,,False,1,No solution exists for discriminant 
1e-06,400,,2.9399999999999995,0.021921871403644978,1.0,,,,False,1,No solution exists for discriminant 
1e-06,425,,2.9399999999999995,0.021921871403644978,1.0,,,,False,1,No solution exists for discriminant 
1e-06,450,,2.9399999999999995,0.021921871403644978,1.0,,,,False,1,No solution exists for discriminant 
1e-06,475,,2.9399999999999995,0.021921871403644978,1.0,,,,False,1,No solution exists for discriminant 
1e-06,500,,2.9399999999999995,0.021921871403644978,1.0,,,,False,1,No solution exists for discriminant 
1e-06,525,,2.9399999999999995,0.021921871403644978,1.0,,,,False,1,No solution exists for discriminant 
1e-06,550,,2.9399999999999995,0.021921871403644978,1.0,,,,False,1,No solution exists for discriminant 
1e-06,575,,2.9399999999999995,0.021921871403644978,1.0,,,,False,1,No solution exists for discriminant 
1e-06,600,,2.9399999999999995,0.021921871403644978,1.0,,,,False,1,No solution exists for discriminant 
1e-06,625,,2.9399999999999995,0.021921871403644978,1.0,,,,False,1,No solution exists for discriminant 
1e-06,650,,2.9399999999999995,0.021921871403644978,1.0,,,,False,1,No solution exists for discriminant 
1e-06,675,,2.9399999999999995,0.021921871403644978,1.0,,,,False,1,No solution exists for discriminant 
1e-06,700,,2.9399999999999995,0.021921871403644978,1.0,,,,False,1,No solution exists for discriminant 
1e-06,725,,2.9399999999999995,0.021921871403644978,1.0,,,,False,1,No solution exists for discriminant 
1e-06,750,,2.9399999999999995,0.021921871403644978,1.0,,,,False,1,No solution exists for discriminant 
1e-06,775,,2.9399999999999995,0.021921871403644978,1.0,,,,False,1,No solution exists for discriminant 
1e-06,800,,2.9399999999999995,0.021921871403644978,1.0,,,,False,1,No solution exists for discriminant 
1e-06,825,,2.9399999999999995,0.021921871403644978,1.0,,,,False,1,No solution exists for discriminant 
1e-06,850,,2.9399999999999995,0.021921871403644978,1.0,,,,False,1,No solution exists for discriminant 
1e-06,875,,2.9399999999999995,0.021921871403644978,1.0,,,,False,1,No solution exists for discriminant 
1e-06,900,,2.9399999999999995,0.021921871403644978,1.0,,,,False,1,No solution exists for discriminant 
1e-06,925,,2.9399999999999995,0.021921871403644978,1.0,,,,False,1,No solution exists for discriminant 
1e-06,950,,2.9399999999999995,0.021921871403644978,1.0,,,,False,1,No solution exists for discriminant 
1e-06,975,,2.9399999999999995,0.021921871403644978,1.0,,,,False,1,No solution exists for discriminant 
1e-06,1000,,2.9399999999999995,0.021921871403644978,1.0,,,,False,1,No solution exists for discriminant 
1e-06,1025,,2.9399999999999995,0.021921871403644978,1.0,,,,False,1,No solution exists for discriminant 
1e-06,1050,,2.9399999999999995,0.021921871403644978,1.0,,,,False,1,No solution exists for discriminant 
1e-06,1075,,2.9399999999999995,0.021921871403644978,1.0,,,,False,1,No solution exists for discriminant 
1e-06,1100,,2.9399999999999995,0.021921871403644978,1.0,,,,False,1,No solution exists for discriminant 
1e-06,1125,,2.9399999999999995,0.021921871403644978,1.0,,,,False,1,No solution exists for discriminant 
1e-06,1150,,2.9399999999999995,0.021921871403644978,1.0,,,,False,1,No solution exists for discriminant 
1e-06,1175,,2.9399999999999995,0.021921871403644978,1.0,,,,False,1,No solution exists for discriminant 
1e-06,1200,,2.9399999999999995,0.021921871403644978,1.0,,,,False,1,No solution exists for discriminant 
1e-06,1225,,2.9399999999999995,0.021921871403644978,1.0,,,,False,1,No solution exists for discriminant 
1e-06,1250,,2.9399999999999995,0.021921871403644978,1.0,,,,False,1,No solution exists for discriminant 
1e-06,1275,,2.9399999999999995,0.021921871403644978,1.0,,,,False,1,No solution exists for discriminant 
1e-06,1300,,2.9399999999999995,0.021921871403644978,1.0,,,,False,1,No solution exists for discriminant 
1e-06,1325,,2.9399999999999995,0.021921871403644978,1.0,,,,False,1,No solution exists for discriminant 
1e-06,1350,,2.9399999999999995,0.021921871403644978,1.0,,,,False,1,No solution exists for discriminant 
1e-06,1375,,2.9399999999999995,0.021921871403644978,1.0,,,,False,1,No solution exists for discriminant 
1e-06,1400,,2.9399999999999995,0.021921871403644978,1.0,,,,False,1,No solution exists for discriminant 
1e-06,1425,,2.9399999999999995,0.021921871403644978,1.0,,,,False,1,No solution exists for discriminant 
1e-06,1450,,2.9399999999999995,0.021921871403644978,1.0,,,,False,1,No solution exists for discriminant 
1e-06,1475,,2.9399999999999995,0.021921871403644978,1.0,,,,False,1,No solution exists for discriminant 
1e-06,1500,,2.9399999999999995,0.021921871403644978,1.0,,,,False,1,No solution exists for discriminant 
1e-06,1525,,2.9399999999999995,0.021921871403644978,1.0,,,,False,1,No solution exists for discriminant 
0.025642,-100,-25.925925925925927,2.974849216027243,0.018990188980307177,0.8543160953938294,3.4671874488500216,-89.89004497018576,-10.109955029814245,True,3,
0.025642,-75,-22.097279485802662,2.974849216027243,0.018972188629439987,0.6635819665406205,3.394082970629346,-75.0,0.0,True,3,
0.025642,-50,-15.312727813558295,2.974849216027243,0.018965159617297986,0.4598416760828317,3.2652575431876145,-50.000000000000014,1.4210854715202004e-14,True,3,
0.025642,-25,-7.995978269155225,2.974849216027243,0.018974859314984566,0.24011946754219898,3.1265717787701375,-25.000000000000018,1.7763568394002505e-14,True,3,
0.025642,0,0.0,2.974849216027243,0.019010014539076033,0.0,2.974849216027243,0.0,0.0,True,1,
0.025642,25,8.91010934614583,2.974849216027243,0.01897255172926853,0.26757085123561053,2.8058017055440523,24.99999999999997,2.842170943040401e-14,True,3,
0.025642,50,19.144404429933104,2.974849216027243,0.018967423134921224,0.5749070399379311,2.6117291965386418,50.0,0.0,True,3,
0.025642,75,31.582988923829234,2.974849216027243,0.019002417321063548,0.9484381058206978,2.3746960802501125,75.0,0.0,True,3,
0.025642,100,49.07584283825229,2.974849216027243,0.019096703300631113,1.4737490341817507,2.0376624061167368,99.99999999999999,1.4210854715202004e-14,True,4,
0.025642,125,,2.974849216027243,0.019009913907022235,1.0,,,,False,1,No solution exists for discriminant 
0.025642,150,,2.974849216027243,0.019009913907022235,1.0,,,,False,1,No solution exists for discriminant 
0.025642,175,,2.974849216027243,0.019009913907022235,1.0,,,,False,1,No solution exists for discriminant 
0.025642,200,,2.974849216027243,0.019009913907022235,1.0,,,,False,1,No solution exists for discriminant 
0.025642,225,,2.974849216027243,0.019009913907022235,1.0,,,,False,1,No solution exists for discriminant 
0.025642,250,,2.974849216027243,0.019009913907022235,1.0,,,,False,1,No solution exists for discriminant 
0.025642,275,,2.974849216027243,0.019009913907022235,1.0,,,,False,1,No solution exists for discriminant 
0.025642,300,,2.974849216027243,0.019009913907022235,1.0,,,,False,1,No solution exists for discriminant 
0.025642,325,,2.974849216027243,0.019009913907022235,1.0,,,,False,1,No solution exists for discriminant 
0.025642,350,,2.974849216027243,0.019009913907022235,1.0,,,,False,1,No solution exists for discriminant 
0.025642,375,,2.974849216027243,0.019009913907022235,1.0,,,,False,1,No solution exists for discriminant 
0.025642,400,,2.974849216027243,0.019009913907022235,1.0,,,,False,1,No solution exists for discriminant 
0.025642,425,,2.974849216027243,0.019009913907022235,1.0,,,,False,1,No solution exists for discriminant 
0.025642,450,,2.974849216027243,0.019009913907022235,1.0,,,,False,1,No solution exists for discriminant 
0.025642,475,,2.974849216027243,0.019009913907022235,1.0,,,,False,1,No solution exists for discriminant 
0.025642,500,,2.974849216027243,0.019009913907022235,1.0,,,,False,1,No solution exists for discriminant 
0.025642,525,,2.974849216027243,0.019009913907022235,1.0,,,,False,1,No solution exists for discriminant 
0.025642,550,,2.974849216027243,0.019009913907022235,1.0,,,,False,1,No solution exists for discriminant 
0.025642,575,,2.974849216027243,0.019009913907022235,1.0,,,,False,1,No solution exists for discriminant 
0.025642,600,,2.974849216027243,0.019009913907022235,1.0,,,,False,1,No solution exists for discriminant 
0.025642,625,,2.974849216027243,0.019009913907022235,1.0,,,,False,1,No solution exists for discriminant 
0.025642,650,,2.974849216027243,0.019009913907022235,1.0,,,,False,1,No solution exists for discriminant 
0.025642,675,,2.974849216027243,0.019009913907022235,1.0,,,,False,1,No solution exists for discriminant 
0.025642,700,,2.974849216027243,0.019009913907022235,1.0,,,,False,1,No solution exists for discriminant 
0.025642,725,,2.974849216027243,0.019009913907022235,1.0,,,,False,1,No solution exists for discriminant 
0.025642,750,,2.974849216027243,0.019009913907022235,1.0,,,,False,1,No solution exists for discriminant 
0.025642,775,,2.974849216027243,0.019009913907022235,1.0,,,,False,1,No solution exists for discriminant 
0.025642,800,,2.974849216027243,0.019009913907022235,1.0,,,,False,1,No solution exists for discriminant 
0.025642,825,,2.974849216027243,0.019009913907022235,1.0,,,,False,1,No solution exists for discriminant 
0.025642,850,,2.974849216027243,0.019009913907022235,1.0,,,,False,1,No solution exists for discriminant 
0.025642,875,,2.974849216027243,0.019009913907022235,1.0,,,,False,1,No solution exists for discriminant 
0.025642,900,,2.974849216027243,0.019009913907022235,1.0,,,,False,1,No solution exists for discriminant 
0.025642,925,,2.974849216027243,0.019009913907022235,1.0,,,,False,1,No solution exists for discriminant 
0.025642,950,,2.974849216027243,0.019009913907022235,1.0,,,,False,1,No solution exists for discriminant 
0.025642,975,,2.974849216027243,0.019009913907022235,1.0,,,,False,1,No solution exists for discriminant 
0.025642,1000,,2.974849216027243,0.019009913907022235,1.0,,,,False,1,No solution exists for discriminant 
0.025642,1025,,2.974849216027243,0.019009913907022235,1.0,,,,False,1,No solution exists for discriminant 
0.025642,1050,,2.974849216027243,0.019009913907022235,1.0,,,,False,1,No solution exists for discriminant 
0.025642,1075,,2.974849216027243,0.019009913907022235,1.0,,,,False,1,No solution exists for discriminant 
0.025642,1100,,2.974849216027243,0.019009913907022235,1.0,,,,False,1,No solution exists for discriminant 
0.025642,1125,,2.974849216027243,0.019009913907022235,1.0,,,,False,1,No solution exists for discriminant 
0.025642,1150,,2.974849216027243,0.019009913907022235,1.0,,,,False,1,No solution exists for discriminant 
0.025642,1175,,2.974849216027243,0.019009913907022235,1.0,,,,False,1,No solution exists for discriminant 
0.025642,1200,,2.974849216027243,0.019009913907022235,1.0,,,,False,1,No solution exists for discriminant 
0.025642,1225,,2.974849216027243,0.019009913907022235,1.0,,,,False,1,No solution exists for discriminant 
0.025642,1250,,2.974849216027243,0.019009913907022235,1.0,,,,False,1,No solution exists for discriminant 
0.025642,1275,,2.974849216027243,0.019009913907022235,1.0,,,,False,1,No solution exists for discriminant 
0.025642,1300,,2.974849216027243,0.019009913907022235,1.0,,,,False,1,No solution exists for discriminant 
0.025642,1325,,2.974849216027243,0.019009913907022235,1.0,,,,False,1,No solution exists for discriminant 
0.025642,1350,,2.974849216027243,0.019009913907022235,1.0,,,,False,1,No solution exists for discriminant 
0.025642,1375,,2.974849216027243,0.019009913907022235,1.0,,,,False,1,No solution exists for discriminant 
0.025642,1400,,2.974849216027243,0.019009913907022235,1.0,,,,False,1,No solution exists for discriminant 
0.025642,1425,,2.974849216027243,0.019009913907022235,1.0,,,,False,1,No solution exists for discriminant 
0.025642,1450,,2.974849216027243,0.019009913907022235,1.0,,,,False,1,No solution exists for discriminant 
0.025642,1475,,2.974849216027243,0.019009913907022235,1.0,,,,False,1,No solution exists for discriminant 
0.025642,1500,,2.974849216027243,0.019009913907022235,1.0,,,,False,1,No solution exists for discriminant 
0.025642,1525,,2.974849216027243,0.019009913907022235,1.0,,,,False,1,No solution exists for discriminant 
0.051283,-100,-25.925925925925927,3.011868623601111,0.015429393668039288,0.8684079585776449,3.411889940920648,-88.4564058757205,-11.543594124279494,True,3,
0.051283,-75,-22.344283648944877,3.011868623601111,0.015426521238346706,0.6709995089773237,3.3565631898672024,-74.99999999999999,-1.4210854715202004e-14,True,3,
0.051283,-50,-15.388260847700224,3.011868623601111,0.01542483956493039,0.4621099353663731,3.2492300783601866,-49.99999999999999,-7.105427357601002e-15,True,3,
0.051283,-25,-7.974771624999364,3.011868623601111,0.015425819341804998,0.2394826313813623,3.134886009980504,-24.999999999999993,-7.105427357601002e-15,True,3,
0.051283,0,0.0,3.011868623601111,0.015431584630436557,0.0,3.011868623601111,0.0,0.0,True,1,
0.051283,25,8.686989657176982,3.011868623601111,0.01542556493301548,0.2608705602755851,2.8778669005718935,25.000000000000018,-1.7763568394002505e-14,True,3,
0.051283,50,18.319855313628107,3.011868623601111,0.015425308865049657,0.5501458052140573,2.7292791970253765,49.99999999999999,7.105427357601002e-15,True,3,
0.051283,75,29.29923510535237,3.011868623601111,0.015429578093623976,0.8798569100706418,2.5597937874596273,75.00000000000001,-1.4210854715202004e-14,True,3,
0.051283,100,42.42670393361735,3.011868623601111,0.015435149617633563,1.2740751932017222,2.3570061006026846,100.0,0.0,True,3,
0.051283,125,59.86214315108359,3.011868623601111,0.015431080849968429,1.7976619564889968,2.088131052784356,125.00000000000001,-1.4210854715202004e-14,True,3,
0.051283,150,,3.011868623601111,0.015431525011386244,1.0,,,,False,1,No solution exists for discriminant 
0.051283,175,,3.011868623601111,0.015431525011386244,1.0,,,,False,1,No solution exists for discriminant 
0.051283,200,,3.011868623601111,0.015431525011386244,1.0,,,,False,1,No solution exists for discriminant 
0.051283,225,,3.011868623601111,0.015431525011386244,1.0,,,,False,1,No solution exists for discriminant 
0.051283,250,,3.011868623601111,0.015431525011386244,1.0,,,,False,1,No solution exists for discriminant 
0.051283,275,,3.011868623601111,0.015431525011386244,1.0,,,,False,1,No solution exists for discriminant 
0.051283,300,,3.011868623601111,0.015431525011386244,1.0,,,,False,1,No solution exists for discriminant 
0.051283,325,,3.011868623601111,0.015431525011386244,1.0,,,,False,1,No solution exists for discriminant 
0.051283,350,,3.011868623601111,0.015431525011386244,1.0,,,,False,1,No solution exists for discriminant 
0.051283,375,,3.011868623601111,0.015431525011386244,1.0,,,,False,1,No solution exists for discriminant 
0.051283,400,,3.011868623601111,0.015431525011386244,1.0,,,,False,1,No solution exists for discriminant 
0.051283,425,,3.011868623601111,0.015431525011386244,1.0,,,,False,1,No solution exists for discriminant 
0.051283,450,,3.011868623601111,0.015431525011386244,1.0,,,,False,1,No solution exists for discriminant 
0.051283,475,,3.011868623601111,0.015431525011386244,1.0,,,,False,1,No solution exists for discriminant 
0.051283,500,,3.011868623601111,0.015431525011386244,1.0,,,,False,1,No solution exists for discriminant 
0.051283,525,,3.011868623601111,0.015431525011386244,1.0,,,,False,1,No solution exists for discriminant 
0.051283,550,,3.011868623601111,0.015431525011386244,1.0,,,,False,1,No solution exists for discriminant 
0.051283,575,,3.011868623601111,0.015431525011386244,1.0,,,,False,1,No solution exists for discriminant 
0.051283,600,,3.011868623601111,0.015431525011386244,1.0,,,,False,1,No solution exists for discriminant 
0.051283,625,,3.011868623601111,0.015431525011386244,1.0,,,,False,1,No solution exists for discriminant 
0.051283,650,,3.011868623601111,0.015431525011386244,1.0,,,,False,1,No solution exists for discriminant 
0.051283,675,,3.011868623601111,0.015431525011386244,1.0,,,,False,1,No solution exists for discriminant 
0.051283,700,,3.011868623601111,0.015431525011386244,1.0,,,,False,1,No solution exists for discriminant 
0.051283,725,,3.011868623601111,0.015431525011386244,1.0,,,,False,1,No solution exists for discriminant 
0.051283,750,,3.011868623601111,0.015431525011386244,1.0,,,,False,1,No solution exists for discriminant 
0.051283,775,,3.011868623601111,0.015431525011386244,1.0,,,,False,1,No solution exists for discriminant 
0.051283,800,,3.011868623601111,0.015431525011386244,1.0,,,,False,1,No solution exists for discriminant 
0.051283,825,,3.011868623601111,0.015431525011386244,1.0,,,,False,1,No solution exists for discriminant 
0.051283,850,,3.011868623601111,0.015431525011386244,1.0,,,,False,1,No solution exists for discriminant 
0.051283,875,,3.011868623601111,0.015431525011386244,1.0,,,,False,1,No solution exists for discriminant 
0.051283,900,,3.011868623601111,0.015431525011386244,1.0,,,,False,1,No solution exists for discriminant 
0.051283,925,,3.011868623601111,0.015431525011386244,1.0,,,,False,1,No solution exists for discriminant 
0.051283,950,,3.011868623601111,0.015431525011386244,1.0,,,,False,1,No solution exists for discriminant 
0.051283,975,,3.011868623601111,0.015431525011386244,1.0,,,,False,1,No solution exists for discriminant 
0.051283,1000,,3.011868623601111,0.015431525011386244,1.0,,,,False,1,No solution exists for discriminant 
0.051283,1025,,3.011868623601111,0.015431525011386244,1.0,,,,False,1,No solution exists for discriminant 
0.051283,1050,,3.011868623601111,0.015431525011386244,1.0,,,,False,1,No solution exists for discriminant 
0.051283,1075,,3.011868623601111,0.015431525011386244,1.0,,,,False,1,No solution exists for discriminant 
0.051283,1100,,3.011868623601111,0.015431525011386244,1.0,,,,False,1,No solution exists for discriminant 
0.051283,1125,,3.011868623601111,0.015431525011386244,1.0,,,,False,1,No solution exists for discriminant 
0.051283,1150,,3.011868623601111,0.015431525011386244,1.0,,,,False,1,No solution exists for discriminant 
0.051283,1175,,3.011868623601111,0.015431525011386244,1.0,,,,False,1,No solution exists for discriminant 
0.051283,1200,,3.011868623601111,0.015431525011386244,1.0,,,,False,1,No solution exists for discriminant 
0.051283,1225,,3.011868623601111,0.015431525011386244,1.0,,,,False,1,No solution exists for discriminant 
0.051283,1250,,3.011868623601111,0.015431525011386244,1.0,,,,False,1,No solution exists for discriminant 
0.051283,1275,,3.011868623601111,0.015431525011386244,1.0,,,,False,1,No solution exists for discriminant 
0.051283,1300,,3.011868623601111,0.015431525011386244,1.0,,,,False,1,No solution exists for discriminant 
0.051283,1325,,3.011868623601111,0.015431525011386244,1.0,,,,False,1,No solution exists for discriminant 
0.051283,1350,,3.011868623601111,0.015431525011386244,1.0,,,,False,1,No solution exists for discriminant 
0.051283,1375,,3.011868623601111,0.015431525011386244,1.0,,,,False,1,No solution exists for discriminant 
0.051283,1400,,3.011868623601111,0.015431525011386244,1.0,,,,False,1,No solution exists for discriminant 
0.051283,1425,,3.011868623601111,0.015431525011386244,1.0,,,,False,1,No solution exists for discriminant 
0.051283,1450,,3.011868623601111,0.015431525011386244,1.0,,,,False,1,No solution exists for discriminant 
0.051283,1475,,3.011868623601111,0.015431525011386244,1.0,,,,False,1,No solution exists for discriminant 
0.051283,1500,,3.011868623601111,0.015431525011386244,1.0,,,,False,1,No solution exists for discriminant 
0.051283,1525,,3.011868623601111,0.015431525011386244,1.0,,,,False,1,No solution exists for discriminant 
0.076924,-100,-25.925925925925927,3.0487733651567153,0.011900480836891863,0.8835218379662897,3.3573043498168746,-87.0412238841412,-12.958776115858797,True,3,
0.076924,-75,-22.603387298277593,3.0487733651567153,0.011914735863884219,0.6787803993476755,3.318086754444768,-74.99999999999999,-1.4210854715202004e-14,True,3,
0.076924,-50,-15.465014911093961,3.0487733651567153,0.011919195321865155,0.4644148621950139,3.2331038985376015,-50.00000000000002,2.1316282072803006e-14,True,3,
0.076924,-25,-7.952908704259049,3.0487733651567153,0.011911439913674743,0.2388260872149865,3.143503959326438,-25.00000000000001,1.0658141036401503e-14,True,3,
0.076924,0,0.0,3.0487733651567153,0.011888274334012726,0.0,3.0487733651567153,0.0,0.0,True,1,
0.076924,25,8.481063990878447,3.0487733651567153,0.011912421945108395,0.2546866063326861,2.947743352353906,25.00000000000003,-2.842170943040401e-14,True,3,
0.076924,50,17.612790297869136,3.0487733651567153,0.011919027085688197,0.5289126215576317,2.838846040541867,50.00000000000001,-7.105427357601002e-15,True,3,
0.076924,75,27.567734781505912,3.0487733651567153,0.01190528109667531,0.827859903348526,2.7205717333842943,75.00000000000004,-4.263256414560601e-14,True,3,
0.076924,100,38.599491761498435,3.0487733651567153,0.011867142747010754,1.159143896741695,2.5907076864609477,100.00000000000003,-2.842170943040401e-14,True,4,
0.076924,125,51.10865579257186,3.0487733651567153,0.011798465249231768,1.5347944682454013,2.445769665853108,124.99999999999999,1.4210854715202004e-14,True,4,
0.076924,150,65.80000711229006,3.0487733651567153,0.01168903145998347,1.9759761895582602,2.2796350119540207,150.0,0.0,True,5,
0.076924,175,84.16243844880559,3.0487733651567153,0.011518927034108395,2.527400554018186,2.079312377652285,175.00000000000003,-2.842170943040401e-14,True,7,
0.076924,200,,3.0487733651567153,0.011888290421594267,1.0,,,,False,1,No solution exists for discriminant 
0.076924,225,,3.0487733651567153,0.011888290421594267,1.0,,,,False,1,No solution exists for discriminant 
0.076924,250,,3.0487733651567153,0.011888290421594267,1.0,,,,False,1,No solution exists for discriminant 
0.076924,275,,3.0487733651567153,0.011888290421594267,1.0,,,,False,1,No solution exists for discriminant 
0.076924,300,,3.0487733651567153,0.011888290421594267,1.0,,,,False,1,No solution exists for discriminant 
0.076924,325,,3.0487733651567153,0.011888290421594267,1.0,,,,False,1,No solution exists for discriminant 
0.076924,350,,3.0487733651567153,0.011888290421594267,1.0,,,,False,1,No solution exists for discriminant 
0.076924,375,,3.0487733651567153,0.011888290421594267,1.0,,,,False,1,No solution exists for discriminant 
0.076924,400,,3.0487733651567153,0.011888290421594267,1.0,,,,False,1,No solution exists for discriminant 
0.076924,425,,3.0487733651567153,0.011888290421594267,1.0,,,,False,1,No solution exists for discriminant 
0.076924,450,,3.0487733651567153,0.011888290421594267,1.0,,,,False,1,No solution exists for discriminant 
0.076924,475,,3.0487733651567153,0.011888290421594267,1.0,,,,False,1,No solution exists for discriminant 
0.076924,500,,3.0487733651567153,0.011888290421594267,1.0,,,,False,1,No solution exists for discriminant 
0.076924,525,,3.0487733651567153,0.011888290421594267,1.0,,,,False,1,No solution exists for discriminant 
0.076924,550,,3.0487733651567153,0.011888290421594267,1.0,,,,False,1,No solution exists for discriminant 
0.076924,575,,3.0487733651567153,0.011888290421594267,1.0,,,,False,1,No solution exists for discriminant 
0.076924,600,,3.0487733651567153,0.011888290421594267,1.0,,,,False,1,No solution exists for discriminant 
0.076924,625,,3.0487733651567153,0.011888290421594267,1.0,,,,False,1,No solution exists for discriminant 
0.076924,650,,3.0487733651567153,0.011888290421594267,1.0,,,,False,1,No solution exists for discriminant 
0.076924,675,,3.0487733651567153,0.011888290421594267,1.0,,,,False,1,No solution exists for discriminant 
0.076924,700,,3.0487733651567153,0.011888290421594267,1.0,,,,False,1,No solution exists for discriminant 
0.076924,725,,3.0487733651567153,0.011888290421594267,1.0,,,,False,1,No solution exists for discriminant 
0.076924,750,,3.0487733651567153,0.011888290421594267,1.0,,,,False,1,No solution exists for discriminant 
0.076924,775,,3.0487733651567153,0.011888290421594267,1.0,,,,False,1,No solution exists for discriminant 
0.076924,800,,3.0487733651567153,0.011888290421594267,1.0,,,,False,1,No solution exists for discriminant 
0.076924,825,,3.0487733651567153,0.011888290421594267,1.0,,,,False,1,No solution exists for discriminant 
0.076924,850,,3.0487733651567153,0.011888290421594267,1.0,,,,False,1,No solution exists for discriminant 
0.076924,875,,3.0487733651567153,0.011888290421594267,1.0,,,,False,1,No solution exists for discriminant 
0.076924,900,,3.0487733651567153,0.011888290421594267,1.0,,,,False,1,No solution exists for discriminant 
0.076924,925,,3.0487733651567153,0.011888290421594267,1.0,,,,False,1,No solution exists for discriminant 
0.076924,950,,3.0487733651567153,0.011888290421594267,1.0,,,,False,1,No solution exists for discriminant 
0.076924,975,,3.0487733651567153,0.011888290421594267,1.0,,,,False,1,No solution exists for discriminant 
0.076924,1000,,3.0487733651567153,0.011888290421594267,1.0,,,,False,1,No solution exists for discriminant 
0.076924,1025,,3.0487733651567153,0.011888290421594267,1.0,,,,False,1,No solution exists for discriminant 
0.076924,1050,,3.0487733651567153,0.011888290421594267,1.0,,,,False,1,No solution exists for discriminant 
0.076924,1075,,3.0487733651567153,0.011888290421594267,1.0,,,,False,1,No solution exists for discriminant 
0.076924,1100,,3.0487733651567153,0.011888290421594267,1.0,,,,False,1,No solution exists for discriminant 
0.076924,1125,,3.0487733651567153,0.011888290421594267,1.0,,,,False,1,No solution exists for discriminant 
0.076924,1150,,3.0487733651567153,0.011888290421594267,1.0,,,,False,1,No solution exists for discriminant 
0.076924,1175,,3.0487733651567153,0.011888290421594267,1.0,,,,False,1,No solution exists for discriminant 
0.076924,1200,,3.0487733651567153,0.011888290421594267,1.0,,,,False,1,No solution exists for discriminant 
0.076924,1225,,3.0487733651567153,0.011888290421594267,1.0,,,,False,1,No solution exists for discriminant 
0.076924,1250,,3.0487733651567153,0.011888290421594267,1.0,,,,False,1,No solution exists for discriminant 
0.076924,1275,,3.0487733651567153,0.011888290421594267,1.0,,,,False,1,No solution exists for discriminant 
0.076924,1300,,3.0487733651567153,0.011888290421594267,1.0,,,,False,1,No solution exists for discriminant 
0.076924,1325,,3.0487733651567153,0.011888290421594267,1.0,,,,False,1,No solution exists for discriminant 
0.076924,1350,,3.0487733651567153,0.011888290421594267,1.0,,,,False,1,No solution exists for discriminant 
0.076924,1375,,3.0487733651567153,0.011888290421594267,1.0,,,,False,1,No solution exists for discriminant 
0.076924,1400,,3.0487733651567153,0.011888290421594267,1.0,,,,False,1,No solution exists for discriminant 
0.076924,1425,,3.0487733651567153,0.011888290421594267,1.0,,,,False,1,No solution exists for discriminant 
0.076924,1450,,3.0487733651567153,0.011888290421594267,1.0,,,,False,1,No solution exists for discriminant 
0.076924,1475,,3.0487733651567153,0.011888290421594267,1.0,,,,False,1,No solution exists for discriminant 
0.076924,1500,,3.0487733651567153,0.011888290421594267,1.0,,,,False,1,No solution exists for discriminant 
0.076924,1525,,3.0487733651567153,0.011888290421594267,1.0,,,,False,1,No solution exists for discriminant 
0.102565,-100,-25.925925925925927,3.0832795205103336,0.009102113464678804,0.8951866720577503,3.319260239964969,-86.0548951102029,-13.945104889797094,True,3,
0.102565,-75,-22.78708309377482,3.0832795205103336,0.009130559095959936,0.6842967896028476,3.291338329322594,-74.99999999999996,-4.263256414560601e-14,True,3,
0.102565,-50,-15.503943938756038,3.0832795205103336,0.009140018923632174,0.4655839020647459,3.224985861501496,-50.00000000000004,4.263256414560601e-14,True,3,
0.102565,-25,-7.922479845869508,3.0832795205103336,0.009125689015596995,0.23791230768376903,3.1555776078160735,-24.999999999999957,-4.263256414560601e-14,True,3,
0.102565,0,0.0,3.0832795205103336,0.009081525890470413,0.0,3.0832795205103336,0.0,0.0,True,1,
0.102565,25,8.312806371878445,3.0832795205103336,0.009127070144415076,0.24963382498133468,3.0074079536572587,24.999999999999975,2.4868995751603507e-14,True,3,
0.102565,50,17.081411669837287,3.0832795205103336,0.009139817372249417,0.5129553054005191,2.927158537387811,50.0,0.0,True,3,
0.102565,75,26.38326664241778,3.0832795205103336,0.009118226751826415,0.7922902895620956,2.8427109128108703,75.00000000000003,-2.842170943040401e-14,True,3,
0.102565,100,36.30668694827537,3.0832795205103336,0.009060754178570388,1.0902908993476088,2.7543135550337006,99.99999999999999,1.4210854715202004e-14,True,4,
0.102565,125,46.951898579312775,3.0832795205103336,0.008966205337867107,1.409966924303687,2.6622991568455046,125.00000000000004,-4.263256414560601e-14,True,4,
0.102565,150,58.432411390124464,3.0832795205103336,0.008834327622782424,1.7547270687725065,2.5670684545007707,150.00000000000003,-2.842170943040401e-14,True,5,
0.102565,175,70.87920387179,3.0832795205103336,0.008666719289197886,2.1285046207744744,2.4689893571117016,175.00000000000003,-2.842170943040401e-14,True,6,
0.102565,200,84.45599387221704,3.0832795205103336,0.008468106509052888,2.53621603219871,2.368097169072482,200.00000000000003,-2.842170943040401e-14,True,7,
0.102565,225,99.41052381881212,3.0832795205103336,0.008247996568595857,2.9853010155799438,2.2633418611704545,225.00000000000003,-2.842170943040401e-14,True,8,
0.102565,250,116.24508024512802,3.0832795205103336,0.008023142730130441,3.4908432506044456,2.150628650028205,250.00000000000003,-2.842170943040401e-14,True,9,
0.102565,275,,3.0832795205103336,0.009081579972200686,1.0,,,,False,1,No solution exists for discriminant 
0.102565,300,,3.0832795205103336,0.009081579972200686,1.0,,,,False,1,No solution exists for discriminant 
0.102565,325,,3.0832795205103336,0.009081579972200686,1.0,,,,False,1,No solution exists for discriminant 
0.102565,350,,3.0832795205103336,0.009081579972200686,1.0,,,,False,1,No solution exists for discriminant 
0.102565,375,,3.0832795205103336,0.009081579972200686,1.0,,,,False,1,No solution exists for discriminant 
0.102565,400,,3.0832795205103336,0.009081579972200686,1.0,,,,False,1,No solution exists for discriminant 
0.102565,425,,3.0832795205103336,0.009081579972200686,1.0,,,,False,1,No solution exists for discriminant 
0.102565,450,,3.0832795205103336,0.009081579972200686,1.0,,,,False,1,No solution exists for discriminant 
0.102565,475,,3.0832795205103336,0.009081579972200686,1.0,,,,False,1,No solution exists for discriminant 
0.102565,500,,3.0832795205103336,0.009081579972200686,1.0,,,,False,1,No solution exists for discriminant 
0.102565,525,,3.0832795205103336,0.009081579972200686,1.0,,,,False,1,No solution exists for discriminant 
0.102565,550,,3.0832795205103336,0.009081579972200686,1.0,,,,False,1,No solution exists for discriminant 
0.102565,575,,3.0832795205103336,0.009081579972200686,1.0,,,,False,1,No solution exists for discriminant 
0.102565,600,,3.0832795205103336,0.009081579972200686,1.0,,,,False,1,No solution exists for discriminant 
0.102565,625,,3.0832795205103336,0.009081579972200686,1.0,,,,False,1,No solution exists for discriminant 
0.102565,650,,3.0832795205103336,0.009081579972200686,1.0,,,,False,1,No solution exists for discriminant 
0.102565,675,,3.0832795205103336,0.009081579972200686,1.0,,,,False,1,No solution exists for discriminant 
0.102565,700,,3.0832795205103336,0.009081579972200686,1.0,,,,False,1,No solution exists for discriminant 
0.102565,725,,3.0832795205103336,0.009081579972200686,1.0,,,,False,1,No solution exists for discriminant 
0.102565,750,,3.0832795205103336,0.009081579972200686,1.0,,,,False,1,No solution exists for discriminant 
0.102565,775,,3.0832795205103336,0.009081579972200686,1.0,,,,False,1,No solution exists for discriminant 
0.102565,800,,3.0832795205103336,0.009081579972200686,1.0,,,,False,1,No solution exists for discriminant 
0.102565,825,,3.0832795205103336,0.009081579972200686,1.0,,,,False,1,No solution exists for discriminant 
0.102565,850,,3.0832795205103336,0.009081579972200686,1.0,,,,False,1,No solution exists for discriminant 
0.102565,875,,3.0832795205103336,0.009081579972200686,1.0,,,,False,1,No solution exists for discriminant 
0.102565,900,,3.0832795205103336,0.009081579972200686,1.0,,,,False,1,No solution exists for discriminant 
0.102565,925,,3.0832795205103336,0.009081579972200686,1.0,,,,False,1,No solution exists for discriminant 
0.102565,950,,3.0832795205103336,0.009081579972200686,1.0,,,,False,1,No solution exists for discriminant 
0.102565,975,,3.0832795205103336,0.009081579972200686,1.0,,,,False,1,No solution exists for discriminant 
0.102565,1000,,3.0832795205103336,0.009081579972200686,1.0,,,,False,1,No solution exists for discriminant 
0.102565,1025,,3.0832795205103336,0.009081579972200686,1.0,,,,False,1,No solution exists for discriminant 
0.102565,1050,,3.0832795205103336,0.009081579972200686,1.0,,,,False,1,No solution exists for discriminant 
0.102565,1075,,3.0832795205103336,0.009081579972200686,1.0,,,,False,1,No solution exists for discriminant 
0.102565,1100,,3.0832795205103336,0.009081579972200686,1.0,,,,False,1,No solution exists for discriminant 
0.102565,1125,,3.0832795205103336,0.009081579972200686,1.0,,,,False,1,No solution exists for discriminant 
0.102565,1150,,3.0832795205103336,0.009081579972200686,1.0,,,,False,1,No solution exists for discriminant 
0.102565,1175,,3.0832795205103336,0.009081579972200686,1.0,,,,False,1,No solution exists for discriminant 
0.102565,1200,,3.0832795205103336,0.009081579972200686,1.0,,,,False,1,No solution exists for discriminant 
0.102565,1225,,3.0832795205103336,0.009081579972200686,1.0,,,,False,1,No solution exists for discriminant 
0.102565,1250,,3.0832795205103336,0.009081579972200686,1.0,,,,False,1,No solution exists for discriminant 
0.102565,1275,,3.0832795205103336,0.009081579972200686,1.0,,,,False,1,No solution exists for discriminant 
0.102565,1300,,3.0832795205103336,0.009081579972200686,1.0,,,,False,1,No solution exists for discriminant 
0.102565,1325,,3.0832795205103336,0.009081579972200686,1.0,,,,False,1,No solution exists for discriminant 
0.102565,1350,,3.0832795205103336,0.009081579972200686,1.0,,,,False,1,No solution exists for discriminant 
0.102565,1375,,3.0832795205103336,0.009081579972200686,1.0,,,,False,1,No solution exists for discriminant 
0.102565,1400,,3.0832795205103336,0.009081579972200686,1.0,,,,False,1,No solution exists for discriminant 
0.102565,1425,,3.0832795205103336,0.009081579972200686,1.0,,,,False,1,No solution exists for discriminant 
0.102565,1450,,3.0832795205103336,0.009081579972200686,1.0,,,,False,1,No solution exists for discriminant 
0.102565,1475,,3.0832795205103336,0.009081579972200686,1.0,,,,False,1,No solution exists for discriminant 
0.102565,1500,,3.0832795205103336,0.009081579972200686,1.0,,,,False,1,No solution exists for discriminant 
0.102565,1525,,3.0832795205103336,0.009081579972200686,1.0,,,,False,1,No solution exists for discriminant 
0.12820600000000001,-100,-25.925925925925927,3.1143458807335795,0.007450343775674071,0.8997566844716258,3.3075029415843886,-85.75007626329896,-14.249923736701035,True,3,
0.12820600000000001,-75,-22.82942297021236,3.1143458807335795,0.007485439774593492,0.6855682573637346,3.2852341514658256,-75.00000000000003,2.842170943040401e-14,True,3,
0.12820600000000001,-50,-15.47803589404413,3.1143458807335795,0.007496955824079844,0.46480588270402795,3.2303840320747508,-49.99999999999999,-7.105427357601002e-15,True,3,
0.12820600000000001,-25,-7.878304160147136,3.1143458807335795,0.007479511370621963,0.23658571051492905,3.1732717462806184,-24.999999999999964,-3.552713678800501e-14,True,3,
0.12820600000000001,0,0.0,3.1143458807335795,0.007426560357450162,0.0,3.1143458807335795,0.0,0.0,True,1,
0.12820600000000001,25,8.188426808981472,3.1143458807335795,0.007480847227203895,0.2458987029724166,3.0530895107444485,24.999999999999968,3.197442310920451e-14,True,3,
0.12820600000000001,50,16.728365134803397,3.1143458807335795,0.007496885873185619,0.5023533073514534,2.9889352364729813,49.999999999999964,3.552713678800501e-14,True,3,
0.12820600000000001,75,25.6626160805853,3.1143458807335795,0.007474169329245737,0.7706491315491081,2.9225391427158605,75.00000000000001,-1.4210854715202004e-14,True,3,
0.12820600000000001,100,35.03015773276441,3.1143458807335795,0.007412548977852543,1.0519566886716039,2.8546831208375636,100.00000000000001,-1.4210854715202004e-14,True,3,
0.12820600000000001,125,44.862687917704434,3.1143458807335795,0.007312671640936585,1.3472278653965297,2.786279775061594,125.0,0.0,True,4,
0.12820600000000001,150,55.18073925409504,3.1143458807335795,0.0071765271866920215,1.657079256879731,2.7183398052948027,149.99999999999997,2.842170943040401e-14,True,5,
0.12820600000000001,175,65.99092455974773,3.1143458807335795,0.007008025438975496,1.9817094462386706,2.651879802677355,175.0,0.0,True,5,
0.12820600000000001,200,77.28714966962572,3.1143458807335795,0.006813468657604455,2.320935425514286,2.587752308824,200.00000000000003,-2.842170943040401e-14,True,6,
0.12820600000000001,225,89.05966837378746,3.1143458807335795,0.006601751146407171,2.6744645157293534,2.5263961129482855,225.0,0.0,True,7,
0.12820600000000001,250,101.31620270733984,3.1143458807335795,0.006384205686021809,3.0425286098300255,2.467522403323242,249.99999999999997,2.842170943040401e-14,True,8,
0.12820600000000001,275,114.1211506919762,3.1143458807335795,0.006174368599525566,3.427061582341628,2.4097198313593164,275.0,0.0,True,8,
0.12820600000000001,300,127.67042134015902,3.1143458807335795,0.005988431216727388,3.8339465867915625,2.3498003441274324,299.99999999999994,5.684341886080802e-14,True,9,
0.12820600000000001,325,142.4612885015458,3.1143458807335795,0.005847373641898613,4.278116771818192,2.281321497358727,325.0,0.0,True,7,
0.12820600000000001,350,,3.1143458807335795,0.007426578468718535,1.0,,,,False,1,No solution exists for discriminant 
0.12820600000000001,375,,3.1143458807335795,0.007426578468718535,1.0,,,,False,1,No solution exists for discriminant 
0.12820600000000001,400,,3.1143458807335795,0.007426578468718535,1.0,,,,False,1,No solution exists for discriminant 
0.12820600000000001,425,,3.1143458807335795,0.007426578468718535,1.0,,,,False,1,No solution exists for discriminant 
0.12820600000000001,450,,3.1143458807335795,0.007426578468718535,1.0,,,,False,1,No solution exists for discriminant 
0.12820600000000001,475,,3.1143458807335795,0.007426578468718535,1.0,,,,False,1,No solution exists for discriminant 
0.12820600000000001,500,,3.1143458807335795,0.007426578468718535,1.0,,,,False,1,No solution exists for discriminant 
0.12820600000000001,525,,3.1143458807335795,0.007426578468718535,1.0,,,,False,1,No solution exists for discriminant 
0.12820600000000001,550,,3.1143458807335795,0.007426578468718535,1.0,,,,False,1,No solution exists for discriminant 
0.12820600000000001,575,,3.1143458807335795,0.007426578468718535,1.0,,,,False,1,No solution exists for discriminant 
0.12820600000000001,600,,3.1143458807335795,0.007426578468718535,1.0,,,,False,1,No solution exists for discriminant 
0.12820600000000001,625,,3.1143458807335795,0.007426578468718535,1.0,,,,False,1,No solution exists for discriminant 
0.12820600000000001,650,,3.1143458807335795,0.007426578468718535,1.0,,,,False,1,No solution exists for discriminant 
0.12820600000000001,675,,3.1143458807335795,0.007426578468718535,1.0,,,,False,1,No solution exists for discriminant 
0.12820600000000001,700,,3.1143458807335795,0.007426578468718535,1.0,,,,False,1,No solution exists for discriminant 
0.12820600000000001,725,,3.1143458807335795,0.007426578468718535,1.0,,,,False,1,No solution exists for discriminant 
0.12820600000000001,750,,3.1143458807335795,0.007426578468718535,1.0,,,,False,1,No solution exists for discriminant 
0.12820600000000001,775,,3.1143458807335795,0.007426578468718535,1.0,,,,False,1,No solution exists for discriminant 
0.12820600000000001,800,,3.1143458807335795,0.007426578468718535,1.0,,,,False,1,No solution exists for discriminant 
0.12820600000000001,825,,3.1143458807335795,0.007426578468718535,1.0,,,,False,1,No solution exists for discriminant 
0.12820600000000001,850,,3.1143458807335795,0.007426578468718535,1.0,,,,False,1,No solution exists for discriminant 
0.12820600000000001,875,,3.1143458807335795,0.007426578468718535,1.0,,,,False,1,No solution exists for discriminant 
0.12820600000000001,900,,3.1143458807335795,0.007426578468718535,1.0,,,,False,1,No solution exists for discriminant 
0.12820600000000001,925,,3.1143458807335795,0.007426578468718535,1.0,,,,False,1,No solution exists for discriminant 
0.12820600000000001,950,,3.1143458807335795,0.007426578468718535,1.0,,,,False,1,No solution exists for discriminant 
0.12820600000000001,975,,3.1143458807335795,0.007426578468718535,1.0,,,,False,1,No solution exists for discriminant 
0.12820600000000001,1000,,3.1143458807335795,0.007426578468718535,1.0,,,,False,1,No solution exists for discriminant 
0.12820600000000001,1025,,3.1143458807335795,0.007426578468718535,1.0,,,,False,1,No solution exists for discriminant 
0.12820600000000001,1050,,3.1143458807335795,0.007426578468718535,1.0,,,,False,1,No solution exists for discriminant 
0.12820600000000001,1075,,3.1143458807335795,0.007426578468718535,1.0,,,,False,1,No solution exists for discriminant 
0.12820600000000001,1100,,3.1143458807335795,0.007426578468718535,1.0,,,,False,1,No solution exists for discriminant 
0.12820600000000001,1125,,3.1143458807335795,0.007426578468718535,1.0,,,,False,1,No solution exists for discriminant 
0.12820600000000001,1150,,3.1143458807335795,0.007426578468718535,1.0,,,,False,1,No solution exists for discriminant 
0.12820600000000001,1175,,3.1143458807335795,0.007426578468718535,1.0,,,,False,1,No solution exists for discriminant 
0.12820600000000001,1200,,3.1143458807335795,0.007426578468718535,1.0,,,,False,1,No solution exists for discriminant 
0.12820600000000001,1225,,3.1143458807335795,0.007426578468718535,1.0,,,,False,1,No solution exists for discriminant 
0.12820600000000001,1250,,3.1143458807335795,0.007426578468718535,1.0,,,,False,1,No solution exists for discriminant 
0.12820600000000001,1275,,3.1143458807335795,0.007426578468718535,1.0,,,,False,1,No solution exists for discriminant 
0.12820600000000001,1300,,3.1143458807335795,0.007426578468718535,1.0,,,,False,1,No solution exists for discriminant 
0.12820600000000001,1325,,3.1143458807335795,0.007426578468718535,1.0,,,,False,1,No solution exists for discriminant 
0.12820600000000001,1350,,3.1143458807335795,0.007426578468718535,1.0,,,,False,1,No solution exists for discriminant 
0.12820600000000001,1375,,3.1143458807335795,0.007426578468718535,1.0,,,,False,1,No solution exists for discriminant 
0.12820600000000001,1400,,3.1143458807335795,0.007426578468718535,1.0,,,,False,1,No solution exists for discriminant 
0.12820600000000001,1425,,3.1143458807335795,0.007426578468718535,1.0,,,,False,1,No solution exists for discriminant 
0.12820600000000001,1450,,3.1143458807335795,0.007426578468718535,1.0,,,,False,1,No solution exists for discriminant 
0.12820600000000001,1475,,3.1143458807335795,0.007426578468718535,1.0,,,,False,1,No solution exists for discriminant 
0.12820600000000001,1500,,3.1143458807335795,0.007426578468718535,1.0,,,,False,1,No solution exists for discriminant 
0.12820600000000001,1525,,3.1143458807335795,0.007426578468718535,1.0,,,,False,1,No solution exists for discriminant 
0.153847,-100,-25.925925925925927,3.1446198641045426,0.006513460431645078,0.8991958829804165,3.3134873567768226,-85.905227768288,-14.094772231712,True,3,
0.153847,-75,-22.770282485278507,3.1446198641045426,0.006550068716086277,0.6837922668251805,3.2937667790678127,-75.00000000000001,1.4210854715202004e-14,True,3,
0.153847,-50,-15.40498404295286,3.1446198641045426,0.006561704047155628,0.46261213342200785,3.2457028102455543,-50.000000000000014,1.4210854715202004e-14,True,3,
0.153847,-25,-7.822752827608885,3.1446198641045426,0.006543231385647851,0.23491750233059716,3.195805945928319,-25.000000000000043,4.263256414560601e-14,True,3,
0.153847,0,0.0,3.1446198641045426,0.006488533630686217,0.0,3.1446198641045426,0.0,0.0,True,1,
0.153847,25,8.086164702187034,3.1446198641045426,0.006544424753467853,0.24282776883444548,3.091700567666932,24.99999999999996,3.907985046680551e-14,True,3,
0.153847,50,16.46592241448503,3.1446198641045426,0.006561756386483711,0.49447214457913,3.03657449254195,50.0,0.0,True,3,
0.153847,75,25.167690618769043,3.1446198641045426,0.006540475385739992,0.7557865050681395,2.9800112030965646,75.00000000000006,-5.684341886080802e-14,True,3,
0.153847,100,34.212714548974034,3.1446198641045426,0.006480920994495099,1.0274088453145356,2.922889964105429,100.0,0.0,True,3,
0.153847,125,43.61185576451722,3.1446198641045426,0.006384198994498221,1.3096653382737906,2.8661930983845103,124.99999999999999,1.4210854715202004e-14,True,4,
0.153847,150,53.36243695477843,3.1446198641045426,0.006252596533829052,1.6024755842275806,2.8109660757644237,150.0,0.0,True,5,
0.153847,175,63.44638709460873,3.1446198641045426,0.006089954039365208,1.9052969097480101,2.758234282734602,175.0,0.0,True,5,
0.153847,200,73.83136458879898,3.1446198641045426,0.005901882261019221,2.217158095759729,2.708875843131067,200.00000000000003,-2.842170943040401e-14,True,6,
0.153847,225,84.476370700976,3.1446198641045426,0.005695713057394793,2.536827948978259,2.6634666964616707,225.00000000000003,-2.842170943040401e-14,True,7,
0.153847,250,95.34233474939634,3.1446198641045426,0.005480145056169285,2.863133175657548,2.6221300396840013,249.99999999999997,2.842170943040401e-14,True,7,
0.153847,275,106.40694682158943,3.1446198641045426,0.005264713916434466,3.195403808456139,2.5844177303676186,275.00000000000006,-5.684341886080802e-14,True,8,
0.153847,300,117.68299985839738,3.1446198641045426,0.005059342885838594,3.5340240197716932,2.5492212159868157,300.00000000000006,-5.684341886080802e-14,True,9,
0.153847,325,129.24245439402176,3.1446198641045426,0.004874298402426291,3.8811547866072607,2.5146535751261094,325.0,0.0,True,9,
0.153847,350,141.24995300397126,3.1446198641045426,0.00472030552437543,4.241740330449588,2.477876930622127,350.0,0.0,True,9,
0.153847,375,153.92596118658417,3.1446198641045426,0.004602106432238655,4.62240123683436,2.436236208039246,375.0,0.0,True,8,
0.153847,400,,3.1446198641045426,0.0064885128858797915,1.0,,,,False,1,No solution exists for discriminant 
0.153847,425,,3.1446198641045426,0.0064885128858797915,1.0,,,,False,1,No solution exists for discriminant 
0.153847,450,,3.1446198641045426,0.0064885128858797915,1.0,,,,False,1,No solution exists for discriminant 
0.153847,475,,3.1446198641045426,0.0064885128858797915,1.0,,,,False,1,No solution exists for discriminant 
0.153847,500,,3.1446198641045426,0.0064885128858797915,1.0,,,,False,1,No solution exists for discriminant 
0.153847,525,,3.1446198641045426,0.0064885128858797915,1.0,,,,False,1,No solution exists for discriminant 
0.153847,550,,3.1446198641045426,0.0064885128858797915,1.0,,,,False,1,No solution exists for discriminant 
0.153847,575,,3.1446198641045426,0.0064885128858797915,1.0,,,,False,1,No solution exists for discriminant 
0.153847,600,,3.1446198641045426,0.0064885128858797915,1.0,,,,False,1,No solution exists for discriminant 
0.153847,625,,3.1446198641045426,0.0064885128858797915,1.0,,,,False,1,No solution exists for discriminant 
0.153847,650,,3.1446198641045426,0.0064885128858797915,1.0,,,,False,1,No solution exists for discriminant 
0.153847,675,,3.1446198641045426,0.0064885128858797915,1.0,,,,False,1,No solution exists for discriminant 
0.153847,700,,3.1446198641045426,0.0064885128858797915,1.0,,,,False,1,No solution exists for discriminant 
0.153847,725,,3.1446198641045426,0.0064885128858797915,1.0,,,,False,1,No solution exists for discriminant 
0.153847,750,,3.1446198641045426,0.0064885128858797915,1.0,,,,False,1,No solution exists for discriminant 
0.153847,775,,3.1446198641045426,0.0064885128858797915,1.0,,,,False,1,No solution exists for discriminant 
0.153847,800,,3.1446198641045426,0.0064885128858797915,1.0,,,,False,1,No solution exists for discriminant 
0.153847,825,,3.1446198641045426,0.0064885128858797915,1.0,,,,False,1,No solution exists for discriminant 
0.153847,850,,3.1446198641045426,0.0064885128858797915,1.0,,,,False,1,No solution exists for discriminant 
0.153847,875,,3.1446198641045426,0.0064885128858797915,1.0,,,,False,1,No solution exists for discriminant 
0.153847,900,,3.1446198641045426,0.0064885128858797915,1.0,,,,False,1,No solution exists for discriminant 
0.153847,925,,3.1446198641045426,0.0064885128858797915,1.0,,,,False,1,No solution exists for discriminant 
0.153847,950,,3.1446198641045426,0.0064885128858797915,1.0,,,,False,1,No solution exists for discriminant 
0.153847,975,,3.1446198641045426,0.0064885128858797915,1.0,,,,False,1,No solution exists for discriminant 
0.153847,1000,,3.1446198641045426,0.0064885128858797915,1.0,,,,False,1,No solution exists for discriminant 
0.153847,1025,,3.1446198641045426,0.0064885128858797915,1.0,,,,False,1,No solution exists for discriminant 
0.153847,1050,,3.1446198641045426,0.0064885128858797915,1.0,,,,False,1,No solution exists for discriminant 
0.153847,1075,,3.1446198641045426,0.0064885128858797915,1.0,,,,False,1,No solution exists for discriminant 
0.153847,1100,,3.1446198641045426,0.0064885128858797915,1.0,,,,False,1,No solution exists for discriminant 
0.153847,1125,,3.1446198641045426,0.0064885128858797915,1.0,,,,False,1,No solution exists for discriminant 
0.153847,1150,,3.1446198641045426,0.0064885128858797915,1.0,,,,False,1,No solution exists for discriminant 
0.153847,1175,,3.1446198641045426,0.0064885128858797915,1.0,,,,False,1,No solution exists for discriminant 
0.153847,1200,,3.1446198641045426,0.0064885128858797915,1.0,,,,False,1,No solution exists for discriminant 
0.153847,1225,,3.1446198641045426,0.0064885128858797915,1.0,,,,False,1,No solution exists for discriminant 
0.153847,1250,,3.1446198641045426,0.0064885128858797915,1.0,,,,False,1,No solution exists for discriminant 
0.153847,1275,,3.1446198641045426,0.0064885128858797915,1.0,,,,False,1,No solution exists for discriminant 
0.153847,1300,,3.1446198641045426,0.0064885128858797915,1.0,,,,False,1,No solution exists for discriminant 
0.153847,1325,,3.1446198641045426,0.0064885128858797915,1.0,,,,False,1,No solution exists for discriminant 
0.153847,1350,,3.1446198641045426,0.0064885128858797915,1.0,,,,False,1,No solution exists for discriminant 
0.153847,1375,,3.1446198641045426,0.0064885128858797915,1.0,,,,False,1,No solution exists for discriminant 
0.153847,1400,,3.1446198641045426,0.0064885128858797915,1.0,,,,False,1,No solution exists for discriminant 
0.153847,1425,,3.1446198641045426,0.0064885128858797915,1.0,,,,False,1,No solution exists for discriminant 
0.153847,1450,,3.1446198641045426,0.0064885128858797915,1.0,,,,False,1,No solution exists for discriminant 
0.153847,1475,,3.1446198641045426,0.0064885128858797915,1.0,,,,False,1,No solution exists for discriminant 
0.153847,1500,,3.1446198641045426,0.0064885128858797915,1.0,,,,False,1,No solution exists for discriminant 
0.153847,1525,,3.1446198641045426,0.0064885128858797915,1.0,,,,False,1,No solution exists for discriminant 
0.179488,-100,-25.925925925925927,3.175850859729248,0.005841667533148016,0.8963605660132926,3.32730149947753,-86.2633722086767,-13.7366277913233,True,3,
0.179488,-75,-22.664910834033595,3.175850859729248,0.005878205415753783,0.6806279529739819,3.3090798613414405,-75.0,0.0,True,3,
0.179488,-50,-15.30918343989887,3.175850859729248,0.005889448932909303,0.45973523843540154,3.266013513803073,-49.99999999999993,-7.105427357601002e-14,True,3,
0.179488,-25,-7.760577193758889,3.175850859729248,0.0058705703383050865,0.23305036617894564,3.221409874011056,-24.999999999999897,-1.0302869668521453e-13,True,3,
0.179488,0,0.0,3.175850859729248,0.005815910842983839,0.0,3.175850859729248,0.0,0.0,True,1,
0.179488,25,7.989934085352958,3.175850859729248,0.005871626435438462,0.23993796052110988,3.1289369515362786,25.00000000000009,-8.881784197001252e-14,True,3,
0.179488,50,16.23245694962004,3.175850859729248,0.005889584806988374,0.48746116965825953,3.080248427898673,50.00000000000002,-2.1316282072803006e-14,True,3,
0.179488,75,24.74774417709263,3.175850859729248,0.005870094994548656,0.7431755008135926,3.030579250508926,75.00000000000003,-2.842170943040401e-14,True,3,
0.179488,100,33.54795222454705,3.175850859729248,0.0058138567987883055,1.007446012749161,2.9808078696031397,100.00000000000001,-1.4210854715202004e-14,True,3,
0.179488,125,42.6347110344139,3.175850859729248,0.005722273942102113,1.280321652685102,2.9318833637479678,125.00000000000001,-1.4210854715202004e-14,True,4,
0.179488,150,51.99696557198147,3.175850859729248,0.005597771564783219,1.5614704375970412,2.884783724395398,150.0,0.0,True,5,
0.179488,175,61.61012308047082,3.175850859729248,0.0054440494221837735,1.8501538462603853,2.8404423047723393,175.00000000000003,-2.842170943040401e-14,True,5,
0.179488,200,71.43757369098586,3.175850859729248,0.0052661881487418944,2.1452724832127887,2.7996471557829024,200.00000000000006,-5.684341886080802e-14,True,6,
0.179488,225,81.43528994853578,3.175850859729248,0.005070540418811487,2.4455042026587326,2.762929930527564,225.0,0.0,True,6,
0.179488,250,91.5593441421854,3.175850859729248,0.00486440053703622,2.749529854119682,2.730469536913317,250.0,0.0,True,7,
0.179488,275,101.77523613454842,3.175850859729248,0.004655536413148403,3.056313397433887,2.7020325419480806,275.0,0.0,True,8,
0.179488,300,112.06772599661117,3.175850859729248,0.004451756028492415,3.365397177075411,2.676952684924398,300.00000000000006,-5.684341886080802e-14,True,8,
0.179488,325,122.45064482055233,3.175850859729248,0.004260657739492535,3.677196541157728,2.65413057216871,325.00000000000006,-5.684341886080802e-14,True,9,
0.179488,350,132.97839170892422,3.175850859729248,0.0040897192964779675,3.993345096364091,2.632006565142655,350.00000000000017,-1.7053025658242404e-13,True,9,
0.179488,375,143.74886837597765,3.175850859729248,0.003945315728136383,4.316782834113443,2.6087161884236965,375.00000000000006,-5.684341886080802e-14,True,9,
0.179488,400,154.85549508547717,3.175850859729248,0.003828069155230502,4.650315167732048,2.583053315474584,399.99999999999994,5.684341886080802e-14,True,9,
0.179488,425,166.4103578183412,3.175850859729248,0.0037372871646018328,4.997308042592829,2.553927565397963,425.0,0.0,True,8,
0.179488,450,,3.175850859729248,0.005815901580852788,1.0,,,,False,1,No solution exists for discriminant 
0.179488,475,,3.175850859729248,0.005815901580852788,1.0,,,,False,1,No solution exists for discriminant 
0.179488,500,,3.175850859729248,0.005815901580852788,1.0,,,,False,1,No solution exists for discriminant 
0.179488,525,,3.175850859729248,0.005815901580852788,1.0,,,,False,1,No solution exists for discriminant 
0.179488,550,,3.175850859729248,0.005815901580852788,1.0,,,,False,1,No solution exists for discriminant 
0.179488,575,,3.175850859729248,0.005815901580852788,1.0,,,,False,1,No solution exists for discriminant 
0.179488,600,,3.175850859729248,0.005815901580852788,1.0,,,,False,1,No solution exists for discriminant 
0.179488,625,,3.175850859729248,0.005815901580852788,1.0,,,,False,1,No solution exists for discriminant 
0.179488,650,,3.175850859729248,0.005815901580852788,1.0,,,,False,1,No solution exists for discriminant 
0.179488,675,,3.175850859729248,0.005815901580852788,1.0,,,,False,1,No solution exists for discriminant 
0.179488,700,,3.175850859729248,0.005815901580852788,1.0,,,,False,1,No solution exists for discriminant 
0.179488,725,,3.175850859729248,0.005815901580852788,1.0,,,,False,1,No solution exists for discriminant 
0.179488,750,,3.175850859729248,0.005815901580852788,1.0,,,,False,1,No solution exists for discriminant 
0.179488,775,,3.175850859729248,0.005815901580852788,1.0,,,,False,1,No solution exists for discriminant 
0.179488,800,,3.175850859729248,0.005815901580852788,1.0,,,,False,1,No solution exists for discriminant 
0.179488,825,,3.175850859729248,0.005815901580852788,1.0,,,,False,1,No solution exists for discriminant 
0.179488,850,,3.175850859729248,0.005815901580852788,1.0,,,,False,1,No solution exists for discriminant 
0.179488,875,,3.175850859729248,0.005815901580852788,1.0,,,,False,1,No solution exists for discriminant 
0.179488,900,,3.175850859729248,0.005815901580852788,1.0,,,,False,1,No solution exists for discriminant 
0.179488,925,,3.175850859729248,0.005815901580852788,1.0,,,,False,1,No solution exists for discriminant 
0.179488,950,,3.175850859729248,0.005815901580852788,1.0,,,,False,1,No solution exists for discriminant 
0.179488,975,,3.175850859729248,0.005815901580852788,1.0,,,,False,1,No solution exists for discriminant 
0.179488,1000,,3.175850859729248,0.005815901580852788,1.0,,,,False,1,No solution exists for discriminant 
0.179488,1025,,3.175850859729248,0.005815901580852788,1.0,,,,False,1,No solution exists for discriminant 
0.179488,1050,,3.175850859729248,0.005815901580852788,1.0,,,,False,1,No solution exists for discriminant 
0.179488,1075,,3.175850859729248,0.005815901580852788,1.0,,,,False,1,No solution exists for discriminant 
0.179488,1100,,3.175850859729248,0.005815901580852788,1.0,,,,False,1,No solution exists for discriminant 
0.179488,1125,,3.175850859729248,0.005815901580852788,1.0,,,,False,1,No solution exists for discriminant 
0.179488,1150,,3.175850859729248,0.005815901580852788,1.0,,,,False,1,No solution exists for discriminant 
0.179488,1175,,3.175850859729248,0.005815901580852788,1.0,,,,False,1,No solution exists for discriminant 
0.179488,1200,,3.175850859729248,0.005815901580852788,1.0,,,,False,1,No solution exists for discriminant 
0.179488,1225,,3.175850859729248,0.005815901580852788,1.0,,,,False,1,No solution exists for discriminant 
0.179488,1250,,3.175850859729248,0.005815901580852788,1.0,,,,False,1,No solution exists for discriminant 
0.179488,1275,,3.175850859729248,0.005815901580852788,1.0,,,,False,1,No solution exists for discriminant 
0.179488,1300,,3.175850859729248,0.005815901580852788,1.0,,,,False,1,No solution exists for discriminant 
0.179488,1325,,3.175850859729248,0.005815901580852788,1.0,,,,False,1,No solution exists for discriminant 
0.179488,1350,,3.175850859729248,0.005815901580852788,1.0,,,,False,1,No solution exists for discriminant 
0.179488,1375,,3.175850859729248,0.005815901580852788,1.0,,,,False,1,No solution exists for discriminant 
0.179488,1400,,3.175850859729248,0.005815901580852788,1.0,,,,False,1,No solution exists for discriminant 
0.179488,1425,,3.175850859729248,0.005815901580852788,1.0,,,,False,1,No solution exists for discriminant 
0.179488,1450,,3.175850859729248,0.005815901580852788,1.0,,,,False,1,No solution exists for discriminant 
0.179488,1475,,3.175850859729248,0.005815901580852788,1.0,,,,False,1,No solution exists for discriminant 
0.179488,1500,,3.175850859729248,0.005815901580852788,1.0,,,,False,1,No solution exists for discriminant 
0.179488,1525,,3.175850859729248,0.005815901580852788,1.0,,,,False,1,No solution exists for discriminant 
0.205129,-100,-25.925925925925927,3.2057298051649563,0.0053448093695480465,0.8925330235589196,3.344298936968054,-86.7040465139866,-13.295953486013403,True,3,
0.205129,-75,-22.54267484790334,3.2057298051649563,0.005380608009480794,0.6769572026397399,3.3270231020067063,-74.99999999999991,-8.526512829121202e-14,True,3,
0.205129,-50,-15.208102120055464,3.2057298051649563,0.005391298039909884,0.456699763365029,3.2877212163155605,-50.00000000000001,7.105427357601002e-15,True,3,
0.205129,-25,-7.699195886126449,3.2057298051649563,0.005372319040206717,0.23120708366746096,3.2470923418182744,-24.999999999999957,-4.263256414560601e-14,True,3,
0.205129,0,0.0,3.2057298051649563,0.0053183927438273755,0.0,3.2057298051649563,0.0,0.0,True,1,
0.205129,25,7.9032298268456564,3.2057298051649563,0.005373259937316439,0.23733422903440413,3.1632636969609624,24.99999999999994,6.039613253960852e-14,True,3,
0.205129,50,16.02919294939296,3.2057298051649563,0.005391485967842305,0.48135714562741627,3.1193086363024674,50.00000000000008,-7.815970093361102e-14,True,3,
0.205129,75,24.39302316088656,3.2057298051649563,0.005373674242276344,0.7325232180446415,3.07464964491405,75.00000000000006,-5.684341886080802e-14,True,3,
0.205129,100,33.00184824672979,3.2057298051649563,0.005320807600542059,0.9910464938957897,3.030133320181821,99.99999999999994,5.684341886080802e-14,True,3,
0.205129,125,41.85290872288137,3.2057298051649563,0.005234512224551777,1.2568441057922333,2.986650242821984,124.99999999999996,4.263256414560601e-14,True,4,
0.205129,150,50.93215401081768,3.2057298051649563,0.005117306361783546,1.5294941144389695,2.9450943694260596,150.00000000000006,-5.684341886080802e-14,True,5,
0.205129,175,60.214046558726785,3.2057298051649563,0.004972779761925909,1.8082296263881918,2.906298613054055,174.99999999999997,2.842170943040401e-14,True,5,
0.205129,200,69.66328048064354,3.2057298051649563,0.004805643109326218,2.0919904048241302,2.870952941350092,200.0,0.0,True,6,
0.205129,225,79.23875938433176,3.2057298051649563,0.0046216061261822065,2.3795423238538067,2.8395194693632506,225.0,0.0,True,6,
0.205129,250,88.8995216880751,3.2057298051649563,0.004427090111004346,2.6696553059482016,2.8121636118266626,250.0,0.0,True,7,
0.205129,275,98.61167538807335,3.2057298051649563,0.004228843763956377,2.9613115732154163,2.788716436646812,275.00000000000006,-5.684341886080802e-14,True,7,
0.205129,300,108.35525794890775,3.2057298051649563,0.004033577794796135,3.25391165011735,2.7686704427528346,300.0,0.0,True,8,
0.205129,325,118.1304542721435,3.2057298051649563,0.003847729949213906,3.5474610892535585,2.7511957183477858,325.00000000000006,-5.684341886080802e-14,True,8,
0.205129,350,127.96365892552942,3.2057298051649563,0.0036774366998954594,3.8427525202861688,2.7351515495793093,350.0,0.0,True,9,
0.205129,375,137.91433059169032,3.2057298051649563,0.0035286435705865755,4.14157148923995,2.719079289230837,374.99999999999994,5.684341886080802e-14,True,9,
0.205129,400,148.05193959760092,3.2057298051649563,0.0034040436504178405,4.4460041921201485,2.7017545402456973,400.0,0.0,True,9,
0.205129,425,158.43728500561787,3.2057298051649563,0.0033027604946875596,4.757876426595131,2.6824493993628478,425.0,0.0,True,8,
0.205129,450,169.14715024226948,3.2057298051649563,0.0032239642021254012,5.079494001269354,2.6604054478923524,449.99999999999994,5.684341886080802e-14,True,8,
0.205129,475,180.2823602363651,3.2057298051649563,0.0031671094866707705,5.413884691782736,2.634755831780967,475.00000000000006,-5.684341886080802e-14,True,7,
0.205129,500,,3.2057298051649563,0.005318401708552506,1.0,,,,False,1,No solution exists for discriminant 
0.205129,525,,3.2057298051649563,0.005318401708552506,1.0,,,,False,1,No solution exists for discriminant 
0.205129,550,,3.2057298051649563,0.005318401708552506,1.0,,,,False,1,No solution exists for discriminant 
0.205129,575,,3.2057298051649563,0.005318401708552506,1.0,,,,False,1,No solution exists for discriminant 
0.205129,600,,3.2057298051649563,0.005318401708552506,1.0,,,,False,1,No solution exists for discriminant 
0.205129,625,,3.2057298051649563,0.005318401708552506,1.0,,,,False,1,No solution exists for discriminant 
0.205129,650,,3.2057298051649563,0.005318401708552506,1.0,,,,False,1,No solution exists for discriminant 
0.205129,675,,3.2057298051649563,0.005318401708552506,1.0,,,,False,1,No solution exists for discriminant 
0.205129,700,,3.2057298051649563,0.005318401708552506,1.0,,,,False,1,No solution exists for discriminant 
0.205129,725,,3.2057298051649563,0.005318401708552506,1.0,,,,False,1,No solution exists for discriminant 
0.205129,750,,3.2057298051649563,0.005318401708552506,1.0,,,,False,1,No solution exists for discriminant 
0.205129,775,,3.2057298051649563,0.005318401708552506,1.0,,,,False,1,No solution exists for discriminant 
0.205129,800,,3.2057298051649563,0.005318401708552506,1.0,,,,False,1,No solution exists for discriminant 
0.205129,825,,3.2057298051649563,0.005318401708552506,1.0,,,,False,1,No solution exists for discriminant 
0.205129,850,,3.2057298051649563,0.005318401708552506,1.0,,,,False,1,No solution exists for discriminant 
0.205129,875,,3.2057298051649563,0.005318401708552506,1.0,,,,False,1,No solution exists for discriminant 
0.205129,900,,3.2057298051649563,0.005318401708552506,1.0,,,,False,1,No solution exists for discriminant 
0.205129,925,,3.2057298051649563,0.005318401708552506,1.0,,,,False,1,No solution exists for discriminant 
0.205129,950,,3.2057298051649563,0.005318401708552506,1.0,,,,False,1,No solution exists for discriminant 
0.205129,975,,3.2057298051649563,0.005318401708552506,1.0,,,,False,1,No solution exists for discriminant 
0.205129,1000,,3.2057298051649563,0.005318401708552506,1.0,,,,False,1,No solution exists for discriminant 
0.205129,1025,,3.2057298051649563,0.005318401708552506,1.0,,,,False,1,No solution exists for discriminant 
0.205129,1050,,3.2057298051649563,0.005318401708552506,1.0,,,,False,1,No solution exists for discriminant 
0.205129,1075,,3.2057298051649563,0.005318401708552506,1.0,,,,False,1,No solution exists for discriminant 
0.205129,1100,,3.2057298051649563,0.005318401708552506,1.0,,,,False,1,No solution exists for discriminant 
0.205129,1125,,3.2057298051649563,0.005318401708552506,1.0,,,,False,1,No solution exists for discriminant 
0.205129,1150,,3.2057298051649563,0.005318401708552506,1.0,,,,False,1,No solution exists for discriminant 
0.205129,1175,,3.2057298051649563,0.005318401708552506,1.0,,,,False,1,No solution exists for discriminant 
0.205129,1200,,3.2057298051649563,0.005318401708552506,1.0,,,,False,1,No solution exists for discriminant 
0.205129,1225,,3.2057298051649563,0.005318401708552506,1.0,,,,False,1,No solution exists for discriminant 
0.205129,1250,,3.2057298051649563,0.005318401708552506,1.0,,,,False,1,No solution exists for discriminant 
0.205129,1275,,3.2057298051649563,0.005318401708552506,1.0,,,,False,1,No solution exists for discriminant 
0.205129,1300,,3.2057298051649563,0.005318401708552506,1.0,,,,False,1,No solution exists for discriminant 
0.205129,1325,,3.2057298051649563,0.005318401708552506,1.0,,,,False,1,No solution exists for discriminant 
0.205129,1350,,3.2057298051649563,0.005318401708552506,1.0,,,,False,1,No solution exists for discriminant 
0.205129,1375,,3.2057298051649563,0.005318401708552506,1.0,,,,False,1,No solution exists for discriminant 
0.205129,1400,,3.2057298051649563,0.005318401708552506,1.0,,,,False,1,No solution exists for discriminant 
0.205129,1425,,3.2057298051649563,0.005318401708552506,1.0,,,,False,1,No solution exists for discriminant 
0.205129,1450,,3.2057298051649563,0.005318401708552506,1.0,,,,False,1,No solution exists for discriminant 
0.205129,1475,,3.2057298051649563,0.005318401708552506,1.0,,,,False,1,No solution exists for discriminant 
0.205129,1500,,3.2057298051649563,0.005318401708552506,1.0,,,,False,1,No solution exists for discriminant 
0.205129,1525,,3.2057298051649563,0.005318401708552506,1.0,,,,False,1,No solution exists for discriminant 
0.23077,-100,-25.925925925925927,3.2322540710993275,0.0049981519946194946,0.8884300941030816,3.3618357894783513,-87.15870565314245,-12.841294346857552,True,3,
0.23077,-75,-22.42083601706114,3.2322540710993275,0.0050332052334280345,0.673298378890725,3.3451027402782314,-75.00000000000009,8.526512829121202e-14,True,3,
0.23077,-50,-15.112710654884534,3.2322540710993275,0.0050433870535102525,0.4538351548013374,3.3084733203596186,-50.00000000000002,2.1316282072803006e-14,True,3,
0.23077,-25,-7.643720284652406,3.2322540710993275,0.005024333027242338,0.22954114968926145,3.270658667376509,-25.000000000000025,2.4868995751603507e-14,True,3,
0.23077,0,0.0,3.2322540710993275,0.004971038202110417,0.0,3.2322540710993275,0.0,0.0,True,1,
0.23077,25,7.829854017856639,3.2322540710993275,0.0050251923165645545,0.23513075128698618,3.1929075488489724,24.99999999999992,8.171241461241152e-14,True,3,
0.23077,50,15.861665790128088,3.2322540710993275,0.005043608688315475,0.4763263000038465,3.152254035709081,49.999999999999936,6.394884621840902e-14,True,3,
0.23077,75,24.10751253900872,3.2322540710993275,0.005027091359941562,0.7239493254957574,3.1110634031047937,74.99999999999996,4.263256414560601e-14,True,3,
0.23077,100,32.571687982429374,3.2322540710993275,0.00497680944313947,0.9781287682411224,3.070150986769381,99.99999999999993,7.105427357601002e-14,True,3,
0.23077,125,41.249244755421856,3.2322540710993275,0.004894527385463603,1.2387160587213772,3.0303585130142245,124.99999999999997,2.842170943040401e-14,True,4,
0.23077,150,50.12505433515873,3.2322540710993275,0.004782810011951623,1.5052568869417038,2.992515459375511,149.99999999999997,2.842170943040401e-14,True,4,
0.23077,175,59.17396971175135,3.2322540710993275,0.004645161180261077,1.7769960874399806,2.9573814441123556,175.0,0.0,True,5,
0.23077,200,68.36258993927623,3.2322540710993275,0.004486040909776869,2.0529306288070943,2.925576695933434,199.99999999999997,2.842170943040401e-14,True,5,
0.23077,225,77.65280929513649,3.2322540710993275,0.004310744049107152,2.331916195049144,2.897512685533865,225.00000000000003,-2.842170943040401e-14,True,6,
0.23077,250,87.006820787751,3.2322540710993275,0.004125149255536468,2.6128174410736036,2.873337949100142,250.00000000000003,-2.842170943040401e-14,True,7,
0.23077,275,96.39275617790165,3.2322540710993275,0.003935384911546044,2.8946773626997495,2.8529114728544767,274.99999999999983,1.7053025658242404e-13,True,7,
0.23077,300,105.79011873143386,3.2322540710993275,0.0037475188754270325,3.176880442385402,2.8358036043196124,299.9999999999999,1.1368683772161603e-13,True,8,
0.23077,325,115.19448565402529,3.2322540710993275,0.00356734494400165,3.459293863484243,2.82131560512457,324.99999999999994,5.684341886080802e-14,True,8,
0.23077,350,124.62170159673839,3.2322540710993275,0.0034003264145310726,3.7423934413434954,2.808499607336129,350.0,0.0,True,8,
0.23077,375,134.1127630305154,3.2322540710993275,0.0032517383499059776,4.027410301216679,2.796154456341148,375.0,0.0,True,8,
0.23077,400,143.72814902146774,3.2322540710993275,0.0031255000411344073,4.316160631275308,2.7830317354205576,399.9999999999999,1.1368683772161603e-13,True,8,
0.23077,425,153.51622071295927,3.2322540710993275,0.003021289702387906,4.6100967181068855,2.7684370943097547,424.99999999999994,5.684341886080802e-14,True,8,
0.23077,450,163.53052201917882,3.2322540710993275,0.0029381315900302444,4.910826487062427,2.751779878420642,450.0,0.0,True,8,
0.23077,475,173.83830392161698,3.2322540710993275,0.0028752570279333626,5.220369487135645,2.7324242660246822,474.99999999999994,5.684341886080802e-14,True,7,
0.23077,500,184.52540694661056,3.2322540710993275,0.0028321309128596867,5.541303511910227,2.709653961877818,499.99999999999994,5.684341886080802e-14,True,7,
0.23077,525,195.70404440987429,3.2322540710993275,0.002808485359256724,5.876998330626856,2.6826221276268676,524.9999999999999,1.1368683772161603e-13,True,7,
0.23077,550,,3.2322540710993275,0.004971038824492718,1.0,,,,False,1,No solution exists for discriminant 
0.23077,575,,3.2322540710993275,0.004971038824492718,1.0,,,,False,1,No solution exists for discriminant 
0.23077,600,,3.2322540710993275,0.004971038824492718,1.0,,,,False,1,No solution exists for discriminant 
0.23077,625,,3.2322540710993275,0.004971038824492718,1.0,,,,False,1,No solution exists for discriminant 
0.23077,650,,3.2322540710993275,0.004971038824492718,1.0,,,,False,1,No solution exists for discriminant 
0.23077,675,,3.2322540710993275,0.004971038824492718,1.0,,,,False,1,No solution exists for discriminant 
0.23077,700,,3.2322540710993275,0.004971038824492718,1.0,,,,False,1,No solution exists for discriminant 
0.23077,725,,3.2322540710993275,0.004971038824492718,1.0,,,,False,1,No solution exists for discriminant 
0.23077,750,,3.2322540710993275,0.004971038824492718,1.0,,,,False,1,No solution exists for discriminant 
0.23077,775,,3.2322540710993275,0.004971038824492718,1.0,,,,False,1,No solution exists for discriminant 
0.23077,800,,3.2322540710993275,0.004971038824492718,1.0,,,,False,1,No solution exists for discriminant 
0.23077,825,,3.2322540710993275,0.004971038824492718,1.0,,,,False,1,No solution exists for discriminant 
0.23077,850,,3.2322540710993275,0.004971038824492718,1.0,,,,False,1,No solution exists for discriminant 
0.23077,875,,3.2322540710993275,0.004971038824492718,1.0,,,,False,1,No solution exists for discriminant 
0.23077,900,,3.2322540710993275,0.004971038824492718,1.0,,,,False,1,No solution exists for discriminant 
0.23077,925,,3.2322540710993275,0.004971038824492718,1.0,,,,False,1,No solution exists for discriminant 
0.23077,950,,3.2322540710993275,0.004971038824492718,1.0,,,,False,1,No solution exists for discriminant 
0.23077,975,,3.2322540710993275,0.004971038824492718,1.0,,,,False,1,No solution exists for discriminant 
0.23077,1000,,3.2322540710993275,0.004971038824492718,1.0,,,,False,1,No solution exists for discriminant 
0.23077,1025,,3.2322540710993275,0.004971038824492718,1.0,,,,False,1,No solution exists for discriminant 
0.23077,1050,,3.2322540710993275,0.004971038824492718,1.0,,,,False,1,No solution exists for discriminant 
0.23077,1075,,3.2322540710993275,0.004971038824492718,1.0,,,,False,1,No solution exists for discriminant 
0.23077,1100,,3.2322540710993275,0.004971038824492718,1.0,,,,False,1,No solution exists for discriminant 
0.23077,1125,,3.2322540710993275,0.004971038824492718,1.0,,,,False,1,No solution exists for discriminant 
0.23077,1150,,3.2322540710993275,0.004971038824492718,1.0,,,,False,1,No solution exists for discriminant 
0.23077,1175,,3.2322540710993275,0.004971038824492718,1.0,,,,False,1,No solution exists for discriminant 
0.23077,1200,,3.2322540710993275,0.004971038824492718,1.0,,,,False,1,No solution exists for discriminant 
0.23077,1225,,3.2322540710993275,0.004971038824492718,1.0,,,,False,1,No solution exists for discriminant 
0.23077,1250,,3.2322540710993275,0.004971038824492718,1.0,,,,False,1,No solution exists for discriminant 
0.23077,1275,,3.2322540710993275,0.004971038824492718,1.0,,,,False,1,No solution exists for discriminant 
0.23077,1300,,3.2322540710993275,0.004971038824492718,1.0,,,,False,1,No solution exists for discriminant 
0.23077,1325,,3.2322540710993275,0.004971038824492718,1.0,,,,False,1,No solution exists for discriminant 
0.23077,1350,,3.2322540710993275,0.004971038824492718,1.0,,,,False,1,No solution exists for discriminant 
0.23077,1375,,3.2322540710993275,0.004971038824492718,1.0,,,,False,1,No solution exists for discriminant 
0.23077,1400,,3.2322540710993275,0.004971038824492718,1.0,,,,False,1,No solution exists for discriminant 
0.23077,1425,,3.2322540710993275,0.004971038824492718,1.0,,,,False,1,No solution exists for discriminant 
0.23077,1450,,3.2322540710993275,0.004971038824492718,1.0,,,,False,1,No solution exists for discriminant 
0.23077,1475,,3.2322540710993275,0.004971038824492718,1.0,,,,False,1,No solution exists for discriminant 
0.23077,1500,,3.2322540710993275,0.004971038824492718,1.0,,,,False,1,No solution exists for discriminant 
0.23077,1525,,3.2322540710993275,0.004971038824492718,1.0,,,,False,1,No solution exists for discriminant 
0.256411,-100,-25.925925925925927,3.255543428554247,0.004795255723559594,0.8840899248643368,3.3798648732391254,-87.62612634323659,-12.373873656763408,True,3,
0.256411,-75,-22.299761405426256,3.255543428554247,0.004830601262695936,0.6696625046674552,3.363264684157117,-75.00000000000001,1.4210854715202004e-14,True,3,
0.256411,-50,-15.022851558790272,3.255543428554247,0.004840592663432529,0.45113668344715535,3.328262933593563,-49.99999999999994,-5.684341886080802e-14,True,3,
0.256411,-25,-7.59381620823531,3.255543428554247,0.00482088805531516,0.22804252877583517,3.2921523664067873,-25.000000000000092,9.237055564881302e-14,True,3,
0.256411,0,0.0,3.255543428554247,0.0047665359710895175,0.0,3.255543428554247,0.0,0.0,True,1,
0.256411,25,7.768594235764911,3.255543428554247,0.004821720293019797,0.23329111819113849,3.218085440079423,24.999999999999993,7.105427357601002e-15,True,3,
0.256411,50,15.726161155017229,3.255543428554247,0.004840848419238055,0.47225709174225916,3.179415466186299,49.99999999999997,2.842170943040401e-14,True,3,
0.256411,75,23.882981105907838,3.255543428554247,0.0048248557122589795,0.7172066398170522,3.1403114907396343,74.99999999999996,4.263256414560601e-14,True,3,
0.256411,100,32.2415409103513,3.255543428554247,0.0047750415114433615,0.9682144417522913,3.1015887323144202,100.0,0.0,True,3,
0.256411,125,40.795287950599956,3.255543428554247,0.004693288689453799,1.225083722240239,3.0640793650326854,124.99999999999987,1.2789769243681803e-13,True,4,
0.256411,150,49.52793321870434,3.255543428554247,0.004582251704028389,1.4873253218830134,3.028593972165835,149.99999999999997,2.842170943040401e-14,True,4,
0.256411,175,58.413823392115134,3.255543428554247,0.004445475373695243,1.7541688706340883,2.9958662151812163,174.99999999999997,2.842170943040401e-14,True,5,
0.256411,200,67.41978677911077,3.255543428554247,0.00428739500585582,2.024618221594918,2.9664881714216236,200.00000000000006,-5.684341886080802e-14,True,5,
0.256411,225,76.50854559269759,3.255543428554247,0.0041132068203303535,2.2975539217026304,2.9408479570088075,224.99999999999991,8.526512829121202e-14,True,6,
0.256411,250,85.64332411800731,3.255543428554247,0.0039286202304887165,2.571871595135355,2.9190833328179413,249.99999999999997,2.842170943040401e-14,True,6,
0.256411,275,94.79289414984046,3.255543428554247,0.0037395428979132565,2.846633457953167,2.9010613344635683,274.99999999999994,5.684341886080802e-14,True,7,
0.256411,300,103.93625374107563,3.255543428554247,0.003551781368295619,3.1212088210533224,2.886384579026249,299.99999999999994,5.684341886080802e-14,True,7,
0.256411,325,113.06650456770397,3.255543428554247,0.003370838531931412,3.395390527558678,2.8744144982866313,324.99999999999994,5.684341886080802e-14,True,8,
0.256411,350,122.19404909837763,3.255543428554247,0.0032018484231237077,3.6694909639152447,2.8642966051335055,349.99999999999994,5.684341886080802e-14,True,8,
0.256411,375,131.34990085166703,3.255543428554247,0.003049668307393865,3.9444414670170285,2.8549697987475917,374.99999999999994,5.684341886080802e-14,True,8,
0.256411,400,140.58636400742577,3.255543428554247,0.0029186135925272174,4.221812732955729,2.845226155638195,399.99999999999994,5.684341886080802e-14,True,8,
0.256411,425,149.9486143257178,3.255543428554247,0.002809223320957946,4.502961391162698,2.834304284245112,424.99999999999994,5.684341886080802e-14,True,8,
0.256411,450,159.47864889664683,3.255543428554247,0.0027204211815551075,4.78914861551492,2.821694334090019,449.99999999999983,1.7053025658242404e-13,True,8,
0.256411,475,169.2276607331194,3.255543428554247,0.0026513023172434324,5.08191173372731,2.806869739510842,475.0,0.0,True,8,
0.256411,500,179.2587983795858,3.255543428554247,0.002601155776798083,5.383147098486061,2.789263369607305,500.0,0.0,True,6,
0.256411,525,189.65128059885677,3.255543428554247,0.002569478061270198,5.695233651617321,2.7682386237636862,525.0,0.0,True,7,
0.256411,550,200.50671657204447,3.255543428554247,0.0025559900557277295,6.021222719881216,2.743050254889483,549.9999999999999,1.1368683772161603e-13,True,6,
0.256411,575,,3.255543428554247,0.004766525430813944,1.0,,,,False,1,No solution exists for discriminant 
0.256411,600,,3.255543428554247,0.004766525430813944,1.0,,,,False,1,No solution exists for discriminant 
0.256411,625,,3.255543428554247,0.004766525430813944,1.0,,,,False,1,No solution exists for discriminant 
0.256411,650,,3.255543428554247,0.004766525430813944,1.0,,,,False,1,No solution exists for discriminant 
0.256411,675,,3.255543428554247,0.004766525430813944,1.0,,,,False,1,No solution exists for discriminant 
0.256411,700,,3.255543428554247,0.004766525430813944,1.0,,,,False,1,No solution exists for discriminant 
0.256411,725,,3.255543428554247,0.004766525430813944,1.0,,,,False,1,No solution exists for discriminant 
0.256411,750,,3.255543428554247,0.004766525430813944,1.0,,,,False,1,No solution exists for discriminant 
0.256411,775,,3.255543428554247,0.004766525430813944,1.0,,,,False,1,No solution exists for discriminant 
0.256411,800,,3.255543428554247,0.004766525430813944,1.0,,,,False,1,No solution exists for discriminant 
0.256411,825,,3.255543428554247,0.004766525430813944,1.0,,,,False,1,No solution exists for discriminant 
0.256411,850,,3.255543428554247,0.004766525430813944,1.0,,,,False,1,No solution exists for discriminant 
0.256411,875,,3.255543428554247,0.004766525430813944,1.0,,,,False,1,No solution exists for discriminant 
0.256411,900,,3.255543428554247,0.004766525430813944,1.0,,,,False,1,No solution exists for discriminant 
0.256411,925,,3.255543428554247,0.004766525430813944,1.0,,,,False,1,No solution exists for discriminant 
0.256411,950,,3.255543428554247,0.004766525430813944,1.0,,,,False,1,No solution exists for discriminant 
0.256411,975,,3.255543428554247,0.004766525430813944,1.0,,,,False,1,No solution exists for discriminant 
0.256411,1000,,3.255543428554247,0.004766525430813944,1.0,,,,False,1,No solution exists for discriminant 
0.256411,1025,,3.255543428554247,0.004766525430813944,1.0,,,,False,1,No solution exists for discriminant 
0.256411,1050,,3.255543428554247,0.004766525430813944,1.0,,,,False,1,No solution exists for discriminant 
0.256411,1075,,3.255543428554247,0.004766525430813944,1.0,,,,False,1,No solution exists for discriminant 
0.256411,1100,,3.255543428554247,0.004766525430813944,1.0,,,,False,1,No solution exists for discriminant 
0.256411,1125,,3.255543428554247,0.004766525430813944,1.0,,,,False,1,No solution exists for discriminant 
0.256411,1150,,3.255543428554247,0.004766525430813944,1.0,,,,False,1,No solution exists for discriminant 
0.256411,1175,,3.255543428554247,0.004766525430813944,1.0,,,,False,1,No solution exists for discriminant 
0.256411,1200,,3.255543428554247,0.004766525430813944,1.0,,,,False,1,No solution exists for discriminant 
0.256411,1225,,3.255543428554247,0.004766525430813944,1.0,,,,False,1,No solution exists for discriminant 
0.256411,1250,,3.255543428554247,0.004766525430813944,1.0,,,,False,1,No solution exists for discriminant 
0.256411,1275,,3.255543428554247,0.004766525430813944,1.0,,,,False,1,No solution exists for discriminant 
0.256411,1300,,3.255543428554247,0.004766525430813944,1.0,,,,False,1,No solution exists for discriminant 
0.256411,1325,,3.255543428554247,0.004766525430813944,1.0,,,,False,1,No solution exists for discriminant 
0.256411,1350,,3.255543428554247,0.004766525430813944,1.0,,,,False,1,No solution exists for discriminant 
0.256411,1375,,3.255543428554247,0.004766525430813944,1.0,,,,False,1,No solution exists for discriminant 
0.256411,1400,,3.255543428554247,0.004766525430813944,1.0,,,,False,1,No solution exists for discriminant 
0.256411,1425,,3.255543428554247,0.004766525430813944,1.0,,,,False,1,No solution exists for discriminant 
0.256411,1450,,3.255543428554247,0.004766525430813944,1.0,,,,False,1,No solution exists for discriminant 
0.256411,1475,,3.255543428554247,0.004766525430813944,1.0,,,,False,1,No solution exists for discriminant 
0.256411,1500,,3.255543428554247,0.004766525430813944,1.0,,,,False,1,No solution exists for discriminant 
0.256411,1525,,3.255543428554247,0.004766525430813944,1.0,,,,False,1,No solution exists for discriminant 
0.28205199999999997,-100,-25.925925925925927,3.2762996199177823,0.004671660243103743,0.8798278359122828,3.397416737331583,-88.08117467155957,-11.918825328440434,True,3,
0.28205199999999997,-75,-22.18448552332023,3.2762996199177823,0.00470785721954449,0.6662007664660731,3.3807410102506257,-75.00000000000001,1.4210854715202004e-14,True,3,
0.28205199999999997,-50,-14.939722260504128,3.2762996199177823,0.004717812742797484,0.4486403081232471,3.346782431972244,-49.99999999999987,-1.2789769243681803e-13,True,3,
0.28205199999999997,-25,-7.548861721476074,3.2762996199177823,0.004697126253460823,0.2266925441884707,3.311757576493473,-24.99999999999995,-4.973799150320701e-14,True,3,
0.28205199999999997,0,0.0,3.2762996199177823,0.0046407966699764805,0.0,3.2762996199177823,0.0,0.0,True,1,
0.28205199999999997,25,7.715929120121687,3.2762996199177823,0.004697959224603966,0.23170958318683746,3.2400504995315162,25.000000000000043,-4.263256414560601e-14,True,3,
0.28205199999999997,50,15.61212004523673,3.2762996199177823,0.004718105470567257,0.46883243379089284,3.2026399909251984,50.00000000000007,-7.105427357601002e-14,True,3,
0.28205199999999997,75,23.697678392467775,3.2762996199177823,0.004702259504714115,0.7116419937678011,3.1648669864571426,75.00000000000003,-2.842170943040401e-14,True,3,
0.28205199999999997,100,31.973770556348022,3.2762996199177823,0.00465181450110763,0.9601732899804212,3.1275635703886744,100.00000000000009,-8.526512829121202e-14,True,3,
0.28205199999999997,125,40.432484028108085,3.2762996199177823,0.004568752808457182,1.2141887095527955,3.0915735949614636,125.00000000000007,-7.105427357601002e-14,True,4,
0.28205199999999997,150,49.05626763720597,3.2762996199177823,0.0044558294234233785,1.4731611903064856,3.057713259176588,150.00000000000003,-2.842170943040401e-14,True,4,
0.28205199999999997,175,57.818444865271445,3.2762996199177823,0.00431668182991908,1.7362896355937372,3.0267157895336867,175.0,0.0,True,5,
0.28205199999999997,200,66.68515506038491,3.2762996199177823,0.004155817988563552,2.0025572090205683,2.999168252947685,200.0000000000001,-1.1368683772161603e-13,True,5,
0.28205199999999997,225,75.61875585196206,3.2762996199177823,0.003978475049672482,2.27083350906793,2.9754522864734763,225.00000000000009,-8.526512829121202e-14,True,6,
0.28205199999999997,250,84.58227350477163,3.2762996199177823,0.003790363477797608,2.5400082133565056,2.9557020595562076,249.99999999999997,2.842170943040401e-14,True,6,
0.28205199999999997,275,93.54413726610294,3.2762996199177823,0.003597348856027277,2.809133251234323,2.939788724735508,275.00000000000006,-5.684341886080802e-14,True,7,
0.28205199999999997,300,102.4824188674265,3.2762996199177823,0.0034051523188698748,3.0775501161389345,2.927331373667971,300.0,0.0,True,7,
0.28205199999999997,325,111.38815756262689,3.2762996199177823,0.0032191458743426236,3.344989716595402,2.917724892049426,325.0,0.0,True,8,
0.28205199999999997,350,120.2678469499161,3.2762996199177823,0.0030442768599079147,3.6116470555530364,2.910170996457206,350.0000000000001,-1.1368683772161603e-13,True,8,
0.28205199999999997,375,129.1456990761343,3.2762996199177823,0.002885132526642708,3.8782492215055346,2.903697162837216,375.0,0.0,True,8,
0.28205199999999997,400,138.0657429832267,3.2762996199177823,0.0027460041468041524,4.146118407904706,2.8971705171542457,400.00000000000006,-5.684341886080802e-14,True,8,
0.28205199999999997,425,147.07147196992037,3.2762996199177823,0.0026283014680946607,4.416560719817428,2.889751454224398,425.00000000000017,-1.7053025658242404e-13,True,8,
0.28205199999999997,450,156.19701643508955,3.2762996199177823,0.0025309234747365166,4.6906010941468335,2.8809769243384085,450.0000000000001,-1.1368683772161603e-13,True,8,
0.28205199999999997,475,165.48226311052275,3.2762996199177823,0.002452839070798391,4.969437330646329,2.870398259436153,475.0,0.0,True,8,
0.28205199999999997,500,174.9749501736742,3.2762996199177823,0.0023931867221729346,5.254503008218444,2.8575518924492744,500.00000000000017,-1.7053025658242404e-13,True,7,
0.28205199999999997,525,184.7328783585654,3.2762996199177823,0.0023512777189209333,5.547533884641604,2.8419413190811564,525.0000000000001,-1.1368683772161603e-13,True,7,
0.28205199999999997,550,194.82717245712618,3.2762996199177823,0.002326599362335647,5.850665839553339,2.8230148447133754,550.0000000000001,-1.1368683772161603e-13,True,7,
0.28205199999999997,575,205.34702391018348,3.2762996199177823,0.0023188144362163137,6.166577294600105,2.800137976440792,575.0000000000001,-1.1368683772161603e-13,True,6,
0.28205199999999997,600,,3.2762996199177823,0.004640786145257287,1.0,,,,False,1,No solution exists for discriminant 
0.28205199999999997,625,,3.2762996199177823,0.004640786145257287,1.0,,,,False,1,No solution exists for discriminant 
0.28205199999999997,650,,3.2762996199177823,0.004640786145257287,1.0,,,,False,1,No solution exists for discriminant 
0.28205199999999997,675,,3.2762996199177823,0.004640786145257287,1.0,,,,False,1,No solution exists for discriminant 
0.28205199999999997,700,,3.2762996199177823,0.004640786145257287,1.0,,,,False,1,No solution exists for discriminant 
0.28205199999999997,725,,3.2762996199177823,0.004640786145257287,1.0,,,,False,1,No solution exists for discriminant 
0.28205199999999997,750,,3.2762996199177823,0.004640786145257287,1.0,,,,False,1,No solution exists for discriminant 
0.28205199999999997,775,,3.2762996199177823,0.004640786145257287,1.0,,,,False,1,No solution exists for discriminant 
0.28205199999999997,800,,3.2762996199177823,0.004640786145257287,1.0,,,,False,1,No solution exists for discriminant 
0.28205199999999997,825,,3.2762996199177823,0.004640786145257287,1.0,,,,False,1,No solution exists for discriminant 
0.28205199999999997,850,,3.2762996199177823,0.004640786145257287,1.0,,,,False,1,No solution exists for discriminant 
0.28205199999999997,875,,3.2762996199177823,0.004640786145257287,1.0,,,,False,1,No solution exists for discriminant 
0.28205199999999997,900,,3.2762996199177823,0.004640786145257287,1.0,,,,False,1,No solution exists for discriminant 
0.28205199999999997,925,,3.2762996199177823,0.004640786145257287,1.0,,,,False,1,No solution exists for discriminant 
0.28205199999999997,950,,3.2762996199177823,0.004640786145257287,1.0,,,,False,1,No solution exists for discriminant 
0.28205199999999997,975,,3.2762996199177823,0.004640786145257287,1.0,,,,False,1,No solution exists for discriminant 
0.28205199999999997,1000,,3.2762996199177823,0.004640786145257287,1.0,,,,False,1,No solution exists for discriminant 
0.28205199999999997,1025,,3.2762996199177823,0.004640786145257287,1.0,,,,False,1,No solution exists for discriminant 
0.28205199999999997,1050,,3.2762996199177823,0.004640786145257287,1.0,,,,False,1,No solution exists for discriminant 
0.28205199999999997,1075,,3.2762996199177823,0.004640786145257287,1.0,,,,False,1,No solution exists for discriminant 
0.28205199999999997,1100,,3.2762996199177823,0.004640786145257287,1.0,,,,False,1,No solution exists for discriminant 
0.28205199999999997,1125,,3.2762996199177823,0.004640786145257287,1.0,,,,False,1,No solution exists for discriminant 
0.28205199999999997,1150,,3.2762996199177823,0.004640786145257287,1.0,,,,False,1,No solution exists for discriminant 
0.28205199999999997,1175,,3.2762996199177823,0.004640786145257287,1.0,,,,False,1,No solution exists for discriminant 
0.28205199999999997,1200,,3.2762996199177823,0.004640786145257287,1.0,,,,False,1,No solution exists for discriminant 
0.28205199999999997,1225,,3.2762996199177823,0.004640786145257287,1.0,,,,False,1,No solution exists for discriminant 
0.28205199999999997,1250,,3.2762996199177823,0.004640786145257287,1.0,,,,False,1,No solution exists for discriminant 
0.28205199999999997,1275,,3.2762996199177823,0.004640786145257287,1.0,,,,False,1,No solution exists for discriminant 
0.28205199999999997,1300,,3.2762996199177823,0.004640786145257287,1.0,,,,False,1,No solution exists for discriminant 
0.28205199999999997,1325,,3.2762996199177823,0.004640786145257287,1.0,,,,False,1,No solution exists for discriminant 
0.28205199999999997,1350,,3.2762996199177823,0.004640786145257287,1.0,,,,False,1,No solution exists for discriminant 
0.28205199999999997,1375,,3.2762996199177823,0.004640786145257287,1.0,,,,False,1,No solution exists for discriminant 
0.28205199999999997,1400,,3.2762996199177823,0.004640786145257287,1.0,,,,False,1,No solution exists for discriminant 
0.28205199999999997,1425,,3.2762996199177823,0.004640786145257287,1.0,,,,False,1,No solution exists for discriminant 
0.28205199999999997,1450,,3.2762996199177823,0.004640786145257287,1.0,,,,False,1,No solution exists for discriminant 
0.28205199999999997,1475,,3.2762996199177823,0.004640786145257287,1.0,,,,False,1,No solution exists for discriminant 
0.28205199999999997,1500,,3.2762996199177823,0.004640786145257287,1.0,,,,False,1,No solution exists for discriminant 
0.28205199999999997,1525,,3.2762996199177823,0.004640786145257287,1.0,,,,False,1,No solution exists for discriminant 
0.307693,-100,-25.925925925925927,3.295802005702652,0.004447163505354795,0.8766298440969796,3.411098837322961,-88.43589578244715,-11.564104217552853,True,3,
0.307693,-75,-22.092551655787606,3.295802005702652,0.0044814788217347225,0.6634399896632915,3.3948093080661446,-74.99999999999987,-1.2789769243681803e-13,True,3,
0.307693,-50,-14.869550339967683,3.295802005702652,0.004490684421479528,0.4465330432422728,3.3625764637687503,-49.99999999999995,-4.973799150320701e-14,True,3,
0.307693,-25,-7.508923474210188,3.295802005702652,0.004470687751712062,0.2254931974237294,3.3293720579073467,-24.999999999999957,-4.263256414560601e-14,True,3,
0.307693,0,0.0,3.295802005702652,0.004416867831284239,0.0,3.295802005702652,0.0,0.0,True,1,
0.307693,25,7.665119175849705,3.295802005702652,0.004471438902711401,0.2301837590345257,3.2615278936258383,25.00000000000011,-1.1013412404281553e-13,True,3,
0.307693,50,15.498107668161683,3.295802005702652,0.004490979281400716,0.46540863868353405,3.22620032526402,50.00000000000003,-2.842170943040401e-14,True,3,
0.307693,75,23.506752288679245,3.295802005702652,0.004476560373327405,0.7059084771375149,3.190572609901527,75.00000000000003,-2.842170943040401e-14,True,3,
0.307693,100,31.691483768210478,3.295802005702652,0.004429586430648899,0.95169620925557,3.155421839235857,100.00000000000001,-1.4210854715202004e-14,True,3,
0.307693,125,40.044476324309066,3.295802005702652,0.004351982477125935,1.2025368265558278,3.1215291464335744,124.99999999999996,4.263256414560601e-14,True,4,
0.307693,150,48.54926779549773,3.295802005702652,0.004246347401661129,1.4579359698347667,3.08964494854669,150.00000000000006,-5.684341886080802e-14,True,4,
0.307693,175,57.181295646004884,3.295802005702652,0.004116043222744472,1.7171560254055522,3.060441321291165,174.99999999999994,5.684341886080802e-14,True,5,
0.307693,200,65.90962271603529,3.295802005702652,0.003965183242358093,1.9792679494304892,3.0344582741988844,200.00000000000003,-2.842170943040401e-14,True,5,
0.307693,225,74.69986773433577,3.295802005702652,0.0037985138169770176,2.2432392713013747,3.0120535259874215,225.00000000000006,-5.684341886080802e-14,True,6,
0.307693,250,83.51800546509975,3.295802005702652,0.003621201206839045,2.508048212165158,2.993366503519643,250.00000000000006,-5.684341886080802e-14,True,6,
0.307693,275,92.33442751136373,3.295802005702652,0.003438565201373972,2.772805630971884,2.9783040563732888,275.0,0.0,True,7,
0.307693,300,101.12762898095205,3.295802005702652,0.0032558230411361164,3.0368657351637256,2.966548341171004,300.00000000000006,-5.684341886080802e-14,True,7,
0.307693,325,109.88713802918609,3.295802005702652,0.0030779036306661624,3.2999140549305137,2.957579984599106,325.00000000000006,-5.684341886080802e-14,True,8,
0.307693,350,118.61568654017495,3.295802005702652,0.0029093635694497737,3.562032628834083,2.950705848517393,350.0,0.0,True,8,
0.307693,375,127.331041224104,3.295802005702652,0.0027544172290486133,3.8237549917148352,2.9450791919622805,375.00000000000006,-5.684341886080802e-14,True,8,
0.307693,400,136.06815733463117,3.295802005702652,0.0026170618795763683,4.086130850889825,2.939703218117989,400.0000000000001,-1.1368683772161603e-13,True,8,
0.307693,425,144.8670529941573,3.295802005702652,0.0024993789430059242,4.350361951776495,2.933724343913732,424.99999999999994,5.684341886080802e-14,True,8,
0.307693,450,153.75620076084166,3.295802005702652,0.002400493575491232,4.617303326151402,2.926711233584311,449.9999999999999,1.1368683772161603e-13,True,8,
0.307693,475,162.7669899468244,3.295802005702652,0.002319388373830337,4.887897596000733,2.918282141576628,475.00000000000017,-1.7053025658242404e-13,True,8,
0.307693,500,171.93620382013353,3.295802005702652,0.002255177396247796,5.163249363967974,2.9080553652508327,500.00000000000006,-5.684341886080802e-14,True,7,
0.307693,525,181.307185488477,3.295802005702652,0.0022071043246644985,5.44466022487919,2.895638132518286,525.0,0.0,True,7,
0.307693,550,190.93153956374474,3.295802005702652,0.0021745404234821,5.733679866779122,2.880613654803617,550.0000000000001,-1.1368683772161603e-13,True,7,
0.307693,575,200.87144748180583,3.295802005702652,0.0021569751307235737,6.03217560005423,2.8625272890119504,575.0,0.0,True,6,
0.307693,600,211.20286939337953,3.295802005702652,0.0021540025122419363,6.342428510311698,2.8408704944366066,600.0000000000001,-1.1368683772161603e-13,True,6,
0.307693,625,,3.295802005702652,0.004416848822942476,1.0,,,,False,1,No solution exists for discriminant 
0.307693,650,,3.295802005702652,0.004416848822942476,1.0,,,,False,1,No solution exists for discriminant 
0.307693,675,,3.295802005702652,0.004416848822942476,1.0,,,,False,1,No solution exists for discriminant 
0.307693,700,,3.295802005702652,0.004416848822942476,1.0,,,,False,1,No solution exists for discriminant 
0.307693,725,,3.295802005702652,0.004416848822942476,1.0,,,,False,1,No solution exists for discriminant 
0.307693,750,,3.295802005702652,0.004416848822942476,1.0,,,,False,1,No solution exists for discriminant 
0.307693,775,,3.295802005702652,0.004416848822942476,1.0,,,,False,1,No solution exists for discriminant 
0.307693,800,,3.295802005702652,0.004416848822942476,1.0,,,,False,1,No solution exists for discriminant 
0.307693,825,,3.295802005702652,0.004416848822942476,1.0,,,,False,1,No solution exists for discriminant 
0.307693,850,,3.295802005702652,0.004416848822942476,1.0,,,,False,1,No solution exists for discriminant 
0.307693,875,,3.295802005702652,0.004416848822942476,1.0,,,,False,1,No solution exists for discriminant 
0.307693,900,,3.295802005702652,0.004416848822942476,1.0,,,,False,1,No solution exists for discriminant 
0.307693,925,,3.295802005702652,0.004416848822942476,1.0,,,,False,1,No solution exists for discriminant 
0.307693,950,,3.295802005702652,0.004416848822942476,1.0,,,,False,1,No solution exists for discriminant 
0.307693,975,,3.295802005702652,0.004416848822942476,1.0,,,,False,1,No solution exists for discriminant 
0.307693,1000,,3.295802005702652,0.004416848822942476,1.0,,,,False,1,No solution exists for discriminant 
0.307693,1025,,3.295802005702652,0.004416848822942476,1.0,,,,False,1,No solution exists for discriminant 
0.307693,1050,,3.295802005702652,0.004416848822942476,1.0,,,,False,1,No solution exists for discriminant 
0.307693,1075,,3.295802005702652,0.004416848822942476,1.0,,,,False,1,No solution exists for discriminant 
0.307693,1100,,3.295802005702652,0.004416848822942476,1.0,,,,False,1,No solution exists for discriminant 
0.307693,1125,,3.295802005702652,0.004416848822942476,1.0,,,,False,1,No solution exists for discriminant 
0.307693,1150,,3.295802005702652,0.004416848822942476,1.0,,,,False,1,No solution exists for discriminant 
0.307693,1175,,3.295802005702652,0.004416848822942476,1.0,,,,False,1,No solution exists for discriminant 
0.307693,1200,,3.295802005702652,0.004416848822942476,1.0,,,,False,1,No solution exists for discriminant 
0.307693,1225,,3.295802005702652,0.004416848822942476,1.0,,,,False,1,No solution exists for discriminant 
0.307693,1250,,3.295802005702652,0.004416848822942476,1.0,,,,False,1,No solution exists for discriminant 
0.307693,1275,,3.295802005702652,0.004416848822942476,1.0,,,,False,1,No solution exists for discriminant 
0.307693,1300,,3.295802005702652,0.004416848822942476,1.0,,,,False,1,No solution exists for discriminant 
0.307693,1325,,3.295802005702652,0.004416848822942476,1.0,,,,False,1,No solution exists for discriminant 
0.307693,1350,,3.295802005702652,0.004416848822942476,1.0,,,,False,1,No solution exists for discriminant 
0.307693,1375,,3.295802005702652,0.004416848822942476,1.0,,,,False,1,No solution exists for discriminant 
0.307693,1400,,3.295802005702652,0.004416848822942476,1.0,,,,False,1,No solution exists for discriminant 
0.307693,1425,,3.295802005702652,0.004416848822942476,1.0,,,,False,1,No solution exists for discriminant 
0.307693,1450,,3.295802005702652,0.004416848822942476,1.0,,,,False,1,No solution exists for discriminant 
0.307693,1475,,3.295802005702652,0.004416848822942476,1.0,,,,False,1,No solution exists for discriminant 
0.307693,1500,,3.295802005702652,0.004416848822942476,1.0,,,,False,1,No solution exists for discriminant 
0.307693,1525,,3.295802005702652,0.004416848822942476,1.0,,,,False,1,No solution exists for discriminant 
0.33333399999999996,-100,-25.925925925925927,3.3157383269458904,0.004098349420841566,0.8742244308978067,3.42199183044919,-88.71830671534937,-11.281693284650629,True,3,
0.33333399999999996,-75,-22.01598242293977,3.3157383269458904,0.004127808751117335,0.6611406133014947,3.4066160918557467,-74.9999999999999,-9.947598300641403e-14,True,3,
0.33333399999999996,-50,-14.806173904587366,3.3157383269458904,0.004135526817014613,0.4446298469846056,3.3769696561856932,-49.99999999999998,-2.1316282072803006e-14,True,3,
0.33333399999999996,-25,-7.47048603344573,3.3157383269458904,0.004118091897318162,0.22433891992329522,3.3465024749492516,-24.999999999999954,-4.618527782440651e-14,True,3,
0.33333399999999996,0,0.0,3.3157383269458904,0.004071691170637358,0.0,3.3157383269458904,0.0,0.0,True,1,
0.33333399999999996,25,7.611768474079461,3.3157383269458904,0.004118683198550509,0.2285816358582421,3.284387864020443,24.999999999999986,1.4210854715202004e-14,True,3,
0.33333399999999996,50,15.37443033628305,3.3157383269458904,0.004135783163159305,0.46169460469318474,3.2521530168179256,49.99999999999996,4.263256414560601e-14,True,3,
0.33333399999999996,75,23.294300509676884,3.3157383269458904,0.004124040219893559,0.6995285438341408,3.219671694749696,75.00000000000007,-7.105427357601002e-14,True,3,
0.33333399999999996,100,31.371637215684913,3.3157383269458904,0.004084762381671019,0.9420912076782257,3.1875926433958304,100.00000000000009,-8.526512829121202e-14,True,3,
0.33333399999999996,125,39.60007059233902,3.3157383269458904,0.004019646808530136,1.18919130907925,3.1565600295718266,125.00000000000009,-8.526512829121202e-14,True,4,
0.33333399999999996,150,47.96641708627364,3.3157383269458904,0.003930883731222205,1.440432945533743,3.1271879183764386,150.00000000000009,-8.526512829121202e-14,True,4,
0.33333399999999996,175,56.45113411833963,3.3157383269458904,0.00382121702179903,1.695229252802992,3.1000262923530313,175.0000000000001,-1.1368683772161603e-13,True,5,
0.33333399999999996,200,65.02959211330565,3.3157383269458904,0.003693940171950979,1.952840604003173,3.075522904272964,200.00000000000003,-2.842170943040401e-14,True,5,
0.33333399999999996,225,73.6741858032273,3.3157383269458904,0.0035528238441988836,2.212438012108928,3.0539869229222454,224.99999999999991,8.526512829121202e-14,True,6,
0.33333399999999996,250,82.35709731710699,3.3157383269458904,0.003401980488643575,2.473186105618829,3.0355610887717726,250.0000000000001,-1.1368683772161603e-13,True,6,
0.33333399999999996,275,91.0533487245995,3.3157383269458904,0.0032456895311157876,2.7343347965345197,3.0202074262174228,275.0000000000001,-1.1368683772161603e-13,True,6,
0.33333399999999996,300,99.74374669382539,3.3157383269458904,0.0030882234489167035,2.9953077085232853,3.007707349523211,300.0000000000001,-1.1368683772161603e-13,True,7,
0.33333399999999996,325,108.41739441481947,3.3157383269458904,0.0029337023741313087,3.255777610054639,2.997673959554004,325.00000000000006,-5.684341886080802e-14,True,7,
0.33333399999999996,350,117.07374081277098,3.3157383269458904,0.0027860180163474164,3.515727952335465,2.989568775800323,350.00000000000006,-5.684341886080802e-14,True,8,
0.33333399999999996,375,125.72435304175866,3.3157383269458904,0.0026488316092376702,3.7755060973501102,2.982715686557924,375.0,0.0,True,8,
0.33333399999999996,400,134.39490990007818,3.3157383269458904,0.002525654655890311,4.035883180182529,2.976303197028799,400.0000000000001,-1.1368683772161603e-13,True,8,
0.33333399999999996,425,143.11950639191446,3.3157383269458904,0.0024189017997093866,4.297883074832266,2.9695462953609697,425.00000000000017,-1.7053025658242404e-13,True,8,
0.33333399999999996,450,151.92205878908538,3.3157383269458904,0.0023281224777010234,4.562223987660222,2.9620451670204044,450.0000000000001,-1.1368683772161603e-13,True,8,
0.33333399999999996,475,160.8271464801664,3.3157383269458904,0.0022524607706718683,4.829644038443435,2.953481488640217,475.0000000000001,-1.1368683772161603e-13,True,8,
0.33333399999999996,500,169.86330428652835,3.3157383269458904,0.0021911440907628845,5.101000128724576,2.943543351521006,500.0000000000001,-1.1368683772161603e-13,True,7,
0.33333399999999996,525,179.0636235805899,3.3157383269458904,0.0021434814268089255,5.377285993411109,2.9319187755837914,525.0000000000001,-1.1368683772161603e-13,True,7,
0.33333399999999996,550,188.466624424021,3.3157383269458904,0.002108860050506986,5.659658391111742,2.9182885918441683,550.0,0.0,True,6,
0.33333399999999996,575,198.11739216975553,3.3157383269458904,0.0020867359192329087,5.949471236328995,2.9023196484805087,575.0,0.0,True,6,
0.33333399999999996,600,208.06904438332614,3.3157383269458904,0.002076619119741547,6.248319651150935,2.883658171153123,600.0000000000002,-2.2737367544323206e-13,True,6,
0.33333399999999996,625,218.38454131137698,3.3157383269458904,0.0020780506765468096,6.558094333674985,2.861924183126419,625.0000000000002,-2.2737367544323206e-13,True,6,
0.33333399999999996,650,229.13870292785165,3.3157383269458904,0.0020905614763327175,6.881042129965516,2.836709781868077,650.0000000000001,-1.1368683772161603e-13,True,7,
0.33333399999999996,675,240.4200519204156,3.3157383269458904,0.0021136016150517588,7.21982137899146,2.807586116916072,675.0000000000001,-1.1368683772161603e-13,True,7,
0.33333399999999996,700,,3.3157383269458904,0.004071654002393698,1.0,,,,False,1,No solution exists for discriminant 
0.33333399999999996,725,,3.3157383269458904,0.004071654002393698,1.0,,,,False,1,No solution exists for discriminant 
0.33333399999999996,750,,3.3157383269458904,0.004071654002393698,1.0,,,,False,1,No solution exists for discriminant 
0.33333399999999996,775,,3.3157383269458904,0.004071654002393698,1.0,,,,False,1,No solution exists for discriminant 
0.33333399999999996,800,,3.3157383269458904,0.004071654002393698,1.0,,,,False,1,No solution exists for discriminant 
0.33333399999999996,825,,3.3157383269458904,0.004071654002393698,1.0,,,,False,1,No solution exists for discriminant 
0.33333399999999996,850,,3.3157383269458904,0.004071654002393698,1.0,,,,False,1,No solution exists for discriminant 
0.33333399999999996,875,,3.3157383269458904,0.004071654002393698,1.0,,,,False,1,No solution exists for discriminant 
0.33333399999999996,900,,3.3157383269458904,0.004071654002393698,1.0,,,,False,1,No solution exists for discriminant 
0.33333399999999996,925,,3.3157383269458904,0.004071654002393698,1.0,,,,False,1,No solution exists for discriminant 
0.33333399999999996,950,,3.3157383269458904,0.004071654002393698,1.0,,,,False,1,No solution exists for discriminant 
0.33333399999999996,975,,3.3157383269458904,0.004071654002393698,1.0,,,,False,1,No solution exists for discriminant 
0.33333399999999996,1000,,3.3157383269458904,0.004071654002393698,1.0,,,,False,1,No solution exists for discriminant 
0.33333399999999996,1025,,3.3157383269458904,0.004071654002393698,1.0,,,,False,1,No solution exists for discriminant 
0.33333399999999996,1050,,3.3157383269458904,0.004071654002393698,1.0,,,,False,1,No solution exists for discriminant 
0.33333399999999996,1075,,3.3157383269458904,0.004071654002393698,1.0,,,,False,1,No solution exists for discriminant 
0.33333399999999996,1100,,3.3157383269458904,0.004071654002393698,1.0,,,,False,1,No solution exists for discriminant 
0.33333399999999996,1125,,3.3157383269458904,0.004071654002393698,1.0,,,,False,1,No solution exists for discriminant 
0.33333399999999996,1150,,3.3157383269458904,0.004071654002393698,1.0,,,,False,1,No solution exists for discriminant 
0.33333399999999996,1175,,3.3157383269458904,0.004071654002393698,1.0,,,,False,1,No solution exists for discriminant 
0.33333399999999996,1200,,3.3157383269458904,0.004071654002393698,1.0,,,,False,1,No solution exists for discriminant 
0.33333399999999996,1225,,3.3157383269458904,0.004071654002393698,1.0,,,,False,1,No solution exists for discriminant 
0.33333399999999996,1250,,3.3157383269458904,0.004071654002393698,1.0,,,,False,1,No solution exists for discriminant 
0.33333399999999996,1275,,3.3157383269458904,0.004071654002393698,1.0,,,,False,1,No solution exists for discriminant 
0.33333399999999996,1300,,3.3157383269458904,0.004071654002393698,1.0,,,,False,1,No solution exists for discriminant 
0.33333399999999996,1325,,3.3157383269458904,0.004071654002393698,1.0,,,,False,1,No solution exists for discriminant 
0.33333399999999996,1350,,3.3157383269458904,0.004071654002393698,1.0,,,,False,1,No solution exists for discriminant 
0.33333399999999996,1375,,3.3157383269458904,0.004071654002393698,1.0,,,,False,1,No solution exists for discriminant 
0.33333399999999996,1400,,3.3157383269458904,0.004071654002393698,1.0,,,,False,1,No solution exists for discriminant 
0.33333399999999996,1425,,3.3157383269458904,0.004071654002393698,1.0,,,,False,1,No solution exists for discriminant 
0.33333399999999996,1450,,3.3157383269458904,0.004071654002393698,1.0,,,,False,1,No solution exists for discriminant 
0.33333399999999996,1475,,3.3157383269458904,0.004071654002393698,1.0,,,,False,1,No solution exists for discriminant 
0.33333399999999996,1500,,3.3157383269458904,0.004071654002393698,1.0,,,,False,1,No solution exists for discriminant 
0.33333399999999996,1525,,3.3157383269458904,0.004071654002393698,1.0,,,,False,1,No solution exists for discriminant 
0.358975,-100,-25.925925925925927,3.3383420760714,0.0038871157736714906,0.8701884439789975,3.4391191516851056,-89.16234837702126,-10.83765162297874,True,3,
0.358975,-75,-21.903743059940947,3.3383420760714,0.003913953394639268,0.6577700618600886,3.4240723055761624,-74.99999999999986,-1.4210854715202004e-13,True,3,
0.358975,-50,-14.722912361602845,3.3383420760714,0.0039207691271527555,0.4421295003484338,3.3960672163205485,-49.999999999999964,-3.552713678800501e-14,True,3,
0.358975,-25,-7.4242793427231994,3.3383420760714,0.0039045026009327374,0.22295133161330932,3.367330194075114,-24.99999999999997,-2.842170943040401e-14,True,3,
0.358975,0,0.0,3.3383420760714,0.0038617564264624388,0.0,3.3383420760714,0.0,0.0,True,1,
0.358975,25,7.55552330815311,3.3383420760714,0.0039050140155221106,0.22689259183642976,3.3088376516584583,25.00000000000008,-8.171241461241152e-14,True,3,
0.358975,50,15.250672321292125,3.3383420760714,0.003921013462011879,0.4579781477865503,3.278543984594882,49.999999999999964,3.552713678800501e-14,True,3,
0.358975,75,23.090858765049244,3.3383420760714,0.003910790063565822,0.693419182133611,3.248038575053844,75.00000000000011,-1.1368683772161603e-13,True,3,
0.358975,100,31.076135012667386,3.3383420760714,0.0038756007666525,0.9332172676476693,3.21790338339171,99.99999999999997,2.842170943040401e-14,True,3,
0.358975,125,39.200785982555054,3.3383420760714,0.0038170280931537895,1.1772007802569087,3.1887115747022783,125.00000000000013,-1.2789769243681803e-13,True,4,
0.358975,150,47.453241648979564,3.3383420760714,0.0037370616119413993,1.425022271741128,3.1610063883428197,149.99999999999997,2.842170943040401e-14,True,4,
0.358975,175,55.816501132739155,3.3383420760714,0.003638144917179621,1.676171205187362,3.1352735561805747,175.00000000000017,-1.7053025658242404e-13,True,5,
0.358975,200,64.26919940415331,3.3383420760714,0.003523173199157063,1.9300059881127123,3.1119105551994064,200.00000000000009,-8.526512829121202e-14,True,5,
0.358975,225,72.78733495340997,3.3383420760714,0.003395439037695492,2.185805854456756,3.0911971175207746,225.00000000000003,-2.842170943040401e-14,True,5,
0.358975,250,81.34652114081672,3.3383420760714,0.003258527799373823,2.442838472697199,3.0732721755516987,250.00000000000006,-5.684341886080802e-14,True,6,
0.358975,275,89.92451436006895,3.3383420760714,0.003116186805697349,2.700435866668738,3.0581204909138116,275.00000000000017,-1.7053025658242404e-13,True,6,
0.358975,300,98.50369733295891,3.3383420760714,0.002972184034760179,2.9580689889777454,3.045570959493531,300.0,0.0,True,7,
0.358975,325,107.07328863950796,3.3383420760714,0.002830191407037369,3.215414073258498,3.0353041746406326,324.99999999999994,5.684341886080802e-14,True,7,
0.358975,350,115.63120236610717,3.3383420760714,0.0026937142397802385,3.472408479462678,3.026864659694907,349.9999999999999,1.1368683772161603e-13,True,7,
0.358975,375,124.18566802330308,3.3383420760714,0.002566076718693796,3.7292993400391317,3.0196721245613656,375.00000000000006,-5.684341886080802e-14,True,7,
0.358975,400,132.75697458624202,3.3383420760714,0.0024504754265806754,3.9866959335207817,3.013024372140619,400.0,0.0,True,8,
0.358975,425,141.3755495522912,3.3383420760714,0.002349519062085881,4.245511998567304,3.006177527485425,425.0,0.0,True,8,
0.358975,450,150.06388235136916,3.3383420760714,0.0022631640197599517,4.50642289343451,2.998722896868291,450.00000000000017,-1.7053025658242404e-13,True,8,
0.358975,475,158.84296264951666,3.3383420760714,0.0021906367401247242,4.770058938423924,2.9903748461811097,475.00000000000017,-1.7053025658242404e-13,True,7,
0.358975,500,167.73703096254363,3.3383420760714,0.0021312270015963956,5.037148076953263,2.9808563865164164,500.00000000000006,-5.684341886080802e-14,True,7,
0.358975,525,176.77398787673567,3.3383420760714,0.002084289177171519,5.308528164466537,2.969893966334471,525.0000000000002,-2.2737367544323206e-13,True,7,
0.358975,550,185.98593737760237,3.3383420760714,0.0020492369078465356,5.585163284612684,2.957212828856783,550.0,0.0,True,7,
0.358975,575,195.40992301317237,3.3383420760714,0.0020255359717701866,5.868165856251423,2.9425322477673768,575.0000000000001,-1.1368683772161603e-13,True,6,
0.358975,600,205.0888432979337,3.3383420760714,0.002012692092909604,6.1588241230610725,2.925561382821672,600.0000000000001,-1.1368683772161603e-13,True,6,
0.358975,625,215.07252903316444,3.3383420760714,0.0020102318751495604,6.458634505500434,2.9059964227399036,624.9999999999999,1.1368683772161603e-13,True,6,
0.358975,650,225.41888265345236,3.3383420760714,0.002017672318149996,6.76933581541899,2.883520636553227,650.0000000000001,-1.1368683772161603e-13,True,7,
0.358975,675,236.19481295738765,3.3383420760714,0.002034471629484343,7.092937326047678,2.857810430078234,675.0000000000001,-1.1368683772161603e-13,True,7,
0.358975,700,247.47629274341148,3.3383420760714,0.002059948061100188,7.43172050280515,2.828553766666347,700.0000000000001,-1.1368683772161603e-13,True,8,
0.358975,725,,3.3383420760714,0.0038617275612421245,1.0,,,,False,1,No solution exists for discriminant 
0.358975,750,,3.3383420760714,0.0038617275612421245,1.0,,,,False,1,No solution exists for discriminant 
0.358975,775,,3.3383420760714,0.0038617275612421245,1.0,,,,False,1,No solution exists for discriminant 
0.358975,800,,3.3383420760714,0.0038617275612421245,1.0,,,,False,1,No solution exists for discriminant 
0.358975,825,,3.3383420760714,0.0038617275612421245,1.0,,,,False,1,No solution exists for discriminant 
0.358975,850,,3.3383420760714,0.0038617275612421245,1.0,,,,False,1,No solution exists for discriminant 
0.358975,875,,3.3383420760714,0.0038617275612421245,1.0,,,,False,1,No solution exists for discriminant 
0.358975,900,,3.3383420760714,0.0038617275612421245,1.0,,,,False,1,No solution exists for discriminant 
0.358975,925,,3.3383420760714,0.0038617275612421245,1.0,,,,False,1,No solution exists for discriminant 
0.358975,950,,3.3383420760714,0.0038617275612421245,1.0,,,,False,1,No solution exists for discriminant 
0.358975,975,,3.3383420760714,0.0038617275612421245,1.0,,,,False,1,No solution exists for discriminant 
0.358975,1000,,3.3383420760714,0.0038617275612421245,1.0,,,,False,1,No solution exists for discriminant 
0.358975,1025,,3.3383420760714,0.0038617275612421245,1.0,,,,False,1,No solution exists for discriminant 
0.358975,1050,,3.3383420760714,0.0038617275612421245,1.0,,,,False,1,No solution exists for discriminant 
0.358975,1075,,3.3383420760714,0.0038617275612421245,1.0,,,,False,1,No solution exists for discriminant 
0.358975,1100,,3.3383420760714,0.0038617275612421245,1.0,,,,False,1,No solution exists for discriminant 
0.358975,1125,,3.3383420760714,0.0038617275612421245,1.0,,,,False,1,No solution exists for discriminant 
0.358975,1150,,3.3383420760714,0.0038617275612421245,1.0,,,,False,1,No solution exists for discriminant 
0.358975,1175,,3.3383420760714,0.0038617275612421245,1.0,,,,False,1,No solution exists for discriminant 
0.358975,1200,,3.3383420760714,0.0038617275612421245,1.0,,,,False,1,No solution exists for discriminant 
0.358975,1225,,3.3383420760714,0.0038617275612421245,1.0,,,,False,1,No solution exists for discriminant 
0.358975,1250,,3.3383420760714,0.0038617275612421245,1.0,,,,False,1,No solution exists for discriminant 
0.358975,1275,,3.3383420760714,0.0038617275612421245,1.0,,,,False,1,No solution exists for discriminant 
0.358975,1300,,3.3383420760714,0.0038617275612421245,1.0,,,,False,1,No solution exists for discriminant 
0.358975,1325,,3.3383420760714,0.0038617275612421245,1.0,,,,False,1,No solution exists for discriminant 
0.358975,1350,,3.3383420760714,0.0038617275612421245,1.0,,,,False,1,No solution exists for discriminant 
0.358975,1375,,3.3383420760714,0.0038617275612421245,1.0,,,,False,1,No solution exists for discriminant 
0.358975,1400,,3.3383420760714,0.0038617275612421245,1.0,,,,False,1,No solution exists for discriminant 
0.358975,1425,,3.3383420760714,0.0038617275612421245,1.0,,,,False,1,No solution exists for discriminant 
0.358975,1450,,3.3383420760714,0.0038617275612421245,1.0,,,,False,1,No solution exists for discriminant 
0.358975,1475,,3.3383420760714,0.0038617275612421245,1.0,,,,False,1,No solution exists for discriminant 
0.358975,1500,,3.3383420760714,0.0038617275612421245,1.0,,,,False,1,No solution exists for discriminant 
0.358975,1525,,3.3383420760714,0.0038617275612421245,1.0,,,,False,1,No solution exists for discriminant 
0.38461599999999996,-100,-25.925925925925927,3.3640444491077544,0.003902337242764362,0.8638503761273878,3.465216155401645,-89.83893736226489,-10.161062637735114,True,3,
0.38461599999999996,-75,-21.74228150572647,3.3640444491077544,0.003930385520302188,0.6529213665383325,3.4494999975161957,-74.99999999999989,-1.1368683772161603e-13,True,3,
0.38461599999999996,-50,-14.613134247406036,3.3640444491077544,0.0039372122911965676,0.4388328602824636,3.421579460879547,-49.999999999999986,-1.4210854715202004e-14,True,3,
0.38461599999999996,-25,-7.368273477402343,3.3640444491077544,0.003919594945617646,0.22126947379586617,3.3929250965877094,-25.0,0.0,True,3,
0.38461599999999996,0,0.0,3.3640444491077544,0.0038739578554812574,0.0,3.3640444491077544,0.0,0.0,True,1,
0.38461599999999996,25,7.497027260871998,3.3640444491077544,0.00392013707157005,0.2251359537799399,3.3346550746158385,25.00000000000009,-8.881784197001252e-14,True,3,
0.38461599999999996,50,15.131037676265114,3.3640444491077544,0.003937497240688102,0.45438551580375725,3.3044660300087125,50.000000000000036,-3.552713678800501e-14,True,3,
0.38461599999999996,75,22.90716496067941,3.3640444491077544,0.003927141391845072,0.6879028516720544,3.274084773420847,75.00000000000001,-1.4210854715202004e-14,True,3,
0.38461599999999996,100,30.824974220924574,3.3640444491077544,0.0038904072630767056,0.9256749015292666,3.244122745514517,100.00000000000004,-4.263256414560601e-14,True,3,
0.38461599999999996,125,38.87805816183347,3.3640444491077544,0.003828979628339011,1.1675092541091134,3.2151811564167145,125.00000000000003,-2.842170943040401e-14,True,4,
0.38461599999999996,150,47.053975889659675,3.3640444491077544,0.0037449771267865895,1.413032308998789,3.187828385676611,150.0,0.0,True,4,
0.38461599999999996,175,55.33473210828484,3.3640444491077544,0.0036410006130371863,1.6617036669154608,3.1625706555792408,175.00000000000006,-5.684341886080802e-14,True,5,
0.38461599999999996,200,63.69792531511318,3.3640444491077544,0.0035201265948320458,1.912850610063459,3.139819688170399,200.00000000000003,-2.842170943040401e-14,True,5,
0.38461599999999996,225,72.11856945000831,3.3640444491077544,0.0033858440838497018,2.165722806306556,3.11986221739974,225.00000000000006,-5.684341886080802e-14,True,5,
0.38461599999999996,250,80.57142658273905,3.3640444491077544,0.0032419370509927646,2.419562359842014,3.1028369560178293,250.00000000000006,-5.684341886080802e-14,True,6,
0.38461599999999996,275,89.03357836859239,3.3640444491077544,0.0030923404677789664,2.6736810320898616,3.088722311727386,275.00000000000006,-5.684341886080802e-14,True,6,
0.38461599999999996,300,97.4868915790263,3.3640444491077544,0.002940986566878684,2.927534281652442,3.077336810527079,300.0,0.0,True,7,
0.38461599999999996,325,105.92014270963902,3.3640444491077544,0.0027916796684283813,3.1807850663555266,3.0683493402282225,325.00000000000006,-5.684341886080802e-14,True,7,
0.38461599999999996,350,114.33072986329182,3.3640444491077544,0.002648021676467219,3.433355251149905,3.0612941981434396,350.00000000000017,-1.7053025658242404e-13,True,7,
0.38461599999999996,375,122.72607836114432,3.3640444491077544,0.002513395368823498,3.685467818652983,3.0555852921209845,375.0,0.0,True,8,
0.38461599999999996,400,131.12511381287197,3.3640444491077544,0.0023910201401845348,3.937691105491651,3.0505216610971884,400.0000000000001,-1.1368683772161603e-13,True,8,
0.38461599999999996,425,139.55817965661728,3.3640444491077544,0.0022837754573696153,4.190936326024543,3.0453249035327925,425.00000000000017,-1.7053025658242404e-13,True,8,
0.38461599999999996,450,148.0501459245133,3.3640444491077544,0.002192053004361639,4.4459503280634625,3.0395106819377458,450.00000000000017,-1.7053025658242404e-13,True,8,
0.38461599999999996,475,156.62160147443225,3.3640444491077544,0.0021150158765941528,4.703351395628596,3.032787275371728,475.0,0.0,True,8,
0.38461599999999996,500,165.29611104685964,3.3640444491077544,0.002051892776263938,4.963847178584374,3.0248745529061813,500.00000000000006,-5.684341886080802e-14,True,7,
0.38461599999999996,525,174.10063831402186,3.3640444491077544,0.002001986781023588,5.228247396817474,3.0154972726353138,525.0000000000001,-1.1368683772161603e-13,True,7,
0.38461599999999996,550,183.0660836284435,3.3640444491077544,0.001964672432988178,5.497479988842147,3.004379561187843,550.0,0.0,True,7,
0.38461599999999996,575,192.22797740170745,3.3640444491077544,0.0019393874545188187,5.7726119339852096,2.991239921327356,575.0000000000001,-1.1368683772161603e-13,True,6,
0.38461599999999996,600,201.62737455604022,3.3640444491077544,0.001925621683851082,6.054876112794001,2.9757864046046794,600.0,0.0,True,6,
0.38461599999999996,625,211.31193150783494,3.3640444491077544,0.00192289980050222,6.345703648883933,2.9577127781675996,625.0,0.0,True,6,
0.38461599999999996,650,221.33710382817173,3.3640444491077544,0.001930753956199993,6.646759874719873,2.936696960237663,650.0,0.0,True,7,
0.38461599999999996,675,231.76727768329388,3.3640444491077544,0.0019486798274224585,6.959978308807624,2.9124042304297,675.0000000000001,-1.1368683772161603e-13,True,7,
0.38461599999999996,700,242.6763224346851,3.3640444491077544,0.0019760635676764906,7.287577250290844,2.88450060960686,700.0000000000001,-1.1368683772161603e-13,True,8,
0.38461599999999996,725,254.14640742786747,3.3640444491077544,0.002012060900609514,7.632024247083108,2.852686399691767,725.0000000000002,-2.2737367544323206e-13,True,8,
0.38461599999999996,750,,3.3640444491077544,0.0038739686435181027,1.0,,,,False,1,No solution exists for discriminant 
0.38461599999999996,775,,3.3640444491077544,0.0038739686435181027,1.0,,,,False,1,No solution exists for discriminant 
0.38461599999999996,800,,3.3640444491077544,0.0038739686435181027,1.0,,,,False,1,No solution exists for discriminant 
0.38461599999999996,825,,3.3640444491077544,0.0038739686435181027,1.0,,,,False,1,No solution exists for discriminant 
0.38461599999999996,850,,3.3640444491077544,0.0038739686435181027,1.0,,,,False,1,No solution exists for discriminant 
0.38461599999999996,875,,3.3640444491077544,0.0038739686435181027,1.0,,,,False,1,No solution exists for discriminant 
0.38461599999999996,900,,3.3640444491077544,0.0038739686435181027,1.0,,,,False,1,No solution exists for discriminant 
0.38461599999999996,925,,3.3640444491077544,0.0038739686435181027,1.0,,,,False,1,No solution exists for discriminant 
0.38461599999999996,950,,3.3640444491077544,0.0038739686435181027,1.0,,,,False,1,No solution exists for discriminant 
0.38461599999999996,975,,3.3640444491077544,0.0038739686435181027,1.0,,,,False,1,No solution exists for discriminant 
0.38461599999999996,1000,,3.3640444491077544,0.0038739686435181027,1.0,,,,False,1,No solution exists for discriminant 
0.38461599999999996,1025,,3.3640444491077544,0.0038739686435181027,1.0,,,,False,1,No solution exists for discriminant 
0.38461599999999996,1050,,3.3640444491077544,0.0038739686435181027,1.0,,,,False,1,No solution exists for discriminant 
0.38461599999999996,1075,,3.3640444491077544,0.0038739686435181027,1.0,,,,False,1,No solution exists for discriminant 
0.38461599999999996,1100,,3.3640444491077544,0.0038739686435181027,1.0,,,,False,1,No solution exists for discriminant 
0.38461599999999996,1125,,3.3640444491077544,0.0038739686435181027,1.0,,,,False,1,No solution exists for discriminant 
0.38461599999999996,1150,,3.3640444491077544,0.0038739686435181027,1.0,,,,False,1,No solution exists for discriminant 
0.38461599999999996,1175,,3.3640444491077544,0.0038739686435181027,1.0,,,,False,1,No solution exists for discriminant 
0.38461599999999996,1200,,3.3640444491077544,0.0038739686435181027,1.0,,,,False,1,No solution exists for discriminant 
0.38461599999999996,1225,,3.3640444491077544,0.0038739686435181027,1.0,,,,False,1,No solution exists for discriminant 
0.38461599999999996,1250,,3.3640444491077544,0.0038739686435181027,1.0,,,,False,1,No solution exists for discriminant 
0.38461599999999996,1275,,3.3640444491077544,0.0038739686435181027,1.0,,,,False,1,No solution exists for discriminant 
0.38461599999999996,1300,,3.3640444491077544,0.0038739686435181027,1.0,,,,False,1,No solution exists for discriminant 
0.38461599999999996,1325,,3.3640444491077544,0.0038739686435181027,1.0,,,,False,1,No solution exists for discriminant 
0.38461599999999996,1350,,3.3640444491077544,0.0038739686435181027,1.0,,,,False,1,No solution exists for discriminant 
0.38461599999999996,1375,,3.3640444491077544,0.0038739686435181027,1.0,,,,False,1,No solution exists for discriminant 
0.38461599999999996,1400,,3.3640444491077544,0.0038739686435181027,1.0,,,,False,1,No solution exists for discriminant 
0.38461599999999996,1425,,3.3640444491077544,0.0038739686435181027,1.0,,,,False,1,No solution exists for discriminant 
0.38461599999999996,1450,,3.3640444491077544,0.0038739686435181027,1.0,,,,False,1,No solution exists for discriminant 
0.38461599999999996,1475,,3.3640444491077544,0.0038739686435181027,1.0,,,,False,1,No solution exists for discriminant 
0.38461599999999996,1500,,3.3640444491077544,0.0038739686435181027,1.0,,,,False,1,No solution exists for discriminant 
0.38461599999999996,1525,,3.3640444491077544,0.0038739686435181027,1.0,,,,False,1,No solution exists for discriminant 
0.410257,-100,-25.925925925925927,3.390561711742538,0.003937387661250035,0.8572750313276524,3.4926421325897614,-90.54998121529012,-9.450018784709883,True,3,
0.410257,-75,-21.57567377926947,3.390561711742538,0.003966290246606992,0.6479181315095937,3.476137096217229,-74.99999999999997,-2.842170943040401e-14,True,3,
0.410257,-50,-14.500437163383458,3.390561711742538,0.003972996817745427,0.43544856346496874,3.4481719024485784,-50.00000000000001,7.105427357601002e-15,True,3,
0.410257,-25,-7.311072664209853,3.390561711742538,0.003954160911340244,0.21955173165795355,3.4194708694913247,-24.999999999999922,-7.815970093361102e-14,True,3,
0.410257,0,0.0,3.390561711742538,0.0039060706426868714,0.0,3.390561711742538,0.0,0.0,True,1,
0.410257,25,7.437937839432285,3.390561711742538,0.003954730796126084,0.22336149667964822,3.361146669909264,24.99999999999993,7.105427357601002e-14,True,3,
0.410257,50,15.01087395796951,3.390561711742538,0.003973323818582354,0.45077699573482016,3.3309186487076,49.99999999999991,9.237055564881302e-14,True,3,
0.410257,75,22.723778044669103,3.390561711742538,0.003962994428756032,0.6823957370771503,3.300507505951226,75.00000000000004,-4.263256414560601e-14,True,3,
0.410257,100,30.575923134872358,3.390561711742538,0.003925131043365668,0.9181958899361069,3.270547206666288,99.99999999999993,7.105427357601002e-14,True,3,
0.410257,125,38.56047870816902,3.390561711742538,0.0038614850215194234,1.1579723335786494,3.2416610007883246,125.00000000000007,-7.105427357601002e-14,True,4,
0.410257,150,46.66445865015366,3.390561711742538,0.003774262309804685,1.4013350945992091,3.214437804251824,149.99999999999997,2.842170943040401e-14,True,4,
0.410257,175,54.869227066340684,3.390561711742538,0.003666173798370663,1.6477245365267474,3.1894015891350698,174.99999999999997,2.842170943040401e-14,True,5,
0.410257,200,63.15169008965517,3.390561711742538,0.0035404265519669875,1.8964471498394948,3.1669777913475325,200.0,0.0,True,5,
0.410257,225,71.48617025825281,3.390561711742538,0.0034006545965724498,2.1467318395871717,3.14746193826245,224.9999999999999,1.1368683772161603e-13,True,5,
0.410257,250,79.84678524480016,3.390561711742538,0.0032507918169966234,2.397801358702708,3.130996435655255,249.99999999999991,8.526512829121202e-14,True,6,
0.410257,275,88.21004204981304,3.390561711742538,0.0030949178147669826,2.6489502117060977,3.1175588811612274,274.99999999999994,5.684341886080802e-14,True,6,
0.410257,300,96.55728531424406,3.390561711742538,0.0029370938533037514,2.899618177604927,3.1069639025543756,300.0,0.0,True,7,
0.410257,325,104.8767585056164,3.390561711742538,0.002781229915074547,3.1494522073758677,3.098875333590669,325.0,0.0,True,7,
0.410257,350,113.1652062996506,3.390561711742538,0.002631005631249346,3.3983545435330513,3.0928234167066635,349.99999999999983,1.7053025658242404e-13,True,7,
0.410257,375,121.42911828649459,3.390561711742538,0.002489850291321813,3.6465200686635013,3.0882213862019587,374.99999999999994,5.684341886080802e-14,True,8,
0.410257,400,129.6859774573285,3.390561711742538,0.0023609965975578094,3.8944737975173727,3.084373560214827,400.0000000000001,-1.1368683772161603e-13,True,8,
0.410257,425,137.96506419352255,3.390561711742538,0.002247465457185891,4.143095020826503,3.0804899956691623,425.0,0.0,True,8,
0.410257,450,146.29332564476252,3.390561711742538,0.002150131474793757,4.393192962305181,3.076011827721482,449.9999999999999,1.1368683772161603e-13,True,8,
0.410257,475,154.69092977824346,3.390561711742538,0.0020681414523435375,4.645373266613918,3.0706389875665896,474.9999999999999,1.1368683772161603e-13,True,8,
0.410257,500,163.18054071634634,3.390561711742538,0.002000672817789586,4.900316538028419,3.064090839539137,500.0,0.0,True,7,
0.410257,525,171.78796239505752,3.390561711742538,0.0019469853716256066,5.158797669521247,3.0560930619379914,524.9999999999999,1.1368683772161603e-13,True,7,
0.410257,550,180.54263537943373,3.390561711742538,0.001906418796305279,5.421700762145157,3.0463718381206952,550.0,0.0,True,7,
0.410257,575,189.47827532586524,3.390561711742538,0.001878384322087714,5.690038298074032,3.0346486899942136,574.9999999999999,1.1368683772161603e-13,True,6,
0.410257,600,198.63371215228727,3.390561711742538,0.0018623546895095004,5.964976340909528,3.0206352864210455,599.9999999999998,2.2737367544323206e-13,True,6,
0.410257,625,208.05391688674374,3.390561711742538,0.0018578487586504667,6.247865371974287,3.004029000522134,624.9999999999999,1.1368683772161603e-13,True,5,
0.410257,650,217.79118200009248,3.390561711742538,0.001864407580993107,6.540275735738513,2.9845101809481163,650.0000000000001,-1.1368683772161603e-13,True,7,
0.410257,675,227.90633050140144,3.390561711742538,0.0018815564216049451,6.844033948991035,2.961743092063207,674.9999999999999,1.1368683772161603e-13,True,7,
0.410257,700,238.4695835767323,3.390561711742538,0.0019087418476104697,7.161248756058027,2.935384838187387,699.9999999999999,1.1368683772161603e-13,True,8,
0.410257,725,249.56022452226958,3.390561711742538,0.0019452271588620965,7.494301036704793,2.905110385230097,725.0,0.0,True,9,
0.410257,750,,3.390561711742538,0.0039061062811428003,1.0,,,,False,1,No solution exists for discriminant 
0.410257,775,,3.390561711742538,0.0039061062811428003,1.0,,,,False,1,No solution exists for discriminant 
0.410257,800,,3.390561711742538,0.0039061062811428003,1.0,,,,False,1,No solution exists for discriminant 
0.410257,825,,3.390561711742538,0.0039061062811428003,1.0,,,,False,1,No solution exists for discriminant 
0.410257,850,,3.390561711742538,0.0039061062811428003,1.0,,,,False,1,No solution exists for discriminant 
0.410257,875,,3.390561711742538,0.0039061062811428003,1.0,,,,False,1,No solution exists for discriminant 
0.410257,900,,3.390561711742538,0.0039061062811428003,1.0,,,,False,1,No solution exists for discriminant 
0.410257,925,,3.390561711742538,0.0039061062811428003,1.0,,,,False,1,No solution exists for discriminant 
0.410257,950,,3.390561711742538,0.0039061062811428003,1.0,,,,False,1,No solution exists for discriminant 
0.410257,975,,3.390561711742538,0.0039061062811428003,1.0,,,,False,1,No solution exists for discriminant 
0.410257,1000,,3.390561711742538,0.0039061062811428003,1.0,,,,False,1,No solution exists for discriminant 
0.410257,1025,,3.390561711742538,0.0039061062811428003,1.0,,,,False,1,No solution exists for discriminant 
0.410257,1050,,3.390561711742538,0.0039061062811428003,1.0,,,,False,1,No solution exists for discriminant 
0.410257,1075,,3.390561711742538,0.0039061062811428003,1.0,,,,False,1,No solution exists for discriminant 
0.410257,1100,,3.390561711742538,0.0039061062811428003,1.0,,,,False,1,No solution exists for discriminant 
0.410257,1125,,3.390561711742538,0.0039061062811428003,1.0,,,,False,1,No solution exists for discriminant 
0.410257,1150,,3.390561711742538,0.0039061062811428003,1.0,,,,False,1,No solution exists for discriminant 
0.410257,1175,,3.390561711742538,0.0039061062811428003,1.0,,,,False,1,No solution exists for discriminant 
0.410257,1200,,3.390561711742538,0.0039061062811428003,1.0,,,,False,1,No solution exists for discriminant 
0.410257,1225,,3.390561711742538,0.0039061062811428003,1.0,,,,False,1,No solution exists for discriminant 
0.410257,1250,,3.390561711742538,0.0039061062811428003,1.0,,,,False,1,No solution exists for discriminant 
0.410257,1275,,3.390561711742538,0.0039061062811428003,1.0,,,,False,1,No solution exists for discriminant 
0.410257,1300,,3.390561711742538,0.0039061062811428003,1.0,,,,False,1,No solution exists for discriminant 
0.410257,1325,,3.390561711742538,0.0039061062811428003,1.0,,,,False,1,No solution exists for discriminant 
0.410257,1350,,3.390561711742538,0.0039061062811428003,1.0,,,,False,1,No solution exists for discriminant 
0.410257,1375,,3.390561711742538,0.0039061062811428003,1.0,,,,False,1,No solution exists for discriminant 
0.410257,1400,,3.390561711742538,0.0039061062811428003,1.0,,,,False,1,No solution exists for discriminant 
0.410257,1425,,3.390561711742538,0.0039061062811428003,1.0,,,,False,1,No solution exists for discriminant 
0.410257,1450,,3.390561711742538,0.0039061062811428003,1.0,,,,False,1,No solution exists for discriminant 
0.410257,1475,,3.390561711742538,0.0039061062811428003,1.0,,,,False,1,No solution exists for discriminant 
0.410257,1500,,3.390561711742538,0.0039061062811428003,1.0,,,,False,1,No solution exists for discriminant 
0.410257,1525,,3.390561711742538,0.0039061062811428003,1.0,,,,False,1,No solution exists for discriminant 
0.435898,-100,-25.925925925925927,3.416959476659039,0.003879894914847881,0.8514408561325552,3.517549344821762,-91.19572375463828,-8.80427624536172,True,3,
0.435898,-75,-21.424458948034747,3.416959476659039,0.003907326557644945,0.6433771455866291,3.5006718340898693,-74.99999999999991,-8.526512829121202e-14,True,3,
0.435898,-50,-14.395553049459995,3.416959476659039,0.003913385919943907,0.43229889037417407,3.4732948312726015,-49.999999999999936,-6.394884621840902e-14,True,3,
0.435898,-25,-7.256425225285214,3.416959476659039,0.003894906578664846,0.21791066742598242,3.445222575006592,-24.99999999999991,-8.881784197001252e-14,True,3,
0.435898,0,0.0,3.416959476659039,0.0038483872371184017,0.0,3.416959476659039,0.0,0.0,True,1,
0.435898,25,7.3785122824175415,3.416959476659039,0.0038954435806098247,0.2215769454179442,3.3882168983540453,24.99999999999999,1.0658141036401503e-14,True,3,
0.435898,50,14.886725370975554,3.416959476659039,0.003913719416614194,0.44704880993920587,3.358697010524849,50.000000000000014,-1.4210854715202004e-14,True,3,
0.435898,75,22.52930347352019,3.416959476659039,0.0039043262997472627,0.6765556598654713,3.328997724592387,75.00000000000009,-8.526512829121202e-14,True,3,
0.435898,100,30.305608745168815,3.416959476659039,0.00386859891525586,0.9100783406957603,3.2997192315413106,100.00000000000007,-7.105427357601002e-14,True,3,
0.435898,125,38.209350247553864,3.416959476659039,0.0038082019882884387,1.147427935361978,3.2714505530750952,125.00000000000011,-1.1368683772161603e-13,True,4,
0.435898,150,46.22854701241084,3.416959476659039,0.0037252125211588855,1.3882446550273528,3.244748314493424,150.0000000000001,-1.1368683772161603e-13,True,4,
0.435898,175,54.34598106169839,3.416959476659039,0.0036221658905723235,1.632011443294246,3.220109317767666,175.00000000000009,-8.526512829121202e-14,True,5,
0.435898,200,62.540253518470685,3.416959476659039,0.0035020505666350553,1.878085691245366,3.197940346387179,200.00000000000014,-1.4210854715202004e-13,True,5,
0.435898,225,70.78744684374914,3.416959476659039,0.0033682498534259317,2.1257491544669413,3.1785296692031855,225.00000000000003,-2.842170943040401e-14,True,5,
0.435898,250,79.0632495991461,3.416959476659039,0.0032244326086884856,2.3742717597341176,3.1620253565026757,250.0,0.0,True,6,
0.435898,275,87.34529982564409,3.416959476659039,0.00307441745814225,2.622981976746069,3.14842356198841,275.0,0.0,True,6,
0.435898,300,95.61543772986252,3.416959476659039,0.0029220263171783473,2.871334466362238,3.1375686512838534,300.0,0.0,True,7,
0.435898,325,103.86164475462097,3.416959476659039,0.0027709616026758716,3.1189683109495787,3.1291628470532227,325.00000000000017,-1.7053025658242404e-13,True,7,
0.435898,350,112.07958232706564,3.416959476659039,0.002624727741886282,3.3657532230350045,3.1227810876261626,350.00000000000006,-5.684341886080802e-14,True,7,
0.435898,375,120.2737980925004,3.416959476659039,0.0024866048014090345,3.611825768543556,3.1178860728385267,374.99999999999994,5.684341886080802e-14,True,7,
0.435898,400,128.4588635677732,3.416959476659039,0.0023596828991898637,3.85762353056376,3.113837293048801,400.0000000000001,-1.1368683772161603e-13,True,8,
0.435898,425,136.66056247689616,3.416959476659039,0.0022469135988066333,4.103920795101987,3.1098950004091375,424.99999999999994,5.684341886080802e-14,True,8,
0.435898,450,144.9054252011515,3.416959476659039,0.0021495791904575607,4.35151427030485,3.1054737900622396,450.00000000000034,-3.410605131648481e-13,True,8,
0.435898,475,153.2120297355669,3.416959476659039,0.0020669442694843114,4.600961853920928,3.100278749781049,475.0000000000002,-2.2737367544323206e-13,True,8,
0.435898,500,161.60070323312152,3.416959476659039,0.001998218625210663,4.852873970964611,3.094045941611475,500.0,0.0,True,7,
0.435898,525,170.09449736696467,3.416959476659039,0.001942684105769985,5.107942863872814,3.0865196001453024,525.0,0.0,True,7,
0.435898,550,178.71955645526032,3.416959476659039,0.0018996928794529537,5.366953647305115,3.077447207841991,549.9999999999999,1.1368683772161603e-13,True,7,
0.435898,575,187.50558703294593,3.416959476659039,0.00186865997883977,5.630798409397776,3.066575290361716,575.0000000000001,-1.1368683772161603e-13,True,6,
0.435898,600,196.48647962839544,3.416959476659039,0.0018490547229713565,5.9004948837355995,3.0536452235021394,600.0000000000001,-1.1368683772161603e-13,True,6,
0.435898,625,205.70105172500917,3.416959476659039,0.0018403871232908872,6.177208760510786,3.0383899098169396,625.0000000000002,-2.2737367544323206e-13,True,6,
0.435898,650,215.19389757104864,3.416959476659039,0.0018421885156814752,6.462279206337797,3.0205317499089177,649.9999999999999,1.1368683772161603e-13,True,6,
0.435898,675,225.01622850497142,3.416959476659039,0.0018539811279009858,6.757244099248392,2.9997836355393663,675.0,0.0,True,7,
0.435898,700,235.22646943539223,3.416959476659039,0.0018752307283279076,7.06385794100277,2.9758555730577063,700.0000000000002,-2.2737367544323206e-13,True,8,
0.435898,725,245.8900436000647,3.416959476659039,0.001905270739008394,7.3840853933953365,2.9484723715743377,725.0000000000001,-1.1368683772161603e-13,True,8,
0.435898,750,257.07713238523974,3.416959476659039,0.0019431799538743614,7.720034005562756,2.917412346408536,750.0000000000001,-1.1368683772161603e-13,True,8,
0.435898,775,,3.416959476659039,0.0038484115321576334,1.0,,,,False,1,No solution exists for discriminant 
0.435898,800,,3.416959476659039,0.0038484115321576334,1.0,,,,False,1,No solution exists for discriminant 
0.435898,825,,3.416959476659039,0.0038484115321576334,1.0,,,,False,1,No solution exists for discriminant 
0.435898,850,,3.416959476659039,0.0038484115321576334,1.0,,,,False,1,No solution exists for discriminant 
0.435898,875,,3.416959476659039,0.0038484115321576334,1.0,,,,False,1,No solution exists for discriminant 
0.435898,900,,3.416959476659039,0.0038484115321576334,1.0,,,,False,1,No solution exists for discriminant 
0.435898,925,,3.416959476659039,0.0038484115321576334,1.0,,,,False,1,No solution exists for discriminant 
0.435898,950,,3.416959476659039,0.0038484115321576334,1.0,,,,False,1,No solution exists for discriminant 
0.435898,975,,3.416959476659039,0.0038484115321576334,1.0,,,,False,1,No solution exists for discriminant 
0.435898,1000,,3.416959476659039,0.0038484115321576334,1.0,,,,False,1,No solution exists for discriminant 
0.435898,1025,,3.416959476659039,0.0038484115321576334,1.0,,,,False,1,No solution exists for discriminant 
0.435898,1050,,3.416959476659039,0.0038484115321576334,1.0,,,,False,1,No solution exists for discriminant 
0.435898,1075,,3.416959476659039,0.0038484115321576334,1.0,,,,False,1,No solution exists for discriminant 
0.435898,1100,,3.416959476659039,0.0038484115321576334,1.0,,,,False,1,No solution exists for discriminant 
0.435898,1125,,3.416959476659039,0.0038484115321576334,1.0,,,,False,1,No solution exists for discriminant 
0.435898,1150,,3.416959476659039,0.0038484115321576334,1.0,,,,False,1,No solution exists for discriminant 
0.435898,1175,,3.416959476659039,0.0038484115321576334,1.0,,,,False,1,No solution exists for discriminant 
0.435898,1200,,3.416959476659039,0.0038484115321576334,1.0,,,,False,1,No solution exists for discriminant 
0.435898,1225,,3.416959476659039,0.0038484115321576334,1.0,,,,False,1,No solution exists for discriminant 
0.435898,1250,,3.416959476659039,0.0038484115321576334,1.0,,,,False,1,No solution exists for discriminant 
0.435898,1275,,3.416959476659039,0.0038484115321576334,1.0,,,,False,1,No solution exists for discriminant 
0.435898,1300,,3.416959476659039,0.0038484115321576334,1.0,,,,False,1,No solution exists for discriminant 
0.435898,1325,,3.416959476659039,0.0038484115321576334,1.0,,,,False,1,No solution exists for discriminant 
0.435898,1350,,3.416959476659039,0.0038484115321576334,1.0,,,,False,1,No solution exists for discriminant 
0.435898,1375,,3.416959476659039,0.0038484115321576334,1.0,,,,False,1,No solution exists for discriminant 
0.435898,1400,,3.416959476659039,0.0038484115321576334,1.0,,,,False,1,No solution exists for discriminant 
0.435898,1425,,3.416959476659039,0.0038484115321576334,1.0,,,,False,1,No solution exists for discriminant 
0.435898,1450,,3.416959476659039,0.0038484115321576334,1.0,,,,False,1,No solution exists for discriminant 
0.435898,1475,,3.416959476659039,0.0038484115321576334,1.0,,,,False,1,No solution exists for discriminant 
0.435898,1500,,3.416959476659039,0.0038484115321576334,1.0,,,,False,1,No solution exists for discriminant 
0.435898,1525,,3.416959476659039,0.0038484115321576334,1.0,,,,False,1,No solution exists for discriminant 
0.461539,-100,-25.925925925925927,3.444345706623319,0.0037720358090288625,0.8457774894314205,3.5421392275981414,-91.8332392340259,-8.166760765974104,True,3,
0.461539,-75,-21.27584586294062,3.444345706623319,0.0037967249308521827,0.6389142901783971,3.525124241036114,-74.9999999999999,-9.947598300641403e-14,True,3,
0.461539,-50,-14.291108372102553,3.444345706623319,0.0038018913304552434,0.42916241357665325,3.4986789476458124,-50.00000000000002,2.1316282072803006e-14,True,3,
0.461539,-25,-7.201289412467996,3.444345706623319,0.0037847116307603975,0.21625493731135123,3.4716005104191585,-24.999999999999975,-2.4868995751603507e-14,True,3,
0.461539,0,0.0,3.444345706623319,0.0037420782765713667,0.0,3.444345706623319,0.0,0.0,True,1,
0.461539,25,7.317110806312886,3.444345706623319,0.0037851843883399505,0.21973305724663325,3.41664909303151,24.999999999999986,1.4210854715202004e-14,True,3,
0.461539,50,14.756938041238868,3.444345706623319,0.0038022076229164634,0.44315129252969576,3.3882367643120146,50.000000000000064,-6.394884621840902e-14,True,3,
0.461539,75,22.32378520779512,3.444345706623319,0.0037941777411570807,0.6703839401740277,3.3596452976895312,74.99999999999999,1.4210854715202004e-14,True,3,
0.461539,100,30.017309282859113,3.444345706623319,0.0037623131655571468,0.9014206991849584,3.3314111887138176,99.99999999999999,1.4210854715202004e-14,True,3,
0.461539,125,37.83224638545856,3.444345706623319,0.0037081071576138933,1.1361034950588158,3.304059683012788,124.99999999999991,8.526512829121202e-14,True,4,
0.461539,150,45.75838909086225,3.444345706623319,0.0036333944883174965,1.374125798524392,3.278087427906293,150.0,0.0,True,4,
0.461539,175,53.780952059791574,3.444345706623319,0.0035403899464332175,1.6150436053991466,3.253940164641226,175.00000000000009,-8.526512829121202e-14,True,4,
0.461539,200,61.88142052124519,3.444345706623319,0.003431689883062774,1.8583009165539097,3.231987861871009,200.00000000000003,-2.842170943040401e-14,True,5,
0.461539,225,70.03888782948191,3.444345706623319,0.0033102276992588347,2.1032699047892467,3.2125010401048857,225.00000000000006,-5.684341886080802e-14,True,5,
0.461539,250,78.23179968522393,3.444345706623319,0.0031791963213833522,2.3493032938505687,3.195631456848856,250.00000000000006,-5.684341886080802e-14,True,6,
0.461539,275,86.43991752011297,3.444345706623319,0.0030419414705665448,2.5957933189223117,3.181400536806536,275.0000000000001,-1.1368683772161603e-13,True,6,
0.461539,300,94.64627511171842,3.444345706623319,0.002901845394403136,2.8422304838353885,3.1696968490929667,299.99999999999994,5.684341886080802e-14,True,6,
0.461539,325,102.83894717799504,3.444345706623319,0.0027622260898043003,3.0882566720118634,3.1602812836802547,325.00000000000006,-5.684341886080802e-14,True,7,
0.461539,350,111.01250820627715,3.444345706623319,0.0026262610950280154,3.333708955143458,3.1527978752596955,350.0000000000001,-1.1368683772161603e-13,True,7,
0.461539,375,119.16924852731793,3.444345706623319,0.002496959086137539,3.57865611193147,3.14678496872485,375.00000000000006,-5.684341886080802e-14,True,7,
0.461539,400,127.32028380205048,3.444345706623319,0.0023771740935230254,3.8234319460075223,3.1416832263890857,400.0,0.0,True,7,
0.461539,425,135.486811821447,3.444345706623319,0.0022696602695567963,4.068673027671081,3.1368366727832626,424.9999999999998,2.2737367544323206e-13,True,8,
0.461539,450,143.69324441045748,3.444345706623319,0.0021759858940275023,4.315112444758483,3.1316712337191177,450.0000000000001,-1.1368683772161603e-13,True,8,
0.461539,475,151.9560387256083,3.444345706623319,0.002095616855535504,4.563244406174424,3.1259040705695287,474.9999999999999,1.1368683772161603e-13,True,7,
0.461539,500,160.29253772614666,3.444345706623319,0.002027848028304878,4.813589721505906,3.1192968000433674,500.00000000000006,-5.684341886080802e-14,True,7,
0.461539,525,168.72239362161932,3.444345706623319,0.001972029604341678,5.066738547195776,3.1116201514860964,524.9999999999999,1.1368683772161603e-13,True,7,
0.461539,550,177.26777254142792,3.444345706623319,0.0019275634865553123,5.323356532775613,3.1026508209294703,549.9999999999999,1.1368683772161603e-13,True,7,
0.461539,575,185.95365918007968,3.444345706623319,0.0018938990657745131,5.584193969371762,3.092168245224814,575.0000000000001,-1.1368683772161603e-13,True,7,
0.461539,600,194.8082410708483,3.444345706623319,0.0018705259457092328,5.850097329454905,3.0799518372623185,599.9999999999999,1.1368683772161603e-13,True,5,
0.461539,625,203.8633656256609,3.444345706623319,0.0018569635063937781,6.122022991761589,3.0657788763658553,625.0000000000002,-2.2737367544323206e-13,True,6,
0.461539,650,213.1550285446978,3.444345706623319,0.0018527453454974686,6.401051908249184,3.0494237196177503,650.0000000000001,-1.1368683772161603e-13,True,5,
0.461539,675,222.72383168327846,3.444345706623319,0.0018573972806283296,6.688403353852206,3.030659067323676,675.0000000000001,-1.1368683772161603e-13,True,6,
0.461539,700,232.61523043202018,3.444345706623319,0.0018704039797457948,6.985442355315922,3.0092612538737837,700.0000000000002,-2.2737367544323206e-13,True,7,
0.461539,725,242.87925236413324,3.444345706623319,0.0018911592422711332,7.293671242166164,2.9850223637589854,725.0000000000001,-1.1368683772161603e-13,True,8,
0.461539,750,253.569030600167,3.444345706623319,0.0019188907081920934,7.614685603608619,2.9577744499193823,750.0,0.0,True,8,
0.461539,775,264.7369529531511,3.444345706623319,0.0019525477608181277,7.950058647241775,2.92743416192883,775.0,0.0,True,8,
0.461539,800,,3.444345706623319,0.003742071251156725,1.0,,,,False,1,No solution exists for discriminant 
0.461539,825,,3.444345706623319,0.003742071251156725,1.0,,,,False,1,No solution exists for discriminant 
0.461539,850,,3.444345706623319,0.003742071251156725,1.0,,,,False,1,No solution exists for discriminant 
0.461539,875,,3.444345706623319,0.003742071251156725,1.0,,,,False,1,No solution exists for discriminant 
0.461539,900,,3.444345706623319,0.003742071251156725,1.0,,,,False,1,No solution exists for discriminant 
0.461539,925,,3.444345706623319,0.003742071251156725,1.0,,,,False,1,No solution exists for discriminant 
0.461539,950,,3.444345706623319,0.003742071251156725,1.0,,,,False,1,No solution exists for discriminant 
0.461539,975,,3.444345706623319,0.003742071251156725,1.0,,,,False,1,No solution exists for discriminant 
0.461539,1000,,3.444345706623319,0.003742071251156725,1.0,,,,False,1,No solution exists for discriminant 
0.461539,1025,,3.444345706623319,0.003742071251156725,1.0,,,,False,1,No solution exists for discriminant 
0.461539,1050,,3.444345706623319,0.003742071251156725,1.0,,,,False,1,No solution exists for discriminant 
0.461539,1075,,3.444345706623319,0.003742071251156725,1.0,,,,False,1,No solution exists for discriminant 
0.461539,1100,,3.444345706623319,0.003742071251156725,1.0,,,,False,1,No solution exists for discriminant 
0.461539,1125,,3.444345706623319,0.003742071251156725,1.0,,,,False,1,No solution exists for discriminant 
0.461539,1150,,3.444345706623319,0.003742071251156725,1.0,,,,False,1,No solution exists for discriminant 
0.461539,1175,,3.444345706623319,0.003742071251156725,1.0,,,,False,1,No solution exists for discriminant 
0.461539,1200,,3.444345706623319,0.003742071251156725,1.0,,,,False,1,No solution exists for discriminant 
0.461539,1225,,3.444345706623319,0.003742071251156725,1.0,,,,False,1,No solution exists for discriminant 
0.461539,1250,,3.444345706623319,0.003742071251156725,1.0,,,,False,1,No solution exists for discriminant 
0.461539,1275,,3.444345706623319,0.003742071251156725,1.0,,,,False,1,No solution exists for discriminant 
0.461539,1300,,3.444345706623319,0.003742071251156725,1.0,,,,False,1,No solution exists for discriminant 
0.461539,1325,,3.444345706623319,0.003742071251156725,1.0,,,,False,1,No solution exists for discriminant 
0.461539,1350,,3.444345706623319,0.003742071251156725,1.0,,,,False,1,No solution exists for discriminant 
0.461539,1375,,3.444345706623319,0.003742071251156725,1.0,,,,False,1,No solution exists for discriminant 
0.461539,1400,,3.444345706623319,0.003742071251156725,1.0,,,,False,1,No solution exists for discriminant 
0.461539,1425,,3.444345706623319,0.003742071251156725,1.0,,,,False,1,No solution exists for discriminant 
0.461539,1450,,3.444345706623319,0.003742071251156725,1.0,,,,False,1,No solution exists for discriminant 
0.461539,1475,,3.444345706623319,0.003742071251156725,1.0,,,,False,1,No solution exists for discriminant 
0.461539,1500,,3.444345706623319,0.003742071251156725,1.0,,,,False,1,No solution exists for discriminant 
0.461539,1525,,3.444345706623319,0.003742071251156725,1.0,,,,False,1,No solution exists for discriminant 
0.48718,-100,-25.925925925925927,3.473964845446127,0.0036664739671618323,0.8396529802565043,3.5690215779281003,-92.53018905739519,-7.469810942604809,True,3,
0.48718,-75,-21.115778978847164,3.473964845446127,0.003688302787616485,0.6341074768422572,3.5518462319165023,-74.99999999999999,-1.4210854715202004e-14,True,3,
0.48718,-50,-14.17907820906787,3.473964845446127,0.003692586796096737,0.4257981444164526,3.5263223224217537,-49.999999999999886,-1.1368683772161603e-13,True,3,
0.48718,-25,-7.142395150888324,3.473964845446127,0.003676854151374505,0.21448634086751725,3.500226390707428,-25.00000000000007,7.105427357601002e-14,True,3,
0.48718,0,0.0,3.473964845446127,0.0036383969077100646,0.0,3.473964845446127,0.0,0.0,True,1,
0.48718,25,7.252058396155759,3.473964845446127,0.00367726336167079,0.21777953141608888,3.4472971168092466,25.000000000000036,-3.552713678800501e-14,True,3,
0.48718,50,14.619990090071086,3.473964845446127,0.0036928812345491213,0.4390387414435762,3.419974958393209,49.99999999999999,7.105427357601002e-15,True,3,
0.48718,75,22.107775832637007,3.473964845446127,0.003686183574511751,0.6638971721512615,3.3924715253028728,75.00000000000006,-5.684341886080802e-14,True,3,
0.48718,100,29.71540190494748,3.473964845446127,0.0036582592197315677,0.8923544115599845,3.365258202459324,99.99999999999993,7.105427357601002e-14,True,3,
0.48718,125,37.43865019464597,3.473964845446127,0.0036104202251482204,1.1242837896290083,3.3387955855811278,125.0,0.0,True,4,
0.48718,150,45.26908361648031,3.473964845446127,0.0035442545037944017,1.3594319404348443,3.3135196919557712,149.9999999999999,1.1368683772161603e-13,True,4,
0.48718,175,53.19433045851439,3.473964845446127,0.0034616576991076398,1.5974273410965285,3.2898242818655348,175.00000000000006,-5.684341886080802e-14,True,4,
0.48718,200,61.19874248372505,3.473964845446127,0.0033648377452179497,1.8378000745863379,3.2680410067770156,200.0000000000001,-1.1368683772161603e-13,True,5,
0.48718,225,69.2644423230887,3.473964845446127,0.003256286111607095,2.080013282975637,3.2484200038812427,224.99999999999991,8.526512829121202e-14,True,5,
0.48718,250,77.37271214739464,3.473964845446127,0.003138723321897924,2.3235048692911304,3.2311133093506044,250.0,0.0,True,5,
0.48718,275,85.50559240936546,3.473964845446127,0.0030150184681358755,2.5677355077887527,3.2161639052029916,275.0000000000001,-1.1368683772161603e-13,True,6,
0.48718,300,93.64754690748654,3.473964845446127,0.0028881050591305396,2.812238645870467,3.2035008914474505,300.00000000000006,-5.684341886080802e-14,True,6,
0.48718,325,101.78701668396809,3.473964845446127,0.00276089479501883,3.05666716768673,3.1929416008828646,324.99999999999994,5.684341886080802e-14,True,6,
0.48718,350,109.91779960002286,3.473964845446127,0.0026362171462353218,3.30083482282351,3.1841976574640887,349.99999999999994,5.684341886080802e-14,True,7,
0.48718,375,118.04021307689713,3.473964845446127,0.0025167812075850226,3.5447511434503647,3.1768834554348606,375.00000000000017,-1.7053025658242404e-13,True,7,
0.48718,400,126.16219713015856,3.473964845446127,0.002405181768509747,3.7886545684732305,3.170521829033537,399.99999999999994,5.684341886080802e-14,True,7,
0.48718,425,134.30051894012277,3.473964845446127,0.002303938315201999,4.033048616820504,3.1645447341084663,424.99999999999983,1.7053025658242404e-13,True,7,
0.48718,450,142.4768716545337,3.473964845446127,0.0022147979684494544,4.278584734370382,3.158407359554632,450.0,0.0,True,7,
0.48718,475,150.70577935295773,3.473964845446127,0.0021374640601831314,4.525699079668401,3.1518366584172908,474.99999999999983,1.7053025658242404e-13,True,7,
0.48718,500,159.00173569366692,3.473964845446127,0.0020713301248605253,4.774826897707715,3.1446197603987236,500.00000000000006,-5.684341886080802e-14,True,7,
0.48718,525,167.38117979231427,3.473964845446127,0.002015826971029602,5.026461855625054,3.136553348778025,525.0,0.0,True,7,
0.48718,550,175.86261276627565,3.473964845446127,0.0019704218553249103,5.2811595425308,3.127441309716916,549.9999999999999,1.1368683772161603e-13,True,7,
0.48718,575,184.46677040475737,3.473964845446127,0.0019346154954107105,5.539542654797519,3.1170925730327133,574.9999999999999,1.1368683772161603e-13,True,7,
0.48718,600,193.2168449788618,3.473964845446127,0.0019079368265731101,5.802307657022877,3.1053193113966886,599.9999999999998,2.2737367544323206e-13,True,6,
0.48718,625,202.13874639565492,3.473964845446127,0.0018899354210554834,6.0702326244941425,3.0919356686652275,625.0000000000001,-1.1368683772161603e-13,True,6,
0.48718,650,211.2613633352267,3.473964845446127,0.0018801699654022227,6.344185085141943,3.0767575752533074,650.0,0.0,True,6,
0.48718,675,220.61678931846143,3.473964845446127,0.001878192937560224,6.625128808362206,3.059603949840981,675.0000000000001,-1.1368683772161603e-13,True,5,
0.48718,700,230.2403896847734,3.473964845446127,0.0018835280113167104,6.914125816359562,3.040300622138381,699.9999999999998,2.2737367544323206e-13,True,6,
0.48718,725,240.17052886531803,3.473964845446127,0.0018956380864454266,7.212328194153695,3.0186884436872896,725.0000000000001,-1.1368683772161603e-13,True,7,
0.48718,750,250.44761257243619,3.473964845446127,0.0019138796790416062,7.5209493264995855,2.994638249079256,750.0000000000001,-1.1368683772161603e-13,True,7,
0.48718,775,261.11183413356486,3.473964845446127,0.0019374378775764674,7.841196220227173,2.9680768877122947,775.0000000000001,-1.1368683772161603e-13,True,8,
0.48718,800,272.19869405444143,3.473964845446127,0.0019652383593019808,8.174134956589834,2.9390295305384346,800.0,0.0,True,8,
0.48718,825,283.73085472342734,3.473964845446127,0.001995833942312091,8.520446087790612,2.90768517510789,825.0000000000001,-1.1368683772161603e-13,True,9,
0.48718,850,,3.473964845446127,0.003638357314762385,1.0,,,,False,1,No solution exists for discriminant 
0.48718,875,,3.473964845446127,0.003638357314762385,1.0,,,,False,1,No solution exists for discriminant 
0.48718,900,,3.473964845446127,0.003638357314762385,1.0,,,,False,1,No solution exists for discriminant 
0.48718,925,,3.473964845446127,0.003638357314762385,1.0,,,,False,1,No solution exists for discriminant 
0.48718,950,,3.473964845446127,0.003638357314762385,1.0,,,,False,1,No solution exists for discriminant 
0.48718,975,,3.473964845446127,0.003638357314762385,1.0,,,,False,1,No solution exists for discriminant 
0.48718,1000,,3.473964845446127,0.003638357314762385,1.0,,,,False,1,No solution exists for discriminant 
0.48718,1025,,3.473964845446127,0.003638357314762385,1.0,,,,False,1,No solution exists for discriminant 
0.48718,1050,,3.473964845446127,0.003638357314762385,1.0,,,,False,1,No solution exists for discriminant 
0.48718,1075,,3.473964845446127,0.003638357314762385,1.0,,,,False,1,No solution exists for discriminant 
0.48718,1100,,3.473964845446127,0.003638357314762385,1.0,,,,False,1,No solution exists for discriminant 
0.48718,1125,,3.473964845446127,0.003638357314762385,1.0,,,,False,1,No solution exists for discriminant 
0.48718,1150,,3.473964845446127,0.003638357314762385,1.0,,,,False,1,No solution exists for discriminant 
0.48718,1175,,3.473964845446127,0.003638357314762385,1.0,,,,False,1,No solution exists for discriminant 
0.48718,1200,,3.473964845446127,0.003638357314762385,1.0,,,,False,1,No solution exists for discriminant 
0.48718,1225,,3.473964845446127,0.003638357314762385,1.0,,,,False,1,No solution exists for discriminant 
0.48718,1250,,3.473964845446127,0.003638357314762385,1.0,,,,False,1,No solution exists for discriminant 
0.48718,1275,,3.473964845446127,0.003638357314762385,1.0,,,,False,1,No solution exists for discriminant 
0.48718,1300,,3.473964845446127,0.003638357314762385,1.0,,,,False,1,No solution exists for discriminant 
0.48718,1325,,3.473964845446127,0.003638357314762385,1.0,,,,False,1,No solution exists for discriminant 
0.48718,1350,,3.473964845446127,0.003638357314762385,1.0,,,,False,1,No solution exists for discriminant 
0.48718,1375,,3.473964845446127,0.003638357314762385,1.0,,,,False,1,No solution exists for discriminant 
0.48718,1400,,3.473964845446127,0.003638357314762385,1.0,,,,False,1,No solution exists for discriminant 
0.48718,1425,,3.473964845446127,0.003638357314762385,1.0,,,,False,1,No solution exists for discriminant 
0.48718,1450,,3.473964845446127,0.003638357314762385,1.0,,,,False,1,No solution exists for discriminant 
0.48718,1475,,3.473964845446127,0.003638357314762385,1.0,,,,False,1,No solution exists for discriminant 
0.48718,1500,,3.473964845446127,0.003638357314762385,1.0,,,,False,1,No solution exists for discriminant 
0.48718,1525,,3.473964845446127,0.003638357314762385,1.0,,,,False,1,No solution exists for discriminant 
0.5128210000000001,-100,-25.925925925925927,3.506993150578402,0.0036140437175734654,0.8325063414515581,3.60069058029327,-93.35123726686257,-6.648762733137431,True,3,
0.5128210000000001,-75,-20.93184130253304,3.506993150578402,0.003633926887991694,0.6285838228988901,3.583057931502852,-75.0,0.0,True,3,
0.5128210000000001,-50,-14.052407629815702,3.506993150578402,0.0036375252463115007,0.4219942231175887,3.558109138103317,-50.00000000000003,2.842170943040401e-14,True,3,
0.5128210000000001,-25,-7.0768807695142915,3.506993150578402,0.0036225937315861596,0.21251894202745622,3.5326298144932275,-24.99999999999996,-3.907985046680551e-14,True,3,
0.5128210000000001,0,0.0,3.506993150578402,0.00358668103660412,0.0,3.506993150578402,0.0,0.0,True,1,
0.5128210000000001,25,7.1818992182909405,3.506993150578402,0.0036229650862422374,0.21567264919792617,3.4809733804576237,25.00000000000018,-1.8118839761882555e-13,True,3,
0.5128210000000001,50,14.474555835687097,3.506993150578402,0.0036378125573959604,0.43467134641703,3.4543374295966105,49.999999999999986,1.4210854715202004e-14,True,3,
0.5128210000000001,75,21.881730861296653,3.506993150578402,0.003632087310099237,0.6571090348737734,3.42751679359408,75.00000000000013,-1.2789769243681803e-13,True,3,
0.5128210000000001,100,29.40363134961,3.506993150578402,0.00360678833368022,0.8829919324207207,3.400940476058795,99.99999999999993,7.105427357601002e-14,True,3,
0.5128210000000001,125,37.03673728989033,3.506993150578402,0.003563106406098581,1.1122143330297398,3.3750273146798038,124.99999999999993,7.105427357601002e-14,True,3,
0.5128210000000001,150,44.77378838286526,3.506993150578402,0.0035024675822053555,1.3445582096956536,3.350174408234894,150.0,0.0,True,4,
0.5128210000000001,175,52.604016507852585,3.506993150578402,0.003426563085438727,1.5797001954310086,3.326742169466785,175.00000000000009,-8.526512829121202e-14,True,4,
0.5128210000000001,200,60.51368373688175,3.506993150578402,0.0033373534575923186,1.817227739846299,3.3050375989274716,200.00000000000006,-5.684341886080802e-14,True,5,
0.5128210000000001,225,68.48694787628213,3.506993150578402,0.003237049359091783,2.056665101389854,3.2852975198493306,225.00000000000006,-5.684341886080802e-14,True,5,
0.5128210000000001,250,76.50702327364506,3.506993150578402,0.0031280695692030695,2.2975082064157677,3.267673859245802,250.00000000000014,-1.4210854715202004e-13,True,5,
0.5128210000000001,275,84.55754317038992,3.506993150578402,0.0030129777190739523,2.53926556067237,3.2522231570263838,275.0000000000002,-2.2737367544323206e-13,True,6,
0.5128210000000001,300,92.6240100965472,3.506993150578402,0.0028944130004804366,2.7815018047011173,3.2389010115983248,300.00000000000017,-1.7053025658242404e-13,True,6,
0.5128210000000001,325,100.69519458653231,3.506993150578402,0.0027750181044579637,3.023879717313283,3.2275621625688578,325.00000000000017,-1.7053025658242404e-13,True,6,
0.5128210000000001,350,108.76441353366525,3.506993150578402,0.0026573843403113074,3.2661986046145723,3.217964301270897,350.0,0.0,True,7,
0.5128210000000001,375,116.83064526150702,3.506993150578402,0.002544014648529386,3.5084277856308415,3.2097742776359883,375.00000000000006,-5.684341886080802e-14,True,7,
0.5128210000000001,400,124.89957733571481,3.506993150578402,0.002437320204414652,3.750738058129574,3.202572887215214,400.0000000000001,-1.1368683772161603e-13,True,7,
0.5128210000000001,425,132.9847189927781,3.506993150578402,0.002339646569419771,3.993535104888232,3.195855909001697,425.0000000000001,-1.1368683772161603e-13,True,7,
0.5128210000000001,450,141.10570288043095,3.506993150578402,0.0022528823470800135,4.237408494907837,3.189098603486762,450.0000000000003,-2.8421709430404007e-13,True,7,
0.5128210000000001,475,149.27622511318563,3.506993150578402,0.0021769890489326924,4.482769522918487,3.1820204432409858,475.0000000000001,-1.1368683772161603e-13,True,7,
0.5128210000000001,500,157.50883516936744,3.506993150578402,0.0021114247284166267,4.729995050131155,3.174425101057701,500.00000000000006,-5.684341886080802e-14,True,7,
0.5128210000000001,525,165.8178067146374,3.506993150578402,0.0020556752864343743,4.979513715154277,3.16612558326437,525.0,0.0,True,7,
0.5128210000000001,550,174.2192049955941,3.506993150578402,0.0020092545062376445,5.23180795782565,3.1569424278678646,550.0000000000001,-1.1368683772161603e-13,True,7,
0.5128210000000001,575,182.73099622218953,3.506993150578402,0.0019717021757436467,5.487417303969656,3.1467020477513072,575.0000000000002,-2.2737367544323206e-13,True,7,
0.5128210000000001,600,191.37319167403095,3.506993150578402,0.0019425802236127418,5.7469426929138425,3.135235373102779,600.0000000000001,-1.1368683772161603e-13,True,6,
0.5128210000000001,625,200.16802326112503,3.506993150578402,0.0019214672953656762,6.011051749583335,3.1223768403041543,625.0,0.0,True,6,
0.5128210000000001,650,209.14010471118328,3.506993150578402,0.001907949464741167,6.28048362496046,3.1079643997387887,650.0000000000001,-1.1368683772161603e-13,True,6,
0.5128210000000001,675,218.31657772387413,3.506993150578402,0.0019016092300357618,6.556053385101326,3.0918403313088634,675.0000000000002,-2.2737367544323206e-13,True,5,
0.5128210000000001,700,227.7271366790831,3.506993150578402,0.0019020088036599608,6.8386527531256185,3.073854131782511,700.0000000000001,-1.1368683772161603e-13,True,6,
0.5128210000000001,725,237.40382415767107,3.506993150578402,0.00190866725293144,7.129243968698831,3.0538682456879616,725.0000000000002,-2.2737367544323206e-13,True,6,
0.5128210000000001,750,247.38037939754415,3.506993150578402,0.001921028743699678,7.428840222148473,3.0317683311283883,750.0,0.0,True,7,
0.5128210000000001,775,257.6907889540861,3.506993150578402,0.0019384190685239244,7.738462130753336,3.0074804114868274,775.0,0.0,True,7,
0.5128210000000001,800,268.36645359975506,3.506993150578402,0.001959986530520705,8.059052660653306,2.9809985162792723,800.0,0.0,True,8,
0.5128210000000001,825,279.4311897862192,3.506993150578402,0.001984627516670343,8.391327020607184,2.9524263223127387,825.0,0.0,True,6,
0.5128210000000001,850,290.8930235783076,3.506993150578402,0.002010899935231749,8.73552623358281,2.9220363883054157,850.0,0.0,True,9,
0.5128210000000001,875,,3.506993150578402,0.003586625780984756,1.0,,,,False,1,No solution exists for discriminant 
0.5128210000000001,900,,3.506993150578402,0.003586625780984756,1.0,,,,False,1,No solution exists for discriminant 
0.5128210000000001,925,,3.506993150578402,0.003586625780984756,1.0,,,,False,1,No solution exists for discriminant 
0.5128210000000001,950,,3.506993150578402,0.003586625780984756,1.0,,,,False,1,No solution exists for discriminant 
0.5128210000000001,975,,3.506993150578402,0.003586625780984756,1.0,,,,False,1,No solution exists for discriminant 
0.5128210000000001,1000,,3.506993150578402,0.003586625780984756,1.0,,,,False,1,No solution exists for discriminant 
0.5128210000000001,1025,,3.506993150578402,0.003586625780984756,1.0,,,,False,1,No solution exists for discriminant 
0.5128210000000001,1050,,3.506993150578402,0.003586625780984756,1.0,,,,False,1,No solution exists for discriminant 
0.5128210000000001,1075,,3.506993150578402,0.003586625780984756,1.0,,,,False,1,No solution exists for discriminant 
0.5128210000000001,1100,,3.506993150578402,0.003586625780984756,1.0,,,,False,1,No solution exists for discriminant 
0.5128210000000001,1125,,3.506993150578402,0.003586625780984756,1.0,,,,False,1,No solution exists for discriminant 
0.5128210000000001,1150,,3.506993150578402,0.003586625780984756,1.0,,,,False,1,No solution exists for discriminant 
0.5128210000000001,1175,,3.506993150578402,0.003586625780984756,1.0,,,,False,1,No solution exists for discriminant 
0.5128210000000001,1200,,3.506993150578402,0.003586625780984756,1.0,,,,False,1,No solution exists for discriminant 
0.5128210000000001,1225,,3.506993150578402,0.003586625780984756,1.0,,,,False,1,No solution exists for discriminant 
0.5128210000000001,1250,,3.506993150578402,0.003586625780984756,1.0,,,,False,1,No solution exists for discriminant 
0.5128210000000001,1275,,3.506993150578402,0.003586625780984756,1.0,,,,False,1,No solution exists for discriminant 
0.5128210000000001,1300,,3.506993150578402,0.003586625780984756,1.0,,,,False,1,No solution exists for discriminant 
0.5128210000000001,1325,,3.506993150578402,0.003586625780984756,1.0,,,,False,1,No solution exists for discriminant 
0.5128210000000001,1350,,3.506993150578402,0.003586625780984756,1.0,,,,False,1,No solution exists for discriminant 
0.5128210000000001,1375,,3.506993150578402,0.003586625780984756,1.0,,,,False,1,No solution exists for discriminant 
0.5128210000000001,1400,,3.506993150578402,0.003586625780984756,1.0,,,,False,1,No solution exists for discriminant 
0.5128210000000001,1425,,3.506993150578402,0.003586625780984756,1.0,,,,False,1,No solution exists for discriminant 
0.5128210000000001,1450,,3.506993150578402,0.003586625780984756,1.0,,,,False,1,No solution exists for discriminant 
0.5128210000000001,1475,,3.506993150578402,0.003586625780984756,1.0,,,,False,1,No solution exists for discriminant 
0.5128210000000001,1500,,3.506993150578402,0.003586625780984756,1.0,,,,False,1,No solution exists for discriminant 
0.5128210000000001,1525,,3.506993150578402,0.003586625780984756,1.0,,,,False,1,No solution exists for discriminant 
0.538462,-100,-25.925925925925927,3.543038736786694,0.003620466019052031,0.8244491731545741,3.636902670613969,-94.29006923813994,-5.709930761860065,True,3,
0.538462,-75,-20.726967069723187,3.543038736786694,0.003639494187295266,0.6224314435352309,3.618474412957212,-75.00000000000007,7.105427357601002e-14,True,3,
0.538462,-50,-13.913163952344565,3.543038736786694,0.0036426038754674276,0.4178127313016386,3.593718881719518,-50.000000000000014,1.4210854715202004e-14,True,3,
0.538462,-25,-7.00583632627112,3.543038736786694,0.0036276322496212113,0.21038547526339701,3.568453334579443,-24.99999999999997,-2.842170943040401e-14,True,3,
0.538462,0,0.0,3.543038736786694,0.0035922220688841882,0.0,3.543038736786694,0.0,0.0,True,1,
0.538462,25,7.107822475803125,3.543038736786694,0.0036279934441837062,0.21344812239649028,3.517251603442059,25.000000000000046,-4.618527782440651e-14,True,3,
0.538462,50,14.323113935148317,3.543038736786694,0.0036429037349527023,0.4301235415960456,3.490861011536189,49.99999999999994,5.684341886080802e-14,True,3,
0.538462,75,21.649505404762106,3.543038736786694,0.003637790349893608,0.6501352974403035,3.464282374945281,74.99999999999996,4.263256414560601e-14,True,3,
0.538462,100,29.087283877814993,3.543038736786694,0.0036136173433344845,0.8734920083427926,3.437928423295328,100.00000000000011,-1.1368683772161603e-13,True,3,
0.538462,125,36.63323444929152,3.543038736786694,0.003571528028768468,1.100097130609355,3.412202113166603,125.00000000000013,-1.2789769243681803e-13,True,3,
0.538462,150,44.28062638916587,3.543038736786694,0.0035128857434185696,1.3297485402151914,3.387485955634549,149.99999999999997,2.842170943040401e-14,True,4,
0.538462,175,52.01942002062751,3.543038736786694,0.003439301998643858,1.5621447453641895,3.3641282415414553,175.0,0.0,True,4,
0.538462,200,59.83674950048709,3.543038736786694,0.0033526417964014183,1.7968993843990118,3.3424275494505595,200.00000000000006,-5.684341886080802e-14,True,5,
0.538462,225,67.71770362014344,3.543038736786694,0.0032550075580462996,2.033564673277581,3.322617099689588,225.00000000000009,-8.526512829121202e-14,True,5,
0.538462,250,75.64637955054872,3.543038736786694,0.0031487020453468025,2.2716630495660275,3.3048508267728005,250.0,0.0,True,5,
0.538462,275,83.60713040153006,3.543038736786694,0.0030361715901278358,2.5107246366825846,3.289193142729455,275.0,0.0,True,6,
0.538462,300,91.58590630907274,3.543038736786694,0.002919942459573533,2.7503275167889716,3.275613160256309,300.0,0.0,True,6,
0.538462,325,99.57156479907214,3.543038736786694,0.002802553928909678,2.9901370810532177,3.2639840566513696,325.00000000000017,-1.7053025658242404e-13,True,6,
0.538462,350,107.55708118577657,3.543038736786694,0.0026865052494498658,3.2299423779512484,3.2540860735656,350.0000000000001,-1.1368683772161603e-13,True,7,
0.538462,375,115.54061416112147,3.543038736786694,0.002574218355254272,3.469688112946591,3.2456119670357833,374.99999999999994,5.684341886080802e-14,True,7,
0.538462,400,123.52649712537843,3.543038736786694,0.0024680299538955702,3.7095044181795327,3.2381716417814648,400.00000000000006,-5.684341886080802e-14,True,7,
0.538462,425,131.52626366054906,3.543038736786694,0.0023702105603696576,3.949737647463936,3.231293797692497,425.0000000000002,-2.2737367544323206e-13,True,7,
0.538462,450,139.55837060103494,3.543038736786694,0.0022827830718724364,4.19094206009114,3.2244572508405516,449.99999999999994,5.684341886080802e-14,True,7,
0.538462,475,147.63710827461114,3.543038736786694,0.0022060201260763,4.433546795033368,3.217348304577196,475.0,0.0,True,7,
0.538462,500,155.77415002800848,3.543038736786694,0.0021394022023979503,4.677902403243499,3.209775177140104,500.00000000000006,-5.684341886080802e-14,True,7,
0.538462,525,163.98276496424435,3.543038736786694,0.0020824308442781974,4.924407356283615,3.2015559690951294,525.0000000000001,-1.1368683772161603e-13,True,7,
0.538462,550,172.27789451069242,3.543038736786694,0.0020346333961139343,5.17351034566644,3.1925163792030458,550.0,0.0,True,7,
0.538462,575,180.67624174413504,3.543038736786694,0.0019955616416591996,5.425712965289341,3.1824881592029532,575.0000000000001,-1.1368683772161603e-13,True,7,
0.538462,600,189.19639393351352,3.543038736786694,0.001964788694281981,5.681573391396803,3.171307800987207,600.0000000000001,-1.1368683772161603e-13,True,7,
0.538462,625,197.85896853808734,3.543038736786694,0.0019419039810117393,5.94171076690953,3.1588156181037057,625.0,0.0,True,6,
0.538462,650,206.68676697153782,3.543038736786694,0.0019265060820745177,6.2068098189651,3.144855423131708,650.0000000000003,-3.410605131648481e-13,True,5,
0.538462,675,215.70490236751507,3.543038736786694,0.0019181925824855203,6.477624695721174,3.1292751930595633,675.0,0.0,True,6,
0.538462,700,224.94084498955309,3.543038736786694,0.001916545946862183,6.754980330016609,3.1119292720382115,700.0000000000001,-1.1368683772161603e-13,True,5,
0.538462,725,234.4242975343576,3.543038736786694,0.0019211144543432937,7.0397686947254545,3.0926828303441667,725.0000000000001,-1.1368683772161603e-13,True,6,
0.538462,750,244.18672226464497,3.543038736786694,0.0019313853789364257,7.332934602541892,3.071420071674349,750.0000000000002,-2.2737367544323206e-13,True,7,
0.538462,775,254.2602580982915,3.543038736786694,0.0019467485586604188,7.63544318613488,3.048057945809219,775.0000000000002,-2.2737367544323206e-13,True,7,
0.538462,800,264.67558250304955,3.543038736786694,0.0019664471049777987,7.94821569078227,3.0225682038152595,800.0,0.0,True,8,
0.538462,825,275.45808928995757,3.543038736786694,0.001989514140936009,8.27201469339212,2.9950109729091094,825.0000000000001,-1.1368683772161603e-13,True,8,
0.538462,850,286.6215286491797,3.543038736786694,0.002014696889793243,8.60725311258798,2.9655832344694066,850.0000000000001,-1.1368683772161603e-13,True,8,
0.538462,875,,3.543038736786694,0.003592172914209789,1.0,,,,False,1,No solution exists for discriminant 
0.538462,900,,3.543038736786694,0.003592172914209789,1.0,,,,False,1,No solution exists for discriminant 
0.538462,925,,3.543038736786694,0.003592172914209789,1.0,,,,False,1,No solution exists for discriminant 
0.538462,950,,3.543038736786694,0.003592172914209789,1.0,,,,False,1,No solution exists for discriminant 
0.538462,975,,3.543038736786694,0.003592172914209789,1.0,,,,False,1,No solution exists for discriminant 
0.538462,1000,,3.543038736786694,0.003592172914209789,1.0,,,,False,1,No solution exists for discriminant 
0.538462,1025,,3.543038736786694,0.003592172914209789,1.0,,,,False,1,No solution exists for discriminant 
0.538462,1050,,3.543038736786694,0.003592172914209789,1.0,,,,False,1,No solution exists for discriminant 
0.538462,1075,,3.543038736786694,0.003592172914209789,1.0,,,,False,1,No solution exists for discriminant 
0.538462,1100,,3.543038736786694,0.003592172914209789,1.0,,,,False,1,No solution exists for discriminant 
0.538462,1125,,3.543038736786694,0.003592172914209789,1.0,,,,False,1,No solution exists for discriminant 
0.538462,1150,,3.543038736786694,0.003592172914209789,1.0,,,,False,1,No solution exists for discriminant 
0.538462,1175,,3.543038736786694,0.003592172914209789,1.0,,,,False,1,No solution exists for discriminant 
0.538462,1200,,3.543038736786694,0.003592172914209789,1.0,,,,False,1,No solution exists for discriminant 
0.538462,1225,,3.543038736786694,0.003592172914209789,1.0,,,,False,1,No solution exists for discriminant 
0.538462,1250,,3.543038736786694,0.003592172914209789,1.0,,,,False,1,No solution exists for discriminant 
0.538462,1275,,3.543038736786694,0.003592172914209789,1.0,,,,False,1,No solution exists for discriminant 
0.538462,1300,,3.543038736786694,0.003592172914209789,1.0,,,,False,1,No solution exists for discriminant 
0.538462,1325,,3.543038736786694,0.003592172914209789,1.0,,,,False,1,No solution exists for discriminant 
0.538462,1350,,3.543038736786694,0.003592172914209789,1.0,,,,False,1,No solution exists for discriminant 
0.538462,1375,,3.543038736786694,0.003592172914209789,1.0,,,,False,1,No solution exists for discriminant 
0.538462,1400,,3.543038736786694,0.003592172914209789,1.0,,,,False,1,No solution exists for discriminant 
0.538462,1425,,3.543038736786694,0.003592172914209789,1.0,,,,False,1,No solution exists for discriminant 
0.538462,1450,,3.543038736786694,0.003592172914209789,1.0,,,,False,1,No solution exists for discriminant 
0.538462,1475,,3.543038736786694,0.003592172914209789,1.0,,,,False,1,No solution exists for discriminant 
0.538462,1500,,3.543038736786694,0.003592172914209789,1.0,,,,False,1,No solution exists for discriminant 
0.538462,1525,,3.543038736786694,0.003592172914209789,1.0,,,,False,1,No solution exists for discriminant 
0.564103,-100,-25.925925925925927,3.580141655921948,0.0036462003609375416,0.8162011988021985,3.674672776390699,-95.26929420272184,-4.730705797278162,True,3,
0.564103,-75,-20.517941311222167,3.580141655921948,0.003664881794315669,0.6161543937303955,3.655337485490284,-75.00000000000006,5.684341886080802e-14,True,3,
0.564103,-50,-13.77163760047003,3.580141655921948,0.0036675834830718,0.4135626907048057,3.6306502865202823,-50.00000000000001,7.105427357601002e-15,True,3,
0.564103,-25,-6.933917568542421,3.580141655921948,0.003652157839809188,0.20822575280908173,3.6054654173304908,-25.00000000000002,2.1316282072803006e-14,True,3,
0.564103,0,0.0,3.580141655921948,0.003616267150313538,0.0,3.580141655921948,0.0,0.0,True,1,
0.564103,25,7.033433209028235,3.580141655921948,0.0036525207392476672,0.2112142104813284,3.554451895257859,24.99999999999998,2.1316282072803006e-14,True,3,
0.564103,50,14.171687867849945,3.580141655921948,0.003667904992531927,0.4255762122477461,3.528161251238857,49.99999999999999,7.105427357601002e-15,True,3,
0.564103,75,21.418284423361367,3.580141655921948,0.0036632550268855505,0.6431917244252663,3.501681017840805,74.99999999999989,1.1368683772161603e-13,True,3,
0.564103,100,28.773503723450204,3.580141655921948,0.0036395294526330372,0.8640691808843906,3.4754196416650047,99.99999999999999,1.4210854715202004e-14,True,3,
0.564103,125,36.23423796890716,3.580141655921948,0.0035978618033095156,1.0881152543215364,3.4497758751615897,125.0,0.0,True,3,
0.564103,150,43.7939777846999,3.580141655921948,0.0035396005710315553,1.315134468009006,3.425128467147481,150.0,0.0,True,4,
0.564103,175,51.44300774319039,3.580141655921948,0.0034663367959277915,1.544835067363075,3.401822865288529,174.99999999999991,8.526512829121202e-14,True,4,
0.564103,200,59.16886279959385,3.580141655921948,0.0033799099742228295,1.7768427267145304,3.3801562263821787,200.00000000000003,-2.842170943040401e-14,True,5,
0.564103,225,66.95706707310998,3.580141655921948,0.003282393090684263,2.010722734928228,3.3603622415886893,225.00000000000009,-8.526512829121202e-14,True,5,
0.564103,250,74.79213258614128,3.580141655921948,0.0031760572433564543,2.2460099875718105,3.342597561475658,249.99999999999994,5.684341886080802e-14,True,5,
0.564103,275,82.65874497641653,3.580141655921948,0.0030633170540137105,2.4822445938863824,3.3269317127723212,274.99999999999994,5.684341886080802e-14,True,6,
0.564103,300,90.54304182020645,3.580141655921948,0.0029466687814902735,2.719010264871065,3.3133413012091775,299.99999999999983,1.7053025658242404e-13,True,6,
0.564103,325,98.43386631151118,3.580141655921948,0.002828624807651554,2.955971961306642,3.301709179760151,324.99999999999994,5.684341886080802e-14,True,6,
0.564103,350,106.32392703508327,3.580141655921948,0.0027116606503343743,3.1929107217742727,3.2918272467918896,349.99999999999994,5.684341886080802e-14,True,7,
0.564103,375,114.21081729879238,3.580141655921948,0.002598176688235795,3.4297542732370085,3.2834017728718683,374.99999999999994,5.684341886080802e-14,True,7,
0.564103,400,122.09795158828027,3.580141655921948,0.002490487474551114,3.6666051528012096,3.276058236822988,400.0,0.0,True,7,
0.564103,425,129.99551229595778,3.580141655921948,0.0023908365823041714,3.9037691380167505,3.2693436295894003,425.0000000000001,-1.1368683772161603e-13,True,7,
0.564103,450,137.92098238205048,3.580141655921948,0.0023013458105977103,4.141771242704219,3.2627377809234956,449.99999999999994,5.684341886080802e-14,True,7,
0.564103,475,145.8900050299348,3.580141655921948,0.002222661189316873,4.381081232130175,3.2558776038326687,475.0000000000001,-1.1368683772161603e-13,True,7,
0.564103,500,153.91401169373174,3.580141655921948,0.0021542841831023916,4.622042393205158,3.2485671349723053,500.0,0.0,True,7,
0.564103,525,162.0058245131181,3.580141655921948,0.0020957112431438506,4.865039775168713,3.240624228035017,524.9999999999998,2.2737367544323206e-13,True,7,
0.564103,550,170.17988054226686,3.580141655921948,0.002046465485897375,5.110506923191197,3.2318744039980607,549.9999999999999,1.1368683772161603e-13,True,7,
0.564103,575,178.45231693539006,3.580141655921948,0.002006095563464161,5.358928436498201,3.2221492546279618,574.9999999999999,1.1368683772161603e-13,True,7,
0.564103,600,186.8410903966749,3.580141655921948,0.001974172848344084,5.610843555455703,3.2112850483058297,600.0,0.0,True,7,
0.564103,625,195.3661228328928,3.580141655921948,0.00195028680382552,5.866850535522307,3.1991216846464017,624.9999999999999,1.1368683772161603e-13,True,6,
0.564103,650,204.04946130341446,3.580141655921948,0.0019340384045726663,6.127611450552988,3.18550216132878,650.0000000000001,-1.1368683772161603e-13,True,5,
0.564103,675,212.91542009565237,3.580141655921948,0.0019250305660968396,6.393856459328901,3.170272964244468,675.0,0.0,True,6,
0.564103,700,221.99066690322599,3.580141655921948,0.0019228553232111204,6.666386393490271,3.1532857203638933,700.0,0.0,True,5,
0.564103,725,231.30416574092504,3.580141655921948,0.001927075938389814,6.946071043271023,3.134400963673282,725.0,0.0,True,6,
0.564103,750,240.886835860933,3.580141655921948,0.001937202106241863,7.233838914742733,3.113495170126211,750.0000000000002,-2.2737367544323206e-13,True,7,
0.564103,775,250.77069417564778,3.580141655921948,0.00195265597108171,7.53065147674618,3.090472762567564,774.9999999999999,1.1368683772161603e-13,True,7,
0.564103,800,260.9870915647611,3.580141655921948,0.0019727257448822334,7.837450197139973,3.065285701310207,800.0,0.0,True,8,
0.564103,825,271.5634748158552,3.580141655921948,0.001996505155890535,8.155059303779437,3.0379637783005435,825.0,0.0,True,8,
0.564103,850,282.517860637378,3.580141655921948,0.0020228183629511674,8.484019838960302,3.008659339562981,850.0000000000001,-1.1368683772161603e-13,True,7,
0.564103,875,293.850211142182,3.580141655921948,0.002050140026555791,8.824330664930391,2.9777075762474903,875.0,0.0,True,9,
0.564103,900,,3.580141655921948,0.00361623742644703,1.0,,,,False,1,No solution exists for discriminant 
0.564103,925,,3.580141655921948,0.00361623742644703,1.0,,,,False,1,No solution exists for discriminant 
0.564103,950,,3.580141655921948,0.00361623742644703,1.0,,,,False,1,No solution exists for discriminant 
0.564103,975,,3.580141655921948,0.00361623742644703,1.0,,,,False,1,No solution exists for discriminant 
0.564103,1000,,3.580141655921948,0.00361623742644703,1.0,,,,False,1,No solution exists for discriminant 
0.564103,1025,,3.580141655921948,0.00361623742644703,1.0,,,,False,1,No solution exists for discriminant 
0.564103,1050,,3.580141655921948,0.00361623742644703,1.0,,,,False,1,No solution exists for discriminant 
0.564103,1075,,3.580141655921948,0.00361623742644703,1.0,,,,False,1,No solution exists for discriminant 
0.564103,1100,,3.580141655921948,0.00361623742644703,1.0,,,,False,1,No solution exists for discriminant 
0.564103,1125,,3.580141655921948,0.00361623742644703,1.0,,,,False,1,No solution exists for discriminant 
0.564103,1150,,3.580141655921948,0.00361623742644703,1.0,,,,False,1,No solution exists for discriminant 
0.564103,1175,,3.580141655921948,0.00361623742644703,1.0,,,,False,1,No solution exists for discriminant 
0.564103,1200,,3.580141655921948,0.00361623742644703,1.0,,,,False,1,No solution exists for discriminant 
0.564103,1225,,3.580141655921948,0.00361623742644703,1.0,,,,False,1,No solution exists for discriminant 
0.564103,1250,,3.580141655921948,0.00361623742644703,1.0,,,,False,1,No solution exists for discriminant 
0.564103,1275,,3.580141655921948,0.00361623742644703,1.0,,,,False,1,No solution exists for discriminant 
0.564103,1300,,3.580141655921948,0.00361623742644703,1.0,,,,False,1,No solution exists for discriminant 
0.564103,1325,,3.580141655921948,0.00361623742644703,1.0,,,,False,1,No solution exists for discriminant 
0.564103,1350,,3.580141655921948,0.00361623742644703,1.0,,,,False,1,No solution exists for discriminant 
0.564103,1375,,3.580141655921948,0.00361623742644703,1.0,,,,False,1,No solution exists for discriminant 
0.564103,1400,,3.580141655921948,0.00361623742644703,1.0,,,,False,1,No solution exists for discriminant 
0.564103,1425,,3.580141655921948,0.00361623742644703,1.0,,,,False,1,No solution exists for discriminant 
0.564103,1450,,3.580141655921948,0.00361623742644703,1.0,,,,False,1,No solution exists for discriminant 
0.564103,1475,,3.580141655921948,0.00361623742644703,1.0,,,,False,1,No solution exists for discriminant 
0.564103,1500,,3.580141655921948,0.00361623742644703,1.0,,,,False,1,No solution exists for discriminant 
0.564103,1525,,3.580141655921948,0.00361623742644703,1.0,,,,False,1,No solution exists for discriminant 
0.589744,-100,-25.925925925925927,3.6162737894290555,0.0036496283051076477,0.8084483688306243,3.710893782524439,-96.20835732470768,-3.791642675292323,True,3,
0.589744,-75,-20.32074874994697,3.6162737894290555,0.0036679304837046256,0.6102326951936027,3.6908088832206887,-74.99999999999997,-2.842170943040401e-14,True,3,
0.589744,-50,-13.637626779990649,3.6162737894290555,0.0036702326744481612,0.409538341741461,3.6663270528389065,-50.000000000000064,6.394884621840902e-14,True,3,
0.589744,-25,-6.865560386879978,3.6162737894290555,0.003654408894141674,0.20617298459099034,3.6413633543701365,-25.00000000000001,1.0658141036401503e-14,True,3,
0.589744,0,0.0,3.6162737894290555,0.0036181486341750773,0.0,3.6162737894290555,0.0,0.0,True,1,
0.589744,25,6.962181343734069,3.6162737894290555,0.003654770252207257,0.20907451482684894,3.590828616163504,24.99999999999997,2.842170943040401e-14,True,3,
0.589744,50,14.026071312848929,3.6162737894290555,0.0036705717189823178,0.4212033427281961,3.564790088739683,49.99999999999986,1.4210854715202004e-13,True,3,
0.589744,75,21.195035353838072,3.6162737894290555,0.0036663904071197436,0.6364875481633055,3.53856451512918,74.99999999999984,1.5631940186722204e-13,True,3,
0.589744,100,28.46930609869858,3.6162737894290555,0.003643183695093516,0.8549341170780356,3.5125548776396505,99.99999999999994,5.684341886080802e-14,True,3,
0.589744,125,35.845847963390554,3.6162737894290555,0.003602078807617536,1.0764518907925091,3.487154220139046,125.0,0.0,True,3,
0.589744,150,43.31835057995016,3.6162737894290555,0.003544411657213037,1.3008513687672723,3.462735722662239,149.99999999999994,5.684341886080802e-14,True,4,
0.589744,175,50.87741831037933,3.6162737894290555,0.0034717534136386474,1.5278503997110913,3.4396399387328747,175.0,0.0,True,4,
0.589744,200,58.511004791313944,3.6162737894290555,0.0033859165862217934,1.7570872309703889,3.418160407829643,199.99999999999986,1.4210854715202004e-13,True,5,
0.589744,225,66.20511235147472,3.6162737894290555,0.0032889409173651224,1.9881415120562982,3.3985290864775353,224.99999999999997,2.842170943040401e-14,True,5,
0.589744,250,73.94473579970737,3.6162737894290555,0.0031830596760191792,2.2205626366278493,3.380903282651115,250.00000000000009,-8.526512829121202e-14,True,5,
0.589744,275,81.71498343434654,3.6162737894290555,0.003070647495702293,2.453903406436833,3.365355880185025,275.0,0.0,True,6,
0.589744,300,89.50228719324646,3.6162737894290555,0.0029541607065467924,2.6877563721695634,3.3518696494567006,299.99999999999994,5.684341886080802e-14,True,6,
0.589744,325,97.29559280253532,3.6162737894290555,0.002836073929910998,2.9217895736497095,3.3403362951865487,324.9999999999999,1.1368683772161603e-13,True,6,
0.589744,350,105.08746044742396,3.6162737894290555,0.0027188274054956935,3.155779593015735,3.3305591219906545,350.0,0.0,True,6,
0.589744,375,112.87504138534078,3.6162737894290555,0.0026047908173994264,3.3896408824426665,3.3222579181149396,374.9999999999999,1.1368683772161603e-13,True,7,
0.589744,400,120.66094121669082,3.6162737894290555,0.002496245794837289,3.6234516881889136,3.3150744223157815,399.9999999999998,2.2737367544323206e-13,True,7,
0.589744,425,128.45410849380167,3.6162737894290555,0.0023954017347343217,3.8574807355496,3.3085745951092522,424.99999999999983,1.7053025658242404e-13,True,7,
0.589744,450,136.27070434038512,3.6162737894290555,0.0023044079963847075,4.092213343555109,3.3022504886740958,450.0,0.0,True,7,
0.589744,475,144.12763061589393,3.6162737894290555,0.002224304425385746,4.328157075552371,3.2956900628297605,475.0,0.0,True,7,
0.589744,500,152.03634725654487,3.6162737894290555,0.002154659224745432,4.565656073770117,3.2886872713161415,499.9999999999999,1.1368683772161603e-13,True,7,
0.589744,525,160.00925724495247,3.6162737894290555,0.0020949639418438052,4.805082800148723,3.2810601651396705,524.9999999999998,2.2737367544323206e-13,True,7,
0.589744,550,168.06031853803643,3.6162737894290555,0.0020447376975273944,5.046856412553647,3.2726345206558705,549.9999999999998,2.2737367544323206e-13,True,7,
0.589744,575,176.20512506478016,3.6162737894290555,0.002003526226128661,5.291445197140546,3.2632422001834875,574.9999999999998,2.2737367544323206e-13,True,7,
0.589744,600,184.4610224711295,3.6162737894290555,0.00197089929153443,5.539370044178064,3.25271969092499,600.0,0.0,True,7,
0.589744,625,192.8472519620095,3.6162737894290555,0.0019464463782447438,5.791208767627913,3.2409069542931506,625.0,0.0,True,6,
0.589744,650,201.38511307548418,3.6162737894290555,0.0019297705867123676,6.047600993257784,3.227646721614242,650.0,0.0,True,5,
0.589744,675,210.09811583170458,3.6162737894290555,0.0019204796061700988,6.309252727678817,3.2127846426795035,674.9999999999999,1.1368683772161603e-13,True,6,
0.589744,700,219.0120968546243,3.6162737894290555,0.0019181739714932374,6.576939845484214,3.1961704858003595,699.9999999999999,1.1368683772161603e-13,True,5,
0.589744,725,228.1552159475845,3.6162737894290555,0.0019224302547218282,6.851507986413949,3.177661299518827,725.0,0.0,True,6,
0.589744,750,237.5577216234053,3.6162737894290555,0.0019327780747120898,7.133865514216376,3.15712743359678,749.9999999999999,1.1368683772161603e-13,True,7,
0.589744,775,247.251280319286,3.6162737894290555,0.0019486683660842367,7.424963372951532,3.134463040997037,775.0,0.0,True,7,
0.589744,800,257.267529756174,3.6162737894290555,0.0019694297703823616,7.7257516443295495,3.1096034573745164,799.9999999999999,1.1368683772161603e-13,True,8,
0.589744,825,267.6353494652762,3.6162737894290555,0.0019942109617377213,8.037097581539827,3.0825524417768957,824.9999999999999,1.1368683772161603e-13,True,8,
0.589744,850,278.37609132539507,3.6162737894290555,0.002021907279143486,8.359642382143997,3.053423144038727,849.9999999999997,3.410605131648481e-13,True,8,
0.589744,875,289.4959243640345,3.6162737894290555,0.0020510780424851482,8.69357130222326,3.022495055577043,875.0,0.0,True,8,
0.589744,900,300.97474103073296,3.6162737894290555,0.0020798743093604194,9.038280511433422,2.9902841577928285,900.0,0.0,True,9,
0.589744,925,,3.6162737894290555,0.003618142659343409,1.0,,,,False,1,No solution exists for discriminant 
0.589744,950,,3.6162737894290555,0.003618142659343409,1.0,,,,False,1,No solution exists for discriminant 
0.589744,975,,3.6162737894290555,0.003618142659343409,1.0,,,,False,1,No solution exists for discriminant 
0.589744,1000,,3.6162737894290555,0.003618142659343409,1.0,,,,False,1,No solution exists for discriminant 
0.589744,1025,,3.6162737894290555,0.003618142659343409,1.0,,,,False,1,No solution exists for discriminant 
0.589744,1050,,3.6162737894290555,0.003618142659343409,1.0,,,,False,1,No solution exists for discriminant 
0.589744,1075,,3.6162737894290555,0.003618142659343409,1.0,,,,False,1,No solution exists for discriminant 
0.589744,1100,,3.6162737894290555,0.003618142659343409,1.0,,,,False,1,No solution exists for discriminant 
0.589744,1125,,3.6162737894290555,0.003618142659343409,1.0,,,,False,1,No solution exists for discriminant 
0.589744,1150,,3.6162737894290555,0.003618142659343409,1.0,,,,False,1,No solution exists for discriminant 
0.589744,1175,,3.6162737894290555,0.003618142659343409,1.0,,,,False,1,No solution exists for discriminant 
0.589744,1200,,3.6162737894290555,0.003618142659343409,1.0,,,,False,1,No solution exists for discriminant 
0.589744,1225,,3.6162737894290555,0.003618142659343409,1.0,,,,False,1,No solution exists for discriminant 
0.589744,1250,,3.6162737894290555,0.003618142659343409,1.0,,,,False,1,No solution exists for discriminant 
0.589744,1275,,3.6162737894290555,0.003618142659343409,1.0,,,,False,1,No solution exists for discriminant 
0.589744,1300,,3.6162737894290555,0.003618142659343409,1.0,,,,False,1,No solution exists for discriminant 
0.589744,1325,,3.6162737894290555,0.003618142659343409,1.0,,,,False,1,No solution exists for discriminant 
0.589744,1350,,3.6162737894290555,0.003618142659343409,1.0,,,,False,1,No solution exists for discriminant 
0.589744,1375,,3.6162737894290555,0.003618142659343409,1.0,,,,False,1,No solution exists for discriminant 
0.589744,1400,,3.6162737894290555,0.003618142659343409,1.0,,,,False,1,No solution exists for discriminant 
0.589744,1425,,3.6162737894290555,0.003618142659343409,1.0,,,,False,1,No solution exists for discriminant 
0.589744,1450,,3.6162737894290555,0.003618142659343409,1.0,,,,False,1,No solution exists for discriminant 
0.589744,1475,,3.6162737894290555,0.003618142659343409,1.0,,,,False,1,No solution exists for discriminant 
0.589744,1500,,3.6162737894290555,0.003618142659343409,1.0,,,,False,1,No solution exists for discriminant 
0.589744,1525,,3.6162737894290555,0.003618142659343409,1.0,,,,False,1,No solution exists for discriminant 
0.6153850000000001,-100,-25.925925925925927,3.6495452249871176,0.0035923803319172685,0.8017718644311105,3.742681011370158,-97.03247066515225,-2.967529334847754,True,3,
0.6153850000000001,-75,-20.14894270584305,3.6495452249871176,0.0036098397670437372,0.6050733545298215,3.7222796796305557,-74.9999999999999,-9.947598300641403e-14,True,3,
0.6153850000000001,-50,-13.519455293843286,3.6495452249871176,0.0036117306133711204,0.4059896484637624,3.6983738555479935,-49.99999999999993,-7.105427357601002e-14,True,3,
0.6153850000000001,-25,-6.8045458579950715,3.6495452249871176,0.0035960156262620953,0.20434071645630847,3.6740144782220847,-25.00000000000001,1.0658141036401503e-14,True,3,
0.6153850000000001,0,0.0,3.6495452249871176,0.003560486761973204,0.0,3.6495452249871176,0.0,0.0,True,1,
0.6153850000000001,25,6.897044553134243,3.6495452249871176,0.003596359212593004,0.20711845504907636,3.624740975268789,25.000000000000103,-1.0302869668521453e-13,True,3,
0.6153850000000001,50,13.891324492369648,3.6495452249871176,0.0036120690109770546,0.4171568916627522,3.5993688022668024,50.000000000000036,-3.552713678800501e-14,True,3,
0.6153850000000001,75,20.985956080861254,3.6495452249871176,0.0036084433465606866,0.6302088913171549,3.573818591395919,75.00000000000018,-1.8474111129762605e-13,True,3,
0.6153850000000001,100,28.181113063118772,3.6495452249871176,0.0035864212996190963,0.8462796715651284,3.5484758808505745,100.00000000000001,-1.4210854715202004e-14,True,3,
0.6153850000000001,125,35.47391728636541,3.6495452249871176,0.0035470992319313705,1.0652828013923548,3.523715720227054,125.00000000000004,-4.263256414560601e-14,True,3,
0.6153850000000001,150,42.85844629229829,3.6495452249871176,0.0034917660788146045,1.287040429198147,3.4998935560329727,150.00000000000003,-2.842170943040401e-14,True,4,
0.6153850000000001,175,50.32591634960543,3.6495452249871176,0.003421927208888821,1.5112887792674303,3.47733360251814,175.0,0.0,True,4,
0.6153850000000001,200,57.865083056106485,3.6495452249871176,0.0033393098085105913,1.7376901818650599,3.4563157855675812,200.00000000000003,-2.842170943040401e-14,True,4,
0.6153850000000001,225,65.46287944293896,3.6495452249871176,0.003245852461011398,1.9658522355236925,3.437062376642362,225.00000000000017,-1.7053025658242404e-13,True,5,
0.6153850000000001,250,73.10526587230041,3.6495452249871176,0.0031436713529923808,2.195353329498511,3.4197262949114755,250.0000000000002,-1.9895196601282805e-13,True,5,
0.6153850000000001,275,80.7782497284425,3.6495452249871176,0.003035018282354598,2.425773265118394,3.4043817602446893,275.00000000000017,-1.7053025658242404e-13,True,5,
0.6153850000000001,300,88.4689781761277,3.6495452249871176,0.002922222806286742,2.6567260713551866,3.391019159311953,300.0000000000001,-1.1368683772161603e-13,True,6,
0.6153850000000001,325,96.16683774871952,3.6495452249871176,0.0028076398284058806,2.887893025487073,3.379543381151967,325.00000000000017,-1.7053025658242404e-13,True,6,
0.6153850000000001,350,103.86446190613263,3.6495452249871176,0.002693596447626166,3.1190529100940734,3.3697762793621555,349.99999999999994,5.684341886080802e-14,True,6,
0.6153850000000001,375,111.55864472915219,3.6495452249871176,0.0025823594908957934,3.350109451325892,3.3614606999793195,375.00000000000017,-1.7053025658242404e-13,True,7,
0.6153850000000001,400,119.2511474269197,3.6495452249871176,0.002476117104749778,3.581115538345937,3.3542654190822843,400.00000000000006,-5.684341886080802e-14,True,7,
0.6153850000000001,425,126.94951101318455,3.6495452249871176,0.0023769891911731285,3.8122976280235603,3.347787609484064,424.99999999999994,5.684341886080802e-14,True,7,
0.6153850000000001,450,134.66796745597017,3.6495452249871176,0.0022870571935575566,4.044083106785892,3.341551881275166,449.99999999999994,5.684341886080802e-14,True,7,
0.6153850000000001,475,142.42374333456627,3.6495452249871176,0.0022076877602732964,4.276989289326314,3.33511807005509,475.00000000000017,-1.7053025658242404e-13,True,7,
0.6153850000000001,500,150.2283074105008,3.6495452249871176,0.002138596146250747,4.511360582897923,3.328267545701248,500.0000000000001,-1.1368683772161603e-13,True,7,
0.6153850000000001,525,158.09330393846577,3.6495452249871176,0.0020792877174275826,4.747546664818792,3.3208237599003203,525.0,0.0,True,7,
0.6153850000000001,550,166.03182870427472,3.6495452249871176,0.0020292938661645513,4.985940801930172,3.3126178534094493,549.9999999999999,1.1368683772161603e-13,True,7,
0.6153850000000001,575,174.05849597235382,3.6495452249871176,0.0019881712788026636,5.226981861031647,3.3034871224632947,575.0000000000001,-1.1368683772161603e-13,True,7,
0.6153850000000001,600,182.18953699124978,3.6495452249871176,0.0019554996899852476,5.471157267004498,3.293273641882173,600.0,0.0,True,7,
0.6153850000000001,625,190.44292427516672,3.6495452249871176,0.0019308780517532963,5.719006734989992,3.281823162392483,624.9999999999999,1.1368683772161603e-13,True,6,
0.6153850000000001,650,198.83851484616207,3.6495452249871176,0.0019139191475552385,5.97112657195682,3.2689843841516018,650.0000000000002,-2.2737367544323206e-13,True,5,
0.6153850000000001,675,207.3981827131202,3.6495452249871176,0.0019042413074642967,6.228173655048655,3.2546090383717665,675.0000000000001,-1.1368683772161603e-13,True,6,
0.6153850000000001,700,216.14593452297936,3.6495452249871176,0.0019014584991835508,6.490868904593976,3.2385527007244272,700.0,0.0,True,5,
0.6153850000000001,725,225.107917977141,3.6495452249871176,0.0019051651213324507,6.759997536851082,3.220677471121302,725.0,0.0,True,6,
0.6153850000000001,750,234.3122567840423,3.6495452249871176,0.0019149162221049625,7.036404107628898,3.2008568834333317,750.0000000000001,-1.1368683772161603e-13,True,7,
0.6153850000000001,775,243.78853659925926,3.6495452249871176,0.0019302000247051253,7.320977075052832,3.178984585620401,775.0000000000001,-1.1368683772161603e-13,True,7,
0.6153850000000001,800,253.56668018664388,3.6495452249871176,0.001950400449946283,7.614615020619937,3.154988657859702,799.9999999999999,1.1368683772161603e-13,True,8,
0.6153850000000001,825,263.6748094214013,3.6495452249871176,0.0019747474491806885,7.918162445087126,3.1288540676690015,825.0000000000001,-1.1368683772161603e-13,True,8,
0.6153850000000001,850,274.13548902182157,3.6495452249871176,0.0020022532491882593,8.23229696762227,3.100656551375363,850.0,0.0,True,8,
0.6153850000000001,875,284.95962721227716,3.6495452249871176,0.0020316379999053406,8.557346162530846,3.0706104179037954,875.0000000000001,-1.1368683772161603e-13,True,8,
0.6153850000000001,900,296.13740847484365,3.6495452249871176,0.0020612576633462156,8.893015269514825,3.0391297223648577,900.0,0.0,True,9,
0.6153850000000001,925,307.6264706888551,3.6495452249871176,0.0020890654753631527,9.238032152818471,3.006893385763216,925.0000000000001,-1.1368683772161603e-13,True,9,
0.6153850000000001,950,,3.6495452249871176,0.003560500125809587,1.0,,,,False,1,No solution exists for discriminant 
0.6153850000000001,975,,3.6495452249871176,0.003560500125809587,1.0,,,,False,1,No solution exists for discriminant 
0.6153850000000001,1000,,3.6495452249871176,0.003560500125809587,1.0,,,,False,1,No solution exists for discriminant 
0.6153850000000001,1025,,3.6495452249871176,0.003560500125809587,1.0,,,,False,1,No solution exists for discriminant 
0.6153850000000001,1050,,3.6495452249871176,0.003560500125809587,1.0,,,,False,1,No solution exists for discriminant 
0.6153850000000001,1075,,3.6495452249871176,0.003560500125809587,1.0,,,,False,1,No solution exists for discriminant 
0.6153850000000001,1100,,3.6495452249871176,0.003560500125809587,1.0,,,,False,1,No solution exists for discriminant 
0.6153850000000001,1125,,3.6495452249871176,0.003560500125809587,1.0,,,,False,1,No solution exists for discriminant 
0.6153850000000001,1150,,3.6495452249871176,0.003560500125809587,1.0,,,,False,1,No solution exists for discriminant 
0.6153850000000001,1175,,3.6495452249871176,0.003560500125809587,1.0,,,,False,1,No solution exists for discriminant 
0.6153850000000001,1200,,3.6495452249871176,0.003560500125809587,1.0,,,,False,1,No solution exists for discriminant 
0.6153850000000001,1225,,3.6495452249871176,0.003560500125809587,1.0,,,,False,1,No solution exists for discriminant 
0.6153850000000001,1250,,3.6495452249871176,0.003560500125809587,1.0,,,,False,1,No solution exists for discriminant 
0.6153850000000001,1275,,3.6495452249871176,0.003560500125809587,1.0,,,,False,1,No solution exists for discriminant 
0.6153850000000001,1300,,3.6495452249871176,0.003560500125809587,1.0,,,,False,1,No solution exists for discriminant 
0.6153850000000001,1325,,3.6495452249871176,0.003560500125809587,1.0,,,,False,1,No solution exists for discriminant 
0.6153850000000001,1350,,3.6495452249871176,0.003560500125809587,1.0,,,,False,1,No solution exists for discriminant 
0.6153850000000001,1375,,3.6495452249871176,0.003560500125809587,1.0,,,,False,1,No solution exists for discriminant 
0.6153850000000001,1400,,3.6495452249871176,0.003560500125809587,1.0,,,,False,1,No solution exists for discriminant 
0.6153850000000001,1425,,3.6495452249871176,0.003560500125809587,1.0,,,,False,1,No solution exists for discriminant 
0.6153850000000001,1450,,3.6495452249871176,0.003560500125809587,1.0,,,,False,1,No solution exists for discriminant 
0.6153850000000001,1475,,3.6495452249871176,0.003560500125809587,1.0,,,,False,1,No solution exists for discriminant 
0.6153850000000001,1500,,3.6495452249871176,0.003560500125809587,1.0,,,,False,1,No solution exists for discriminant 
0.6153850000000001,1525,,3.6495452249871176,0.003560500125809587,1.0,,,,False,1,No solution exists for discriminant 
0.6410260000000001,-100,-25.925925925925927,3.680133897280291,0.003486319484883221,0.7960147807050553,3.7705199579994857,-97.75422113332,-2.2457788666799985,True,3,
0.6410260000000001,-75,-19.999031140030635,3.680133897280291,0.0035025583126571335,0.6005715057066258,3.7501816700448942,-74.99999999999993,-7.105427357601002e-14,True,3,
0.6410260000000001,-50,-13.41510764798015,3.680133897280291,0.0035040547457611776,0.40285608552492946,3.727141168899093,-49.9999999999999,-9.947598300641403e-14,True,3,
0.6410260000000001,-25,-6.750035545882506,3.680133897280291,0.0034889153475506124,0.2027037701466218,3.703684199892833,-25.000000000000032,3.197442310920451e-14,True,3,
0.6410260000000001,0,0.0,3.680133897280291,0.00345509528555225,0.0,3.680133897280291,0.0,0.0,True,1,
0.6410260000000001,25,6.8375580390524044,3.680133897280291,0.003489228621466223,0.20533207324481698,3.6562760940694927,24.999999999999986,1.4210854715202004e-14,True,3,
0.6410260000000001,50,13.766939194671055,3.680133897280291,0.0035043763330527343,0.41342159743756923,3.63188936138791,50.00000000000004,-4.263256414560601e-14,True,3,
0.6410260000000001,75,20.790956286014993,3.680133897280291,0.003501340531978637,0.624353041622072,3.607337679337471,75.00000000000013,-1.2789769243681803e-13,True,3,
0.6410260000000001,100,27.90973300771077,3.680133897280291,0.003481023658016708,0.8381301203516749,3.58297945639152,100.0,0.0,True,3,
0.6410260000000001,125,35.120626310531904,3.680133897280291,0.0034444675273432863,1.054673462778736,3.559162040413706,125.00000000000001,-1.4210854715202004e-14,True,3,
0.6410260000000001,150,42.41825077047855,3.680133897280291,0.0033928835580735407,1.2738213444588153,3.536213711678894,150.00000000000006,-5.684341886080802e-14,True,4,
0.6410260000000001,175,49.79465284518759,3.680133897280291,0.003327672934523554,1.4953349202759039,3.514433578723364,175.00000000000017,-1.7053025658242404e-13,True,4,
0.6410260000000001,200,57.23966948896327,3.680133897280291,0.0032504314899790597,1.7189089936625608,3.4940802730973712,200.00000000000006,-5.684341886080802e-14,True,4,
0.6410260000000001,225,64.74148708019885,3.680133897280291,0.0031629410018874137,1.9441888012071729,3.475360393271166,225.0,0.0,True,5,
0.6410260000000001,250,72.28738147775252,3.680133897280291,0.0030671416465718132,2.1707922365691448,3.458418259028252,250.0,0.0,True,5,
0.6410260000000001,275,79.86460469054751,3.680133897280291,0.002965096591569045,2.3983364771936193,3.4433276301253395,275.0,0.0,True,5,
0.6410260000000001,300,87.46134289197626,3.680133897280291,0.0028589438882046384,2.626466753512801,3.4300868255651054,300.00000000000006,-5.684341886080802e-14,True,6,
0.6410260000000001,325,95.06768836099964,3.680133897280291,0.002750851163935503,2.8548855363663557,3.4186168360997775,325.0000000000002,-2.2737367544323206e-13,True,6,
0.6410260000000001,350,102.67654771729313,3.680133897280291,0.0026429702516453054,3.0833798113301243,3.408762836121846,350.00000000000017,-1.7053025658242404e-13,True,6,
0.6410260000000001,375,110.28447318751573,3.680133897280291,0.002537406732362871,3.311846041667139,3.4002973325391963,375.0000000000002,-2.2737367544323206e-13,True,6,
0.6410260000000001,400,117.89241841517178,3.680133897280291,0.0024362044282505296,3.540312865320474,3.3929238654800855,400.0000000000002,-2.2737367544323206e-13,True,7,
0.6410260000000001,425,125.50646218892719,3.680133897280291,0.0023413462037633623,3.768962828496312,3.3862798184864764,425.00000000000017,-1.7053025658242404e-13,True,7,
0.6410260000000001,450,133.13865070042942,3.680133897280291,0.002254783158038898,3.9981576786915745,3.3799351099969392,450.0,0.0,True,7,
0.6410260000000001,475,140.805447912935,3.680133897280291,0.002178075378202594,4.2283918292172675,3.3734490180643393,475.0,0.0,True,7,
0.6410260000000001,500,148.51832575919792,3.680133897280291,0.0021111602564926244,4.460009782558497,3.366587910576648,500.00000000000006,-5.684341886080802e-14,True,7,
0.6410260000000001,525,156.28790211694022,3.680133897280291,0.002053573836456662,4.693330393902109,3.359185150538243,525.0,0.0,True,7,
0.6410260000000001,550,164.12611271163541,3.680133897280291,0.0020048746042492134,4.928712093442505,3.3510816220105895,550.0,0.0,True,7,
0.6410260000000001,575,172.04625805054383,3.680133897280291,0.001964643017739724,5.166554295812127,3.3421244176730434,574.9999999999999,1.1368683772161603e-13,True,7,
0.6410260000000001,600,180.0630751754118,3.680133897280291,0.001932479567212028,5.407299554817172,3.3321656836944444,600.0000000000002,-2.2737367544323206e-13,True,6,
0.6410260000000001,625,188.19283693871265,3.680133897280291,0.0019080020535578346,5.651436544706086,3.3210615779363524,624.9999999999997,3.410605131648481e-13,True,6,
0.6410260000000001,650,196.4534486098011,3.680133897280291,0.0018908399202640183,5.899502961255289,3.308671874175343,650.0,0.0,True,6,
0.6410260000000001,675,204.8645599584663,3.680133897280291,0.0018806284125241913,6.15208888764163,3.2948597851031334,675.0000000000002,-2.2737367544323206e-13,True,5,
0.6410260000000001,700,213.44764036231402,3.680133897280291,0.0018769994149688575,6.4098390499193405,3.2794928011937445,700.0000000000001,-1.1368683772161603e-13,True,5,
0.6410260000000001,725,222.22598141518253,3.680133897280291,0.0018795690915095265,6.673452895350827,3.2624448112819433,724.9999999999998,2.2737367544323206e-13,True,6,
0.6410260000000001,750,231.22456355937192,3.680133897280291,0.0018879217076840857,6.943680587368527,3.243600024386774,750.0,0.0,True,6,
0.6410260000000001,775,240.46965464658751,3.680133897280291,0.0019015872401512205,7.221310950347974,3.22285987036077,775.0000000000001,-1.1368683772161603e-13,True,7,
0.6410260000000001,800,249.98796842377547,3.680133897280291,0.0019200119458507464,7.507146198912177,3.200154011587683,800.0000000000001,-1.1368683772161603e-13,True,7,
0.6410260000000001,825,259.80506897872675,3.680133897280291,0.001942518771437373,7.801954023385188,3.175457673874533,825.0000000000002,-2.2737367544323206e-13,True,8,
0.6410260000000001,850,269.9426343911712,3.680133897280291,0.001968257945640984,8.106385417152289,3.148817162272609,850.0000000000001,-1.1368683772161603e-13,True,8,
0.6410260000000001,875,280.4140059479501,3.680133897280291,0.001996147359273714,8.420841019457962,3.120386219803927,874.9999999999999,1.1368683772161603e-13,True,8,
0.6410260000000001,900,291.21753152528527,3.680133897280291,0.0020248115340605116,8.745271216975535,3.090473280527263,900.0,0.0,True,8,
0.6410260000000001,925,302.32757059442565,3.680133897280291,0.002052537393585028,9.078906023856627,3.059595253523515,925.0000000000001,-1.1368683772161603e-13,True,8,
0.6410260000000001,950,313.68426666563965,3.680133897280291,0.0020772828560432083,9.419947947917107,3.0285229479252718,950.0000000000001,-1.1368683772161603e-13,True,9,
0.6410260000000001,975,325.1853758391292,3.680133897280291,0.002096785815304605,9.765326601775653,2.9982898138763083,975.0000000000001,-1.1368683772161603e-13,True,9,
0.6410260000000001,1000,,3.680133897280291,0.003455119083985116,1.0,,,,False,1,No solution exists for discriminant 
0.6410260000000001,1025,,3.680133897280291,0.003455119083985116,1.0,,,,False,1,No solution exists for discriminant 
0.6410260000000001,1050,,3.680133897280291,0.003455119083985116,1.0,,,,False,1,No solution exists for discriminant 
0.6410260000000001,1075,,3.680133897280291,0.003455119083985116,1.0,,,,False,1,No solution exists for discriminant 
0.6410260000000001,1100,,3.680133897280291,0.003455119083985116,1.0,,,,False,1,No solution exists for discriminant 
0.6410260000000001,1125,,3.680133897280291,0.003455119083985116,1.0,,,,False,1,No solution exists for discriminant 
0.6410260000000001,1150,,3.680133897280291,0.003455119083985116,1.0,,,,False,1,No solution exists for discriminant 
0.6410260000000001,1175,,3.680133897280291,0.003455119083985116,1.0,,,,False,1,No solution exists for discriminant 
0.6410260000000001,1200,,3.680133897280291,0.003455119083985116,1.0,,,,False,1,No solution exists for discriminant 
0.6410260000000001,1225,,3.680133897280291,0.003455119083985116,1.0,,,,False,1,No solution exists for discriminant 
0.6410260000000001,1250,,3.680133897280291,0.003455119083985116,1.0,,,,False,1,No solution exists for discriminant 
0.6410260000000001,1275,,3.680133897280291,0.003455119083985116,1.0,,,,False,1,No solution exists for discriminant 
0.6410260000000001,1300,,3.680133897280291,0.003455119083985116,1.0,,,,False,1,No solution exists for discriminant 
0.6410260000000001,1325,,3.680133897280291,0.003455119083985116,1.0,,,,False,1,No solution exists for discriminant 
0.6410260000000001,1350,,3.680133897280291,0.003455119083985116,1.0,,,,False,1,No solution exists for discriminant 
0.6410260000000001,1375,,3.680133897280291,0.003455119083985116,1.0,,,,False,1,No solution exists for discriminant 
0.6410260000000001,1400,,3.680133897280291,0.003455119083985116,1.0,,,,False,1,No solution exists for discriminant 
0.6410260000000001,1425,,3.680133897280291,0.003455119083985116,1.0,,,,False,1,No solution exists for discriminant 
0.6410260000000001,1450,,3.680133897280291,0.003455119083985116,1.0,,,,False,1,No solution exists for discriminant 
0.6410260000000001,1475,,3.680133897280291,0.003455119083985116,1.0,,,,False,1,No solution exists for discriminant 
0.6410260000000001,1500,,3.680133897280291,0.003455119083985116,1.0,,,,False,1,No solution exists for discriminant 
0.6410260000000001,1525,,3.680133897280291,0.003455119083985116,1.0,,,,False,1,No solution exists for discriminant 
0.666667,-100,-25.925925925925927,3.7098095083725493,0.003382061303552224,0.7905056061824691,3.7974925792053846,-98.4535113127322,-1.5464886872677965,True,3,
0.666667,-75,-19.855653892762728,3.7098095083725493,0.003397125209624329,0.5962658826655475,3.777261650765229,-74.99999999999999,-1.4210854715202004e-14,True,3,
0.666667,-50,-13.315370911317732,3.7098095083725493,0.003398270928449529,0.3998609883278599,3.755058746242003,-50.0,0.0,True,3,
0.666667,-25,-6.697970792320998,3.7098095083725493,0.0033837438758770417,0.2011402640336636,3.732473726021869,-25.000000000000004,3.552713678800501e-15,True,3,
0.666667,0,0.0,3.7098095083725493,0.003351655664022519,0.0,3.7098095083725493,0.0,0.0,True,1,
0.666667,25,6.78083241823803,3.7098095083725493,0.0033840285931977226,0.2036286011482892,3.6868629775835497,25.000000000000124,-1.2434497875801753e-13,True,3,
0.666667,50,13.648432716021487,3.7098095083725493,0.0033985743548486367,0.4098628443249696,3.6634242949600013,50.000000000000036,-3.552713678800501e-14,True,3,
0.666667,75,20.605344337100114,3.7098095083725493,0.0033960657922173423,0.6187791092222257,3.6398324033324645,75.0000000000001,-9.947598300641403e-14,True,3,
0.666667,100,27.65165735364835,3.7098095083725493,0.0033773653782783277,0.8303801007101608,3.616419758174322,100.00000000000018,-1.8474111129762605e-13,True,3,
0.666667,125,34.784956471444275,3.7098095083725493,0.0033434586880774606,1.044593287430759,3.593507443443703,125.0000000000002,-1.9895196601282805e-13,True,3,
0.666667,150,42.00035762854378,3.7098095083725493,0.0032954802075643615,1.2612720008571707,3.5713981610970587,150.00000000000009,-8.526512829121202e-14,True,4,
0.666667,175,49.290672389231865,3.7098095083725493,0.003234730367771887,1.4802003720490051,3.5503674735472055,175.00000000000014,-1.4210854715202004e-13,True,4,
0.666667,200,56.646728332074886,3.7098095083725493,0.003162679961519397,1.701102952915162,3.5306540357910627,200.00000000000014,-1.4210854715202004e-13,True,4,
0.666667,225,64.05785830387514,3.7098095083725493,0.0030809629684046677,1.9236594085247791,3.5124496191029966,224.99999999999994,5.684341886080802e-14,True,5,
0.666667,250,71.51254432611628,3.7098095083725493,0.0029913541848526856,2.147523853637126,3.4958901596331584,249.99999999999997,2.842170943040401e-14,True,5,
0.666667,275,78.99918811200705,3.7098095083725493,0.0028957395722295203,2.372347991351563,3.4810484331826066,275.0000000000001,-1.1368683772161603e-13,True,5,
0.666667,300,86.50694963681259,3.7098095083725493,0.0027960763782494892,2.597806295399778,3.4679294699386394,300.00000000000006,-5.684341886080802e-14,True,6,
0.666667,325,94.02660496323242,3.7098095083725493,0.0026943543214464467,2.8236217706676405,3.456468518958926,324.99999999999994,5.684341886080802e-14,True,6,
0.666667,350,101.55136189798787,3.7098095083725493,0.0025925569572593445,3.0495904473870237,3.4465318185647593,350.00000000000017,-1.7053025658242404e-13,True,6,
0.666667,375,109.07761604594323,3.7098095083725493,0.002492634124179175,3.275604085463761,3.4379189204323173,374.99999999999994,5.684341886080802e-14,True,6,
0.666667,400,116.60564527824754,3.7098095083725493,0.002396486542874866,3.501671029376803,3.430365648639989,400.00000000000006,-5.684341886080802e-14,True,7,
0.666667,425,124.14027570955453,3.7098095083725493,0.00230596442941317,3.7279362074941305,3.4235464483287728,425.00000000000006,-5.684341886080802e-14,True,7,
0.666667,450,131.6916286112283,3.7098095083725493,0.0022228885488106928,3.9547035618987483,3.417073695158419,450.0000000000001,-1.1368683772161603e-13,True,7,
0.666667,475,139.2748148387626,3.7098095083725493,0.002148889709130292,4.182426872034913,3.4105232920245054,475.0000000000001,-1.1368683772161603e-13,True,7,
0.666667,500,146.90147763178572,3.7098095083725493,0.002084170831189959,4.41145578473831,3.4036417336336773,500.0,0.0,True,7,
0.666667,525,154.58125900104082,3.7098095083725493,0.002028302274169651,4.642079849881106,3.3962719891967303,524.9999999999999,1.1368683772161603e-13,True,7,
0.666667,550,162.32497632112236,3.7098095083725493,0.00198087033054607,4.874623913547219,3.3882647788714446,550.0000000000001,-1.1368683772161603e-13,True,7,
0.666667,575,170.14466885870448,3.7098095083725493,0.001941480045630325,5.1094495152764114,3.379477028912995,575.0,0.0,True,7,
0.666667,600,178.05364742167222,3.7098095083725493,0.0019097536710214445,5.346956379029196,3.369770901570253,600.0000000000003,-3.410605131648481e-13,True,6,
0.666667,625,186.06656580867866,3.7098095083725493,0.0018853283982264717,5.587584558819179,3.359012927892973,625.0000000000002,-2.2737367544323206e-13,True,6,
0.666667,650,194.19948944344188,3.7098095083725493,0.0018678516009903287,5.83181649980306,3.3470736811041117,650.0000000000001,-1.1368683772161603e-13,True,6,
0.666667,675,202.46997504138633,3.7098095083725493,0.0018569758981214985,6.0801794306722625,3.3338276446274335,675.0000000000002,-2.2737367544323206e-13,True,5,
0.666667,700,210.89711943482934,3.7098095083725493,0.0018523514815450988,6.3332468298747555,3.3191539167338497,700.0000000000003,-3.410605131648481e-13,True,5,
0.666667,725,219.50155195715686,3.7098095083725493,0.0018536159871133295,6.591638196911618,3.302937922468576,724.9999999999999,1.1368683772161603e-13,True,6,
0.666667,750,228.30531967220637,3.7098095083725493,0.0018603812575599878,6.8560156057719635,3.2850745706531352,750.0000000000001,-1.1368683772161603e-13,True,6,
0.666667,775,237.33157342065238,3.7098095083725493,0.001872215521498022,7.127074276896469,3.2654736528728563,775.0000000000002,-2.2737367544323206e-13,True,7,
0.666667,800,246.60392648940248,3.7098095083725493,0.0018886200891128004,7.405523318000075,3.2440683787505673,800.0,0.0,True,7,
0.666667,825,256.14527527992846,3.7098095083725493,0.0019089987844627268,7.692050308706561,3.220828489217295,825.0000000000001,-1.1368683772161603e-13,True,7,
0.666667,850,265.97579255863974,3.7098095083725493,0.0019326193123323282,7.98726103779699,3.195779555060825,849.9999999999999,1.1368683772161603e-13,True,8,
0.666667,875,276.1097318234932,3.7098095083725493,0.0019585676669094136,8.291583538243039,3.1690299151040264,875.0000000000001,-1.1368683772161603e-13,True,8,
0.666667,900,286.5506004216911,3.7098095083725493,0.0019856980477290453,8.60512313578652,3.1408065405396117,900.0000000000002,-2.2737367544323206e-13,True,8,
0.666667,925,297.2845307822408,3.7098095083725493,0.0020125912935543117,8.927463386854079,3.1114972500118325,925.0000000000001,-1.1368683772161603e-13,True,7,
0.666667,950,308.27222059275226,3.7098095083725493,0.0020375420919181214,9.257424041824393,3.0816918831457483,950.0000000000002,-2.2737367544323206e-13,True,8,
0.666667,975,319.44122973935066,3.7098095083725493,0.0020586099052848474,9.592829721902422,3.0522046286747493,975.0000000000001,-1.1368683772161603e-13,True,8,
0.666667,1000,330.6820927269416,3.7098095083725493,0.0020737652607300317,9.930393174983232,3.0240524721299105,1000.0000000000001,-1.1368683772161603e-13,True,8,
0.666667,1025,341.85290155520926,3.7098095083725493,0.0020811403017497853,10.265852899555835,2.9983656576759015,1025.0000000000002,-2.2737367544323206e-13,True,8,
0.666667,1050,,3.7098095083725493,0.0033516797591676088,1.0,,,,False,1,No solution exists for discriminant 
0.666667,1075,,3.7098095083725493,0.0033516797591676088,1.0,,,,False,1,No solution exists for discriminant 
0.666667,1100,,3.7098095083725493,0.0033516797591676088,1.0,,,,False,1,No solution exists for discriminant 
0.666667,1125,,3.7098095083725493,0.0033516797591676088,1.0,,,,False,1,No solution exists for discriminant 
0.666667,1150,,3.7098095083725493,0.0033516797591676088,1.0,,,,False,1,No solution exists for discriminant 
0.666667,1175,,3.7098095083725493,0.0033516797591676088,1.0,,,,False,1,No solution exists for discriminant 
0.666667,1200,,3.7098095083725493,0.0033516797591676088,1.0,,,,False,1,No solution exists for discriminant 
0.666667,1225,,3.7098095083725493,0.0033516797591676088,1.0,,,,False,1,No solution exists for discriminant 
0.666667,1250,,3.7098095083725493,0.0033516797591676088,1.0,,,,False,1,No solution exists for discriminant 
0.666667,1275,,3.7098095083725493,0.0033516797591676088,1.0,,,,False,1,No solution exists for discriminant 
0.666667,1300,,3.7098095083725493,0.0033516797591676088,1.0,,,,False,1,No solution exists for discriminant 
0.666667,1325,,3.7098095083725493,0.0033516797591676088,1.0,,,,False,1,No solution exists for discriminant 
0.666667,1350,,3.7098095083725493,0.0033516797591676088,1.0,,,,False,1,No solution exists for discriminant 
0.666667,1375,,3.7098095083725493,0.0033516797591676088,1.0,,,,False,1,No solution exists for discriminant 
0.666667,1400,,3.7098095083725493,0.0033516797591676088,1.0,,,,False,1,No solution exists for discriminant 
0.666667,1425,,3.7098095083725493,0.0033516797591676088,1.0,,,,False,1,No solution exists for discriminant 
0.666667,1450,,3.7098095083725493,0.0033516797591676088,1.0,,,,False,1,No solution exists for discriminant 
0.666667,1475,,3.7098095083725493,0.0033516797591676088,1.0,,,,False,1,No solution exists for discriminant 
0.666667,1500,,3.7098095083725493,0.0033516797591676088,1.0,,,,False,1,No solution exists for discriminant 
0.666667,1525,,3.7098095083725493,0.0033516797591676088,1.0,,,,False,1,No solution exists for discriminant 
0.692308,-100,-25.925925925925927,3.7403827023386653,0.0033312735757148673,0.7846024712889993,3.8267490543016436,-99.2120125189315,-0.7879874810684981,True,3,
0.692308,-75,-19.704149153766902,3.7403827023386653,0.0033456011637875687,0.5917161908038109,3.8063049266789517,-74.99999999999986,-1.4210854715202004e-13,True,3,
0.692308,-50,-13.211456622283526,3.7403827023386653,0.0033464393442468997,0.3967404391076134,3.7845940405742864,-49.99999999999992,-7.815970093361102e-14,True,3,
0.692308,-25,-6.644477913622352,3.7403827023386653,0.0033321129985462486,0.19953387127995054,3.7625228535632,-25.00000000000003,2.842170943040401e-14,True,3,
0.692308,0,0.0,3.7403827023386653,0.0033008233556472014,0.0,3.7403827023386653,0.0,0.0,True,1,
0.692308,25,6.724089565092142,3.7403827023386653,0.0033323829505561885,0.20192461156432862,3.7179754609139395,25.000000000000068,-6.750155989720952e-14,True,3,
0.692308,50,13.531446328313079,3.7403827023386653,0.0033467375808864104,0.4063497395889814,3.6950965023879525,49.99999999999996,4.263256414560601e-14,True,3,
0.692308,75,20.424445802187872,3.7403827023386653,0.0033446411889259866,0.6133467207864226,3.6720702596476813,75.00000000000001,-1.4210854715202004e-14,True,3,
0.692308,100,27.403159207624054,3.7403827023386653,0.003326930953844126,0.8229176939226444,3.6492142837377024,100.00000000000003,-2.842170943040401e-14,True,3,
0.692308,125,34.465314575059956,3.7403827023386653,0.0032945577399128927,1.0349944316834823,3.626834733446869,125.00000000000007,-7.105427357601002e-14,True,3,
0.692308,150,41.60633799781605,3.7403827023386653,0.0032486095615223945,1.2494395795139956,3.6052199548990274,150.00000000000006,-5.684341886080802e-14,True,4,
0.692308,175,48.81950934324673,3.7403827023386653,0.0031903269997347566,1.4660513316290311,3.584632503567102,175.00000000000003,-2.842170943040401e-14,True,4,
0.692308,200,56.09625717404986,3.7403827023386653,0.003121107472884125,1.684572287509005,3.5653002548719086,200.00000000000009,-8.526512829121202e-14,True,4,
0.692308,225,63.42660414330161,3.7403827023386653,0.0030424989973549185,1.9047028271261746,3.547407322827043,225.0000000000002,-1.9895196601282805e-13,True,5,
0.692308,250,70.79975135399421,3.7403827023386653,0.0029561806505544043,2.1261186592791055,3.5310858473219247,250.00000000000023,-2.2737367544323206e-13,True,5,
0.692308,275,78.20477740307096,3.7403827023386653,0.0028639361138426437,2.348491813906035,3.5164092160589853,275.0000000000002,-2.2737367544323206e-13,True,5,
0.692308,300,85.63140344504546,3.7403827023386653,0.0027676186278614997,2.5715136169683324,3.503387635034234,300.00000000000017,-1.7053025658242404e-13,True,5,
0.692308,325,93.07077393083723,3.7403827023386653,0.002669113591608935,2.7949181360611783,3.491966234658305,325.0,0.0,True,6,
0.692308,350,100.51622008298854,3.7403827023386653,0.0025703077067582747,3.0185051075972535,3.482025087205149,350.0000000000001,-1.1368683772161603e-13,True,6,
0.692308,375,107.96395330258056,3.7403827023386653,0.0024730586114788023,3.2421607598372546,3.473381517894423,374.9999999999999,1.1368683772161603e-13,True,6,
0.692308,400,115.41371615496563,3.7403827023386653,0.002379181096019215,3.46587736201098,3.465792570641444,400.0000000000003,-2.8421709430404007e-13,True,6,
0.692308,425,122.86940699853007,3.7403827023386653,0.0022904453758328387,3.6897719819378403,3.458957037247559,425.00000000000006,-5.684341886080802e-14,True,7,
0.692308,450,130.3397400734555,3.7403827023386653,0.0022085895984206012,3.914106308512177,3.4525157081515867,449.99999999999994,5.684341886080802e-14,True,7,
0.692308,475,137.83856111248755,3.7403827023386653,0.0021352686146547304,4.139296129504131,3.446060348906003,475.0000000000003,-2.8421709430404007e-13,True,7,
0.692308,500,145.37793591355728,3.7403827023386653,0.0020709555920820476,4.365703781187906,3.439311452993138,500.0,0.0,True,7,
0.692308,525,152.96688120558719,3.7403827023386653,0.002015254713162877,4.59360003620382,3.4321154740312796,525.0000000000003,-3.410605131648481e-13,True,7,
0.692308,550,160.61540714349033,3.7403827023386653,0.0019677668932537615,4.8232854998045145,3.4243290216152316,550.0000000000003,-3.410605131648481e-13,True,7,
0.692308,575,168.3346461490122,3.7403827023386653,0.0019281102566922968,5.055094478949316,3.4158149445420865,574.9999999999999,1.1368683772161603e-13,True,7,
0.692308,600,176.1368891237211,3.7403827023386653,0.0018959188726189807,5.289396069781414,3.4064414500846056,599.9999999999999,1.1368683772161603e-13,True,6,
0.692308,625,184.0356411714481,3.7403827023386653,0.001870840873628681,5.526595830974418,3.396081302630659,625.0,0.0,True,6,
0.692308,650,192.0456742329383,3.7403827023386653,0.0018525342521734623,5.767137364352502,3.384611512840401,650.0000000000001,-1.1368683772161603e-13,True,6,
0.692308,675,200.18309098738652,3.7403827023386653,0.0018406626407626858,6.011504233855452,3.3719131654457852,675.0000000000001,-1.1368683772161603e-13,True,5,
0.692308,700,208.46536245172283,3.7403827023386653,0.0018348886110018722,6.260221094646331,3.357871982987622,699.9999999999999,1.1368683772161603e-13,True,5,
0.692308,725,216.91132315581277,3.7403827023386653,0.0018348651023611928,6.513853548222606,3.342379685173073,725.0000000000002,-2.2737367544323206e-13,True,5,
0.692308,750,225.54107789171854,3.7403827023386653,0.0018402240122728192,6.773005342093651,3.3253365950484306,750.0000000000002,-2.2737367544323206e-13,True,6,
0.692308,775,234.37575794869034,3.7403827023386653,0.0018505613929976378,7.038311049510221,3.3066559732242595,775.0000000000001,-1.1368683772161603e-13,True,6,
0.692308,800,243.43701464106834,3.7403827023386653,0.0018654176701128644,7.310420860092143,3.286270993667692,800.0000000000002,-2.2737367544323206e-13,True,7,
0.692308,825,252.74611616177214,3.7403827023386653,0.0018842528469752717,7.589973458311476,3.2641451133989037,825.0000000000002,-2.2737367544323206e-13,True,7,
0.692308,850,262.3223947532392,3.7403827023386653,0.0019064141052276854,7.877549391989167,3.240287588863985,850.0,0.0,True,8,
0.692308,875,272.1807946920049,3.7403827023386653,0.0019310978767269284,8.173597438198346,3.214774947623087,875.0000000000002,-2.2737367544323206e-13,True,8,
0.692308,900,282.32815068085046,3.7403827023386653,0.0019573068253295606,8.478322843268783,3.1877798860283644,900.0000000000003,-3.410605131648481e-13,True,8,
0.692308,925,292.75798088621224,3.7403827023386653,0.0019838101992121202,8.791530957543912,3.1596064339558505,925.0000000000001,-1.1368683772161603e-13,True,8,
0.692308,950,303.4438909478187,3.7403827023386653,0.0020091214964072833,9.112429157592155,3.130727058081935,950.0,0.0,True,7,
0.692308,975,314.3325640028078,3.7403827023386653,0.0020315182918724368,9.439416336420656,3.101810348835798,975.0000000000001,-1.1368683772161603e-13,True,8,
0.692308,1000,325.3385832073696,3.7403827023386653,0.002049132335654725,9.769927423644733,3.073720891452349,1000.0000000000003,-3.410605131648481e-13,True,8,
0.692308,1025,336.3447064891933,3.7403827023386653,0.0020601302360582986,10.100441636312112,3.0474688027621246,1025.0,0.0,True,8,
0.692308,1050,347.2107796097163,3.7403827023386653,0.0020629631510120884,10.42675013842992,3.024099658369641,1050.0,0.0,True,7,
0.692308,1075,,3.7403827023386653,0.00330083645965558,1.0,,,,False,1,No solution exists for discriminant 
0.692308,1100,,3.7403827023386653,0.00330083645965558,1.0,,,,False,1,No solution exists for discriminant 
0.692308,1125,,3.7403827023386653,0.00330083645965558,1.0,,,,False,1,No solution exists for discriminant 
0.692308,1150,,3.7403827023386653,0.00330083645965558,1.0,,,,False,1,No solution exists for discriminant 
0.692308,1175,,3.7403827023386653,0.00330083645965558,1.0,,,,False,1,No solution exists for discriminant 
0.692308,1200,,3.7403827023386653,0.00330083645965558,1.0,,,,False,1,No solution exists for discriminant 
0.692308,1225,,3.7403827023386653,0.00330083645965558,1.0,,,,False,1,No solution exists for discriminant 
0.692308,1250,,3.7403827023386653,0.00330083645965558,1.0,,,,False,1,No solution exists for discriminant 
0.692308,1275,,3.7403827023386653,0.00330083645965558,1.0,,,,False,1,No solution exists for discriminant 
0.692308,1300,,3.7403827023386653,0.00330083645965558,1.0,,,,False,1,No solution exists for discriminant 
0.692308,1325,,3.7403827023386653,0.00330083645965558,1.0,,,,False,1,No solution exists for discriminant 
0.692308,1350,,3.7403827023386653,0.00330083645965558,1.0,,,,False,1,No solution exists for discriminant 
0.692308,1375,,3.7403827023386653,0.00330083645965558,1.0,,,,False,1,No solution exists for discriminant 
0.692308,1400,,3.7403827023386653,0.00330083645965558,1.0,,,,False,1,No solution exists for discriminant 
0.692308,1425,,3.7403827023386653,0.00330083645965558,1.0,,,,False,1,No solution exists for discriminant 
0.692308,1450,,3.7403827023386653,0.00330083645965558,1.0,,,,False,1,No solution exists for discriminant 
0.692308,1475,,3.7403827023386653,0.00330083645965558,1.0,,,,False,1,No solution exists for discriminant 
0.692308,1500,,3.7403827023386653,0.00330083645965558,1.0,,,,False,1,No solution exists for discriminant 
0.692308,1525,,3.7403827023386653,0.00330083645965558,1.0,,,,False,1,No solution exists for discriminant 
0.7179490000000001,-100,-25.90040700092696,3.773435978511263,0.0033786036793508997,0.7777900000278367,3.86094318890128,-99.99999999999999,-1.4210854715202004e-14,True,3,
0.7179490000000001,-75,-19.53272984750181,3.773435978511263,0.0033929253203004777,0.5865684638889432,3.8397090721854408,-75.00000000000004,4.263256414560601e-14,True,3,
0.7179490000000001,-50,-13.096280900139606,3.773435978511263,0.003393468217130963,0.3932817087129011,3.817877791508506,-50.00000000000003,2.842170943040401e-14,True,3,
0.7179490000000001,-25,-6.586420468335819,3.773435978511263,0.0033785356765193945,0.19779040445452914,3.795688435044093,-24.999999999999968,-3.197442310920451e-14,True,3,
0.7179490000000001,0,0.0,3.773435978511263,0.0033463063180874182,0.0,3.773435978511263,0.0,0.0,True,1,
0.7179490000000001,25,6.665038523519186,3.773435978511263,0.003378813819488646,0.20015130701258818,3.750916054240572,24.999999999999996,3.552713678800501e-15,True,3,
0.7179490000000001,50,13.412314185892377,3.773435978511263,0.00339378687541915,0.4027721977745459,3.727917442658183,49.999999999999986,1.4210854715202004e-14,True,3,
0.7179490000000001,75,20.244182408902493,3.773435978511263,0.003391983748973976,0.6079334056727476,3.7047680407690007,74.99999999999996,4.263256414560601e-14,True,3,
0.7179490000000001,100,27.160708648347583,3.773435978511263,0.003374246171108754,0.8156368963467744,3.6817890613499755,99.99999999999982,1.8474111129762605e-13,True,3,
0.7179490000000001,125,34.1596269664209,3.773435978511263,0.0033415304273455323,1.0258146236162433,3.6592905456161944,125.00000000000001,-1.4210854715202004e-14,True,3,
0.7179490000000001,150,41.23637718155026,3.773435978511263,0.003294931443720997,1.2383296450915995,3.637564942710634,149.99999999999997,2.842170943040401e-14,True,4,
0.7179490000000001,175,48.384254683558886,3.773435978511263,0.0032356986772823634,1.4529806211278946,3.6168791096303785,174.99999999999994,5.684341886080802e-14,True,4,
0.7179490000000001,200,55.594697750131644,3.773435978511263,0.00316524082411878,1.6695104429468963,3.597465371588002,199.99999999999997,2.842170943040401e-14,True,4,
0.7179490000000001,225,62.857723771777046,3.773435978511263,0.003085119752224611,1.8876193324857973,3.579512373323075,224.99999999999991,8.526512829121202e-14,True,5,
0.7179490000000001,250,70.16250332764187,3.773435978511263,0.0029970308992179635,2.1069820819111675,3.563156788071837,249.99999999999997,2.842170943040401e-14,True,5,
0.7179490000000001,275,77.4980481306972,3.773435978511263,0.002902776486986167,2.3272687126335496,3.5484764666101527,274.99999999999994,5.684341886080802e-14,True,5,
0.7179490000000001,300,84.85396447318165,3.773435978511263,0.002804229837958854,2.5481671012967464,3.5354859594664663,300.00000000000006,-5.684341886080802e-14,True,5,
0.7179490000000001,325,92.22122155330273,3.773435978511263,0.002703297025351828,2.7694060526517337,3.5241346246119076,325.00000000000006,-5.684341886080802e-14,True,6,
0.7179490000000001,350,99.59290118722942,3.773435978511263,0.0026018850195739466,2.990777813430313,3.5143067008563023,349.99999999999994,5.684341886080802e-14,True,6,
0.7179490000000001,375,106.96487425188913,3.773435978511263,0.0025018698736195464,3.2121583859426166,3.505823782084958,374.9999999999999,1.1368683772161603e-13,True,6,
0.7179490000000001,400,114.33642934280876,3.773435978511263,0.002405081563250709,3.433526406690954,3.498447540290956,400.0,0.0,True,6,
0.7179490000000001,425,121.71086580214904,3.773435978511263,0.0023133006625773583,3.654980955019491,3.491882152008287,425.00000000000006,-5.684341886080802e-14,True,7,
0.7179490000000001,450,129.09610566312918,3.773435978511263,0.0022282686563836977,3.876759929823699,3.4857751726009143,450.0,0.0,True,7,
0.7179490000000001,475,136.50527284875108,3.773435978511263,0.002151689164435031,4.099257442905438,3.4797190620343574,475.0000000000001,-1.1368683772161603e-13,True,7,
0.7179490000000001,500,143.9512947150205,3.773435978511263,0.0020843087644680193,4.3228617031537695,3.473397033280227,499.99999999999983,1.7053025658242404e-13,True,7,
0.7179490000000001,525,151.4431164741049,3.773435978511263,0.002025762759752628,4.547841335558706,3.4666481529371413,525.0000000000001,-1.1368683772161603e-13,True,7,
0.7179490000000001,550,158.9904239931848,3.773435978511263,0.0019756418701460327,4.774487207002547,3.4593278399180565,549.9999999999999,1.1368683772161603e-13,True,7,
0.7179490000000001,575,166.60398627886076,3.773435978511263,0.0019335552139796558,5.0031227110769,3.4512979721719765,574.9999999999999,1.1368683772161603e-13,True,7,
0.7179490000000001,600,174.29568815924583,3.773435978511263,0.001899129183230517,5.234104749526902,3.4424259506167934,600.0,0.0,True,6,
0.7179490000000001,625,182.07858509742735,3.773435978511263,0.001872005907475355,5.467825378301122,3.4325837915841246,624.9999999999999,1.1368683772161603e-13,True,6,
0.7179490000000001,650,189.96695350447746,3.773435978511263,0.0018518390537454656,5.704713318452777,3.421647755090622,649.9999999999999,1.1368683772161603e-13,True,6,
0.7179490000000001,675,197.97635986133847,3.773435978511263,0.0018382901569246786,5.945236031872026,3.4094979848743865,674.9999999999999,1.1368683772161603e-13,True,5,
0.7179490000000001,700,206.1237061125525,3.773435978511263,0.0018310222237832943,6.189901084461036,3.396018891770603,700.0,0.0,True,5,
0.7179490000000001,725,214.4272466613619,3.773435978511263,0.0018296919597200112,6.439256656497355,3.381100169350069,724.9999999999998,2.2737367544323206e-13,True,5,
0.7179490000000001,750,222.90652832901287,3.773435978511263,0.0018339389840320432,6.693889739609997,3.364639006413443,749.9999999999999,1.1368683772161603e-13,True,6,
0.7179490000000001,775,231.58220885590157,3.773435978511263,0.0018433721797298625,6.954420686363411,3.3465437773859033,775.0,0.0,True,6,
0.7179490000000001,800,240.4756531505585,3.773435978511263,0.0018575513406268165,7.2214910856023575,3.3267401066133333,799.9999999999999,1.1368683772161603e-13,True,7,
0.7179490000000001,825,249.60818864594313,3.773435978511263,0.0018759638968671045,7.495741400779074,3.30518002824908,825.0,0.0,True,7,
0.7179490000000001,850,258.99980121363404,3.773435978511263,0.0018979944211586154,7.777771808217239,3.281855800726595,849.9999999999999,1.1368683772161603e-13,True,8,
0.7179490000000001,875,268.6670362392826,3.773435978511263,0.0019228880640505353,8.068079166344823,3.2568193413229136,874.9999999999997,3.410605131648481e-13,True,8,
0.7179490000000001,900,278.61975200226607,3.773435978511263,0.0019497077434726905,8.36695951958757,3.230208890548004,899.9999999999999,1.1368683772161603e-13,True,8,
0.7179490000000001,925,288.85645954129416,3.773435978511263,0.0019772915200779576,8.67436815439322,3.20228255054052,925.0,0.0,True,8,
0.7179490000000001,950,299.35819258984117,3.773435978511263,0.0020042215930017268,8.989735513208444,3.1734558248807336,949.9999999999999,1.1368683772161603e-13,True,7,
0.7179490000000001,975,310.0815180019769,3.773435978511263,0.002028826259968975,9.311757297356666,3.1443344520578096,974.9999999999999,1.1368683772161603e-13,True,8,
0.7179490000000001,1000,320.95251888849225,3.773435978511263,0.0020492449066018257,9.638213780435203,3.1157256639179938,1000.0,0.0,True,8,
0.7179490000000001,1025,331.864881652161,3.773435978511263,0.002063579512498538,9.965912361926756,3.0886064078161115,1025.0,0.0,True,8,
0.7179490000000001,1050,342.6857257851307,3.773435978511263,0.0020701301861840537,10.290862636190113,3.0640319131890728,1050.0,0.0,True,7,
0.7179490000000001,1075,,3.773435978511263,0.0033462966551963138,1.0,,,,False,1,No solution exists for discriminant 
0.7179490000000001,1100,,3.773435978511263,0.0033462966551963138,1.0,,,,False,1,No solution exists for discriminant 
0.7179490000000001,1125,,3.773435978511263,0.0033462966551963138,1.0,,,,False,1,No solution exists for discriminant 
0.7179490000000001,1150,,3.773435978511263,0.0033462966551963138,1.0,,,,False,1,No solution exists for discriminant 
0.7179490000000001,1175,,3.773435978511263,0.0033462966551963138,1.0,,,,False,1,No solution exists for discriminant 
0.7179490000000001,1200,,3.773435978511263,0.0033462966551963138,1.0,,,,False,1,No solution exists for discriminant 
0.7179490000000001,1225,,3.773435978511263,0.0033462966551963138,1.0,,,,False,1,No solution exists for discriminant 
0.7179490000000001,1250,,3.773435978511263,0.0033462966551963138,1.0,,,,False,1,No solution exists for discriminant 
0.7179490000000001,1275,,3.773435978511263,0.0033462966551963138,1.0,,,,False,1,No solution exists for discriminant 
0.7179490000000001,1300,,3.773435978511263,0.0033462966551963138,1.0,,,,False,1,No solution exists for discriminant 
0.7179490000000001,1325,,3.773435978511263,0.0033462966551963138,1.0,,,,False,1,No solution exists for discriminant 
0.7179490000000001,1350,,3.773435978511263,0.0033462966551963138,1.0,,,,False,1,No solution exists for discriminant 
0.7179490000000001,1375,,3.773435978511263,0.0033462966551963138,1.0,,,,False,1,No solution exists for discriminant 
0.7179490000000001,1400,,3.773435978511263,0.0033462966551963138,1.0,,,,False,1,No solution exists for discriminant 
0.7179490000000001,1425,,3.773435978511263,0.0033462966551963138,1.0,,,,False,1,No solution exists for discriminant 
0.7179490000000001,1450,,3.773435978511263,0.0033462966551963138,1.0,,,,False,1,No solution exists for discriminant 
0.7179490000000001,1475,,3.773435978511263,0.0033462966551963138,1.0,,,,False,1,No solution exists for discriminant 
0.7179490000000001,1500,,3.773435978511263,0.0033462966551963138,1.0,,,,False,1,No solution exists for discriminant 
0.7179490000000001,1525,,3.773435978511263,0.0033462966551963138,1.0,,,,False,1,No solution exists for discriminant 
0.7435900000000001,-100,-25.654998199802563,3.8081966540898478,0.0034955869608751518,0.7704203663604374,3.897875931278353,-99.99999999999989,-1.1368683772161603e-13,True,3,
0.7435900000000001,-75,-19.349250023728036,3.8081966540898478,0.0035103464217504706,0.5810585592711123,3.8761192246741967,-74.9999999999999,-9.947598300641403e-14,True,3,
0.7435900000000001,-50,-12.974395558100593,3.8081966540898478,0.0035105620167677066,0.3896214882312491,3.8537440743266353,-49.99999999999998,-2.1316282072803006e-14,True,3,
0.7435900000000001,-25,-6.525710585382786,3.8081966540898478,0.0034944496270840116,0.19596728484632991,3.831000421011397,-24.999999999999982,-1.7763568394002505e-14,True,3,
0.7435900000000001,0,0.0,3.8081966540898478,0.0034600921216122508,0.0,3.8081966540898478,0.0,0.0,True,1,
0.7435900000000001,25,6.604820107488354,3.8081966540898478,0.003494752018970443,0.19834294617082146,3.7851144456842665,25.000000000000078,-7.815970093361102e-14,True,3,
0.7435900000000001,50,13.29247108303262,3.8081966540898478,0.0035109210995825325,0.3991733057967754,3.761527836898838,50.00000000000004,-4.263256414560601e-14,True,3,
0.7435900000000001,75,20.06538814361989,3.8081966540898478,0.0035093753133733454,0.6025642085171139,3.737779676285374,74.99999999999994,5.684341886080802e-14,True,3,
0.7435900000000001,100,26.92364912935644,3.8081966540898478,0.003490978462319198,0.8085179918725659,3.7142067748522254,99.99999999999991,8.526512829121202e-14,True,3,
0.7435900000000001,125,33.86492019088386,3.8081966540898478,0.0034567163534359856,1.0169645702968126,3.6911352306582152,125.00000000000014,-1.4210854715202004e-13,True,3,
0.7435900000000001,150,40.88448244791727,3.8081966540898478,0.0034077235233662697,1.2277622356731914,3.668873641511425,150.00000000000017,-1.7053025658242404e-13,True,4,
0.7435900000000001,175,47.97537638081773,3.8081966540898478,0.003345301055575849,1.44070199341795,3.6477045768414493,175.0,0.0,True,4,
0.7435900000000001,200,55.12869117625219,3.8081966540898478,0.003270922260824194,1.6555162515391049,3.627874990911342,200.0000000000001,-1.1368683772161603e-13,True,4,
0.7435900000000001,225,62.334011810038525,3.8081966540898478,0.0031862264110516384,1.8718922465477037,3.6095863793538983,225.00000000000009,-8.526512829121202e-14,True,5,
0.7435900000000001,250,69.58001214639009,3.8081966540898478,0.0030929973177350133,2.089489854245949,3.5929858631530935,250.0000000000001,-1.1368683772161603e-13,True,5,
0.7435900000000001,275,76.85516839759899,3.8081966540898478,0.0029931339883655307,2.3079630149429127,3.578158837377438,275.0,0.0,True,5,
0.7435900000000001,300,84.14853873760244,3.8081966540898478,0.002888610555345001,2.5269831452733467,3.5651242968755517,300.0,0.0,True,6,
0.7435900000000001,325,91.45056166301538,3.8081966540898478,0.0027814363398036136,2.746263113003465,3.5538327385848856,324.9999999999999,1.1368683772161603e-13,True,6,
0.7435900000000001,350,98.75381261961635,3.8081966540898478,0.0026736151817651076,2.9655799585470377,3.544166961412855,350.0000000000001,-1.1368683772161603e-13,True,6,
0.7435900000000001,375,106.05369655752627,3.8081966540898478,0.0025671147912317517,3.1847956924182066,3.535944640992218,374.99999999999983,1.7053025658242404e-13,True,6,
0.7435900000000001,400,113.34906667315576,3.8081966540898478,0.0024638472567218043,3.4038758760707437,3.528921867115216,399.99999999999994,5.684341886080802e-14,True,7,
0.7435900000000001,425,120.64278721434012,3.8081966540898478,0.0023656620156294167,3.622906522953157,3.522796594917221,425.00000000000017,-1.7053025658242404e-13,True,7,
0.7435900000000001,450,127.94232720876715,3.8081966540898478,0.002274359986104108,3.842111928191206,3.5172097445571886,450.00000000000017,-1.7053025658242404e-13,True,7,
0.7435900000000001,475,135.26041241870385,3.8081966540898478,0.002191714620190099,4.061874246807924,3.5117444306588323,475.0,0.0,True,7,
0.7435900000000001,500,142.61107913914728,3.8081966540898478,0.0021187532766407725,4.282614989163583,3.506038962878503,500.0,0.0,True,7,
0.7435900000000001,525,150.0036329003374,3.8081966540898478,0.0020551596901405844,4.504613600610734,3.4999152343784283,525.0000000000001,-1.1368683772161603e-13,True,7,
0.7435900000000001,550,157.447724206186,3.8081966540898478,0.0020004971725336674,4.728159886071652,3.493222926993512,550.0000000000002,-2.2737367544323206e-13,True,7,
0.7435900000000001,575,164.95408162852283,3.8081966540898478,0.001954350487078461,4.953576024880566,3.485818564313564,574.9999999999999,1.1368683772161603e-13,True,7,
0.7435900000000001,600,172.53454773981395,3.8081966540898478,0.0019163249572884304,5.181217649844263,3.47756439426157,600.0,0.0,True,7,
0.7435900000000001,625,180.2021327433219,3.8081966540898478,0.0018860444023201886,5.4114754577574145,3.468327430343146,625.0000000000001,-1.1368683772161603e-13,True,6,
0.7435900000000001,650,187.9710866039959,3.8081966540898478,0.0018631483876622417,5.644777375495373,3.457978627156493,650.0,0.0,True,6,
0.7435900000000001,675,195.85696719230984,3.8081966540898478,0.0018472871886016597,5.8815906063756715,3.446392587797118,674.9999999999999,1.1368683772161603e-13,True,6,
0.7435900000000001,700,203.87671572917424,3.8081966540898478,0.001838116493092678,6.122423895770998,3.433447500350485,699.9999999999998,2.2737367544323206e-13,True,5,
0.7435900000000001,725,212.0487005349365,3.8081966540898478,0.0018352894843947734,6.367828844892989,3.4190259038185022,725.0000000000002,-2.2737367544323206e-13,True,5,
0.7435900000000001,750,220.39270280517465,3.8081966540898478,0.0018384464079437479,6.618399483638879,3.4030164812806607,749.9999999999999,1.1368683772161603e-13,True,6,
0.7435900000000001,775,228.92979871332975,3.8081966540898478,0.0018472011582436533,6.874768730130023,3.385317264750099,775.0000000000001,-1.1368683772161603e-13,True,6,
0.7435900000000001,800,237.6820455174449,3.8081966540898478,0.001861123093056961,7.137598964487835,3.3658411103723154,799.9999999999999,1.1368683772161603e-13,True,7,
0.7435900000000001,825,246.6718592125548,3.8081966540898478,0.0018797136653188491,7.407563339716361,3.3445241894784012,825.0000000000001,-1.1368683772161603e-13,True,7,
0.7435900000000001,850,255.92087227503214,3.8081966540898478,0.0019023753247330362,7.685311479730696,3.321339101589672,850.0000000000003,-3.410605131648481e-13,True,8,
0.7435900000000001,875,265.4480309825692,3.8081966540898478,0.00192837325348712,7.971412341818896,3.296313770952241,875.0000000000001,-1.1368683772161603e-13,True,8,
0.7435900000000001,900,275.2665536566796,3.8081966540898478,0.0019567888332737153,8.266262872572963,3.2695581357207173,900.0000000000001,-1.1368683772161603e-13,True,8,
0.7435900000000001,925,285.37941539587825,3.8081966540898478,0.0019864701925373547,8.56995241429064,3.2412989518421997,924.9999999999999,1.1368683772161603e-13,True,8,
0.7435900000000001,950,295.77316100367267,3.8081966540898478,0.002015990036314551,8.882076907017199,3.2119209084971843,950.0000000000002,-2.2737367544323206e-13,True,7,
0.7435900000000001,975,306.41043714795165,3.8081966540898478,0.0020436319618899073,9.201514629067619,3.182006491277635,974.9999999999999,1.1368683772161603e-13,True,8,
0.7435900000000001,1000,317.2228781708577,3.8081966540898478,0.0020674388400906338,9.526212557683415,3.1523577547940773,1000.0000000000001,-1.1368683772161603e-13,True,9,
0.7435900000000001,1025,328.10745630881667,3.8081966540898478,0.002085353712849897,9.853076766030531,3.1239765518625218,1025.0,0.0,True,9,
0.7435900000000001,1050,,3.8081966540898478,0.003460054262623403,1.0,,,,False,1,No solution exists for discriminant 
0.7435900000000001,1075,,3.8081966540898478,0.003460054262623403,1.0,,,,False,1,No solution exists for discriminant 
0.7435900000000001,1100,,3.8081966540898478,0.003460054262623403,1.0,,,,False,1,No solution exists for discriminant 
0.7435900000000001,1125,,3.8081966540898478,0.003460054262623403,1.0,,,,False,1,No solution exists for discriminant 
0.7435900000000001,1150,,3.8081966540898478,0.003460054262623403,1.0,,,,False,1,No solution exists for discriminant 
0.7435900000000001,1175,,3.8081966540898478,0.003460054262623403,1.0,,,,False,1,No solution exists for discriminant 
0.7435900000000001,1200,,3.8081966540898478,0.003460054262623403,1.0,,,,False,1,No solution exists for discriminant 
0.7435900000000001,1225,,3.8081966540898478,0.003460054262623403,1.0,,,,False,1,No solution exists for discriminant 
0.7435900000000001,1250,,3.8081966540898478,0.003460054262623403,1.0,,,,False,1,No solution exists for discriminant 
0.7435900000000001,1275,,3.8081966540898478,0.003460054262623403,1.0,,,,False,1,No solution exists for discriminant 
0.7435900000000001,1300,,3.8081966540898478,0.003460054262623403,1.0,,,,False,1,No solution exists for discriminant 
0.7435900000000001,1325,,3.8081966540898478,0.003460054262623403,1.0,,,,False,1,No solution exists for discriminant 
0.7435900000000001,1350,,3.8081966540898478,0.003460054262623403,1.0,,,,False,1,No solution exists for discriminant 
0.7435900000000001,1375,,3.8081966540898478,0.003460054262623403,1.0,,,,False,1,No solution exists for discriminant 
0.7435900000000001,1400,,3.8081966540898478,0.003460054262623403,1.0,,,,False,1,No solution exists for discriminant 
0.7435900000000001,1425,,3.8081966540898478,0.003460054262623403,1.0,,,,False,1,No solution exists for discriminant 
0.7435900000000001,1450,,3.8081966540898478,0.003460054262623403,1.0,,,,False,1,No solution exists for discriminant 
0.7435900000000001,1475,,3.8081966540898478,0.003460054262623403,1.0,,,,False,1,No solution exists for discriminant 
0.7435900000000001,1500,,3.8081966540898478,0.003460054262623403,1.0,,,,False,1,No solution exists for discriminant 
0.7435900000000001,1525,,3.8081966540898478,0.003460054262623403,1.0,,,,False,1,No solution exists for discriminant 
0.769231,-100,-25.417654013179206,3.842502659045473,0.0036105117324243046,0.7632929133086849,3.934273397070758,-99.99999999999974,-2.5579538487363607e-13,True,3,
0.769231,-75,-19.171721060820193,3.842502659045473,0.0036256104523552796,0.5757273591837896,3.9120118513132223,-74.9999999999999,-9.947598300641403e-14,True,3,
0.769231,-50,-12.8564015985929,3.842502659045473,0.003625466289775994,0.3860781260838709,3.889113109648994,-49.99999999999993,-7.105427357601002e-14,True,3,
0.769231,-25,-6.466905415375405,3.842502659045473,0.0036082166945617003,0.19420136382508724,3.865836655127382,-25.000000000000007,7.105427357601002e-15,True,3,
0.769231,0,0.0,3.842502659045473,0.003571858491803908,0.0,3.842502659045473,0.0,0.0,True,1,
0.769231,25,6.546422648949449,3.842502659045473,0.0036085425756649785,0.19658926873722068,3.8188796141984414,25.000000000000007,-7.105427357601002e-15,True,3,
0.769231,50,13.176176320115559,3.842502659045473,0.0036258663868573905,0.39568097057404084,3.7947276042190596,50.00000000000002,-2.1316282072803006e-14,True,3,
0.769231,75,19.891775149245685,3.842502659045473,0.003624618505525355,0.5973506050824531,3.7704025627317677,75.00000000000003,-2.842170943040401e-14,True,3,
0.769231,100,26.693323691715637,3.842502659045473,0.0036056791112999277,0.8016013120635327,3.7462550993990864,100.00000000000016,-1.5631940186722204e-13,True,3,
0.769231,125,33.57844994220417,3.842502659045473,0.0035700570075238598,1.0083618601262516,3.7226256785275176,125.0000000000001,-9.947598300641403e-14,True,3,
0.769231,150,40.5423208933133,3.842502659045473,0.0035189188884522573,1.2174871139133125,3.6998375202723004,150.00000000000017,-1.7053025658242404e-13,True,4,
0.769231,175,47.577779788067474,3.842502659045473,0.00345360906841545,1.428762155797822,3.67818760731433,174.99999999999997,2.842170943040401e-14,True,4,
0.769231,200,54.67563457912371,3.842502659045473,0.0033756562546792823,1.6419109483220335,3.657936511199895,200.00000000000014,-1.4210854715202004e-13,True,4,
0.769231,225,61.82511184451457,3.842502659045473,0.0032867672727023337,1.8566099653007382,3.639297904803761,225.00000000000006,-5.684341886080802e-14,True,5,
0.769231,250,69.01446416009782,3.842502659045473,0.0031888041073612097,2.072506431234169,3.62242905226442,249.9999999999999,1.1368683772161603e-13,True,5,
0.769231,275,76.23170405373331,3.842502659045473,0.003083752294223581,2.2892403619739734,3.6074229667771998,275.0000000000001,-1.1368683772161603e-13,True,5,
0.769231,300,83.46540612892936,3.842502659045473,0.0029736772043437456,2.506468652520401,3.594303483488583,300.0000000000001,-1.1368683772161603e-13,True,6,
0.769231,325,90.70552683877115,3.842502659045473,0.0028606805517729563,2.7238896948579927,3.5830231224794806,325.0000000000001,-1.1368683772161603e-13,True,6,
0.769231,350,97.94417528285535,3.842502659045473,0.0027468555309212417,2.9412665250106715,3.573464159448242,350.0,0.0,True,6,
0.769231,375,105.17631104548015,3.842502659045473,0.0026342529628869734,3.158447779143548,3.565441650048395,374.99999999999994,5.684341886080802e-14,True,6,
0.769231,400,112.4003565603715,3.842502659045473,0.0025248593119581502,3.3753860828940394,3.5587075721166026,400.0000000000001,-1.1368683772161603e-13,True,7,
0.769231,425,119.61873785013758,3.842502659045473,0.002420587305489538,3.5921542897939216,3.552955060706749,425.0000000000002,-2.2737367544323206e-13,True,7,
0.769231,450,126.83844594260324,3.842502659045473,0.002323289772230838,3.8089623406187165,3.5478201948613686,449.99999999999983,1.7053025658242404e-13,True,7,
0.769231,475,134.0716806219382,3.842502659045473,0.0022347876270186907,4.0261765952534,3.542880926057964,475.00000000000006,-5.684341886080802e-14,True,7,
0.769231,500,141.33332689743096,3.842502659045473,0.002156367896950454,4.2442440509739034,3.5377360101546484,500.00000000000006,-5.684341886080802e-14,True,7,
0.769231,525,148.63322903637936,3.842502659045473,0.002087810908033829,4.463460331422804,3.5321845821670297,525.0000000000001,-1.1368683772161603e-13,True,7,
0.769231,550,155.98096781791557,3.842502659045473,0.0020286542199847188,4.684113147685153,3.526071210444358,550.0,0.0,True,7,
0.769231,575,163.38719279167373,3.842502659045473,0.001978459685031754,4.906522306056268,3.5192476850566354,575.0,0.0,True,7,
0.769231,600,170.8636592022955,3.842502659045473,0.0019368126804272347,5.1310408168857515,3.5115717572782694,600.0000000000002,-2.2737367544323206e-13,True,7,
0.769231,625,178.42328449138247,3.842502659045473,0.0019033201029687947,5.358056591332807,3.5029060348353043,625.0,0.0,True,6,
0.769231,650,186.08022934444568,3.842502659045473,0.0018776079940449008,5.5879948752085795,3.493116932894633,650.0,0.0,True,6,
0.769231,675,193.84997250025663,3.842502659045473,0.0018593162126811806,5.821320495503202,3.482074262347945,675.0000000000006,-5.684341886080801e-13,True,6,
0.769231,700,201.74940667133154,3.842502659045473,0.0018480937163739266,6.058540740880828,3.469650848294017,700.0000000000001,-1.1368683772161603e-13,True,5,
0.769231,725,209.79690831120368,3.842502659045473,0.0018435908743189796,6.300207456792904,3.455722993422602,725.0,0.0,True,5,
0.769231,750,218.0123606665052,3.842502659045473,0.0018454492402880508,6.5469177377328895,3.440171913680066,750.0,0.0,True,6,
0.769231,775,226.41709547079114,3.842502659045473,0.0018532887020022547,6.799312176300035,3.42288641406929,775.0000000000003,-3.410605131648481e-13,True,6,
0.769231,800,235.03366274840025,3.842502659045473,0.0018666896902688511,7.05806795040241,3.403767743926908,800.0,0.0,True,7,
0.769231,825,243.88532700463477,3.842502659045473,0.0018851701095483695,7.323883693832877,3.3827373304189057,825.0000000000001,-1.1368683772161603e-13,True,7,
0.769231,850,252.995090087609,3.842502659045473,0.0019081542750155028,7.597450152781051,3.3597489963368696,850.0000000000002,-2.2737367544323206e-13,True,8,
0.769231,875,262.38400090875473,3.842502659045473,0.0019349337932579168,7.879399426689332,3.3348069888769074,875.0000000000001,-1.1368683772161603e-13,True,8,
0.769231,900,272.068362520764,3.842502659045473,0.001964618493652575,8.170221096719642,3.3079921224994067,900.0000000000002,-2.2737367544323206e-13,True,8,
0.769231,925,282.05544850874986,3.842502659045473,0.001996081451924344,8.470133588851349,3.2794970098629554,925.0,0.0,True,8,
0.769231,950,292.3374028465482,3.842502659045473,0.002027906637951354,8.778900986382828,3.249669699291499,950.0,0.0,True,7,
0.769231,975,302.88349255991346,3.842502659045473,0.0020583594745979834,9.095600377174579,3.2190595524354473,975.0000000000001,-1.1368683772161603e-13,True,9,
0.769231,1000,313.63202952626716,3.842502659045473,0.0020854145606767536,9.418379265053069,3.188449857976794,1000.0000000000001,-1.1368683772161603e-13,True,9,
0.769231,1025,324.48501252777703,3.842502659045473,0.0021068802432496684,9.744294670503816,3.158851596920078,1025.0,0.0,True,9,
0.769231,1050,,3.842502659045473,0.0035717973859318007,1.0,,,,False,1,No solution exists for discriminant 
0.769231,1075,,3.842502659045473,0.0035717973859318007,1.0,,,,False,1,No solution exists for discriminant 
0.769231,1100,,3.842502659045473,0.0035717973859318007,1.0,,,,False,1,No solution exists for discriminant 
0.769231,1125,,3.842502659045473,0.0035717973859318007,1.0,,,,False,1,No solution exists for discriminant 
0.769231,1150,,3.842502659045473,0.0035717973859318007,1.0,,,,False,1,No solution exists for discriminant 
0.769231,1175,,3.842502659045473,0.0035717973859318007,1.0,,,,False,1,No solution exists for discriminant 
0.769231,1200,,3.842502659045473,0.0035717973859318007,1.0,,,,False,1,No solution exists for discriminant 
0.769231,1225,,3.842502659045473,0.0035717973859318007,1.0,,,,False,1,No solution exists for discriminant 
0.769231,1250,,3.842502659045473,0.0035717973859318007,1.0,,,,False,1,No solution exists for discriminant 
0.769231,1275,,3.842502659045473,0.0035717973859318007,1.0,,,,False,1,No solution exists for discriminant 
0.769231,1300,,3.842502659045473,0.0035717973859318007,1.0,,,,False,1,No solution exists for discriminant 
0.769231,1325,,3.842502659045473,0.0035717973859318007,1.0,,,,False,1,No solution exists for discriminant 
0.769231,1350,,3.842502659045473,0.0035717973859318007,1.0,,,,False,1,No solution exists for discriminant 
0.769231,1375,,3.842502659045473,0.0035717973859318007,1.0,,,,False,1,No solution exists for discriminant 
0.769231,1400,,3.842502659045473,0.0035717973859318007,1.0,,,,False,1,No solution exists for discriminant 
0.769231,1425,,3.842502659045473,0.0035717973859318007,1.0,,,,False,1,No solution exists for discriminant 
0.769231,1450,,3.842502659045473,0.0035717973859318007,1.0,,,,False,1,No solution exists for discriminant 
0.769231,1475,,3.842502659045473,0.0035717973859318007,1.0,,,,False,1,No solution exists for discriminant 
0.769231,1500,,3.842502659045473,0.0035717973859318007,1.0,,,,False,1,No solution exists for discriminant 
0.769231,1525,,3.842502659045473,0.0035717973859318007,1.0,,,,False,1,No solution exists for discriminant 
0.794872,-100,-25.212886686943204,3.8741739674351248,0.0036509808441496745,0.7571437443526489,3.9662257337548708,-99.99999999999972,-2.8421709430404007e-13,True,3,
0.794872,-75,-19.016772139752018,3.8741739674351248,0.00366586977853681,0.5710742384309916,3.9438869777075625,-74.99999999999996,-4.263256414560601e-14,True,3,
0.794872,-50,-12.752123918850817,3.8741739674351248,0.0036653899286875433,0.3829466642297543,3.920915474016656,-50.000000000000085,8.526512829121202e-14,True,3,
0.794872,-25,-6.414251175062591,3.8741739674351248,0.003647679311106351,0.19262015540728503,3.89757109874264,-24.99999999999997,-2.842170943040401e-14,True,3,
0.794872,0,0.0,3.8741739674351248,0.003610736357843971,0.0,3.8741739674351248,0.0,0.0,True,1,
0.794872,25,6.4926825165299356,3.8741739674351248,0.0036480098058128785,0.19497545094684493,3.850488597948794,25.0,0.0,True,3,
0.794872,50,13.067553827114178,3.8741739674351248,0.0036658077114092177,0.39241903384727267,3.8262708278464346,50.000000000000014,-1.4210854715202004e-14,True,3,
0.794872,75,19.72710406011802,3.8741739674351248,0.003664914191261666,0.5924055273308715,3.8018758238127024,75.0000000000001,-9.947598300641403e-14,True,3,
0.794872,100,26.471458101129414,3.8741739674351248,0.003646203734780374,0.7949386817155981,3.7776536380417047,100.00000000000009,-8.526512829121202e-14,True,3,
0.794872,125,33.298308000661024,3.8741739674351248,0.003610678139861821,0.9999491892090399,3.7539444946427523,125.00000000000016,-1.5631940186722204e-13,True,2,
0.794872,150,40.20292477423888,3.8741739674351248,0.003559495756696508,1.207295038265432,3.7310718272944325,150.00000000000009,-8.526512829121202e-14,True,4,
0.794872,175,47.17828781634958,3.8741739674351248,0.0034939915925716295,1.416765399890378,3.709333426452875,174.99999999999991,8.526512829121202e-14,True,4,
0.794872,200,54.21536077275637,3.8741739674351248,0.003415684376706994,1.628088912094786,3.6889914066660876,199.99999999999994,5.684341886080802e-14,True,4,
0.794872,225,61.303528424106624,3.8741739674351248,0.0033262709262747298,1.8409467995227216,3.6702618231599624,225.00000000000014,-1.4210854715202004e-13,True,5,
0.794872,250,68.43118371688688,3.8741739674351248,0.003227603928929454,2.054990502008615,3.6533052100092074,250.00000000000006,-5.684341886080802e-14,True,5,
0.794872,275,75.58643944260965,3.8741739674351248,0.0031216609142176205,2.2698630463246143,3.638218733782253,275.0000000000002,-2.2737367544323206e-13,True,5,
0.794872,300,82.75790852199941,3.8741739674351248,0.003010501077047522,2.4852224781381205,3.6250311946954454,299.9999999999999,1.1368683772161603e-13,True,6,
0.794872,325,89.93550341291787,3.8741739674351248,0.0028962218987394375,2.7007658682557922,3.6137007929764766,324.99999999999994,5.684341886080802e-14,True,6,
0.794872,350,97.11118928840887,3.8741739674351248,0.0027809141016430327,2.916251930582849,3.604116091715663,350.0000000000001,-1.1368683772161603e-13,True,6,
0.794872,375,104.27966557512235,3.8741739674351248,0.0026666270590953974,3.1315214887424134,3.596098989499085,375.0,0.0,True,6,
0.794872,400,111.43896135738935,3.8741739674351248,0.002555345646631245,3.3465153560777585,3.5894089026654123,400.00000000000017,-1.7053025658242404e-13,True,7,
0.794872,425,118.59095452799015,3.8741739674351248,0.002448979173876414,3.5612899257654704,3.583747189585952,425.0000000000001,-1.1368683772161603e-13,True,7,
0.794872,450,125.74190020981128,3.8741739674351248,0.002349373004488347,3.7760330393336723,3.5787593415491266,450.00000000000017,-1.7053025658242404e-13,True,7,
0.794872,475,132.90302547140305,3.8741739674351248,0.0022583342459313147,3.99108184598808,3.5740345136251737,475.00000000000006,-5.684341886080802e-14,True,7,
0.794872,500,140.08926622853312,3.8741739674351248,0.0021773341589416927,4.206884871727722,3.5691528227746625,500.00000000000017,-1.7053025658242404e-13,True,7,
0.794872,525,147.31094788010108,3.8741739674351248,0.0021063204548726153,4.4237521885916244,3.563889904688594,524.9999999999999,1.1368683772161603e-13,True,7,
0.794872,550,154.57730236392382,3.8741739674351248,0.0020448258800940255,4.6419610319496645,3.558090299086254,550.0,0.0,True,7,
0.794872,575,161.89859134464365,3.8741739674351248,0.0019924078196694598,4.861819559899209,3.5516059480465865,575.0,0.0,True,7,
0.794872,600,169.286138446804,3.8741739674351248,0.0019486477366292638,5.083667821225346,3.544294916908052,600.0000000000001,-1.1368683772161603e-13,True,7,
0.794872,625,176.75238215777495,3.8741739674351248,0.001913149501631726,5.307879344077326,3.536020235597757,625.0000000000001,-1.1368683772161603e-13,True,7,
0.794872,650,184.31094577510572,3.8741739674351248,0.0018855366097408342,5.534863236489662,3.526648931600205,650.0,0.0,True,6,
0.794872,675,191.9767229303332,3.8741739674351248,0.001865448552382066,5.7650667546646615,3.5160512675536815,675.0,0.0,True,6,
0.794872,700,199.7659589058264,3.8741739674351248,0.0018525350958990034,5.998977744919713,3.5041005175961635,700.0000000000002,-2.2737367544323206e-13,True,5,
0.794872,725,207.69633362665846,3.8741739674351248,0.0018464499765254092,6.23712713593569,3.4906730770857677,725.0000000000001,-1.1368683772161603e-13,True,5,
0.794872,750,215.78699848838423,3.8741739674351248,0.0018468413156002396,6.480090044696223,3.4756496232574103,750.0,0.0,True,6,
0.794872,775,224.0585499978867,3.8741739674351248,0.0018533398713573917,6.728484984921523,3.458917323205518,775.0,0.0,True,6,
0.794872,800,232.53286181709157,3.8741739674351248,0.001865542854449199,6.982968823336084,3.4403739486476264,800.0000000000002,-2.2737367544323206e-13,True,7,
0.794872,825,241.23268593202664,3.8741739674351248,0.0018829927798018728,7.244224802763563,3.419934561572906,825.0,0.0,True,7,
0.794872,850,250.18085683236237,3.8741739674351248,0.0019051491320968832,7.512938643614486,3.397542125173695,850.0000000000003,-3.410605131648481e-13,True,8,
0.794872,875,259.39888351686034,3.8741739674351248,0.0019313521744366339,7.789756261767578,3.3731833697084017,875.0000000000001,-1.1368683772161603e-13,True,8,
0.794872,900,268.9045877578196,3.8741739674351248,0.001960777020111076,8.07521284558017,3.34691203115715,900.0000000000001,-1.1368683772161603e-13,True,8,
0.794872,925,278.70841305357374,3.8741739674351248,0.001992380368126507,8.369622013620834,3.318880796835491,925.0,0.0,True,8,
0.794872,950,288.8080340331231,3.8741739674351248,0.0020248459895988143,8.672913934928621,3.2893821779592374,949.9999999999999,1.1368683772161603e-13,True,8,
0.794872,975,299.1812391529626,3.8741739674351248,0.002056545343454481,8.984421596185063,3.2588941832061584,975.0000000000003,-3.410605131648481e-13,True,9,
0.794872,1000,309.7779120881337,3.8741739674351248,0.0020855420136206807,9.302640002646658,3.2281191168836285,1000.0000000000005,-4.547473508864641e-13,True,9,
0.794872,1025,320.51351966502983,3.8741739674351248,0.002109679941425048,9.625030620571467,3.197993024042269,1025.0,0.0,True,9,
0.794872,1050,,3.8741739674351248,0.0036106673848219166,1.0,,,,False,1,No solution exists for discriminant 
0.794872,1075,,3.8741739674351248,0.0036106673848219166,1.0,,,,False,1,No solution exists for discriminant 
0.794872,1100,,3.8741739674351248,0.0036106673848219166,1.0,,,,False,1,No solution exists for discriminant 
0.794872,1125,,3.8741739674351248,0.0036106673848219166,1.0,,,,False,1,No solution exists for discriminant 
0.794872,1150,,3.8741739674351248,0.0036106673848219166,1.0,,,,False,1,No solution exists for discriminant 
0.794872,1175,,3.8741739674351248,0.0036106673848219166,1.0,,,,False,1,No solution exists for discriminant 
0.794872,1200,,3.8741739674351248,0.0036106673848219166,1.0,,,,False,1,No solution exists for discriminant 
0.794872,1225,,3.8741739674351248,0.0036106673848219166,1.0,,,,False,1,No solution exists for discriminant 
0.794872,1250,,3.8741739674351248,0.0036106673848219166,1.0,,,,False,1,No solution exists for discriminant 
0.794872,1275,,3.8741739674351248,0.0036106673848219166,1.0,,,,False,1,No solution exists for discriminant 
0.794872,1300,,3.8741739674351248,0.0036106673848219166,1.0,,,,False,1,No solution exists for discriminant 
0.794872,1325,,3.8741739674351248,0.0036106673848219166,1.0,,,,False,1,No solution exists for discriminant 
0.794872,1350,,3.8741739674351248,0.0036106673848219166,1.0,,,,False,1,No solution exists for discriminant 
0.794872,1375,,3.8741739674351248,0.0036106673848219166,1.0,,,,False,1,No solution exists for discriminant 
0.794872,1400,,3.8741739674351248,0.0036106673848219166,1.0,,,,False,1,No solution exists for discriminant 
0.794872,1425,,3.8741739674351248,0.0036106673848219166,1.0,,,,False,1,No solution exists for discriminant 
0.794872,1450,,3.8741739674351248,0.0036106673848219166,1.0,,,,False,1,No solution exists for discriminant 
0.794872,1475,,3.8741739674351248,0.0036106673848219166,1.0,,,,False,1,No solution exists for discriminant 
0.794872,1500,,3.8741739674351248,0.0036106673848219166,1.0,,,,False,1,No solution exists for discriminant 
0.794872,1525,,3.8741739674351248,0.0036106673848219166,1.0,,,,False,1,No solution exists for discriminant 
0.820513,-100,-25.058801409684037,3.901460951105531,0.0035577479799889953,0.7525165588493705,3.99061385120178,-99.9999999999998,-1.9895196601282805e-13,True,3,
0.820513,-75,-18.89667733870168,3.901460951105531,0.0035715679705705192,0.5674677879489994,3.9689517186386434,-74.99999999999993,-7.105427357601002e-14,True,3,
0.820513,-50,-12.668813467422838,3.901460951105531,0.0035708605684270163,0.3804448488715567,3.9466995175651083,-50.000000000000064,6.394884621840902e-14,True,3,
0.820513,-25,-6.370883690705196,3.901460951105531,0.003553895033199646,0.1913178285497056,3.9241024030110205,-24.99999999999998,-2.1316282072803006e-14,True,3,
0.820513,0,0.0,3.901460951105531,0.003518816146623298,0.0,3.901460951105531,0.0,0.0,True,1,
0.820513,25,6.4457050729864696,3.901460951105531,0.003554197410633052,0.1935647169065006,3.878551642825418,24.999999999999805,1.9539925233402755e-13,True,3,
0.820513,50,12.969687754428977,3.901460951105531,0.0035712521302683946,0.38948011274561495,3.8551429260836105,50.0000000000001,-9.947598300641403e-14,True,3,
0.820513,75,19.5742390975056,3.901460951105531,0.0035707333955597234,0.5878149879130812,3.8315665618673966,74.9999999999999,9.947598300641403e-14,True,3,
0.820513,100,26.25947995933087,3.901460951105531,0.0035534756006877486,0.7885729717516778,3.8081485297833,99.99999999999989,1.1368683772161603e-13,True,3,
0.820513,125,33.02331214867648,3.901460951105531,0.003520426424751209,0.9916910555158104,3.7852048103845224,124.99999999999986,1.4210854715202004e-13,True,3,
0.820513,150,39.861439086779235,3.901460951105531,0.003472672193816847,1.1970402128161934,3.7630352399833487,149.99999999999994,5.684341886080802e-14,True,4,
0.820513,175,46.76748775999049,3.901460951105531,0.003411455011950868,1.4044290618615762,3.7419157705903605,175.00000000000006,-5.684341886080802e-14,True,4,
0.820513,200,53.733256244883776,3.901460951105531,0.0033381793046702883,1.6136112986451585,3.7220897071363144,200.0,0.0,True,4,
0.820513,225,60.74909884892693,3.901460951105531,0.003254407233551226,1.8242972627305385,3.7037586443798647,225.0,0.0,True,5,
0.820513,250,67.80444114549589,3.901460951105531,0.0031618405810966022,2.0361694037686453,3.687074117513126,249.99999999999991,8.526512829121202e-14,True,5,
0.820513,275,74.88840422967927,3.901460951105531,0.0030622946712847905,2.2489010279182966,3.672130589891963,274.9999999999999,1.1368683772161603e-13,True,5,
0.820513,300,81.99049477754501,3.901460951105531,0.002957662706852349,2.4621770203466973,3.658960722385614,300.0,0.0,True,5,
0.820513,325,89.10131286319101,3.901460951105531,0.0028498762520059034,2.6757151009967273,3.6475332355541745,324.9999999999999,1.1368683772161603e-13,True,6,
0.820513,350,96.21324324968944,3.901460951105531,0.0027408711163693584,2.889286584074758,3.637752851670238,350.00000000000006,-5.684341886080802e-14,True,6,
0.820513,375,103.32107388013554,3.901460951105531,0.0026325519453686682,3.102734951355422,3.6294628570648,375.00000000000006,-5.684341886080802e-14,True,6,
0.820513,400,110.42255622038051,3.901460951105531,0.002526772339591882,3.3159926792907064,3.622448290380844,400.00000000000006,-5.684341886080802e-14,True,6,
0.820513,425,117.51890796198741,3.901460951105531,0.0024253256996748687,3.5290963351948172,3.6164393234275973,424.99999999999983,1.7053025658242404e-13,True,7,
0.820513,450,124.61528901443715,3.901460951105531,0.0023299474082142243,3.7422008713044193,3.611113881442477,450.00000000000017,-1.7053025658242404e-13,True,7,
0.820513,475,131.7213628198693,3.901460951105531,0.0022423396674195414,3.9555964810771567,3.6060969142079764,475.0,0.0,True,7,
0.820513,500,138.85093789328812,3.901460951105531,0.002164025659420221,4.169697834633277,3.600983958669892,500.0,0.0,True,7,
0.820513,525,146.01446404425167,3.901460951105531,0.0020951811000006755,4.384818740067618,3.5955342057132866,524.9999999999997,3.410605131648481e-13,True,7,
0.820513,550,153.22040628179164,3.901460951105531,0.0020353735211693195,4.601213401855605,3.589600193256767,549.9999999999997,3.410605131648481e-13,True,7,
0.820513,575,160.4781598127547,3.901460951105531,0.0019841881820474518,4.819163958340983,3.5830420829283405,574.9999999999998,2.2737367544323206e-13,True,7,
0.820513,600,167.7980871216727,3.901460951105531,0.0019412310033647053,5.038981595245427,3.5757261020796482,599.9999999999999,1.1368683772161603e-13,True,7,
0.820513,625,175.19155517189816,3.901460951105531,0.0019061272339222527,5.261007662819765,3.567523556639183,624.9999999999998,2.2737367544323206e-13,True,7,
0.820513,650,182.6709863950457,3.901460951105531,0.0018785191055000015,5.48561520705843,3.5583100131419068,650.0000000000001,-1.1368683772161603e-13,True,6,
0.820513,675,190.24992233947276,3.901460951105531,0.001858062763774525,5.713210881065248,3.547964654595561,674.9999999999998,2.2737367544323206e-13,True,6,
0.820513,700,197.9430825546893,3.901460951105531,0.0018444233542518553,5.944236713354034,3.536370106829059,699.9999999999999,1.1368683772161603e-13,True,4,
0.820513,725,205.76642174581355,3.901460951105531,0.0018372694760065568,6.179171824198606,3.5234125852448557,725.0000000000002,-2.2737367544323206e-13,True,5,
0.820513,750,213.73715533053155,3.901460951105531,0.0018362654766633907,6.418533193109056,3.5089827916918352,750.0,0.0,True,5,
0.820513,775,221.87372286961062,3.901460951105531,0.0018410611832774919,6.662874560648968,3.4929778523410233,774.9999999999999,1.1368683772161603e-13,True,6,
0.820513,800,230.1956487241306,3.901460951105531,0.001851278857998873,6.912782243967886,3.4753046134192127,799.9999999999995,4.547473508864641e-13,True,7,
0.820513,825,238.72321818186035,3.901460951105531,0.0018664958853229611,7.168865410866678,3.4558850466380333,824.9999999999999,1.1368683772161603e-13,True,7,
0.820513,850,247.4768576090176,3.901460951105531,0.001886222268614637,7.431737465736265,3.4346645913166283,849.9999999999999,1.1368683772161603e-13,True,7,
0.820513,875,256.47604834804895,3.901460951105531,0.001909871655069414,7.701983433875345,3.4116246161613795,874.9999999999999,1.1368683772161603e-13,True,8,
0.820513,900,265.7375574740957,3.901460951105531,0.0019367258590327647,7.980106831053925,3.3868001518292443,899.9999999999999,1.1368683772161603e-13,True,8,
0.820513,925,275.2726686879177,3.901460951105531,0.001965892246469517,8.266446507144677,3.360304546066981,924.9999999999998,2.2737367544323206e-13,True,8,
0.820513,950,285.0831579216404,3.901460951105531,0.0019962594264954165,8.561055793442655,3.3323610097693748,949.9999999999998,2.2737367544323206e-13,True,8,
0.820513,975,295.15587124179945,3.901460951105531,0.0020264601603731842,8.863539676930914,3.303339336933787,975.0,0.0,True,8,
0.820513,1000,305.45628488541115,3.901460951105531,0.002054860551805421,9.172861407970306,3.2737908809934613,999.9999999999999,1.1368683772161603e-13,True,8,
0.820513,1025,315.92239017632335,3.901460951105531,0.0020796032249944117,9.487158864153855,3.2444677296469058,1024.9999999999998,2.2737367544323206e-13,True,9,
0.820513,1050,326.4614977840579,3.901460951105531,0.002098731956786739,9.803648582103841,3.2163057730456655,1050.0,0.0,True,9,
0.820513,1075,336.953419583201,3.901460951105531,0.0021104074257189045,10.118721308804837,3.1903519522957655,1074.9999999999995,4.547473508864641e-13,True,8,
0.820513,1100,,3.901460951105531,0.003518763293950863,1.0,,,,False,1,No solution exists for discriminant 
0.820513,1125,,3.901460951105531,0.003518763293950863,1.0,,,,False,1,No solution exists for discriminant 
0.820513,1150,,3.901460951105531,0.003518763293950863,1.0,,,,False,1,No solution exists for discriminant 
0.820513,1175,,3.901460951105531,0.003518763293950863,1.0,,,,False,1,No solution exists for discriminant 
0.820513,1200,,3.901460951105531,0.003518763293950863,1.0,,,,False,1,No solution exists for discriminant 
0.820513,1225,,3.901460951105531,0.003518763293950863,1.0,,,,False,1,No solution exists for discriminant 
0.820513,1250,,3.901460951105531,0.003518763293950863,1.0,,,,False,1,No solution exists for discriminant 
0.820513,1275,,3.901460951105531,0.003518763293950863,1.0,,,,False,1,No solution exists for discriminant 
0.820513,1300,,3.901460951105531,0.003518763293950863,1.0,,,,False,1,No solution exists for discriminant 
0.820513,1325,,3.901460951105531,0.003518763293950863,1.0,,,,False,1,No solution exists for discriminant 
0.820513,1350,,3.901460951105531,0.003518763293950863,1.0,,,,False,1,No solution exists for discriminant 
0.820513,1375,,3.901460951105531,0.003518763293950863,1.0,,,,False,1,No solution exists for discriminant 
0.820513,1400,,3.901460951105531,0.003518763293950863,1.0,,,,False,1,No solution exists for discriminant 
0.820513,1425,,3.901460951105531,0.003518763293950863,1.0,,,,False,1,No solution exists for discriminant 
0.820513,1450,,3.901460951105531,0.003518763293950863,1.0,,,,False,1,No solution exists for discriminant 
0.820513,1475,,3.901460951105531,0.003518763293950863,1.0,,,,False,1,No solution exists for discriminant 
0.820513,1500,,3.901460951105531,0.003518763293950863,1.0,,,,False,1,No solution exists for discriminant 
0.820513,1525,,3.901460951105531,0.003518763293950863,1.0,,,,False,1,No solution exists for discriminant 
0.8461540000000001,-100,-24.938760532886583,3.9257948109037657,0.003369356083476526,0.7489117277143119,4.009822375419612,-100.00000000000014,1.4210854715202004e-13,True,3,
0.8461540000000001,-75,-18.799974245700618,3.9257948109037657,0.00338151294598556,0.5645637911621808,3.9893671671997977,-74.99999999999983,-1.7053025658242404e-13,True,3,
0.8461540000000001,-50,-12.599567912774823,3.9257948109037657,0.00338069084625666,0.37836540278603076,3.9683900548132724,-50.00000000000003,2.842170943040401e-14,True,3,
0.8461540000000001,-25,-6.333747547665265,3.9257948109037657,0.003365378876356586,0.19020262905901697,3.947110271108854,-25.00000000000008,8.171241461241152e-14,True,3,
0.8461540000000001,0,0.0,3.9257948109037657,0.0033339646740517715,0.0,3.9257948109037657,0.0,0.0,True,1,
0.8461540000000001,25,6.4032888238376,3.9257948109037657,0.0033656327655790194,0.19229095567079882,3.904243692230792,24.999999999999876,1.2434497875801753e-13,True,3,
0.8461540000000001,50,12.879128925578842,3.9257948109037657,0.0033810265377949263,0.38676062839576103,3.8822501342227014,49.999999999999936,6.394884621840902e-14,True,3,
0.8461540000000001,75,19.429514789128643,3.9257948109037657,0.003380842120657428,0.5834689125864457,3.860106688920743,74.99999999999997,2.842170943040401e-14,True,3,
0.8461540000000001,100,26.054563428093353,3.9257948109037657,0.0033658431726513866,0.7824193221649656,3.838099236472905,99.99999999999997,2.842170943040401e-14,True,3,
0.8461540000000001,125,32.75249193928793,3.9257948109037657,0.0033368854733443923,0.983558316495133,3.8165034963357267,125.00000000000009,-8.526512829121202e-14,True,3,
0.8461540000000001,150,39.51965098207877,3.9257948109037657,0.0032949362806128017,1.1867763057681313,3.795580079085759,150.00000000000014,-1.4210854715202004e-13,True,4,
0.8461540000000001,175,46.35063753736001,3.9257948109037657,0.0032410873030476574,1.3919110371579584,3.7755683480932642,174.99999999999997,2.842170943040401e-14,True,4,
0.8461540000000001,200,53.238504699681606,3.9257948109037657,0.0031765598438681605,1.5987538948853337,3.7566795147271708,200.00000000000009,-8.526512829121202e-14,True,4,
0.8461540000000001,225,60.17507699791845,3.9257948109037657,0.003102701257143931,1.8070593693068606,3.7390895238535915,225.0000000000001,-1.1368683772161603e-13,True,4,
0.8461540000000001,250,67.15136927212697,3.9257948109037657,0.003020973923691772,2.016557635799609,3.7229322753924734,249.9999999999999,1.1368683772161603e-13,True,5,
0.8461540000000001,275,74.15808715407893,3.9257948109037657,0.0029329325986662733,2.2269695842065746,3.708294139634833,275.00000000000006,-5.684341886080802e-14,True,5,
0.8461540000000001,300,81.18619236530955,3.9257948109037657,0.0028402019155538446,2.4380237947540406,3.6952096318312906,299.99999999999983,1.7053025658242404e-13,True,5,
0.8461540000000001,325,88.227486585386,3.9257948109037657,0.0027444454897576167,2.6494740716332137,3.6836592832718527,325.0,0.0,True,6,
0.8461540000000001,350,95.27519353797912,3.9257948109037657,0.0026473395096270652,2.8611169230624363,3.6735690267633085,349.99999999999983,1.7053025658242404e-13,True,6,
0.8461540000000001,375,102.32450009961232,3.9257948109037657,0.0025505461209273505,3.072807810799169,3.664811454098869,375.0000000000001,-1.1368683772161603e-13,True,6,
0.8461540000000001,400,109.37305791119641,3.9257948109037657,0.002455696317075145,3.284476213549442,3.657207795403994,400.0,0.0,True,6,
0.8461540000000001,425,116.42144440491924,3.9257948109037657,0.0023643805604975894,3.496139471619197,3.650530210927724,425.0000000000001,-1.1368683772161603e-13,True,6,
0.8461540000000001,450,123.47361668824853,3.9257948109037657,0.002278150965841694,3.7079164170645207,3.644503271789465,450.00000000000006,-5.684341886080802e-14,True,7,
0.8461540000000001,475,130.53739707105768,3.9257948109037657,0.0021985334268251346,3.9200419540858165,3.6388039799923,474.9999999999999,1.1368683772161603e-13,True,7,
0.8461540000000001,500,137.62465139447886,3.9257948109037657,0.00212697908089233,4.132872414248615,3.6330700563726097,500.00000000000006,-5.684341886080802e-14,True,7,
0.8461540000000001,525,144.74547389639395,3.9257948109037657,0.0020638876322831216,4.346710927819639,3.6270564175000386,525.0,0.0,True,7,
0.8461540000000001,550,151.90732955699372,3.9257948109037657,0.0020088981634269008,4.56178166837819,3.620628455545636,550.0000000000001,-1.1368683772161603e-13,True,7,
0.8461540000000001,575,159.1184327452983,3.9257948109037657,0.001961647532365386,4.778331313672622,3.6136605299551037,575.0000000000001,-1.1368683772161603e-13,True,7,
0.8461540000000001,600,166.38784114931846,3.9257948109037657,0.0019217875840960587,4.9966318663459,3.6060327236384584,600.0,0.0,True,7,
0.8461540000000001,625,173.7254730201,3.9257948109037657,0.0018889841119256818,5.216981171774775,3.597630152532023,625.0000000000002,-2.2737367544323206e-13,True,6,
0.8461540000000001,650,181.1421385872328,3.9257948109037657,0.0018629155183131315,5.439703861478463,3.588342309909182,650.0000000000001,-1.1368683772161603e-13,True,6,
0.8461540000000001,675,188.6495661196314,3.9257948109037657,0.0018432694563076655,5.665152135724667,3.578062827729756,674.9999999999999,1.1368683772161603e-13,True,6,
0.8461540000000001,700,196.26043959812958,3.9257948109037657,0.0018297399222413251,5.893706894838727,3.566689249414436,700.0,0.0,True,5,
0.8461540000000001,725,203.98841625372478,3.9257948109037657,0.001822022225895802,6.125778265877622,3.5541233826641947,725.0000000000001,-1.1368683772161603e-13,True,5,
0.8461540000000001,750,211.84812699946855,3.9257948109037657,0.0018198073302296202,6.361805615599657,3.5402720364947173,750.0,0.0,True,5,
0.8461540000000001,775,219.8551197682887,3.9257948109037657,0.001822773697970181,6.602255848897559,3.5250486812260453,775.0000000000002,-2.2737367544323206e-13,True,6,
0.8461540000000001,800,228.02572912617387,3.9257948109037657,0.0018305775955375166,6.847619493278495,3.508376019959285,799.9999999999999,1.1368683772161603e-13,True,6,
0.8461540000000001,825,236.37680868302476,3.9257948109037657,0.0018428402638264029,7.098402663153897,3.490190110427897,825.0000000000001,-1.1368683772161603e-13,True,7,
0.8461540000000001,850,244.92526082529866,3.9257948109037657,0.0018591319136159127,7.355112937696657,3.4704464420527517,850.0,0.0,True,7,
0.8461540000000001,875,253.68725056275457,3.9257948109037657,0.0018789514181695227,7.618235752635273,3.449128791687351,875.0,0.0,True,7,
0.8461540000000001,900,262.6769666918595,3.9257948109037657,0.0019017016722515832,7.8881971979537395,3.4262615840838833,899.9999999999999,1.1368683772161603e-13,True,8,
0.8461540000000001,925,271.90476501933426,3.9257948109037657,0.0019266613624838336,8.165308258838868,3.4019264058657686,925.0000000000001,-1.1368683772161603e-13,True,8,
0.8461540000000001,950,281.3744892162503,3.9257948109037657,0.0019529541334535082,8.449684360848359,3.37628333914052,949.9999999999999,1.1368683772161603e-13,True,8,
0.8461540000000001,975,291.0798888536576,3.9257948109037657,0.0019795215705022684,8.741137803413142,3.349595892178548,974.9999999999999,1.1368683772161603e-13,True,8,
0.8461540000000001,1000,301.0002284062191,3.9257948109037657,0.002005108763196135,9.039045898084659,3.3222566152024173,1000.0,0.0,True,8,
0.8461540000000001,1025,311.09566663856606,3.9257948109037657,0.002028277657084584,9.34221221136835,3.294806421044928,1025.0,0.0,True,8,
0.8461540000000001,1050,321.3036748382849,3.9257948109037657,0.0020474659424276603,9.648759004152701,3.267936479495526,1050.0,0.0,True,8,
0.8461540000000001,1075,331.5384417128398,3.9257948109037657,0.002061104035858708,9.956109360745941,3.2424595906471243,1075.0,0.0,True,8,
0.8461540000000001,1100,341.69524471966406,3.9257948109037657,0.0020677837754560758,10.261118460049973,3.219242927721951,1100.0,0.0,True,7,
0.8461540000000001,1125,351.6604468479794,3.9257948109037657,0.002066442510317644,10.560373779218603,3.1991087143398027,1125.0,0.0,True,8,
0.8461540000000001,1150,361.3252189820055,3.9257948109037657,0.002056503315434991,10.850607176636801,3.182728300116997,1150.0,0.0,True,9,
0.8461540000000001,1175,,3.9257948109037657,0.003333947066051449,1.0,,,,False,1,No solution exists for discriminant 
0.8461540000000001,1200,,3.9257948109037657,0.003333947066051449,1.0,,,,False,1,No solution exists for discriminant 
0.8461540000000001,1225,,3.9257948109037657,0.003333947066051449,1.0,,,,False,1,No solution exists for discriminant 
0.8461540000000001,1250,,3.9257948109037657,0.003333947066051449,1.0,,,,False,1,No solution exists for discriminant 
0.8461540000000001,1275,,3.9257948109037657,0.003333947066051449,1.0,,,,False,1,No solution exists for discriminant 
0.8461540000000001,1300,,3.9257948109037657,0.003333947066051449,1.0,,,,False,1,No solution exists for discriminant 
0.8461540000000001,1325,,3.9257948109037657,0.003333947066051449,1.0,,,,False,1,No solution exists for discriminant 
0.8461540000000001,1350,,3.9257948109037657,0.003333947066051449,1.0,,,,False,1,No solution exists for discriminant 
0.8461540000000001,1375,,3.9257948109037657,0.003333947066051449,1.0,,,,False,1,No solution exists for discriminant 
0.8461540000000001,1400,,3.9257948109037657,0.003333947066051449,1.0,,,,False,1,No solution exists for discriminant 
0.8461540000000001,1425,,3.9257948109037657,0.003333947066051449,1.0,,,,False,1,No solution exists for discriminant 
0.8461540000000001,1450,,3.9257948109037657,0.003333947066051449,1.0,,,,False,1,No solution exists for discriminant 
0.8461540000000001,1475,,3.9257948109037657,0.003333947066051449,1.0,,,,False,1,No solution exists for discriminant 
0.8461540000000001,1500,,3.9257948109037657,0.003333947066051449,1.0,,,,False,1,No solution exists for discriminant 
0.8461540000000001,1525,,3.9257948109037657,0.003333947066051449,1.0,,,,False,1,No solution exists for discriminant 
0.8717950000000001,-100,-24.822061822903603,3.9500323734771956,0.003168222881650627,0.7454072619490572,4.028674197714265,-100.00000000000006,5.684341886080802e-14,True,3,
0.8717950000000001,-75,-18.705619814003967,3.9500323734771956,0.003178609582373926,0.561730324744864,4.009490235862232,-75.00000000000001,1.4210854715202004e-14,True,3,
0.8717950000000001,-50,-12.531783747714332,3.9500323734771956,0.0031777298231973135,0.3763298422737037,3.989854996430167,-50.00000000000039,3.907985046680551e-13,True,3,
0.8717950000000001,-25,-6.297294364359581,3.9500323734771956,0.0031643045259373724,0.1891079388696571,3.9699589305354985,-25.00000000000018,1.8118839761882555e-13,True,3,
0.8717950000000001,0,0.0,3.9500323734771956,0.003136975078463321,0.0,3.9500323734771956,0.0,0.0,True,1,
0.8717950000000001,25,6.361482764472952,3.9500323734771956,0.0031645101792802865,0.19103551845264122,3.9299013965137046,25.000000000000117,-1.1723955140041653e-13,True,3,
0.8717950000000001,50,12.789730508662926,3.9500323734771956,0.0031780073057901767,0.38407599125113895,3.909386516481577,49.9999999999999,9.947598300641403e-14,True,3,
0.8717950000000001,75,19.286461326383122,3.9500323734771956,0.003178090347761419,0.579173012804298,3.8887382568933435,74.99999999999999,1.4210854715202004e-14,True,3,
0.8717950000000001,100,25.85181690196133,3.9500323734771956,0.003165437146853753,0.7763308378967367,3.8682000719420655,99.99999999999993,7.105427357601002e-14,True,3,
0.8717950000000001,125,32.484360389015954,3.9500323734771956,0.003140797401469637,0.9755063179884672,3.848005578778971,125.00000000000001,-1.4210854715202004e-14,True,3,
0.8717950000000001,150,39.181117336377476,3.9500323734771956,0.003105006673680794,1.176610130221546,3.8283747426654733,149.99999999999983,1.7053025658242404e-13,True,4,
0.8717950000000001,175,45.93767595275431,3.9500323734771956,0.0030589957472833213,1.3795097883710004,3.8095092180976406,174.99999999999986,1.4210854715202004e-13,True,4,
0.8717950000000001,200,52.74835908127228,3.9500323734771956,0.0030037945305494687,1.5840348072454138,3.7915871409734105,200.0,0.0,True,4,
0.8717950000000001,225,59.60647404635795,3.9500323734771956,0.0029405299319695336,1.789984205596335,3.7747577524047147,225.0000000000001,-1.1368683772161603e-13,True,4,
0.8717950000000001,250,66.50463948209406,3.9500323734771956,0.002870418380698453,1.9971363207836057,3.7591362339060685,249.99999999999991,8.526512829121202e-14,True,5,
0.8717950000000001,275,73.43517637833008,3.9500323734771956,0.0027947510180635258,2.2052605519018047,3.7447993395321832,274.9999999999999,1.1368683772161603e-13,True,5,
0.8717950000000001,300,80.3905510714464,3.9500323734771956,0.002714877720127738,2.4141306628061985,3.7317818574645347,299.9999999999998,2.2737367544323206e-13,True,5,
0.8717950000000001,325,87.36384269040488,3.9500323734771956,0.0026321863310978036,2.6235388195316784,3.720074460915333,324.9999999999999,1.1368683772161603e-13,True,5,
0.8717950000000001,350,94.34921451042645,3.9500323734771956,0.002548082103420124,2.8333097450578517,3.709622828511432,350.0,0.0,True,6,
0.8717950000000001,375,101.3423765152064,3.9500323734771956,0.002463971259569028,3.0433146100662585,3.700327670367304,374.9999999999999,1.1368683772161603e-13,True,6,
0.8717950000000001,400,108.34101553365154,3.9500323734771956,0.002381244928700756,3.2534839499595063,3.692045879667398,399.9999999999997,2.8421709430404007e-13,True,6,
0.8717950000000001,425,115.34521116686192,3.9500323734771956,0.002301272307272269,3.463820155161019,3.684591633242424,425.0,0.0,True,6,
0.8717950000000001,450,122.3578444107901,3.9500323734771956,0.002225399956381507,3.674409742065769,3.677737231862488,450.00000000000017,-1.7053025658242404e-13,True,6,
0.8717950000000001,475,129.38503746275202,3.9500323734771956,0.002154960285235995,3.885436560443004,3.671212756241194,475.0,0.0,True,6,
0.8717950000000001,500,136.4365302963183,3.9500323734771956,0.002091263211243312,4.09719310199154,3.6647076769988214,499.99999999999994,5.684341886080802e-14,True,6,
0.8717950000000001,525,143.52169855936384,3.9500323734771956,0.002034876348275816,4.309960917698614,3.657983463614375,525.0,0.0,True,6,
0.8717950000000001,550,150.64702828018963,3.9500323734771956,0.001985528864181901,4.523934783188878,3.6509183505236518,549.9999999999999,1.1368683772161603e-13,True,6,
0.8717950000000001,575,157.81950998055424,3.9500323734771956,0.0019429147628753955,4.739324624040669,3.6434025176662157,574.9999999999998,2.2737367544323206e-13,True,6,
0.8717950000000001,600,165.04685448136075,3.9500323734771956,0.0019067376388969468,4.95636199643726,3.635331323856038,600.0,0.0,True,6,
0.8717950000000001,625,172.33749592352797,3.9500323734771956,0.0018767100760539244,5.175300177883723,3.6266048583956083,624.9999999999999,1.1368683772161603e-13,True,6,
0.8717950000000001,650,179.70060016891233,3.9500323734771956,0.0018525523929531068,5.396414419486857,3.6171275966191674,649.9999999999998,2.2737367544323206e-13,True,6,
0.8717950000000001,675,187.14607511151883,3.9500323734771956,0.0018339907168371916,5.620002255601166,3.606808209030154,674.9999999999999,1.1368683772161603e-13,True,6,
0.8717950000000001,700,194.68457782687457,3.9500323734771956,0.001820754328359763,5.846383718524763,3.5955595857340206,699.9999999999998,2.2737367544323206e-13,True,6,
0.8717950000000001,725,202.32751114681344,3.9500323734771956,0.0018125721758867242,6.0759012356400435,3.5832991563560705,725.0,0.0,True,5,
0.8717950000000001,750,210.08699889208472,3.9500323734771956,0.0018091684128163613,6.308918885648191,3.56994961113825,749.9999999999998,2.2737367544323206e-13,True,5,
0.8717950000000001,775,217.97582400514588,3.9500323734771956,0.0018102567509485743,6.545820540695072,3.555440166528302,774.9999999999998,2.2737367544323206e-13,True,5,
0.8717950000000001,800,226.00730631324055,3.9500323734771956,0.0018155333379313134,6.78700619559281,3.5397085742494534,800.0000000000002,-2.2737367544323206e-13,True,6,
0.8717950000000001,825,234.19508926033285,3.9500323734771956,0.0018246679709758053,7.03288556337336,3.5227040951440465,825.0,0.0,True,6,
0.8717950000000001,850,242.55278493064696,3.9500323734771956,0.0018372930030878492,7.283867415334744,3.5043918388446462,849.9999999999999,1.1368683772161603e-13,True,7,
0.8717950000000001,875,251.0934236943151,3.9500323734771956,0.0018529901647142914,7.540343053883337,3.4847587289471913,875.0000000000001,-1.1368683772161603e-13,True,7,
0.8717950000000001,900,259.8286154313279,3.9500323734771956,0.0018712744893818406,7.802661124063901,3.4638217138091467,899.9999999999998,2.2737367544323206e-13,True,7,
0.8717950000000001,925,268.76733470247234,3.9500323734771956,0.0018915762170243187,8.071091132206377,3.441638475240984,925.0000000000001,-1.1368683772161603e-13,True,7,
0.8717950000000001,950,277.9142179667588,3.9500323734771956,0.0019132212963470592,8.345772311314079,3.418320973105554,950.0,0.0,True,8,
0.8717950000000001,975,287.2673135152282,3.9500323734771956,0.0019354136145474836,8.626646051508354,3.394051303885343,974.9999999999998,2.2737367544323206e-13,True,8,
0.8717950000000001,1000,296.81526785911564,3.9500323734771956,0.001957222255518604,8.91337140718065,3.369098925445619,1000.0,0.0,True,8,
0.8717950000000001,1025,306.5341990033076,3.9500323734771956,0.0019775824968028487,9.20523120130053,3.3438357068567734,1025.0,0.0,True,7,
0.8717950000000001,1050,316.38475451681245,3.9500323734771956,0.0019953186195614103,9.501043679183558,3.3187439818444338,1049.9999999999998,2.2737367544323206e-13,True,7,
0.8717950000000001,1075,326.3103201033153,3.9500323734771956,0.0020091988418864315,9.799108711811272,3.294410056230024,1075.0,0.0,True,7,
0.8717950000000001,1100,336.23752338738024,3.9500323734771956,0.0020180243790703417,10.097222924545953,3.271496854123228,1099.9999999999998,2.2737367544323206e-13,True,7,
0.8717950000000001,1125,346.0800939622074,3.9500323734771956,0.002020745448753175,10.392795614480704,3.250692598698994,1125.0,0.0,True,6,
0.8717950000000001,1150,355.7461661543817,3.9500323734771956,0.002016579337311548,10.683068052684135,3.232642005482469,1150.0,0.0,True,7,
0.8717950000000001,1175,365.147717658274,3.9500323734771956,0.002005096976478721,10.965396926674897,3.217875788832485,1175.0,0.0,True,8,
0.8717950000000001,1200,374.2096766008849,3.9500323734771956,0.0019862501788636944,11.2375278258524,3.2067583363961627,1199.9999999999998,2.2737367544323206e-13,True,9,
0.8717950000000001,1225,382.876299424702,3.9500323734771956,0.001960334439210909,11.49778676951057,3.1994667777573245,1224.9999999999998,2.2737367544323206e-13,True,11,
0.8717950000000001,1250,,3.9500323734771956,0.0031370009386958706,1.0,,,,False,1,No solution exists for discriminant 
0.8717950000000001,1275,,3.9500323734771956,0.0031370009386958706,1.0,,,,False,1,No solution exists for discriminant 
0.8717950000000001,1300,,3.9500323734771956,0.0031370009386958706,1.0,,,,False,1,No solution exists for discriminant 
0.8717950000000001,1325,,3.9500323734771956,0.0031370009386958706,1.0,,,,False,1,No solution exists for discriminant 
0.8717950000000001,1350,,3.9500323734771956,0.0031370009386958706,1.0,,,,False,1,No solution exists for discriminant 
0.8717950000000001,1375,,3.9500323734771956,0.0031370009386958706,1.0,,,,False,1,No solution exists for discriminant 
0.8717950000000001,1400,,3.9500323734771956,0.0031370009386958706,1.0,,,,False,1,No solution exists for discriminant 
0.8717950000000001,1425,,3.9500323734771956,0.0031370009386958706,1.0,,,,False,1,No solution exists for discriminant 
0.8717950000000001,1450,,3.9500323734771956,0.0031370009386958706,1.0,,,,False,1,No solution exists for discriminant 
0.8717950000000001,1475,,3.9500323734771956,0.0031370009386958706,1.0,,,,False,1,No solution exists for discriminant 
0.8717950000000001,1500,,3.9500323734771956,0.0031370009386958706,1.0,,,,False,1,No solution exists for discriminant 
0.8717950000000001,1525,,3.9500323734771956,0.0031370009386958706,1.0,,,,False,1,No solution exists for discriminant 
0.897436,-100,-24.67924457682307,3.9770371894551864,0.003036993042599139,0.7411184557604527,4.0519878835316,-100.00000000000004,4.263256414560601e-14,True,3,
0.897436,-75,-18.593477892377415,3.9770371894551864,0.00304597593113134,0.5583626994707933,4.03367247559139,-74.9999999999998,-1.9895196601282805e-13,True,3,
0.897436,-50,-12.453429811962971,3.9770371894551864,0.0030450245227050983,0.3739768712301193,4.014958188624401,-49.999999999999964,-3.552713678800501e-14,True,3,
0.897436,-25,-6.256236560469026,3.9770371894551864,0.003033035996453966,0.18787497178585666,3.99601258014542,-24.999999999999943,-5.684341886080802e-14,True,3,
0.897436,0,0.0,3.9770371894551864,0.0030088429607308164,0.0,3.9770371894551864,0.0,0.0,True,1,
0.897436,25,6.316516267618678,3.9770371894551864,0.003033208639430361,0.18968517320176212,3.9578778777411427,25.000000000000018,-1.7763568394002505e-14,True,3,
0.897436,50,12.695588919791883,3.9770371894551864,0.00304526264739294,0.38124891651026677,3.9383757867310885,49.999999999999844,1.5631940186722204e-13,True,3,
0.897436,75,19.138761348875157,3.9770371894551864,0.0030455622241362364,0.574737578044299,3.9187489008742933,74.99999999999993,7.105427357601002e-14,True,3,
0.897436,100,25.646231534791628,3.9770371894551864,0.003034708825024395,0.7701571031468958,3.8992083442879353,99.9999999999999,9.947598300641403e-14,True,3,
0.897436,125,32.2168590291361,3.9770371894551864,0.003013361712803807,0.9674732441182013,3.8799561399499902,124.9999999999999,9.947598300641403e-14,True,3,
0.897436,150,38.848205839468086,3.9770371894551864,0.002982248725342452,1.1666127879720147,3.8611821771085912,150.00000000000009,-8.526512829121202e-14,True,3,
0.897436,175,45.536622848659206,3.9770371894551864,0.0029421728230506197,1.3674661516113877,3.8430605752563554,174.99999999999994,5.684341886080802e-14,True,4,
0.897436,200,52.27739203157231,3.9770371894551864,0.0028940165575269375,1.5698916525997693,3.8257455513314893,200.00000000000003,-2.842170943040401e-14,True,4,
0.897436,225,59.06492759804901,3.9770371894551864,0.0028387396731482995,1.7737215494909615,3.8093672361909725,224.99999999999986,1.4210854715202004e-13,True,4,
0.897436,250,65.89303778993083,3.9770371894551864,0.0027773746156566116,1.9787699036015265,3.7940275389489306,250.00000000000014,-1.4210854715202004e-13,True,5,
0.897436,275,72.75523859714656,3.9770371894551864,0.002711016293989105,2.1848419999143114,3.779796552145257,275.00000000000006,-5.684341886080802e-14,True,5,
0.897436,300,79.64511101364211,3.9770371894551864,0.002640810466792742,2.391745075484748,3.7667095466614904,299.99999999999994,5.684341886080802e-14,True,5,
0.897436,325,86.55668390600577,3.9770371894551864,0.0025679388712989736,2.5992998169971706,3.754764916282216,325.0,0.0,True,5,
0.897436,350,93.48482842747586,3.9770371894551864,0.0024936044264708417,2.8073522050293054,3.743923007480565,350.00000000000006,-5.684341886080802e-14,True,5,
0.897436,375,100.42564800303064,3.9770371894551864,0.002419016867506057,3.015785225316236,3.7341058530056292,374.99999999999983,1.7053025658242404e-13,True,6,
0.897436,400,107.37686382451932,3.9770371894551864,0.002345383449482455,3.224530445180761,3.7251972701838274,399.99999999999994,5.684341886080802e-14,True,6,
0.897436,425,114.33817878662195,3.9770371894551864,0.00227389971187383,3.4335789425412,3.7170436376561082,424.9999999999997,2.8421709430404007e-13,True,6,
0.897436,450,121.3116501131908,3.9770371894551864,0.002205749174242221,3.642992495891616,3.7094541173920543,449.9999999999999,1.1368683772161603e-13,True,6,
0.897436,475,128.3020813536152,3.9770371894551864,0.0021421080495327293,3.8529153559644205,3.702200268215804,475.0000000000001,-1.1368683772161603e-13,True,6,
0.897436,500,135.31744188466786,3.9770371894551864,0.0020841513070291545,4.06358684338342,3.695015166087414,500.0,0.0,True,6,
0.897436,525,142.36633989156692,3.9770371894551864,0.0020325573869276825,4.275265462209218,3.6876694336587246,525.0000000000001,-1.1368683772161603e-13,True,6,
0.897436,550,149.45451253733523,3.9770371894551864,0.0019871445303693445,4.488123499619677,3.680049472327604,549.9999999999998,2.2737367544323206e-13,True,6,
0.897436,575,156.58792878342737,3.9770371894551864,0.0019476527636383607,4.7023402037065285,3.6720582772077375,575.0000000000002,-2.2737367544323206e-13,True,6,
0.897436,600,163.77318224686692,3.9770371894551864,0.0019138280618373514,4.918113580986995,3.6636034774947297,599.9999999999998,2.2737367544323206e-13,True,6,
0.897436,625,171.01748569241823,3.9770371894551864,0.0018854220117093898,5.135660231003551,3.6545970575435054,625.0000000000002,-2.2737367544323206e-13,True,6,
0.897436,650,178.32866858321174,3.9770371894551864,0.0018621909543630438,5.355215272769121,3.644955155915924,649.9999999999997,3.410605131648481e-13,True,6,
0.897436,675,185.7151749522051,3.9770371894551864,0.0018438945989479982,5.577032280847001,3.634597981418133,675.0,0.0,True,6,
0.897436,700,193.18605767663516,3.9770371894551864,0.0018302940740040415,5.801383113412467,3.623449892909438,700.0000000000001,-1.1368683772161603e-13,True,6,
0.897436,725,200.75096369588175,3.9770371894551864,0.0018211493645923689,6.028557468344798,3.6114396994791256,725.0,0.0,True,5,
0.897436,750,208.42010157685385,3.9770371894551864,0.0018162159870207621,6.258861909214831,3.5985012689548133,749.9999999999997,3.410605131648481e-13,True,5,
0.897436,775,216.20418256525258,3.9770371894551864,0.0018152409589213374,6.492618095052631,3.584574501772633,774.9999999999997,3.410605131648481e-13,True,5,
0.897436,800,224.11431613639505,3.9770371894551864,0.0018179576291178544,6.730159643735588,3.5696068586404963,800.0000000000002,-2.2737367544323206e-13,True,5,
0.897436,825,232.1618404526398,3.9770371894551864,0.001824079375625392,6.971827040619814,3.5535555644782932,824.9999999999999,1.1368683772161603e-13,True,6,
0.897436,850,240.3580620713307,3.9770371894551864,0.001833292171029587,7.217959821961883,3.5363906360159723,849.9999999999997,3.410605131648481e-13,True,6,
0.897436,875,248.71385574436252,3.9770371894551864,0.0018452452362347693,7.4688845568877635,3.51809913195732,874.9999999999999,1.1368683772161603e-13,True,7,
0.897436,900,257.2390892345859,3.9770371894551864,0.001859540579820281,7.724897574612189,3.4986906643074636,900.0000000000002,-2.2737367544323206e-13,True,7,
0.897436,925,265.94179916466595,3.9770371894551864,0.0018757207417640994,7.986240215155134,3.47820464065996,925.0000000000002,-2.2737367544323206e-13,True,7,
0.897436,950,274.827065424797,3.9770371894551864,0.0018932559129484362,8.253065027771683,3.4567192228014227,950.0000000000001,-1.1368683772161603e-13,True,7,
0.897436,975,283.89552464497746,3.9770371894551864,0.0019115313512325853,8.525391130479804,3.434361993621689,975.0000000000001,-1.1368683772161603e-13,True,7,
0.897436,1000,293.1415103675444,3.9770371894551864,0.0019298374814012758,8.803048359385718,3.4113217153933184,999.9999999999999,1.1368683772161603e-13,True,7,
0.897436,1025,302.55089257711427,3.9770371894551864,0.0019473662947855136,9.085612389703131,3.387859778793241,1025.0,0.0,True,7,
0.897436,1050,312.09884163659825,3.9770371894551864,0.001963219047682681,9.372337586684633,3.364318798794516,1050.0,0.0,True,7,
0.897436,1075,321.74795421012084,3.9770371894551864,0.0019764309177019114,9.662100727030657,3.3411245850469644,1074.9999999999998,2.2737367544323206e-13,True,7,
0.897436,1100,331.4473965901009,3.9770371894551864,0.0019860170443548463,9.953375272976004,3.318777010520206,1100.0,0.0,True,7,
0.897436,1125,341.13381420789705,3.9770371894551864,0.0019910400250492915,10.244258684921833,3.2978261114695346,1124.9999999999998,2.2737367544323206e-13,True,6,
0.897436,1150,350.73454922232725,3.9770371894551864,0.001990691340719402,10.532569045715533,3.2788329594271763,1150.0,0.0,True,6,
0.897436,1175,360.1730944596733,3.9770371894551864,0.0019843705532184615,10.816008842632833,3.2623203067478395,1175.0,0.0,True,8,
0.897436,1200,369.37589785357034,3.9770371894551864,0.001971742406617624,11.092369304912022,3.2487230676748418,1200.0,0.0,True,9,
0.897436,1225,378.278957891496,3.9770371894551864,0.00195275545712822,11.359728465210091,3.2383508901157914,1225.0,0.0,True,10,
0.897436,1250,386.83270395874126,3.9770371894551864,0.001927619184735738,11.616597716478717,3.231371048021116,1250.0,0.0,True,12,
0.897436,1275,395.0041931604718,3.9770371894551864,0.0018967478480742589,11.861987782596751,3.2278138360977526,1275.0000000000002,-2.2737367544323206e-13,True,13,
0.897436,1300,402.7767042760249,3.9770371894551864,0.0018606894894093735,12.095396524805553,3.2275948092298394,1300.0,0.0,True,15,
0.897436,1325,,3.9770371894551864,0.0030089095835189213,1.0,,,,False,1,No solution exists for discriminant 
0.897436,1350,,3.9770371894551864,0.0030089095835189213,1.0,,,,False,1,No solution exists for discriminant 
0.897436,1375,,3.9770371894551864,0.0030089095835189213,1.0,,,,False,1,No solution exists for discriminant 
0.897436,1400,,3.9770371894551864,0.0030089095835189213,1.0,,,,False,1,No solution exists for discriminant 
0.897436,1425,,3.9770371894551864,0.0030089095835189213,1.0,,,,False,1,No solution exists for discriminant 
0.897436,1450,,3.9770371894551864,0.0030089095835189213,1.0,,,,False,1,No solution exists for discriminant 
0.897436,1475,,3.9770371894551864,0.0030089095835189213,1.0,,,,False,1,No solution exists for discriminant 
0.897436,1500,,3.9770371894551864,0.0030089095835189213,1.0,,,,False,1,No solution exists for discriminant 
0.897436,1525,,3.9770371894551864,0.0030089095835189213,1.0,,,,False,1,No solution exists for discriminant 
0.923077,-100,-24.48250737082357,4.009672809467099,0.003058352994428218,0.7352104315562634,4.084548959195768,-100.00000000000013,1.2789769243681803e-13,True,3,
0.923077,-75,-18.444569465260845,4.009672809467099,0.003066739451892396,0.5538909749327582,4.066237498319384,-75.00000000000036,3.552713678800501e-13,True,3,
0.923077,-50,-12.353173895695326,4.009672809467099,0.0030656077622885467,0.3709661830539137,4.047542795250642,-49.99999999999992,-7.815970093361102e-14,True,3,
0.923077,-25,-6.205592515356306,4.009672809467099,0.0030539164542750796,0.18635412959027947,4.028624170558272,-24.999999999999922,-7.815970093361102e-14,True,3,
0.923077,0,0.0,4.009672809467099,0.003030563921727118,0.0,4.009672809467099,0.0,0.0,True,1,
0.923077,25,6.2648170067760764,4.009672809467099,0.0030540821352103152,0.18813264284612843,3.9905395437663422,24.999999999999826,1.7408297026122455e-13,True,3,
0.923077,50,12.591062980903057,4.009672809467099,0.0030658421459326913,0.3781099994265183,3.9710705979181533,49.99999999999983,1.7053025658242404e-13,True,3,
0.923077,75,18.980266958473486,4.009672809467099,0.0030663669755605443,0.5699779867409456,3.9514723456783125,74.9999999999998,1.9895196601282805e-13,True,3,
0.923077,100,25.43270665557532,4.009672809467099,0.0030562204325211614,0.7637449446118715,3.9319448517320126,99.99999999999987,1.2789769243681803e-13,True,3,
0.923077,125,31.947413302393574,4.009672809467099,0.003036019459873727,0.95938178085266,3.912679840988403,125.00000000000009,-8.526512829121202e-14,True,3,
0.923077,150,38.52220646878485,4.009672809467099,0.0030064440162620074,1.1568230170806262,3.893857952335811,149.99999999999991,8.526512829121202e-14,True,3,
0.923077,175,45.153769330916454,4.009672809467099,0.0029682433165433915,1.3559690489764702,3.875645435433864,174.99999999999997,2.842170943040401e-14,True,4,
0.923077,200,51.83777365193754,4.009672809467099,0.0029222401263008305,1.556689899457584,3.858190387243307,199.9999999999998,1.9895196601282805e-13,True,4,
0.923077,225,58.56905794929763,4.009672809467099,0.0028693292139903236,1.758830569047977,3.841618900457287,224.9999999999999,1.1368683772161603e-13,True,4,
0.923077,250,65.3418605608754,4.009672809467099,0.0028104734791766944,1.9622180348611233,3.826031243280697,250.00000000000006,-5.684341886080802e-14,True,4,
0.923077,275,72.15010321731943,4.009672809467099,0.002746696703552485,2.1666697662858687,3.811498358799116,274.99999999999983,1.7053025658242404e-13,True,5,
0.923077,300,78.98771158713015,4.009672809467099,0.0026790707626596555,2.3720033509648695,3.798059140744625,299.99999999999983,1.7053025658242404e-13,True,5,
0.923077,325,85.84896889385824,4.009672809467099,0.002608705251341653,2.578047113929677,3.7857181534914246,324.9999999999998,2.2737367544323206e-13,True,5,
0.923077,350,92.72887912299362,4.009672809467099,0.002536732847146535,2.784651024714523,3.7744444159167205,349.99999999999983,1.7053025658242404e-13,True,5,
0.923077,375,99.623532171613,4.009672809467099,0.0024642964538613356,2.9916976628112013,3.764170892415452,375.0,0.0,True,6,
0.923077,400,106.53046681983672,4.009672809467099,0.002392540081452434,3.1991131177128147,3.754794397704801,400.0000000000001,-1.1368683772161603e-13,True,6,
0.923077,425,113.44901715489657,4.009672809467099,0.002322599934374594,3.406877392038936,3.7461761296682736,425.0,0.0,True,6,
0.923077,450,120.38066508968245,4.009672809467099,0.002255602897116997,3.6150349876781522,3.73814183253394,450.00000000000006,-5.684341886080802e-14,True,6,
0.923077,475,127.3294076721883,4.009672809467099,0.0021926694895360037,3.823705936101751,3.7304815021435997,474.9999999999998,2.2737367544323206e-13,True,6,
0.923077,500,134.30217055518057,4.009672809467099,0.002134922971910069,4.033098214870288,3.7229480203714598,499.99999999999966,3.410605131648481e-13,True,6,
0.923077,525,141.30721370344816,4.009672809467099,0.0020831459255359697,4.243459870974419,3.71530926299192,524.9999999999998,2.2737367544323206e-13,True,6,
0.923077,550,148.34996944647716,4.009672809467099,0.0020372329414276367,4.454954037431747,3.707449364850952,549.9999999999999,1.1368683772161603e-13,True,6,
0.923077,575,155.43581161692575,4.009672809467099,0.0019969439272664994,4.667742090598371,3.6992762093789393,575.0,0.0,True,6,
0.923077,600,162.57069539832972,4.009672809467099,0.0019620433508010468,4.882002864814707,3.6907020575257037,599.9999999999999,1.1368683772161603e-13,True,6,
0.923077,625,169.76114883087848,4.009672809467099,0.0019323001128559278,5.097932397323679,3.6816433224226404,624.9999999999998,2.2737367544323206e-13,True,6,
0.923077,650,177.01426697519773,4.009672809467099,0.0019074869612644137,5.315743753008941,3.6720204032541313,650.0,0.0,True,6,
0.923077,675,184.33770654027575,4.009672809467099,0.0018873794437005316,5.535666863071344,3.6617576114440813,675.0000000000001,-1.1368683772161603e-13,True,6,
0.923077,700,191.73967784700963,4.009672809467099,0.0018717543788145208,5.757948283693984,3.6507832278644727,700.0,0.0,True,6,
0.923077,725,199.22893019145107,4.009672809467099,0.0018603878428985119,5.982850756500032,3.639029729785247,725.0000000000001,-1.1368683772161603e-13,True,5,
0.923077,750,206.81472122070406,4.009672809467099,0.001853052342234719,6.210652288910032,3.6264343059004527,749.9999999999995,4.547473508864641e-13,True,5,
0.923077,775,214.5067713481876,4.009672809467099,0.001849513875022658,6.44164478523086,3.612939559572313,774.9999999999998,2.2737367544323206e-13,True,5,
0.923077,800,222.3151756854909,4.009672809467099,0.0018495274768640228,6.676131401966694,3.5984947835129306,799.9999999999998,2.2737367544323206e-13,True,5,
0.923077,825,230.25027248273548,4.009672809467099,0.0018528323805337612,6.914422597079144,3.583057648984365,824.9999999999997,3.410605131648481e-13,True,6,
0.923077,850,238.32243769950307,4.009672809467099,0.001859145940985049,7.156829960946038,3.5665966167724052,850.0,0.0,True,6,
0.923077,875,246.54177898582947,4.009672809467099,0.001868156393884261,7.403657026601486,3.549094208695121,874.9999999999998,2.2737367544323206e-13,True,6,
0.923077,900,254.91769109709696,4.009672809467099,0.0018795143298697226,7.655185918831742,3.5305513561128015,899.9999999999999,1.1368683772161603e-13,True,7,
0.923077,925,263.4582321901599,4.009672809467099,0.0018928231603475556,7.911658624329126,3.5109929657933403,925.0,0.0,True,7,
0.923077,950,272.16926194181025,4.009672809467099,0.001907628446273333,8.173251109363672,3.490474983185684,950.0000000000001,-1.1368683772161603e-13,True,7,
0.923077,975,281.05330379851773,4.009672809467099,0.0019234073249295657,8.440039153108641,3.469092826245375,974.9999999999999,1.1368683772161603e-13,True,7,
0.923077,1000,290.1080973699328,4.009672809467099,0.0019395591396713944,8.711954875973959,3.446990997720567,1000.0000000000001,-1.1368683772161603e-13,True,7,
0.923077,1025,299.32486427173325,4.009672809467099,0.001955399714518467,8.988734662814814,3.4243730553218725,1025.0,0.0,True,7,
0.923077,1050,308.6864006856233,4.009672809467099,0.001970162648799453,9.269861882451151,3.401510392643942,1049.9999999999998,2.2737367544323206e-13,True,7,
0.923077,1075,318.1652515106945,4.009672809467099,0.0019830118397300136,9.554512057378213,3.3787473487307143,1074.9999999999998,2.2737367544323206e-13,True,6,
0.923077,1100,327.7224024157794,4.009672809467099,0.0019930695866244327,9.841513586059442,3.3564992563567153,1099.9999999999998,2.2737367544323206e-13,True,7,
0.923077,1125,337.3070431155728,4.009672809467099,0.001999462070856353,10.129340634101286,3.3352401705248025,1125.0,0.0,True,7,
0.923077,1150,346.85800367897434,4.009672809467099,0.002001381065661056,10.416156266635866,3.3154777684310064,1149.9999999999995,4.547473508864641e-13,True,6,
0.923077,1175,356.3071313221087,4.009672809467099,0.001998152669827877,10.69991385351678,3.297716763737115,1174.9999999999998,2.2737367544323206e-13,True,7,
0.923077,1200,365.58437608735613,4.009672809467099,0.0019892995211496394,10.978509792413098,3.2824159851767316,1199.9999999999998,2.2737367544323206e-13,True,8,
0.923077,1225,374.6237010391425,4.009672809467099,0.001974581069080369,11.249960992166441,3.269947941366384,1224.9999999999998,2.2737367544323206e-13,True,9,
0.923077,1250,383.3684939944161,4.009672809467099,0.001954000724639578,11.512567387219704,3.260570494398026,1250.0,0.0,True,11,
0.923077,1275,391.7753878527008,4.009672809467099,0.0019277807239205377,11.765026662243269,3.25441576865817,1275.0,0.0,True,12,
0.923077,1300,399.8158233440477,4.009672809467099,0.0018963123531669918,12.006481181502936,3.251497124668149,1299.9999999999998,2.2737367544323206e-13,True,14,
0.923077,1325,407.47549542108925,4.009672809467099,0.0018600959723286147,12.236501363996675,3.251729281611724,1324.9999999999998,2.2737367544323206e-13,True,15,
0.923077,1350,,4.009672809467099,0.0030306576721553864,1.0,,,,False,1,No solution exists for discriminant 
0.923077,1375,,4.009672809467099,0.0030306576721553864,1.0,,,,False,1,No solution exists for discriminant 
0.923077,1400,,4.009672809467099,0.0030306576721553864,1.0,,,,False,1,No solution exists for discriminant 
0.923077,1425,,4.009672809467099,0.0030306576721553864,1.0,,,,False,1,No solution exists for discriminant 
0.923077,1450,,4.009672809467099,0.0030306576721553864,1.0,,,,False,1,No solution exists for discriminant 
0.923077,1475,,4.009672809467099,0.0030306576721553864,1.0,,,,False,1,No solution exists for discriminant 
0.923077,1500,,4.009672809467099,0.0030306576721553864,1.0,,,,False,1,No solution exists for discriminant 
0.923077,1525,,4.009672809467099,0.0030306576721553864,1.0,,,,False,1,No solution exists for discriminant 
0.9487180000000001,-100,-24.206911963818666,4.050802784142296,0.003315115817572366,0.7269342932077678,4.131051500888133,-100.0,0.0,True,3,
0.9487180000000001,-75,-18.241786396282826,4.050802784142296,0.003324052372579695,0.5478013932817666,4.111439437492952,-74.99999999999964,-3.552713678800501e-13,True,3,
0.9487180000000001,-50,-12.220738004761877,4.050802784142296,0.0033224794292933233,0.36698912927212846,4.091405934773901,-49.9999999999997,-2.984279490192421e-13,True,3,
0.9487180000000001,-25,-6.140809892645759,4.050802784142296,0.0033092466699683573,0.18440870548485763,4.071124238830443,-24.99999999999992,-8.171241461241152e-14,True,3,
0.9487180000000001,0,0.0,4.050802784142296,0.0032831335623250946,0.0,4.050802784142296,0.0,0.0,True,1,
0.9487180000000001,25,6.203052000658286,4.050802784142296,0.0033094442855217455,0.1862778378576062,4.030274129145923,24.99999999999995,4.973799150320701e-14,True,3,
0.9487180000000001,50,12.47080207942208,4.050802784142296,0.0033227673505254914,0.37449856094360606,4.009365210157927,50.00000000000003,-2.842170943040401e-14,True,3,
0.9487180000000001,75,18.80499662719385,4.050802784142296,0.0033236424483923973,0.5647146134292449,3.988301699110279,75.0000000000003,-2.984279490192421e-13,True,3,
0.9487180000000001,100,25.2060348591915,4.050802784142296,0.0033126551039893352,0.7569379837595046,3.967303884114662,100.00000000000001,-1.4210854715202004e-14,True,3,
0.9487180000000001,125,31.6729571428557,4.050802784142296,0.003290451796666591,0.951139854139811,3.9465844454058425,125.00000000000018,-1.8474111129762605e-13,True,3,
0.9487180000000001,150,38.203465686783,4.050802784142296,0.0032577523547129956,1.1472512218253152,3.9263453538429816,150.0000000000002,-1.9895196601282805e-13,True,3,
0.9487180000000001,175,44.793990403228435,4.050802784142296,0.0032153580712935494,1.345164876973827,3.9067740655538294,174.99999999999997,2.842170943040401e-14,True,4,
0.9487180000000001,200,51.43981175779428,4.050802784142296,0.0031641576267289803,1.5447390918256543,3.888039111451368,200.0000000000001,-1.1368683772161603e-13,True,4,
0.9487180000000001,225,58.13524557960693,4.050802784142296,0.0031051257810629554,1.7458031705587669,3.8702855343046325,225.00000000000003,-2.842170943040401e-14,True,4,
0.9487180000000001,250,64.87389320839272,4.050802784142296,0.0030393195601501615,1.9481649612129945,3.8536302915709353,250.00000000000014,-1.4210854715202004e-13,True,5,
0.9487180000000001,275,71.64894931799779,4.050802784142296,0.002967867901943593,2.1516200996395733,3.838158167253427,275.00000000000006,-5.684341886080802e-14,True,5,
0.9487180000000001,300,78.45355974879169,4.050802784142296,0.0028919595345173912,2.35596275521897,3.823918264009948,300.0000000000003,-2.8421709430404007e-13,True,5,
0.9487180000000001,325,85.28121046227365,4.050802784142296,0.0028128267084212015,2.560997311179389,3.810921517627523,325.0000000000001,-1.1368683772161603e-13,True,5,
0.9487180000000001,350,92.12613211162757,4.050802784142296,0.002731728519824305,2.76655051386269,3.7991392016318613,350.0000000000001,-1.1368683772161603e-13,True,5,
0.9487180000000001,375,98.98370104463389,4.050802784142296,0.002649933978283499,2.9724835148538706,3.7885025114478648,375.0000000000001,-1.1368683772161603e-13,True,6,
0.9487180000000001,400,105.85083635308337,4.050802784142296,0.0025687108405363654,3.1787037943868883,3.77890259332229,400.00000000000006,-5.684341886080802e-14,True,6,
0.9487180000000001,425,112.72636676196801,4.050802784142296,0.0024893128524045385,3.3851761790380785,3.7701915905568613,425.0000000000003,-2.8421709430404007e-13,True,6,
0.9487180000000001,450,119.61140050753164,4.050802784142296,0.0024129773216261443,3.5919339491751248,3.76218318730968,450.00000000000006,-5.684341886080802e-14,True,6,
0.9487180000000001,475,126.50970074671632,4.050802784142296,0.0023409272117232796,3.799090112514004,3.754652783117339,475.0000000000001,-1.1368683772161603e-13,True,6,
0.9487180000000001,500,133.42810770695127,4.050802784142296,0.0022743815023863402,4.006850081289828,3.7473363640751938,500.0000000000001,-1.1368683772161603e-13,True,6,
0.9487180000000001,525,140.37544807967978,4.050802784142296,0.0022142941368301543,4.215478921311705,3.7399702525045555,525.0000000000001,-1.1368683772161603e-13,True,6,
0.9487180000000001,550,147.35754764107992,4.050802784142296,0.0021606259051898096,4.425151580813211,3.7324182493837372,550.0000000000001,-1.1368683772161603e-13,True,7,
0.9487180000000001,575,154.37979881284798,4.050802784142296,0.0021131146079636535,4.63602999437982,3.7245805760963773,575.0000000000001,-1.1368683772161603e-13,True,7,
0.9487180000000001,600,161.44820813191282,4.050802784142296,0.0020715045354174626,4.848294538495881,3.716362088762016,600.0000000000002,-2.2737367544323206e-13,True,6,
0.9487180000000001,625,168.5693878718326,4.050802784142296,0.002035546224183438,5.062143779934913,3.7076720031468735,624.9999999999998,2.2737367544323206e-13,True,6,
0.9487180000000001,650,175.75054564447464,4.050802784142296,0.0020049951357248553,5.277794163497737,3.6984237950241354,650.0000000000005,-4.547473508864641e-13,True,6,
0.9487180000000001,675,182.99948963356078,4.050802784142296,0.001979611570471682,5.495480169176,3.6885348770732866,675.0000000000003,-3.410605131648481e-13,True,6,
0.9487180000000001,700,190.32462608730182,4.050802784142296,0.001959159030896637,5.715454236855911,3.677926574141333,700.0000000000001,-1.1368683772161603e-13,True,6,
0.9487180000000001,725,197.7349540611032,4.050802784142296,0.001943402252233494,5.937986608441538,3.6665242290746614,725.0,0.0,True,6,
0.9487180000000001,750,205.2400507713729,4.050802784142296,0.0019321046621750648,6.163364888029217,3.6542575251818796,750.0000000000005,-4.547473508864641e-13,True,5,
0.9487180000000001,775,212.85003604256576,4.050802784142296,0.0019250249035246997,6.391892974251225,3.6410611640442268,775.0000000000001,-1.1368683772161603e-13,True,5,
0.9487180000000001,800,220.57551538808502,4.050802784142296,0.0019219131285189203,6.623889350993545,3.6268758052881083,800.0000000000003,-3.410605131648481e-13,True,5,
0.9487180000000001,825,228.42746807890794,4.050802784142296,0.0019225055234009798,6.859683726093332,3.6116497150640945,825.0000000000003,-3.410605131648481e-13,True,5,
0.9487180000000001,850,236.41707651295167,4.050802784142296,0.0019265182782617087,7.099611907295847,3.5953409649468977,850.0000000000002,-2.2737367544323206e-13,True,6,
0.9487180000000001,875,244.55545750389314,4.050802784142296,0.0019336400290331812,7.3440077328496445,3.577920562194245,875.0000000000001,-1.1368683772161603e-13,True,6,
0.9487180000000001,900,252.85325859533566,4.050802784142296,0.0019435227991665286,7.593190948808879,3.559376711218711,900.0000000000001,-1.1368683772161603e-13,True,6,
0.9487180000000001,925,261.3200689457123,4.050802784142296,0.001955771348726721,7.84744951788926,3.5397204804509803,925.0000000000001,-1.1368683772161603e-13,True,7,
0.9487180000000001,950,269.96359626188485,4.050802784142296,0.001969931545885155,8.107014902759305,3.5189929796254056,950.0000000000001,-1.1368683772161603e-13,True,7,
0.9487180000000001,975,278.7885266746131,4.050802784142296,0.001985477341950154,8.372027828066459,3.497274481234186,975.0000000000005,-4.547473508864641e-13,True,7,
0.9487180000000001,1000,287.79504132815424,4.050802784142296,0.0020017987476614197,8.642493733578206,3.47469503082843,1000.0000000000002,-2.2737367544323206e-13,True,7,
0.9487180000000001,1025,296.97696578259223,4.050802784142296,0.002018192387532956,8.918227200678446,3.4514461325272334,1025.0000000000005,-4.547473508864641e-13,True,7,
0.9487180000000001,1050,306.3196381723755,4.050802784142296,0.0020338585039397197,9.19878793310437,3.427791983121672,1050.0,0.0,True,7,
0.9487180000000001,1075,315.7977287568711,4.050802784142296,0.002047909293812824,9.483415277984118,3.404077680456118,1075.0,0.0,True,7,
0.9487180000000001,1100,325.37345338358887,4.050802784142296,0.0020593940510684598,9.77097457608375,3.3807306298685322,1100.0,0.0,True,7,
0.9487180000000001,1125,334.9958311083738,4.050802784142296,0.0020673452413862395,10.059934868119335,3.358250746816171,1125.0000000000002,-2.2737367544323206e-13,True,7,
0.9487180000000001,1150,344.6017123037979,4.050802784142296,0.0020708452318226175,10.348399768882821,3.337185971340067,1150.0,0.0,True,6,
0.9487180000000001,1175,354.11907517696875,4.050802784142296,0.0020691058593594516,10.634206461770834,3.31809293078268,1175.0000000000005,-4.547473508864641e-13,True,7,
0.9487180000000001,1200,363.47247805770826,4.050802784142296,0.00206154495088839,10.91508943116241,3.3014879322155366,1200.0000000000002,-2.2737367544323206e-13,True,8,
0.9487180000000001,1225,372.58974419329513,4.050802784142296,0.002047840289756256,11.188881207005862,3.2877984944332894,1225.0000000000002,-2.2737367544323206e-13,True,9,
0.9487180000000001,1250,,4.050802784142296,0.0032832298762400583,1.0,,,,False,1,No solution exists for discriminant 
0.9487180000000001,1275,,4.050802784142296,0.0032832298762400583,1.0,,,,False,1,No solution exists for discriminant 
0.9487180000000001,1300,,4.050802784142296,0.0032832298762400583,1.0,,,,False,1,No solution exists for discriminant 
0.9487180000000001,1325,,4.050802784142296,0.0032832298762400583,1.0,,,,False,1,No solution exists for discriminant 
0.9487180000000001,1350,,4.050802784142296,0.0032832298762400583,1.0,,,,False,1,No solution exists for discriminant 
0.9487180000000001,1375,,4.050802784142296,0.0032832298762400583,1.0,,,,False,1,No solution exists for discriminant 
0.9487180000000001,1400,,4.050802784142296,0.0032832298762400583,1.0,,,,False,1,No solution exists for discriminant 
0.9487180000000001,1425,,4.050802784142296,0.0032832298762400583,1.0,,,,False,1,No solution exists for discriminant 
0.9487180000000001,1450,,4.050802784142296,0.0032832298762400583,1.0,,,,False,1,No solution exists for discriminant 
0.9487180000000001,1475,,4.050802784142296,0.0032832298762400583,1.0,,,,False,1,No solution exists for discriminant 
0.9487180000000001,1500,,4.050802784142296,0.0032832298762400583,1.0,,,,False,1,No solution exists for discriminant 
0.9487180000000001,1525,,4.050802784142296,0.0032832298762400583,1.0,,,,False,1,No solution exists for discriminant 
0.9743590000000001,-100,-23.832186722356656,4.103290664110142,0.0038903437919424054,0.7156812829536534,4.134615384615385,-98.53692587128234,-1.4630741287176647,True,3,
0.9743590000000001,-75,-17.97097025136993,4.103290664110142,0.003901108611948584,0.5396687763174154,4.134615384615385,-74.30305007777953,-0.6969499222204689,True,3,
0.9743590000000001,-50,-12.0474423672571,4.103290664110142,0.0038985725896166336,0.3617850560737868,4.134615384615385,-49.8115405569284,-0.18845944307160067,True,3,
0.9743590000000001,-25,-6.057958025355347,4.103290664110142,0.00388124886435919,0.18192066142208252,4.126803106816388,-24.99999999999972,-2.8066438062523957e-13,True,3,
0.9743590000000001,0,0.0,4.103290664110142,0.003847547483397611,0.0,4.103290664110142,0.0,0.0,True,1,
0.9743590000000001,25,6.1281962585269,4.103290664110142,0.0038815420840627424,0.1840299176734805,4.079503812433274,24.99999999999982,1.8118839761882555e-13,True,3,
0.9743590000000001,50,12.329797618270582,4.103290664110142,0.0038990147018146187,0.37026419274085837,4.055216601926107,49.99999999999984,1.6342482922482304e-13,True,3,
0.9743590000000001,75,18.607132536527192,4.103290664110142,0.0039005610108277205,0.5587727488446604,4.0307124084148604,75.00000000000003,-2.842170943040401e-14,True,3,
0.9743590000000001,100,24.960862524508748,4.103290664110142,0.003886838822844121,0.749575451186449,4.006271814598207,100.00000000000003,-2.842170943040401e-14,True,3,
0.9743590000000001,125,31.389922696439655,4.103290664110142,0.0038585929288426687,0.9426403212144041,3.982169730356742,125.00000000000007,-7.105427357601002e-14,True,3,
0.9743590000000001,150,37.891503942860794,4.103290664110142,0.0038166763293262713,1.137883001287111,3.9586710579288527,150.00000000000003,-2.842170943040401e-14,True,3,
0.9743590000000001,175,44.46109817032717,4.103290664110142,0.0037620646897305278,1.3351681132230382,3.936025136616912,174.99999999999991,8.526512829121202e-14,True,4,
0.9743590000000001,200,51.09262791382363,4.103290664110142,0.0036958680038343965,1.5343131505652743,3.9144590553716254,199.99999999999997,2.842170943040401e-14,True,4,
0.9743590000000001,225,57.77867001812524,4.103290664110142,0.0036193292614128993,1.7350951957394969,3.8941706330280215,224.99999999999994,5.684341886080802e-14,True,4,
0.9743590000000001,250,64.51078149783052,4.103290664110142,0.0035338194005128843,1.9372607056405564,3.8753212129108614,250.00000000000014,-1.4210854715202004e-13,True,5,
0.9743590000000001,275,71.2799134001069,4.103290664110142,0.0034408190727865115,2.1405379399431506,3.8580293785764836,275.0,0.0,True,5,
0.9743590000000001,300,78.07690225312552,4.103290664110142,0.0033418988172974986,2.344651719313079,3.8423655568121697,300.0,0.0,True,5,
0.9743590000000001,325,84.89300078160198,4.103290664110142,0.0032386895236444064,2.5493393628108705,3.8283485918480316,324.9999999999998,2.2737367544323206e-13,True,6,
0.9743590000000001,350,91.72042648545688,4.103290664110142,0.003132854876596812,2.7543671617254324,3.8159438787116393,350.0000000000001,-1.1368683772161603e-13,True,6,
0.9743590000000001,375,98.55288643941873,4.103290664110142,0.003026061271946816,2.959546139321884,3.8050635912172446,374.9999999999999,1.1368683772161603e-13,True,6,
0.9743590000000001,400,105.3860690600677,4.103290664110142,0.002919955027899387,3.1647468186206518,3.7955680818876454,400.00000000000006,-5.684341886080802e-14,True,6,
0.9743590000000001,425,112.21809082732486,4.103290664110142,0.0028161459784873384,3.3699126374572033,3.7872681389132445,425.00000000000006,-5.684341886080802e-14,True,7,
0.9743590000000001,450,119.0499008045291,4.103290664110142,0.0027161980890507025,3.5750720962321054,3.7799275510432047,450.0000000000001,-1.1368683772161603e-13,True,7,
0.9743590000000001,475,125.88569408921614,4.103290664110142,0.0026216348875698725,3.780351173850335,3.7732643366399046,475.0000000000001,-1.1368683772161603e-13,True,7,
0.9743590000000001,500,132.73336020924418,4.103290664110142,0.002533953375025628,3.985986793070396,3.766950518029436,500.00000000000006,-5.684341886080802e-14,True,7,
0.9743590000000001,525,139.6036116982803,4.103290664110142,0.0024543990578666406,4.19230065160001,3.760647691083103,524.9999999999999,1.1368683772161603e-13,True,7,
0.9743590000000001,550,146.5036275518277,4.103290664110142,0.002382994995400543,4.399508334889721,3.754173252846112,550.0000000000002,-2.2737367544323206e-13,True,7,
0.9743590000000001,575,153.43957711604276,4.103290664110142,0.0023193965014971702,4.6077951085898725,3.7474034457559875,575.0000000000002,-2.2737367544323206e-13,True,7,
0.9743590000000001,600,160.41834830520983,4.103290664110142,0.0022632706058842776,4.8173678169732685,3.7402205317464547,599.9999999999999,1.1368683772161603e-13,True,7,
0.9743590000000001,625,167.4475463177559,4.103290664110142,0.0022142965301355025,5.0284548443770545,3.7325121433190316,624.9999999999999,1.1368683772161603e-13,True,7,
0.9743590000000001,650,174.53550163850267,4.103290664110142,0.002172165365026848,5.241306355510591,3.7241706924834004,650.0000000000001,-1.1368683772161603e-13,True,7,
0.9743590000000001,675,181.69128607029717,4.103290664110142,0.0021365790860234614,5.456194776885801,3.7150928621796395,675.0,0.0,True,7,
0.9743590000000001,700,188.92473417668396,4.103290664110142,0.00210724890889743,5.673415440741261,3.7051792241525883,699.9999999999999,1.1368683772161603e-13,True,7,
0.9743590000000001,725,196.2464657248692,4.103290664110142,0.0020838929009344845,5.893287259005082,3.694334047352605,725.0000000000003,-3.410605131648481e-13,True,6,
0.9743590000000001,750,203.66790696244692,4.103290664110142,0.0020662330700033705,6.116153362235644,3.6824652994459646,750.0,0.0,True,6,
0.9743590000000001,775,211.20129153059332,4.103290664110142,0.0020539908863737794,6.342381127044845,3.6694851361159317,774.9999999999998,2.2737367544323206e-13,True,5,
0.9743590000000001,800,218.85964528542058,4.103290664110142,0.002046882504048955,6.572361720282901,3.6553106853330544,799.9999999999999,1.1368683772161603e-13,True,5,
0.9743590000000001,825,226.65671962672837,4.103290664110142,0.0020446120047037395,6.80650809689875,3.639865614214564,824.9999999999999,1.1368683772161603e-13,True,5,
0.9743590000000001,850,234.60685229006276,4.103290664110142,0.0020468629882799743,7.045250819521405,3.623082581360746,849.9999999999998,2.2737367544323206e-13,True,6,
0.9743590000000001,875,242.72471730497617,4.103290664110142,0.002053288200235854,7.2890305496989845,3.6049068661622514,875.0,0.0,True,6,
0.9743590000000001,900,251.02489778541033,4.103290664110142,0.002063496250321814,7.538285218781092,3.5853017287925315,900.0000000000002,-2.2737367544323206e-13,True,7,
0.9743590000000001,925,259.5212112679644,4.103290664110142,0.0020770356071719803,7.79342976780674,3.564255867490178,925.0000000000003,-3.410605131648481e-13,True,7,
0.9743590000000001,950,268.2256719594752,4.103290664110142,0.002093375111452816,8.054824983768025,3.5417937181774697,950.0,0.0,True,7,
0.9743590000000001,975,277.1469741047654,4.103290664110142,0.002111881930784626,8.32273195509806,3.5179889773266537,975.0000000000001,-1.1368683772161603e-13,True,7,
0.9743590000000001,1000,286.2883656580943,4.103290664110142,0.0021317982661812193,8.59724821796079,3.492981622572362,999.9999999999999,1.1368683772161603e-13,True,7,
0.9743590000000001,1025,295.6448433254887,4.103290664110142,0.002152220648620262,8.87822352328795,3.4669977276469233,1025.0,0.0,True,8,
0.9743590000000001,1050,305.19974349297974,4.103290664110142,0.002172088326707698,9.165157462251644,3.4403698639548574,1050.0,0.0,True,8,
0.9743590000000001,1075,314.92110143512974,4.103290664110142,0.002190190653996147,9.45709013318708,3.4135534110007484,1074.9999999999998,2.2737367544323206e-13,True,8,
0.9743590000000001,1100,,4.103290664110142,0.003847610867407726,1.0,,,,False,1,No solution exists for discriminant 
0.9743590000000001,1125,,4.103290664110142,0.003847610867407726,1.0,,,,False,1,No solution exists for discriminant 
0.9743590000000001,1150,,4.103290664110142,0.003847610867407726,1.0,,,,False,1,No solution exists for discriminant 
0.9743590000000001,1175,,4.103290664110142,0.003847610867407726,1.0,,,,False,1,No solution exists for discriminant 
0.9743590000000001,1200,,4.103290664110142,0.003847610867407726,1.0,,,,False,1,No solution exists for discriminant 
0.9743590000000001,1225,,4.103290664110142,0.003847610867407726,1.0,,,,False,1,No solution exists for discriminant 
0.9743590000000001,1250,,4.103290664110142,0.003847610867407726,1.0,,,,False,1,No solution exists for discriminant 
0.9743590000000001,1275,,4.103290664110142,0.003847610867407726,1.0,,,,False,1,No solution exists for discriminant 
0.9743590000000001,1300,,4.103290664110142,0.003847610867407726,1.0,,,,False,1,No solution exists for discriminant 
0.9743590000000001,1325,,4.103290664110142,0.003847610867407726,1.0,,,,False,1,No solution exists for discriminant 
0.9743590000000001,1350,,4.103290664110142,0.003847610867407726,1.0,,,,False,1,No solution exists for discriminant 
0.9743590000000001,1375,,4.103290664110142,0.003847610867407726,1.0,,,,False,1,No solution exists for discriminant 
0.9743590000000001,1400,,4.103290664110142,0.003847610867407726,1.0,,,,False,1,No solution exists for discriminant 
0.9743590000000001,1425,,4.103290664110142,0.003847610867407726,1.0,,,,False,1,No solution exists for discriminant 
0.9743590000000001,1450,,4.103290664110142,0.003847610867407726,1.0,,,,False,1,No solution exists for discriminant 
0.9743590000000001,1475,,4.103290664110142,0.003847610867407726,1.0,,,,False,1,No solution exists for discriminant 
0.9743590000000001,1500,,4.103290664110142,0.003847610867407726,1.0,,,,False,1,No solution exists for discriminant 
0.9743590000000001,1525,,4.103290664110142,0.003847610867407726,1.0,,,,False,1,No solution exists for discriminant 
1.0,-100,-23.344690117528827,4.17,0.004867460649994028,0.701041745271136,4.134615384615385,-96.52131490901343,-3.4786850909865734,True,3,
1.0,-75,-17.6221137760653,4.17,0.004881145593688803,0.5291926058878469,4.134615384615385,-72.8606627279623,-2.139337272037693,True,3,
1.0,-50,-11.826828903910535,4.17,0.004876703651304063,0.35516002714446054,4.134615384615385,-48.89938873732241,-1.1006112626775888,True,3,
1.0,-25,-5.953956325812519,4.17,0.0048520192360696855,0.17879748726163722,4.134615384615385,-24.617319424032534,-0.3826805759674663,True,3,
1.0,0,0.0,4.17,0.0048048012858175285,0.0,4.17,0.0,0.0,True,1,
1.0,25,6.037623116673851,4.17,0.004852520128376296,0.18131000350371926,4.1407023122987905,25.000000000000046,-4.618527782440651e-14,True,3,
1.0,50,12.163458815447555,4.17,0.00487748952758588,0.36526903349692363,4.110672857008432,50.000000000000206,-2.0605739337042905e-13,True,3,
1.0,75,18.381026443127233,4.17,0.004880334628498202,0.5519827760698869,4.080294440142265,75.0,0.0,True,3,
1.0,100,24.691632963320096,4.17,0.004861772264505818,0.7414904793789819,4.049954903693573,100.00000000000009,-8.526512829121202e-14,True,3,
1.0,125,31.094192483381505,4.17,0.004822659578034675,0.9337595340354807,4.020043294798766,125.00000000000001,-1.4210854715202004e-14,True,3,
1.0,150,37.5851005226742,4.17,0.0047640377034833805,1.1286816973776037,3.9909431640207673,149.99999999999997,2.842170943040401e-14,True,4,
1.0,175,44.15820815987363,4.17,0.0046871665722459845,1.3260723171133224,3.9630231228227606,174.99999999999991,8.526512829121202e-14,True,4,
1.0,200,50.80493985531564,4.17,0.00459354796949534,1.5256738695289982,3.936625071687282,199.99999999999997,2.842170943040401e-14,True,4,
1.0,225,57.514588255092754,4.17,0.004484932453781319,1.7271648124652481,3.912050956568865,225.0,0.0,True,5,
1.0,250,64.27479603198584,4.17,0.00436330458087761,1.93017405501459,3.889549488038662,249.99999999999997,2.842170943040401e-14,True,5,
1.0,275,71.07221590669836,4.17,0.004230853463193739,2.13430077797893,3.869303869194292,275.00000000000006,-5.684341886080802e-14,True,5,
1.0,300,77.89329784512773,4.17,0.004089921826206762,2.3391380734272595,3.851422501027988,299.99999999999983,1.7053025658242404e-13,True,6,
1.0,325,84.72515025519566,4.17,0.003942949603049057,2.5442988064623324,3.8359330024330047,325.0000000000001,-1.1368683772161603e-13,True,6,
1.0,350,91.55638378009688,4.17,0.0037924067454660594,2.7494409543572638,3.822780952561881,349.99999999999994,5.684341886080802e-14,True,6,
1.0,375,98.37789313779234,4.17,0.0036407367582164726,2.9542910852189896,3.8118319882573473,374.99999999999983,1.7053025658242404e-13,True,7,
1.0,400,105.1835079794985,4.17,0.003490304399922839,3.1586639032882435,3.8028775392998373,400.00000000000006,-5.684341886080802e-14,True,7,
1.0,425,111.9705385097809,4.17,0.0033433678904896693,3.3624786339273545,3.7956412968655613,425.0,0.0,True,7,
1.0,450,118.74020364062197,4.17,0.003202063523690389,3.565771881099759,3.7897863251267956,450.0000000000001,-1.1368683772161603e-13,True,8,
1.0,475,125.49803996084847,4.17,0.0030684170850349985,3.7687099087341887,3.7849196700457277,475.00000000000017,-1.7053025658242404e-13,True,8,
1.0,500,132.2543439314184,4.17,0.0029443709046224793,3.9716019198624144,3.7805941577183972,499.99999999999994,5.684341886080802e-14,True,8,
1.0,525,139.02331059470436,4.17,0.0028315746627839643,4.1748741920331645,3.7763451161836894,525.0,0.0,True,8,
1.0,550,145.8146026094075,4.17,0.002730089852232316,4.378816895177403,3.7719130331087687,550.0,0.0,True,8,
1.0,575,152.6359733971089,4.17,0.002639397987808209,4.583662864778045,3.7671329189485236,575.0,0.0,True,8,
1.0,600,159.4960586198831,4.17,0.0025590071577723367,4.7896714300265195,3.761848444355243,599.9999999999998,2.2737367544323206e-13,True,8,
1.0,625,166.40439790963921,4.17,0.0024884537762913076,4.997129066355533,3.7559103476302766,624.9999999999999,1.1368683772161603e-13,True,8,
1.0,650,173.37147270571728,4.17,0.0024273021539668164,5.206350531703222,3.7491750508650132,649.9999999999999,1.1368683772161603e-13,True,8,
1.0,675,180.40876677337403,4.17,0.0023751433301999482,5.417680683885107,3.7415033208886226,674.9999999999999,1.1368683772161603e-13,True,7,
1.0,700,187.52883571576066,4.17,0.002331591980789943,5.631496568040861,3.7327592704782577,699.9999999999998,2.2737367544323206e-13,True,7,
1.0,725,194.74541613400373,4.17,0.002296284794302618,5.848210694714827,3.7228090621713514,725.0,0.0,True,7,
1.0,750,202.073520427823,4.17,0.002268875042153029,6.068273886721412,3.7115204328213123,750.0,0.0,True,6,
1.0,775,209.52955263000325,4.17,0.002249027604119695,6.292178757657756,3.698762252256272,775.0,0.0,True,6,
1.0,800,217.13140435042135,4.17,0.0022364113939130795,6.520462593105747,3.6844048533343696,799.9999999999999,1.1368683772161603e-13,True,6,
1.0,825,224.89852869686462,4.17,0.002230690363929723,6.753709570476415,3.6683210191739315,825.0000000000001,-1.1368683772161603e-13,True,6,
1.0,850,232.85192806535392,4.17,0.002231510411312048,6.992550392352971,3.6503884982280788,849.9999999999999,1.1368683772161603e-13,True,6,
1.0,875,241.01400649302505,4.17,0.0022384823669033484,7.2376578526433955,3.6304943962886345,875.0,0.0,True,7,
1.0,900,249.40817144354753,4.17,0.002251158984196586,7.489734878184612,3.6085425541228155,900.0000000000001,-1.1368683772161603e-13,True,6,
1.0,925,,4.17,0.004804785317293174,1.0,,,,False,1,No solution exists for discriminant 
1.0,950,,4.17,0.004804785317293174,1.0,,,,False,1,No solution exists for discriminant 
1.0,975,,4.17,0.004804785317293174,1.0,,,,False,1,No solution exists for discriminant 
1.0,1000,,4.17,0.004804785317293174,1.0,,,,False,1,No solution exists for discriminant 
1.0,1025,,4.17,0.004804785317293174,1.0,,,,False,1,No solution exists for discriminant 
1.0,1050,,4.17,0.004804785317293174,1.0,,,,False,1,No solution exists for discriminant 
1.0,1075,,4.17,0.004804785317293174,1.0,,,,False,1,No solution exists for discriminant 
1.0,1100,,4.17,0.004804785317293174,1.0,,,,False,1,No solution exists for discriminant 
1.0,1125,,4.17,0.004804785317293174,1.0,,,,False,1,No solution exists for discriminant 
1.0,1150,,4.17,0.004804785317293174,1.0,,,,False,1,No solution exists for discriminant 
1.0,1175,,4.17,0.004804785317293174,1.0,,,,False,1,No solution exists for discriminant 
1.0,1200,,4.17,0.004804785317293174,1.0,,,,False,1,No solution exists for discriminant 
1.0,1225,,4.17,0.004804785317293174,1.0,,,,False,1,No solution exists for discriminant 
1.0,1250,,4.17,0.004804785317293174,1.0,,,,False,1,No solution exists for discriminant 
1.0,1275,,4.17,0.004804785317293174,1.0,,,,False,1,No solution exists for discriminant 
1.0,1300,,4.17,0.004804785317293174,1.0,,,,False,1,No solution exists for discriminant 
1.0,1325,,4.17,0.004804785317293174,1.0,,,,False,1,No solution exists for discriminant 
1.0,1350,,4.17,0.004804785317293174,1.0,,,,False,1,No solution exists for discriminant 
1.0,1375,,4.17,0.004804785317293174,1.0,,,,False,1,No solution exists for discriminant 
1.0,1400,,4.17,0.004804785317293174,1.0,,,,False,1,No solution exists for discriminant 
1.0,1425,,4.17,0.004804785317293174,1.0,,,,False,1,No solution exists for discriminant 
1.0,1450,,4.17,0.004804785317293174,1.0,,,,False,1,No solution exists for discriminant 
1.0,1475,,4.17,0.004804785317293174,1.0,,,,False,1,No solution exists for discriminant 
1.0,1500,,4.17,0.004804785317293174,1.0,,,,False,1,No solution exists for discriminant 
1.0,1525,,4.17,0.004804785317293174,1.0,,,,False,1,No solution exists for discriminant 
