soc,power,ocv,line_voltage,c_rate,current,ir0
1e-06,-100,2.9399999999999995,3.5074396009528175,0.8445915405123402,-25.925925925925927,0.021886956036751552
1e-06,-75,2.9399999999999995,3.419436641450484,0.6586617880122132,-21.933437540806697,0.021858709587063256
1e-06,-50,2.9399999999999995,3.273692508726957,0.45865685231548886,-15.273273182105777,0.021848133320754907
1e-06,-25,2.9399999999999995,3.115451037132337,0.24097658470723082,-8.024520270750786,0.021864364623995398
1e-06,0,2.9399999999999995,2.9399999999999995,0.0,0.0,0.02192190592169131
1e-06,25,2.9399999999999995,2.7405917818178978,0.27393745968717775,9.12211740758302,0.021859860959072726
1e-06,50,2.9399999999999995,2.5035546044945436,0.5997478540335842,19.97160353931835,0.021853297590562534
1e-06,75,2.9399999999999995,2.1884668079440703,1.0291461785377063,34.27056774530562,0.021929405945102096
1e-06,100,2.9399999999999995,1.0,1.0,1e-06,0.021921871403644978
1e-06,125,2.9399999999999995,1.0,1.0,1e-06,0.021921871403644978
1e-06,150,2.9399999999999995,1.0,1.0,1e-06,0.021921871403644978
1e-06,175,2.9399999999999995,1.0,1.0,1e-06,0.021921871403644978
1e-06,200,2.9399999999999995,1.0,1.0,1e-06,0.021921871403644978
1e-06,225,2.9399999999999995,1.0,1.0,1e-06,0.021921871403644978
1e-06,250,2.9399999999999995,1.0,1.0,1e-06,0.021921871403644978
1e-06,275,2.9399999999999995,1.0,1.0,1e-06,0.021921871403644978
1e-06,300,2.9399999999999995,1.0,1.0,1e-06,0.021921871403644978
1e-06,325,2.9399999999999995,1.0,1.0,1e-06,0.021921871403644978
1e-06,350,2.9399999999999995,1.0,1.0,1e-06,0.021921871403644978
1e-06,375,2.9399999999999995,1.0,1.0,1e-06,0.021921871403644978
1e-06,400,2.9399999999999995,1.0,1.0,1e-06,0.021921871403644978
1e-06,425,2.9399999999999995,1.0,1.0,1e-06,0.021921871403644978
1e-06,450,2.9399999999999995,1.0,1.0,1e-06,0.021921871403644978
1e-06,475,2.9399999999999995,1.0,1.0,1e-06,0.021921871403644978
1e-06,500,2.9399999999999995,1.0,1.0,1e-06,0.021921871403644978
1e-06,525,2.9399999999999995,1.0,1.0,1e-06,0.021921871403644978
1e-06,550,2.9399999999999995,1.0,1.0,1e-06,0.021921871403644978
1e-06,575,2.9399999999999995,1.0,1.0,1e-06,0.021921871403644978
1e-06,600,2.9399999999999995,1.0,1.0,1e-06,0.021921871403644978
1e-06,625,2.9399999999999995,1.0,1.0,1e-06,0.021921871403644978
1e-06,650,2.9399999999999995,1.0,1.0,1e-06,0.021921871403644978
1e-06,675,2.9399999999999995,1.0,1.0,1e-06,0.021921871403644978
1e-06,700,2.9399999999999995,1.0,1.0,1e-06,0.021921871403644978
1e-06,725,2.9399999999999995,1.0,1.0,1e-06,0.021921871403644978
1e-06,750,2.9399999999999995,1.0,1.0,1e-06,0.021921871403644978
1e-06,775,2.9399999999999995,1.0,1.0,1e-06,0.021921871403644978
1e-06,800,2.9399999999999995,1.0,1.0,1e-06,0.021921871403644978
1e-06,825,2.9399999999999995,1.0,1.0,1e-06,0.021921871403644978
1e-06,850,2.9399999999999995,1.0,1.0,1e-06,0.021921871403644978
1e-06,875,2.9399999999999995,1.0,1.0,1e-06,0.021921871403644978
1e-06,900,2.9399999999999995,1.0,1.0,1e-06,0.021921871403644978
1e-06,925,2.9399999999999995,1.0,1.0,1e-06,0.021921871403644978
1e-06,950,2.9399999999999995,1.0,1.0,1e-06,0.021921871403644978
1e-06,975,2.9399999999999995,1.0,1.0,1e-06,0.021921871403644978
1e-06,1000,2.9399999999999995,1.0,1.0,1e-06,0.021921871403644978
1e-06,1025,2.9399999999999995,1.0,1.0,1e-06,0.021921871403644978
1e-06,1050,2.9399999999999995,1.0,1.0,1e-06,0.021921871403644978
1e-06,1075,2.9399999999999995,1.0,1.0,1e-06,0.021921871403644978
1e-06,1100,2.9399999999999995,1.0,1.0,1e-06,0.021921871403644978
1e-06,1125,2.9399999999999995,1.0,1.0,1e-06,0.021921871403644978
1e-06,1150,2.9399999999999995,1.0,1.0,1e-06,0.021921871403644978
1e-06,1175,2.9399999999999995,1.0,1.0,1e-06,0.021921871403644978
1e-06,1200,2.9399999999999995,1.0,1.0,1e-06,0.021921871403644978
1e-06,1225,2.9399999999999995,1.0,1.0,1e-06,0.021921871403644978
1e-06,1250,2.9399999999999995,1.0,1.0,1e-06,0.021921871403644978
1e-06,1275,2.9399999999999995,1.0,1.0,1e-06,0.021921871403644978
1e-06,1300,2.9399999999999995,1.0,1.0,1e-06,0.021921871403644978
1e-06,1325,2.9399999999999995,1.0,1.0,1e-06,0.021921871403644978
1e-06,1350,2.9399999999999995,1.0,1.0,1e-06,0.021921871403644978
1e-06,1375,2.9399999999999995,1.0,1.0,1e-06,0.021921871403644978
1e-06,1400,2.9399999999999995,1.0,1.0,1e-06,0.021921871403644978
1e-06,1425,2.9399999999999995,1.0,1.0,1e-06,0.021921871403644978
1e-06,1450,2.9399999999999995,1.0,1.0,1e-06,0.021921871403644978
1e-06,1475,2.9399999999999995,1.0,1.0,1e-06,0.021921871403644978
1e-06,1500,2.9399999999999995,1.0,1.0,1e-06,0.021921871403644978
1e-06,1525,2.9399999999999995,1.0,1.0,1e-06,0.021921871403644978
0.025642,-100,2.974849216027243,3.4671874488500216,0.8543160953938294,-25.925925925925927,0.018990188980307177
0.025642,-75,2.974849216027243,3.394082970629346,0.6635819665406205,-22.097279485802662,0.018972188629439987
0.025642,-50,2.974849216027243,3.2652575431876145,0.4598416760828317,-15.312727813558295,0.018965159617297986
0.025642,-25,2.974849216027243,3.1265717787701375,0.24011946754219898,-7.995978269155225,0.018974859314984566
0.025642,0,2.974849216027243,2.974849216027243,0.0,0.0,0.019010014539076033
0.025642,25,2.974849216027243,2.8058017055440523,0.26757085123561053,8.91010934614583,0.01897255172926853
0.025642,50,2.974849216027243,2.6117291965386418,0.5749070399379311,19.144404429933104,0.018967423134921224
0.025642,75,2.974849216027243,2.3746960802501125,0.9484381058206978,31.582988923829234,0.019002417321063548
0.025642,100,2.974849216027243,2.0376624061167368,1.4737490341817507,49.07584283825229,0.019096703300631113
0.025642,125,2.974849216027243,1.0,1.0,1e-06,0.019009913907022235
0.025642,150,2.974849216027243,1.0,1.0,1e-06,0.019009913907022235
0.025642,175,2.974849216027243,1.0,1.0,1e-06,0.019009913907022235
0.025642,200,2.974849216027243,1.0,1.0,1e-06,0.019009913907022235
0.025642,225,2.974849216027243,1.0,1.0,1e-06,0.019009913907022235
0.025642,250,2.974849216027243,1.0,1.0,1e-06,0.019009913907022235
0.025642,275,2.974849216027243,1.0,1.0,1e-06,0.019009913907022235
0.025642,300,2.974849216027243,1.0,1.0,1e-06,0.019009913907022235
0.025642,325,2.974849216027243,1.0,1.0,1e-06,0.019009913907022235
0.025642,350,2.974849216027243,1.0,1.0,1e-06,0.019009913907022235
0.025642,375,2.974849216027243,1.0,1.0,1e-06,0.019009913907022235
0.025642,400,2.974849216027243,1.0,1.0,1e-06,0.019009913907022235
0.025642,425,2.974849216027243,1.0,1.0,1e-06,0.019009913907022235
0.025642,450,2.974849216027243,1.0,1.0,1e-06,0.019009913907022235
0.025642,475,2.974849216027243,1.0,1.0,1e-06,0.019009913907022235
0.025642,500,2.974849216027243,1.0,1.0,1e-06,0.019009913907022235
0.025642,525,2.974849216027243,1.0,1.0,1e-06,0.019009913907022235
0.025642,550,2.974849216027243,1.0,1.0,1e-06,0.019009913907022235
0.025642,575,2.974849216027243,1.0,1.0,1e-06,0.019009913907022235
0.025642,600,2.974849216027243,1.0,1.0,1e-06,0.019009913907022235
0.025642,625,2.974849216027243,1.0,1.0,1e-06,0.019009913907022235
0.025642,650,2.974849216027243,1.0,1.0,1e-06,0.019009913907022235
0.025642,675,2.974849216027243,1.0,1.0,1e-06,0.019009913907022235
0.025642,700,2.974849216027243,1.0,1.0,1e-06,0.019009913907022235
0.025642,725,2.974849216027243,1.0,1.0,1e-06,0.019009913907022235
0.025642,750,2.974849216027243,1.0,1.0,1e-06,0.019009913907022235
0.025642,775,2.974849216027243,1.0,1.0,1e-06,0.019009913907022235
0.025642,800,2.974849216027243,1.0,1.0,1e-06,0.019009913907022235
0.025642,825,2.974849216027243,1.0,1.0,1e-06,0.019009913907022235
0.025642,850,2.974849216027243,1.0,1.0,1e-06,0.019009913907022235
0.025642,875,2.974849216027243,1.0,1.0,1e-06,0.019009913907022235
0.025642,900,2.974849216027243,1.0,1.0,1e-06,0.019009913907022235
0.025642,925,2.974849216027243,1.0,1.0,1e-06,0.019009913907022235
0.025642,950,2.974849216027243,1.0,1.0,1e-06,0.019009913907022235
0.025642,975,2.974849216027243,1.0,1.0,1e-06,0.019009913907022235
0.025642,1000,2.974849216027243,1.0,1.0,1e-06,0.019009913907022235
0.025642,1025,2.974849216027243,1.0,1.0,1e-06,0.019009913907022235
0.025642,1050,2.974849216027243,1.0,1.0,1e-06,0.019009913907022235
0.025642,1075,2.974849216027243,1.0,1.0,1e-06,0.019009913907022235
0.025642,1100,2.974849216027243,1.0,1.0,1e-06,0.019009913907022235
0.025642,1125,2.974849216027243,1.0,1.0,1e-06,0.019009913907022235
0.025642,1150,2.974849216027243,1.0,1.0,1e-06,0.019009913907022235
0.025642,1175,2.974849216027243,1.0,1.0,1e-06,0.019009913907022235
0.025642,1200,2.974849216027243,1.0,1.0,1e-06,0.019009913907022235
0.025642,1225,2.974849216027243,1.0,1.0,1e-06,0.019009913907022235
0.025642,1250,2.974849216027243,1.0,1.0,1e-06,0.019009913907022235
0.025642,1275,2.974849216027243,1.0,1.0,1e-06,0.019009913907022235
0.025642,1300,2.974849216027243,1.0,1.0,1e-06,0.019009913907022235
0.025642,1325,2.974849216027243,1.0,1.0,1e-06,0.019009913907022235
0.025642,1350,2.974849216027243,1.0,1.0,1e-06,0.019009913907022235
0.025642,1375,2.974849216027243,1.0,1.0,1e-06,0.019009913907022235
0.025642,1400,2.974849216027243,1.0,1.0,1e-06,0.019009913907022235
0.025642,1425,2.974849216027243,1.0,1.0,1e-06,0.019009913907022235
0.025642,1450,2.974849216027243,1.0,1.0,1e-06,0.019009913907022235
0.025642,1475,2.974849216027243,1.0,1.0,1e-06,0.019009913907022235
0.025642,1500,2.974849216027243,1.0,1.0,1e-06,0.019009913907022235
0.025642,1525,2.974849216027243,1.0,1.0,1e-06,0.019009913907022235
0.051283,-100,3.011868623601111,3.411889940920648,0.8684079585776449,-25.925925925925927,0.015429393668039288
0.051283,-75,3.011868623601111,3.3565631898672024,0.6709995089773237,-22.344283648944877,0.015426521238346706
0.051283,-50,3.011868623601111,3.2492300783601866,0.4621099353663731,-15.388260847700224,0.01542483956493039
0.051283,-25,3.011868623601111,3.134886009980504,0.2394826313813623,-7.974771624999364,0.015425819341804998
0.051283,0,3.011868623601111,3.011868623601111,0.0,0.0,0.015431584630436557
0.051283,25,3.011868623601111,2.8778669005718935,0.2608705602755851,8.686989657176982,0.01542556493301548
0.051283,50,3.011868623601111,2.7292791970253765,0.5501458052140573,18.319855313628107,0.015425308865049657
0.051283,75,3.011868623601111,2.5597937874596273,0.8798569100706418,29.29923510535237,0.015429578093623976
0.051283,100,3.011868623601111,2.3570061006026846,1.2740751932017222,42.42670393361735,0.015435149617633563
0.051283,125,3.011868623601111,2.088131052784356,1.7976619564889968,59.86214315108359,0.015431080849968429
0.051283,150,3.011868623601111,1.0,1.0,1e-06,0.015431525011386244
0.051283,175,3.011868623601111,1.0,1.0,1e-06,0.015431525011386244
0.051283,200,3.011868623601111,1.0,1.0,1e-06,0.015431525011386244
0.051283,225,3.011868623601111,1.0,1.0,1e-06,0.015431525011386244
0.051283,250,3.011868623601111,1.0,1.0,1e-06,0.015431525011386244
0.051283,275,3.011868623601111,1.0,1.0,1e-06,0.015431525011386244
0.051283,300,3.011868623601111,1.0,1.0,1e-06,0.015431525011386244
0.051283,325,3.011868623601111,1.0,1.0,1e-06,0.015431525011386244
0.051283,350,3.011868623601111,1.0,1.0,1e-06,0.015431525011386244
0.051283,375,3.011868623601111,1.0,1.0,1e-06,0.015431525011386244
0.051283,400,3.011868623601111,1.0,1.0,1e-06,0.015431525011386244
0.051283,425,3.011868623601111,1.0,1.0,1e-06,0.015431525011386244
0.051283,450,3.011868623601111,1.0,1.0,1e-06,0.015431525011386244
0.051283,475,3.011868623601111,1.0,1.0,1e-06,0.015431525011386244
0.051283,500,3.011868623601111,1.0,1.0,1e-06,0.015431525011386244
0.051283,525,3.011868623601111,1.0,1.0,1e-06,0.015431525011386244
0.051283,550,3.011868623601111,1.0,1.0,1e-06,0.015431525011386244
0.051283,575,3.011868623601111,1.0,1.0,1e-06,0.015431525011386244
0.051283,600,3.011868623601111,1.0,1.0,1e-06,0.015431525011386244
0.051283,625,3.011868623601111,1.0,1.0,1e-06,0.015431525011386244
0.051283,650,3.011868623601111,1.0,1.0,1e-06,0.015431525011386244
0.051283,675,3.011868623601111,1.0,1.0,1e-06,0.015431525011386244
0.051283,700,3.011868623601111,1.0,1.0,1e-06,0.015431525011386244
0.051283,725,3.011868623601111,1.0,1.0,1e-06,0.015431525011386244
0.051283,750,3.011868623601111,1.0,1.0,1e-06,0.015431525011386244
0.051283,775,3.011868623601111,1.0,1.0,1e-06,0.015431525011386244
0.051283,800,3.011868623601111,1.0,1.0,1e-06,0.015431525011386244
0.051283,825,3.011868623601111,1.0,1.0,1e-06,0.015431525011386244
0.051283,850,3.011868623601111,1.0,1.0,1e-06,0.015431525011386244
0.051283,875,3.011868623601111,1.0,1.0,1e-06,0.015431525011386244
0.051283,900,3.011868623601111,1.0,1.0,1e-06,0.015431525011386244
0.051283,925,3.011868623601111,1.0,1.0,1e-06,0.015431525011386244
0.051283,950,3.011868623601111,1.0,1.0,1e-06,0.015431525011386244
0.051283,975,3.011868623601111,1.0,1.0,1e-06,0.015431525011386244
0.051283,1000,3.011868623601111,1.0,1.0,1e-06,0.015431525011386244
0.051283,1025,3.011868623601111,1.0,1.0,1e-06,0.015431525011386244
0.051283,1050,3.011868623601111,1.0,1.0,1e-06,0.015431525011386244
0.051283,1075,3.011868623601111,1.0,1.0,1e-06,0.015431525011386244
0.051283,1100,3.011868623601111,1.0,1.0,1e-06,0.015431525011386244
0.051283,1125,3.011868623601111,1.0,1.0,1e-06,0.015431525011386244
0.051283,1150,3.011868623601111,1.0,1.0,1e-06,0.015431525011386244
0.051283,1175,3.011868623601111,1.0,1.0,1e-06,0.015431525011386244
0.051283,1200,3.011868623601111,1.0,1.0,1e-06,0.015431525011386244
0.051283,1225,3.011868623601111,1.0,1.0,1e-06,0.015431525011386244
0.051283,1250,3.011868623601111,1.0,1.0,1e-06,0.015431525011386244
0.051283,1275,3.011868623601111,1.0,1.0,1e-06,0.015431525011386244
0.051283,1300,3.011868623601111,1.0,1.0,1e-06,0.015431525011386244
0.051283,1325,3.011868623601111,1.0,1.0,1e-06,0.015431525011386244
0.051283,1350,3.011868623601111,1.0,1.0,1e-06,0.015431525011386244
0.051283,1375,3.011868623601111,1.0,1.0,1e-06,0.015431525011386244
0.051283,1400,3.011868623601111,1.0,1.0,1e-06,0.015431525011386244
0.051283,1425,3.011868623601111,1.0,1.0,1e-06,0.015431525011386244
0.051283,1450,3.011868623601111,1.0,1.0,1e-06,0.015431525011386244
0.051283,1475,3.011868623601111,1.0,1.0,1e-06,0.015431525011386244
0.051283,1500,3.011868623601111,1.0,1.0,1e-06,0.015431525011386244
0.051283,1525,3.011868623601111,1.0,1.0,1e-06,0.015431525011386244
0.076924,-100,3.0487733651567153,3.3573043498168746,0.8835218379662897,-25.925925925925927,0.011900480836891863
0.076924,-75,3.0487733651567153,3.318086754444768,0.6787803993476755,-22.603387298277593,0.011914735863884219
0.076924,-50,3.0487733651567153,3.2331038985376015,0.4644148621950139,-15.465014911093961,0.011919195321865155
0.076924,-25,3.0487733651567153,3.143503959326438,0.2388260872149865,-7.952908704259049,0.011911439913674743
0.076924,0,3.0487733651567153,3.0487733651567153,0.0,0.0,0.011888274334012726
0.076924,25,3.0487733651567153,2.947743352353906,0.2546866063326861,8.481063990878447,0.011912421945108395
0.076924,50,3.0487733651567153,2.838846040541867,0.5289126215576317,17.612790297869136,0.011919027085688197
0.076924,75,3.0487733651567153,2.7205717333842943,0.827859903348526,27.567734781505912,0.01190528109667531
0.076924,100,3.0487733651567153,2.5907076864609477,1.159143896741695,38.599491761498435,0.011867142747010754
0.076924,125,3.0487733651567153,2.445769665853108,1.5347944682454013,51.10865579257186,0.011798465249231768
0.076924,150,3.0487733651567153,2.2796350119540207,1.9759761895582602,65.80000711229006,0.01168903145998347
0.076924,175,3.0487733651567153,2.079312377652285,2.527400554018186,84.16243844880559,0.011518927034108395
0.076924,200,3.0487733651567153,1.0,1.0,1e-06,0.011888290421594267
0.076924,225,3.0487733651567153,1.0,1.0,1e-06,0.011888290421594267
0.076924,250,3.0487733651567153,1.0,1.0,1e-06,0.011888290421594267
0.076924,275,3.0487733651567153,1.0,1.0,1e-06,0.011888290421594267
0.076924,300,3.0487733651567153,1.0,1.0,1e-06,0.011888290421594267
0.076924,325,3.0487733651567153,1.0,1.0,1e-06,0.011888290421594267
0.076924,350,3.0487733651567153,1.0,1.0,1e-06,0.011888290421594267
0.076924,375,3.0487733651567153,1.0,1.0,1e-06,0.011888290421594267
0.076924,400,3.0487733651567153,1.0,1.0,1e-06,0.011888290421594267
0.076924,425,3.0487733651567153,1.0,1.0,1e-06,0.011888290421594267
0.076924,450,3.0487733651567153,1.0,1.0,1e-06,0.011888290421594267
0.076924,475,3.0487733651567153,1.0,1.0,1e-06,0.011888290421594267
0.076924,500,3.0487733651567153,1.0,1.0,1e-06,0.011888290421594267
0.076924,525,3.0487733651567153,1.0,1.0,1e-06,0.011888290421594267
0.076924,550,3.0487733651567153,1.0,1.0,1e-06,0.011888290421594267
0.076924,575,3.0487733651567153,1.0,1.0,1e-06,0.011888290421594267
0.076924,600,3.0487733651567153,1.0,1.0,1e-06,0.011888290421594267
0.076924,625,3.0487733651567153,1.0,1.0,1e-06,0.011888290421594267
0.076924,650,3.0487733651567153,1.0,1.0,1e-06,0.011888290421594267
0.076924,675,3.0487733651567153,1.0,1.0,1e-06,0.011888290421594267
0.076924,700,3.0487733651567153,1.0,1.0,1e-06,0.011888290421594267
0.076924,725,3.0487733651567153,1.0,1.0,1e-06,0.011888290421594267
0.076924,750,3.0487733651567153,1.0,1.0,1e-06,0.011888290421594267
0.076924,775,3.0487733651567153,1.0,1.0,1e-06,0.011888290421594267
0.076924,800,3.0487733651567153,1.0,1.0,1e-06,0.011888290421594267
0.076924,825,3.0487733651567153,1.0,1.0,1e-06,0.011888290421594267
0.076924,850,3.0487733651567153,1.0,1.0,1e-06,0.011888290421594267
0.076924,875,3.0487733651567153,1.0,1.0,1e-06,0.011888290421594267
0.076924,900,3.0487733651567153,1.0,1.0,1e-06,0.011888290421594267
0.076924,925,3.0487733651567153,1.0,1.0,1e-06,0.011888290421594267
0.076924,950,3.0487733651567153,1.0,1.0,1e-06,0.011888290421594267
0.076924,975,3.0487733651567153,1.0,1.0,1e-06,0.011888290421594267
0.076924,1000,3.0487733651567153,1.0,1.0,1e-06,0.011888290421594267
0.076924,1025,3.0487733651567153,1.0,1.0,1e-06,0.011888290421594267
0.076924,1050,3.0487733651567153,1.0,1.0,1e-06,0.011888290421594267
0.076924,1075,3.0487733651567153,1.0,1.0,1e-06,0.011888290421594267
0.076924,1100,3.0487733651567153,1.0,1.0,1e-06,0.011888290421594267
0.076924,1125,3.0487733651567153,1.0,1.0,1e-06,0.011888290421594267
0.076924,1150,3.0487733651567153,1.0,1.0,1e-06,0.011888290421594267
0.076924,1175,3.0487733651567153,1.0,1.0,1e-06,0.011888290421594267
0.076924,1200,3.0487733651567153,1.0,1.0,1e-06,0.011888290421594267
0.076924,1225,3.0487733651567153,1.0,1.0,1e-06,0.011888290421594267
0.076924,1250,3.0487733651567153,1.0,1.0,1e-06,0.011888290421594267
0.076924,1275,3.0487733651567153,1.0,1.0,1e-06,0.011888290421594267
0.076924,1300,3.0487733651567153,1.0,1.0,1e-06,0.011888290421594267
0.076924,1325,3.0487733651567153,1.0,1.0,1e-06,0.011888290421594267
0.076924,1350,3.0487733651567153,1.0,1.0,1e-06,0.011888290421594267
0.076924,1375,3.0487733651567153,1.0,1.0,1e-06,0.011888290421594267
0.076924,1400,3.0487733651567153,1.0,1.0,1e-06,0.011888290421594267
0.076924,1425,3.0487733651567153,1.0,1.0,1e-06,0.011888290421594267
0.076924,1450,3.0487733651567153,1.0,1.0,1e-06,0.011888290421594267
0.076924,1475,3.0487733651567153,1.0,1.0,1e-06,0.011888290421594267
0.076924,1500,3.0487733651567153,1.0,1.0,1e-06,0.011888290421594267
0.076924,1525,3.0487733651567153,1.0,1.0,1e-06,0.011888290421594267
0.102565,-100,3.0832795205103336,3.319260239964969,0.8951866720577503,-25.925925925925927,0.009102113464678804
0.102565,-75,3.0832795205103336,3.291338329322594,0.6842967896028476,-22.78708309377482,0.009130559095959936
0.102565,-50,3.0832795205103336,3.224985861501496,0.4655839020647459,-15.503943938756038,0.009140018923632174
0.102565,-25,3.0832795205103336,3.1555776078160735,0.23791230768376903,-7.922479845869508,0.009125689015596995
0.102565,0,3.0832795205103336,3.0832795205103336,0.0,0.0,0.009081525890470413
0.102565,25,3.0832795205103336,3.0074079536572587,0.24963382498133468,8.312806371878445,0.009127070144415076
0.102565,50,3.0832795205103336,2.927158537387811,0.5129553054005191,17.081411669837287,0.009139817372249417
0.102565,75,3.0832795205103336,2.8427109128108703,0.7922902895620956,26.38326664241778,0.009118226751826415
0.102565,100,3.0832795205103336,2.7543135550337006,1.0902908993476088,36.30668694827537,0.009060754178570388
0.102565,125,3.0832795205103336,2.6622991568455046,1.409966924303687,46.951898579312775,0.008966205337867107
0.102565,150,3.0832795205103336,2.5670684545007707,1.7547270687725065,58.432411390124464,0.008834327622782424
0.102565,175,3.0832795205103336,2.4689893571117016,2.1285046207744744,70.87920387179,0.008666719289197886
0.102565,200,3.0832795205103336,2.368097169072482,2.53621603219871,84.45599387221704,0.008468106509052888
0.102565,225,3.0832795205103336,2.2633418611704545,2.9853010155799438,99.41052381881212,0.008247996568595857
0.102565,250,3.0832795205103336,2.150628650028205,3.4908432506044456,116.24508024512802,0.008023142730130441
0.102565,275,3.0832795205103336,1.0,1.0,1e-06,0.009081579972200686
0.102565,300,3.0832795205103336,1.0,1.0,1e-06,0.009081579972200686
0.102565,325,3.0832795205103336,1.0,1.0,1e-06,0.009081579972200686
0.102565,350,3.0832795205103336,1.0,1.0,1e-06,0.009081579972200686
0.102565,375,3.0832795205103336,1.0,1.0,1e-06,0.009081579972200686
0.102565,400,3.0832795205103336,1.0,1.0,1e-06,0.009081579972200686
0.102565,425,3.0832795205103336,1.0,1.0,1e-06,0.009081579972200686
0.102565,450,3.0832795205103336,1.0,1.0,1e-06,0.009081579972200686
0.102565,475,3.0832795205103336,1.0,1.0,1e-06,0.009081579972200686
0.102565,500,3.0832795205103336,1.0,1.0,1e-06,0.009081579972200686
0.102565,525,3.0832795205103336,1.0,1.0,1e-06,0.009081579972200686
0.102565,550,3.0832795205103336,1.0,1.0,1e-06,0.009081579972200686
0.102565,575,3.0832795205103336,1.0,1.0,1e-06,0.009081579972200686
0.102565,600,3.0832795205103336,1.0,1.0,1e-06,0.009081579972200686
0.102565,625,3.0832795205103336,1.0,1.0,1e-06,0.009081579972200686
0.102565,650,3.0832795205103336,1.0,1.0,1e-06,0.009081579972200686
0.102565,675,3.0832795205103336,1.0,1.0,1e-06,0.009081579972200686
0.102565,700,3.0832795205103336,1.0,1.0,1e-06,0.009081579972200686
0.102565,725,3.0832795205103336,1.0,1.0,1e-06,0.009081579972200686
0.102565,750,3.0832795205103336,1.0,1.0,1e-06,0.009081579972200686
0.102565,775,3.0832795205103336,1.0,1.0,1e-06,0.009081579972200686
0.102565,800,3.0832795205103336,1.0,1.0,1e-06,0.009081579972200686
0.102565,825,3.0832795205103336,1.0,1.0,1e-06,0.009081579972200686
0.102565,850,3.0832795205103336,1.0,1.0,1e-06,0.009081579972200686
0.102565,875,3.0832795205103336,1.0,1.0,1e-06,0.009081579972200686
0.102565,900,3.0832795205103336,1.0,1.0,1e-06,0.009081579972200686
0.102565,925,3.0832795205103336,1.0,1.0,1e-06,0.009081579972200686
0.102565,950,3.0832795205103336,1.0,1.0,1e-06,0.009081579972200686
0.102565,975,3.0832795205103336,1.0,1.0,1e-06,0.009081579972200686
0.102565,1000,3.0832795205103336,1.0,1.0,1e-06,0.009081579972200686
0.102565,1025,3.0832795205103336,1.0,1.0,1e-06,0.009081579972200686
0.102565,1050,3.0832795205103336,1.0,1.0,1e-06,0.009081579972200686
0.102565,1075,3.0832795205103336,1.0,1.0,1e-06,0.009081579972200686
0.102565,1100,3.0832795205103336,1.0,1.0,1e-06,0.009081579972200686
0.102565,1125,3.0832795205103336,1.0,1.0,1e-06,0.009081579972200686
0.102565,1150,3.0832795205103336,1.0,1.0,1e-06,0.009081579972200686
0.102565,1175,3.0832795205103336,1.0,1.0,1e-06,0.009081579972200686
0.102565,1200,3.0832795205103336,1.0,1.0,1e-06,0.009081579972200686
0.102565,1225,3.0832795205103336,1.0,1.0,1e-06,0.009081579972200686
0.102565,1250,3.0832795205103336,1.0,1.0,1e-06,0.009081579972200686
0.102565,1275,3.0832795205103336,1.0,1.0,1e-06,0.009081579972200686
0.102565,1300,3.0832795205103336,1.0,1.0,1e-06,0.009081579972200686
0.102565,1325,3.0832795205103336,1.0,1.0,1e-06,0.009081579972200686
0.102565,1350,3.0832795205103336,1.0,1.0,1e-06,0.009081579972200686
0.102565,1375,3.0832795205103336,1.0,1.0,1e-06,0.009081579972200686
0.102565,1400,3.0832795205103336,1.0,1.0,1e-06,0.009081579972200686
0.102565,1425,3.0832795205103336,1.0,1.0,1e-06,0.009081579972200686
0.102565,1450,3.0832795205103336,1.0,1.0,1e-06,0.009081579972200686
0.102565,1475,3.0832795205103336,1.0,1.0,1e-06,0.009081579972200686
0.102565,1500,3.0832795205103336,1.0,1.0,1e-06,0.009081579972200686
0.102565,1525,3.0832795205103336,1.0,1.0,1e-06,0.009081579972200686
0.12820600000000001,-100,3.1143458807335795,3.3075029415843886,0.8997566844716258,-25.925925925925927,0.007450343775674071
0.12820600000000001,-75,3.1143458807335795,3.2852341514658256,0.6855682573637346,-22.82942297021236,0.007485439774593492
0.12820600000000001,-50,3.1143458807335795,3.2303840320747508,0.46480588270402795,-15.47803589404413,0.007496955824079844
0.12820600000000001,-25,3.1143458807335795,3.1732717462806184,0.23658571051492905,-7.878304160147136,0.007479511370621963
0.12820600000000001,0,3.1143458807335795,3.1143458807335795,0.0,0.0,0.007426560357450162
0.12820600000000001,25,3.1143458807335795,3.0530895107444485,0.2458987029724166,8.188426808981472,0.007480847227203895
0.12820600000000001,50,3.1143458807335795,2.9889352364729813,0.5023533073514534,16.728365134803397,0.007496885873185619
0.12820600000000001,75,3.1143458807335795,2.9225391427158605,0.7706491315491081,25.6626160805853,0.007474169329245737
0.12820600000000001,100,3.1143458807335795,2.8546831208375636,1.0519566886716039,35.03015773276441,0.007412548977852543
0.12820600000000001,125,3.1143458807335795,2.786279775061594,1.3472278653965297,44.862687917704434,0.007312671640936585
0.12820600000000001,150,3.1143458807335795,2.7183398052948027,1.657079256879731,55.18073925409504,0.0071765271866920215
0.12820600000000001,175,3.1143458807335795,2.651879802677355,1.9817094462386706,65.99092455974773,0.007008025438975496
0.12820600000000001,200,3.1143458807335795,2.587752308824,2.320935425514286,77.28714966962572,0.006813468657604455
0.12820600000000001,225,3.1143458807335795,2.5263961129482855,2.6744645157293534,89.05966837378746,0.006601751146407171
0.12820600000000001,250,3.1143458807335795,2.467522403323242,3.0425286098300255,101.31620270733984,0.006384205686021809
0.12820600000000001,275,3.1143458807335795,2.4097198313593164,3.427061582341628,114.1211506919762,0.006174368599525566
0.12820600000000001,300,3.1143458807335795,2.3498003441274324,3.8339465867915625,127.67042134015902,0.005988431216727388
0.12820600000000001,325,3.1143458807335795,2.281321497358727,4.278116771818192,142.4612885015458,0.005847373641898613
0.12820600000000001,350,3.1143458807335795,1.0,1.0,1e-06,0.007426578468718535
0.12820600000000001,375,3.1143458807335795,1.0,1.0,1e-06,0.007426578468718535
0.12820600000000001,400,3.1143458807335795,1.0,1.0,1e-06,0.007426578468718535
0.12820600000000001,425,3.1143458807335795,1.0,1.0,1e-06,0.007426578468718535
0.12820600000000001,450,3.1143458807335795,1.0,1.0,1e-06,0.007426578468718535
0.12820600000000001,475,3.1143458807335795,1.0,1.0,1e-06,0.007426578468718535
0.12820600000000001,500,3.1143458807335795,1.0,1.0,1e-06,0.007426578468718535
0.12820600000000001,525,3.1143458807335795,1.0,1.0,1e-06,0.007426578468718535
0.12820600000000001,550,3.1143458807335795,1.0,1.0,1e-06,0.007426578468718535
0.12820600000000001,575,3.1143458807335795,1.0,1.0,1e-06,0.007426578468718535
0.12820600000000001,600,3.1143458807335795,1.0,1.0,1e-06,0.007426578468718535
0.12820600000000001,625,3.1143458807335795,1.0,1.0,1e-06,0.007426578468718535
0.12820600000000001,650,3.1143458807335795,1.0,1.0,1e-06,0.007426578468718535
0.12820600000000001,675,3.1143458807335795,1.0,1.0,1e-06,0.007426578468718535
0.12820600000000001,700,3.1143458807335795,1.0,1.0,1e-06,0.007426578468718535
0.12820600000000001,725,3.1143458807335795,1.0,1.0,1e-06,0.007426578468718535
0.12820600000000001,750,3.1143458807335795,1.0,1.0,1e-06,0.007426578468718535
0.12820600000000001,775,3.1143458807335795,1.0,1.0,1e-06,0.007426578468718535
0.12820600000000001,800,3.1143458807335795,1.0,1.0,1e-06,0.007426578468718535
0.12820600000000001,825,3.1143458807335795,1.0,1.0,1e-06,0.007426578468718535
0.12820600000000001,850,3.1143458807335795,1.0,1.0,1e-06,0.007426578468718535
0.12820600000000001,875,3.1143458807335795,1.0,1.0,1e-06,0.007426578468718535
0.12820600000000001,900,3.1143458807335795,1.0,1.0,1e-06,0.007426578468718535
0.12820600000000001,925,3.1143458807335795,1.0,1.0,1e-06,0.007426578468718535
0.12820600000000001,950,3.1143458807335795,1.0,1.0,1e-06,0.007426578468718535
0.12820600000000001,975,3.1143458807335795,1.0,1.0,1e-06,0.007426578468718535
0.12820600000000001,1000,3.1143458807335795,1.0,1.0,1e-06,0.007426578468718535
0.12820600000000001,1025,3.1143458807335795,1.0,1.0,1e-06,0.007426578468718535
0.12820600000000001,1050,3.1143458807335795,1.0,1.0,1e-06,0.007426578468718535
0.12820600000000001,1075,3.1143458807335795,1.0,1.0,1e-06,0.007426578468718535
0.12820600000000001,1100,3.1143458807335795,1.0,1.0,1e-06,0.007426578468718535
0.12820600000000001,1125,3.1143458807335795,1.0,1.0,1e-06,0.007426578468718535
0.12820600000000001,1150,3.1143458807335795,1.0,1.0,1e-06,0.007426578468718535
0.12820600000000001,1175,3.1143458807335795,1.0,1.0,1e-06,0.007426578468718535
0.12820600000000001,1200,3.1143458807335795,1.0,1.0,1e-06,0.007426578468718535
0.12820600000000001,1225,3.1143458807335795,1.0,1.0,1e-06,0.007426578468718535
0.12820600000000001,1250,3.1143458807335795,1.0,1.0,1e-06,0.007426578468718535
0.12820600000000001,1275,3.1143458807335795,1.0,1.0,1e-06,0.007426578468718535
0.12820600000000001,1300,3.1143458807335795,1.0,1.0,1e-06,0.007426578468718535
0.12820600000000001,1325,3.1143458807335795,1.0,1.0,1e-06,0.007426578468718535
0.12820600000000001,1350,3.1143458807335795,1.0,1.0,1e-06,0.007426578468718535
0.12820600000000001,1375,3.1143458807335795,1.0,1.0,1e-06,0.007426578468718535
0.12820600000000001,1400,3.1143458807335795,1.0,1.0,1e-06,0.007426578468718535
0.12820600000000001,1425,3.1143458807335795,1.0,1.0,1e-06,0.007426578468718535
0.12820600000000001,1450,3.1143458807335795,1.0,1.0,1e-06,0.007426578468718535
0.12820600000000001,1475,3.1143458807335795,1.0,1.0,1e-06,0.007426578468718535
0.12820600000000001,1500,3.1143458807335795,1.0,1.0,1e-06,0.007426578468718535
0.12820600000000001,1525,3.1143458807335795,1.0,1.0,1e-06,0.007426578468718535
0.153847,-100,3.1446198641045426,3.3134873567768226,0.8991958829804165,-25.925925925925927,0.006513460431645078
0.153847,-75,3.1446198641045426,3.2937667790678127,0.6837922668251805,-22.770282485278507,0.006550068716086277
0.153847,-50,3.1446198641045426,3.2457028102455543,0.46261213342200785,-15.40498404295286,0.006561704047155628
0.153847,-25,3.1446198641045426,3.195805945928319,0.23491750233059716,-7.822752827608885,0.006543231385647851
0.153847,0,3.1446198641045426,3.1446198641045426,0.0,0.0,0.006488533630686217
0.153847,25,3.1446198641045426,3.091700567666932,0.24282776883444548,8.086164702187034,0.006544424753467853
0.153847,50,3.1446198641045426,3.03657449254195,0.49447214457913,16.46592241448503,0.006561756386483711
0.153847,75,3.1446198641045426,2.9800112030965646,0.7557865050681395,25.167690618769043,0.006540475385739992
0.153847,100,3.1446198641045426,2.922889964105429,1.0274088453145356,34.212714548974034,0.006480920994495099
0.153847,125,3.1446198641045426,2.8661930983845103,1.3096653382737906,43.61185576451722,0.006384198994498221
0.153847,150,3.1446198641045426,2.8109660757644237,1.6024755842275806,53.36243695477843,0.006252596533829052
0.153847,175,3.1446198641045426,2.758234282734602,1.9052969097480101,63.44638709460873,0.006089954039365208
0.153847,200,3.1446198641045426,2.708875843131067,2.217158095759729,73.83136458879898,0.005901882261019221
0.153847,225,3.1446198641045426,2.6634666964616707,2.536827948978259,84.476370700976,0.005695713057394793
0.153847,250,3.1446198641045426,2.6221300396840013,2.863133175657548,95.34233474939634,0.005480145056169285
0.153847,275,3.1446198641045426,2.5844177303676186,3.195403808456139,106.40694682158943,0.005264713916434466
0.153847,300,3.1446198641045426,2.5492212159868157,3.5340240197716932,117.68299985839738,0.005059342885838594
0.153847,325,3.1446198641045426,2.5146535751261094,3.8811547866072607,129.24245439402176,0.004874298402426291
0.153847,350,3.1446198641045426,2.477876930622127,4.241740330449588,141.24995300397126,0.00472030552437543
0.153847,375,3.1446198641045426,2.436236208039246,4.62240123683436,153.92596118658417,0.004602106432238655
0.153847,400,3.1446198641045426,1.0,1.0,1e-06,0.0064885128858797915
0.153847,425,3.1446198641045426,1.0,1.0,1e-06,0.0064885128858797915
0.153847,450,3.1446198641045426,1.0,1.0,1e-06,0.0064885128858797915
0.153847,475,3.1446198641045426,1.0,1.0,1e-06,0.0064885128858797915
0.153847,500,3.1446198641045426,1.0,1.0,1e-06,0.0064885128858797915
0.153847,525,3.1446198641045426,1.0,1.0,1e-06,0.0064885128858797915
0.153847,550,3.1446198641045426,1.0,1.0,1e-06,0.0064885128858797915
0.153847,575,3.1446198641045426,1.0,1.0,1e-06,0.0064885128858797915
0.153847,600,3.1446198641045426,1.0,1.0,1e-06,0.0064885128858797915
0.153847,625,3.1446198641045426,1.0,1.0,1e-06,0.0064885128858797915
0.153847,650,3.1446198641045426,1.0,1.0,1e-06,0.0064885128858797915
0.153847,675,3.1446198641045426,1.0,1.0,1e-06,0.0064885128858797915
0.153847,700,3.1446198641045426,1.0,1.0,1e-06,0.0064885128858797915
0.153847,725,3.1446198641045426,1.0,1.0,1e-06,0.0064885128858797915
0.153847,750,3.1446198641045426,1.0,1.0,1e-06,0.0064885128858797915
0.153847,775,3.1446198641045426,1.0,1.0,1e-06,0.0064885128858797915
0.153847,800,3.1446198641045426,1.0,1.0,1e-06,0.0064885128858797915
0.153847,825,3.1446198641045426,1.0,1.0,1e-06,0.0064885128858797915
0.153847,850,3.1446198641045426,1.0,1.0,1e-06,0.0064885128858797915
0.153847,875,3.1446198641045426,1.0,1.0,1e-06,0.0064885128858797915
0.153847,900,3.1446198641045426,1.0,1.0,1e-06,0.0064885128858797915
0.153847,925,3.1446198641045426,1.0,1.0,1e-06,0.0064885128858797915
0.153847,950,3.1446198641045426,1.0,1.0,1e-06,0.0064885128858797915
0.153847,975,3.1446198641045426,1.0,1.0,1e-06,0.0064885128858797915
0.153847,1000,3.1446198641045426,1.0,1.0,1e-06,0.0064885128858797915
0.153847,1025,3.1446198641045426,1.0,1.0,1e-06,0.0064885128858797915
0.153847,1050,3.1446198641045426,1.0,1.0,1e-06,0.0064885128858797915
0.153847,1075,3.1446198641045426,1.0,1.0,1e-06,0.0064885128858797915
0.153847,1100,3.1446198641045426,1.0,1.0,1e-06,0.0064885128858797915
0.153847,1125,3.1446198641045426,1.0,1.0,1e-06,0.0064885128858797915
0.153847,1150,3.1446198641045426,1.0,1.0,1e-06,0.0064885128858797915
0.153847,1175,3.1446198641045426,1.0,1.0,1e-06,0.0064885128858797915
0.153847,1200,3.1446198641045426,1.0,1.0,1e-06,0.0064885128858797915
0.153847,1225,3.1446198641045426,1.0,1.0,1e-06,0.0064885128858797915
0.153847,1250,3.1446198641045426,1.0,1.0,1e-06,0.0064885128858797915
0.153847,1275,3.1446198641045426,1.0,1.0,1e-06,0.0064885128858797915
0.153847,1300,3.1446198641045426,1.0,1.0,1e-06,0.0064885128858797915
0.153847,1325,3.1446198641045426,1.0,1.0,1e-06,0.0064885128858797915
0.153847,1350,3.1446198641045426,1.0,1.0,1e-06,0.0064885128858797915
0.153847,1375,3.1446198641045426,1.0,1.0,1e-06,0.0064885128858797915
0.153847,1400,3.1446198641045426,1.0,1.0,1e-06,0.0064885128858797915
0.153847,1425,3.1446198641045426,1.0,1.0,1e-06,0.0064885128858797915
0.153847,1450,3.1446198641045426,1.0,1.0,1e-06,0.0064885128858797915
0.153847,1475,3.1446198641045426,1.0,1.0,1e-06,0.0064885128858797915
0.153847,1500,3.1446198641045426,1.0,1.0,1e-06,0.0064885128858797915
0.153847,1525,3.1446198641045426,1.0,1.0,1e-06,0.0064885128858797915
0.179488,-100,3.175850859729248,3.32730149947753,0.8963605660132926,-25.925925925925927,0.005841667533148016
0.179488,-75,3.175850859729248,3.3090798613414405,0.6806279529739819,-22.664910834033595,0.005878205415753783
0.179488,-50,3.175850859729248,3.266013513803073,0.45973523843540154,-15.30918343989887,0.005889448932909303
0.179488,-25,3.175850859729248,3.221409874011056,0.23305036617894564,-7.760577193758889,0.0058705703383050865
0.179488,0,3.175850859729248,3.175850859729248,0.0,0.0,0.005815910842983839
0.179488,25,3.175850859729248,3.1289369515362786,0.23993796052110988,7.989934085352958,0.005871626435438462
0.179488,50,3.175850859729248,3.080248427898673,0.48746116965825953,16.23245694962004,0.005889584806988374
0.179488,75,3.175850859729248,3.030579250508926,0.7431755008135926,24.74774417709263,0.005870094994548656
0.179488,100,3.175850859729248,2.9808078696031397,1.007446012749161,33.54795222454705,0.0058138567987883055
0.179488,125,3.175850859729248,2.9318833637479678,1.280321652685102,42.6347110344139,0.005722273942102113
0.179488,150,3.175850859729248,2.884783724395398,1.5614704375970412,51.99696557198147,0.005597771564783219
0.179488,175,3.175850859729248,2.8404423047723393,1.8501538462603853,61.61012308047082,0.0054440494221837735
0.179488,200,3.175850859729248,2.7996471557829024,2.1452724832127887,71.43757369098586,0.0052661881487418944
0.179488,225,3.175850859729248,2.762929930527564,2.4455042026587326,81.43528994853578,0.005070540418811487
0.179488,250,3.175850859729248,2.730469536913317,2.749529854119682,91.5593441421854,0.00486440053703622
0.179488,275,3.175850859729248,2.7020325419480806,3.056313397433887,101.77523613454842,0.004655536413148403
0.179488,300,3.175850859729248,2.676952684924398,3.365397177075411,112.06772599661117,0.004451756028492415
0.179488,325,3.175850859729248,2.65413057216871,3.677196541157728,122.45064482055233,0.004260657739492535
0.179488,350,3.175850859729248,2.632006565142655,3.993345096364091,132.97839170892422,0.0040897192964779675
0.179488,375,3.175850859729248,2.6087161884236965,4.316782834113443,143.74886837597765,0.003945315728136383
0.179488,400,3.175850859729248,2.583053315474584,4.650315167732048,154.85549508547717,0.003828069155230502
0.179488,425,3.175850859729248,2.553927565397963,4.997308042592829,166.4103578183412,0.0037372871646018328
0.179488,450,3.175850859729248,1.0,1.0,1e-06,0.005815901580852788
0.179488,475,3.175850859729248,1.0,1.0,1e-06,0.005815901580852788
0.179488,500,3.175850859729248,1.0,1.0,1e-06,0.005815901580852788
0.179488,525,3.175850859729248,1.0,1.0,1e-06,0.005815901580852788
0.179488,550,3.175850859729248,1.0,1.0,1e-06,0.005815901580852788
0.179488,575,3.175850859729248,1.0,1.0,1e-06,0.005815901580852788
0.179488,600,3.175850859729248,1.0,1.0,1e-06,0.005815901580852788
0.179488,625,3.175850859729248,1.0,1.0,1e-06,0.005815901580852788
0.179488,650,3.175850859729248,1.0,1.0,1e-06,0.005815901580852788
0.179488,675,3.175850859729248,1.0,1.0,1e-06,0.005815901580852788
0.179488,700,3.175850859729248,1.0,1.0,1e-06,0.005815901580852788
0.179488,725,3.175850859729248,1.0,1.0,1e-06,0.005815901580852788
0.179488,750,3.175850859729248,1.0,1.0,1e-06,0.005815901580852788
0.179488,775,3.175850859729248,1.0,1.0,1e-06,0.005815901580852788
0.179488,800,3.175850859729248,1.0,1.0,1e-06,0.005815901580852788
0.179488,825,3.175850859729248,1.0,1.0,1e-06,0.005815901580852788
0.179488,850,3.175850859729248,1.0,1.0,1e-06,0.005815901580852788
0.179488,875,3.175850859729248,1.0,1.0,1e-06,0.005815901580852788
0.179488,900,3.175850859729248,1.0,1.0,1e-06,0.005815901580852788
0.179488,925,3.175850859729248,1.0,1.0,1e-06,0.005815901580852788
0.179488,950,3.175850859729248,1.0,1.0,1e-06,0.005815901580852788
0.179488,975,3.175850859729248,1.0,1.0,1e-06,0.005815901580852788
0.179488,1000,3.175850859729248,1.0,1.0,1e-06,0.005815901580852788
0.179488,1025,3.175850859729248,1.0,1.0,1e-06,0.005815901580852788
0.179488,1050,3.175850859729248,1.0,1.0,1e-06,0.005815901580852788
0.179488,1075,3.175850859729248,1.0,1.0,1e-06,0.005815901580852788
0.179488,1100,3.175850859729248,1.0,1.0,1e-06,0.005815901580852788
0.179488,1125,3.175850859729248,1.0,1.0,1e-06,0.005815901580852788
0.179488,1150,3.175850859729248,1.0,1.0,1e-06,0.005815901580852788
0.179488,1175,3.175850859729248,1.0,1.0,1e-06,0.005815901580852788
0.179488,1200,3.175850859729248,1.0,1.0,1e-06,0.005815901580852788
0.179488,1225,3.175850859729248,1.0,1.0,1e-06,0.005815901580852788
0.179488,1250,3.175850859729248,1.0,1.0,1e-06,0.005815901580852788
0.179488,1275,3.175850859729248,1.0,1.0,1e-06,0.005815901580852788
0.179488,1300,3.175850859729248,1.0,1.0,1e-06,0.005815901580852788
0.179488,1325,3.175850859729248,1.0,1.0,1e-06,0.005815901580852788
0.179488,1350,3.175850859729248,1.0,1.0,1e-06,0.005815901580852788
0.179488,1375,3.175850859729248,1.0,1.0,1e-06,0.005815901580852788
0.179488,1400,3.175850859729248,1.0,1.0,1e-06,0.005815901580852788
0.179488,1425,3.175850859729248,1.0,1.0,1e-06,0.005815901580852788
0.179488,1450,3.175850859729248,1.0,1.0,1e-06,0.005815901580852788
0.179488,1475,3.175850859729248,1.0,1.0,1e-06,0.005815901580852788
0.179488,1500,3.175850859729248,1.0,1.0,1e-06,0.005815901580852788
0.179488,1525,3.175850859729248,1.0,1.0,1e-06,0.005815901580852788
0.205129,-100,3.2057298051649563,3.344298936968054,0.8925330235589196,-25.925925925925927,0.0053448093695480465
0.205129,-75,3.2057298051649563,3.3270231020067063,0.6769572026397399,-22.54267484790334,0.005380608009480794
0.205129,-50,3.2057298051649563,3.2877212163155605,0.456699763365029,-15.208102120055464,0.005391298039909884
0.205129,-25,3.2057298051649563,3.2470923418182744,0.23120708366746096,-7.699195886126449,0.005372319040206717
0.205129,0,3.2057298051649563,3.2057298051649563,0.0,0.0,0.0053183927438273755
0.205129,25,3.2057298051649563,3.1632636969609624,0.23733422903440413,7.9032298268456564,0.005373259937316439
0.205129,50,3.2057298051649563,3.1193086363024674,0.48135714562741627,16.02919294939296,0.005391485967842305
0.205129,75,3.2057298051649563,3.07464964491405,0.7325232180446415,24.39302316088656,0.005373674242276344
0.205129,100,3.2057298051649563,3.030133320181821,0.9910464938957897,33.00184824672979,0.005320807600542059
0.205129,125,3.2057298051649563,2.986650242821984,1.2568441057922333,41.85290872288137,0.005234512224551777
0.205129,150,3.2057298051649563,2.9450943694260596,1.5294941144389695,50.93215401081768,0.005117306361783546
0.205129,175,3.2057298051649563,2.906298613054055,1.8082296263881918,60.214046558726785,0.004972779761925909
0.205129,200,3.2057298051649563,2.870952941350092,2.0919904048241302,69.66328048064354,0.004805643109326218
0.205129,225,3.2057298051649563,2.8395194693632506,2.3795423238538067,79.23875938433176,0.0046216061261822065
0.205129,250,3.2057298051649563,2.8121636118266626,2.6696553059482016,88.8995216880751,0.004427090111004346
0.205129,275,3.2057298051649563,2.788716436646812,2.9613115732154163,98.61167538807335,0.004228843763956377
0.205129,300,3.2057298051649563,2.7686704427528346,3.25391165011735,108.35525794890775,0.004033577794796135
0.205129,325,3.2057298051649563,2.7511957183477858,3.5474610892535585,118.1304542721435,0.003847729949213906
0.205129,350,3.2057298051649563,2.7351515495793093,3.8427525202861688,127.96365892552942,0.0036774366998954594
0.205129,375,3.2057298051649563,2.719079289230837,4.14157148923995,137.91433059169032,0.0035286435705865755
0.205129,400,3.2057298051649563,2.7017545402456973,4.4460041921201485,148.05193959760092,0.0034040436504178405
0.205129,425,3.2057298051649563,2.6824493993628478,4.757876426595131,158.43728500561787,0.0033027604946875596
0.205129,450,3.2057298051649563,2.6604054478923524,5.079494001269354,169.14715024226948,0.0032239642021254012
0.205129,475,3.2057298051649563,2.634755831780967,5.413884691782736,180.2823602363651,0.0031671094866707705
0.205129,500,3.2057298051649563,1.0,1.0,1e-06,0.005318401708552506
0.205129,525,3.2057298051649563,1.0,1.0,1e-06,0.005318401708552506
0.205129,550,3.2057298051649563,1.0,1.0,1e-06,0.005318401708552506
0.205129,575,3.2057298051649563,1.0,1.0,1e-06,0.005318401708552506
0.205129,600,3.2057298051649563,1.0,1.0,1e-06,0.005318401708552506
0.205129,625,3.2057298051649563,1.0,1.0,1e-06,0.005318401708552506
0.205129,650,3.2057298051649563,1.0,1.0,1e-06,0.005318401708552506
0.205129,675,3.2057298051649563,1.0,1.0,1e-06,0.005318401708552506
0.205129,700,3.2057298051649563,1.0,1.0,1e-06,0.005318401708552506
0.205129,725,3.2057298051649563,1.0,1.0,1e-06,0.005318401708552506
0.205129,750,3.2057298051649563,1.0,1.0,1e-06,0.005318401708552506
0.205129,775,3.2057298051649563,1.0,1.0,1e-06,0.005318401708552506
0.205129,800,3.2057298051649563,1.0,1.0,1e-06,0.005318401708552506
0.205129,825,3.2057298051649563,1.0,1.0,1e-06,0.005318401708552506
0.205129,850,3.2057298051649563,1.0,1.0,1e-06,0.005318401708552506
0.205129,875,3.2057298051649563,1.0,1.0,1e-06,0.005318401708552506
0.205129,900,3.2057298051649563,1.0,1.0,1e-06,0.005318401708552506
0.205129,925,3.2057298051649563,1.0,1.0,1e-06,0.005318401708552506
0.205129,950,3.2057298051649563,1.0,1.0,1e-06,0.005318401708552506
0.205129,975,3.2057298051649563,1.0,1.0,1e-06,0.005318401708552506
0.205129,1000,3.2057298051649563,1.0,1.0,1e-06,0.005318401708552506
0.205129,1025,3.2057298051649563,1.0,1.0,1e-06,0.005318401708552506
0.205129,1050,3.2057298051649563,1.0,1.0,1e-06,0.005318401708552506
0.205129,1075,3.2057298051649563,1.0,1.0,1e-06,0.005318401708552506
0.205129,1100,3.2057298051649563,1.0,1.0,1e-06,0.005318401708552506
0.205129,1125,3.2057298051649563,1.0,1.0,1e-06,0.005318401708552506
0.205129,1150,3.2057298051649563,1.0,1.0,1e-06,0.005318401708552506
0.205129,1175,3.2057298051649563,1.0,1.0,1e-06,0.005318401708552506
0.205129,1200,3.2057298051649563,1.0,1.0,1e-06,0.005318401708552506
0.205129,1225,3.2057298051649563,1.0,1.0,1e-06,0.005318401708552506
0.205129,1250,3.2057298051649563,1.0,1.0,1e-06,0.005318401708552506
0.205129,1275,3.2057298051649563,1.0,1.0,1e-06,0.005318401708552506
0.205129,1300,3.2057298051649563,1.0,1.0,1e-06,0.005318401708552506
0.205129,1325,3.2057298051649563,1.0,1.0,1e-06,0.005318401708552506
0.205129,1350,3.2057298051649563,1.0,1.0,1e-06,0.005318401708552506
0.205129,1375,3.2057298051649563,1.0,1.0,1e-06,0.005318401708552506
0.205129,1400,3.2057298051649563,1.0,1.0,1e-06,0.005318401708552506
0.205129,1425,3.2057298051649563,1.0,1.0,1e-06,0.005318401708552506
0.205129,1450,3.2057298051649563,1.0,1.0,1e-06,0.005318401708552506
0.205129,1475,3.2057298051649563,1.0,1.0,1e-06,0.005318401708552506
0.205129,1500,3.2057298051649563,1.0,1.0,1e-06,0.005318401708552506
0.205129,1525,3.2057298051649563,1.0,1.0,1e-06,0.005318401708552506
0.23077,-100,3.2322540710993275,3.3618357894783513,0.8884300941030816,-25.925925925925927,0.0049981519946194946
0.23077,-75,3.2322540710993275,3.3451027402782314,0.673298378890725,-22.42083601706114,0.0050332052334280345
0.23077,-50,3.2322540710993275,3.3084733203596186,0.4538351548013374,-15.112710654884534,0.0050433870535102525
0.23077,-25,3.2322540710993275,3.270658667376509,0.22954114968926145,-7.643720284652406,0.005024333027242338
0.23077,0,3.2322540710993275,3.2322540710993275,0.0,0.0,0.004971038202110417
0.23077,25,3.2322540710993275,3.1929075488489724,0.23513075128698618,7.829854017856639,0.0050251923165645545
0.23077,50,3.2322540710993275,3.152254035709081,0.4763263000038465,15.861665790128088,0.005043608688315475
0.23077,75,3.2322540710993275,3.1110634031047937,0.7239493254957574,24.10751253900872,0.005027091359941562
0.23077,100,3.2322540710993275,3.070150986769381,0.9781287682411224,32.571687982429374,0.00497680944313947
0.23077,125,3.2322540710993275,3.0303585130142245,1.2387160587213772,41.249244755421856,0.004894527385463603
0.23077,150,3.2322540710993275,2.992515459375511,1.5052568869417038,50.12505433515873,0.004782810011951623
0.23077,175,3.2322540710993275,2.9573814441123556,1.7769960874399806,59.17396971175135,0.004645161180261077
0.23077,200,3.2322540710993275,2.925576695933434,2.0529306288070943,68.36258993927623,0.004486040909776869
0.23077,225,3.2322540710993275,2.897512685533865,2.331916195049144,77.65280929513649,0.004310744049107152
0.23077,250,3.2322540710993275,2.873337949100142,2.6128174410736036,87.006820787751,0.004125149255536468
0.23077,275,3.2322540710993275,2.8529114728544767,2.8946773626997495,96.39275617790165,0.003935384911546044
0.23077,300,3.2322540710993275,2.8358036043196124,3.176880442385402,105.79011873143386,0.0037475188754270325
0.23077,325,3.2322540710993275,2.82131560512457,3.459293863484243,115.19448565402529,0.00356734494400165
0.23077,350,3.2322540710993275,2.808499607336129,3.7423934413434954,124.62170159673839,0.0034003264145310726
0.23077,375,3.2322540710993275,2.796154456341148,4.027410301216679,134.1127630305154,0.0032517383499059776
0.23077,400,3.2322540710993275,2.7830317354205576,4.316160631275308,143.72814902146774,0.0031255000411344073
0.23077,425,3.2322540710993275,2.7684370943097547,4.6100967181068855,153.51622071295927,0.003021289702387906
0.23077,450,3.2322540710993275,2.751779878420642,4.910826487062427,163.53052201917882,0.0029381315900302444
0.23077,475,3.2322540710993275,2.7324242660246822,5.220369487135645,173.83830392161698,0.0028752570279333626
0.23077,500,3.2322540710993275,2.709653961877818,5.541303511910227,184.52540694661056,0.0028321309128596867
0.23077,525,3.2322540710993275,2.6826221276268676,5.876998330626856,195.70404440987429,0.002808485359256724
0.23077,550,3.2322540710993275,1.0,1.0,1e-06,0.004971038824492718
0.23077,575,3.2322540710993275,1.0,1.0,1e-06,0.004971038824492718
0.23077,600,3.2322540710993275,1.0,1.0,1e-06,0.004971038824492718
0.23077,625,3.2322540710993275,1.0,1.0,1e-06,0.004971038824492718
0.23077,650,3.2322540710993275,1.0,1.0,1e-06,0.004971038824492718
0.23077,675,3.2322540710993275,1.0,1.0,1e-06,0.004971038824492718
0.23077,700,3.2322540710993275,1.0,1.0,1e-06,0.004971038824492718
0.23077,725,3.2322540710993275,1.0,1.0,1e-06,0.004971038824492718
0.23077,750,3.2322540710993275,1.0,1.0,1e-06,0.004971038824492718
0.23077,775,3.2322540710993275,1.0,1.0,1e-06,0.004971038824492718
0.23077,800,3.2322540710993275,1.0,1.0,1e-06,0.004971038824492718
0.23077,825,3.2322540710993275,1.0,1.0,1e-06,0.004971038824492718
0.23077,850,3.2322540710993275,1.0,1.0,1e-06,0.004971038824492718
0.23077,875,3.2322540710993275,1.0,1.0,1e-06,0.004971038824492718
0.23077,900,3.2322540710993275,1.0,1.0,1e-06,0.004971038824492718
0.23077,925,3.2322540710993275,1.0,1.0,1e-06,0.004971038824492718
0.23077,950,3.2322540710993275,1.0,1.0,1e-06,0.004971038824492718
0.23077,975,3.2322540710993275,1.0,1.0,1e-06,0.004971038824492718
0.23077,1000,3.2322540710993275,1.0,1.0,1e-06,0.004971038824492718
0.23077,1025,3.2322540710993275,1.0,1.0,1e-06,0.004971038824492718
0.23077,1050,3.2322540710993275,1.0,1.0,1e-06,0.004971038824492718
0.23077,1075,3.2322540710993275,1.0,1.0,1e-06,0.004971038824492718
0.23077,1100,3.2322540710993275,1.0,1.0,1e-06,0.004971038824492718
0.23077,1125,3.2322540710993275,1.0,1.0,1e-06,0.004971038824492718
0.23077,1150,3.2322540710993275,1.0,1.0,1e-06,0.004971038824492718
0.23077,1175,3.2322540710993275,1.0,1.0,1e-06,0.004971038824492718
0.23077,1200,3.2322540710993275,1.0,1.0,1e-06,0.004971038824492718
0.23077,1225,3.2322540710993275,1.0,1.0,1e-06,0.004971038824492718
0.23077,1250,3.2322540710993275,1.0,1.0,1e-06,0.004971038824492718
0.23077,1275,3.2322540710993275,1.0,1.0,1e-06,0.004971038824492718
0.23077,1300,3.2322540710993275,1.0,1.0,1e-06,0.004971038824492718
0.23077,1325,3.2322540710993275,1.0,1.0,1e-06,0.004971038824492718
0.23077,1350,3.2322540710993275,1.0,1.0,1e-06,0.004971038824492718
0.23077,1375,3.2322540710993275,1.0,1.0,1e-06,0.004971038824492718
0.23077,1400,3.2322540710993275,1.0,1.0,1e-06,0.004971038824492718
0.23077,1425,3.2322540710993275,1.0,1.0,1e-06,0.004971038824492718
0.23077,1450,3.2322540710993275,1.0,1.0,1e-06,0.004971038824492718
0.23077,1475,3.2322540710993275,1.0,1.0,1e-06,0.004971038824492718
0.23077,1500,3.2322540710993275,1.0,1.0,1e-06,0.004971038824492718
0.23077,1525,3.2322540710993275,1.0,1.0,1e-06,0.004971038824492718
0.256411,-100,3.255543428554247,3.3798648732391254,0.8840899248643368,-25.925925925925927,0.004795255723559594
0.256411,-75,3.255543428554247,3.363264684157117,0.6696625046674552,-22.299761405426256,0.004830601262695936
0.256411,-50,3.255543428554247,3.328262933593563,0.45113668344715535,-15.022851558790272,0.004840592663432529
0.256411,-25,3.255543428554247,3.2921523664067873,0.22804252877583517,-7.59381620823531,0.00482088805531516
0.256411,0,3.255543428554247,3.255543428554247,0.0,0.0,0.0047665359710895175
0.256411,25,3.255543428554247,3.218085440079423,0.23329111819113849,7.768594235764911,0.004821720293019797
0.256411,50,3.255543428554247,3.179415466186299,0.47225709174225916,15.726161155017229,0.004840848419238055
0.256411,75,3.255543428554247,3.1403114907396343,0.7172066398170522,23.882981105907838,0.0048248557122589795
0.256411,100,3.255543428554247,3.1015887323144202,0.9682144417522913,32.2415409103513,0.0047750415114433615
0.256411,125,3.255543428554247,3.0640793650326854,1.225083722240239,40.795287950599956,0.004693288689453799
0.256411,150,3.255543428554247,3.028593972165835,1.4873253218830134,49.52793321870434,0.004582251704028389
0.256411,175,3.255543428554247,2.9958662151812163,1.7541688706340883,58.413823392115134,0.004445475373695243
0.256411,200,3.255543428554247,2.9664881714216236,2.024618221594918,67.41978677911077,0.00428739500585582
0.256411,225,3.255543428554247,2.9408479570088075,2.2975539217026304,76.50854559269759,0.0041132068203303535
0.256411,250,3.255543428554247,2.9190833328179413,2.571871595135355,85.64332411800731,0.0039286202304887165
0.256411,275,3.255543428554247,2.9010613344635683,2.846633457953167,94.79289414984046,0.0037395428979132565
0.256411,300,3.255543428554247,2.886384579026249,3.1212088210533224,103.93625374107563,0.003551781368295619
0.256411,325,3.255543428554247,2.8744144982866313,3.395390527558678,113.06650456770397,0.003370838531931412
0.256411,350,3.255543428554247,2.8642966051335055,3.6694909639152447,122.19404909837763,0.0032018484231237077
0.256411,375,3.255543428554247,2.8549697987475917,3.9444414670170285,131.34990085166703,0.003049668307393865
0.256411,400,3.255543428554247,2.845226155638195,4.221812732955729,140.58636400742577,0.0029186135925272174
0.256411,425,3.255543428554247,2.834304284245112,4.502961391162698,149.9486143257178,0.002809223320957946
0.256411,450,3.255543428554247,2.821694334090019,4.78914861551492,159.47864889664683,0.0027204211815551075
0.256411,475,3.255543428554247,2.806869739510842,5.08191173372731,169.2276607331194,0.0026513023172434324
0.256411,500,3.255543428554247,2.789263369607305,5.383147098486061,179.2587983795858,0.002601155776798083
0.256411,525,3.255543428554247,2.7682386237636862,5.695233651617321,189.65128059885677,0.002569478061270198
0.256411,550,3.255543428554247,2.743050254889483,6.021222719881216,200.50671657204447,0.0025559900557277295
0.256411,575,3.255543428554247,1.0,1.0,1e-06,0.004766525430813944
0.256411,600,3.255543428554247,1.0,1.0,1e-06,0.004766525430813944
0.256411,625,3.255543428554247,1.0,1.0,1e-06,0.004766525430813944
0.256411,650,3.255543428554247,1.0,1.0,1e-06,0.004766525430813944
0.256411,675,3.255543428554247,1.0,1.0,1e-06,0.004766525430813944
0.256411,700,3.255543428554247,1.0,1.0,1e-06,0.004766525430813944
0.256411,725,3.255543428554247,1.0,1.0,1e-06,0.004766525430813944
0.256411,750,3.255543428554247,1.0,1.0,1e-06,0.004766525430813944
0.256411,775,3.255543428554247,1.0,1.0,1e-06,0.004766525430813944
0.256411,800,3.255543428554247,1.0,1.0,1e-06,0.004766525430813944
0.256411,825,3.255543428554247,1.0,1.0,1e-06,0.004766525430813944
0.256411,850,3.255543428554247,1.0,1.0,1e-06,0.004766525430813944
0.256411,875,3.255543428554247,1.0,1.0,1e-06,0.004766525430813944
0.256411,900,3.255543428554247,1.0,1.0,1e-06,0.004766525430813944
0.256411,925,3.255543428554247,1.0,1.0,1e-06,0.004766525430813944
0.256411,950,3.255543428554247,1.0,1.0,1e-06,0.004766525430813944
0.256411,975,3.255543428554247,1.0,1.0,1e-06,0.004766525430813944
0.256411,1000,3.255543428554247,1.0,1.0,1e-06,0.004766525430813944
0.256411,1025,3.255543428554247,1.0,1.0,1e-06,0.004766525430813944
0.256411,1050,3.255543428554247,1.0,1.0,1e-06,0.004766525430813944
0.256411,1075,3.255543428554247,1.0,1.0,1e-06,0.004766525430813944
0.256411,1100,3.255543428554247,1.0,1.0,1e-06,0.004766525430813944
0.256411,1125,3.255543428554247,1.0,1.0,1e-06,0.004766525430813944
0.256411,1150,3.255543428554247,1.0,1.0,1e-06,0.004766525430813944
0.256411,1175,3.255543428554247,1.0,1.0,1e-06,0.004766525430813944
0.256411,1200,3.255543428554247,1.0,1.0,1e-06,0.004766525430813944
0.256411,1225,3.255543428554247,1.0,1.0,1e-06,0.004766525430813944
0.256411,1250,3.255543428554247,1.0,1.0,1e-06,0.004766525430813944
0.256411,1275,3.255543428554247,1.0,1.0,1e-06,0.004766525430813944
0.256411,1300,3.255543428554247,1.0,1.0,1e-06,0.004766525430813944
0.256411,1325,3.255543428554247,1.0,1.0,1e-06,0.004766525430813944
0.256411,1350,3.255543428554247,1.0,1.0,1e-06,0.004766525430813944
0.256411,1375,3.255543428554247,1.0,1.0,1e-06,0.004766525430813944
0.256411,1400,3.255543428554247,1.0,1.0,1e-06,0.004766525430813944
0.256411,1425,3.255543428554247,1.0,1.0,1e-06,0.004766525430813944
0.256411,1450,3.255543428554247,1.0,1.0,1e-06,0.004766525430813944
0.256411,1475,3.255543428554247,1.0,1.0,1e-06,0.004766525430813944
0.256411,1500,3.255543428554247,1.0,1.0,1e-06,0.004766525430813944
0.256411,1525,3.255543428554247,1.0,1.0,1e-06,0.004766525430813944
0.28205199999999997,-100,3.2762996199177823,3.397416737331583,0.8798278359122828,-25.925925925925927,0.004671660243103743
0.28205199999999997,-75,3.2762996199177823,3.3807410102506257,0.6662007664660731,-22.18448552332023,0.00470785721954449
0.28205199999999997,-50,3.2762996199177823,3.346782431972244,0.4486403081232471,-14.939722260504128,0.004717812742797484
0.28205199999999997,-25,3.2762996199177823,3.311757576493473,0.2266925441884707,-7.548861721476074,0.004697126253460823
0.28205199999999997,0,3.2762996199177823,3.2762996199177823,0.0,0.0,0.0046407966699764805
0.28205199999999997,25,3.2762996199177823,3.2400504995315162,0.23170958318683746,7.715929120121687,0.004697959224603966
0.28205199999999997,50,3.2762996199177823,3.2026399909251984,0.46883243379089284,15.61212004523673,0.004718105470567257
0.28205199999999997,75,3.2762996199177823,3.1648669864571426,0.7116419937678011,23.697678392467775,0.004702259504714115
0.28205199999999997,100,3.2762996199177823,3.1275635703886744,0.9601732899804212,31.973770556348022,0.00465181450110763
0.28205199999999997,125,3.2762996199177823,3.0915735949614636,1.2141887095527955,40.432484028108085,0.004568752808457182
0.28205199999999997,150,3.2762996199177823,3.057713259176588,1.4731611903064856,49.05626763720597,0.0044558294234233785
0.28205199999999997,175,3.2762996199177823,3.0267157895336867,1.7362896355937372,57.818444865271445,0.00431668182991908
0.28205199999999997,200,3.2762996199177823,2.999168252947685,2.0025572090205683,66.68515506038491,0.004155817988563552
0.28205199999999997,225,3.2762996199177823,2.9754522864734763,2.27083350906793,75.61875585196206,0.003978475049672482
0.28205199999999997,250,3.2762996199177823,2.9557020595562076,2.5400082133565056,84.58227350477163,0.003790363477797608
0.28205199999999997,275,3.2762996199177823,2.939788724735508,2.809133251234323,93.54413726610294,0.003597348856027277
0.28205199999999997,300,3.2762996199177823,2.927331373667971,3.0775501161389345,102.4824188674265,0.0034051523188698748
0.28205199999999997,325,3.2762996199177823,2.917724892049426,3.344989716595402,111.38815756262689,0.0032191458743426236
0.28205199999999997,350,3.2762996199177823,2.910170996457206,3.6116470555530364,120.2678469499161,0.0030442768599079147
0.28205199999999997,375,3.2762996199177823,2.903697162837216,3.8782492215055346,129.1456990761343,0.002885132526642708
0.28205199999999997,400,3.2762996199177823,2.8971705171542457,4.146118407904706,138.0657429832267,0.0027460041468041524
0.28205199999999997,425,3.2762996199177823,2.889751454224398,4.416560719817428,147.07147196992037,0.0026283014680946607
0.28205199999999997,450,3.2762996199177823,2.8809769243384085,4.6906010941468335,156.19701643508955,0.0025309234747365166
0.28205199999999997,475,3.2762996199177823,2.870398259436153,4.969437330646329,165.48226311052275,0.002452839070798391
0.28205199999999997,500,3.2762996199177823,2.8575518924492744,5.254503008218444,174.9749501736742,0.0023931867221729346
0.28205199999999997,525,3.2762996199177823,2.8419413190811564,5.547533884641604,184.7328783585654,0.0023512777189209333
0.28205199999999997,550,3.2762996199177823,2.8230148447133754,5.850665839553339,194.82717245712618,0.002326599362335647
0.28205199999999997,575,3.2762996199177823,2.800137976440792,6.166577294600105,205.34702391018348,0.0023188144362163137
0.28205199999999997,600,3.2762996199177823,1.0,1.0,1e-06,0.004640786145257287
0.28205199999999997,625,3.2762996199177823,1.0,1.0,1e-06,0.004640786145257287
0.28205199999999997,650,3.2762996199177823,1.0,1.0,1e-06,0.004640786145257287
0.28205199999999997,675,3.2762996199177823,1.0,1.0,1e-06,0.004640786145257287
0.28205199999999997,700,3.2762996199177823,1.0,1.0,1e-06,0.004640786145257287
0.28205199999999997,725,3.2762996199177823,1.0,1.0,1e-06,0.004640786145257287
0.28205199999999997,750,3.2762996199177823,1.0,1.0,1e-06,0.004640786145257287
0.28205199999999997,775,3.2762996199177823,1.0,1.0,1e-06,0.004640786145257287
0.28205199999999997,800,3.2762996199177823,1.0,1.0,1e-06,0.004640786145257287
0.28205199999999997,825,3.2762996199177823,1.0,1.0,1e-06,0.004640786145257287
0.28205199999999997,850,3.2762996199177823,1.0,1.0,1e-06,0.004640786145257287
0.28205199999999997,875,3.2762996199177823,1.0,1.0,1e-06,0.004640786145257287
0.28205199999999997,900,3.2762996199177823,1.0,1.0,1e-06,0.004640786145257287
0.28205199999999997,925,3.2762996199177823,1.0,1.0,1e-06,0.004640786145257287
0.28205199999999997,950,3.2762996199177823,1.0,1.0,1e-06,0.004640786145257287
0.28205199999999997,975,3.2762996199177823,1.0,1.0,1e-06,0.004640786145257287
0.28205199999999997,1000,3.2762996199177823,1.0,1.0,1e-06,0.004640786145257287
0.28205199999999997,1025,3.2762996199177823,1.0,1.0,1e-06,0.004640786145257287
0.28205199999999997,1050,3.2762996199177823,1.0,1.0,1e-06,0.004640786145257287
0.28205199999999997,1075,3.2762996199177823,1.0,1.0,1e-06,0.004640786145257287
0.28205199999999997,1100,3.2762996199177823,1.0,1.0,1e-06,0.004640786145257287
0.28205199999999997,1125,3.2762996199177823,1.0,1.0,1e-06,0.004640786145257287
0.28205199999999997,1150,3.2762996199177823,1.0,1.0,1e-06,0.004640786145257287
0.28205199999999997,1175,3.2762996199177823,1.0,1.0,1e-06,0.004640786145257287
0.28205199999999997,1200,3.2762996199177823,1.0,1.0,1e-06,0.004640786145257287
0.28205199999999997,1225,3.2762996199177823,1.0,1.0,1e-06,0.004640786145257287
0.28205199999999997,1250,3.2762996199177823,1.0,1.0,1e-06,0.004640786145257287
0.28205199999999997,1275,3.2762996199177823,1.0,1.0,1e-06,0.004640786145257287
0.28205199999999997,1300,3.2762996199177823,1.0,1.0,1e-06,0.004640786145257287
0.28205199999999997,1325,3.2762996199177823,1.0,1.0,1e-06,0.004640786145257287
0.28205199999999997,1350,3.2762996199177823,1.0,1.0,1e-06,0.004640786145257287
0.28205199999999997,1375,3.2762996199177823,1.0,1.0,1e-06,0.004640786145257287
0.28205199999999997,1400,3.2762996199177823,1.0,1.0,1e-06,0.004640786145257287
0.28205199999999997,1425,3.2762996199177823,1.0,1.0,1e-06,0.004640786145257287
0.28205199999999997,1450,3.2762996199177823,1.0,1.0,1e-06,0.004640786145257287
0.28205199999999997,1475,3.2762996199177823,1.0,1.0,1e-06,0.004640786145257287
0.28205199999999997,1500,3.2762996199177823,1.0,1.0,1e-06,0.004640786145257287
0.28205199999999997,1525,3.2762996199177823,1.0,1.0,1e-06,0.004640786145257287
0.307693,-100,3.295802005702652,3.411098837322961,0.8766298440969796,-25.925925925925927,0.004447163505354795
0.307693,-75,3.295802005702652,3.3948093080661446,0.6634399896632915,-22.092551655787606,0.0044814788217347225
0.307693,-50,3.295802005702652,3.3625764637687503,0.4465330432422728,-14.869550339967683,0.004490684421479528
0.307693,-25,3.295802005702652,3.3293720579073467,0.2254931974237294,-7.508923474210188,0.004470687751712062
0.307693,0,3.295802005702652,3.295802005702652,0.0,0.0,0.004416867831284239
0.307693,25,3.295802005702652,3.2615278936258383,0.2301837590345257,7.665119175849705,0.004471438902711401
0.307693,50,3.295802005702652,3.22620032526402,0.46540863868353405,15.498107668161683,0.004490979281400716
0.307693,75,3.295802005702652,3.190572609901527,0.7059084771375149,23.506752288679245,0.004476560373327405
0.307693,100,3.295802005702652,3.155421839235857,0.95169620925557,31.691483768210478,0.004429586430648899
0.307693,125,3.295802005702652,3.1215291464335744,1.2025368265558278,40.044476324309066,0.004351982477125935
0.307693,150,3.295802005702652,3.08964494854669,1.4579359698347667,48.54926779549773,0.004246347401661129
0.307693,175,3.295802005702652,3.060441321291165,1.7171560254055522,57.181295646004884,0.004116043222744472
0.307693,200,3.295802005702652,3.0344582741988844,1.9792679494304892,65.90962271603529,0.003965183242358093
0.307693,225,3.295802005702652,3.0120535259874215,2.2432392713013747,74.69986773433577,0.0037985138169770176
0.307693,250,3.295802005702652,2.993366503519643,2.508048212165158,83.51800546509975,0.003621201206839045
0.307693,275,3.295802005702652,2.9783040563732888,2.772805630971884,92.33442751136373,0.003438565201373972
0.307693,300,3.295802005702652,2.966548341171004,3.0368657351637256,101.12762898095205,0.0032558230411361164
0.307693,325,3.295802005702652,2.957579984599106,3.2999140549305137,109.88713802918609,0.0030779036306661624
0.307693,350,3.295802005702652,2.950705848517393,3.562032628834083,118.61568654017495,0.0029093635694497737
0.307693,375,3.295802005702652,2.9450791919622805,3.8237549917148352,127.331041224104,0.0027544172290486133
0.307693,400,3.295802005702652,2.939703218117989,4.086130850889825,136.06815733463117,0.0026170618795763683
0.307693,425,3.295802005702652,2.933724343913732,4.350361951776495,144.8670529941573,0.0024993789430059242
0.307693,450,3.295802005702652,2.926711233584311,4.617303326151402,153.75620076084166,0.002400493575491232
0.307693,475,3.295802005702652,2.918282141576628,4.887897596000733,162.7669899468244,0.002319388373830337
0.307693,500,3.295802005702652,2.9080553652508327,5.163249363967974,171.93620382013353,0.002255177396247796
0.307693,525,3.295802005702652,2.895638132518286,5.44466022487919,181.307185488477,0.0022071043246644985
0.307693,550,3.295802005702652,2.880613654803617,5.733679866779122,190.93153956374474,0.0021745404234821
0.307693,575,3.295802005702652,2.8625272890119504,6.03217560005423,200.87144748180583,0.0021569751307235737
0.307693,600,3.295802005702652,2.8408704944366066,6.342428510311698,211.20286939337953,0.0021540025122419363
0.307693,625,3.295802005702652,1.0,1.0,1e-06,0.004416848822942476
0.307693,650,3.295802005702652,1.0,1.0,1e-06,0.004416848822942476
0.307693,675,3.295802005702652,1.0,1.0,1e-06,0.004416848822942476
0.307693,700,3.295802005702652,1.0,1.0,1e-06,0.004416848822942476
0.307693,725,3.295802005702652,1.0,1.0,1e-06,0.004416848822942476
0.307693,750,3.295802005702652,1.0,1.0,1e-06,0.004416848822942476
0.307693,775,3.295802005702652,1.0,1.0,1e-06,0.004416848822942476
0.307693,800,3.295802005702652,1.0,1.0,1e-06,0.004416848822942476
0.307693,825,3.295802005702652,1.0,1.0,1e-06,0.004416848822942476
0.307693,850,3.295802005702652,1.0,1.0,1e-06,0.004416848822942476
0.307693,875,3.295802005702652,1.0,1.0,1e-06,0.004416848822942476
0.307693,900,3.295802005702652,1.0,1.0,1e-06,0.004416848822942476
0.307693,925,3.295802005702652,1.0,1.0,1e-06,0.004416848822942476
0.307693,950,3.295802005702652,1.0,1.0,1e-06,0.004416848822942476
0.307693,975,3.295802005702652,1.0,1.0,1e-06,0.004416848822942476
0.307693,1000,3.295802005702652,1.0,1.0,1e-06,0.004416848822942476
0.307693,1025,3.295802005702652,1.0,1.0,1e-06,0.004416848822942476
0.307693,1050,3.295802005702652,1.0,1.0,1e-06,0.004416848822942476
0.307693,1075,3.295802005702652,1.0,1.0,1e-06,0.004416848822942476
0.307693,1100,3.295802005702652,1.0,1.0,1e-06,0.004416848822942476
0.307693,1125,3.295802005702652,1.0,1.0,1e-06,0.004416848822942476
0.307693,1150,3.295802005702652,1.0,1.0,1e-06,0.004416848822942476
0.307693,1175,3.295802005702652,1.0,1.0,1e-06,0.004416848822942476
0.307693,1200,3.295802005702652,1.0,1.0,1e-06,0.004416848822942476
0.307693,1225,3.295802005702652,1.0,1.0,1e-06,0.004416848822942476
0.307693,1250,3.295802005702652,1.0,1.0,1e-06,0.004416848822942476
0.307693,1275,3.295802005702652,1.0,1.0,1e-06,0.004416848822942476
0.307693,1300,3.295802005702652,1.0,1.0,1e-06,0.004416848822942476
0.307693,1325,3.295802005702652,1.0,1.0,1e-06,0.004416848822942476
0.307693,1350,3.295802005702652,1.0,1.0,1e-06,0.004416848822942476
0.307693,1375,3.295802005702652,1.0,1.0,1e-06,0.004416848822942476
0.307693,1400,3.295802005702652,1.0,1.0,1e-06,0.004416848822942476
0.307693,1425,3.295802005702652,1.0,1.0,1e-06,0.004416848822942476
0.307693,1450,3.295802005702652,1.0,1.0,1e-06,0.004416848822942476
0.307693,1475,3.295802005702652,1.0,1.0,1e-06,0.004416848822942476
0.307693,1500,3.295802005702652,1.0,1.0,1e-06,0.004416848822942476
0.307693,1525,3.295802005702652,1.0,1.0,1e-06,0.004416848822942476
0.33333399999999996,-100,3.3157383269458904,3.42199183044919,0.8742244308978067,-25.925925925925927,0.004098349420841566
0.33333399999999996,-75,3.3157383269458904,3.4066160918557467,0.6611406133014947,-22.01598242293977,0.004127808751117335
0.33333399999999996,-50,3.3157383269458904,3.3769696561856932,0.4446298469846056,-14.806173904587366,0.004135526817014613
0.33333399999999996,-25,3.3157383269458904,3.3465024749492516,0.22433891992329522,-7.47048603344573,0.004118091897318162
0.33333399999999996,0,3.3157383269458904,3.3157383269458904,0.0,0.0,0.004071691170637358
0.33333399999999996,25,3.3157383269458904,3.284387864020443,0.2285816358582421,7.611768474079461,0.004118683198550509
0.33333399999999996,50,3.3157383269458904,3.2521530168179256,0.46169460469318474,15.37443033628305,0.004135783163159305
0.33333399999999996,75,3.3157383269458904,3.219671694749696,0.6995285438341408,23.294300509676884,0.004124040219893559
0.33333399999999996,100,3.3157383269458904,3.1875926433958304,0.9420912076782257,31.371637215684913,0.004084762381671019
0.33333399999999996,125,3.3157383269458904,3.1565600295718266,1.18919130907925,39.60007059233902,0.004019646808530136
0.33333399999999996,150,3.3157383269458904,3.1271879183764386,1.440432945533743,47.96641708627364,0.003930883731222205
0.33333399999999996,175,3.3157383269458904,3.1000262923530313,1.695229252802992,56.45113411833963,0.00382121702179903
0.33333399999999996,200,3.3157383269458904,3.075522904272964,1.952840604003173,65.02959211330565,0.003693940171950979
0.33333399999999996,225,3.3157383269458904,3.0539869229222454,2.212438012108928,73.6741858032273,0.0035528238441988836
0.33333399999999996,250,3.3157383269458904,3.0355610887717726,2.473186105618829,82.35709731710699,0.003401980488643575
0.33333399999999996,275,3.3157383269458904,3.0202074262174228,2.7343347965345197,91.0533487245995,0.0032456895311157876
0.33333399999999996,300,3.3157383269458904,3.007707349523211,2.9953077085232853,99.74374669382539,0.0030882234489167035
0.33333399999999996,325,3.3157383269458904,2.997673959554004,3.255777610054639,108.41739441481947,0.0029337023741313087
0.33333399999999996,350,3.3157383269458904,2.989568775800323,3.515727952335465,117.07374081277098,0.0027860180163474164
0.33333399999999996,375,3.3157383269458904,2.982715686557924,3.7755060973501102,125.72435304175866,0.0026488316092376702
0.33333399999999996,400,3.3157383269458904,2.976303197028799,4.035883180182529,134.39490990007818,0.002525654655890311
0.33333399999999996,425,3.3157383269458904,2.9695462953609697,4.297883074832266,143.11950639191446,0.0024189017997093866
0.33333399999999996,450,3.3157383269458904,2.9620451670204044,4.562223987660222,151.92205878908538,0.0023281224777010234
0.33333399999999996,475,3.3157383269458904,2.953481488640217,4.829644038443435,160.8271464801664,0.0022524607706718683
0.33333399999999996,500,3.3157383269458904,2.943543351521006,5.101000128724576,169.86330428652835,0.0021911440907628845
0.33333399999999996,525,3.3157383269458904,2.9319187755837914,5.377285993411109,179.0636235805899,0.0021434814268089255
0.33333399999999996,550,3.3157383269458904,2.9182885918441683,5.659658391111742,188.466624424021,0.002108860050506986
0.33333399999999996,575,3.3157383269458904,2.9023196484805087,5.949471236328995,198.11739216975553,0.0020867359192329087
0.33333399999999996,600,3.3157383269458904,2.883658171153123,6.248319651150935,208.06904438332614,0.002076619119741547
0.33333399999999996,625,3.3157383269458904,2.861924183126419,6.558094333674985,218.38454131137698,0.0020780506765468096
0.33333399999999996,650,3.3157383269458904,2.836709781868077,6.881042129965516,229.13870292785165,0.0020905614763327175
0.33333399999999996,675,3.3157383269458904,2.807586116916072,7.21982137899146,240.4200519204156,0.0021136016150517588
0.33333399999999996,700,3.3157383269458904,1.0,1.0,1e-06,0.004071654002393698
0.33333399999999996,725,3.3157383269458904,1.0,1.0,1e-06,0.004071654002393698
0.33333399999999996,750,3.3157383269458904,1.0,1.0,1e-06,0.004071654002393698
0.33333399999999996,775,3.3157383269458904,1.0,1.0,1e-06,0.004071654002393698
0.33333399999999996,800,3.3157383269458904,1.0,1.0,1e-06,0.004071654002393698
0.33333399999999996,825,3.3157383269458904,1.0,1.0,1e-06,0.004071654002393698
0.33333399999999996,850,3.3157383269458904,1.0,1.0,1e-06,0.004071654002393698
0.33333399999999996,875,3.3157383269458904,1.0,1.0,1e-06,0.004071654002393698
0.33333399999999996,900,3.3157383269458904,1.0,1.0,1e-06,0.004071654002393698
0.33333399999999996,925,3.3157383269458904,1.0,1.0,1e-06,0.004071654002393698
0.33333399999999996,950,3.3157383269458904,1.0,1.0,1e-06,0.004071654002393698
0.33333399999999996,975,3.3157383269458904,1.0,1.0,1e-06,0.004071654002393698
0.33333399999999996,1000,3.3157383269458904,1.0,1.0,1e-06,0.004071654002393698
0.33333399999999996,1025,3.3157383269458904,1.0,1.0,1e-06,0.004071654002393698
0.33333399999999996,1050,3.3157383269458904,1.0,1.0,1e-06,0.004071654002393698
0.33333399999999996,1075,3.3157383269458904,1.0,1.0,1e-06,0.004071654002393698
0.33333399999999996,1100,3.3157383269458904,1.0,1.0,1e-06,0.004071654002393698
0.33333399999999996,1125,3.3157383269458904,1.0,1.0,1e-06,0.004071654002393698
0.33333399999999996,1150,3.3157383269458904,1.0,1.0,1e-06,0.004071654002393698
0.33333399999999996,1175,3.3157383269458904,1.0,1.0,1e-06,0.004071654002393698
0.33333399999999996,1200,3.3157383269458904,1.0,1.0,1e-06,0.004071654002393698
0.33333399999999996,1225,3.3157383269458904,1.0,1.0,1e-06,0.004071654002393698
0.33333399999999996,1250,3.3157383269458904,1.0,1.0,1e-06,0.004071654002393698
0.33333399999999996,1275,3.3157383269458904,1.0,1.0,1e-06,0.004071654002393698
0.33333399999999996,1300,3.3157383269458904,1.0,1.0,1e-06,0.004071654002393698
0.33333399999999996,1325,3.3157383269458904,1.0,1.0,1e-06,0.004071654002393698
0.33333399999999996,1350,3.3157383269458904,1.0,1.0,1e-06,0.004071654002393698
0.33333399999999996,1375,3.3157383269458904,1.0,1.0,1e-06,0.004071654002393698
0.33333399999999996,1400,3.3157383269458904,1.0,1.0,1e-06,0.004071654002393698
0.33333399999999996,1425,3.3157383269458904,1.0,1.0,1e-06,0.004071654002393698
0.33333399999999996,1450,3.3157383269458904,1.0,1.0,1e-06,0.004071654002393698
0.33333399999999996,1475,3.3157383269458904,1.0,1.0,1e-06,0.004071654002393698
0.33333399999999996,1500,3.3157383269458904,1.0,1.0,1e-06,0.004071654002393698
0.33333399999999996,1525,3.3157383269458904,1.0,1.0,1e-06,0.004071654002393698
0.358975,-100,3.3383420760714,3.4391191516851056,0.8701884439789975,-25.925925925925927,0.0038871157736714906
0.358975,-75,3.3383420760714,3.4240723055761624,0.6577700618600886,-21.903743059940947,0.003913953394639268
0.358975,-50,3.3383420760714,3.3960672163205485,0.4421295003484338,-14.722912361602845,0.0039207691271527555
0.358975,-25,3.3383420760714,3.367330194075114,0.22295133161330932,-7.4242793427231994,0.0039045026009327374
0.358975,0,3.3383420760714,3.3383420760714,0.0,0.0,0.0038617564264624388
0.358975,25,3.3383420760714,3.3088376516584583,0.22689259183642976,7.55552330815311,0.0039050140155221106
0.358975,50,3.3383420760714,3.278543984594882,0.4579781477865503,15.250672321292125,0.003921013462011879
0.358975,75,3.3383420760714,3.248038575053844,0.693419182133611,23.090858765049244,0.003910790063565822
0.358975,100,3.3383420760714,3.21790338339171,0.9332172676476693,31.076135012667386,0.0038756007666525
0.358975,125,3.3383420760714,3.1887115747022783,1.1772007802569087,39.200785982555054,0.0038170280931537895
0.358975,150,3.3383420760714,3.1610063883428197,1.425022271741128,47.453241648979564,0.0037370616119413993
0.358975,175,3.3383420760714,3.1352735561805747,1.676171205187362,55.816501132739155,0.003638144917179621
0.358975,200,3.3383420760714,3.1119105551994064,1.9300059881127123,64.26919940415331,0.003523173199157063
0.358975,225,3.3383420760714,3.0911971175207746,2.185805854456756,72.78733495340997,0.003395439037695492
0.358975,250,3.3383420760714,3.0732721755516987,2.442838472697199,81.34652114081672,0.003258527799373823
0.358975,275,3.3383420760714,3.0581204909138116,2.700435866668738,89.92451436006895,0.003116186805697349
0.358975,300,3.3383420760714,3.045570959493531,2.9580689889777454,98.50369733295891,0.002972184034760179
0.358975,325,3.3383420760714,3.0353041746406326,3.215414073258498,107.07328863950796,0.002830191407037369
0.358975,350,3.3383420760714,3.026864659694907,3.472408479462678,115.63120236610717,0.0026937142397802385
0.358975,375,3.3383420760714,3.0196721245613656,3.7292993400391317,124.18566802330308,0.002566076718693796
0.358975,400,3.3383420760714,3.013024372140619,3.9866959335207817,132.75697458624202,0.0024504754265806754
0.358975,425,3.3383420760714,3.006177527485425,4.245511998567304,141.3755495522912,0.002349519062085881
0.358975,450,3.3383420760714,2.998722896868291,4.50642289343451,150.06388235136916,0.0022631640197599517
0.358975,475,3.3383420760714,2.9903748461811097,4.770058938423924,158.84296264951666,0.0021906367401247242
0.358975,500,3.3383420760714,2.9808563865164164,5.037148076953263,167.73703096254363,0.0021312270015963956
0.358975,525,3.3383420760714,2.969893966334471,5.308528164466537,176.77398787673567,0.002084289177171519
0.358975,550,3.3383420760714,2.957212828856783,5.585163284612684,185.98593737760237,0.0020492369078465356
0.358975,575,3.3383420760714,2.9425322477673768,5.868165856251423,195.40992301317237,0.0020255359717701866
0.358975,600,3.3383420760714,2.925561382821672,6.1588241230610725,205.0888432979337,0.002012692092909604
0.358975,625,3.3383420760714,2.9059964227399036,6.458634505500434,215.07252903316444,0.0020102318751495604
0.358975,650,3.3383420760714,2.883520636553227,6.76933581541899,225.41888265345236,0.002017672318149996
0.358975,675,3.3383420760714,2.857810430078234,7.092937326047678,236.19481295738765,0.002034471629484343
0.358975,700,3.3383420760714,2.828553766666347,7.43172050280515,247.47629274341148,0.002059948061100188
0.358975,725,3.3383420760714,1.0,1.0,1e-06,0.0038617275612421245
0.358975,750,3.3383420760714,1.0,1.0,1e-06,0.0038617275612421245
0.358975,775,3.3383420760714,1.0,1.0,1e-06,0.0038617275612421245
0.358975,800,3.3383420760714,1.0,1.0,1e-06,0.0038617275612421245
0.358975,825,3.3383420760714,1.0,1.0,1e-06,0.0038617275612421245
0.358975,850,3.3383420760714,1.0,1.0,1e-06,0.0038617275612421245
0.358975,875,3.3383420760714,1.0,1.0,1e-06,0.0038617275612421245
0.358975,900,3.3383420760714,1.0,1.0,1e-06,0.0038617275612421245
0.358975,925,3.3383420760714,1.0,1.0,1e-06,0.0038617275612421245
0.358975,950,3.3383420760714,1.0,1.0,1e-06,0.0038617275612421245
0.358975,975,3.3383420760714,1.0,1.0,1e-06,0.0038617275612421245
0.358975,1000,3.3383420760714,1.0,1.0,1e-06,0.0038617275612421245
0.358975,1025,3.3383420760714,1.0,1.0,1e-06,0.0038617275612421245
0.358975,1050,3.3383420760714,1.0,1.0,1e-06,0.0038617275612421245
0.358975,1075,3.3383420760714,1.0,1.0,1e-06,0.0038617275612421245
0.358975,1100,3.3383420760714,1.0,1.0,1e-06,0.0038617275612421245
0.358975,1125,3.3383420760714,1.0,1.0,1e-06,0.0038617275612421245
0.358975,1150,3.3383420760714,1.0,1.0,1e-06,0.0038617275612421245
0.358975,1175,3.3383420760714,1.0,1.0,1e-06,0.0038617275612421245
0.358975,1200,3.3383420760714,1.0,1.0,1e-06,0.0038617275612421245
0.358975,1225,3.3383420760714,1.0,1.0,1e-06,0.0038617275612421245
0.358975,1250,3.3383420760714,1.0,1.0,1e-06,0.0038617275612421245
0.358975,1275,3.3383420760714,1.0,1.0,1e-06,0.0038617275612421245
0.358975,1300,3.3383420760714,1.0,1.0,1e-06,0.0038617275612421245
0.358975,1325,3.3383420760714,1.0,1.0,1e-06,0.0038617275612421245
0.358975,1350,3.3383420760714,1.0,1.0,1e-06,0.0038617275612421245
0.358975,1375,3.3383420760714,1.0,1.0,1e-06,0.0038617275612421245
0.358975,1400,3.3383420760714,1.0,1.0,1e-06,0.0038617275612421245
0.358975,1425,3.3383420760714,1.0,1.0,1e-06,0.0038617275612421245
0.358975,1450,3.3383420760714,1.0,1.0,1e-06,0.0038617275612421245
0.358975,1475,3.3383420760714,1.0,1.0,1e-06,0.0038617275612421245
0.358975,1500,3.3383420760714,1.0,1.0,1e-06,0.0038617275612421245
0.358975,1525,3.3383420760714,1.0,1.0,1e-06,0.0038617275612421245
0.38461599999999996,-100,3.3640444491077544,3.465216155401645,0.8638503761273878,-25.925925925925927,0.003902337242764362
0.38461599999999996,-75,3.3640444491077544,3.4494999975161957,0.6529213665383325,-21.74228150572647,0.003930385520302188
0.38461599999999996,-50,3.3640444491077544,3.421579460879547,0.4388328602824636,-14.613134247406036,0.0039372122911965676
0.38461599999999996,-25,3.3640444491077544,3.3929250965877094,0.22126947379586617,-7.368273477402343,0.003919594945617646
0.38461599999999996,0,3.3640444491077544,3.3640444491077544,0.0,0.0,0.0038739578554812574
0.38461599999999996,25,3.3640444491077544,3.3346550746158385,0.2251359537799399,7.497027260871998,0.00392013707157005
0.38461599999999996,50,3.3640444491077544,3.3044660300087125,0.45438551580375725,15.131037676265114,0.003937497240688102
0.38461599999999996,75,3.3640444491077544,3.274084773420847,0.6879028516720544,22.90716496067941,0.003927141391845072
0.38461599999999996,100,3.3640444491077544,3.244122745514517,0.9256749015292666,30.824974220924574,0.0038904072630767056
0.38461599999999996,125,3.3640444491077544,3.2151811564167145,1.1675092541091134,38.87805816183347,0.003828979628339011
0.38461599999999996,150,3.3640444491077544,3.187828385676611,1.413032308998789,47.053975889659675,0.0037449771267865895
0.38461599999999996,175,3.3640444491077544,3.1625706555792408,1.6617036669154608,55.33473210828484,0.0036410006130371863
0.38461599999999996,200,3.3640444491077544,3.139819688170399,1.912850610063459,63.69792531511318,0.0035201265948320458
0.38461599999999996,225,3.3640444491077544,3.11986221739974,2.165722806306556,72.11856945000831,0.0033858440838497018
0.38461599999999996,250,3.3640444491077544,3.1028369560178293,2.419562359842014,80.57142658273905,0.0032419370509927646
0.38461599999999996,275,3.3640444491077544,3.088722311727386,2.6736810320898616,89.03357836859239,0.0030923404677789664
0.38461599999999996,300,3.3640444491077544,3.077336810527079,2.927534281652442,97.4868915790263,0.002940986566878684
0.38461599999999996,325,3.3640444491077544,3.0683493402282225,3.1807850663555266,105.92014270963902,0.0027916796684283813
0.38461599999999996,350,3.3640444491077544,3.0612941981434396,3.433355251149905,114.33072986329182,0.002648021676467219
0.38461599999999996,375,3.3640444491077544,3.0555852921209845,3.685467818652983,122.72607836114432,0.002513395368823498
0.38461599999999996,400,3.3640444491077544,3.0505216610971884,3.937691105491651,131.12511381287197,0.0023910201401845348
0.38461599999999996,425,3.3640444491077544,3.0453249035327925,4.190936326024543,139.55817965661728,0.0022837754573696153
0.38461599999999996,450,3.3640444491077544,3.0395106819377458,4.4459503280634625,148.0501459245133,0.002192053004361639
0.38461599999999996,475,3.3640444491077544,3.032787275371728,4.703351395628596,156.62160147443225,0.0021150158765941528
0.38461599999999996,500,3.3640444491077544,3.0248745529061813,4.963847178584374,165.29611104685964,0.002051892776263938
0.38461599999999996,525,3.3640444491077544,3.0154972726353138,5.228247396817474,174.10063831402186,0.002001986781023588
0.38461599999999996,550,3.3640444491077544,3.004379561187843,5.497479988842147,183.0660836284435,0.001964672432988178
0.38461599999999996,575,3.3640444491077544,2.991239921327356,5.7726119339852096,192.22797740170745,0.0019393874545188187
0.38461599999999996,600,3.3640444491077544,2.9757864046046794,6.054876112794001,201.62737455604022,0.001925621683851082
0.38461599999999996,625,3.3640444491077544,2.9577127781675996,6.345703648883933,211.31193150783494,0.00192289980050222
0.38461599999999996,650,3.3640444491077544,2.936696960237663,6.646759874719873,221.33710382817173,0.001930753956199993
0.38461599999999996,675,3.3640444491077544,2.9124042304297,6.959978308807624,231.76727768329388,0.0019486798274224585
0.38461599999999996,700,3.3640444491077544,2.88450060960686,7.287577250290844,242.6763224346851,0.0019760635676764906
0.38461599999999996,725,3.3640444491077544,2.852686399691767,7.632024247083108,254.14640742786747,0.002012060900609514
0.38461599999999996,750,3.3640444491077544,1.0,1.0,1e-06,0.0038739686435181027
0.38461599999999996,775,3.3640444491077544,1.0,1.0,1e-06,0.0038739686435181027
0.38461599999999996,800,3.3640444491077544,1.0,1.0,1e-06,0.0038739686435181027
0.38461599999999996,825,3.3640444491077544,1.0,1.0,1e-06,0.0038739686435181027
0.38461599999999996,850,3.3640444491077544,1.0,1.0,1e-06,0.0038739686435181027
0.38461599999999996,875,3.3640444491077544,1.0,1.0,1e-06,0.0038739686435181027
0.38461599999999996,900,3.3640444491077544,1.0,1.0,1e-06,0.0038739686435181027
0.38461599999999996,925,3.3640444491077544,1.0,1.0,1e-06,0.0038739686435181027
0.38461599999999996,950,3.3640444491077544,1.0,1.0,1e-06,0.0038739686435181027
0.38461599999999996,975,3.3640444491077544,1.0,1.0,1e-06,0.0038739686435181027
0.38461599999999996,1000,3.3640444491077544,1.0,1.0,1e-06,0.0038739686435181027
0.38461599999999996,1025,3.3640444491077544,1.0,1.0,1e-06,0.0038739686435181027
0.38461599999999996,1050,3.3640444491077544,1.0,1.0,1e-06,0.0038739686435181027
0.38461599999999996,1075,3.3640444491077544,1.0,1.0,1e-06,0.0038739686435181027
0.38461599999999996,1100,3.3640444491077544,1.0,1.0,1e-06,0.0038739686435181027
0.38461599999999996,1125,3.3640444491077544,1.0,1.0,1e-06,0.0038739686435181027
0.38461599999999996,1150,3.3640444491077544,1.0,1.0,1e-06,0.0038739686435181027
0.38461599999999996,1175,3.3640444491077544,1.0,1.0,1e-06,0.0038739686435181027
0.38461599999999996,1200,3.3640444491077544,1.0,1.0,1e-06,0.0038739686435181027
0.38461599999999996,1225,3.3640444491077544,1.0,1.0,1e-06,0.0038739686435181027
0.38461599999999996,1250,3.3640444491077544,1.0,1.0,1e-06,0.0038739686435181027
0.38461599999999996,1275,3.3640444491077544,1.0,1.0,1e-06,0.0038739686435181027
0.38461599999999996,1300,3.3640444491077544,1.0,1.0,1e-06,0.0038739686435181027
0.38461599999999996,1325,3.3640444491077544,1.0,1.0,1e-06,0.0038739686435181027
0.38461599999999996,1350,3.3640444491077544,1.0,1.0,1e-06,0.0038739686435181027
0.38461599999999996,1375,3.3640444491077544,1.0,1.0,1e-06,0.0038739686435181027
0.38461599999999996,1400,3.3640444491077544,1.0,1.0,1e-06,0.0038739686435181027
0.38461599999999996,1425,3.3640444491077544,1.0,1.0,1e-06,0.0038739686435181027
0.38461599999999996,1450,3.3640444491077544,1.0,1.0,1e-06,0.0038739686435181027
0.38461599999999996,1475,3.3640444491077544,1.0,1.0,1e-06,0.0038739686435181027
0.38461599999999996,1500,3.3640444491077544,1.0,1.0,1e-06,0.0038739686435181027
0.38461599999999996,1525,3.3640444491077544,1.0,1.0,1e-06,0.0038739686435181027
0.410257,-100,3.390561711742538,3.4926421325897614,0.8572750313276524,-25.925925925925927,0.003937387661250035
0.410257,-75,3.390561711742538,3.476137096217229,0.6479181315095937,-21.57567377926947,0.003966290246606992
0.410257,-50,3.390561711742538,3.4481719024485784,0.43544856346496874,-14.500437163383458,0.003972996817745427
0.410257,-25,3.390561711742538,3.4194708694913247,0.21955173165795355,-7.311072664209853,0.003954160911340244
0.410257,0,3.390561711742538,3.390561711742538,0.0,0.0,0.0039060706426868714
0.410257,25,3.390561711742538,3.361146669909264,0.22336149667964822,7.437937839432285,0.003954730796126084
0.410257,50,3.390561711742538,3.3309186487076,0.45077699573482016,15.01087395796951,0.003973323818582354
0.410257,75,3.390561711742538,3.300507505951226,0.6823957370771503,22.723778044669103,0.003962994428756032
0.410257,100,3.390561711742538,3.270547206666288,0.9181958899361069,30.575923134872358,0.003925131043365668
0.410257,125,3.390561711742538,3.2416610007883246,1.1579723335786494,38.56047870816902,0.0038614850215194234
0.410257,150,3.390561711742538,3.214437804251824,1.4013350945992091,46.66445865015366,0.003774262309804685
0.410257,175,3.390561711742538,3.1894015891350698,1.6477245365267474,54.869227066340684,0.003666173798370663
0.410257,200,3.390561711742538,3.1669777913475325,1.8964471498394948,63.15169008965517,0.0035404265519669875
0.410257,225,3.390561711742538,3.14746193826245,2.1467318395871717,71.48617025825281,0.0034006545965724498
0.410257,250,3.390561711742538,3.130996435655255,2.397801358702708,79.84678524480016,0.0032507918169966234
0.410257,275,3.390561711742538,3.1175588811612274,2.6489502117060977,88.21004204981304,0.0030949178147669826
0.410257,300,3.390561711742538,3.1069639025543756,2.899618177604927,96.55728531424406,0.0029370938533037514
0.410257,325,3.390561711742538,3.098875333590669,3.1494522073758677,104.8767585056164,0.002781229915074547
0.410257,350,3.390561711742538,3.0928234167066635,3.3983545435330513,113.1652062996506,0.002631005631249346
0.410257,375,3.390561711742538,3.0882213862019587,3.6465200686635013,121.42911828649459,0.002489850291321813
0.410257,400,3.390561711742538,3.084373560214827,3.8944737975173727,129.6859774573285,0.0023609965975578094
0.410257,425,3.390561711742538,3.0804899956691623,4.143095020826503,137.96506419352255,0.002247465457185891
0.410257,450,3.390561711742538,3.076011827721482,4.393192962305181,146.29332564476252,0.002150131474793757
0.410257,475,3.390561711742538,3.0706389875665896,4.645373266613918,154.69092977824346,0.0020681414523435375
0.410257,500,3.390561711742538,3.064090839539137,4.900316538028419,163.18054071634634,0.002000672817789586
0.410257,525,3.390561711742538,3.0560930619379914,5.158797669521247,171.78796239505752,0.0019469853716256066
0.410257,550,3.390561711742538,3.0463718381206952,5.421700762145157,180.54263537943373,0.001906418796305279
0.410257,575,3.390561711742538,3.0346486899942136,5.690038298074032,189.47827532586524,0.001878384322087714
0.410257,600,3.390561711742538,3.0206352864210455,5.964976340909528,198.63371215228727,0.0018623546895095004
0.410257,625,3.390561711742538,3.004029000522134,6.247865371974287,208.05391688674374,0.0018578487586504667
0.410257,650,3.390561711742538,2.9845101809481163,6.540275735738513,217.79118200009248,0.001864407580993107
0.410257,675,3.390561711742538,2.961743092063207,6.844033948991035,227.90633050140144,0.0018815564216049451
0.410257,700,3.390561711742538,2.935384838187387,7.161248756058027,238.4695835767323,0.0019087418476104697
0.410257,725,3.390561711742538,2.905110385230097,7.494301036704793,249.56022452226958,0.0019452271588620965
0.410257,750,3.390561711742538,1.0,1.0,1e-06,0.0039061062811428003
0.410257,775,3.390561711742538,1.0,1.0,1e-06,0.0039061062811428003
0.410257,800,3.390561711742538,1.0,1.0,1e-06,0.0039061062811428003
0.410257,825,3.390561711742538,1.0,1.0,1e-06,0.0039061062811428003
0.410257,850,3.390561711742538,1.0,1.0,1e-06,0.0039061062811428003
0.410257,875,3.390561711742538,1.0,1.0,1e-06,0.0039061062811428003
0.410257,900,3.390561711742538,1.0,1.0,1e-06,0.0039061062811428003
0.410257,925,3.390561711742538,1.0,1.0,1e-06,0.0039061062811428003
0.410257,950,3.390561711742538,1.0,1.0,1e-06,0.0039061062811428003
0.410257,975,3.390561711742538,1.0,1.0,1e-06,0.0039061062811428003
0.410257,1000,3.390561711742538,1.0,1.0,1e-06,0.0039061062811428003
0.410257,1025,3.390561711742538,1.0,1.0,1e-06,0.0039061062811428003
0.410257,1050,3.390561711742538,1.0,1.0,1e-06,0.0039061062811428003
0.410257,1075,3.390561711742538,1.0,1.0,1e-06,0.0039061062811428003
0.410257,1100,3.390561711742538,1.0,1.0,1e-06,0.0039061062811428003
0.410257,1125,3.390561711742538,1.0,1.0,1e-06,0.0039061062811428003
0.410257,1150,3.390561711742538,1.0,1.0,1e-06,0.0039061062811428003
0.410257,1175,3.390561711742538,1.0,1.0,1e-06,0.0039061062811428003
0.410257,1200,3.390561711742538,1.0,1.0,1e-06,0.0039061062811428003
0.410257,1225,3.390561711742538,1.0,1.0,1e-06,0.0039061062811428003
0.410257,1250,3.390561711742538,1.0,1.0,1e-06,0.0039061062811428003
0.410257,1275,3.390561711742538,1.0,1.0,1e-06,0.0039061062811428003
0.410257,1300,3.390561711742538,1.0,1.0,1e-06,0.0039061062811428003
0.410257,1325,3.390561711742538,1.0,1.0,1e-06,0.0039061062811428003
0.410257,1350,3.390561711742538,1.0,1.0,1e-06,0.0039061062811428003
0.410257,1375,3.390561711742538,1.0,1.0,1e-06,0.0039061062811428003
0.410257,1400,3.390561711742538,1.0,1.0,1e-06,0.0039061062811428003
0.410257,1425,3.390561711742538,1.0,1.0,1e-06,0.0039061062811428003
0.410257,1450,3.390561711742538,1.0,1.0,1e-06,0.0039061062811428003
0.410257,1475,3.390561711742538,1.0,1.0,1e-06,0.0039061062811428003
0.410257,1500,3.390561711742538,1.0,1.0,1e-06,0.0039061062811428003
0.410257,1525,3.390561711742538,1.0,1.0,1e-06,0.0039061062811428003
0.435898,-100,3.416959476659039,3.517549344821762,0.8514408561325552,-25.925925925925927,0.003879894914847881
0.435898,-75,3.416959476659039,3.5006718340898693,0.6433771455866291,-21.424458948034747,0.003907326557644945
0.435898,-50,3.416959476659039,3.4732948312726015,0.43229889037417407,-14.395553049459995,0.003913385919943907
0.435898,-25,3.416959476659039,3.445222575006592,0.21791066742598242,-7.256425225285214,0.003894906578664846
0.435898,0,3.416959476659039,3.416959476659039,0.0,0.0,0.0038483872371184017
0.435898,25,3.416959476659039,3.3882168983540453,0.2215769454179442,7.3785122824175415,0.0038954435806098247
0.435898,50,3.416959476659039,3.358697010524849,0.44704880993920587,14.886725370975554,0.003913719416614194
0.435898,75,3.416959476659039,3.328997724592387,0.6765556598654713,22.52930347352019,0.0039043262997472627
0.435898,100,3.416959476659039,3.2997192315413106,0.9100783406957603,30.305608745168815,0.00386859891525586
0.435898,125,3.416959476659039,3.2714505530750952,1.147427935361978,38.209350247553864,0.0038082019882884387
0.435898,150,3.416959476659039,3.244748314493424,1.3882446550273528,46.22854701241084,0.0037252125211588855
0.435898,175,3.416959476659039,3.220109317767666,1.632011443294246,54.34598106169839,0.0036221658905723235
0.435898,200,3.416959476659039,3.197940346387179,1.878085691245366,62.540253518470685,0.0035020505666350553
0.435898,225,3.416959476659039,3.1785296692031855,2.1257491544669413,70.78744684374914,0.0033682498534259317
0.435898,250,3.416959476659039,3.1620253565026757,2.3742717597341176,79.0632495991461,0.0032244326086884856
0.435898,275,3.416959476659039,3.14842356198841,2.622981976746069,87.34529982564409,0.00307441745814225
0.435898,300,3.416959476659039,3.1375686512838534,2.871334466362238,95.61543772986252,0.0029220263171783473
0.435898,325,3.416959476659039,3.1291628470532227,3.1189683109495787,103.86164475462097,0.0027709616026758716
0.435898,350,3.416959476659039,3.1227810876261626,3.3657532230350045,112.07958232706564,0.002624727741886282
0.435898,375,3.416959476659039,3.1178860728385267,3.611825768543556,120.2737980925004,0.0024866048014090345
0.435898,400,3.416959476659039,3.113837293048801,3.85762353056376,128.4588635677732,0.0023596828991898637
0.435898,425,3.416959476659039,3.1098950004091375,4.103920795101987,136.66056247689616,0.0022469135988066333
0.435898,450,3.416959476659039,3.1054737900622396,4.35151427030485,144.9054252011515,0.0021495791904575607
0.435898,475,3.416959476659039,3.100278749781049,4.600961853920928,153.2120297355669,0.0020669442694843114
0.435898,500,3.416959476659039,3.094045941611475,4.852873970964611,161.60070323312152,0.001998218625210663
0.435898,525,3.416959476659039,3.0865196001453024,5.107942863872814,170.09449736696467,0.001942684105769985
0.435898,550,3.416959476659039,3.077447207841991,5.366953647305115,178.71955645526032,0.0018996928794529537
0.435898,575,3.416959476659039,3.066575290361716,5.630798409397776,187.50558703294593,0.00186865997883977
0.435898,600,3.416959476659039,3.0536452235021394,5.9004948837355995,196.48647962839544,0.0018490547229713565
0.435898,625,3.416959476659039,3.0383899098169396,6.177208760510786,205.70105172500917,0.0018403871232908872
0.435898,650,3.416959476659039,3.0205317499089177,6.462279206337797,215.19389757104864,0.0018421885156814752
0.435898,675,3.416959476659039,2.9997836355393663,6.757244099248392,225.01622850497142,0.0018539811279009858
0.435898,700,3.416959476659039,2.9758555730577063,7.06385794100277,235.22646943539223,0.0018752307283279076
0.435898,725,3.416959476659039,2.9484723715743377,7.3840853933953365,245.8900436000647,0.001905270739008394
0.435898,750,3.416959476659039,2.917412346408536,7.720034005562756,257.07713238523974,0.0019431799538743614
0.435898,775,3.416959476659039,1.0,1.0,1e-06,0.0038484115321576334
0.435898,800,3.416959476659039,1.0,1.0,1e-06,0.0038484115321576334
0.435898,825,3.416959476659039,1.0,1.0,1e-06,0.0038484115321576334
0.435898,850,3.416959476659039,1.0,1.0,1e-06,0.0038484115321576334
0.435898,875,3.416959476659039,1.0,1.0,1e-06,0.0038484115321576334
0.435898,900,3.416959476659039,1.0,1.0,1e-06,0.0038484115321576334
0.435898,925,3.416959476659039,1.0,1.0,1e-06,0.0038484115321576334
0.435898,950,3.416959476659039,1.0,1.0,1e-06,0.0038484115321576334
0.435898,975,3.416959476659039,1.0,1.0,1e-06,0.0038484115321576334
0.435898,1000,3.416959476659039,1.0,1.0,1e-06,0.0038484115321576334
0.435898,1025,3.416959476659039,1.0,1.0,1e-06,0.0038484115321576334
0.435898,1050,3.416959476659039,1.0,1.0,1e-06,0.0038484115321576334
0.435898,1075,3.416959476659039,1.0,1.0,1e-06,0.0038484115321576334
0.435898,1100,3.416959476659039,1.0,1.0,1e-06,0.0038484115321576334
0.435898,1125,3.416959476659039,1.0,1.0,1e-06,0.0038484115321576334
0.435898,1150,3.416959476659039,1.0,1.0,1e-06,0.0038484115321576334
0.435898,1175,3.416959476659039,1.0,1.0,1e-06,0.0038484115321576334
0.435898,1200,3.416959476659039,1.0,1.0,1e-06,0.0038484115321576334
0.435898,1225,3.416959476659039,1.0,1.0,1e-06,0.0038484115321576334
0.435898,1250,3.416959476659039,1.0,1.0,1e-06,0.0038484115321576334
0.435898,1275,3.416959476659039,1.0,1.0,1e-06,0.0038484115321576334
0.435898,1300,3.416959476659039,1.0,1.0,1e-06,0.0038484115321576334
0.435898,1325,3.416959476659039,1.0,1.0,1e-06,0.0038484115321576334
0.435898,1350,3.416959476659039,1.0,1.0,1e-06,0.0038484115321576334
0.435898,1375,3.416959476659039,1.0,1.0,1e-06,0.0038484115321576334
0.435898,1400,3.416959476659039,1.0,1.0,1e-06,0.0038484115321576334
0.435898,1425,3.416959476659039,1.0,1.0,1e-06,0.0038484115321576334
0.435898,1450,3.416959476659039,1.0,1.0,1e-06,0.0038484115321576334
0.435898,1475,3.416959476659039,1.0,1.0,1e-06,0.0038484115321576334
0.435898,1500,3.416959476659039,1.0,1.0,1e-06,0.0038484115321576334
0.435898,1525,3.416959476659039,1.0,1.0,1e-06,0.0038484115321576334
0.461539,-100,3.444345706623319,3.5421392275981414,0.8457774894314205,-25.925925925925927,0.0037720358090288625
0.461539,-75,3.444345706623319,3.525124241036114,0.6389142901783971,-21.27584586294062,0.0037967249308521827
0.461539,-50,3.444345706623319,3.4986789476458124,0.42916241357665325,-14.291108372102553,0.0038018913304552434
0.461539,-25,3.444345706623319,3.4716005104191585,0.21625493731135123,-7.201289412467996,0.0037847116307603975
0.461539,0,3.444345706623319,3.444345706623319,0.0,0.0,0.0037420782765713667
0.461539,25,3.444345706623319,3.41664909303151,0.21973305724663325,7.317110806312886,0.0037851843883399505
0.461539,50,3.444345706623319,3.3882367643120146,0.44315129252969576,14.756938041238868,0.0038022076229164634
0.461539,75,3.444345706623319,3.3596452976895312,0.6703839401740277,22.32378520779512,0.0037941777411570807
0.461539,100,3.444345706623319,3.3314111887138176,0.9014206991849584,30.017309282859113,0.0037623131655571468
0.461539,125,3.444345706623319,3.304059683012788,1.1361034950588158,37.83224638545856,0.0037081071576138933
0.461539,150,3.444345706623319,3.278087427906293,1.374125798524392,45.75838909086225,0.0036333944883174965
0.461539,175,3.444345706623319,3.253940164641226,1.6150436053991466,53.780952059791574,0.0035403899464332175
0.461539,200,3.444345706623319,3.231987861871009,1.8583009165539097,61.88142052124519,0.003431689883062774
0.461539,225,3.444345706623319,3.2125010401048857,2.1032699047892467,70.03888782948191,0.0033102276992588347
0.461539,250,3.444345706623319,3.195631456848856,2.3493032938505687,78.23179968522393,0.0031791963213833522
0.461539,275,3.444345706623319,3.181400536806536,2.5957933189223117,86.43991752011297,0.0030419414705665448
0.461539,300,3.444345706623319,3.1696968490929667,2.8422304838353885,94.64627511171842,0.002901845394403136
0.461539,325,3.444345706623319,3.1602812836802547,3.0882566720118634,102.83894717799504,0.0027622260898043003
0.461539,350,3.444345706623319,3.1527978752596955,3.333708955143458,111.01250820627715,0.0026262610950280154
0.461539,375,3.444345706623319,3.14678496872485,3.57865611193147,119.16924852731793,0.002496959086137539
0.461539,400,3.444345706623319,3.1416832263890857,3.8234319460075223,127.32028380205048,0.0023771740935230254
0.461539,425,3.444345706623319,3.1368366727832626,4.068673027671081,135.486811821447,0.0022696602695567963
0.461539,450,3.444345706623319,3.1316712337191177,4.315112444758483,143.69324441045748,0.0021759858940275023
0.461539,475,3.444345706623319,3.1259040705695287,4.563244406174424,151.9560387256083,0.002095616855535504
0.461539,500,3.444345706623319,3.1192968000433674,4.813589721505906,160.29253772614666,0.002027848028304878
0.461539,525,3.444345706623319,3.1116201514860964,5.066738547195776,168.72239362161932,0.001972029604341678
0.461539,550,3.444345706623319,3.1026508209294703,5.323356532775613,177.26777254142792,0.0019275634865553123
0.461539,575,3.444345706623319,3.092168245224814,5.584193969371762,185.95365918007968,0.0018938990657745131
0.461539,600,3.444345706623319,3.0799518372623185,5.850097329454905,194.8082410708483,0.0018705259457092328
0.461539,625,3.444345706623319,3.0657788763658553,6.122022991761589,203.8633656256609,0.0018569635063937781
0.461539,650,3.444345706623319,3.0494237196177503,6.401051908249184,213.1550285446978,0.0018527453454974686
0.461539,675,3.444345706623319,3.030659067323676,6.688403353852206,222.72383168327846,0.0018573972806283296
0.461539,700,3.444345706623319,3.0092612538737837,6.985442355315922,232.61523043202018,0.0018704039797457948
0.461539,725,3.444345706623319,2.9850223637589854,7.293671242166164,242.87925236413324,0.0018911592422711332
0.461539,750,3.444345706623319,2.9577744499193823,7.614685603608619,253.569030600167,0.0019188907081920934
0.461539,775,3.444345706623319,2.92743416192883,7.950058647241775,264.7369529531511,0.0019525477608181277
0.461539,800,3.444345706623319,1.0,1.0,1e-06,0.003742071251156725
0.461539,825,3.444345706623319,1.0,1.0,1e-06,0.003742071251156725
0.461539,850,3.444345706623319,1.0,1.0,1e-06,0.003742071251156725
0.461539,875,3.444345706623319,1.0,1.0,1e-06,0.003742071251156725
0.461539,900,3.444345706623319,1.0,1.0,1e-06,0.003742071251156725
0.461539,925,3.444345706623319,1.0,1.0,1e-06,0.003742071251156725
0.461539,950,3.444345706623319,1.0,1.0,1e-06,0.003742071251156725
0.461539,975,3.444345706623319,1.0,1.0,1e-06,0.003742071251156725
0.461539,1000,3.444345706623319,1.0,1.0,1e-06,0.003742071251156725
0.461539,1025,3.444345706623319,1.0,1.0,1e-06,0.003742071251156725
0.461539,1050,3.444345706623319,1.0,1.0,1e-06,0.003742071251156725
0.461539,1075,3.444345706623319,1.0,1.0,1e-06,0.003742071251156725
0.461539,1100,3.444345706623319,1.0,1.0,1e-06,0.003742071251156725
0.461539,1125,3.444345706623319,1.0,1.0,1e-06,0.003742071251156725
0.461539,1150,3.444345706623319,1.0,1.0,1e-06,0.003742071251156725
0.461539,1175,3.444345706623319,1.0,1.0,1e-06,0.003742071251156725
0.461539,1200,3.444345706623319,1.0,1.0,1e-06,0.003742071251156725
0.461539,1225,3.444345706623319,1.0,1.0,1e-06,0.003742071251156725
0.461539,1250,3.444345706623319,1.0,1.0,1e-06,0.003742071251156725
0.461539,1275,3.444345706623319,1.0,1.0,1e-06,0.003742071251156725
0.461539,1300,3.444345706623319,1.0,1.0,1e-06,0.003742071251156725
0.461539,1325,3.444345706623319,1.0,1.0,1e-06,0.003742071251156725
0.461539,1350,3.444345706623319,1.0,1.0,1e-06,0.003742071251156725
0.461539,1375,3.444345706623319,1.0,1.0,1e-06,0.003742071251156725
0.461539,1400,3.444345706623319,1.0,1.0,1e-06,0.003742071251156725
0.461539,1425,3.444345706623319,1.0,1.0,1e-06,0.003742071251156725
0.461539,1450,3.444345706623319,1.0,1.0,1e-06,0.003742071251156725
0.461539,1475,3.444345706623319,1.0,1.0,1e-06,0.003742071251156725
0.461539,1500,3.444345706623319,1.0,1.0,1e-06,0.003742071251156725
0.461539,1525,3.444345706623319,1.0,1.0,1e-06,0.003742071251156725
0.48718,-100,3.473964845446127,3.5690215779281003,0.8396529802565043,-25.925925925925927,0.0036664739671618323
0.48718,-75,3.473964845446127,3.5518462319165023,0.6341074768422572,-21.115778978847164,0.003688302787616485
0.48718,-50,3.473964845446127,3.5263223224217537,0.4257981444164526,-14.17907820906787,0.003692586796096737
0.48718,-25,3.473964845446127,3.500226390707428,0.21448634086751725,-7.142395150888324,0.003676854151374505
0.48718,0,3.473964845446127,3.473964845446127,0.0,0.0,0.0036383969077100646
0.48718,25,3.473964845446127,3.4472971168092466,0.21777953141608888,7.252058396155759,0.00367726336167079
0.48718,50,3.473964845446127,3.419974958393209,0.4390387414435762,14.619990090071086,0.0036928812345491213
0.48718,75,3.473964845446127,3.3924715253028728,0.6638971721512615,22.107775832637007,0.003686183574511751
0.48718,100,3.473964845446127,3.365258202459324,0.8923544115599845,29.71540190494748,0.0036582592197315677
0.48718,125,3.473964845446127,3.3387955855811278,1.1242837896290083,37.43865019464597,0.0036104202251482204
0.48718,150,3.473964845446127,3.3135196919557712,1.3594319404348443,45.26908361648031,0.0035442545037944017
0.48718,175,3.473964845446127,3.2898242818655348,1.5974273410965285,53.19433045851439,0.0034616576991076398
0.48718,200,3.473964845446127,3.2680410067770156,1.8378000745863379,61.19874248372505,0.0033648377452179497
0.48718,225,3.473964845446127,3.2484200038812427,2.080013282975637,69.2644423230887,0.003256286111607095
0.48718,250,3.473964845446127,3.2311133093506044,2.3235048692911304,77.37271214739464,0.003138723321897924
0.48718,275,3.473964845446127,3.2161639052029916,2.5677355077887527,85.50559240936546,0.0030150184681358755
0.48718,300,3.473964845446127,3.2035008914474505,2.812238645870467,93.64754690748654,0.0028881050591305396
0.48718,325,3.473964845446127,3.1929416008828646,3.05666716768673,101.78701668396809,0.00276089479501883
0.48718,350,3.473964845446127,3.1841976574640887,3.30083482282351,109.91779960002286,0.0026362171462353218
0.48718,375,3.473964845446127,3.1768834554348606,3.5447511434503647,118.04021307689713,0.0025167812075850226
0.48718,400,3.473964845446127,3.170521829033537,3.7886545684732305,126.16219713015856,0.002405181768509747
0.48718,425,3.473964845446127,3.1645447341084663,4.033048616820504,134.30051894012277,0.002303938315201999
0.48718,450,3.473964845446127,3.158407359554632,4.278584734370382,142.4768716545337,0.0022147979684494544
0.48718,475,3.473964845446127,3.1518366584172908,4.525699079668401,150.70577935295773,0.0021374640601831314
0.48718,500,3.473964845446127,3.1446197603987236,4.774826897707715,159.00173569366692,0.0020713301248605253
0.48718,525,3.473964845446127,3.136553348778025,5.026461855625054,167.38117979231427,0.002015826971029602
0.48718,550,3.473964845446127,3.127441309716916,5.2811595425308,175.86261276627565,0.0019704218553249103
0.48718,575,3.473964845446127,3.1170925730327133,5.539542654797519,184.46677040475737,0.0019346154954107105
0.48718,600,3.473964845446127,3.1053193113966886,5.802307657022877,193.2168449788618,0.0019079368265731101
0.48718,625,3.473964845446127,3.0919356686652275,6.0702326244941425,202.13874639565492,0.0018899354210554834
0.48718,650,3.473964845446127,3.0767575752533074,6.344185085141943,211.2613633352267,0.0018801699654022227
0.48718,675,3.473964845446127,3.059603949840981,6.625128808362206,220.61678931846143,0.001878192937560224
0.48718,700,3.473964845446127,3.040300622138381,6.914125816359562,230.2403896847734,0.0018835280113167104
0.48718,725,3.473964845446127,3.0186884436872896,7.212328194153695,240.17052886531803,0.0018956380864454266
0.48718,750,3.473964845446127,2.994638249079256,7.5209493264995855,250.44761257243619,0.0019138796790416062
0.48718,775,3.473964845446127,2.9680768877122947,7.841196220227173,261.11183413356486,0.0019374378775764674
0.48718,800,3.473964845446127,2.9390295305384346,8.174134956589834,272.19869405444143,0.0019652383593019808
0.48718,825,3.473964845446127,2.90768517510789,8.520446087790612,283.73085472342734,0.001995833942312091
0.48718,850,3.473964845446127,1.0,1.0,1e-06,0.003638357314762385
0.48718,875,3.473964845446127,1.0,1.0,1e-06,0.003638357314762385
0.48718,900,3.473964845446127,1.0,1.0,1e-06,0.003638357314762385
0.48718,925,3.473964845446127,1.0,1.0,1e-06,0.003638357314762385
0.48718,950,3.473964845446127,1.0,1.0,1e-06,0.003638357314762385
0.48718,975,3.473964845446127,1.0,1.0,1e-06,0.003638357314762385
0.48718,1000,3.473964845446127,1.0,1.0,1e-06,0.003638357314762385
0.48718,1025,3.473964845446127,1.0,1.0,1e-06,0.003638357314762385
0.48718,1050,3.473964845446127,1.0,1.0,1e-06,0.003638357314762385
0.48718,1075,3.473964845446127,1.0,1.0,1e-06,0.003638357314762385
0.48718,1100,3.473964845446127,1.0,1.0,1e-06,0.003638357314762385
0.48718,1125,3.473964845446127,1.0,1.0,1e-06,0.003638357314762385
0.48718,1150,3.473964845446127,1.0,1.0,1e-06,0.003638357314762385
0.48718,1175,3.473964845446127,1.0,1.0,1e-06,0.003638357314762385
0.48718,1200,3.473964845446127,1.0,1.0,1e-06,0.003638357314762385
0.48718,1225,3.473964845446127,1.0,1.0,1e-06,0.003638357314762385
0.48718,1250,3.473964845446127,1.0,1.0,1e-06,0.003638357314762385
0.48718,1275,3.473964845446127,1.0,1.0,1e-06,0.003638357314762385
0.48718,1300,3.473964845446127,1.0,1.0,1e-06,0.003638357314762385
0.48718,1325,3.473964845446127,1.0,1.0,1e-06,0.003638357314762385
0.48718,1350,3.473964845446127,1.0,1.0,1e-06,0.003638357314762385
0.48718,1375,3.473964845446127,1.0,1.0,1e-06,0.003638357314762385
0.48718,1400,3.473964845446127,1.0,1.0,1e-06,0.003638357314762385
0.48718,1425,3.473964845446127,1.0,1.0,1e-06,0.003638357314762385
0.48718,1450,3.473964845446127,1.0,1.0,1e-06,0.003638357314762385
0.48718,1475,3.473964845446127,1.0,1.0,1e-06,0.003638357314762385
0.48718,1500,3.473964845446127,1.0,1.0,1e-06,0.003638357314762385
0.48718,1525,3.473964845446127,1.0,1.0,1e-06,0.003638357314762385
0.5128210000000001,-100,3.506993150578402,3.60069058029327,0.8325063414515581,-25.925925925925927,0.0036140437175734654
0.5128210000000001,-75,3.506993150578402,3.583057931502852,0.6285838228988901,-20.93184130253304,0.003633926887991694
0.5128210000000001,-50,3.506993150578402,3.558109138103317,0.4219942231175887,-14.052407629815702,0.0036375252463115007
0.5128210000000001,-25,3.506993150578402,3.5326298144932275,0.21251894202745622,-7.0768807695142915,0.0036225937315861596
0.5128210000000001,0,3.506993150578402,3.506993150578402,0.0,0.0,0.00358668103660412
0.5128210000000001,25,3.506993150578402,3.4809733804576237,0.21567264919792617,7.1818992182909405,0.0036229650862422374
0.5128210000000001,50,3.506993150578402,3.4543374295966105,0.43467134641703,14.474555835687097,0.0036378125573959604
0.5128210000000001,75,3.506993150578402,3.42751679359408,0.6571090348737734,21.881730861296653,0.003632087310099237
0.5128210000000001,100,3.506993150578402,3.400940476058795,0.8829919324207207,29.40363134961,0.00360678833368022
0.5128210000000001,125,3.506993150578402,3.3750273146798038,1.1122143330297398,37.03673728989033,0.003563106406098581
0.5128210000000001,150,3.506993150578402,3.350174408234894,1.3445582096956536,44.77378838286526,0.0035024675822053555
0.5128210000000001,175,3.506993150578402,3.326742169466785,1.5797001954310086,52.604016507852585,0.003426563085438727
0.5128210000000001,200,3.506993150578402,3.3050375989274716,1.817227739846299,60.51368373688175,0.0033373534575923186
0.5128210000000001,225,3.506993150578402,3.2852975198493306,2.056665101389854,68.48694787628213,0.003237049359091783
0.5128210000000001,250,3.506993150578402,3.267673859245802,2.2975082064157677,76.50702327364506,0.0031280695692030695
0.5128210000000001,275,3.506993150578402,3.2522231570263838,2.53926556067237,84.55754317038992,0.0030129777190739523
0.5128210000000001,300,3.506993150578402,3.2389010115983248,2.7815018047011173,92.6240100965472,0.0028944130004804366
0.5128210000000001,325,3.506993150578402,3.2275621625688578,3.023879717313283,100.69519458653231,0.0027750181044579637
0.5128210000000001,350,3.506993150578402,3.217964301270897,3.2661986046145723,108.76441353366525,0.0026573843403113074
0.5128210000000001,375,3.506993150578402,3.2097742776359883,3.5084277856308415,116.83064526150702,0.002544014648529386
0.5128210000000001,400,3.506993150578402,3.202572887215214,3.750738058129574,124.89957733571481,0.002437320204414652
0.5128210000000001,425,3.506993150578402,3.195855909001697,3.993535104888232,132.9847189927781,0.002339646569419771
0.5128210000000001,450,3.506993150578402,3.189098603486762,4.237408494907837,141.10570288043095,0.0022528823470800135
0.5128210000000001,475,3.506993150578402,3.1820204432409858,4.482769522918487,149.27622511318563,0.0021769890489326924
0.5128210000000001,500,3.506993150578402,3.174425101057701,4.729995050131155,157.50883516936744,0.0021114247284166267
0.5128210000000001,525,3.506993150578402,3.16612558326437,4.979513715154277,165.8178067146374,0.0020556752864343743
0.5128210000000001,550,3.506993150578402,3.1569424278678646,5.23180795782565,174.2192049955941,0.0020092545062376445
0.5128210000000001,575,3.506993150578402,3.1467020477513072,5.487417303969656,182.73099622218953,0.0019717021757436467
0.5128210000000001,600,3.506993150578402,3.135235373102779,5.7469426929138425,191.37319167403095,0.0019425802236127418
0.5128210000000001,625,3.506993150578402,3.1223768403041543,6.011051749583335,200.16802326112503,0.0019214672953656762
0.5128210000000001,650,3.506993150578402,3.1079643997387887,6.28048362496046,209.14010471118328,0.001907949464741167
0.5128210000000001,675,3.506993150578402,3.0918403313088634,6.556053385101326,218.31657772387413,0.0019016092300357618
0.5128210000000001,700,3.506993150578402,3.073854131782511,6.8386527531256185,227.7271366790831,0.0019020088036599608
0.5128210000000001,725,3.506993150578402,3.0538682456879616,7.129243968698831,237.40382415767107,0.00190866725293144
0.5128210000000001,750,3.506993150578402,3.0317683311283883,7.428840222148473,247.38037939754415,0.001921028743699678
0.5128210000000001,775,3.506993150578402,3.0074804114868274,7.738462130753336,257.6907889540861,0.0019384190685239244
0.5128210000000001,800,3.506993150578402,2.9809985162792723,8.059052660653306,268.36645359975506,0.001959986530520705
0.5128210000000001,825,3.506993150578402,2.9524263223127387,8.391327020607184,279.4311897862192,0.001984627516670343
0.5128210000000001,850,3.506993150578402,2.9220363883054157,8.73552623358281,290.8930235783076,0.002010899935231749
0.5128210000000001,875,3.506993150578402,1.0,1.0,1e-06,0.003586625780984756
0.5128210000000001,900,3.506993150578402,1.0,1.0,1e-06,0.003586625780984756
0.5128210000000001,925,3.506993150578402,1.0,1.0,1e-06,0.003586625780984756
0.5128210000000001,950,3.506993150578402,1.0,1.0,1e-06,0.003586625780984756
0.5128210000000001,975,3.506993150578402,1.0,1.0,1e-06,0.003586625780984756
0.5128210000000001,1000,3.506993150578402,1.0,1.0,1e-06,0.003586625780984756
0.5128210000000001,1025,3.506993150578402,1.0,1.0,1e-06,0.003586625780984756
0.5128210000000001,1050,3.506993150578402,1.0,1.0,1e-06,0.003586625780984756
0.5128210000000001,1075,3.506993150578402,1.0,1.0,1e-06,0.003586625780984756
0.5128210000000001,1100,3.506993150578402,1.0,1.0,1e-06,0.003586625780984756
0.5128210000000001,1125,3.506993150578402,1.0,1.0,1e-06,0.003586625780984756
0.5128210000000001,1150,3.506993150578402,1.0,1.0,1e-06,0.003586625780984756
0.5128210000000001,1175,3.506993150578402,1.0,1.0,1e-06,0.003586625780984756
0.5128210000000001,1200,3.506993150578402,1.0,1.0,1e-06,0.003586625780984756
0.5128210000000001,1225,3.506993150578402,1.0,1.0,1e-06,0.003586625780984756
0.5128210000000001,1250,3.506993150578402,1.0,1.0,1e-06,0.003586625780984756
0.5128210000000001,1275,3.506993150578402,1.0,1.0,1e-06,0.003586625780984756
0.5128210000000001,1300,3.506993150578402,1.0,1.0,1e-06,0.003586625780984756
0.5128210000000001,1325,3.506993150578402,1.0,1.0,1e-06,0.003586625780984756
0.5128210000000001,1350,3.506993150578402,1.0,1.0,1e-06,0.003586625780984756
0.5128210000000001,1375,3.506993150578402,1.0,1.0,1e-06,0.003586625780984756
0.5128210000000001,1400,3.506993150578402,1.0,1.0,1e-06,0.003586625780984756
0.5128210000000001,1425,3.506993150578402,1.0,1.0,1e-06,0.003586625780984756
0.5128210000000001,1450,3.506993150578402,1.0,1.0,1e-06,0.003586625780984756
0.5128210000000001,1475,3.506993150578402,1.0,1.0,1e-06,0.003586625780984756
0.5128210000000001,1500,3.506993150578402,1.0,1.0,1e-06,0.003586625780984756
0.5128210000000001,1525,3.506993150578402,1.0,1.0,1e-06,0.003586625780984756
0.538462,-100,3.543038736786694,3.636902670613969,0.8244491731545741,-25.925925925925927,0.003620466019052031
0.538462,-75,3.543038736786694,3.618474412957212,0.6224314435352309,-20.726967069723187,0.003639494187295266
0.538462,-50,3.543038736786694,3.593718881719518,0.4178127313016386,-13.913163952344565,0.0036426038754674276
0.538462,-25,3.543038736786694,3.568453334579443,0.21038547526339701,-7.00583632627112,0.0036276322496212113
0.538462,0,3.543038736786694,3.543038736786694,0.0,0.0,0.0035922220688841882
0.538462,25,3.543038736786694,3.517251603442059,0.21344812239649028,7.107822475803125,0.0036279934441837062
0.538462,50,3.543038736786694,3.490861011536189,0.4301235415960456,14.323113935148317,0.0036429037349527023
0.538462,75,3.543038736786694,3.464282374945281,0.6501352974403035,21.649505404762106,0.003637790349893608
0.538462,100,3.543038736786694,3.437928423295328,0.8734920083427926,29.087283877814993,0.0036136173433344845
0.538462,125,3.543038736786694,3.412202113166603,1.100097130609355,36.63323444929152,0.003571528028768468
0.538462,150,3.543038736786694,3.387485955634549,1.3297485402151914,44.28062638916587,0.0035128857434185696
0.538462,175,3.543038736786694,3.3641282415414553,1.5621447453641895,52.01942002062751,0.003439301998643858
0.538462,200,3.543038736786694,3.3424275494505595,1.7968993843990118,59.83674950048709,0.0033526417964014183
0.538462,225,3.543038736786694,3.322617099689588,2.033564673277581,67.71770362014344,0.0032550075580462996
0.538462,250,3.543038736786694,3.3048508267728005,2.2716630495660275,75.64637955054872,0.0031487020453468025
0.538462,275,3.543038736786694,3.289193142729455,2.5107246366825846,83.60713040153006,0.0030361715901278358
0.538462,300,3.543038736786694,3.275613160256309,2.7503275167889716,91.58590630907274,0.002919942459573533
0.538462,325,3.543038736786694,3.2639840566513696,2.9901370810532177,99.57156479907214,0.002802553928909678
0.538462,350,3.543038736786694,3.2540860735656,3.2299423779512484,107.55708118577657,0.0026865052494498658
0.538462,375,3.543038736786694,3.2456119670357833,3.469688112946591,115.54061416112147,0.002574218355254272
0.538462,400,3.543038736786694,3.2381716417814648,3.7095044181795327,123.52649712537843,0.0024680299538955702
0.538462,425,3.543038736786694,3.231293797692497,3.949737647463936,131.52626366054906,0.0023702105603696576
0.538462,450,3.543038736786694,3.2244572508405516,4.19094206009114,139.55837060103494,0.0022827830718724364
0.538462,475,3.543038736786694,3.217348304577196,4.433546795033368,147.63710827461114,0.0022060201260763
0.538462,500,3.543038736786694,3.209775177140104,4.677902403243499,155.77415002800848,0.0021394022023979503
0.538462,525,3.543038736786694,3.2015559690951294,4.924407356283615,163.98276496424435,0.0020824308442781974
0.538462,550,3.543038736786694,3.1925163792030458,5.17351034566644,172.27789451069242,0.0020346333961139343
0.538462,575,3.543038736786694,3.1824881592029532,5.425712965289341,180.67624174413504,0.0019955616416591996
0.538462,600,3.543038736786694,3.171307800987207,5.681573391396803,189.19639393351352,0.001964788694281981
0.538462,625,3.543038736786694,3.1588156181037057,5.94171076690953,197.85896853808734,0.0019419039810117393
0.538462,650,3.543038736786694,3.144855423131708,6.2068098189651,206.68676697153782,0.0019265060820745177
0.538462,675,3.543038736786694,3.1292751930595633,6.477624695721174,215.70490236751507,0.0019181925824855203
0.538462,700,3.543038736786694,3.1119292720382115,6.754980330016609,224.94084498955309,0.001916545946862183
0.538462,725,3.543038736786694,3.0926828303441667,7.0397686947254545,234.4242975343576,0.0019211144543432937
0.538462,750,3.543038736786694,3.071420071674349,7.332934602541892,244.18672226464497,0.0019313853789364257
0.538462,775,3.543038736786694,3.048057945809219,7.63544318613488,254.2602580982915,0.0019467485586604188
0.538462,800,3.543038736786694,3.0225682038152595,7.94821569078227,264.67558250304955,0.0019664471049777987
0.538462,825,3.543038736786694,2.9950109729091094,8.27201469339212,275.45808928995757,0.001989514140936009
0.538462,850,3.543038736786694,2.9655832344694066,8.60725311258798,286.6215286491797,0.002014696889793243
0.538462,875,3.543038736786694,1.0,1.0,1e-06,0.003592172914209789
0.538462,900,3.543038736786694,1.0,1.0,1e-06,0.003592172914209789
0.538462,925,3.543038736786694,1.0,1.0,1e-06,0.003592172914209789
0.538462,950,3.543038736786694,1.0,1.0,1e-06,0.003592172914209789
0.538462,975,3.543038736786694,1.0,1.0,1e-06,0.003592172914209789
0.538462,1000,3.543038736786694,1.0,1.0,1e-06,0.003592172914209789
0.538462,1025,3.543038736786694,1.0,1.0,1e-06,0.003592172914209789
0.538462,1050,3.543038736786694,1.0,1.0,1e-06,0.003592172914209789
0.538462,1075,3.543038736786694,1.0,1.0,1e-06,0.003592172914209789
0.538462,1100,3.543038736786694,1.0,1.0,1e-06,0.003592172914209789
0.538462,1125,3.543038736786694,1.0,1.0,1e-06,0.003592172914209789
0.538462,1150,3.543038736786694,1.0,1.0,1e-06,0.003592172914209789
0.538462,1175,3.543038736786694,1.0,1.0,1e-06,0.003592172914209789
0.538462,1200,3.543038736786694,1.0,1.0,1e-06,0.003592172914209789
0.538462,1225,3.543038736786694,1.0,1.0,1e-06,0.003592172914209789
0.538462,1250,3.543038736786694,1.0,1.0,1e-06,0.003592172914209789
0.538462,1275,3.543038736786694,1.0,1.0,1e-06,0.003592172914209789
0.538462,1300,3.543038736786694,1.0,1.0,1e-06,0.003592172914209789
0.538462,1325,3.543038736786694,1.0,1.0,1e-06,0.003592172914209789
0.538462,1350,3.543038736786694,1.0,1.0,1e-06,0.003592172914209789
0.538462,1375,3.543038736786694,1.0,1.0,1e-06,0.003592172914209789
0.538462,1400,3.543038736786694,1.0,1.0,1e-06,0.003592172914209789
0.538462,1425,3.543038736786694,1.0,1.0,1e-06,0.003592172914209789
0.538462,1450,3.543038736786694,1.0,1.0,1e-06,0.003592172914209789
0.538462,1475,3.543038736786694,1.0,1.0,1e-06,0.003592172914209789
0.538462,1500,3.543038736786694,1.0,1.0,1e-06,0.003592172914209789
0.538462,1525,3.543038736786694,1.0,1.0,1e-06,0.003592172914209789
0.564103,-100,3.580141655921948,3.674672776390699,0.8162011988021985,-25.925925925925927,0.0036462003609375416
0.564103,-75,3.580141655921948,3.655337485490284,0.6161543937303955,-20.517941311222167,0.003664881794315669
0.564103,-50,3.580141655921948,3.6306502865202823,0.4135626907048057,-13.77163760047003,0.0036675834830718
0.564103,-25,3.580141655921948,3.6054654173304908,0.20822575280908173,-6.933917568542421,0.003652157839809188
0.564103,0,3.580141655921948,3.580141655921948,0.0,0.0,0.003616267150313538
0.564103,25,3.580141655921948,3.554451895257859,0.2112142104813284,7.033433209028235,0.0036525207392476672
0.564103,50,3.580141655921948,3.528161251238857,0.4255762122477461,14.171687867849945,0.003667904992531927
0.564103,75,3.580141655921948,3.501681017840805,0.6431917244252663,21.418284423361367,0.0036632550268855505
0.564103,100,3.580141655921948,3.4754196416650047,0.8640691808843906,28.773503723450204,0.0036395294526330372
0.564103,125,3.580141655921948,3.4497758751615897,1.0881152543215364,36.23423796890716,0.0035978618033095156
0.564103,150,3.580141655921948,3.425128467147481,1.315134468009006,43.7939777846999,0.0035396005710315553
0.564103,175,3.580141655921948,3.401822865288529,1.544835067363075,51.44300774319039,0.0034663367959277915
0.564103,200,3.580141655921948,3.3801562263821787,1.7768427267145304,59.16886279959385,0.0033799099742228295
0.564103,225,3.580141655921948,3.3603622415886893,2.010722734928228,66.95706707310998,0.003282393090684263
0.564103,250,3.580141655921948,3.342597561475658,2.2460099875718105,74.79213258614128,0.0031760572433564543
0.564103,275,3.580141655921948,3.3269317127723212,2.4822445938863824,82.65874497641653,0.0030633170540137105
0.564103,300,3.580141655921948,3.3133413012091775,2.719010264871065,90.54304182020645,0.0029466687814902735
0.564103,325,3.580141655921948,3.301709179760151,2.955971961306642,98.43386631151118,0.002828624807651554
0.564103,350,3.580141655921948,3.2918272467918896,3.1929107217742727,106.32392703508327,0.0027116606503343743
0.564103,375,3.580141655921948,3.2834017728718683,3.4297542732370085,114.21081729879238,0.002598176688235795
0.564103,400,3.580141655921948,3.276058236822988,3.6666051528012096,122.09795158828027,0.002490487474551114
0.564103,425,3.580141655921948,3.2693436295894003,3.9037691380167505,129.99551229595778,0.0023908365823041714
0.564103,450,3.580141655921948,3.2627377809234956,4.141771242704219,137.92098238205048,0.0023013458105977103
0.564103,475,3.580141655921948,3.2558776038326687,4.381081232130175,145.8900050299348,0.002222661189316873
0.564103,500,3.580141655921948,3.2485671349723053,4.622042393205158,153.91401169373174,0.0021542841831023916
0.564103,525,3.580141655921948,3.240624228035017,4.865039775168713,162.0058245131181,0.0020957112431438506
0.564103,550,3.580141655921948,3.2318744039980607,5.110506923191197,170.17988054226686,0.002046465485897375
0.564103,575,3.580141655921948,3.2221492546279618,5.358928436498201,178.45231693539006,0.002006095563464161
0.564103,600,3.580141655921948,3.2112850483058297,5.610843555455703,186.8410903966749,0.001974172848344084
0.564103,625,3.580141655921948,3.1991216846464017,5.866850535522307,195.3661228328928,0.00195028680382552
0.564103,650,3.580141655921948,3.18550216132878,6.127611450552988,204.04946130341446,0.0019340384045726663
0.564103,675,3.580141655921948,3.170272964244468,6.393856459328901,212.91542009565237,0.0019250305660968396
0.564103,700,3.580141655921948,3.1532857203638933,6.666386393490271,221.99066690322599,0.0019228553232111204
0.564103,725,3.580141655921948,3.134400963673282,6.946071043271023,231.30416574092504,0.001927075938389814
0.564103,750,3.580141655921948,3.113495170126211,7.233838914742733,240.886835860933,0.001937202106241863
0.564103,775,3.580141655921948,3.090472762567564,7.53065147674618,250.77069417564778,0.00195265597108171
0.564103,800,3.580141655921948,3.065285701310207,7.837450197139973,260.9870915647611,0.0019727257448822334
0.564103,825,3.580141655921948,3.0379637783005435,8.155059303779437,271.5634748158552,0.001996505155890535
0.564103,850,3.580141655921948,3.008659339562981,8.484019838960302,282.517860637378,0.0020228183629511674
0.564103,875,3.580141655921948,2.9777075762474903,8.824330664930391,293.850211142182,0.002050140026555791
0.564103,900,3.580141655921948,1.0,1.0,1e-06,0.00361623742644703
0.564103,925,3.580141655921948,1.0,1.0,1e-06,0.00361623742644703
0.564103,950,3.580141655921948,1.0,1.0,1e-06,0.00361623742644703
0.564103,975,3.580141655921948,1.0,1.0,1e-06,0.00361623742644703
0.564103,1000,3.580141655921948,1.0,1.0,1e-06,0.00361623742644703
0.564103,1025,3.580141655921948,1.0,1.0,1e-06,0.00361623742644703
0.564103,1050,3.580141655921948,1.0,1.0,1e-06,0.00361623742644703
0.564103,1075,3.580141655921948,1.0,1.0,1e-06,0.00361623742644703
0.564103,1100,3.580141655921948,1.0,1.0,1e-06,0.00361623742644703
0.564103,1125,3.580141655921948,1.0,1.0,1e-06,0.00361623742644703
0.564103,1150,3.580141655921948,1.0,1.0,1e-06,0.00361623742644703
0.564103,1175,3.580141655921948,1.0,1.0,1e-06,0.00361623742644703
0.564103,1200,3.580141655921948,1.0,1.0,1e-06,0.00361623742644703
0.564103,1225,3.580141655921948,1.0,1.0,1e-06,0.00361623742644703
0.564103,1250,3.580141655921948,1.0,1.0,1e-06,0.00361623742644703
0.564103,1275,3.580141655921948,1.0,1.0,1e-06,0.00361623742644703
0.564103,1300,3.580141655921948,1.0,1.0,1e-06,0.00361623742644703
0.564103,1325,3.580141655921948,1.0,1.0,1e-06,0.00361623742644703
0.564103,1350,3.580141655921948,1.0,1.0,1e-06,0.00361623742644703
0.564103,1375,3.580141655921948,1.0,1.0,1e-06,0.00361623742644703
0.564103,1400,3.580141655921948,1.0,1.0,1e-06,0.00361623742644703
0.564103,1425,3.580141655921948,1.0,1.0,1e-06,0.00361623742644703
0.564103,1450,3.580141655921948,1.0,1.0,1e-06,0.00361623742644703
0.564103,1475,3.580141655921948,1.0,1.0,1e-06,0.00361623742644703
0.564103,1500,3.580141655921948,1.0,1.0,1e-06,0.00361623742644703
0.564103,1525,3.580141655921948,1.0,1.0,1e-06,0.00361623742644703
0.589744,-100,3.6162737894290555,3.710893782524439,0.8084483688306243,-25.925925925925927,0.0036496283051076477
0.589744,-75,3.6162737894290555,3.6908088832206887,0.6102326951936027,-20.32074874994697,0.0036679304837046256
0.589744,-50,3.6162737894290555,3.6663270528389065,0.409538341741461,-13.637626779990649,0.0036702326744481612
0.589744,-25,3.6162737894290555,3.6413633543701365,0.20617298459099034,-6.865560386879978,0.003654408894141674
0.589744,0,3.6162737894290555,3.6162737894290555,0.0,0.0,0.0036181486341750773
0.589744,25,3.6162737894290555,3.590828616163504,0.20907451482684894,6.962181343734069,0.003654770252207257
0.589744,50,3.6162737894290555,3.564790088739683,0.4212033427281961,14.026071312848929,0.0036705717189823178
0.589744,75,3.6162737894290555,3.53856451512918,0.6364875481633055,21.195035353838072,0.0036663904071197436
0.589744,100,3.6162737894290555,3.5125548776396505,0.8549341170780356,28.46930609869858,0.003643183695093516
0.589744,125,3.6162737894290555,3.487154220139046,1.0764518907925091,35.845847963390554,0.003602078807617536
0.589744,150,3.6162737894290555,3.462735722662239,1.3008513687672723,43.31835057995016,0.003544411657213037
0.589744,175,3.6162737894290555,3.4396399387328747,1.5278503997110913,50.87741831037933,0.0034717534136386474
0.589744,200,3.6162737894290555,3.418160407829643,1.7570872309703889,58.511004791313944,0.0033859165862217934
0.589744,225,3.6162737894290555,3.3985290864775353,1.9881415120562982,66.20511235147472,0.0032889409173651224
0.589744,250,3.6162737894290555,3.380903282651115,2.2205626366278493,73.94473579970737,0.0031830596760191792
0.589744,275,3.6162737894290555,3.365355880185025,2.453903406436833,81.71498343434654,0.003070647495702293
0.589744,300,3.6162737894290555,3.3518696494567006,2.6877563721695634,89.50228719324646,0.0029541607065467924
0.589744,325,3.6162737894290555,3.3403362951865487,2.9217895736497095,97.29559280253532,0.002836073929910998
0.589744,350,3.6162737894290555,3.3305591219906545,3.155779593015735,105.08746044742396,0.0027188274054956935
0.589744,375,3.6162737894290555,3.3222579181149396,3.3896408824426665,112.87504138534078,0.0026047908173994264
0.589744,400,3.6162737894290555,3.3150744223157815,3.6234516881889136,120.66094121669082,0.002496245794837289
0.589744,425,3.6162737894290555,3.3085745951092522,3.8574807355496,128.45410849380167,0.0023954017347343217
0.589744,450,3.6162737894290555,3.3022504886740958,4.092213343555109,136.27070434038512,0.0023044079963847075
0.589744,475,3.6162737894290555,3.2956900628297605,4.328157075552371,144.12763061589393,0.002224304425385746
0.589744,500,3.6162737894290555,3.2886872713161415,4.565656073770117,152.03634725654487,0.002154659224745432
0.589744,525,3.6162737894290555,3.2810601651396705,4.805082800148723,160.00925724495247,0.0020949639418438052
0.589744,550,3.6162737894290555,3.2726345206558705,5.046856412553647,168.06031853803643,0.0020447376975273944
0.589744,575,3.6162737894290555,3.2632422001834875,5.291445197140546,176.20512506478016,0.002003526226128661
0.589744,600,3.6162737894290555,3.25271969092499,5.539370044178064,184.4610224711295,0.00197089929153443
0.589744,625,3.6162737894290555,3.2409069542931506,5.791208767627913,192.8472519620095,0.0019464463782447438
0.589744,650,3.6162737894290555,3.227646721614242,6.047600993257784,201.38511307548418,0.0019297705867123676
0.589744,675,3.6162737894290555,3.2127846426795035,6.309252727678817,210.09811583170458,0.0019204796061700988
0.589744,700,3.6162737894290555,3.1961704858003595,6.576939845484214,219.0120968546243,0.0019181739714932374
0.589744,725,3.6162737894290555,3.177661299518827,6.851507986413949,228.1552159475845,0.0019224302547218282
0.589744,750,3.6162737894290555,3.15712743359678,7.133865514216376,237.5577216234053,0.0019327780747120898
0.589744,775,3.6162737894290555,3.134463040997037,7.424963372951532,247.251280319286,0.0019486683660842367
0.589744,800,3.6162737894290555,3.1096034573745164,7.7257516443295495,257.267529756174,0.0019694297703823616
0.589744,825,3.6162737894290555,3.0825524417768957,8.037097581539827,267.6353494652762,0.0019942109617377213
0.589744,850,3.6162737894290555,3.053423144038727,8.359642382143997,278.37609132539507,0.002021907279143486
0.589744,875,3.6162737894290555,3.022495055577043,8.69357130222326,289.4959243640345,0.0020510780424851482
0.589744,900,3.6162737894290555,2.9902841577928285,9.038280511433422,300.97474103073296,0.0020798743093604194
0.589744,925,3.6162737894290555,1.0,1.0,1e-06,0.003618142659343409
0.589744,950,3.6162737894290555,1.0,1.0,1e-06,0.003618142659343409
0.589744,975,3.6162737894290555,1.0,1.0,1e-06,0.003618142659343409
0.589744,1000,3.6162737894290555,1.0,1.0,1e-06,0.003618142659343409
0.589744,1025,3.6162737894290555,1.0,1.0,1e-06,0.003618142659343409
0.589744,1050,3.6162737894290555,1.0,1.0,1e-06,0.003618142659343409
0.589744,1075,3.6162737894290555,1.0,1.0,1e-06,0.003618142659343409
0.589744,1100,3.6162737894290555,1.0,1.0,1e-06,0.003618142659343409
0.589744,1125,3.6162737894290555,1.0,1.0,1e-06,0.003618142659343409
0.589744,1150,3.6162737894290555,1.0,1.0,1e-06,0.003618142659343409
0.589744,1175,3.6162737894290555,1.0,1.0,1e-06,0.003618142659343409
0.589744,1200,3.6162737894290555,1.0,1.0,1e-06,0.003618142659343409
0.589744,1225,3.6162737894290555,1.0,1.0,1e-06,0.003618142659343409
0.589744,1250,3.6162737894290555,1.0,1.0,1e-06,0.003618142659343409
0.589744,1275,3.6162737894290555,1.0,1.0,1e-06,0.003618142659343409
0.589744,1300,3.6162737894290555,1.0,1.0,1e-06,0.003618142659343409
0.589744,1325,3.6162737894290555,1.0,1.0,1e-06,0.003618142659343409
0.589744,1350,3.6162737894290555,1.0,1.0,1e-06,0.003618142659343409
0.589744,1375,3.6162737894290555,1.0,1.0,1e-06,0.003618142659343409
0.589744,1400,3.6162737894290555,1.0,1.0,1e-06,0.003618142659343409
0.589744,1425,3.6162737894290555,1.0,1.0,1e-06,0.003618142659343409
0.589744,1450,3.6162737894290555,1.0,1.0,1e-06,0.003618142659343409
0.589744,1475,3.6162737894290555,1.0,1.0,1e-06,0.003618142659343409
0.589744,1500,3.6162737894290555,1.0,1.0,1e-06,0.003618142659343409
0.589744,1525,3.6162737894290555,1.0,1.0,1e-06,0.003618142659343409
0.6153850000000001,-100,3.6495452249871176,3.742681011370158,0.8017718644311105,-25.925925925925927,0.0035923803319172685
0.6153850000000001,-75,3.6495452249871176,3.7222796796305557,0.6050733545298215,-20.14894270584305,0.0036098397670437372
0.6153850000000001,-50,3.6495452249871176,3.6983738555479935,0.4059896484637624,-13.519455293843286,0.0036117306133711204
0.6153850000000001,-25,3.6495452249871176,3.6740144782220847,0.20434071645630847,-6.8045458579950715,0.0035960156262620953
0.6153850000000001,0,3.6495452249871176,3.6495452249871176,0.0,0.0,0.003560486761973204
0.6153850000000001,25,3.6495452249871176,3.624740975268789,0.20711845504907636,6.897044553134243,0.003596359212593004
0.6153850000000001,50,3.6495452249871176,3.5993688022668024,0.4171568916627522,13.891324492369648,0.0036120690109770546
0.6153850000000001,75,3.6495452249871176,3.573818591395919,0.6302088913171549,20.985956080861254,0.0036084433465606866
0.6153850000000001,100,3.6495452249871176,3.5484758808505745,0.8462796715651284,28.181113063118772,0.0035864212996190963
0.6153850000000001,125,3.6495452249871176,3.523715720227054,1.0652828013923548,35.47391728636541,0.0035470992319313705
0.6153850000000001,150,3.6495452249871176,3.4998935560329727,1.287040429198147,42.85844629229829,0.0034917660788146045
0.6153850000000001,175,3.6495452249871176,3.47733360251814,1.5112887792674303,50.32591634960543,0.003421927208888821
0.6153850000000001,200,3.6495452249871176,3.4563157855675812,1.7376901818650599,57.865083056106485,0.0033393098085105913
0.6153850000000001,225,3.6495452249871176,3.437062376642362,1.9658522355236925,65.46287944293896,0.003245852461011398
0.6153850000000001,250,3.6495452249871176,3.4197262949114755,2.195353329498511,73.10526587230041,0.0031436713529923808
0.6153850000000001,275,3.6495452249871176,3.4043817602446893,2.425773265118394,80.7782497284425,0.003035018282354598
0.6153850000000001,300,3.6495452249871176,3.391019159311953,2.6567260713551866,88.4689781761277,0.002922222806286742
0.6153850000000001,325,3.6495452249871176,3.379543381151967,2.887893025487073,96.16683774871952,0.0028076398284058806
0.6153850000000001,350,3.6495452249871176,3.3697762793621555,3.1190529100940734,103.86446190613263,0.002693596447626166
0.6153850000000001,375,3.6495452249871176,3.3614606999793195,3.350109451325892,111.55864472915219,0.0025823594908957934
0.6153850000000001,400,3.6495452249871176,3.3542654190822843,3.581115538345937,119.2511474269197,0.002476117104749778
0.6153850000000001,425,3.6495452249871176,3.347787609484064,3.8122976280235603,126.94951101318455,0.0023769891911731285
0.6153850000000001,450,3.6495452249871176,3.341551881275166,4.044083106785892,134.66796745597017,0.0022870571935575566
0.6153850000000001,475,3.6495452249871176,3.33511807005509,4.276989289326314,142.42374333456627,0.0022076877602732964
0.6153850000000001,500,3.6495452249871176,3.328267545701248,4.511360582897923,150.2283074105008,0.002138596146250747
0.6153850000000001,525,3.6495452249871176,3.3208237599003203,4.747546664818792,158.09330393846577,0.0020792877174275826
0.6153850000000001,550,3.6495452249871176,3.3126178534094493,4.985940801930172,166.03182870427472,0.0020292938661645513
0.6153850000000001,575,3.6495452249871176,3.3034871224632947,5.226981861031647,174.05849597235382,0.0019881712788026636
0.6153850000000001,600,3.6495452249871176,3.293273641882173,5.471157267004498,182.18953699124978,0.0019554996899852476
0.6153850000000001,625,3.6495452249871176,3.281823162392483,5.719006734989992,190.44292427516672,0.0019308780517532963
0.6153850000000001,650,3.6495452249871176,3.2689843841516018,5.97112657195682,198.83851484616207,0.0019139191475552385
0.6153850000000001,675,3.6495452249871176,3.2546090383717665,6.228173655048655,207.3981827131202,0.0019042413074642967
0.6153850000000001,700,3.6495452249871176,3.2385527007244272,6.490868904593976,216.14593452297936,0.0019014584991835508
0.6153850000000001,725,3.6495452249871176,3.220677471121302,6.759997536851082,225.107917977141,0.0019051651213324507
0.6153850000000001,750,3.6495452249871176,3.2008568834333317,7.036404107628898,234.3122567840423,0.0019149162221049625
0.6153850000000001,775,3.6495452249871176,3.178984585620401,7.320977075052832,243.78853659925926,0.0019302000247051253
0.6153850000000001,800,3.6495452249871176,3.154988657859702,7.614615020619937,253.56668018664388,0.001950400449946283
0.6153850000000001,825,3.6495452249871176,3.1288540676690015,7.918162445087126,263.6748094214013,0.0019747474491806885
0.6153850000000001,850,3.6495452249871176,3.100656551375363,8.23229696762227,274.13548902182157,0.0020022532491882593
0.6153850000000001,875,3.6495452249871176,3.0706104179037954,8.557346162530846,284.95962721227716,0.0020316379999053406
0.6153850000000001,900,3.6495452249871176,3.0391297223648577,8.893015269514825,296.13740847484365,0.0020612576633462156
0.6153850000000001,925,3.6495452249871176,3.006893385763216,9.238032152818471,307.6264706888551,0.0020890654753631527
0.6153850000000001,950,3.6495452249871176,1.0,1.0,1e-06,0.003560500125809587
0.6153850000000001,975,3.6495452249871176,1.0,1.0,1e-06,0.003560500125809587
0.6153850000000001,1000,3.6495452249871176,1.0,1.0,1e-06,0.003560500125809587
0.6153850000000001,1025,3.6495452249871176,1.0,1.0,1e-06,0.003560500125809587
0.6153850000000001,1050,3.6495452249871176,1.0,1.0,1e-06,0.003560500125809587
0.6153850000000001,1075,3.6495452249871176,1.0,1.0,1e-06,0.003560500125809587
0.6153850000000001,1100,3.6495452249871176,1.0,1.0,1e-06,0.003560500125809587
0.6153850000000001,1125,3.6495452249871176,1.0,1.0,1e-06,0.003560500125809587
0.6153850000000001,1150,3.6495452249871176,1.0,1.0,1e-06,0.003560500125809587
0.6153850000000001,1175,3.6495452249871176,1.0,1.0,1e-06,0.003560500125809587
0.6153850000000001,1200,3.6495452249871176,1.0,1.0,1e-06,0.003560500125809587
0.6153850000000001,1225,3.6495452249871176,1.0,1.0,1e-06,0.003560500125809587
0.6153850000000001,1250,3.6495452249871176,1.0,1.0,1e-06,0.003560500125809587
0.6153850000000001,1275,3.6495452249871176,1.0,1.0,1e-06,0.003560500125809587
0.6153850000000001,1300,3.6495452249871176,1.0,1.0,1e-06,0.003560500125809587
0.6153850000000001,1325,3.6495452249871176,1.0,1.0,1e-06,0.003560500125809587
0.6153850000000001,1350,3.6495452249871176,1.0,1.0,1e-06,0.003560500125809587
0.6153850000000001,1375,3.6495452249871176,1.0,1.0,1e-06,0.003560500125809587
0.6153850000000001,1400,3.6495452249871176,1.0,1.0,1e-06,0.003560500125809587
0.6153850000000001,1425,3.6495452249871176,1.0,1.0,1e-06,0.003560500125809587
0.6153850000000001,1450,3.6495452249871176,1.0,1.0,1e-06,0.003560500125809587
0.6153850000000001,1475,3.6495452249871176,1.0,1.0,1e-06,0.003560500125809587
0.6153850000000001,1500,3.6495452249871176,1.0,1.0,1e-06,0.003560500125809587
0.6153850000000001,1525,3.6495452249871176,1.0,1.0,1e-06,0.003560500125809587
0.6410260000000001,-100,3.680133897280291,3.7705199579994857,0.7960147807050553,-25.925925925925927,0.003486319484883221
0.6410260000000001,-75,3.680133897280291,3.7501816700448942,0.6005715057066258,-19.999031140030635,0.0035025583126571335
0.6410260000000001,-50,3.680133897280291,3.727141168899093,0.40285608552492946,-13.41510764798015,0.0035040547457611776
0.6410260000000001,-25,3.680133897280291,3.703684199892833,0.2027037701466218,-6.750035545882506,0.0034889153475506124
0.6410260000000001,0,3.680133897280291,3.680133897280291,0.0,0.0,0.00345509528555225
0.6410260000000001,25,3.680133897280291,3.6562760940694927,0.20533207324481698,6.8375580390524044,0.003489228621466223
0.6410260000000001,50,3.680133897280291,3.63188936138791,0.41342159743756923,13.766939194671055,0.0035043763330527343
0.6410260000000001,75,3.680133897280291,3.607337679337471,0.624353041622072,20.790956286014993,0.003501340531978637
0.6410260000000001,100,3.680133897280291,3.58297945639152,0.8381301203516749,27.90973300771077,0.003481023658016708
0.6410260000000001,125,3.680133897280291,3.559162040413706,1.054673462778736,35.120626310531904,0.0034444675273432863
0.6410260000000001,150,3.680133897280291,3.536213711678894,1.2738213444588153,42.41825077047855,0.0033928835580735407
0.6410260000000001,175,3.680133897280291,3.514433578723364,1.4953349202759039,49.79465284518759,0.003327672934523554
0.6410260000000001,200,3.680133897280291,3.4940802730973712,1.7189089936625608,57.23966948896327,0.0032504314899790597
0.6410260000000001,225,3.680133897280291,3.475360393271166,1.9441888012071729,64.74148708019885,0.0031629410018874137
0.6410260000000001,250,3.680133897280291,3.458418259028252,2.1707922365691448,72.28738147775252,0.0030671416465718132
0.6410260000000001,275,3.680133897280291,3.4433276301253395,2.3983364771936193,79.86460469054751,0.002965096591569045
0.6410260000000001,300,3.680133897280291,3.4300868255651054,2.626466753512801,87.46134289197626,0.0028589438882046384
0.6410260000000001,325,3.680133897280291,3.4186168360997775,2.8548855363663557,95.06768836099964,0.002750851163935503
0.6410260000000001,350,3.680133897280291,3.408762836121846,3.0833798113301243,102.67654771729313,0.0026429702516453054
0.6410260000000001,375,3.680133897280291,3.4002973325391963,3.311846041667139,110.28447318751573,0.002537406732362871
0.6410260000000001,400,3.680133897280291,3.3929238654800855,3.540312865320474,117.89241841517178,0.0024362044282505296
0.6410260000000001,425,3.680133897280291,3.3862798184864764,3.768962828496312,125.50646218892719,0.0023413462037633623
0.6410260000000001,450,3.680133897280291,3.3799351099969392,3.9981576786915745,133.13865070042942,0.002254783158038898
0.6410260000000001,475,3.680133897280291,3.3734490180643393,4.2283918292172675,140.805447912935,0.002178075378202594
0.6410260000000001,500,3.680133897280291,3.366587910576648,4.460009782558497,148.51832575919792,0.0021111602564926244
0.6410260000000001,525,3.680133897280291,3.359185150538243,4.693330393902109,156.28790211694022,0.002053573836456662
0.6410260000000001,550,3.680133897280291,3.3510816220105895,4.928712093442505,164.12611271163541,0.0020048746042492134
0.6410260000000001,575,3.680133897280291,3.3421244176730434,5.166554295812127,172.04625805054383,0.001964643017739724
0.6410260000000001,600,3.680133897280291,3.3321656836944444,5.407299554817172,180.0630751754118,0.001932479567212028
0.6410260000000001,625,3.680133897280291,3.3210615779363524,5.651436544706086,188.19283693871265,0.0019080020535578346
0.6410260000000001,650,3.680133897280291,3.308671874175343,5.899502961255289,196.4534486098011,0.0018908399202640183
0.6410260000000001,675,3.680133897280291,3.2948597851031334,6.15208888764163,204.8645599584663,0.0018806284125241913
0.6410260000000001,700,3.680133897280291,3.2794928011937445,6.4098390499193405,213.44764036231402,0.0018769994149688575
0.6410260000000001,725,3.680133897280291,3.2624448112819433,6.673452895350827,222.22598141518253,0.0018795690915095265
0.6410260000000001,750,3.680133897280291,3.243600024386774,6.943680587368527,231.22456355937192,0.0018879217076840857
0.6410260000000001,775,3.680133897280291,3.22285987036077,7.221310950347974,240.46965464658751,0.0019015872401512205
0.6410260000000001,800,3.680133897280291,3.200154011587683,7.507146198912177,249.98796842377547,0.0019200119458507464
0.6410260000000001,825,3.680133897280291,3.175457673874533,7.801954023385188,259.80506897872675,0.001942518771437373
0.6410260000000001,850,3.680133897280291,3.148817162272609,8.106385417152289,269.9426343911712,0.001968257945640984
0.6410260000000001,875,3.680133897280291,3.120386219803927,8.420841019457962,280.4140059479501,0.001996147359273714
0.6410260000000001,900,3.680133897280291,3.090473280527263,8.745271216975535,291.21753152528527,0.0020248115340605116
0.6410260000000001,925,3.680133897280291,3.059595253523515,9.078906023856627,302.32757059442565,0.002052537393585028
0.6410260000000001,950,3.680133897280291,3.0285229479252718,9.419947947917107,313.68426666563965,0.0020772828560432083
0.6410260000000001,975,3.680133897280291,2.9982898138763083,9.765326601775653,325.1853758391292,0.002096785815304605
0.6410260000000001,1000,3.680133897280291,1.0,1.0,1e-06,0.003455119083985116
0.6410260000000001,1025,3.680133897280291,1.0,1.0,1e-06,0.003455119083985116
0.6410260000000001,1050,3.680133897280291,1.0,1.0,1e-06,0.003455119083985116
0.6410260000000001,1075,3.680133897280291,1.0,1.0,1e-06,0.003455119083985116
0.6410260000000001,1100,3.680133897280291,1.0,1.0,1e-06,0.003455119083985116
0.6410260000000001,1125,3.680133897280291,1.0,1.0,1e-06,0.003455119083985116
0.6410260000000001,1150,3.680133897280291,1.0,1.0,1e-06,0.003455119083985116
0.6410260000000001,1175,3.680133897280291,1.0,1.0,1e-06,0.003455119083985116
0.6410260000000001,1200,3.680133897280291,1.0,1.0,1e-06,0.003455119083985116
0.6410260000000001,1225,3.680133897280291,1.0,1.0,1e-06,0.003455119083985116
0.6410260000000001,1250,3.680133897280291,1.0,1.0,1e-06,0.003455119083985116
0.6410260000000001,1275,3.680133897280291,1.0,1.0,1e-06,0.003455119083985116
0.6410260000000001,1300,3.680133897280291,1.0,1.0,1e-06,0.003455119083985116
0.6410260000000001,1325,3.680133897280291,1.0,1.0,1e-06,0.003455119083985116
0.6410260000000001,1350,3.680133897280291,1.0,1.0,1e-06,0.003455119083985116
0.6410260000000001,1375,3.680133897280291,1.0,1.0,1e-06,0.003455119083985116
0.6410260000000001,1400,3.680133897280291,1.0,1.0,1e-06,0.003455119083985116
0.6410260000000001,1425,3.680133897280291,1.0,1.0,1e-06,0.003455119083985116
0.6410260000000001,1450,3.680133897280291,1.0,1.0,1e-06,0.003455119083985116
0.6410260000000001,1475,3.680133897280291,1.0,1.0,1e-06,0.003455119083985116
0.6410260000000001,1500,3.680133897280291,1.0,1.0,1e-06,0.003455119083985116
0.6410260000000001,1525,3.680133897280291,1.0,1.0,1e-06,0.003455119083985116
0.666667,-100,3.7098095083725493,3.7974925792053846,0.7905056061824691,-25.925925925925927,0.003382061303552224
0.666667,-75,3.7098095083725493,3.777261650765229,0.5962658826655475,-19.855653892762728,0.003397125209624329
0.666667,-50,3.7098095083725493,3.755058746242003,0.3998609883278599,-13.315370911317732,0.003398270928449529
0.666667,-25,3.7098095083725493,3.732473726021869,0.2011402640336636,-6.697970792320998,0.0033837438758770417
0.666667,0,3.7098095083725493,3.7098095083725493,0.0,0.0,0.003351655664022519
0.666667,25,3.7098095083725493,3.6868629775835497,0.2036286011482892,6.78083241823803,0.0033840285931977226
0.666667,50,3.7098095083725493,3.6634242949600013,0.4098628443249696,13.648432716021487,0.0033985743548486367
0.666667,75,3.7098095083725493,3.6398324033324645,0.6187791092222257,20.605344337100114,0.0033960657922173423
0.666667,100,3.7098095083725493,3.616419758174322,0.8303801007101608,27.65165735364835,0.0033773653782783277
0.666667,125,3.7098095083725493,3.593507443443703,1.044593287430759,34.784956471444275,0.0033434586880774606
0.666667,150,3.7098095083725493,3.5713981610970587,1.2612720008571707,42.00035762854378,0.0032954802075643615
0.666667,175,3.7098095083725493,3.5503674735472055,1.4802003720490051,49.290672389231865,0.003234730367771887
0.666667,200,3.7098095083725493,3.5306540357910627,1.701102952915162,56.646728332074886,0.003162679961519397
0.666667,225,3.7098095083725493,3.5124496191029966,1.9236594085247791,64.05785830387514,0.0030809629684046677
0.666667,250,3.7098095083725493,3.4958901596331584,2.147523853637126,71.51254432611628,0.0029913541848526856
0.666667,275,3.7098095083725493,3.4810484331826066,2.372347991351563,78.99918811200705,0.0028957395722295203
0.666667,300,3.7098095083725493,3.4679294699386394,2.597806295399778,86.50694963681259,0.0027960763782494892
0.666667,325,3.7098095083725493,3.456468518958926,2.8236217706676405,94.02660496323242,0.0026943543214464467
0.666667,350,3.7098095083725493,3.4465318185647593,3.0495904473870237,101.55136189798787,0.0025925569572593445
0.666667,375,3.7098095083725493,3.4379189204323173,3.275604085463761,109.07761604594323,0.002492634124179175
0.666667,400,3.7098095083725493,3.430365648639989,3.501671029376803,116.60564527824754,0.002396486542874866
0.666667,425,3.7098095083725493,3.4235464483287728,3.7279362074941305,124.14027570955453,0.00230596442941317
0.666667,450,3.7098095083725493,3.417073695158419,3.9547035618987483,131.6916286112283,0.0022228885488106928
0.666667,475,3.7098095083725493,3.4105232920245054,4.182426872034913,139.2748148387626,0.002148889709130292
0.666667,500,3.7098095083725493,3.4036417336336773,4.41145578473831,146.90147763178572,0.002084170831189959
0.666667,525,3.7098095083725493,3.3962719891967303,4.642079849881106,154.58125900104082,0.002028302274169651
0.666667,550,3.7098095083725493,3.3882647788714446,4.874623913547219,162.32497632112236,0.00198087033054607
0.666667,575,3.7098095083725493,3.379477028912995,5.1094495152764114,170.14466885870448,0.001941480045630325
0.666667,600,3.7098095083725493,3.369770901570253,5.346956379029196,178.05364742167222,0.0019097536710214445
0.666667,625,3.7098095083725493,3.359012927892973,5.587584558819179,186.06656580867866,0.0018853283982264717
0.666667,650,3.7098095083725493,3.3470736811041117,5.83181649980306,194.19948944344188,0.0018678516009903287
0.666667,675,3.7098095083725493,3.3338276446274335,6.0801794306722625,202.46997504138633,0.0018569758981214985
0.666667,700,3.7098095083725493,3.3191539167338497,6.3332468298747555,210.89711943482934,0.0018523514815450988
0.666667,725,3.7098095083725493,3.302937922468576,6.591638196911618,219.50155195715686,0.0018536159871133295
0.666667,750,3.7098095083725493,3.2850745706531352,6.8560156057719635,228.30531967220637,0.0018603812575599878
0.666667,775,3.7098095083725493,3.2654736528728563,7.127074276896469,237.33157342065238,0.001872215521498022
0.666667,800,3.7098095083725493,3.2440683787505673,7.405523318000075,246.60392648940248,0.0018886200891128004
0.666667,825,3.7098095083725493,3.220828489217295,7.692050308706561,256.14527527992846,0.0019089987844627268
0.666667,850,3.7098095083725493,3.195779555060825,7.98726103779699,265.97579255863974,0.0019326193123323282
0.666667,875,3.7098095083725493,3.1690299151040264,8.291583538243039,276.1097318234932,0.0019585676669094136
0.666667,900,3.7098095083725493,3.1408065405396117,8.60512313578652,286.5506004216911,0.0019856980477290453
0.666667,925,3.7098095083725493,3.1114972500118325,8.927463386854079,297.2845307822408,0.0020125912935543117
0.666667,950,3.7098095083725493,3.0816918831457483,9.257424041824393,308.27222059275226,0.0020375420919181214
0.666667,975,3.7098095083725493,3.0522046286747493,9.592829721902422,319.44122973935066,0.0020586099052848474
0.666667,1000,3.7098095083725493,3.0240524721299105,9.930393174983232,330.6820927269416,0.0020737652607300317
0.666667,1025,3.7098095083725493,2.9983656576759015,10.265852899555835,341.85290155520926,0.0020811403017497853
0.666667,1050,3.7098095083725493,1.0,1.0,1e-06,0.0033516797591676088
0.666667,1075,3.7098095083725493,1.0,1.0,1e-06,0.0033516797591676088
0.666667,1100,3.7098095083725493,1.0,1.0,1e-06,0.0033516797591676088
0.666667,1125,3.7098095083725493,1.0,1.0,1e-06,0.0033516797591676088
0.666667,1150,3.7098095083725493,1.0,1.0,1e-06,0.0033516797591676088
0.666667,1175,3.7098095083725493,1.0,1.0,1e-06,0.0033516797591676088
0.666667,1200,3.7098095083725493,1.0,1.0,1e-06,0.0033516797591676088
0.666667,1225,3.7098095083725493,1.0,1.0,1e-06,0.0033516797591676088
0.666667,1250,3.7098095083725493,1.0,1.0,1e-06,0.0033516797591676088
0.666667,1275,3.7098095083725493,1.0,1.0,1e-06,0.0033516797591676088
0.666667,1300,3.7098095083725493,1.0,1.0,1e-06,0.0033516797591676088
0.666667,1325,3.7098095083725493,1.0,1.0,1e-06,0.0033516797591676088
0.666667,1350,3.7098095083725493,1.0,1.0,1e-06,0.0033516797591676088
0.666667,1375,3.7098095083725493,1.0,1.0,1e-06,0.0033516797591676088
0.666667,1400,3.7098095083725493,1.0,1.0,1e-06,0.0033516797591676088
0.666667,1425,3.7098095083725493,1.0,1.0,1e-06,0.0033516797591676088
0.666667,1450,3.7098095083725493,1.0,1.0,1e-06,0.0033516797591676088
0.666667,1475,3.7098095083725493,1.0,1.0,1e-06,0.0033516797591676088
0.666667,1500,3.7098095083725493,1.0,1.0,1e-06,0.0033516797591676088
0.666667,1525,3.7098095083725493,1.0,1.0,1e-06,0.0033516797591676088
0.692308,-100,3.7403827023386653,3.8267490543016436,0.7846024712889993,-25.925925925925927,0.0033312735757148673
0.692308,-75,3.7403827023386653,3.8063049266789517,0.5917161908038109,-19.704149153766902,0.0033456011637875687
0.692308,-50,3.7403827023386653,3.7845940405742864,0.3967404391076134,-13.211456622283526,0.0033464393442468997
0.692308,-25,3.7403827023386653,3.7625228535632,0.19953387127995054,-6.644477913622352,0.0033321129985462486
0.692308,0,3.7403827023386653,3.7403827023386653,0.0,0.0,0.0033008233556472014
0.692308,25,3.7403827023386653,3.7179754609139395,0.20192461156432862,6.724089565092142,0.0033323829505561885
0.692308,50,3.7403827023386653,3.6950965023879525,0.4063497395889814,13.531446328313079,0.0033467375808864104
0.692308,75,3.7403827023386653,3.6720702596476813,0.6133467207864226,20.424445802187872,0.0033446411889259866
0.692308,100,3.7403827023386653,3.6492142837377024,0.8229176939226444,27.403159207624054,0.003326930953844126
0.692308,125,3.7403827023386653,3.626834733446869,1.0349944316834823,34.465314575059956,0.0032945577399128927
0.692308,150,3.7403827023386653,3.6052199548990274,1.2494395795139956,41.60633799781605,0.0032486095615223945
0.692308,175,3.7403827023386653,3.584632503567102,1.4660513316290311,48.81950934324673,0.0031903269997347566
0.692308,200,3.7403827023386653,3.5653002548719086,1.684572287509005,56.09625717404986,0.003121107472884125
0.692308,225,3.7403827023386653,3.547407322827043,1.9047028271261746,63.42660414330161,0.0030424989973549185
0.692308,250,3.7403827023386653,3.5310858473219247,2.1261186592791055,70.79975135399421,0.0029561806505544043
0.692308,275,3.7403827023386653,3.5164092160589853,2.348491813906035,78.20477740307096,0.0028639361138426437
0.692308,300,3.7403827023386653,3.503387635034234,2.5715136169683324,85.63140344504546,0.0027676186278614997
0.692308,325,3.7403827023386653,3.491966234658305,2.7949181360611783,93.07077393083723,0.002669113591608935
0.692308,350,3.7403827023386653,3.482025087205149,3.0185051075972535,100.51622008298854,0.0025703077067582747
0.692308,375,3.7403827023386653,3.473381517894423,3.2421607598372546,107.96395330258056,0.0024730586114788023
0.692308,400,3.7403827023386653,3.465792570641444,3.46587736201098,115.41371615496563,0.002379181096019215
0.692308,425,3.7403827023386653,3.458957037247559,3.6897719819378403,122.86940699853007,0.0022904453758328387
0.692308,450,3.7403827023386653,3.4525157081515867,3.914106308512177,130.3397400734555,0.0022085895984206012
0.692308,475,3.7403827023386653,3.446060348906003,4.139296129504131,137.83856111248755,0.0021352686146547304
0.692308,500,3.7403827023386653,3.439311452993138,4.365703781187906,145.37793591355728,0.0020709555920820476
0.692308,525,3.7403827023386653,3.4321154740312796,4.59360003620382,152.96688120558719,0.002015254713162877
0.692308,550,3.7403827023386653,3.4243290216152316,4.8232854998045145,160.61540714349033,0.0019677668932537615
0.692308,575,3.7403827023386653,3.4158149445420865,5.055094478949316,168.3346461490122,0.0019281102566922968
0.692308,600,3.7403827023386653,3.4064414500846056,5.289396069781414,176.1368891237211,0.0018959188726189807
0.692308,625,3.7403827023386653,3.396081302630659,5.526595830974418,184.0356411714481,0.001870840873628681
0.692308,650,3.7403827023386653,3.384611512840401,5.767137364352502,192.0456742329383,0.0018525342521734623
0.692308,675,3.7403827023386653,3.3719131654457852,6.011504233855452,200.18309098738652,0.0018406626407626858
0.692308,700,3.7403827023386653,3.357871982987622,6.260221094646331,208.46536245172283,0.0018348886110018722
0.692308,725,3.7403827023386653,3.342379685173073,6.513853548222606,216.91132315581277,0.0018348651023611928
0.692308,750,3.7403827023386653,3.3253365950484306,6.773005342093651,225.54107789171854,0.0018402240122728192
0.692308,775,3.7403827023386653,3.3066559732242595,7.038311049510221,234.37575794869034,0.0018505613929976378
0.692308,800,3.7403827023386653,3.286270993667692,7.310420860092143,243.43701464106834,0.0018654176701128644
0.692308,825,3.7403827023386653,3.2641451133989037,7.589973458311476,252.74611616177214,0.0018842528469752717
0.692308,850,3.7403827023386653,3.240287588863985,7.877549391989167,262.3223947532392,0.0019064141052276854
0.692308,875,3.7403827023386653,3.214774947623087,8.173597438198346,272.1807946920049,0.0019310978767269284
0.692308,900,3.7403827023386653,3.1877798860283644,8.478322843268783,282.32815068085046,0.0019573068253295606
0.692308,925,3.7403827023386653,3.1596064339558505,8.791530957543912,292.75798088621224,0.0019838101992121202
0.692308,950,3.7403827023386653,3.130727058081935,9.112429157592155,303.4438909478187,0.0020091214964072833
0.692308,975,3.7403827023386653,3.101810348835798,9.439416336420656,314.3325640028078,0.0020315182918724368
0.692308,1000,3.7403827023386653,3.073720891452349,9.769927423644733,325.3385832073696,0.002049132335654725
0.692308,1025,3.7403827023386653,3.0474688027621246,10.100441636312112,336.3447064891933,0.0020601302360582986
0.692308,1050,3.7403827023386653,3.024099658369641,10.42675013842992,347.2107796097163,0.0020629631510120884
0.692308,1075,3.7403827023386653,1.0,1.0,1e-06,0.00330083645965558
0.692308,1100,3.7403827023386653,1.0,1.0,1e-06,0.00330083645965558
0.692308,1125,3.7403827023386653,1.0,1.0,1e-06,0.00330083645965558
0.692308,1150,3.7403827023386653,1.0,1.0,1e-06,0.00330083645965558
0.692308,1175,3.7403827023386653,1.0,1.0,1e-06,0.00330083645965558
0.692308,1200,3.7403827023386653,1.0,1.0,1e-06,0.00330083645965558
0.692308,1225,3.7403827023386653,1.0,1.0,1e-06,0.00330083645965558
0.692308,1250,3.7403827023386653,1.0,1.0,1e-06,0.00330083645965558
0.692308,1275,3.7403827023386653,1.0,1.0,1e-06,0.00330083645965558
0.692308,1300,3.7403827023386653,1.0,1.0,1e-06,0.00330083645965558
0.692308,1325,3.7403827023386653,1.0,1.0,1e-06,0.00330083645965558
0.692308,1350,3.7403827023386653,1.0,1.0,1e-06,0.00330083645965558
0.692308,1375,3.7403827023386653,1.0,1.0,1e-06,0.00330083645965558
0.692308,1400,3.7403827023386653,1.0,1.0,1e-06,0.00330083645965558
0.692308,1425,3.7403827023386653,1.0,1.0,1e-06,0.00330083645965558
0.692308,1450,3.7403827023386653,1.0,1.0,1e-06,0.00330083645965558
0.692308,1475,3.7403827023386653,1.0,1.0,1e-06,0.00330083645965558
0.692308,1500,3.7403827023386653,1.0,1.0,1e-06,0.00330083645965558
0.692308,1525,3.7403827023386653,1.0,1.0,1e-06,0.00330083645965558
0.7179490000000001,-100,3.773435978511263,3.86094318890128,0.7777900000278367,-25.90040700092696,0.0033786036793508997
0.7179490000000001,-75,3.773435978511263,3.8397090721854408,0.5865684638889432,-19.53272984750181,0.0033929253203004777
0.7179490000000001,-50,3.773435978511263,3.817877791508506,0.3932817087129011,-13.096280900139606,0.003393468217130963
0.7179490000000001,-25,3.773435978511263,3.795688435044093,0.19779040445452914,-6.586420468335819,0.0033785356765193945
0.7179490000000001,0,3.773435978511263,3.773435978511263,0.0,0.0,0.0033463063180874182
0.7179490000000001,25,3.773435978511263,3.750916054240572,0.20015130701258818,6.665038523519186,0.003378813819488646
0.7179490000000001,50,3.773435978511263,3.727917442658183,0.4027721977745459,13.412314185892377,0.00339378687541915
0.7179490000000001,75,3.773435978511263,3.7047680407690007,0.6079334056727476,20.244182408902493,0.003391983748973976
0.7179490000000001,100,3.773435978511263,3.6817890613499755,0.8156368963467744,27.160708648347583,0.003374246171108754
0.7179490000000001,125,3.773435978511263,3.6592905456161944,1.0258146236162433,34.1596269664209,0.0033415304273455323
0.7179490000000001,150,3.773435978511263,3.637564942710634,1.2383296450915995,41.23637718155026,0.003294931443720997
0.7179490000000001,175,3.773435978511263,3.6168791096303785,1.4529806211278946,48.384254683558886,0.0032356986772823634
0.7179490000000001,200,3.773435978511263,3.597465371588002,1.6695104429468963,55.594697750131644,0.00316524082411878
0.7179490000000001,225,3.773435978511263,3.579512373323075,1.8876193324857973,62.857723771777046,0.003085119752224611
0.7179490000000001,250,3.773435978511263,3.563156788071837,2.1069820819111675,70.16250332764187,0.0029970308992179635
0.7179490000000001,275,3.773435978511263,3.5484764666101527,2.3272687126335496,77.4980481306972,0.002902776486986167
0.7179490000000001,300,3.773435978511263,3.5354859594664663,2.5481671012967464,84.85396447318165,0.002804229837958854
0.7179490000000001,325,3.773435978511263,3.5241346246119076,2.7694060526517337,92.22122155330273,0.002703297025351828
0.7179490000000001,350,3.773435978511263,3.5143067008563023,2.990777813430313,99.59290118722942,0.0026018850195739466
0.7179490000000001,375,3.773435978511263,3.505823782084958,3.2121583859426166,106.96487425188913,0.0025018698736195464
0.7179490000000001,400,3.773435978511263,3.498447540290956,3.433526406690954,114.33642934280876,0.002405081563250709
0.7179490000000001,425,3.773435978511263,3.491882152008287,3.654980955019491,121.71086580214904,0.0023133006625773583
0.7179490000000001,450,3.773435978511263,3.4857751726009143,3.876759929823699,129.09610566312918,0.0022282686563836977
0.7179490000000001,475,3.773435978511263,3.4797190620343574,4.099257442905438,136.50527284875108,0.002151689164435031
0.7179490000000001,500,3.773435978511263,3.473397033280227,4.3228617031537695,143.9512947150205,0.0020843087644680193
0.7179490000000001,525,3.773435978511263,3.4666481529371413,4.547841335558706,151.4431164741049,0.002025762759752628
0.7179490000000001,550,3.773435978511263,3.4593278399180565,4.774487207002547,158.9904239931848,0.0019756418701460327
0.7179490000000001,575,3.773435978511263,3.4512979721719765,5.0031227110769,166.60398627886076,0.0019335552139796558
0.7179490000000001,600,3.773435978511263,3.4424259506167934,5.234104749526902,174.29568815924583,0.001899129183230517
0.7179490000000001,625,3.773435978511263,3.4325837915841246,5.467825378301122,182.07858509742735,0.001872005907475355
0.7179490000000001,650,3.773435978511263,3.421647755090622,5.704713318452777,189.96695350447746,0.0018518390537454656
0.7179490000000001,675,3.773435978511263,3.4094979848743865,5.945236031872026,197.97635986133847,0.0018382901569246786
0.7179490000000001,700,3.773435978511263,3.396018891770603,6.189901084461036,206.1237061125525,0.0018310222237832943
0.7179490000000001,725,3.773435978511263,3.381100169350069,6.439256656497355,214.4272466613619,0.0018296919597200112
0.7179490000000001,750,3.773435978511263,3.364639006413443,6.693889739609997,222.90652832901287,0.0018339389840320432
0.7179490000000001,775,3.773435978511263,3.3465437773859033,6.954420686363411,231.58220885590157,0.0018433721797298625
0.7179490000000001,800,3.773435978511263,3.3267401066133333,7.2214910856023575,240.4756531505585,0.0018575513406268165
0.7179490000000001,825,3.773435978511263,3.30518002824908,7.495741400779074,249.60818864594313,0.0018759638968671045
0.7179490000000001,850,3.773435978511263,3.281855800726595,7.777771808217239,258.99980121363404,0.0018979944211586154
0.7179490000000001,875,3.773435978511263,3.2568193413229136,8.068079166344823,268.6670362392826,0.0019228880640505353
0.7179490000000001,900,3.773435978511263,3.230208890548004,8.36695951958757,278.61975200226607,0.0019497077434726905
0.7179490000000001,925,3.773435978511263,3.20228255054052,8.67436815439322,288.85645954129416,0.0019772915200779576
0.7179490000000001,950,3.773435978511263,3.1734558248807336,8.989735513208444,299.35819258984117,0.0020042215930017268
0.7179490000000001,975,3.773435978511263,3.1443344520578096,9.311757297356666,310.0815180019769,0.002028826259968975
0.7179490000000001,1000,3.773435978511263,3.1157256639179938,9.638213780435203,320.95251888849225,0.0020492449066018257
0.7179490000000001,1025,3.773435978511263,3.0886064078161115,9.965912361926756,331.864881652161,0.002063579512498538
0.7179490000000001,1050,3.773435978511263,3.0640319131890728,10.290862636190113,342.6857257851307,0.0020701301861840537
0.7179490000000001,1075,3.773435978511263,1.0,1.0,1e-06,0.0033462966551963138
0.7179490000000001,1100,3.773435978511263,1.0,1.0,1e-06,0.0033462966551963138
0.7179490000000001,1125,3.773435978511263,1.0,1.0,1e-06,0.0033462966551963138
0.7179490000000001,1150,3.773435978511263,1.0,1.0,1e-06,0.0033462966551963138
0.7179490000000001,1175,3.773435978511263,1.0,1.0,1e-06,0.0033462966551963138
0.7179490000000001,1200,3.773435978511263,1.0,1.0,1e-06,0.0033462966551963138
0.7179490000000001,1225,3.773435978511263,1.0,1.0,1e-06,0.0033462966551963138
0.7179490000000001,1250,3.773435978511263,1.0,1.0,1e-06,0.0033462966551963138
0.7179490000000001,1275,3.773435978511263,1.0,1.0,1e-06,0.0033462966551963138
0.7179490000000001,1300,3.773435978511263,1.0,1.0,1e-06,0.0033462966551963138
0.7179490000000001,1325,3.773435978511263,1.0,1.0,1e-06,0.0033462966551963138
0.7179490000000001,1350,3.773435978511263,1.0,1.0,1e-06,0.0033462966551963138
0.7179490000000001,1375,3.773435978511263,1.0,1.0,1e-06,0.0033462966551963138
0.7179490000000001,1400,3.773435978511263,1.0,1.0,1e-06,0.0033462966551963138
0.7179490000000001,1425,3.773435978511263,1.0,1.0,1e-06,0.0033462966551963138
0.7179490000000001,1450,3.773435978511263,1.0,1.0,1e-06,0.0033462966551963138
0.7179490000000001,1475,3.773435978511263,1.0,1.0,1e-06,0.0033462966551963138
0.7179490000000001,1500,3.773435978511263,1.0,1.0,1e-06,0.0033462966551963138
0.7179490000000001,1525,3.773435978511263,1.0,1.0,1e-06,0.0033462966551963138
0.7435900000000001,-100,3.8081966540898478,3.897875931278353,0.7704203663604374,-25.654998199802563,0.0034955869608751518
0.7435900000000001,-75,3.8081966540898478,3.8761192246741967,0.5810585592711123,-19.349250023728036,0.0035103464217504706
0.7435900000000001,-50,3.8081966540898478,3.8537440743266353,0.3896214882312491,-12.974395558100593,0.0035105620167677066
0.7435900000000001,-25,3.8081966540898478,3.831000421011397,0.19596728484632991,-6.525710585382786,0.0034944496270840116
0.7435900000000001,0,3.8081966540898478,3.8081966540898478,0.0,0.0,0.0034600921216122508
0.7435900000000001,25,3.8081966540898478,3.7851144456842665,0.19834294617082146,6.604820107488354,0.003494752018970443
0.7435900000000001,50,3.8081966540898478,3.761527836898838,0.3991733057967754,13.29247108303262,0.0035109210995825325
0.7435900000000001,75,3.8081966540898478,3.737779676285374,0.6025642085171139,20.06538814361989,0.0035093753133733454
0.7435900000000001,100,3.8081966540898478,3.7142067748522254,0.8085179918725659,26.92364912935644,0.003490978462319198
0.7435900000000001,125,3.8081966540898478,3.6911352306582152,1.0169645702968126,33.86492019088386,0.0034567163534359856
0.7435900000000001,150,3.8081966540898478,3.668873641511425,1.2277622356731914,40.88448244791727,0.0034077235233662697
0.7435900000000001,175,3.8081966540898478,3.6477045768414493,1.44070199341795,47.97537638081773,0.003345301055575849
0.7435900000000001,200,3.8081966540898478,3.627874990911342,1.6555162515391049,55.12869117625219,0.003270922260824194
0.7435900000000001,225,3.8081966540898478,3.6095863793538983,1.8718922465477037,62.334011810038525,0.0031862264110516384
0.7435900000000001,250,3.8081966540898478,3.5929858631530935,2.089489854245949,69.58001214639009,0.0030929973177350133
0.7435900000000001,275,3.8081966540898478,3.578158837377438,2.3079630149429127,76.85516839759899,0.0029931339883655307
0.7435900000000001,300,3.8081966540898478,3.5651242968755517,2.5269831452733467,84.14853873760244,0.002888610555345001
0.7435900000000001,325,3.8081966540898478,3.5538327385848856,2.746263113003465,91.45056166301538,0.0027814363398036136
0.7435900000000001,350,3.8081966540898478,3.544166961412855,2.9655799585470377,98.75381261961635,0.0026736151817651076
0.7435900000000001,375,3.8081966540898478,3.535944640992218,3.1847956924182066,106.05369655752627,0.0025671147912317517
0.7435900000000001,400,3.8081966540898478,3.528921867115216,3.4038758760707437,113.34906667315576,0.0024638472567218043
0.7435900000000001,425,3.8081966540898478,3.522796594917221,3.622906522953157,120.64278721434012,0.0023656620156294167
0.7435900000000001,450,3.8081966540898478,3.5172097445571886,3.842111928191206,127.94232720876715,0.002274359986104108
0.7435900000000001,475,3.8081966540898478,3.5117444306588323,4.061874246807924,135.26041241870385,0.002191714620190099
0.7435900000000001,500,3.8081966540898478,3.506038962878503,4.282614989163583,142.61107913914728,0.0021187532766407725
0.7435900000000001,525,3.8081966540898478,3.4999152343784283,4.504613600610734,150.0036329003374,0.0020551596901405844
0.7435900000000001,550,3.8081966540898478,3.493222926993512,4.728159886071652,157.447724206186,0.0020004971725336674
0.7435900000000001,575,3.8081966540898478,3.485818564313564,4.953576024880566,164.95408162852283,0.001954350487078461
0.7435900000000001,600,3.8081966540898478,3.47756439426157,5.181217649844263,172.53454773981395,0.0019163249572884304
0.7435900000000001,625,3.8081966540898478,3.468327430343146,5.4114754577574145,180.2021327433219,0.0018860444023201886
0.7435900000000001,650,3.8081966540898478,3.457978627156493,5.644777375495373,187.9710866039959,0.0018631483876622417
0.7435900000000001,675,3.8081966540898478,3.446392587797118,5.8815906063756715,195.85696719230984,0.0018472871886016597
0.7435900000000001,700,3.8081966540898478,3.433447500350485,6.122423895770998,203.87671572917424,0.001838116493092678
0.7435900000000001,725,3.8081966540898478,3.4190259038185022,6.367828844892989,212.0487005349365,0.0018352894843947734
0.7435900000000001,750,3.8081966540898478,3.4030164812806607,6.618399483638879,220.39270280517465,0.0018384464079437479
0.7435900000000001,775,3.8081966540898478,3.385317264750099,6.874768730130023,228.92979871332975,0.0018472011582436533
0.7435900000000001,800,3.8081966540898478,3.3658411103723154,7.137598964487835,237.6820455174449,0.001861123093056961
0.7435900000000001,825,3.8081966540898478,3.3445241894784012,7.407563339716361,246.6718592125548,0.0018797136653188491
0.7435900000000001,850,3.8081966540898478,3.321339101589672,7.685311479730696,255.92087227503214,0.0019023753247330362
0.7435900000000001,875,3.8081966540898478,3.296313770952241,7.971412341818896,265.4480309825692,0.00192837325348712
0.7435900000000001,900,3.8081966540898478,3.2695581357207173,8.266262872572963,275.2665536566796,0.0019567888332737153
0.7435900000000001,925,3.8081966540898478,3.2412989518421997,8.56995241429064,285.37941539587825,0.0019864701925373547
0.7435900000000001,950,3.8081966540898478,3.2119209084971843,8.882076907017199,295.77316100367267,0.002015990036314551
0.7435900000000001,975,3.8081966540898478,3.182006491277635,9.201514629067619,306.41043714795165,0.0020436319618899073
0.7435900000000001,1000,3.8081966540898478,3.1523577547940773,9.526212557683415,317.2228781708577,0.0020674388400906338
0.7435900000000001,1025,3.8081966540898478,3.1239765518625218,9.853076766030531,328.10745630881667,0.002085353712849897
0.7435900000000001,1050,3.8081966540898478,1.0,1.0,1e-06,0.003460054262623403
0.7435900000000001,1075,3.8081966540898478,1.0,1.0,1e-06,0.003460054262623403
0.7435900000000001,1100,3.8081966540898478,1.0,1.0,1e-06,0.003460054262623403
0.7435900000000001,1125,3.8081966540898478,1.0,1.0,1e-06,0.003460054262623403
0.7435900000000001,1150,3.8081966540898478,1.0,1.0,1e-06,0.003460054262623403
0.7435900000000001,1175,3.8081966540898478,1.0,1.0,1e-06,0.003460054262623403
0.7435900000000001,1200,3.8081966540898478,1.0,1.0,1e-06,0.003460054262623403
0.7435900000000001,1225,3.8081966540898478,1.0,1.0,1e-06,0.003460054262623403
0.7435900000000001,1250,3.8081966540898478,1.0,1.0,1e-06,0.003460054262623403
0.7435900000000001,1275,3.8081966540898478,1.0,1.0,1e-06,0.003460054262623403
0.7435900000000001,1300,3.8081966540898478,1.0,1.0,1e-06,0.003460054262623403
0.7435900000000001,1325,3.8081966540898478,1.0,1.0,1e-06,0.003460054262623403
0.7435900000000001,1350,3.8081966540898478,1.0,1.0,1e-06,0.003460054262623403
0.7435900000000001,1375,3.8081966540898478,1.0,1.0,1e-06,0.003460054262623403
0.7435900000000001,1400,3.8081966540898478,1.0,1.0,1e-06,0.003460054262623403
0.7435900000000001,1425,3.8081966540898478,1.0,1.0,1e-06,0.003460054262623403
0.7435900000000001,1450,3.8081966540898478,1.0,1.0,1e-06,0.003460054262623403
0.7435900000000001,1475,3.8081966540898478,1.0,1.0,1e-06,0.003460054262623403
0.7435900000000001,1500,3.8081966540898478,1.0,1.0,1e-06,0.003460054262623403
0.7435900000000001,1525,3.8081966540898478,1.0,1.0,1e-06,0.003460054262623403
0.769231,-100,3.842502659045473,3.934273397070758,0.7632929133086849,-25.417654013179206,0.0036105117324243046
0.769231,-75,3.842502659045473,3.9120118513132223,0.5757273591837896,-19.171721060820193,0.0036256104523552796
0.769231,-50,3.842502659045473,3.889113109648994,0.3860781260838709,-12.8564015985929,0.003625466289775994
0.769231,-25,3.842502659045473,3.865836655127382,0.19420136382508724,-6.466905415375405,0.0036082166945617003
0.769231,0,3.842502659045473,3.842502659045473,0.0,0.0,0.003571858491803908
0.769231,25,3.842502659045473,3.8188796141984414,0.19658926873722068,6.546422648949449,0.0036085425756649785
0.769231,50,3.842502659045473,3.7947276042190596,0.39568097057404084,13.176176320115559,0.0036258663868573905
0.769231,75,3.842502659045473,3.7704025627317677,0.5973506050824531,19.891775149245685,0.003624618505525355
0.769231,100,3.842502659045473,3.7462550993990864,0.8016013120635327,26.693323691715637,0.0036056791112999277
0.769231,125,3.842502659045473,3.7226256785275176,1.0083618601262516,33.57844994220417,0.0035700570075238598
0.769231,150,3.842502659045473,3.6998375202723004,1.2174871139133125,40.5423208933133,0.0035189188884522573
0.769231,175,3.842502659045473,3.67818760731433,1.428762155797822,47.577779788067474,0.00345360906841545
0.769231,200,3.842502659045473,3.657936511199895,1.6419109483220335,54.67563457912371,0.0033756562546792823
0.769231,225,3.842502659045473,3.639297904803761,1.8566099653007382,61.82511184451457,0.0032867672727023337
0.769231,250,3.842502659045473,3.62242905226442,2.072506431234169,69.01446416009782,0.0031888041073612097
0.769231,275,3.842502659045473,3.6074229667771998,2.2892403619739734,76.23170405373331,0.003083752294223581
0.769231,300,3.842502659045473,3.594303483488583,2.506468652520401,83.46540612892936,0.0029736772043437456
0.769231,325,3.842502659045473,3.5830231224794806,2.7238896948579927,90.70552683877115,0.0028606805517729563
0.769231,350,3.842502659045473,3.573464159448242,2.9412665250106715,97.94417528285535,0.0027468555309212417
0.769231,375,3.842502659045473,3.565441650048395,3.158447779143548,105.17631104548015,0.0026342529628869734
0.769231,400,3.842502659045473,3.5587075721166026,3.3753860828940394,112.4003565603715,0.0025248593119581502
0.769231,425,3.842502659045473,3.552955060706749,3.5921542897939216,119.61873785013758,0.002420587305489538
0.769231,450,3.842502659045473,3.5478201948613686,3.8089623406187165,126.83844594260324,0.002323289772230838
0.769231,475,3.842502659045473,3.542880926057964,4.0261765952534,134.0716806219382,0.0022347876270186907
0.769231,500,3.842502659045473,3.5377360101546484,4.2442440509739034,141.33332689743096,0.002156367896950454
0.769231,525,3.842502659045473,3.5321845821670297,4.463460331422804,148.63322903637936,0.002087810908033829
0.769231,550,3.842502659045473,3.526071210444358,4.684113147685153,155.98096781791557,0.0020286542199847188
0.769231,575,3.842502659045473,3.5192476850566354,4.906522306056268,163.38719279167373,0.001978459685031754
0.769231,600,3.842502659045473,3.5115717572782694,5.1310408168857515,170.8636592022955,0.0019368126804272347
0.769231,625,3.842502659045473,3.5029060348353043,5.358056591332807,178.42328449138247,0.0019033201029687947
0.769231,650,3.842502659045473,3.493116932894633,5.5879948752085795,186.08022934444568,0.0018776079940449008
0.769231,675,3.842502659045473,3.482074262347945,5.821320495503202,193.84997250025663,0.0018593162126811806
0.769231,700,3.842502659045473,3.469650848294017,6.058540740880828,201.74940667133154,0.0018480937163739266
0.769231,725,3.842502659045473,3.455722993422602,6.300207456792904,209.79690831120368,0.0018435908743189796
0.769231,750,3.842502659045473,3.440171913680066,6.5469177377328895,218.0123606665052,0.0018454492402880508
0.769231,775,3.842502659045473,3.42288641406929,6.799312176300035,226.41709547079114,0.0018532887020022547
0.769231,800,3.842502659045473,3.403767743926908,7.05806795040241,235.03366274840025,0.0018666896902688511
0.769231,825,3.842502659045473,3.3827373304189057,7.323883693832877,243.88532700463477,0.0018851701095483695
0.769231,850,3.842502659045473,3.3597489963368696,7.597450152781051,252.995090087609,0.0019081542750155028
0.769231,875,3.842502659045473,3.3348069888769074,7.879399426689332,262.38400090875473,0.0019349337932579168
0.769231,900,3.842502659045473,3.3079921224994067,8.170221096719642,272.068362520764,0.001964618493652575
0.769231,925,3.842502659045473,3.2794970098629554,8.470133588851349,282.05544850874986,0.001996081451924344
0.769231,950,3.842502659045473,3.249669699291499,8.778900986382828,292.3374028465482,0.002027906637951354
0.769231,975,3.842502659045473,3.2190595524354473,9.095600377174579,302.88349255991346,0.0020583594745979834
0.769231,1000,3.842502659045473,3.188449857976794,9.418379265053069,313.63202952626716,0.0020854145606767536
0.769231,1025,3.842502659045473,3.158851596920078,9.744294670503816,324.48501252777703,0.0021068802432496684
0.769231,1050,3.842502659045473,1.0,1.0,1e-06,0.0035717973859318007
0.769231,1075,3.842502659045473,1.0,1.0,1e-06,0.0035717973859318007
0.769231,1100,3.842502659045473,1.0,1.0,1e-06,0.0035717973859318007
0.769231,1125,3.842502659045473,1.0,1.0,1e-06,0.0035717973859318007
0.769231,1150,3.842502659045473,1.0,1.0,1e-06,0.0035717973859318007
0.769231,1175,3.842502659045473,1.0,1.0,1e-06,0.0035717973859318007
0.769231,1200,3.842502659045473,1.0,1.0,1e-06,0.0035717973859318007
0.769231,1225,3.842502659045473,1.0,1.0,1e-06,0.0035717973859318007
0.769231,1250,3.842502659045473,1.0,1.0,1e-06,0.0035717973859318007
0.769231,1275,3.842502659045473,1.0,1.0,1e-06,0.0035717973859318007
0.769231,1300,3.842502659045473,1.0,1.0,1e-06,0.0035717973859318007
0.769231,1325,3.842502659045473,1.0,1.0,1e-06,0.0035717973859318007
0.769231,1350,3.842502659045473,1.0,1.0,1e-06,0.0035717973859318007
0.769231,1375,3.842502659045473,1.0,1.0,1e-06,0.0035717973859318007
0.769231,1400,3.842502659045473,1.0,1.0,1e-06,0.0035717973859318007
0.769231,1425,3.842502659045473,1.0,1.0,1e-06,0.0035717973859318007
0.769231,1450,3.842502659045473,1.0,1.0,1e-06,0.0035717973859318007
0.769231,1475,3.842502659045473,1.0,1.0,1e-06,0.0035717973859318007
0.769231,1500,3.842502659045473,1.0,1.0,1e-06,0.0035717973859318007
0.769231,1525,3.842502659045473,1.0,1.0,1e-06,0.0035717973859318007
0.794872,-100,3.8741739674351248,3.9662257337548708,0.7571437443526489,-25.212886686943204,0.0036509808441496745
0.794872,-75,3.8741739674351248,3.9438869777075625,0.5710742384309916,-19.016772139752018,0.00366586977853681
0.794872,-50,3.8741739674351248,3.920915474016656,0.3829466642297543,-12.752123918850817,0.0036653899286875433
0.794872,-25,3.8741739674351248,3.89757109874264,0.19262015540728503,-6.414251175062591,0.003647679311106351
0.794872,0,3.8741739674351248,3.8741739674351248,0.0,0.0,0.003610736357843971
0.794872,25,3.8741739674351248,3.850488597948794,0.19497545094684493,6.4926825165299356,0.0036480098058128785
0.794872,50,3.8741739674351248,3.8262708278464346,0.39241903384727267,13.067553827114178,0.0036658077114092177
0.794872,75,3.8741739674351248,3.8018758238127024,0.5924055273308715,19.72710406011802,0.003664914191261666
0.794872,100,3.8741739674351248,3.7776536380417047,0.7949386817155981,26.471458101129414,0.003646203734780374
0.794872,125,3.8741739674351248,3.7539444946427523,0.9999491892090399,33.298308000661024,0.003610678139861821
0.794872,150,3.8741739674351248,3.7310718272944325,1.207295038265432,40.20292477423888,0.003559495756696508
0.794872,175,3.8741739674351248,3.709333426452875,1.416765399890378,47.17828781634958,0.0034939915925716295
0.794872,200,3.8741739674351248,3.6889914066660876,1.628088912094786,54.21536077275637,0.003415684376706994
0.794872,225,3.8741739674351248,3.6702618231599624,1.8409467995227216,61.303528424106624,0.0033262709262747298
0.794872,250,3.8741739674351248,3.6533052100092074,2.054990502008615,68.43118371688688,0.003227603928929454
0.794872,275,3.8741739674351248,3.638218733782253,2.2698630463246143,75.58643944260965,0.0031216609142176205
0.794872,300,3.8741739674351248,3.6250311946954454,2.4852224781381205,82.75790852199941,0.003010501077047522
0.794872,325,3.8741739674351248,3.6137007929764766,2.7007658682557922,89.93550341291787,0.0028962218987394375
0.794872,350,3.8741739674351248,3.604116091715663,2.916251930582849,97.11118928840887,0.0027809141016430327
0.794872,375,3.8741739674351248,3.596098989499085,3.1315214887424134,104.27966557512235,0.0026666270590953974
0.794872,400,3.8741739674351248,3.5894089026654123,3.3465153560777585,111.43896135738935,0.002555345646631245
0.794872,425,3.8741739674351248,3.583747189585952,3.5612899257654704,118.59095452799015,0.002448979173876414
0.794872,450,3.8741739674351248,3.5787593415491266,3.7760330393336723,125.74190020981128,0.002349373004488347
0.794872,475,3.8741739674351248,3.5740345136251737,3.99108184598808,132.90302547140305,0.0022583342459313147
0.794872,500,3.8741739674351248,3.5691528227746625,4.206884871727722,140.08926622853312,0.0021773341589416927
0.794872,525,3.8741739674351248,3.563889904688594,4.4237521885916244,147.31094788010108,0.0021063204548726153
0.794872,550,3.8741739674351248,3.558090299086254,4.6419610319496645,154.57730236392382,0.0020448258800940255
0.794872,575,3.8741739674351248,3.5516059480465865,4.861819559899209,161.89859134464365,0.0019924078196694598
0.794872,600,3.8741739674351248,3.544294916908052,5.083667821225346,169.286138446804,0.0019486477366292638
0.794872,625,3.8741739674351248,3.536020235597757,5.307879344077326,176.75238215777495,0.001913149501631726
0.794872,650,3.8741739674351248,3.526648931600205,5.534863236489662,184.31094577510572,0.0018855366097408342
0.794872,675,3.8741739674351248,3.5160512675536815,5.7650667546646615,191.9767229303332,0.001865448552382066
0.794872,700,3.8741739674351248,3.5041005175961635,5.998977744919713,199.7659589058264,0.0018525350958990034
0.794872,725,3.8741739674351248,3.4906730770857677,6.23712713593569,207.69633362665846,0.0018464499765254092
0.794872,750,3.8741739674351248,3.4756496232574103,6.480090044696223,215.78699848838423,0.0018468413156002396
0.794872,775,3.8741739674351248,3.458917323205518,6.728484984921523,224.0585499978867,0.0018533398713573917
0.794872,800,3.8741739674351248,3.4403739486476264,6.982968823336084,232.53286181709157,0.001865542854449199
0.794872,825,3.8741739674351248,3.419934561572906,7.244224802763563,241.23268593202664,0.0018829927798018728
0.794872,850,3.8741739674351248,3.397542125173695,7.512938643614486,250.18085683236237,0.0019051491320968832
0.794872,875,3.8741739674351248,3.3731833697084017,7.789756261767578,259.39888351686034,0.0019313521744366339
0.794872,900,3.8741739674351248,3.34691203115715,8.07521284558017,268.9045877578196,0.001960777020111076
0.794872,925,3.8741739674351248,3.318880796835491,8.369622013620834,278.70841305357374,0.001992380368126507
0.794872,950,3.8741739674351248,3.2893821779592374,8.672913934928621,288.8080340331231,0.0020248459895988143
0.794872,975,3.8741739674351248,3.2588941832061584,8.984421596185063,299.1812391529626,0.002056545343454481
0.794872,1000,3.8741739674351248,3.2281191168836285,9.302640002646658,309.7779120881337,0.0020855420136206807
0.794872,1025,3.8741739674351248,3.197993024042269,9.625030620571467,320.51351966502983,0.002109679941425048
0.794872,1050,3.8741739674351248,1.0,1.0,1e-06,0.0036106673848219166
0.794872,1075,3.8741739674351248,1.0,1.0,1e-06,0.0036106673848219166
0.794872,1100,3.8741739674351248,1.0,1.0,1e-06,0.0036106673848219166
0.794872,1125,3.8741739674351248,1.0,1.0,1e-06,0.0036106673848219166
0.794872,1150,3.8741739674351248,1.0,1.0,1e-06,0.0036106673848219166
0.794872,1175,3.8741739674351248,1.0,1.0,1e-06,0.0036106673848219166
0.794872,1200,3.8741739674351248,1.0,1.0,1e-06,0.0036106673848219166
0.794872,1225,3.8741739674351248,1.0,1.0,1e-06,0.0036106673848219166
0.794872,1250,3.8741739674351248,1.0,1.0,1e-06,0.0036106673848219166
0.794872,1275,3.8741739674351248,1.0,1.0,1e-06,0.0036106673848219166
0.794872,1300,3.8741739674351248,1.0,1.0,1e-06,0.0036106673848219166
0.794872,1325,3.8741739674351248,1.0,1.0,1e-06,0.0036106673848219166
0.794872,1350,3.8741739674351248,1.0,1.0,1e-06,0.0036106673848219166
0.794872,1375,3.8741739674351248,1.0,1.0,1e-06,0.0036106673848219166
0.794872,1400,3.8741739674351248,1.0,1.0,1e-06,0.0036106673848219166
0.794872,1425,3.8741739674351248,1.0,1.0,1e-06,0.0036106673848219166
0.794872,1450,3.8741739674351248,1.0,1.0,1e-06,0.0036106673848219166
0.794872,1475,3.8741739674351248,1.0,1.0,1e-06,0.0036106673848219166
0.794872,1500,3.8741739674351248,1.0,1.0,1e-06,0.0036106673848219166
0.794872,1525,3.8741739674351248,1.0,1.0,1e-06,0.0036106673848219166
0.820513,-100,3.901460951105531,3.99061385120178,0.7525165588493705,-25.058801409684037,0.0035577479799889953
0.820513,-75,3.901460951105531,3.9689517186386434,0.5674677879489994,-18.89667733870168,0.0035715679705705192
0.820513,-50,3.901460951105531,3.9466995175651083,0.3804448488715567,-12.668813467422838,0.0035708605684270163
0.820513,-25,3.901460951105531,3.9241024030110205,0.1913178285497056,-6.370883690705196,0.003553895033199646
0.820513,0,3.901460951105531,3.901460951105531,0.0,0.0,0.003518816146623298
0.820513,25,3.901460951105531,3.878551642825418,0.1935647169065006,6.4457050729864696,0.003554197410633052
0.820513,50,3.901460951105531,3.8551429260836105,0.38948011274561495,12.969687754428977,0.0035712521302683946
0.820513,75,3.901460951105531,3.8315665618673966,0.5878149879130812,19.5742390975056,0.0035707333955597234
0.820513,100,3.901460951105531,3.8081485297833,0.7885729717516778,26.25947995933087,0.0035534756006877486
0.820513,125,3.901460951105531,3.7852048103845224,0.9916910555158104,33.02331214867648,0.003520426424751209
0.820513,150,3.901460951105531,3.7630352399833487,1.1970402128161934,39.861439086779235,0.003472672193816847
0.820513,175,3.901460951105531,3.7419157705903605,1.4044290618615762,46.76748775999049,0.003411455011950868
0.820513,200,3.901460951105531,3.7220897071363144,1.6136112986451585,53.733256244883776,0.0033381793046702883
0.820513,225,3.901460951105531,3.7037586443798647,1.8242972627305385,60.74909884892693,0.003254407233551226
0.820513,250,3.901460951105531,3.687074117513126,2.0361694037686453,67.80444114549589,0.0031618405810966022
0.820513,275,3.901460951105531,3.672130589891963,2.2489010279182966,74.88840422967927,0.0030622946712847905
0.820513,300,3.901460951105531,3.658960722385614,2.4621770203466973,81.99049477754501,0.002957662706852349
0.820513,325,3.901460951105531,3.6475332355541745,2.6757151009967273,89.10131286319101,0.0028498762520059034
0.820513,350,3.901460951105531,3.637752851670238,2.889286584074758,96.21324324968944,0.0027408711163693584
0.820513,375,3.901460951105531,3.6294628570648,3.102734951355422,103.32107388013554,0.0026325519453686682
0.820513,400,3.901460951105531,3.622448290380844,3.3159926792907064,110.42255622038051,0.002526772339591882
0.820513,425,3.901460951105531,3.6164393234275973,3.5290963351948172,117.51890796198741,0.0024253256996748687
0.820513,450,3.901460951105531,3.611113881442477,3.7422008713044193,124.61528901443715,0.0023299474082142243
0.820513,475,3.901460951105531,3.6060969142079764,3.9555964810771567,131.7213628198693,0.0022423396674195414
0.820513,500,3.901460951105531,3.600983958669892,4.169697834633277,138.85093789328812,0.002164025659420221
0.820513,525,3.901460951105531,3.5955342057132866,4.384818740067618,146.01446404425167,0.0020951811000006755
0.820513,550,3.901460951105531,3.589600193256767,4.601213401855605,153.22040628179164,0.0020353735211693195
0.820513,575,3.901460951105531,3.5830420829283405,4.819163958340983,160.4781598127547,0.0019841881820474518
0.820513,600,3.901460951105531,3.5757261020796482,5.038981595245427,167.7980871216727,0.0019412310033647053
0.820513,625,3.901460951105531,3.567523556639183,5.261007662819765,175.19155517189816,0.0019061272339222527
0.820513,650,3.901460951105531,3.5583100131419068,5.48561520705843,182.6709863950457,0.0018785191055000015
0.820513,675,3.901460951105531,3.547964654595561,5.713210881065248,190.24992233947276,0.001858062763774525
0.820513,700,3.901460951105531,3.536370106829059,5.944236713354034,197.9430825546893,0.0018444233542518553
0.820513,725,3.901460951105531,3.5234125852448557,6.179171824198606,205.76642174581355,0.0018372694760065568
0.820513,750,3.901460951105531,3.5089827916918352,6.418533193109056,213.73715533053155,0.0018362654766633907
0.820513,775,3.901460951105531,3.4929778523410233,6.662874560648968,221.87372286961062,0.0018410611832774919
0.820513,800,3.901460951105531,3.4753046134192127,6.912782243967886,230.1956487241306,0.001851278857998873
0.820513,825,3.901460951105531,3.4558850466380333,7.168865410866678,238.72321818186035,0.0018664958853229611
0.820513,850,3.901460951105531,3.4346645913166283,7.431737465736265,247.4768576090176,0.001886222268614637
0.820513,875,3.901460951105531,3.4116246161613795,7.701983433875345,256.47604834804895,0.001909871655069414
0.820513,900,3.901460951105531,3.3868001518292443,7.980106831053925,265.7375574740957,0.0019367258590327647
0.820513,925,3.901460951105531,3.360304546066981,8.266446507144677,275.2726686879177,0.001965892246469517
0.820513,950,3.901460951105531,3.3323610097693748,8.561055793442655,285.0831579216404,0.0019962594264954165
0.820513,975,3.901460951105531,3.303339336933787,8.863539676930914,295.15587124179945,0.0020264601603731842
0.820513,1000,3.901460951105531,3.2737908809934613,9.172861407970306,305.45628488541115,0.002054860551805421
0.820513,1025,3.901460951105531,3.2444677296469058,9.487158864153855,315.92239017632335,0.0020796032249944117
0.820513,1050,3.901460951105531,3.2163057730456655,9.803648582103841,326.4614977840579,0.002098731956786739
0.820513,1075,3.901460951105531,3.1903519522957655,10.118721308804837,336.953419583201,0.0021104074257189045
0.820513,1100,3.901460951105531,1.0,1.0,1e-06,0.003518763293950863
0.820513,1125,3.901460951105531,1.0,1.0,1e-06,0.003518763293950863
0.820513,1150,3.901460951105531,1.0,1.0,1e-06,0.003518763293950863
0.820513,1175,3.901460951105531,1.0,1.0,1e-06,0.003518763293950863
0.820513,1200,3.901460951105531,1.0,1.0,1e-06,0.003518763293950863
0.820513,1225,3.901460951105531,1.0,1.0,1e-06,0.003518763293950863
0.820513,1250,3.901460951105531,1.0,1.0,1e-06,0.003518763293950863
0.820513,1275,3.901460951105531,1.0,1.0,1e-06,0.003518763293950863
0.820513,1300,3.901460951105531,1.0,1.0,1e-06,0.003518763293950863
0.820513,1325,3.901460951105531,1.0,1.0,1e-06,0.003518763293950863
0.820513,1350,3.901460951105531,1.0,1.0,1e-06,0.003518763293950863
0.820513,1375,3.901460951105531,1.0,1.0,1e-06,0.003518763293950863
0.820513,1400,3.901460951105531,1.0,1.0,1e-06,0.003518763293950863
0.820513,1425,3.901460951105531,1.0,1.0,1e-06,0.003518763293950863
0.820513,1450,3.901460951105531,1.0,1.0,1e-06,0.003518763293950863
0.820513,1475,3.901460951105531,1.0,1.0,1e-06,0.003518763293950863
0.820513,1500,3.901460951105531,1.0,1.0,1e-06,0.003518763293950863
0.820513,1525,3.901460951105531,1.0,1.0,1e-06,0.003518763293950863
0.8461540000000001,-100,3.9257948109037657,4.009822375419612,0.7489117277143119,-24.938760532886583,0.003369356083476526
0.8461540000000001,-75,3.9257948109037657,3.9893671671997977,0.5645637911621808,-18.799974245700618,0.00338151294598556
0.8461540000000001,-50,3.9257948109037657,3.9683900548132724,0.37836540278603076,-12.599567912774823,0.00338069084625666
0.8461540000000001,-25,3.9257948109037657,3.947110271108854,0.19020262905901697,-6.333747547665265,0.003365378876356586
0.8461540000000001,0,3.9257948109037657,3.9257948109037657,0.0,0.0,0.0033339646740517715
0.8461540000000001,25,3.9257948109037657,3.904243692230792,0.19229095567079882,6.4032888238376,0.0033656327655790194
0.8461540000000001,50,3.9257948109037657,3.8822501342227014,0.38676062839576103,12.879128925578842,0.0033810265377949263
0.8461540000000001,75,3.9257948109037657,3.860106688920743,0.5834689125864457,19.429514789128643,0.003380842120657428
0.8461540000000001,100,3.9257948109037657,3.838099236472905,0.7824193221649656,26.054563428093353,0.0033658431726513866
0.8461540000000001,125,3.9257948109037657,3.8165034963357267,0.983558316495133,32.75249193928793,0.0033368854733443923
0.8461540000000001,150,3.9257948109037657,3.795580079085759,1.1867763057681313,39.51965098207877,0.0032949362806128017
0.8461540000000001,175,3.9257948109037657,3.7755683480932642,1.3919110371579584,46.35063753736001,0.0032410873030476574
0.8461540000000001,200,3.9257948109037657,3.7566795147271708,1.5987538948853337,53.238504699681606,0.0031765598438681605
0.8461540000000001,225,3.9257948109037657,3.7390895238535915,1.8070593693068606,60.17507699791845,0.003102701257143931
0.8461540000000001,250,3.9257948109037657,3.7229322753924734,2.016557635799609,67.15136927212697,0.003020973923691772
0.8461540000000001,275,3.9257948109037657,3.708294139634833,2.2269695842065746,74.15808715407893,0.0029329325986662733
0.8461540000000001,300,3.9257948109037657,3.6952096318312906,2.4380237947540406,81.18619236530955,0.0028402019155538446
0.8461540000000001,325,3.9257948109037657,3.6836592832718527,2.6494740716332137,88.227486585386,0.0027444454897576167
0.8461540000000001,350,3.9257948109037657,3.6735690267633085,2.8611169230624363,95.27519353797912,0.0026473395096270652
0.8461540000000001,375,3.9257948109037657,3.664811454098869,3.072807810799169,102.32450009961232,0.0025505461209273505
0.8461540000000001,400,3.9257948109037657,3.657207795403994,3.284476213549442,109.37305791119641,0.002455696317075145
0.8461540000000001,425,3.9257948109037657,3.650530210927724,3.496139471619197,116.42144440491924,0.0023643805604975894
0.8461540000000001,450,3.9257948109037657,3.644503271789465,3.7079164170645207,123.47361668824853,0.002278150965841694
0.8461540000000001,475,3.9257948109037657,3.6388039799923,3.9200419540858165,130.53739707105768,0.0021985334268251346
0.8461540000000001,500,3.9257948109037657,3.6330700563726097,4.132872414248615,137.62465139447886,0.00212697908089233
0.8461540000000001,525,3.9257948109037657,3.6270564175000386,4.346710927819639,144.74547389639395,0.0020638876322831216
0.8461540000000001,550,3.9257948109037657,3.620628455545636,4.56178166837819,151.90732955699372,0.0020088981634269008
0.8461540000000001,575,3.9257948109037657,3.6136605299551037,4.778331313672622,159.1184327452983,0.001961647532365386
0.8461540000000001,600,3.9257948109037657,3.6060327236384584,4.9966318663459,166.38784114931846,0.0019217875840960587
0.8461540000000001,625,3.9257948109037657,3.597630152532023,5.216981171774775,173.7254730201,0.0018889841119256818
0.8461540000000001,650,3.9257948109037657,3.588342309909182,5.439703861478463,181.1421385872328,0.0018629155183131315
0.8461540000000001,675,3.9257948109037657,3.578062827729756,5.665152135724667,188.6495661196314,0.0018432694563076655
0.8461540000000001,700,3.9257948109037657,3.566689249414436,5.893706894838727,196.26043959812958,0.0018297399222413251
0.8461540000000001,725,3.9257948109037657,3.5541233826641947,6.125778265877622,203.98841625372478,0.001822022225895802
0.8461540000000001,750,3.9257948109037657,3.5402720364947173,6.361805615599657,211.84812699946855,0.0018198073302296202
0.8461540000000001,775,3.9257948109037657,3.5250486812260453,6.602255848897559,219.8551197682887,0.001822773697970181
0.8461540000000001,800,3.9257948109037657,3.508376019959285,6.847619493278495,228.02572912617387,0.0018305775955375166
0.8461540000000001,825,3.9257948109037657,3.490190110427897,7.098402663153897,236.37680868302476,0.0018428402638264029
0.8461540000000001,850,3.9257948109037657,3.4704464420527517,7.355112937696657,244.92526082529866,0.0018591319136159127
0.8461540000000001,875,3.9257948109037657,3.449128791687351,7.618235752635273,253.68725056275457,0.0018789514181695227
0.8461540000000001,900,3.9257948109037657,3.4262615840838833,7.8881971979537395,262.6769666918595,0.0019017016722515832
0.8461540000000001,925,3.9257948109037657,3.4019264058657686,8.165308258838868,271.90476501933426,0.0019266613624838336
0.8461540000000001,950,3.9257948109037657,3.37628333914052,8.449684360848359,281.3744892162503,0.0019529541334535082
0.8461540000000001,975,3.9257948109037657,3.349595892178548,8.741137803413142,291.0798888536576,0.0019795215705022684
0.8461540000000001,1000,3.9257948109037657,3.3222566152024173,9.039045898084659,301.0002284062191,0.002005108763196135
0.8461540000000001,1025,3.9257948109037657,3.294806421044928,9.34221221136835,311.09566663856606,0.002028277657084584
0.8461540000000001,1050,3.9257948109037657,3.267936479495526,9.648759004152701,321.3036748382849,0.0020474659424276603
0.8461540000000001,1075,3.9257948109037657,3.2424595906471243,9.956109360745941,331.5384417128398,0.002061104035858708
0.8461540000000001,1100,3.9257948109037657,3.219242927721951,10.261118460049973,341.69524471966406,0.0020677837754560758
0.8461540000000001,1125,3.9257948109037657,3.1991087143398027,10.560373779218603,351.6604468479794,0.002066442510317644
0.8461540000000001,1150,3.9257948109037657,3.182728300116997,10.850607176636801,361.3252189820055,0.002056503315434991
0.8461540000000001,1175,3.9257948109037657,1.0,1.0,1e-06,0.003333947066051449
0.8461540000000001,1200,3.9257948109037657,1.0,1.0,1e-06,0.003333947066051449
0.8461540000000001,1225,3.9257948109037657,1.0,1.0,1e-06,0.003333947066051449
0.8461540000000001,1250,3.9257948109037657,1.0,1.0,1e-06,0.003333947066051449
0.8461540000000001,1275,3.9257948109037657,1.0,1.0,1e-06,0.003333947066051449
0.8461540000000001,1300,3.9257948109037657,1.0,1.0,1e-06,0.003333947066051449
0.8461540000000001,1325,3.9257948109037657,1.0,1.0,1e-06,0.003333947066051449
0.8461540000000001,1350,3.9257948109037657,1.0,1.0,1e-06,0.003333947066051449
0.8461540000000001,1375,3.9257948109037657,1.0,1.0,1e-06,0.003333947066051449
0.8461540000000001,1400,3.9257948109037657,1.0,1.0,1e-06,0.003333947066051449
0.8461540000000001,1425,3.9257948109037657,1.0,1.0,1e-06,0.003333947066051449
0.8461540000000001,1450,3.9257948109037657,1.0,1.0,1e-06,0.003333947066051449
0.8461540000000001,1475,3.9257948109037657,1.0,1.0,1e-06,0.003333947066051449
0.8461540000000001,1500,3.9257948109037657,1.0,1.0,1e-06,0.003333947066051449
0.8461540000000001,1525,3.9257948109037657,1.0,1.0,1e-06,0.003333947066051449
0.8717950000000001,-100,3.9500323734771956,4.028674197714265,0.7454072619490572,-24.822061822903603,0.003168222881650627
0.8717950000000001,-75,3.9500323734771956,4.009490235862232,0.561730324744864,-18.705619814003967,0.003178609582373926
0.8717950000000001,-50,3.9500323734771956,3.989854996430167,0.3763298422737037,-12.531783747714332,0.0031777298231973135
0.8717950000000001,-25,3.9500323734771956,3.9699589305354985,0.1891079388696571,-6.297294364359581,0.0031643045259373724
0.8717950000000001,0,3.9500323734771956,3.9500323734771956,0.0,0.0,0.003136975078463321
0.8717950000000001,25,3.9500323734771956,3.9299013965137046,0.19103551845264122,6.361482764472952,0.0031645101792802865
0.8717950000000001,50,3.9500323734771956,3.909386516481577,0.38407599125113895,12.789730508662926,0.0031780073057901767
0.8717950000000001,75,3.9500323734771956,3.8887382568933435,0.579173012804298,19.286461326383122,0.003178090347761419
0.8717950000000001,100,3.9500323734771956,3.8682000719420655,0.7763308378967367,25.85181690196133,0.003165437146853753
0.8717950000000001,125,3.9500323734771956,3.848005578778971,0.9755063179884672,32.484360389015954,0.003140797401469637
0.8717950000000001,150,3.9500323734771956,3.8283747426654733,1.176610130221546,39.181117336377476,0.003105006673680794
0.8717950000000001,175,3.9500323734771956,3.8095092180976406,1.3795097883710004,45.93767595275431,0.0030589957472833213
0.8717950000000001,200,3.9500323734771956,3.7915871409734105,1.5840348072454138,52.74835908127228,0.0030037945305494687
0.8717950000000001,225,3.9500323734771956,3.7747577524047147,1.789984205596335,59.60647404635795,0.0029405299319695336
0.8717950000000001,250,3.9500323734771956,3.7591362339060685,1.9971363207836057,66.50463948209406,0.002870418380698453
0.8717950000000001,275,3.9500323734771956,3.7447993395321832,2.2052605519018047,73.43517637833008,0.0027947510180635258
0.8717950000000001,300,3.9500323734771956,3.7317818574645347,2.4141306628061985,80.3905510714464,0.002714877720127738
0.8717950000000001,325,3.9500323734771956,3.720074460915333,2.6235388195316784,87.36384269040488,0.0026321863310978036
0.8717950000000001,350,3.9500323734771956,3.709622828511432,2.8333097450578517,94.34921451042645,0.002548082103420124
0.8717950000000001,375,3.9500323734771956,3.700327670367304,3.0433146100662585,101.3423765152064,0.002463971259569028
0.8717950000000001,400,3.9500323734771956,3.692045879667398,3.2534839499595063,108.34101553365154,0.002381244928700756
0.8717950000000001,425,3.9500323734771956,3.684591633242424,3.463820155161019,115.34521116686192,0.002301272307272269
0.8717950000000001,450,3.9500323734771956,3.677737231862488,3.674409742065769,122.3578444107901,0.002225399956381507
0.8717950000000001,475,3.9500323734771956,3.671212756241194,3.885436560443004,129.38503746275202,0.002154960285235995
0.8717950000000001,500,3.9500323734771956,3.6647076769988214,4.09719310199154,136.4365302963183,0.002091263211243312
0.8717950000000001,525,3.9500323734771956,3.657983463614375,4.309960917698614,143.52169855936384,0.002034876348275816
0.8717950000000001,550,3.9500323734771956,3.6509183505236518,4.523934783188878,150.64702828018963,0.001985528864181901
0.8717950000000001,575,3.9500323734771956,3.6434025176662157,4.739324624040669,157.81950998055424,0.0019429147628753955
0.8717950000000001,600,3.9500323734771956,3.635331323856038,4.95636199643726,165.04685448136075,0.0019067376388969468
0.8717950000000001,625,3.9500323734771956,3.6266048583956083,5.175300177883723,172.33749592352797,0.0018767100760539244
0.8717950000000001,650,3.9500323734771956,3.6171275966191674,5.396414419486857,179.70060016891233,0.0018525523929531068
0.8717950000000001,675,3.9500323734771956,3.606808209030154,5.620002255601166,187.14607511151883,0.0018339907168371916
0.8717950000000001,700,3.9500323734771956,3.5955595857340206,5.846383718524763,194.68457782687457,0.001820754328359763
0.8717950000000001,725,3.9500323734771956,3.5832991563560705,6.0759012356400435,202.32751114681344,0.0018125721758867242
0.8717950000000001,750,3.9500323734771956,3.56994961113825,6.308918885648191,210.08699889208472,0.0018091684128163613
0.8717950000000001,775,3.9500323734771956,3.555440166528302,6.545820540695072,217.97582400514588,0.0018102567509485743
0.8717950000000001,800,3.9500323734771956,3.5397085742494534,6.78700619559281,226.00730631324055,0.0018155333379313134
0.8717950000000001,825,3.9500323734771956,3.5227040951440465,7.03288556337336,234.19508926033285,0.0018246679709758053
0.8717950000000001,850,3.9500323734771956,3.5043918388446462,7.283867415334744,242.55278493064696,0.0018372930030878492
0.8717950000000001,875,3.9500323734771956,3.4847587289471913,7.540343053883337,251.0934236943151,0.0018529901647142914
0.8717950000000001,900,3.9500323734771956,3.4638217138091467,7.802661124063901,259.8286154313279,0.0018712744893818406
0.8717950000000001,925,3.9500323734771956,3.441638475240984,8.071091132206377,268.76733470247234,0.0018915762170243187
0.8717950000000001,950,3.9500323734771956,3.418320973105554,8.345772311314079,277.9142179667588,0.0019132212963470592
0.8717950000000001,975,3.9500323734771956,3.394051303885343,8.626646051508354,287.2673135152282,0.0019354136145474836
0.8717950000000001,1000,3.9500323734771956,3.369098925445619,8.91337140718065,296.81526785911564,0.001957222255518604
0.8717950000000001,1025,3.9500323734771956,3.3438357068567734,9.20523120130053,306.5341990033076,0.0019775824968028487
0.8717950000000001,1050,3.9500323734771956,3.3187439818444338,9.501043679183558,316.38475451681245,0.0019953186195614103
0.8717950000000001,1075,3.9500323734771956,3.294410056230024,9.799108711811272,326.3103201033153,0.0020091988418864315
0.8717950000000001,1100,3.9500323734771956,3.271496854123228,10.097222924545953,336.23752338738024,0.0020180243790703417
0.8717950000000001,1125,3.9500323734771956,3.250692598698994,10.392795614480704,346.0800939622074,0.002020745448753175
0.8717950000000001,1150,3.9500323734771956,3.232642005482469,10.683068052684135,355.7461661543817,0.002016579337311548
0.8717950000000001,1175,3.9500323734771956,3.217875788832485,10.965396926674897,365.147717658274,0.002005096976478721
0.8717950000000001,1200,3.9500323734771956,3.2067583363961627,11.2375278258524,374.2096766008849,0.0019862501788636944
0.8717950000000001,1225,3.9500323734771956,3.1994667777573245,11.49778676951057,382.876299424702,0.001960334439210909
0.8717950000000001,1250,3.9500323734771956,1.0,1.0,1e-06,0.0031370009386958706
0.8717950000000001,1275,3.9500323734771956,1.0,1.0,1e-06,0.0031370009386958706
0.8717950000000001,1300,3.9500323734771956,1.0,1.0,1e-06,0.0031370009386958706
0.8717950000000001,1325,3.9500323734771956,1.0,1.0,1e-06,0.0031370009386958706
0.8717950000000001,1350,3.9500323734771956,1.0,1.0,1e-06,0.0031370009386958706
0.8717950000000001,1375,3.9500323734771956,1.0,1.0,1e-06,0.0031370009386958706
0.8717950000000001,1400,3.9500323734771956,1.0,1.0,1e-06,0.0031370009386958706
0.8717950000000001,1425,3.9500323734771956,1.0,1.0,1e-06,0.0031370009386958706
0.8717950000000001,1450,3.9500323734771956,1.0,1.0,1e-06,0.0031370009386958706
0.8717950000000001,1475,3.9500323734771956,1.0,1.0,1e-06,0.0031370009386958706
0.8717950000000001,1500,3.9500323734771956,1.0,1.0,1e-06,0.0031370009386958706
0.8717950000000001,1525,3.9500323734771956,1.0,1.0,1e-06,0.0031370009386958706
0.897436,-100,3.9770371894551864,4.0519878835316,0.7411184557604527,-24.67924457682307,0.003036993042599139
0.897436,-75,3.9770371894551864,4.03367247559139,0.5583626994707933,-18.593477892377415,0.00304597593113134
0.897436,-50,3.9770371894551864,4.014958188624401,0.3739768712301193,-12.453429811962971,0.0030450245227050983
0.897436,-25,3.9770371894551864,3.99601258014542,0.18787497178585666,-6.256236560469026,0.003033035996453966
0.897436,0,3.9770371894551864,3.9770371894551864,0.0,0.0,0.0030088429607308164
0.897436,25,3.9770371894551864,3.9578778777411427,0.18968517320176212,6.316516267618678,0.003033208639430361
0.897436,50,3.9770371894551864,3.9383757867310885,0.38124891651026677,12.695588919791883,0.00304526264739294
0.897436,75,3.9770371894551864,3.9187489008742933,0.574737578044299,19.138761348875157,0.0030455622241362364
0.897436,100,3.9770371894551864,3.8992083442879353,0.7701571031468958,25.646231534791628,0.003034708825024395
0.897436,125,3.9770371894551864,3.8799561399499902,0.9674732441182013,32.2168590291361,0.003013361712803807
0.897436,150,3.9770371894551864,3.8611821771085912,1.1666127879720147,38.848205839468086,0.002982248725342452
0.897436,175,3.9770371894551864,3.8430605752563554,1.3674661516113877,45.536622848659206,0.0029421728230506197
0.897436,200,3.9770371894551864,3.8257455513314893,1.5698916525997693,52.27739203157231,0.0028940165575269375
0.897436,225,3.9770371894551864,3.8093672361909725,1.7737215494909615,59.06492759804901,0.0028387396731482995
0.897436,250,3.9770371894551864,3.7940275389489306,1.9787699036015265,65.89303778993083,0.0027773746156566116
0.897436,275,3.9770371894551864,3.779796552145257,2.1848419999143114,72.75523859714656,0.002711016293989105
0.897436,300,3.9770371894551864,3.7667095466614904,2.391745075484748,79.64511101364211,0.002640810466792742
0.897436,325,3.9770371894551864,3.754764916282216,2.5992998169971706,86.55668390600577,0.0025679388712989736
0.897436,350,3.9770371894551864,3.743923007480565,2.8073522050293054,93.48482842747586,0.0024936044264708417
0.897436,375,3.9770371894551864,3.7341058530056292,3.015785225316236,100.42564800303064,0.002419016867506057
0.897436,400,3.9770371894551864,3.7251972701838274,3.224530445180761,107.37686382451932,0.002345383449482455
0.897436,425,3.9770371894551864,3.7170436376561082,3.4335789425412,114.33817878662195,0.00227389971187383
0.897436,450,3.9770371894551864,3.7094541173920543,3.642992495891616,121.3116501131908,0.002205749174242221
0.897436,475,3.9770371894551864,3.702200268215804,3.8529153559644205,128.3020813536152,0.0021421080495327293
0.897436,500,3.9770371894551864,3.695015166087414,4.06358684338342,135.31744188466786,0.0020841513070291545
0.897436,525,3.9770371894551864,3.6876694336587246,4.275265462209218,142.36633989156692,0.0020325573869276825
0.897436,550,3.9770371894551864,3.680049472327604,4.488123499619677,149.45451253733523,0.0019871445303693445
0.897436,575,3.9770371894551864,3.6720582772077375,4.7023402037065285,156.58792878342737,0.0019476527636383607
0.897436,600,3.9770371894551864,3.6636034774947297,4.918113580986995,163.77318224686692,0.0019138280618373514
0.897436,625,3.9770371894551864,3.6545970575435054,5.135660231003551,171.01748569241823,0.0018854220117093898
0.897436,650,3.9770371894551864,3.644955155915924,5.355215272769121,178.32866858321174,0.0018621909543630438
0.897436,675,3.9770371894551864,3.634597981418133,5.577032280847001,185.7151749522051,0.0018438945989479982
0.897436,700,3.9770371894551864,3.623449892909438,5.801383113412467,193.18605767663516,0.0018302940740040415
0.897436,725,3.9770371894551864,3.6114396994791256,6.028557468344798,200.75096369588175,0.0018211493645923689
0.897436,750,3.9770371894551864,3.5985012689548133,6.258861909214831,208.42010157685385,0.0018162159870207621
0.897436,775,3.9770371894551864,3.584574501772633,6.492618095052631,216.20418256525258,0.0018152409589213374
0.897436,800,3.9770371894551864,3.5696068586404963,6.730159643735588,224.11431613639505,0.0018179576291178544
0.897436,825,3.9770371894551864,3.5535555644782932,6.971827040619814,232.1618404526398,0.001824079375625392
0.897436,850,3.9770371894551864,3.5363906360159723,7.217959821961883,240.3580620713307,0.001833292171029587
0.897436,875,3.9770371894551864,3.51809913195732,7.4688845568877635,248.71385574436252,0.0018452452362347693
0.897436,900,3.9770371894551864,3.4986906643074636,7.724897574612189,257.2390892345859,0.001859540579820281
0.897436,925,3.9770371894551864,3.47820464065996,7.986240215155134,265.94179916466595,0.0018757207417640994
0.897436,950,3.9770371894551864,3.4567192228014227,8.253065027771683,274.827065424797,0.0018932559129484362
0.897436,975,3.9770371894551864,3.434361993621689,8.525391130479804,283.89552464497746,0.0019115313512325853
0.897436,1000,3.9770371894551864,3.4113217153933184,8.803048359385718,293.1415103675444,0.0019298374814012758
0.897436,1025,3.9770371894551864,3.387859778793241,9.085612389703131,302.55089257711427,0.0019473662947855136
0.897436,1050,3.9770371894551864,3.364318798794516,9.372337586684633,312.09884163659825,0.001963219047682681
0.897436,1075,3.9770371894551864,3.3411245850469644,9.662100727030657,321.74795421012084,0.0019764309177019114
0.897436,1100,3.9770371894551864,3.318777010520206,9.953375272976004,331.4473965901009,0.0019860170443548463
0.897436,1125,3.9770371894551864,3.2978261114695346,10.244258684921833,341.13381420789705,0.0019910400250492915
0.897436,1150,3.9770371894551864,3.2788329594271763,10.532569045715533,350.73454922232725,0.001990691340719402
0.897436,1175,3.9770371894551864,3.2623203067478395,10.816008842632833,360.1730944596733,0.0019843705532184615
0.897436,1200,3.9770371894551864,3.2487230676748418,11.092369304912022,369.37589785357034,0.001971742406617624
0.897436,1225,3.9770371894551864,3.2383508901157914,11.359728465210091,378.278957891496,0.00195275545712822
0.897436,1250,3.9770371894551864,3.231371048021116,11.616597716478717,386.83270395874126,0.001927619184735738
0.897436,1275,3.9770371894551864,3.2278138360977526,11.861987782596751,395.0041931604718,0.0018967478480742589
0.897436,1300,3.9770371894551864,3.2275948092298394,12.095396524805553,402.7767042760249,0.0018606894894093735
0.897436,1325,3.9770371894551864,1.0,1.0,1e-06,0.0030089095835189213
0.897436,1350,3.9770371894551864,1.0,1.0,1e-06,0.0030089095835189213
0.897436,1375,3.9770371894551864,1.0,1.0,1e-06,0.0030089095835189213
0.897436,1400,3.9770371894551864,1.0,1.0,1e-06,0.0030089095835189213
0.897436,1425,3.9770371894551864,1.0,1.0,1e-06,0.0030089095835189213
0.897436,1450,3.9770371894551864,1.0,1.0,1e-06,0.0030089095835189213
0.897436,1475,3.9770371894551864,1.0,1.0,1e-06,0.0030089095835189213
0.897436,1500,3.9770371894551864,1.0,1.0,1e-06,0.0030089095835189213
0.897436,1525,3.9770371894551864,1.0,1.0,1e-06,0.0030089095835189213
0.923077,-100,4.009672809467099,4.084548959195768,0.7352104315562634,-24.48250737082357,0.003058352994428218
0.923077,-75,4.009672809467099,4.066237498319384,0.5538909749327582,-18.444569465260845,0.003066739451892396
0.923077,-50,4.009672809467099,4.047542795250642,0.3709661830539137,-12.353173895695326,0.0030656077622885467
0.923077,-25,4.009672809467099,4.028624170558272,0.18635412959027947,-6.205592515356306,0.0030539164542750796
0.923077,0,4.009672809467099,4.009672809467099,0.0,0.0,0.003030563921727118
0.923077,25,4.009672809467099,3.9905395437663422,0.18813264284612843,6.2648170067760764,0.0030540821352103152
0.923077,50,4.009672809467099,3.9710705979181533,0.3781099994265183,12.591062980903057,0.0030658421459326913
0.923077,75,4.009672809467099,3.9514723456783125,0.5699779867409456,18.980266958473486,0.0030663669755605443
0.923077,100,4.009672809467099,3.9319448517320126,0.7637449446118715,25.43270665557532,0.0030562204325211614
0.923077,125,4.009672809467099,3.912679840988403,0.95938178085266,31.947413302393574,0.003036019459873727
0.923077,150,4.009672809467099,3.893857952335811,1.1568230170806262,38.52220646878485,0.0030064440162620074
0.923077,175,4.009672809467099,3.875645435433864,1.3559690489764702,45.153769330916454,0.0029682433165433915
0.923077,200,4.009672809467099,3.858190387243307,1.556689899457584,51.83777365193754,0.0029222401263008305
0.923077,225,4.009672809467099,3.841618900457287,1.758830569047977,58.56905794929763,0.0028693292139903236
0.923077,250,4.009672809467099,3.826031243280697,1.9622180348611233,65.3418605608754,0.0028104734791766944
0.923077,275,4.009672809467099,3.811498358799116,2.1666697662858687,72.15010321731943,0.002746696703552485
0.923077,300,4.009672809467099,3.798059140744625,2.3720033509648695,78.98771158713015,0.0026790707626596555
0.923077,325,4.009672809467099,3.7857181534914246,2.578047113929677,85.84896889385824,0.002608705251341653
0.923077,350,4.009672809467099,3.7744444159167205,2.784651024714523,92.72887912299362,0.002536732847146535
0.923077,375,4.009672809467099,3.764170892415452,2.9916976628112013,99.623532171613,0.0024642964538613356
0.923077,400,4.009672809467099,3.754794397704801,3.1991131177128147,106.53046681983672,0.002392540081452434
0.923077,425,4.009672809467099,3.7461761296682736,3.406877392038936,113.44901715489657,0.002322599934374594
0.923077,450,4.009672809467099,3.73814183253394,3.6150349876781522,120.38066508968245,0.002255602897116997
0.923077,475,4.009672809467099,3.7304815021435997,3.823705936101751,127.3294076721883,0.0021926694895360037
0.923077,500,4.009672809467099,3.7229480203714598,4.033098214870288,134.30217055518057,0.002134922971910069
0.923077,525,4.009672809467099,3.71530926299192,4.243459870974419,141.30721370344816,0.0020831459255359697
0.923077,550,4.009672809467099,3.707449364850952,4.454954037431747,148.34996944647716,0.0020372329414276367
0.923077,575,4.009672809467099,3.6992762093789393,4.667742090598371,155.43581161692575,0.0019969439272664994
0.923077,600,4.009672809467099,3.6907020575257037,4.882002864814707,162.57069539832972,0.0019620433508010468
0.923077,625,4.009672809467099,3.6816433224226404,5.097932397323679,169.76114883087848,0.0019323001128559278
0.923077,650,4.009672809467099,3.6720204032541313,5.315743753008941,177.01426697519773,0.0019074869612644137
0.923077,675,4.009672809467099,3.6617576114440813,5.535666863071344,184.33770654027575,0.0018873794437005316
0.923077,700,4.009672809467099,3.6507832278644727,5.757948283693984,191.73967784700963,0.0018717543788145208
0.923077,725,4.009672809467099,3.639029729785247,5.982850756500032,199.22893019145107,0.0018603878428985119
0.923077,750,4.009672809467099,3.6264343059004527,6.210652288910032,206.81472122070406,0.001853052342234719
0.923077,775,4.009672809467099,3.612939559572313,6.44164478523086,214.5067713481876,0.001849513875022658
0.923077,800,4.009672809467099,3.5984947835129306,6.676131401966694,222.3151756854909,0.0018495274768640228
0.923077,825,4.009672809467099,3.583057648984365,6.914422597079144,230.25027248273548,0.0018528323805337612
0.923077,850,4.009672809467099,3.5665966167724052,7.156829960946038,238.32243769950307,0.001859145940985049
0.923077,875,4.009672809467099,3.549094208695121,7.403657026601486,246.54177898582947,0.001868156393884261
0.923077,900,4.009672809467099,3.5305513561128015,7.655185918831742,254.91769109709696,0.0018795143298697226
0.923077,925,4.009672809467099,3.5109929657933403,7.911658624329126,263.4582321901599,0.0018928231603475556
0.923077,950,4.009672809467099,3.490474983185684,8.173251109363672,272.16926194181025,0.001907628446273333
0.923077,975,4.009672809467099,3.469092826245375,8.440039153108641,281.05330379851773,0.0019234073249295657
0.923077,1000,4.009672809467099,3.446990997720567,8.711954875973959,290.1080973699328,0.0019395591396713944
0.923077,1025,4.009672809467099,3.4243730553218725,8.988734662814814,299.32486427173325,0.001955399714518467
0.923077,1050,4.009672809467099,3.401510392643942,9.269861882451151,308.6864006856233,0.001970162648799453
0.923077,1075,4.009672809467099,3.3787473487307143,9.554512057378213,318.1652515106945,0.0019830118397300136
0.923077,1100,4.009672809467099,3.3564992563567153,9.841513586059442,327.7224024157794,0.0019930695866244327
0.923077,1125,4.009672809467099,3.3352401705248025,10.129340634101286,337.3070431155728,0.001999462070856353
0.923077,1150,4.009672809467099,3.3154777684310064,10.416156266635866,346.85800367897434,0.002001381065661056
0.923077,1175,4.009672809467099,3.297716763737115,10.69991385351678,356.3071313221087,0.001998152669827877
0.923077,1200,4.009672809467099,3.2824159851767316,10.978509792413098,365.58437608735613,0.0019892995211496394
0.923077,1225,4.009672809467099,3.269947941366384,11.249960992166441,374.6237010391425,0.001974581069080369
0.923077,1250,4.009672809467099,3.260570494398026,11.512567387219704,383.3684939944161,0.001954000724639578
0.923077,1275,4.009672809467099,3.25441576865817,11.765026662243269,391.7753878527008,0.0019277807239205377
0.923077,1300,4.009672809467099,3.251497124668149,12.006481181502936,399.8158233440477,0.0018963123531669918
0.923077,1325,4.009672809467099,3.251729281611724,12.236501363996675,407.47549542108925,0.0018600959723286147
0.923077,1350,4.009672809467099,1.0,1.0,1e-06,0.0030306576721553864
0.923077,1375,4.009672809467099,1.0,1.0,1e-06,0.0030306576721553864
0.923077,1400,4.009672809467099,1.0,1.0,1e-06,0.0030306576721553864
0.923077,1425,4.009672809467099,1.0,1.0,1e-06,0.0030306576721553864
0.923077,1450,4.009672809467099,1.0,1.0,1e-06,0.0030306576721553864
0.923077,1475,4.009672809467099,1.0,1.0,1e-06,0.0030306576721553864
0.923077,1500,4.009672809467099,1.0,1.0,1e-06,0.0030306576721553864
0.923077,1525,4.009672809467099,1.0,1.0,1e-06,0.0030306576721553864
0.9487180000000001,-100,4.050802784142296,4.131051500888133,0.7269342932077678,-24.206911963818666,0.003315115817572366
0.9487180000000001,-75,4.050802784142296,4.111439437492952,0.5478013932817666,-18.241786396282826,0.003324052372579695
0.9487180000000001,-50,4.050802784142296,4.091405934773901,0.36698912927212846,-12.220738004761877,0.0033224794292933233
0.9487180000000001,-25,4.050802784142296,4.071124238830443,0.18440870548485763,-6.140809892645759,0.0033092466699683573
0.9487180000000001,0,4.050802784142296,4.050802784142296,0.0,0.0,0.0032831335623250946
0.9487180000000001,25,4.050802784142296,4.030274129145923,0.1862778378576062,6.203052000658286,0.0033094442855217455
0.9487180000000001,50,4.050802784142296,4.009365210157927,0.37449856094360606,12.47080207942208,0.0033227673505254914
0.9487180000000001,75,4.050802784142296,3.988301699110279,0.5647146134292449,18.80499662719385,0.0033236424483923973
0.9487180000000001,100,4.050802784142296,3.967303884114662,0.7569379837595046,25.2060348591915,0.0033126551039893352
0.9487180000000001,125,4.050802784142296,3.9465844454058425,0.951139854139811,31.6729571428557,0.003290451796666591
0.9487180000000001,150,4.050802784142296,3.9263453538429816,1.1472512218253152,38.203465686783,0.0032577523547129956
0.9487180000000001,175,4.050802784142296,3.9067740655538294,1.345164876973827,44.793990403228435,0.0032153580712935494
0.9487180000000001,200,4.050802784142296,3.888039111451368,1.5447390918256543,51.43981175779428,0.0031641576267289803
0.9487180000000001,225,4.050802784142296,3.8702855343046325,1.7458031705587669,58.13524557960693,0.0031051257810629554
0.9487180000000001,250,4.050802784142296,3.8536302915709353,1.9481649612129945,64.87389320839272,0.0030393195601501615
0.9487180000000001,275,4.050802784142296,3.838158167253427,2.1516200996395733,71.64894931799779,0.002967867901943593
0.9487180000000001,300,4.050802784142296,3.823918264009948,2.35596275521897,78.45355974879169,0.0028919595345173912
0.9487180000000001,325,4.050802784142296,3.810921517627523,2.560997311179389,85.28121046227365,0.0028128267084212015
0.9487180000000001,350,4.050802784142296,3.7991392016318613,2.76655051386269,92.12613211162757,0.002731728519824305
0.9487180000000001,375,4.050802784142296,3.7885025114478648,2.9724835148538706,98.98370104463389,0.002649933978283499
0.9487180000000001,400,4.050802784142296,3.77890259332229,3.1787037943868883,105.85083635308337,0.0025687108405363654
0.9487180000000001,425,4.050802784142296,3.7701915905568613,3.3851761790380785,112.72636676196801,0.0024893128524045385
0.9487180000000001,450,4.050802784142296,3.76218318730968,3.5919339491751248,119.61140050753164,0.0024129773216261443
0.9487180000000001,475,4.050802784142296,3.754652783117339,3.799090112514004,126.50970074671632,0.0023409272117232796
0.9487180000000001,500,4.050802784142296,3.7473363640751938,4.006850081289828,133.42810770695127,0.0022743815023863402
0.9487180000000001,525,4.050802784142296,3.7399702525045555,4.215478921311705,140.37544807967978,0.0022142941368301543
0.9487180000000001,550,4.050802784142296,3.7324182493837372,4.425151580813211,147.35754764107992,0.0021606259051898096
0.9487180000000001,575,4.050802784142296,3.7245805760963773,4.63602999437982,154.37979881284798,0.0021131146079636535
0.9487180000000001,600,4.050802784142296,3.716362088762016,4.848294538495881,161.44820813191282,0.0020715045354174626
0.9487180000000001,625,4.050802784142296,3.7076720031468735,5.062143779934913,168.5693878718326,0.002035546224183438
0.9487180000000001,650,4.050802784142296,3.6984237950241354,5.277794163497737,175.75054564447464,0.0020049951357248553
0.9487180000000001,675,4.050802784142296,3.6885348770732866,5.495480169176,182.99948963356078,0.001979611570471682
0.9487180000000001,700,4.050802784142296,3.677926574141333,5.715454236855911,190.32462608730182,0.001959159030896637
0.9487180000000001,725,4.050802784142296,3.6665242290746614,5.937986608441538,197.7349540611032,0.001943402252233494
0.9487180000000001,750,4.050802784142296,3.6542575251818796,6.163364888029217,205.2400507713729,0.0019321046621750648
0.9487180000000001,775,4.050802784142296,3.6410611640442268,6.391892974251225,212.85003604256576,0.0019250249035246997
0.9487180000000001,800,4.050802784142296,3.6268758052881083,6.623889350993545,220.57551538808502,0.0019219131285189203
0.9487180000000001,825,4.050802784142296,3.6116497150640945,6.859683726093332,228.42746807890794,0.0019225055234009798
0.9487180000000001,850,4.050802784142296,3.5953409649468977,7.099611907295847,236.41707651295167,0.0019265182782617087
0.9487180000000001,875,4.050802784142296,3.577920562194245,7.3440077328496445,244.55545750389314,0.0019336400290331812
0.9487180000000001,900,4.050802784142296,3.559376711218711,7.593190948808879,252.85325859533566,0.0019435227991665286
0.9487180000000001,925,4.050802784142296,3.5397204804509803,7.84744951788926,261.3200689457123,0.001955771348726721
0.9487180000000001,950,4.050802784142296,3.5189929796254056,8.107014902759305,269.96359626188485,0.001969931545885155
0.9487180000000001,975,4.050802784142296,3.497274481234186,8.372027828066459,278.7885266746131,0.001985477341950154
0.9487180000000001,1000,4.050802784142296,3.47469503082843,8.642493733578206,287.79504132815424,0.0020017987476614197
0.9487180000000001,1025,4.050802784142296,3.4514461325272334,8.918227200678446,296.97696578259223,0.002018192387532956
0.9487180000000001,1050,4.050802784142296,3.427791983121672,9.19878793310437,306.3196381723755,0.0020338585039397197
0.9487180000000001,1075,4.050802784142296,3.404077680456118,9.483415277984118,315.7977287568711,0.002047909293812824
0.9487180000000001,1100,4.050802784142296,3.3807306298685322,9.77097457608375,325.37345338358887,0.0020593940510684598
0.9487180000000001,1125,4.050802784142296,3.358250746816171,10.059934868119335,334.9958311083738,0.0020673452413862395
0.9487180000000001,1150,4.050802784142296,3.337185971340067,10.348399768882821,344.6017123037979,0.0020708452318226175
0.9487180000000001,1175,4.050802784142296,3.31809293078268,10.634206461770834,354.11907517696875,0.0020691058593594516
0.9487180000000001,1200,4.050802784142296,3.3014879322155366,10.91508943116241,363.47247805770826,0.00206154495088839
0.9487180000000001,1225,4.050802784142296,3.2877984944332894,11.188881207005862,372.58974419329513,0.002047840289756256
0.9487180000000001,1250,4.050802784142296,1.0,1.0,1e-06,0.0032832298762400583
0.9487180000000001,1275,4.050802784142296,1.0,1.0,1e-06,0.0032832298762400583
0.9487180000000001,1300,4.050802784142296,1.0,1.0,1e-06,0.0032832298762400583
0.9487180000000001,1325,4.050802784142296,1.0,1.0,1e-06,0.0032832298762400583
0.9487180000000001,1350,4.050802784142296,1.0,1.0,1e-06,0.0032832298762400583
0.9487180000000001,1375,4.050802784142296,1.0,1.0,1e-06,0.0032832298762400583
0.9487180000000001,1400,4.050802784142296,1.0,1.0,1e-06,0.0032832298762400583
0.9487180000000001,1425,4.050802784142296,1.0,1.0,1e-06,0.0032832298762400583
0.9487180000000001,1450,4.050802784142296,1.0,1.0,1e-06,0.0032832298762400583
0.9487180000000001,1475,4.050802784142296,1.0,1.0,1e-06,0.0032832298762400583
0.9487180000000001,1500,4.050802784142296,1.0,1.0,1e-06,0.0032832298762400583
0.9487180000000001,1525,4.050802784142296,1.0,1.0,1e-06,0.0032832298762400583
0.9743590000000001,-100,4.103290664110142,4.134615384615385,0.7156812829536534,-23.832186722356656,0.0038903437919424054
0.9743590000000001,-75,4.103290664110142,4.134615384615385,0.5396687763174154,-17.97097025136993,0.003901108611948584
0.9743590000000001,-50,4.103290664110142,4.134615384615385,0.3617850560737868,-12.0474423672571,0.0038985725896166336
0.9743590000000001,-25,4.103290664110142,4.126803106816388,0.18192066142208252,-6.057958025355347,0.00388124886435919
0.9743590000000001,0,4.103290664110142,4.103290664110142,0.0,0.0,0.003847547483397611
0.9743590000000001,25,4.103290664110142,4.079503812433274,0.1840299176734805,6.1281962585269,0.0038815420840627424
0.9743590000000001,50,4.103290664110142,4.055216601926107,0.37026419274085837,12.329797618270582,0.0038990147018146187
0.9743590000000001,75,4.103290664110142,4.0307124084148604,0.5587727488446604,18.607132536527192,0.0039005610108277205
0.9743590000000001,100,4.103290664110142,4.006271814598207,0.749575451186449,24.960862524508748,0.003886838822844121
0.9743590000000001,125,4.103290664110142,3.982169730356742,0.9426403212144041,31.389922696439655,0.0038585929288426687
0.9743590000000001,150,4.103290664110142,3.9586710579288527,1.137883001287111,37.891503942860794,0.0038166763293262713
0.9743590000000001,175,4.103290664110142,3.936025136616912,1.3351681132230382,44.46109817032717,0.0037620646897305278
0.9743590000000001,200,4.103290664110142,3.9144590553716254,1.5343131505652743,51.09262791382363,0.0036958680038343965
0.9743590000000001,225,4.103290664110142,3.8941706330280215,1.7350951957394969,57.77867001812524,0.0036193292614128993
0.9743590000000001,250,4.103290664110142,3.8753212129108614,1.9372607056405564,64.51078149783052,0.0035338194005128843
0.9743590000000001,275,4.103290664110142,3.8580293785764836,2.1405379399431506,71.2799134001069,0.0034408190727865115
0.9743590000000001,300,4.103290664110142,3.8423655568121697,2.344651719313079,78.07690225312552,0.0033418988172974986
0.9743590000000001,325,4.103290664110142,3.8283485918480316,2.5493393628108705,84.89300078160198,0.0032386895236444064
0.9743590000000001,350,4.103290664110142,3.8159438787116393,2.7543671617254324,91.72042648545688,0.003132854876596812
0.9743590000000001,375,4.103290664110142,3.8050635912172446,2.959546139321884,98.55288643941873,0.003026061271946816
0.9743590000000001,400,4.103290664110142,3.7955680818876454,3.1647468186206518,105.3860690600677,0.002919955027899387
0.9743590000000001,425,4.103290664110142,3.7872681389132445,3.3699126374572033,112.21809082732486,0.0028161459784873384
0.9743590000000001,450,4.103290664110142,3.7799275510432047,3.5750720962321054,119.0499008045291,0.0027161980890507025
0.9743590000000001,475,4.103290664110142,3.7732643366399046,3.780351173850335,125.88569408921614,0.0026216348875698725
0.9743590000000001,500,4.103290664110142,3.766950518029436,3.985986793070396,132.73336020924418,0.002533953375025628
0.9743590000000001,525,4.103290664110142,3.760647691083103,4.19230065160001,139.6036116982803,0.0024543990578666406
0.9743590000000001,550,4.103290664110142,3.754173252846112,4.399508334889721,146.5036275518277,0.002382994995400543
0.9743590000000001,575,4.103290664110142,3.7474034457559875,4.6077951085898725,153.43957711604276,0.0023193965014971702
0.9743590000000001,600,4.103290664110142,3.7402205317464547,4.8173678169732685,160.41834830520983,0.0022632706058842776
0.9743590000000001,625,4.103290664110142,3.7325121433190316,5.0284548443770545,167.4475463177559,0.0022142965301355025
0.9743590000000001,650,4.103290664110142,3.7241706924834004,5.241306355510591,174.53550163850267,0.002172165365026848
0.9743590000000001,675,4.103290664110142,3.7150928621796395,5.456194776885801,181.69128607029717,0.0021365790860234614
0.9743590000000001,700,4.103290664110142,3.7051792241525883,5.673415440741261,188.92473417668396,0.00210724890889743
0.9743590000000001,725,4.103290664110142,3.694334047352605,5.893287259005082,196.2464657248692,0.0020838929009344845
0.9743590000000001,750,4.103290664110142,3.6824652994459646,6.116153362235644,203.66790696244692,0.0020662330700033705
0.9743590000000001,775,4.103290664110142,3.6694851361159317,6.342381127044845,211.20129153059332,0.0020539908863737794
0.9743590000000001,800,4.103290664110142,3.6553106853330544,6.572361720282901,218.85964528542058,0.002046882504048955
0.9743590000000001,825,4.103290664110142,3.639865614214564,6.80650809689875,226.65671962672837,0.0020446120047037395
0.9743590000000001,850,4.103290664110142,3.623082581360746,7.045250819521405,234.60685229006276,0.0020468629882799743
0.9743590000000001,875,4.103290664110142,3.6049068661622514,7.2890305496989845,242.72471730497617,0.002053288200235854
0.9743590000000001,900,4.103290664110142,3.5853017287925315,7.538285218781092,251.02489778541033,0.002063496250321814
0.9743590000000001,925,4.103290664110142,3.564255867490178,7.79342976780674,259.5212112679644,0.0020770356071719803
0.9743590000000001,950,4.103290664110142,3.5417937181774697,8.054824983768025,268.2256719594752,0.002093375111452816
0.9743590000000001,975,4.103290664110142,3.5179889773266537,8.32273195509806,277.1469741047654,0.002111881930784626
0.9743590000000001,1000,4.103290664110142,3.492981622572362,8.59724821796079,286.2883656580943,0.0021317982661812193
0.9743590000000001,1025,4.103290664110142,3.4669977276469233,8.87822352328795,295.6448433254887,0.002152220648620262
0.9743590000000001,1050,4.103290664110142,3.4403698639548574,9.165157462251644,305.19974349297974,0.002172088326707698
0.9743590000000001,1075,4.103290664110142,3.4135534110007484,9.45709013318708,314.92110143512974,0.002190190653996147
0.9743590000000001,1100,4.103290664110142,1.0,1.0,1e-06,0.003847610867407726
0.9743590000000001,1125,4.103290664110142,1.0,1.0,1e-06,0.003847610867407726
0.9743590000000001,1150,4.103290664110142,1.0,1.0,1e-06,0.003847610867407726
0.9743590000000001,1175,4.103290664110142,1.0,1.0,1e-06,0.003847610867407726
0.9743590000000001,1200,4.103290664110142,1.0,1.0,1e-06,0.003847610867407726
0.9743590000000001,1225,4.103290664110142,1.0,1.0,1e-06,0.003847610867407726
0.9743590000000001,1250,4.103290664110142,1.0,1.0,1e-06,0.003847610867407726
0.9743590000000001,1275,4.103290664110142,1.0,1.0,1e-06,0.003847610867407726
0.9743590000000001,1300,4.103290664110142,1.0,1.0,1e-06,0.003847610867407726
0.9743590000000001,1325,4.103290664110142,1.0,1.0,1e-06,0.003847610867407726
0.9743590000000001,1350,4.103290664110142,1.0,1.0,1e-06,0.003847610867407726
0.9743590000000001,1375,4.103290664110142,1.0,1.0,1e-06,0.003847610867407726
0.9743590000000001,1400,4.103290664110142,1.0,1.0,1e-06,0.003847610867407726
0.9743590000000001,1425,4.103290664110142,1.0,1.0,1e-06,0.003847610867407726
0.9743590000000001,1450,4.103290664110142,1.0,1.0,1e-06,0.003847610867407726
0.9743590000000001,1475,4.103290664110142,1.0,1.0,1e-06,0.003847610867407726
0.9743590000000001,1500,4.103290664110142,1.0,1.0,1e-06,0.003847610867407726
0.9743590000000001,1525,4.103290664110142,1.0,1.0,1e-06,0.003847610867407726
1.0,-100,4.17,4.134615384615385,0.701041745271136,-23.344690117528827,0.004867460649994028
1.0,-75,4.17,4.134615384615385,0.5291926058878469,-17.6221137760653,0.004881145593688803
1.0,-50,4.17,4.134615384615385,0.35516002714446054,-11.826828903910535,0.004876703651304063
1.0,-25,4.17,4.134615384615385,0.17879748726163722,-5.953956325812519,0.0048520192360696855
1.0,0,4.17,4.17,0.0,0.0,0.0048048012858175285
1.0,25,4.17,4.1407023122987905,0.18131000350371926,6.037623116673851,0.004852520128376296
1.0,50,4.17,4.110672857008432,0.36526903349692363,12.163458815447555,0.00487748952758588
1.0,75,4.17,4.080294440142265,0.5519827760698869,18.381026443127233,0.004880334628498202
1.0,100,4.17,4.049954903693573,0.7414904793789819,24.691632963320096,0.004861772264505818
1.0,125,4.17,4.020043294798766,0.9337595340354807,31.094192483381505,0.004822659578034675
1.0,150,4.17,3.9909431640207673,1.1286816973776037,37.5851005226742,0.0047640377034833805
1.0,175,4.17,3.9630231228227606,1.3260723171133224,44.15820815987363,0.0046871665722459845
1.0,200,4.17,3.936625071687282,1.5256738695289982,50.80493985531564,0.00459354796949534
1.0,225,4.17,3.912050956568865,1.7271648124652481,57.514588255092754,0.004484932453781319
1.0,250,4.17,3.889549488038662,1.93017405501459,64.27479603198584,0.00436330458087761
1.0,275,4.17,3.869303869194292,2.13430077797893,71.07221590669836,0.004230853463193739
1.0,300,4.17,3.851422501027988,2.3391380734272595,77.89329784512773,0.004089921826206762
1.0,325,4.17,3.8359330024330047,2.5442988064623324,84.72515025519566,0.003942949603049057
1.0,350,4.17,3.822780952561881,2.7494409543572638,91.55638378009688,0.0037924067454660594
1.0,375,4.17,3.8118319882573473,2.9542910852189896,98.37789313779234,0.0036407367582164726
1.0,400,4.17,3.8028775392998373,3.1586639032882435,105.1835079794985,0.003490304399922839
1.0,425,4.17,3.7956412968655613,3.3624786339273545,111.9705385097809,0.0033433678904896693
1.0,450,4.17,3.7897863251267956,3.565771881099759,118.74020364062197,0.003202063523690389
1.0,475,4.17,3.7849196700457277,3.7687099087341887,125.49803996084847,0.0030684170850349985
1.0,500,4.17,3.7805941577183972,3.9716019198624144,132.2543439314184,0.0029443709046224793
1.0,525,4.17,3.7763451161836894,4.1748741920331645,139.02331059470436,0.0028315746627839643
1.0,550,4.17,3.7719130331087687,4.378816895177403,145.8146026094075,0.002730089852232316
1.0,575,4.17,3.7671329189485236,4.583662864778045,152.6359733971089,0.002639397987808209
1.0,600,4.17,3.761848444355243,4.7896714300265195,159.4960586198831,0.0025590071577723367
1.0,625,4.17,3.7559103476302766,4.997129066355533,166.40439790963921,0.0024884537762913076
1.0,650,4.17,3.7491750508650132,5.206350531703222,173.37147270571728,0.0024273021539668164
1.0,675,4.17,3.7415033208886226,5.417680683885107,180.40876677337403,0.0023751433301999482
1.0,700,4.17,3.7327592704782577,5.631496568040861,187.52883571576066,0.002331591980789943
1.0,725,4.17,3.7228090621713514,5.848210694714827,194.74541613400373,0.002296284794302618
1.0,750,4.17,3.7115204328213123,6.068273886721412,202.073520427823,0.002268875042153029
1.0,775,4.17,3.698762252256272,6.292178757657756,209.52955263000325,0.002249027604119695
1.0,800,4.17,3.6844048533343696,6.520462593105747,217.13140435042135,0.0022364113939130795
1.0,825,4.17,3.6683210191739315,6.753709570476415,224.89852869686462,0.002230690363929723
1.0,850,4.17,3.6503884982280788,6.992550392352971,232.85192806535392,0.002231510411312048
1.0,875,4.17,3.6304943962886345,7.2376578526433955,241.01400649302505,0.0022384823669033484
1.0,900,4.17,3.6085425541228155,7.489734878184612,249.40817144354753,0.002251158984196586
1.0,925,4.17,1.0,1.0,1e-06,0.004804785317293174
1.0,950,4.17,1.0,1.0,1e-06,0.004804785317293174
1.0,975,4.17,1.0,1.0,1e-06,0.004804785317293174
1.0,1000,4.17,1.0,1.0,1e-06,0.004804785317293174
1.0,1025,4.17,1.0,1.0,1e-06,0.004804785317293174
1.0,1050,4.17,1.0,1.0,1e-06,0.004804785317293174
1.0,1075,4.17,1.0,1.0,1e-06,0.004804785317293174
1.0,1100,4.17,1.0,1.0,1e-06,0.004804785317293174
1.0,1125,4.17,1.0,1.0,1e-06,0.004804785317293174
1.0,1150,4.17,1.0,1.0,1e-06,0.004804785317293174
1.0,1175,4.17,1.0,1.0,1e-06,0.004804785317293174
1.0,1200,4.17,1.0,1.0,1e-06,0.004804785317293174
1.0,1225,4.17,1.0,1.0,1e-06,0.004804785317293174
1.0,1250,4.17,1.0,1.0,1e-06,0.004804785317293174
1.0,1275,4.17,1.0,1.0,1e-06,0.004804785317293174
1.0,1300,4.17,1.0,1.0,1e-06,0.004804785317293174
1.0,1325,4.17,1.0,1.0,1e-06,0.004804785317293174
1.0,1350,4.17,1.0,1.0,1e-06,0.004804785317293174
1.0,1375,4.17,1.0,1.0,1e-06,0.004804785317293174
1.0,1400,4.17,1.0,1.0,1e-06,0.004804785317293174
1.0,1425,4.17,1.0,1.0,1e-06,0.004804785317293174
1.0,1450,4.17,1.0,1.0,1e-06,0.004804785317293174
1.0,1475,4.17,1.0,1.0,1e-06,0.004804785317293174
1.0,1500,4.17,1.0,1.0,1e-06,0.004804785317293174
1.0,1525,4.17,1.0,1.0,1e-06,0.004804785317293174
