time_min,phase_name,altitude_ft,range_NM,eas_knots,tas_knots,vs_ft_min,cl,cd_total,cd0,cd_lift,lift_N,total_thrust_N,drag_N,weight_kg,gamma_percent,total_em_power_kW,total_gt_power_kW,total_fuel_flow_kg_h,fuel_used_kg,total_shaft_power_kW,phase_duration_min,string1_soc,,ir0,,string2_soc,string3_soc,string4_soc,string1_pack_voltage_V,string2_pack_voltage_V,string3_pack_voltage_V,string4_pack_voltage_V,string1_pack_current_A,string2_pack_current_A,string3_pack_current_A,string4_pack_current_A,string1_cell_voltage_V,string2_cell_voltage_V,string3_cell_voltage_V,string4_cell_voltage_V,string1_cell_power_W,string2_cell_power_W,string3_cell_power_W,string4_cell_power_W,string1_cell_current_A,string2_cell_current_A,string3_cell_current_A,string4_cell_current_A,string1_cell_ocv_V,string2_cell_ocv_V,string3_cell_ocv_V,string4_cell_ocv_V,string1_batt_power_kW,,string2_batt_power_kW,string3_batt_power_kW,string4_batt_power_kW,gearbox_power_in_nacelle1_kW,gearbox_power_in_nacelle2_kW,gearbox_power_in_nacelle3_kW,gearbox_power_in_nacelle4_kW,gearbox_power_out_nacelle1_kW,gearbox_power_out_nacelle2_kW,gearbox_power_out_nacelle3_kW,gearbox_power_out_nacelle4_kW,nacelle1_em_efficiency,nacelle2_em_efficiency,nacelle3_em_efficiency,nacelle4_em_efficiency,nacelle1_thrust_N,nacelle2_thrust_N,nacelle3_thrust_N,nacelle4_thrust_N,nacelle1_shaft_power_kW,nacelle2_shaft_power_kW,nacelle3_shaft_power_kW,nacelle4_shaft_power_kW,nacelle1_throttle,nacelle2_throttle,nacelle3_throttle,nacelle4_throttle,nacelle1_gt_power_kW,nacelle2_gt_power_kW,nacelle3_gt_power_kW,nacelle4_gt_power_kW,nacelle1_gt_throttle,nacelle2_gt_throttle,nacelle3_gt_throttle,nacelle4_gt_throttle,nacelle1_jet_thrust_N,nacelle2_jet_thrust_N,nacelle3_jet_thrust_N,nacelle4_jet_thrust_N,nacelle1_em_power_kW,nacelle2_em_power_kW,nacelle3_em_power_kW,nacelle4_em_power_kW,nacelle1_em_throttle,nacelle2_em_throttle,nacelle3_em_throttle,nacelle4_em_throttle,nacelle1_fuel_flow_kg_h,nacelle2_fuel_flow_kg_h,nacelle3_fuel_flow_kg_h,nacelle4_fuel_flow_kg_h,nacelle1_adv_ratio,nacelle2_adv_ratio,nacelle3_adv_ratio,nacelle4_adv_ratio,nacelle1_cp,nacelle2_cp,nacelle3_cp,nacelle4_cp,nacelle1_eta_calc,nacelle2_eta_calc,nacelle3_eta_calc,nacelle4_eta_calc,nacelle1_eta,nacelle2_eta,nacelle3_eta,nacelle4_eta
0,taxi,0,0,25,25.00065701,0,,,,,,275.4818232,,37696.1543,0,60,0,0,0,60,,0.9,,,,0.9,0.9,0.9,854.5525411,854.5525411,854.5525411,854.5525411,21.09508382,21.09508382,21.09508382,21.09508382,4.069297815,4.069297815,4.069297815,4.069297815,0.767918805,0.767918805,0.767918805,0.767918805,0.188348963,0.188348963,0.188348963,0.188348963,4.072,4.072,4.072,4.072,18.06145028,,18.06145028,18.06145028,18.06145028,15,15,15,15,4.083148721,4.083148721,4.083148721,4.083148721,0.830498092,0.830498092,0.830498092,0.830498092,68.8704558,68.8704558,68.8704558,68.8704558,15,15,15,15,0.008046131,0.008046131,0.008046131,0.008046131,0,0,0,0,0,0,0,0,0.000687162,0.000687162,0.000687162,0.000687162,15,15,15,15,0.012469222,0.012469222,0.012469222,0.012469222,0,0,0,0,0.197317537,0.197317537,0.197317537,0.197317537,0.000766642,0.000766642,0.000766642,0.000766642,0.300000001,0.300000001,0.300000001,0.300000001,0.300000001,0.300000001,0.300000001,0.300000001
1,taxi,0,0.416677617,25,25.00065701,0,,,,,,275.4818232,,37696.1543,0,60,0,0,0,60,,0.899454058,0.899454061,0.014346694,3.33E-09,0.899454058,0.899454058,0.899454058,854.4898558,854.4898558,854.4898558,854.4898558,21.09535799,21.09535799,21.09535799,21.09535799,4.068999313,4.068999313,4.068999313,4.068999313,0.767918805,0.767918805,0.767918805,0.767918805,0.188351411,0.188351411,0.188351411,0.188351411,4.071879933,4.071879933,4.071879933,4.071879933,18.06145028,,18.06145028,18.06145028,18.06145028,15,15,15,15,4.083148721,4.083148721,4.083148721,4.083148721,0.830498092,0.830498092,0.830498092,0.830498092,68.8704558,68.8704558,68.8704558,68.8704558,15,15,15,15,0.008046131,0.008046131,0.008046131,0.008046131,0,0,0,0,0,0,0,0,0.000687162,0.000687162,0.000687162,0.000687162,15,15,15,15,0.012469222,0.012469222,0.012469222,0.012469222,0,0,0,0,0.197317537,0.197317537,0.197317537,0.197317537,0.000766642,0.000766642,0.000766642,0.000766642,0.300000001,0.300000001,0.300000001,0.300000001,0.300000001,0.300000001,0.300000001,0.300000001
2,taxi,0,0.833355234,25,25.00065701,0,,,,,,275.4818232,,37696.1543,0,60,0,0,0,60,,0.898908107,0.898908112,0.015293861,4.63E-09,0.898908107,0.898908107,0.898908107,854.4252741,854.4252741,854.4252741,854.4252741,21.09573244,21.09573244,21.09573244,21.09573244,4.068691781,4.068691781,4.068691781,4.068691781,0.767918805,0.767918805,0.767918805,0.767918805,0.188354754,0.188354754,0.188354754,0.188354754,4.0717319,4.0717319,4.0717319,4.0717319,18.06145028,,18.06145028,18.06145028,18.06145028,15,15,15,15,4.083148721,4.083148721,4.083148721,4.083148721,0.830498092,0.830498092,0.830498092,0.830498092,68.8704558,68.8704558,68.8704558,68.8704558,15,15,15,15,0.008046131,0.008046131,0.008046131,0.008046131,0,0,0,0,0,0,0,0,0.000687162,0.000687162,0.000687162,0.000687162,15,15,15,15,0.012469222,0.012469222,0.012469222,0.012469222,0,0,0,0,0.197317537,0.197317537,0.197317537,0.197317537,0.000766642,0.000766642,0.000766642,0.000766642,0.300000001,0.300000001,0.300000001,0.300000001,0.300000001,0.300000001,0.300000001,0.300000001
3,taxi,0,1.25003285,25,25.00065701,0,,,,,,275.4818232,,37696.1543,0,60,0,0,0,60,,0.898362145,0.898362151,0.016140386,5.93E-09,0.898362145,0.898362145,0.898362145,854.3588147,854.3588147,854.3588147,854.3588147,21.09620785,21.09620785,21.09620785,21.09620785,4.068375308,4.068375308,4.068375308,4.068375308,0.767918805,0.767918805,0.767918805,0.767918805,0.188358999,0.188358999,0.188358999,0.188358999,4.071556843,4.071556843,4.071556843,4.071556843,18.06145028,,18.06145028,18.06145028,18.06145028,15,15,15,15,4.083148721,4.083148721,4.083148721,4.083148721,0.830498092,0.830498092,0.830498092,0.830498092,68.8704558,68.8704558,68.8704558,68.8704558,15,15,15,15,0.008046131,0.008046131,0.008046131,0.008046131,0,0,0,0,0,0,0,0,0.000687162,0.000687162,0.000687162,0.000687162,15,15,15,15,0.012469222,0.012469222,0.012469222,0.012469222,0,0,0,0,0.197317537,0.197317537,0.197317537,0.197317537,0.000766642,0.000766642,0.000766642,0.000766642,0.300000001,0.300000001,0.300000001,0.300000001,0.300000001,0.300000001,0.300000001,0.300000001
4,taxi,0,1.666710467,25,25.00065701,0,,,,,,275.4818232,,37696.1543,0,60,0,0,0,60,,0.89781617,0.897816177,0.016890806,7.25E-09,0.89781617,0.89781617,0.89781617,854.2904984,854.2904984,854.2904984,854.2904984,21.0967847,21.0967847,21.0967847,21.0967847,4.068049992,4.068049992,4.068049992,4.068049992,0.767918805,0.767918805,0.767918805,0.767918805,0.188364149,0.188364149,0.188364149,0.188364149,4.071355709,4.071355709,4.071355709,4.071355709,18.06145028,,18.06145028,18.06145028,18.06145028,15,15,15,15,4.083148721,4.083148721,4.083148721,4.083148721,0.830498092,0.830498092,0.830498092,0.830498092,68.8704558,68.8704558,68.8704558,68.8704558,15,15,15,15,0.008046131,0.008046131,0.008046131,0.008046131,0,0,0,0,0,0,0,0,0.000687162,0.000687162,0.000687162,0.000687162,15,15,15,15,0.012469222,0.012469222,0.012469222,0.012469222,0,0,0,0,0.197317537,0.197317537,0.197317537,0.197317537,0.000766642,0.000766642,0.000766642,0.000766642,0.300000001,0.300000001,0.300000001,0.300000001,0.300000001,0.300000001,0.300000001,0.300000001
5,taxi,0,2.083388084,25,25.00065701,0,,,,,,275.4818232,,37696.1543,0,60,0,0,0,60,,0.897270178,0.897270187,0.017549608,8.56E-09,0.897270178,0.897270178,0.897270178,854.220348,854.220348,854.220348,854.220348,21.09746322,21.09746322,21.09746322,21.09746322,4.067715943,4.067715943,4.067715943,4.067715943,0.767918805,0.767918805,0.767918805,0.767918805,0.188370207,0.188370207,0.188370207,0.188370207,4.071129442,4.071129442,4.071129442,4.071129442,18.06145028,,18.06145028,18.06145028,18.06145028,15,15,15,15,4.083148721,4.083148721,4.083148721,4.083148721,0.830498092,0.830498092,0.830498092,0.830498092,68.8704558,68.8704558,68.8704558,68.8704558,15,15,15,15,0.008046131,0.008046131,0.008046131,0.008046131,0,0,0,0,0,0,0,0,0.000687162,0.000687162,0.000687162,0.000687162,15,15,15,15,0.012469222,0.012469222,0.012469222,0.012469222,0,0,0,0,0.197317537,0.197317537,0.197317537,0.197317537,0.000766642,0.000766642,0.000766642,0.000766642,0.300000001,0.300000001,0.300000001,0.300000001,0.300000001,0.300000001,0.300000001,0.300000001
6,taxi,0,2.500065701,25,25.00065701,0,,,,,,275.4818232,,37696.1543,0,60,0,0,0,60,,0.896724168,0.896724178,0.018121225,9.88E-09,0.896724168,0.896724168,0.896724168,854.1483882,854.1483882,854.1483882,854.1483882,21.09824343,21.09824343,21.09824343,21.09824343,4.067373277,4.067373277,4.067373277,4.067373277,0.767918805,0.767918805,0.767918805,0.767918805,0.188377173,0.188377173,0.188377173,0.188377173,4.070878984,4.070878984,4.070878984,4.070878984,18.06145028,,18.06145028,18.06145028,18.06145028,15,15,15,15,4.083148721,4.083148721,4.083148721,4.083148721,0.830498092,0.830498092,0.830498092,0.830498092,68.8704558,68.8704558,68.8704558,68.8704558,15,15,15,15,0.008046131,0.008046131,0.008046131,0.008046131,0,0,0,0,0,0,0,0,0.000687162,0.000687162,0.000687162,0.000687162,15,15,15,15,0.012469222,0.012469222,0.012469222,0.012469222,0,0,0,0,0.197317537,0.197317537,0.197317537,0.197317537,0.000766642,0.000766642,0.000766642,0.000766642,0.300000001,0.300000001,0.300000001,0.300000001,0.300000001,0.300000001,0.300000001,0.300000001
7,taxi,0,2.916743317,25,25.00065701,0,,,,,,275.4818232,,37696.1543,0,60,0,0,0,60,,0.896178136,0.896178147,0.018610042,1.12E-08,0.896178136,0.896178136,0.896178136,854.0746459,854.0746459,854.0746459,854.0746459,21.0991251,21.0991251,21.0991251,21.0991251,4.067022123,4.067022123,4.067022123,4.067022123,0.767918805,0.767918805,0.767918805,0.767918805,0.188385046,0.188385046,0.188385046,0.188385046,4.070605281,4.070605281,4.070605281,4.070605281,18.06145028,,18.06145028,18.06145028,18.06145028,15,15,15,15,4.083148721,4.083148721,4.083148721,4.083148721,0.830498092,0.830498092,0.830498092,0.830498092,68.8704558,68.8704558,68.8704558,68.8704558,15,15,15,15,0.008046131,0.008046131,0.008046131,0.008046131,0,0,0,0,0,0,0,0,0.000687162,0.000687162,0.000687162,0.000687162,15,15,15,15,0.012469222,0.012469222,0.012469222,0.012469222,0,0,0,0,0.197317537,0.197317537,0.197317537,0.197317537,0.000766642,0.000766642,0.000766642,0.000766642,0.300000001,0.300000001,0.300000001,0.300000001,0.300000001,0.300000001,0.300000001,0.300000001
8,taxi,0,3.333420934,25,25.00065701,0,,,,,,275.4818232,,37696.1543,0,60,0,0,0,60,,0.89563208,0.895632092,0.019020391,1.25E-08,0.89563208,0.89563208,0.89563208,853.9991497,853.9991497,853.9991497,853.9991497,21.10010778,21.10010778,21.10010778,21.10010778,4.066662618,4.066662618,4.066662618,4.066662618,0.767918805,0.767918805,0.767918805,0.767918805,0.18839382,0.18839382,0.18839382,0.18839382,4.070309274,4.070309274,4.070309274,4.070309274,18.06145028,,18.06145028,18.06145028,18.06145028,15,15,15,15,4.083148721,4.083148721,4.083148721,4.083148721,0.830498092,0.830498092,0.830498092,0.830498092,68.8704558,68.8704558,68.8704558,68.8704558,15,15,15,15,0.008046131,0.008046131,0.008046131,0.008046131,0,0,0,0,0,0,0,0,0.000687162,0.000687162,0.000687162,0.000687162,15,15,15,15,0.012469222,0.012469222,0.012469222,0.012469222,0,0,0,0,0.197317537,0.197317537,0.197317537,0.197317537,0.000766642,0.000766642,0.000766642,0.000766642,0.300000001,0.300000001,0.300000001,0.300000001,0.300000001,0.300000001,0.300000001,0.300000001
9,taxi,0,3.750098551,25,25.00065701,0,,,,,,275.4818232,,37696.1543,0,60,0,0,0,60,,0.895085997,0.895086011,0.019356561,1.38E-08,0.895085997,0.895085997,0.895085997,853.9219303,853.9219303,853.9219303,853.9219303,21.10119081,21.10119081,21.10119081,21.10119081,4.066294906,4.066294906,4.066294906,4.066294906,0.767918805,0.767918805,0.767918805,0.767918805,0.188403489,0.188403489,0.188403489,0.188403489,4.069991908,4.069991908,4.069991908,4.069991908,18.06145028,,18.06145028,18.06145028,18.06145028,15,15,15,15,4.083148721,4.083148721,4.083148721,4.083148721,0.830498092,0.830498092,0.830498092,0.830498092,68.8704558,68.8704558,68.8704558,68.8704558,15,15,15,15,0.008046131,0.008046131,0.008046131,0.008046131,0,0,0,0,0,0,0,0,0.000687162,0.000687162,0.000687162,0.000687162,15,15,15,15,0.012469222,0.012469222,0.012469222,0.012469222,0,0,0,0,0.197317537,0.197317537,0.197317537,0.197317537,0.000766642,0.000766642,0.000766642,0.000766642,0.300000001,0.300000001,0.300000001,0.300000001,0.300000001,0.300000001,0.300000001,0.300000001
10,taxi,0,4.166776168,25,25.00065701,0,,,,,,275.4818232,,37696.1543,0,60,0,0,0,60,,0.894539885,0.8945399,0.019622789,1.51E-08,0.894539885,0.894539885,0.894539885,853.8430199,853.8430199,853.8430199,853.8430199,21.10237331,21.10237331,21.10237331,21.10237331,4.065919142,4.065919142,4.065919142,4.065919142,0.767918805,0.767918805,0.767918805,0.767918805,0.188414047,0.188414047,0.188414047,0.188414047,4.069654125,4.069654125,4.069654125,4.069654125,18.06145028,,18.06145028,18.06145028,18.06145028,15,15,15,15,4.083148721,4.083148721,4.083148721,4.083148721,0.830498092,0.830498092,0.830498092,0.830498092,68.8704558,68.8704558,68.8704558,68.8704558,15,15,15,15,0.008046131,0.008046131,0.008046131,0.008046131,0,0,0,0,0,0,0,0,0.000687162,0.000687162,0.000687162,0.000687162,15,15,15,15,0.012469222,0.012469222,0.012469222,0.012469222,0,0,0,0,0.197317537,0.197317537,0.197317537,0.197317537,0.000766642,0.000766642,0.000766642,0.000766642,0.300000001,0.300000001,0.300000001,0.300000001,0.300000001,0.300000001,0.300000001,0.300000001
10,takeoff,0,4.166776168,25,25.00065701,0,,,,,,130189.6588,,37696.1543,0,7457,0,0,0,7457,,0.894539885,0.894539885,0.01982327,0,0.894539885,0.894539885,0.894539885,781.2081353,781.2081353,781.2081353,781.2081353,2606.310345,2606.310345,2606.310345,2606.310345,3.720038739,3.720038739,3.720038739,3.720038739,86.24527214,86.24527214,86.24527214,86.24527214,23.27062808,23.27062808,23.27062808,23.27062808,4.069654125,4.069654125,4.069654125,4.069654125,2028.488801,,2028.488801,2028.488801,2028.488801,1864.25,1864.25,1864.25,1864.25,1841.879,1841.879,1841.879,1841.879,0.919033913,0.919033913,0.919033913,0.919033913,32547.41471,32547.41471,32547.41471,32547.41471,1864.25,1864.25,1864.25,1864.25,1,1,1,1,0,0,0,0,0,0,0,0,0.000687162,0.000687162,0.000687162,0.000687162,1864.25,1864.25,1864.25,1864.25,0.819090224,0.819090224,0.819090224,0.819090224,0,0,0,0,0.162517236,0.162517236,0.162517236,0.162517236,0.193223424,0.193223424,0.193223424,0.193223424,0.231909863,0.231909863,0.231909863,0.231909863,0.231909863,0.231909863,0.231909863,0.231909863
10.1,takeoff,0,4.216360804,34.5,34.50090667,0,,,,,,129736.9227,,37696.1543,0,7457,0,0,0,7457,,0.887788608,0.887794775,0.015023891,6.17E-06,0.887788608,0.887788608,0.887788608,780.0711619,780.0711619,780.0711619,780.0711619,2610.965946,2610.965946,2610.965946,2610.965946,3.714624581,3.714624581,3.714624581,3.714624581,86.24527214,86.24527214,86.24527214,86.24527214,23.31219594,23.31219594,23.31219594,23.31219594,4.064168169,4.064168169,4.064168169,4.064168169,2028.488801,,2028.488801,2028.488801,2028.488801,1864.25,1864.25,1864.25,1864.25,1841.879,1841.879,1841.879,1841.879,0.919033913,0.919033913,0.919033913,0.919033913,32434.23067,32434.23067,32434.23067,32434.23067,1864.25,1864.25,1864.25,1864.25,1,1,1,1,0,0,0,0,0,0,0,0,0.000654831,0.000654831,0.000654831,0.000654831,1864.25,1864.25,1864.25,1864.25,0.819090224,0.819090224,0.819090224,0.819090224,0,0,0,0,0.224273785,0.224273785,0.224273785,0.224273785,0.193223424,0.193223424,0.193223424,0.193223424,0.318922684,0.318922684,0.318922684,0.318922684,0.318922684,0.318922684,0.318922684,0.318922684
10.2,takeoff,0,4.28177919,44,44.00115633,0,,,,,,125744.4587,,37696.1543,0,7457,0,0,0,7457,,0.881026141,0.881031449,0.014994022,5.31E-06,0.881026141,0.881026141,0.881026141,778.7761871,778.7761871,778.7761871,778.7761871,2614.957941,2614.957941,2614.957941,2614.957941,3.708458034,3.708458034,3.708458034,3.708458034,86.24527214,86.24527214,86.24527214,86.24527214,23.34783876,23.34783876,23.34783876,23.34783876,4.057489269,4.057489269,4.057489269,4.057489269,2028.488801,,2028.488801,2028.488801,2028.488801,1864.25,1864.25,1864.25,1864.25,1841.879,1841.879,1841.879,1841.879,0.919033913,0.919033913,0.919033913,0.919033913,31436.11467,31436.11467,31436.11467,31436.11467,1864.25,1864.25,1864.25,1864.25,1,1,1,1,0,0,0,0,0,0,0,0,0.000622543,0.000622543,0.000622543,0.000622543,1864.25,1864.25,1864.25,1864.25,0.819090224,0.819090224,0.819090224,0.819090224,0,0,0,0,0.286030335,0.286030335,0.286030335,0.286030335,0.193223424,0.193223424,0.193223424,0.193223424,0.394225084,0.394225084,0.394225084,0.394225084,0.394225084,0.394225084,0.394225084,0.394225084
10.3,takeoff,0,4.363031325,53.5,53.50140599,0,,,,,,122753.1458,,37696.1543,0,7457,0,0,0,7457,,0.874253899,0.874258651,0.014949188,4.75E-06,0.874253899,0.874253899,0.874253899,777.4294683,777.4294683,777.4294683,777.4294683,2618.630643,2618.630643,2618.630643,2618.630643,3.702045087,3.702045087,3.702045087,3.702045087,86.24527214,86.24527214,86.24527214,86.24527214,23.38063074,23.38063074,23.38063074,23.38063074,4.051394437,4.051394437,4.051394437,4.051394437,2028.488801,,2028.488801,2028.488801,2028.488801,1864.25,1864.25,1864.25,1864.25,1841.879,1841.879,1841.879,1841.879,0.919033913,0.919033913,0.919033913,0.919033913,30688.28645,30688.28645,30688.28645,30688.28645,1864.25,1864.25,1864.25,1864.25,1,1,1,1,0,0,0,0,0,0,0,0,0.00059028,0.00059028,0.00059028,0.00059028,1864.25,1864.25,1864.25,1864.25,0.819090224,0.819090224,0.819090224,0.819090224,0,0,0,0,0.347786884,0.347786884,0.347786884,0.347786884,0.193223424,0.193223424,0.193223424,0.193223424,0.467938885,0.467938885,0.467938885,0.467938885,0.467938885,0.467938885,0.467938885,0.467938885
10.4,takeoff,0,4.46011721,63,63.00165566,0,,,,,,117158.3688,,37696.1543,0,7457,0,0,0,7457,,0.867472148,0.867476905,0.014941827,4.76E-06,0.867472148,0.867472148,0.867472148,776.13337,776.13337,776.13337,776.13337,2622.307164,2622.307164,2622.307164,2622.307164,3.69587319,3.69587319,3.69587319,3.69587319,86.24527214,86.24527214,86.24527214,86.24527214,23.41345682,23.41345682,23.41345682,23.41345682,4.045342136,4.045342136,4.045342136,4.045342136,2028.488801,,2028.488801,2028.488801,2028.488801,1864.25,1864.25,1864.25,1864.25,1841.879,1841.879,1841.879,1841.879,0.919033913,0.919033913,0.919033913,0.919033913,29289.5922,29289.5922,29289.5922,29289.5922,1864.25,1864.25,1864.25,1864.25,1,1,1,1,0,0,0,0,0,0,0,0,0.000557993,0.000557993,0.000557993,0.000557993,1864.25,1864.25,1864.25,1864.25,0.819090224,0.819090224,0.819090224,0.819090224,0,0,0,0,0.409543434,0.409543434,0.409543434,0.409543434,0.193223424,0.193223424,0.193223424,0.193223424,0.525916249,0.525916249,0.525916249,0.525916249,0.525916249,0.525916249,0.525916249,0.525916249
10.5,takeoff,0,4.573036844,72.5,72.50190532,0,,,,,,111986.1553,,37696.1543,0,7457,0,0,0,7457,,0.860680763,0.860685639,0.014925987,4.88E-06,0.860680763,0.860680763,0.860680763,774.9643876,774.9643876,774.9643876,774.9643876,2626.051492,2626.051492,2626.051492,2626.051492,3.690306608,3.690306608,3.690306608,3.690306608,86.24527214,86.24527214,86.24527214,86.24527214,23.44688832,23.44688832,23.44688832,23.44688832,4.039138827,4.039138827,4.039138827,4.039138827,2028.488801,,2028.488801,2028.488801,2028.488801,1864.25,1864.25,1864.25,1864.25,1841.879,1841.879,1841.879,1841.879,0.919033913,0.919033913,0.919033913,0.919033913,27996.53883,27996.53883,27996.53883,27996.53883,1864.25,1864.25,1864.25,1864.25,1,1,1,1,0,0,0,0,0,0,0,0,0.000525623,0.000525623,0.000525623,0.000525623,1864.25,1864.25,1864.25,1864.25,0.819090224,0.819090224,0.819090224,0.819090224,0,0,0,0,0.471299984,0.471299984,0.471299984,0.471299984,0.193223424,0.193223424,0.193223424,0.193223424,0.578502266,0.578502266,0.578502266,0.578502266,0.578502266,0.578502266,0.578502266,0.578502266
10.6,takeoff,0,4.701790228,82,82.00215498,0,,,,,,107928.9206,,37696.1543,0,7457,0,0,0,7457,,0.853879873,0.853884564,0.014877549,4.69E-06,0.853879873,0.853879873,0.853879873,773.9663592,773.9663592,773.9663592,773.9663592,2629.652813,2629.652813,2629.652813,2629.652813,3.685554091,3.685554091,3.685554091,3.685554091,86.24527214,86.24527214,86.24527214,86.24527214,23.47904298,23.47904298,23.47904298,23.47904298,4.033992933,4.033992933,4.033992933,4.033992933,2028.488801,,2028.488801,2028.488801,2028.488801,1864.25,1864.25,1864.25,1864.25,1841.879,1841.879,1841.879,1841.879,0.919033913,0.919033913,0.919033913,0.919033913,26982.23016,26982.23016,26982.23016,26982.23016,1864.25,1864.25,1864.25,1864.25,1,1,1,1,0,0,0,0,0,0,0,0,0.000493162,0.000493162,0.000493162,0.000493162,1864.25,1864.25,1864.25,1864.25,0.819090224,0.819090224,0.819090224,0.819090224,0,0,0,0,0.533056533,0.533056533,0.533056533,0.533056533,0.193223424,0.193223424,0.193223424,0.193223424,0.630600644,0.630600644,0.630600644,0.630600644,0.630600644,0.630600644,0.630600644,0.630600644
10.7,takeoff,0,4.846377361,91.5,91.50240465,0,,,,,,102662.6233,,37696.1543,0,7457,0,0,0,7457,,0.847070142,0.847074353,0.014840419,4.21E-06,0.847070142,0.847070142,0.847070142,773.1556062,773.1556062,773.1556062,773.1556062,2632.786862,2632.786862,2632.786862,2632.786862,3.681693363,3.681693363,3.681693363,3.681693363,86.24527214,86.24527214,86.24527214,86.24527214,23.50702556,23.50702556,23.50702556,23.50702556,4.030843612,4.030843612,4.030843612,4.030843612,2028.488801,,2028.488801,2028.488801,2028.488801,1864.25,1864.25,1864.25,1864.25,1841.879,1841.879,1841.879,1841.879,0.919033913,0.919033913,0.919033913,0.919033913,25665.65582,25665.65582,25665.65582,25665.65582,1864.25,1864.25,1864.25,1864.25,1,1,1,1,0,0,0,0,0,0,0,0,0.000460682,0.000460682,0.000460682,0.000460682,1864.25,1864.25,1864.25,1864.25,0.819090224,0.819090224,0.819090224,0.819090224,0,0,0,0,0.594813083,0.594813083,0.594813083,0.594813083,0.193223424,0.193223424,0.193223424,0.193223424,0.669323657,0.669323657,0.669323657,0.669323657,0.669323657,0.669323657,0.669323657,0.669323657
10.8,takeoff,0,5.006798243,101,101.0026543,0,,,,,,98167.8716,,37696.1543,0,7457,0,0,0,7457,,0.840253235,0.840256511,0.014853017,3.28E-06,0.840253235,0.840253235,0.840253235,772.5273103,772.5273103,772.5273103,772.5273103,2635.198329,2635.198329,2635.198329,2635.198329,3.678701477,3.678701477,3.678701477,3.678701477,86.24527214,86.24527214,86.24527214,86.24527214,23.52855651,23.52855651,23.52855651,23.52855651,4.02822776,4.02822776,4.02822776,4.02822776,2028.488801,,2028.488801,2028.488801,2028.488801,1864.25,1864.25,1864.25,1864.25,1841.879,1841.879,1841.879,1841.879,0.919033913,0.919033913,0.919033913,0.919033913,24541.9679,24541.9679,24541.9679,24541.9679,1864.25,1864.25,1864.25,1864.25,1,1,1,1,0,0,0,0,0,0,0,0,0.000428259,0.000428259,0.000428259,0.000428259,1864.25,1864.25,1864.25,1864.25,0.819090224,0.819090224,0.819090224,0.819090224,0,0,0,0,0.656569632,0.656569632,0.656569632,0.656569632,0.193223424,0.193223424,0.193223424,0.193223424,0.706469591,0.706469591,0.706469591,0.706469591,0.706469591,0.706469591,0.706469591,0.706469591
10.9,takeoff,0,5.183052875,110.5,110.502904,0,,,,,,93400.0108,,37696.1543,0,7457,0,0,0,7457,,0.833431108,0.833433364,0.014855407,2.26E-06,0.833431108,0.833431108,0.833431108,772.0580236,772.0580236,772.0580236,772.0580236,2636.852398,2636.852398,2636.852398,2636.852398,3.676466779,3.676466779,3.676466779,3.676466779,86.24527214,86.24527214,86.24527214,86.24527214,23.54332499,23.54332499,23.54332499,23.54332499,4.025667963,4.025667963,4.025667963,4.025667963,2028.488801,,2028.488801,2028.488801,2028.488801,1864.25,1864.25,1864.25,1864.25,1841.879,1841.879,1841.879,1841.879,0.919033913,0.919033913,0.919033913,0.919033913,23350.0027,23350.0027,23350.0027,23350.0027,1864.25,1864.25,1864.25,1864.25,1,1,1,1,0,0,0,0,0,0,0,0,0.000395914,0.000395914,0.000395914,0.000395914,1864.25,1864.25,1864.25,1864.25,0.819090224,0.819090224,0.819090224,0.819090224,0,0,0,0,0.718326182,0.718326182,0.718326182,0.718326182,0.193223424,0.193223424,0.193223424,0.193223424,0.735380193,0.735380193,0.735380193,0.735380193,0.735380193,0.735380193,0.735380193,0.735380193
11,takeoff,0,5.375141256,120,120.0031536,0,,,,,,89084.18078,,37696.1543,0,7457,0,0,0,7457,,0.826605392,0.826606956,0.01483228,1.56E-06,0.826605392,0.826605392,0.826605392,771.6955538,771.6955538,771.6955538,771.6955538,2637.971622,2637.971622,2637.971622,2637.971622,3.674740732,3.674740732,3.674740732,3.674740732,86.24527214,86.24527214,86.24527214,86.24527214,23.55331805,23.55331805,23.55331805,23.55331805,4.02310764,4.02310764,4.02310764,4.02310764,2028.488801,,2028.488801,2028.488801,2028.488801,1864.25,1864.25,1864.25,1864.25,1841.879,1841.879,1841.879,1841.879,0.919033913,0.919033913,0.919033913,0.919033913,22271.04519,22271.04519,22271.04519,22271.04519,1864.25,1864.25,1864.25,1864.25,1,1,1,1,0,0,0,0,0,0,0,0,0.000363597,0.000363597,0.000363597,0.000363597,1864.25,1864.25,1864.25,1864.25,0.819090224,0.819090224,0.819090224,0.819090224,0,0,0,0,0.780082731,0.780082731,0.780082731,0.780082731,0.193223424,0.193223424,0.193223424,0.193223424,0.761701062,0.761701062,0.761701062,0.761701062,0.761701062,0.761701062,0.761701062,0.761701062
11,climb_e,0,5.375141256,180,180.0047304,1087.330341,0.759867713,0.042959648,0.026371502,0.013088146,369672.9916,43875.88194,20899.71889,37696.1543,5.968438079,4800,0,0,0,4800,,0.826605392,0.826605392,0.014790566,0,0.826605392,0.826605392,0.826605392,799.5187684,799.5187684,799.5187684,799.5187684,1619.177465,1619.177465,1619.177465,1619.177465,3.80723223,3.80723223,3.80723223,3.80723223,55.10929432,55.10929432,55.10929432,55.10929432,14.45694165,14.45694165,14.45694165,14.45694165,4.02310764,4.02310764,4.02310764,4.02310764,1296.170602,,1296.170602,1296.170602,1296.170602,1200,1200,1200,1200,1180.825089,1180.825089,1180.825089,1180.825089,0.945872,0.945872,0.945872,0.945872,10968.97049,10968.97049,10968.97049,10968.97049,1200,1200,1200,1200,0.643690492,0.643690492,0.643690492,0.643690492,0,0,0,0,0,0,0,0,0.000158276,0.000158276,0.000158276,0.000158276,1200,1200,1200,1200,0.52724059,0.52724059,0.52724059,0.52724059,0,0,0,0,1.290014061,1.290014061,1.290014061,1.290014061,0.165986135,0.165986135,0.165986135,0.165986135,0.877761673,0.877761673,0.877761673,0.877761673,0.877761673,0.877761673,0.877761673,0.877761673
11.28165219,climb_e,305.7425946,6.220519038,180,180.8126087,1083.65042,0.759867713,0.042970969,0.026382802,0.013088168,369672.9916,43711.55641,20905.22661,37696.1543,5.9216811,4800,0,0,0,4800,,0.814799308,0.814802988,0.014932301,3.68E-06,0.814799308,0.814799308,0.814799308,798.904847,798.904847,798.904847,798.904847,1620.450671,1620.450671,1620.450671,1620.450671,3.804308795,3.804308795,3.804308795,3.804308795,55.10929432,55.10929432,55.10929432,55.10929432,14.46830956,14.46830956,14.46830956,14.46830956,4.021629688,4.021629688,4.021629688,4.021629688,1296.170602,,1296.170602,1296.170602,1296.170602,1200,1200,1200,1200,1180.825089,1180.825089,1180.825089,1180.825089,0.945872,0.945872,0.945872,0.945872,10927.8891,10927.8891,10927.8891,10927.8891,1200,1200,1200,1200,0.643690492,0.643690492,0.643690492,0.643690492,0,0,0,0,0,0,0,0,0.000154675,0.000154675,0.000154675,0.000154675,1200,1200,1200,1200,0.52724059,0.52724059,0.52724059,0.52724059,0,0,0,0,1.295803766,1.295803766,1.295803766,1.295803766,0.167479401,0.167479401,0.167479401,0.167479401,0.878398972,0.878398972,0.878398972,0.878398972,0.878398972,0.878398972,0.878398972,0.878398972
11.56330438,climb_e,610.392945,7.069712181,180,181.6229132,1079.559184,0.759867713,0.042982389,0.026394199,0.01308819,369672.9916,43539.84983,20910.78235,37696.1543,5.8729573,4800,0,0,0,4800,,0.802978183,0.802987624,0.015020476,9.44E-06,0.802978183,0.802978183,0.802978183,797.4918261,797.4918261,797.4918261,797.4918261,1623.30452,1623.30452,1623.30452,1623.30452,3.797580124,3.797580124,3.797580124,3.797580124,55.10929432,55.10929432,55.10929432,55.10929432,14.49379036,14.49379036,14.49379036,14.49379036,4.016951718,4.016951718,4.016951718,4.016951718,1296.170602,,1296.170602,1296.170602,1296.170602,1200,1200,1200,1200,1180.825089,1180.825089,1180.825089,1180.825089,0.945872,0.945872,0.945872,0.945872,10884.96246,10884.96246,10884.96246,10884.96246,1200,1200,1200,1200,0.643690492,0.643690492,0.643690492,0.643690492,0,0,0,0,0,0,0,0,0.000151194,0.000151194,0.000151194,0.000151194,1200,1200,1200,1200,0.52724059,0.52724059,0.52724059,0.52724059,0,0,0,0,1.301610859,1.301610859,1.301610859,1.301610859,0.168983869,0.168983869,0.168983869,0.168983869,0.878869516,0.878869516,0.878869516,0.878869516,0.878869516,0.878869516,0.878869516,0.878869516
11.84495658,climb_e,913.8119059,7.922732665,180,182.4352591,1074.896424,0.759867713,0.0429939,0.026405687,0.013088213,369672.9916,43357.59786,20916.38238,37696.1543,5.821458975,4800,0,0,0,4800,,0.791124742,0.791145696,0.015135557,2.10E-05,0.791124742,0.791124742,0.791124742,794.4308284,794.4308284,794.4308284,794.4308284,1629.553312,1629.553312,1629.553312,1629.553312,3.783003945,3.783003945,3.783003945,3.783003945,55.10929432,55.10929432,55.10929432,55.10929432,14.54958314,14.54958314,14.54958314,14.54958314,3.998809521,3.998809521,3.998809521,3.998809521,1296.170602,,1296.170602,1296.170602,1296.170602,1200,1200,1200,1200,1180.825089,1180.825089,1180.825089,1180.825089,0.945872,0.945872,0.945872,0.945872,10839.39947,10839.39947,10839.39947,10839.39947,1200,1200,1200,1200,0.643690492,0.643690492,0.643690492,0.643690492,0,0,0,0,0,0,0,0,0.000147836,0.000147836,0.000147836,0.000147836,1200,1200,1200,1200,0.52724059,0.52724059,0.52724059,0.52724059,0,0,0,0,1.307432581,1.307432581,1.307432581,1.307432581,0.17049888,0.17049888,0.17049888,0.17049888,0.879105156,0.879105156,0.879105156,0.879105156,0.879105156,0.879105156,0.879105156,0.879105156
12.12660877,climb_e,1215.843412,8.779590002,180,183.2492055,1069.72473,0.759867713,0.043005493,0.026417257,0.013088236,369672.9916,43166.39449,20922.0225,37696.1543,5.767597044,4800,0,0,0,4800,,0.779214832,0.779246708,0.014832423,3.19E-05,0.779214832,0.779214832,0.779214832,789.9547663,789.9547663,789.9547663,789.9547663,1638.79869,1638.79869,1638.79869,1638.79869,3.761689363,3.761689363,3.761689363,3.761689363,55.10929432,55.10929432,55.10929432,55.10929432,14.63213116,14.63213116,14.63213116,14.63213116,3.979762161,3.979762161,3.979762161,3.979762161,1296.170602,,1296.170602,1296.170602,1296.170602,1200,1200,1200,1200,1180.825089,1180.825089,1180.825089,1180.825089,0.945872,0.945872,0.945872,0.945872,10791.59862,10791.59862,10791.59862,10791.59862,1200,1200,1200,1200,0.643690492,0.643690492,0.643690492,0.643690492,0,0,0,0,0,0,0,0,0.000144602,0.000144602,0.000144602,0.000144602,1200,1200,1200,1200,0.52724059,0.52724059,0.52724059,0.52724059,0,0,0,0,1.313265775,1.313265775,1.313265775,1.313265775,0.172023657,0.172023657,0.172023657,0.172023657,0.879133263,0.879133263,0.879133263,0.879133263,0.879133263,0.879133263,0.879133263,0.879133263
12.40826096,climb_e,1516.456844,9.640291484,180,184.0646419,1064.949255,0.759867713,0.043017165,0.026428904,0.013088261,369672.9916,42984.78982,20927.7007,37696.1543,5.716291569,4800,0,0,0,4800,,0.767233904,0.767269407,0.014903693,3.55E-05,0.767233904,0.767233904,0.767233904,785.407723,785.407723,785.407723,785.407723,1648.288942,1648.288942,1648.288942,1648.288942,3.740036776,3.740036776,3.740036776,3.740036776,55.10929432,55.10929432,55.10929432,55.10929432,14.71686555,14.71686555,14.71686555,14.71686555,3.960592585,3.960592585,3.960592585,3.960592585,1296.170602,,1296.170602,1296.170602,1296.170602,1200,1200,1200,1200,1180.825089,1180.825089,1180.825089,1180.825089,0.945872,0.945872,0.945872,0.945872,10746.19746,10746.19746,10746.19746,10746.19746,1200,1200,1200,1200,0.643690492,0.643690492,0.643690492,0.643690492,0,0,0,0,0,0,0,0,0.000141493,0.000141493,0.000141493,0.000141493,1200,1200,1200,1200,0.52724059,0.52724059,0.52724059,0.52724059,0,0,0,0,1.319109646,1.319109646,1.319109646,1.319109646,0.173558032,0.173558032,0.173558032,0.173558032,0.879330252,0.879330252,0.879330252,0.879330252,0.879330252,0.879330252,0.879330252,0.879330252
12.68991315,climb_e,1815.73359,10.5048436,180,184.8817617,1060.254626,0.759867713,0.043028915,0.026440629,0.013088286,369672.9916,42806.2751,20933.4171,37696.1543,5.665833197,4800,0,0,0,4800,,0.755189289,0.755219303,0.014986602,3.00E-05,0.755189289,0.755189289,0.755189289,781.6276995,781.6276995,781.6276995,781.6276995,1656.273041,1656.273041,1656.273041,1656.273041,3.722036664,3.722036664,3.722036664,3.722036664,55.10929432,55.10929432,55.10929432,55.10929432,14.78815215,14.78815215,14.78815215,14.78815215,3.941314813,3.941314813,3.941314813,3.941314813,1296.170602,,1296.170602,1296.170602,1296.170602,1200,1200,1200,1200,1180.825089,1180.825089,1180.825089,1180.825089,0.945872,0.945872,0.945872,0.945872,10701.56877,10701.56877,10701.56877,10701.56877,1200,1200,1200,1200,0.643690492,0.643690492,0.643690492,0.643690492,0,0,0,0,0,0,0,0,0.000138507,0.000138507,0.000138507,0.000138507,1200,1200,1200,1200,0.52724059,0.52724059,0.52724059,0.52724059,0,0,0,0,1.32496558,1.32496558,1.32496558,1.32496558,0.175102407,0.175102407,0.175102407,0.175102407,0.879565823,0.879565823,0.879565823,0.879565823,0.879565823,0.879565823,0.879565823,0.879565823
12.97156535,climb_e,2113.607068,11.37325416,180,185.7003556,1055.14193,0.759867713,0.043040738,0.026452427,0.013088312,369672.9916,42620.9832,20939.16894,37696.1543,5.613575806,4800,0,0,0,4800,,0.743089243,0.743116491,0.014827961,2.72E-05,0.743089243,0.743089243,0.743089243,777.9876934,777.9876934,777.9876934,777.9876934,1664.025725,1664.025725,1664.025725,1664.025725,3.704703302,3.704703302,3.704703302,3.704703302,55.10929432,55.10929432,55.10929432,55.10929432,14.85737254,14.85737254,14.85737254,14.85737254,3.921361082,3.921361082,3.921361082,3.921361082,1296.170602,,1296.170602,1296.170602,1296.170602,1200,1200,1200,1200,1180.825089,1180.825089,1180.825089,1180.825089,0.945872,0.945872,0.945872,0.945872,10655.2458,10655.2458,10655.2458,10655.2458,1200,1200,1200,1200,0.643690492,0.643690492,0.643690492,0.643690492,0,0,0,0,0,0,0,0,0.000135646,0.000135646,0.000135646,0.000135646,1200,1200,1200,1200,0.52724059,0.52724059,0.52724059,0.52724059,0,0,0,0,1.33083208,1.33083208,1.33083208,1.33083208,0.176656429,0.176656429,0.176656429,0.176656429,0.879636084,0.879636084,0.879636084,0.879636084,0.879636084,0.879636084,0.879636084,0.879636084
13.25321754,climb_e,2410.17167,12.24552955,180,186.5206562,1050.962972,0.759867713,0.043052635,0.026464296,0.013088338,369672.9916,42456.16248,20944.95656,37696.1543,5.566714285,4800,0,0,0,4800,,0.730926642,0.730959934,0.01458251,3.33E-05,0.730926642,0.730926642,0.730926642,773.5926441,773.5926441,773.5926441,773.5926441,1673.436807,1673.436807,1673.436807,1673.436807,3.683774496,3.683774496,3.683774496,3.683774496,55.10929432,55.10929432,55.10929432,55.10929432,14.94140006,14.94140006,14.94140006,14.94140006,3.89926305,3.89926305,3.89926305,3.89926305,1296.170602,,1296.170602,1296.170602,1296.170602,1200,1200,1200,1200,1180.825089,1180.825089,1180.825089,1180.825089,0.945872,0.945872,0.945872,0.945872,10614.04062,10614.04062,10614.04062,10614.04062,1200,1200,1200,1200,0.643690492,0.643690492,0.643690492,0.643690492,0,0,0,0,0,0,0,0,0.000132907,0.000132907,0.000132907,0.000132907,1200,1200,1200,1200,0.52724059,0.52724059,0.52724059,0.52724059,0,0,0,0,1.33671081,1.33671081,1.33671081,1.33671081,0.178220577,0.178220577,0.178220577,0.178220577,0.880105041,0.880105041,0.880105041,0.880105041,0.880105041,0.880105041,0.880105041,0.880105041
13.53486973,climb_e,2705.675957,13.12167676,180,187.3433326,1047.273776,0.759867713,0.043064612,0.026476246,0.013088366,369672.9916,42302.50345,20950.78341,37696.1543,5.522820517,4800,0,0,0,4800,,0.718688643,0.718728735,0.014422246,4.01E-05,0.718688643,0.718688643,0.718688643,768.5407806,768.5407806,768.5407806,768.5407806,1684.397191,1684.397191,1684.397191,1684.397191,3.659718003,3.659718003,3.659718003,3.659718003,55.10929432,55.10929432,55.10929432,55.10929432,15.03926063,15.03926063,15.03926063,15.03926063,3.876560197,3.876560197,3.876560197,3.876560197,1296.170602,,1296.170602,1296.170602,1296.170602,1200,1200,1200,1200,1180.825089,1180.825089,1180.825089,1180.825089,0.945872,0.945872,0.945872,0.945872,10575.62586,10575.62586,10575.62586,10575.62586,1200,1200,1200,1200,0.643690492,0.643690492,0.643690492,0.643690492,0,0,0,0,0,0,0,0,0.000130278,0.000130278,0.000130278,0.000130278,1200,1200,1200,1200,0.52724059,0.52724059,0.52724059,0.52724059,0,0,0,0,1.342606568,1.342606568,1.342606568,1.342606568,0.179796179,0.179796179,0.179796179,0.179796179,0.880787512,0.880787512,0.880787512,0.880787512,0.880787512,0.880787512,0.880787512,0.880787512
13.81652192,climb_e,3000,14.00170717,180,188.168036,1042.555239,0.759867713,0.043076662,0.026488268,0.013088394,369672.9916,42129.12639,20956.64569,37696.1543,5.473881079,4800,0,0,0,4800,,0.706371627,0.706410844,0.014418408,3.92E-05,0.706371627,0.706371627,0.706371627,763.6759048,763.6759048,763.6759048,763.6759048,1695.117667,1695.117667,1695.117667,1695.117667,3.636551928,3.636551928,3.636551928,3.636551928,55.10929432,55.10929432,55.10929432,55.10929432,15.13497917,15.13497917,15.13497917,15.13497917,3.853168833,3.853168833,3.853168833,3.853168833,1296.170602,,1296.170602,1296.170602,1296.170602,1200,1200,1200,1200,1180.825089,1180.825089,1180.825089,1180.825089,0.945872,0.945872,0.945872,0.945872,10532.2816,10532.2816,10532.2816,10532.2816,1200,1200,1200,1200,0.643690492,0.643690492,0.643690492,0.643690492,0,0,0,0,0,0,0,0,0.000127734,0.000127734,0.000127734,0.000127734,1200,1200,1200,1200,0.52724059,0.52724059,0.52724059,0.52724059,0,0,0,0,1.348516851,1.348516851,1.348516851,1.348516851,0.181382624,0.181382624,0.181382624,0.181382624,0.881039019,0.881039019,0.881039019,0.881039019,0.881039019,0.881039019,0.881039019,0.881039019
13.81652192,climb_hy,3000,14.00170717,180,188.168036,1042.5407,0.759867713,0.043076662,0.026488268,0.013088394,369672.9916,42129.12639,20956.64569,37696.1543,5.473804703,4800,0,0,0,4800,,0.706371627,0.706371627,0.014312336,0,0.706371627,0.706371627,0.706371627,763.6759048,763.6759048,763.6759048,763.6759048,1695.117667,1695.117667,1695.117667,1695.117667,3.636551928,3.636551928,3.636551928,3.636551928,55.10929432,55.10929432,55.10929432,55.10929432,15.13497917,15.13497917,15.13497917,15.13497917,3.853168833,3.853168833,3.853168833,3.853168833,1296.170602,,1296.170602,1296.170602,1296.170602,1200,1200,1200,1200,1180.825089,1180.825089,1180.825089,1180.825089,0.945872,0.945872,0.945872,0.945872,10532.2816,10532.2816,10532.2816,10532.2816,1200,1200,1200,1200,0.643690492,0.643690492,0.643690492,0.643690492,0,0,0,0,0,0,0,0,0.000127734,0.000127734,0.000127734,0.000127734,1200,1200,1200,1200,0.52724059,0.52724059,0.52724059,0.52724059,0,0,0,0,1.348516851,1.348516851,1.348516851,1.348516851,0.181382624,0.181382624,0.181382624,0.181382624,0.881039019,0.881039019,0.881039019,0.881039019,0.881039019,0.881039019,0.881039019,0.881039019
14.31852309,climb_hy,3521.120442,15.57988224,180,189.6413733,1033.383397,0.759867713,0.043098288,0.026509841,0.013088447,369672.9916,41808.61885,20967.16655,37696.1543,5.38430866,4800,0,0,0,4800,,0.684258817,0.684349084,0.014312336,9.03E-05,0.684258817,0.684258817,0.684258817,757.6498143,757.6498143,757.6498143,757.6498143,1708.3359,1708.3359,1708.3359,1708.3359,3.607856259,3.607856259,3.607856259,3.607856259,55.10929432,55.10929432,55.10929432,55.10929432,15.25299911,15.25299911,15.25299911,15.25299911,3.827913593,3.827913593,3.827913593,3.827913593,1296.170602,,1296.170602,1296.170602,1296.170602,1200,1200,1200,1200,1180.825089,1180.825089,1180.825089,1180.825089,0.945872,0.945872,0.945872,0.945872,10452.15471,10452.15471,10452.15471,10452.15471,1200,1200,1200,1200,0.643690492,0.643690492,0.643690492,0.643690492,0,0,0,0,0,0,0,0,0.00012343,0.00012343,0.00012343,0.00012343,1200,1200,1200,1200,0.52724059,0.52724059,0.52724059,0.52724059,0,0,0,0,1.359075606,1.359075606,1.359075606,1.359075606,0.18423416,0.18423416,0.18423416,0.18423416,0.881182269,0.881182269,0.881182269,0.881182269,0.881182269,0.881182269,0.881182269,0.881182269
14.82052426,climb_hy,4037.587837,17.17045863,180,191.1183469,1023.811505,0.759867713,0.043120078,0.026531576,0.013088502,369672.9916,41484.97883,20977.7676,37696.1543,5.293303402,4800,0,0,0,4800,,0.662000698,0.662064546,0.014427152,6.38E-05,0.662000698,0.662000698,0.662000698,753.7306979,753.7306979,753.7306979,753.7306979,1717.487132,1717.487132,1717.487132,1717.487132,3.5891938,3.5891938,3.5891938,3.5891938,55.10929432,55.10929432,55.10929432,55.10929432,15.33470654,15.33470654,15.33470654,15.33470654,3.805966464,3.805966464,3.805966464,3.805966464,1296.170602,,1296.170602,1296.170602,1296.170602,1200,1200,1200,1200,1180.825089,1180.825089,1180.825089,1180.825089,0.945872,0.945872,0.945872,0.945872,10371.24471,10371.24471,10371.24471,10371.24471,1200,1200,1200,1200,0.643690492,0.643690492,0.643690492,0.643690492,0,0,0,0,0,0,0,0,0.000119444,0.000119444,0.000119444,0.000119444,1200,1200,1200,1200,0.52724059,0.52724059,0.52724059,0.52724059,0,0,0,0,1.369660421,1.369660421,1.369660421,1.369660421,0.187115057,0.187115057,0.187115057,0.187115057,0.881170787,0.881170787,0.881170787,0.881170787,0.881170787,0.881170787,0.881170787,0.881170787
15.32252543,climb_hy,4549.435106,18.77346499,180,192.5988509,1014.999265,0.759867713,0.043142015,0.026553454,0.013088561,369672.9916,41180.55148,20988.43976,37696.1543,5.207030929,4800,0,0,0,4800,,0.639621296,0.639687537,0.014136082,6.62E-05,0.639621296,0.639621296,0.639621296,749.2272264,749.2272264,749.2272264,749.2272264,1727.579417,1727.579417,1727.579417,1727.579417,3.567748697,3.567748697,3.567748697,3.567748697,55.10929432,55.10929432,55.10929432,55.10929432,15.42481622,15.42481622,15.42481622,15.42481622,3.783585633,3.783585633,3.783585633,3.783585633,1296.170602,,1296.170602,1296.170602,1296.170602,1200,1200,1200,1200,1180.825089,1180.825089,1180.825089,1180.825089,0.945872,0.945872,0.945872,0.945872,10295.13787,10295.13787,10295.13787,10295.13787,1200,1200,1200,1200,0.643690492,0.643690492,0.643690492,0.643690492,0,0,0,0,0,0,0,0,0.000115802,0.000115802,0.000115802,0.000115802,1200,1200,1200,1200,0.52724059,0.52724059,0.52724059,0.52724059,0,0,0,0,1.380270536,1.380270536,1.380270536,1.380270536,0.19002527,0.19002527,0.19002527,0.19002527,0.881480456,0.881480456,0.881480456,0.881480456,0.881480456,0.881480456,0.881480456,0.881480456
15.8245266,climb_hy,5056.688895,20.38892872,180,194.0827601,1005.684849,0.759867713,0.043164079,0.026575456,0.013088622,369672.9916,40871.06167,20999.17363,37696.1543,5.119143489,4800,0,0,0,4800,,0.617114872,0.617177018,0.013992837,6.21E-05,0.617114872,0.617114872,0.617114872,745.073303,745.073303,745.073303,745.073303,1737.041332,1737.041332,1737.041332,1737.041332,3.547968109,3.547968109,3.547968109,3.547968109,55.10929432,55.10929432,55.10929432,55.10929432,15.50929761,15.50929761,15.50929761,15.50929761,3.761077883,3.761077883,3.761077883,3.761077883,1296.170602,,1296.170602,1296.170602,1296.170602,1200,1200,1200,1200,1180.825089,1180.825089,1180.825089,1180.825089,0.945872,0.945872,0.945872,0.945872,10217.76542,10217.76542,10217.76542,10217.76542,1200,1200,1200,1200,0.643690492,0.643690492,0.643690492,0.643690492,0,0,0,0,0,0,0,0,0.00011252,0.00011252,0.00011252,0.00011252,1200,1200,1200,1200,0.52724059,0.52724059,0.52724059,0.52724059,0,0,0,0,1.390905055,1.390905055,1.390905055,1.390905055,0.192964712,0.192964712,0.192964712,0.192964712,0.881596215,0.881596215,0.881596215,0.881596215,0.881596215,0.881596215,0.881596215,0.881596215
16.32652777,climb_hy,5559.317614,22.01687592,180,195.5697752,996.9804841,0.759867713,0.043186247,0.02659756,0.013088687,369672.9916,40577.83532,21009.95839,37696.1543,5.035500584,4800,0,0,0,4800,,0.594419071,0.594547668,0.013740775,0.000128597,0.594419071,0.594419071,0.594419071,739.1403319,739.1403319,739.1403319,739.1403319,1757.009215,1757.009215,1757.009215,1757.009215,3.519715866,3.519715866,3.519715866,3.519715866,55.10929432,55.10929432,55.10929432,55.10929432,15.68758228,15.68758228,15.68758228,15.68758228,3.737606976,3.737606976,3.737606976,3.737606976,1296.170602,,1296.170602,1296.170602,1296.170602,1200,1200,1200,1200,1180.825089,1180.825089,1180.825089,1180.825089,0.945872,0.945872,0.945872,0.945872,10144.45883,10144.45883,10144.45883,10144.45883,1200,1200,1200,1200,0.643690492,0.643690492,0.643690492,0.643690492,0,0,0,0,0,0,0,0,0.000109579,0.000109579,0.000109579,0.000109579,1200,1200,1200,1200,0.52724059,0.52724059,0.52724059,0.52724059,0,0,0,0,1.401561832,1.401561832,1.401561832,1.401561832,0.195932937,0.195932937,0.195932937,0.195932937,0.881977385,0.881977385,0.881977385,0.881977385,0.881977385,0.881977385,0.881977385,0.881977385
16.82852894,climb_hy,6057.60739,23.65733202,180,197.0605432,988.6509952,0.759867713,0.043208511,0.026619756,0.013088755,369672.9916,40295.62685,21020.78994,37696.1543,4.954990361,4800,0,0,0,4800,,0.571457179,0.571592449,0.0138894,0.00013527,0.571457179,0.571457179,0.571457179,730.7760828,730.7760828,730.7760828,730.7760828,1778.004493,1778.004493,1778.004493,1778.004493,3.479886109,3.479886109,3.479886109,3.479886109,55.10929432,55.10929432,55.10929432,55.10929432,15.87504012,15.87504012,15.87504012,15.87504012,3.704250937,3.704250937,3.704250937,3.704250937,1296.170602,,1296.170602,1296.170602,1296.170602,1200,1200,1200,1200,1180.825089,1180.825089,1180.825089,1180.825089,0.945872,0.945872,0.945872,0.945872,10073.90671,10073.90671,10073.90671,10073.90671,1200,1200,1200,1200,0.643690492,0.643690492,0.643690492,0.643690492,0,0,0,0,0,0,0,0,0.000106873,0.000106873,0.000106873,0.000106873,1200,1200,1200,1200,0.52724059,0.52724059,0.52724059,0.52724059,0,0,0,0,1.412245506,1.412245506,1.412245506,1.412245506,0.198931394,0.198931394,0.198931394,0.198931394,0.882519743,0.882519743,0.882519743,0.882519743,0.882519743,0.882519743,0.882519743,0.882519743
17.33053011,climb_hy,6551.051291,25.31032728,180,198.5533327,977.7176934,0.759867713,0.043230828,0.026642,0.013088827,369672.9916,39968.10105,21031.6468,37696.1543,4.862931744,4800,0,0,0,4800,,0.548200542,0.548357791,0.014133182,0.00015725,0.548200542,0.548200542,0.548200542,722.4580614,722.4580614,722.4580614,722.4580614,1800.555966,1800.555966,1800.555966,1800.555966,3.440276483,3.440276483,3.440276483,3.440276483,55.10929432,55.10929432,55.10929432,55.10929432,16.07639255,16.07639255,16.07639255,16.07639255,3.671716138,3.671716138,3.671716138,3.671716138,1296.170602,,1296.170602,1296.170602,1296.170602,1200,1200,1200,1200,1180.825089,1180.825089,1180.825089,1180.825089,0.945872,0.945872,0.945872,0.945872,9992.025262,9992.025262,9992.025262,9992.025262,1200,1200,1200,1200,0.643690492,0.643690492,0.643690492,0.643690492,0,0,0,0,0,0,0,0,0.000104291,0.000104291,0.000104291,0.000104291,1200,1200,1200,1200,0.52724059,0.52724059,0.52724059,0.52724059,0,0,0,0,1.422943666,1.422943666,1.422943666,1.422943666,0.201956733,0.201956733,0.201956733,0.201956733,0.881977556,0.881977556,0.881977556,0.881977556,0.881977556,0.881977556,0.881977556,0.881977556
17.83253128,climb_hy,7038.856847,26.9758694,180,200.0454606,966.2451535,0.759867713,0.043253137,0.026664235,0.013088902,369672.9916,39634.84999,21042.50042,37696.1543,4.769982377,4800,0,0,0,4800,,0.52471547,0.524808171,0.014396243,9.27E-05,0.52471547,0.52471547,0.52471547,714.0757782,714.0757782,714.0757782,714.0757782,1813.170603,1813.170603,1813.170603,1813.170603,3.400360849,3.400360849,3.400360849,3.400360849,55.10929432,55.10929432,55.10929432,55.10929432,16.18902324,16.18902324,16.18902324,16.18902324,3.638774861,3.638774861,3.638774861,3.638774861,1296.170602,,1296.170602,1296.170602,1296.170602,1200,1200,1200,1200,1180.825089,1180.825089,1180.825089,1180.825089,0.945872,0.945872,0.945872,0.945872,9908.712498,9908.712498,9908.712498,9908.712498,1200,1200,1200,1200,0.643690492,0.643690492,0.643690492,0.643690492,0,0,0,0,0,0,0,0,0.000101726,0.000101726,0.000101726,0.000101726,1200,1200,1200,1200,0.52724059,0.52724059,0.52724059,0.52724059,0,0,0,0,1.433637085,1.433637085,1.433637085,1.433637085,0.205003548,0.205003548,0.205003548,0.205003548,0.881196488,0.881196488,0.881196488,0.881196488,0.881196488,0.881196488,0.881196488,0.881196488
18.33453245,climb_hy,7521.286797,28.65394767,180,201.537413,956.8824813,0.759867713,0.043275429,0.026686448,0.013088981,369672.9916,39346.57469,21053.34534,37696.1543,4.689229816,4800,0,0,0,4800,,0.501097621,0.501159213,0.014726893,6.16E-05,0.501097621,0.501097621,0.501097621,705.7183626,705.7183626,705.7183626,705.7183626,1824.947734,1824.947734,1824.947734,1824.947734,3.360563631,3.360563631,3.360563631,3.360563631,55.10929432,55.10929432,55.10929432,55.10929432,16.2941762,16.2941762,16.2941762,16.2941762,3.605506363,3.605506363,3.605506363,3.605506363,1296.170602,,1296.170602,1296.170602,1296.170602,1200,1200,1200,1200,1180.825089,1180.825089,1180.825089,1180.825089,0.945872,0.945872,0.945872,0.945872,9836.643672,9836.643672,9836.643672,9836.643672,1200,1200,1200,1200,0.643690492,0.643690492,0.643690492,0.643690492,0,0,0,0,0,0,0,0,9.91E-05,9.91E-05,9.91E-05,9.91E-05,1200,1200,1200,1200,0.52724059,0.52724059,0.52724059,0.52724059,0,0,0,0,1.444329246,1.444329246,1.444329246,1.444329246,0.208072811,0.208072811,0.208072811,0.208072811,0.881311523,0.881311523,0.881311523,0.881311523,0.881311523,0.881311523,0.881311523,0.881311523
18.83653362,climb_hy,8000,30.34457099,180,203.0340947,951.1442461,0.759867713,0.043297758,0.026708694,0.013089064,369672.9916,39132.0765,21064.20815,37696.1543,4.627619782,4800,0,0,0,4800,,0.477237303,0.477388359,0.015032532,0.000151056,0.477237303,0.477237303,0.477237303,697.4482563,697.4482563,697.4482563,697.4482563,1850.497275,1850.497275,1850.497275,1850.497275,3.321182173,3.321182173,3.321182173,3.321182173,55.10929432,55.10929432,55.10929432,55.10929432,16.5222971,16.5222971,16.5222971,16.5222971,3.568776544,3.568776544,3.568776544,3.568776544,1296.170602,,1296.170602,1296.170602,1296.170602,1200,1200,1200,1200,1180.825089,1180.825089,1180.825089,1180.825089,0.945872,0.945872,0.945872,0.945872,9783.019124,9783.019124,9783.019124,9783.019124,1200,1200,1200,1200,0.643690492,0.643690492,0.643690492,0.643690492,0,0,0,0,0,0,0,0,9.64E-05,9.64E-05,9.64E-05,9.64E-05,1200,1200,1200,1200,0.52724059,0.52724059,0.52724059,0.52724059,0,0,0,0,1.4550553,1.4550553,1.4550553,1.4550553,0.211174718,0.211174718,0.211174718,0.211174718,0.883016269,0.883016269,0.883016269,0.883016269,0.883016269,0.883016269,0.883016269,0.883016269
18.83653362,cruise,8000,30.34457099,203.9066397,230,0,0.592134365,0.036831529,0.026451293,0.006880236,369672.9916,22994.14187,22994.14188,37696.1543,0,3173.043575,0,0,0,3173.043575,,0.477237303,0.477237303,0.014985469,0,0.477237303,0.477237303,0.477237303,716.2023241,716.2023241,716.2023241,716.2023241,1201.645543,1201.645543,1201.645543,1201.645543,3.410487258,3.410487258,3.410487258,3.410487258,36.38128174,36.38128174,36.38128174,36.38128174,10.72897806,10.72897806,10.72897806,10.72897806,3.568776544,3.568776544,3.568776544,3.568776544,855.6877465,,855.6877465,855.6877465,855.6877465,793.2608938,793.2608938,793.2608938,793.2608938,777.3395248,777.3395248,777.3395248,777.3395248,0.957827373,0.957827373,0.957827373,0.957827373,5748.535469,5748.535469,5748.535469,5748.535469,793.2608938,793.2608938,793.2608938,793.2608938,0.425512079,0.425512079,0.425512079,0.425512079,0,0,0,0,0,0,0,0,2.00E-05,2.00E-05,2.00E-05,2.00E-05,793.2608938,793.2608938,793.2608938,793.2608938,0.348532784,0.348532784,0.348532784,0.348532784,0,0,0,0,1.815273636,1.815273636,1.815273636,1.815273636,,,,,0.892866863,0.892866863,0.892866863,0.892866863,0.892866863,0.892866863,0.892866863,0.892866863
18.95653362,cruise,8000,30.80457099,203.9066397,230,0,0.592134365,0.036831529,0.026451293,0.006880236,369672.9916,22994.14187,22994.14188,37696.1543,0,3173.043575,0,0,0,3173.043575,,0.473502163,0.473505484,0.014753436,3.32E-06,0.473502163,0.473502163,0.473502163,714.855809,714.855809,714.855809,714.855809,1203.846026,1203.846026,1203.846026,1203.846026,3.404075281,3.404075281,3.404075281,3.404075281,36.38128174,36.38128174,36.38128174,36.38128174,10.74862524,10.74862524,10.74862524,10.74862524,3.562920783,3.562920783,3.562920783,3.562920783,855.6877465,,855.6877465,855.6877465,855.6877465,793.2608938,793.2608938,793.2608938,793.2608938,777.3395248,777.3395248,777.3395248,777.3395248,0.957827373,0.957827373,0.957827373,0.957827373,5748.535469,5748.535469,5748.535469,5748.535469,793.2608938,793.2608938,793.2608938,793.2608938,0.425512079,0.425512079,0.425512079,0.425512079,0,0,0,0,0,0,0,0,2.00E-05,2.00E-05,2.00E-05,2.00E-05,793.2608938,793.2608938,793.2608938,793.2608938,0.348532784,0.348532784,0.348532784,0.348532784,0,0,0,0,1.815273636,1.815273636,1.815273636,1.815273636,,,,,0.892866863,0.892866863,0.892866863,0.892866863,0.892866863,0.892866863,0.892866863,0.892866863
19.07653362,cruise,8000,31.26457099,203.9066397,230,0,0.592134365,0.036831529,0.026451293,0.006880236,369672.9916,22994.14187,22994.14188,37696.1543,0,3173.043575,0,0,0,3173.043575,,0.469759614,0.469763511,0.014778216,3.90E-06,0.469759614,0.469759614,0.469759614,713.5101355,713.5101355,713.5101355,713.5101355,1206.417665,1206.417665,1206.417665,1206.417665,3.397667312,3.397667312,3.397667312,3.397667312,36.38128174,36.38128174,36.38128174,36.38128174,10.7715863,10.7715863,10.7715863,10.7715863,3.557052392,3.557052392,3.557052392,3.557052392,855.6877465,,855.6877465,855.6877465,855.6877465,793.2608938,793.2608938,793.2608938,793.2608938,777.3395248,777.3395248,777.3395248,777.3395248,0.957827373,0.957827373,0.957827373,0.957827373,5748.535469,5748.535469,5748.535469,5748.535469,793.2608938,793.2608938,793.2608938,793.2608938,0.425512079,0.425512079,0.425512079,0.425512079,0,0,0,0,0,0,0,0,2.00E-05,2.00E-05,2.00E-05,2.00E-05,793.2608938,793.2608938,793.2608938,793.2608938,0.348532784,0.348532784,0.348532784,0.348532784,0,0,0,0,1.815273636,1.815273636,1.815273636,1.815273636,,,,,0.892866863,0.892866863,0.892866863,0.892866863,0.892866863,0.892866863,0.892866863,0.892866863
19.19653362,cruise,8000,31.72457099,203.9066397,230,0,0.592134365,0.036831529,0.026451293,0.006880236,369672.9916,22994.14187,22994.14188,37696.1543,0,3173.043575,0,0,0,3173.043575,,0.466008497,0.466012975,0.014796807,4.48E-06,0.466008497,0.466008497,0.466008497,712.1745936,712.1745936,712.1745936,712.1745936,1209.351738,1209.351738,1209.351738,1209.351738,3.391307589,3.391307589,3.391307589,3.391307589,36.38128174,36.38128174,36.38128174,36.38128174,10.79778337,10.79778337,10.79778337,10.79778337,3.551171406,3.551171406,3.551171406,3.551171406,855.6877465,,855.6877465,855.6877465,855.6877465,793.2608938,793.2608938,793.2608938,793.2608938,777.3395248,777.3395248,777.3395248,777.3395248,0.957827373,0.957827373,0.957827373,0.957827373,5748.535469,5748.535469,5748.535469,5748.535469,793.2608938,793.2608938,793.2608938,793.2608938,0.425512079,0.425512079,0.425512079,0.425512079,0,0,0,0,0,0,0,0,2.00E-05,2.00E-05,2.00E-05,2.00E-05,793.2608938,793.2608938,793.2608938,793.2608938,0.348532784,0.348532784,0.348532784,0.348532784,0,0,0,0,1.815273636,1.815273636,1.815273636,1.815273636,,,,,0.892866863,0.892866863,0.892866863,0.892866863,0.892866863,0.892866863,0.892866863,0.892866863
19.31653362,cruise,8000,32.18457099,203.9066397,230,0,0.592134365,0.036831529,0.026451293,0.006880236,369672.9916,22994.14187,22994.14188,37696.1543,0,3173.043575,0,0,0,3173.043575,,0.462247803,0.462252746,0.014805244,4.94E-06,0.462247803,0.462247803,0.462247803,710.8557553,710.8557553,710.8557553,710.8557553,1212.584654,1212.584654,1212.584654,1212.584654,3.385027406,3.385027406,3.385027406,3.385027406,36.38128174,36.38128174,36.38128174,36.38128174,10.82664869,10.82664869,10.82664869,10.82664869,3.545280034,3.545280034,3.545280034,3.545280034,855.6877465,,855.6877465,855.6877465,855.6877465,793.2608938,793.2608938,793.2608938,793.2608938,777.3395248,777.3395248,777.3395248,777.3395248,0.957827373,0.957827373,0.957827373,0.957827373,5748.535469,5748.535469,5748.535469,5748.535469,793.2608938,793.2608938,793.2608938,793.2608938,0.425512079,0.425512079,0.425512079,0.425512079,0,0,0,0,0,0,0,0,2.00E-05,2.00E-05,2.00E-05,2.00E-05,793.2608938,793.2608938,793.2608938,793.2608938,0.348532784,0.348532784,0.348532784,0.348532784,0,0,0,0,1.815273636,1.815273636,1.815273636,1.815273636,,,,,0.892866863,0.892866863,0.892866863,0.892866863,0.892866863,0.892866863,0.892866863,0.892866863
19.43653362,cruise,8000,32.64457099,203.9066397,230,0,0.592134365,0.036831529,0.026451293,0.006880236,369672.9916,22994.14187,22994.14188,37696.1543,0,3173.043575,0,0,0,3173.043575,,0.45847672,0.458482012,0.014801684,5.29E-06,0.45847672,0.45847672,0.45847672,709.5556449,709.5556449,709.5556449,709.5556449,1215.99036,1215.99036,1215.99036,1215.99036,3.378836404,3.378836404,3.378836404,3.378836404,36.38128174,36.38128174,36.38128174,36.38128174,10.85705678,10.85705678,10.85705678,10.85705678,3.539380324,3.539380324,3.539380324,3.539380324,855.6877465,,855.6877465,855.6877465,855.6877465,793.2608938,793.2608938,793.2608938,793.2608938,777.3395248,777.3395248,777.3395248,777.3395248,0.957827373,0.957827373,0.957827373,0.957827373,5748.535469,5748.535469,5748.535469,5748.535469,793.2608938,793.2608938,793.2608938,793.2608938,0.425512079,0.425512079,0.425512079,0.425512079,0,0,0,0,0,0,0,0,2.00E-05,2.00E-05,2.00E-05,2.00E-05,793.2608938,793.2608938,793.2608938,793.2608938,0.348532784,0.348532784,0.348532784,0.348532784,0,0,0,0,1.815273636,1.815273636,1.815273636,1.815273636,,,,,0.892866863,0.892866863,0.892866863,0.892866863,0.892866863,0.892866863,0.892866863,0.892866863
19.55653362,cruise,8000,33.10457099,203.9066397,230,0,0.592134365,0.036831529,0.026451293,0.006880236,369672.9916,22994.14187,22994.14188,37696.1543,0,3173.043575,0,0,0,3173.043575,,0.454695083,0.454700353,0.014787057,5.27E-06,0.454695083,0.454695083,0.454695083,708.2705741,708.2705741,708.2705741,708.2705741,1219.3816,1219.3816,1219.3816,1219.3816,3.37271702,3.37271702,3.37271702,3.37271702,36.38128174,36.38128174,36.38128174,36.38128174,10.88733571,10.88733571,10.88733571,10.88733571,3.533473126,3.533473126,3.533473126,3.533473126,855.6877465,,855.6877465,855.6877465,855.6877465,793.2608938,793.2608938,793.2608938,793.2608938,777.3395248,777.3395248,777.3395248,777.3395248,0.957827373,0.957827373,0.957827373,0.957827373,5748.535469,5748.535469,5748.535469,5748.535469,793.2608938,793.2608938,793.2608938,793.2608938,0.425512079,0.425512079,0.425512079,0.425512079,0,0,0,0,0,0,0,0,2.00E-05,2.00E-05,2.00E-05,2.00E-05,793.2608938,793.2608938,793.2608938,793.2608938,0.348532784,0.348532784,0.348532784,0.348532784,0,0,0,0,1.815273636,1.815273636,1.815273636,1.815273636,,,,,0.892866863,0.892866863,0.892866863,0.892866863,0.892866863,0.892866863,0.892866863,0.892866863
19.67653362,cruise,8000,33.56457099,203.9066397,230,0,0.592134365,0.036831529,0.026451293,0.006880236,369672.9916,22994.14187,22994.14188,37696.1543,0,3173.043575,0,0,0,3173.043575,,0.450903169,0.450908184,0.014765422,5.01E-06,0.450903169,0.450903169,0.450903169,706.9923257,706.9923257,706.9923257,706.9923257,1222.532705,1222.532705,1222.532705,1222.532705,3.366630122,3.366630122,3.366630122,3.366630122,36.38128174,36.38128174,36.38128174,36.38128174,10.91547058,10.91547058,10.91547058,10.91547058,3.527558234,3.527558234,3.527558234,3.527558234,855.6877465,,855.6877465,855.6877465,855.6877465,793.2608938,793.2608938,793.2608938,793.2608938,777.3395248,777.3395248,777.3395248,777.3395248,0.957827373,0.957827373,0.957827373,0.957827373,5748.535469,5748.535469,5748.535469,5748.535469,793.2608938,793.2608938,793.2608938,793.2608938,0.425512079,0.425512079,0.425512079,0.425512079,0,0,0,0,0,0,0,0,2.00E-05,2.00E-05,2.00E-05,2.00E-05,793.2608938,793.2608938,793.2608938,793.2608938,0.348532784,0.348532784,0.348532784,0.348532784,0,0,0,0,1.815273636,1.815273636,1.815273636,1.815273636,,,,,0.892866863,0.892866863,0.892866863,0.892866863,0.892866863,0.892866863,0.892866863,0.892866863
19.79653362,cruise,8000,34.02457099,203.9066397,230,0,0.592134365,0.036831529,0.026451293,0.006880236,369672.9916,22994.14187,22994.14188,37696.1543,0,3173.043575,0,0,0,3173.043575,,0.4471022,0.447106483,0.014743122,4.28E-06,0.4471022,0.4471022,0.4471022,705.7099423,705.7099423,705.7099423,705.7099423,1225.21262,1225.21262,1225.21262,1225.21262,3.360523535,3.360523535,3.360523535,3.360523535,36.38128174,36.38128174,36.38128174,36.38128174,10.93939839,10.93939839,10.93939839,10.93939839,3.521634283,3.521634283,3.521634283,3.521634283,855.6877465,,855.6877465,855.6877465,855.6877465,793.2608938,793.2608938,793.2608938,793.2608938,777.3395248,777.3395248,777.3395248,777.3395248,0.957827373,0.957827373,0.957827373,0.957827373,5748.535469,5748.535469,5748.535469,5748.535469,793.2608938,793.2608938,793.2608938,793.2608938,0.425512079,0.425512079,0.425512079,0.425512079,0,0,0,0,0,0,0,0,2.00E-05,2.00E-05,2.00E-05,2.00E-05,793.2608938,793.2608938,793.2608938,793.2608938,0.348532784,0.348532784,0.348532784,0.348532784,0,0,0,0,1.815273636,1.815273636,1.815273636,1.815273636,,,,,0.892866863,0.892866863,0.892866863,0.892866863,0.892866863,0.892866863,0.892866863,0.892866863
19.91653362,cruise,8000,34.48457099,203.9066397,230,0,0.592134365,0.036831529,0.026451293,0.006880236,369672.9916,22994.14187,22994.14188,37696.1543,0,3173.043575,0,0,0,3173.043575,,0.443293867,0.443297192,0.014727569,3.32E-06,0.443293867,0.443293867,0.443293867,704.4120941,704.4120941,704.4120941,704.4120941,1227.215318,1227.215318,1227.215318,1227.215318,3.354343305,3.354343305,3.354343305,3.354343305,36.38128174,36.38128174,36.38128174,36.38128174,10.95727962,10.95727962,10.95727962,10.95727962,3.51570568,3.51570568,3.51570568,3.51570568,855.6877465,,855.6877465,855.6877465,855.6877465,793.2608938,793.2608938,793.2608938,793.2608938,777.3395248,777.3395248,777.3395248,777.3395248,0.957827373,0.957827373,0.957827373,0.957827373,5748.535469,5748.535469,5748.535469,5748.535469,793.2608938,793.2608938,793.2608938,793.2608938,0.425512079,0.425512079,0.425512079,0.425512079,0,0,0,0,0,0,0,0,2.00E-05,2.00E-05,2.00E-05,2.00E-05,793.2608938,793.2608938,793.2608938,793.2608938,0.348532784,0.348532784,0.348532784,0.348532784,0,0,0,0,1.815273636,1.815273636,1.815273636,1.815273636,,,,,0.892866863,0.892866863,0.892866863,0.892866863,0.892866863,0.892866863,0.892866863,0.892866863
20.03653362,cruise,8000,34.94457099,203.9066397,230,0,0.592134365,0.036831529,0.026451293,0.006880236,369672.9916,22994.14187,22994.14188,37696.1543,0,3173.043575,0,0,0,3173.043575,,0.439480602,0.43948264,0.0147265,2.04E-06,0.439480602,0.439480602,0.439480602,703.088822,703.088822,703.088822,703.088822,1228.389332,1228.389332,1228.389332,1228.389332,3.34804201,3.34804201,3.34804201,3.34804201,36.38128174,36.38128174,36.38128174,36.38128174,10.96776189,10.96776189,10.96776189,10.96776189,3.509776726,3.509776726,3.509776726,3.509776726,855.6877465,,855.6877465,855.6877465,855.6877465,793.2608938,793.2608938,793.2608938,793.2608938,777.3395248,777.3395248,777.3395248,777.3395248,0.957827373,0.957827373,0.957827373,0.957827373,5748.535469,5748.535469,5748.535469,5748.535469,793.2608938,793.2608938,793.2608938,793.2608938,0.425512079,0.425512079,0.425512079,0.425512079,0,0,0,0,0,0,0,0,2.00E-05,2.00E-05,2.00E-05,2.00E-05,793.2608938,793.2608938,793.2608938,793.2608938,0.348532784,0.348532784,0.348532784,0.348532784,0,0,0,0,1.815273636,1.815273636,1.815273636,1.815273636,,,,,0.892866863,0.892866863,0.892866863,0.892866863,0.892866863,0.892866863,0.892866863,0.892866863
20.03653362,descent,8000,34.94457099,180,203.0340947,-1376.003609,0.759867713,0.043297758,0.026708694,0.013089064,369672.9916,-5073.470737,21064.20815,37696.1543,-6.697312175,0,0,0,0,0,,0.439480602,0.439480602,0.014746374,0,0.439480602,0.439480602,0.439480602,736.0369718,736.0369718,736.0369718,736.0369718,36.84152672,36.84152672,36.84152672,36.84152672,3.504937961,3.504937961,3.504937961,3.504937961,1.169217687,1.169217687,1.169217687,1.169217687,0.328942203,0.328942203,0.328942203,0.328942203,3.509776726,3.509776726,3.509776726,3.509776726,27.5,,27.5,27.5,27.5,0,0,0,0,0,0,0,0,0.829,0.829,0.829,0.829,-1268.367684,-1268.367684,-1268.367684,-1268.367684,0,0,0,0,0,0,0,0,0,0,0,0,0,0,0,0,9.64E-05,9.64E-05,9.64E-05,9.64E-05,0,0,0,0,0,0,0,0,0,0,0,0,1.602445389,1.602445389,1.602445389,1.602445389,0,0,0,0,0.3,0.3,0.3,0.3,0.3,0.3,0.3,0.3
20.53149248,descent,7322.22384,36.60696838,180,200.9198197,-1362.734359,0.759867713,0.043266205,0.026677256,0.013088948,369672.9916,-5073.470722,21048.85757,37696.1543,-6.702581962,0,0,0,0,0,,0.439008572,0.439008681,0.014710075,1.09E-07,0.439008572,0.439008572,0.439008572,735.8814484,735.8814484,735.8814484,735.8814484,36.85870324,36.85870324,36.85870324,36.85870324,3.504197373,3.504197373,3.504197373,3.504197373,1.169217687,1.169217687,1.169217687,1.169217687,0.329095565,0.329095565,0.329095565,0.329095565,3.509037192,3.509037192,3.509037192,3.509037192,27.5,,27.5,27.5,27.5,0,0,0,0,0,0,0,0,0.829,0.829,0.829,0.829,-1268.367681,-1268.367681,-1268.367681,-1268.367681,0,0,0,0,0,0,0,0,0,0,0,0,0,0,0,0,0.000100187,0.000100187,0.000100187,0.000100187,0,0,0,0,0,0,0,0,0,0,0,0,1.585758486,1.585758486,1.585758486,1.585758486,0,0,0,0,0.299999999,0.299999999,0.299999999,0.299999999,0.299999999,0.299999999,0.299999999,0.299999999
21.02645135,descent,6650.964261,38.25217245,180,198.857617,-1349.750191,0.759867713,0.043235377,0.026646535,0.013088842,369672.9916,-5073.470708,21033.8603,37696.1543,-6.707131792,0,0,0,0,0,,0.438536317,0.43853643,0.014706422,1.14E-07,0.438536317,0.438536317,0.438536317,735.7255697,735.7255697,735.7255697,735.7255697,36.87660193,36.87660193,36.87660193,36.87660193,3.503455094,3.503455094,3.503455094,3.503455094,1.169217687,1.169217687,1.169217687,1.169217687,0.329255374,0.329255374,0.329255374,0.329255374,3.508296804,3.508296804,3.508296804,3.508296804,27.5,,27.5,27.5,27.5,0,0,0,0,0,0,0,0,0.829,0.829,0.829,0.829,-1268.367677,-1268.367677,-1268.367677,-1268.367677,0,0,0,0,0,0,0,0,0,0,0,0,0,0,0,0,0.00010377,0.00010377,0.00010377,0.00010377,0,0,0,0,0,0,0,0,0,0,0,0,1.569482563,1.569482563,1.569482563,1.569482563,0,0,0,0,0.299999999,0.299999999,0.299999999,0.299999999,0.299999999,0.299999999,0.299999999,0.299999999
21.52141021,descent,5986.120418,39.88060755,180,196.8456465,-1337.041026,0.759867713,0.0432053,0.026616554,0.013088745,369672.9916,-5073.470694,21019.22769,37696.1543,-6.711246345,0,0,0,0,0,,0.438063827,0.438063946,0.014705031,1.19E-07,0.438063827,0.438063827,0.438063827,735.5693364,735.5693364,735.5693364,735.5693364,36.89522575,36.89522575,36.89522575,36.89522575,3.502711126,3.502711126,3.502711126,3.502711126,1.169217687,1.169217687,1.169217687,1.169217687,0.329421658,0.329421658,0.329421658,0.329421658,3.507555585,3.507555585,3.507555585,3.507555585,27.5,,27.5,27.5,27.5,0,0,0,0,0,0,0,0,0.829,0.829,0.829,0.829,-1268.367673,-1268.367673,-1268.367673,-1268.367673,0,0,0,0,0,0,0,0,0,0,0,0,0,0,0,0,0.000107253,0.000107253,0.000107253,0.000107253,0,0,0,0,0,0,0,0,0,0,0,0,1.553603098,1.553603098,1.553603098,1.553603098,0,0,0,0,0.299999998,0.299999998,0.299999998,0.299999998,0.299999998,0.299999998,0.299999998,0.299999998
22.01636908,descent,5327.562919,41.49267739,180,194.8820613,-1324.59754,0.759867713,0.043175988,0.026587331,0.013088657,369672.9916,-5073.470679,21004.96769,37696.1543,-6.715161426,0,0,0,0,0,,0.437591095,0.437591218,0.014705952,1.23E-07,0.437591095,0.437591095,0.437591095,735.4127498,735.4127498,735.4127498,735.4127498,36.91457614,36.91457614,36.91457614,36.91457614,3.501965475,3.501965475,3.501965475,3.501965475,1.169217687,1.169217687,1.169217687,1.169217687,0.32959443,0.32959443,0.32959443,0.32959443,3.506813554,3.506813554,3.506813554,3.506813554,27.5,,27.5,27.5,27.5,0,0,0,0,0,0,0,0,0.829,0.829,0.829,0.829,-1268.36767,-1268.36767,-1268.36767,-1268.36767,0,0,0,0,0,0,0,0,0,0,0,0,0,0,0,0,0.000110902,0.000110902,0.000110902,0.000110902,0,0,0,0,0,0,0,0,0,0,0,0,1.538105513,1.538105513,1.538105513,1.538105513,0,0,0,0,0.299999999,0.299999999,0.299999999,0.299999999,0.299999999,0.299999999,0.299999999,0.299999999
22.51132794,descent,4675.151184,43.08877546,180,192.9650595,-1312.411258,0.759867713,0.043147454,0.026558878,0.013088576,369672.9916,-5073.470663,20991.08562,37696.1543,-6.719080043,0,0,0,0,0,,0.43711811,0.437118238,0.014709226,1.28E-07,0.43711811,0.43711811,0.43711811,735.2558124,735.2558124,735.2558124,735.2558124,36.934653,36.934653,36.934653,36.934653,3.501218154,3.501218154,3.501218154,3.501218154,1.169217687,1.169217687,1.169217687,1.169217687,0.329773687,0.329773687,0.329773687,0.329773687,3.506070736,3.506070736,3.506070736,3.506070736,27.5,,27.5,27.5,27.5,0,0,0,0,0,0,0,0,0.829,0.829,0.829,0.829,-1268.367666,-1268.367666,-1268.367666,-1268.367666,0,0,0,0,0,0,0,0,0,0,0,0,0,0,0,0,0.000114957,0.000114957,0.000114957,0.000114957,0,0,0,0,0,0,0,0,0,0,0,0,1.522975588,1.522975588,1.522975588,1.522975588,0,0,0,0,0.3,0.3,0.3,0.3,0.3,0.3,0.3,0.3
23.00628681,descent,4028.731522,44.66927546,180,191.0928777,-1300.473912,0.759867713,0.043119702,0.0265312,0.013088501,369672.9916,-5073.470645,20977.58438,37696.1543,-6.723116695,0,0,0,0,0,,0.436644863,0.436644996,0.014714885,1.32E-07,0.436644863,0.436644863,0.436644863,735.0985271,735.0985271,735.0985271,735.0985271,36.95545461,36.95545461,36.95545461,36.95545461,3.500469177,3.500469177,3.500469177,3.500469177,1.169217687,1.169217687,1.169217687,1.169217687,0.329959416,0.329959416,0.329959416,0.329959416,3.505327153,3.505327153,3.505327153,3.505327153,27.5,,27.5,27.5,27.5,0,0,0,0,0,0,0,0,0.829,0.829,0.829,0.829,-1268.367661,-1268.367661,-1268.367661,-1268.367661,0,0,0,0,0,0,0,0,0,0,0,0,0,0,0,0,0.00011951,0.00011951,0.00011951,0.00011951,0,0,0,0,0,0,0,0,0,0,0,0,1.508199404,1.508199404,1.508199404,1.508199404,0,0,0,0,0.299999998,0.299999998,0.299999998,0.299999998,0.299999998,0.299999998,0.299999998,0.299999998
23.50124567,descent,3388.148123,46.2345415,180,189.2638203,-1288.778501,0.759867713,0.043092735,0.026504301,0.013088433,369672.9916,-5073.470625,20964.46502,37696.1543,-6.727336764,0,0,0,0,0,,0.436171346,0.436171483,0.014722951,1.37E-07,0.436171346,0.436171346,0.436171346,734.9408981,734.9408981,734.9408981,734.9408981,36.97697757,36.97697757,36.97697757,36.97697757,3.499718562,3.499718562,3.499718562,3.499718562,1.169217687,1.169217687,1.169217687,1.169217687,0.330151585,0.330151585,0.330151585,0.330151585,3.504582828,3.504582828,3.504582828,3.504582828,27.5,,27.5,27.5,27.5,0,0,0,0,0,0,0,0,0.829,0.829,0.829,0.829,-1268.367656,-1268.367656,-1268.367656,-1268.367656,0,0,0,0,0,0,0,0,0,0,0,0,0,0,0,0,0.000124502,0.000124502,0.000124502,0.000124502,0,0,0,0,0,0,0,0,0,0,0,0,1.49376358,1.49376358,1.49376358,1.49376358,0,0,0,0,0.3,0.3,0.3,0.3,0.3,0.3,0.3,0.3
23.99620453,descent,2753.25249,47.78491957,180,187.4762828,-1277.318595,0.759867713,0.043066552,0.026478181,0.01308837,369672.9916,-5073.470604,20951.72708,37696.1543,-6.731678997,0,0,0,0,0,,0.435697548,0.435697689,0.014733433,1.42E-07,0.435697548,0.435697548,0.435697548,734.7829303,734.7829303,734.7829303,734.7829303,36.99921673,36.99921673,36.99921673,36.99921673,3.498966335,3.498966335,3.498966335,3.498966335,1.169217687,1.169217687,1.169217687,1.169217687,0.330350149,0.330350149,0.330350149,0.330350149,3.503837787,3.503837787,3.503837787,3.503837787,27.5,,27.5,27.5,27.5,0,0,0,0,0,0,0,0,0.829,0.829,0.829,0.829,-1268.367651,-1268.367651,-1268.367651,-1268.367651,0,0,0,0,0,0,0,0,0,0,0,0,0,0,0,0,0.000129862,0.000129862,0.000129862,0.000129862,0,0,0,0,0,0,0,0,0,0,0,0,1.479655451,1.479655451,1.479655451,1.479655451,0,0,0,0,0.3,0.3,0.3,0.3,0.3,0.3,0.3,0.3
24.4911634,descent,2123.90546,49.32074714,180,185.7287521,-1266.089195,0.759867713,0.043041149,0.026452837,0.013088312,369672.9916,-5073.470581,20939.3689,37696.1543,-6.736014383,0,0,0,0,0,,0.43522346,0.435223606,0.014746331,1.46E-07,0.43522346,0.43522346,0.43522346,734.6246295,734.6246295,734.6246295,734.6246295,37.0221652,37.0221652,37.0221652,37.0221652,3.498212522,3.498212522,3.498212522,3.498212522,1.169217687,1.169217687,1.169217687,1.169217687,0.330555046,0.330555046,0.330555046,0.330555046,3.503092054,3.503092054,3.503092054,3.503092054,27.5,,27.5,27.5,27.5,0,0,0,0,0,0,0,0,0.829,0.829,0.829,0.829,-1268.367645,-1268.367645,-1268.367645,-1268.367645,0,0,0,0,0,0,0,0,0,0,0,0,0,0,0,0,0.000135549,0.000135549,0.000135549,0.000135549,0,0,0,0,0,0,0,0,0,0,0,0,1.465863075,1.465863075,1.465863075,1.465863075,0,0,0,0,0.3,0.3,0.3,0.3,0.3,0.3,0.3,0.3
24.98612226,descent,1500,50.84234619,180,184.0198636,-1255.087165,0.759867713,0.043016523,0.026428263,0.013088259,369672.9916,-5073.470556,20927.3882,37696.1543,-6.7400526,0,0,0,0,0,,0.434749074,0.434749225,0.014761635,1.51E-07,0.434749074,0.434749074,0.434749074,734.4660027,734.4660027,734.4660027,734.4660027,37.04581438,37.04581438,37.04581438,37.04581438,3.497457156,3.497457156,3.497457156,3.497457156,1.169217687,1.169217687,1.169217687,1.169217687,0.3307662,0.3307662,0.3307662,0.3307662,3.502345656,3.502345656,3.502345656,3.502345656,27.5,,27.5,27.5,27.5,0,0,0,0,0,0,0,0,0.829,0.829,0.829,0.829,-1268.367639,-1268.367639,-1268.367639,-1268.367639,0,0,0,0,0,0,0,0,0,0,0,0,0,0,0,0,0.00014166,0.00014166,0.00014166,0.00014166,0,0,0,0,0,0,0,0,0,0,0,0,1.452375683,1.452375683,1.452375683,1.452375683,0,0,0,0,0.3,0.3,0.3,0.3,0.3,0.3,0.3,0.3
24.98612226,circuit,1500,50.84234619,155,158.4615492,0,1.02475396,0.05729999,0.026874248,0.026925742,369672.9916,20697.78088,20670.58008,37696.1543,0,2129.519076,0,0,0,2129.519076,,0.434749074,0.434749074,0.014779322,0,0.434749074,0.434749074,0.434749074,712.7028184,712.7028184,712.7028184,712.7028184,813.7127538,813.7127538,813.7127538,813.7127538,3.393822945,3.393822945,3.393822945,3.393822945,24.66458026,24.66458026,24.66458026,24.66458026,7.265292445,7.265292445,7.265292445,7.265292445,3.502345656,3.502345656,3.502345656,3.502345656,580.1109277,,580.1109277,580.1109277,580.1109277,532.3797689,532.3797689,532.3797689,532.3797689,518.0008539,518.0008539,518.0008539,518.0008539,0.963389868,0.963389868,0.963389868,0.963389868,5174.44522,5174.44522,5174.44522,5174.44522,532.3797689,532.3797689,532.3797689,532.3797689,0.285573163,0.285573163,0.285573163,0.285573163,0,0,0,0,0,0,0,0,0.000226039,0.000226039,0.000226039,0.000226039,532.3797689,532.3797689,532.3797689,532.3797689,0.233910186,0.233910186,0.233910186,0.233910186,0,0,0,0,1.250656838,1.250656838,1.250656838,1.250656838,,,,,0.830939879,0.830939879,0.830939879,0.830939879,0.830939879,0.830939879,0.830939879,0.830939879
25.28612226,circuit,1500,51.63465394,155,158.4615492,0,1.02475396,0.05729999,0.026874248,0.026925742,369672.9916,20697.78088,20670.58008,37696.1543,0,2129.519076,0,0,0,2129.519076,,0.428421101,0.428431429,0.014937143,1.03E-05,0.428421101,0.428421101,0.428421101,710.5121585,710.5121585,710.5121585,710.5121585,816.388865,816.388865,816.388865,816.388865,3.383391231,3.383391231,3.383391231,3.383391231,24.66458026,24.66458026,24.66458026,24.66458026,7.289186295,7.289186295,7.289186295,7.289186295,3.492470355,3.492470355,3.492470355,3.492470355,580.1109277,,580.1109277,580.1109277,580.1109277,532.3797689,532.3797689,532.3797689,532.3797689,518.0008539,518.0008539,518.0008539,518.0008539,0.963389868,0.963389868,0.963389868,0.963389868,5174.44522,5174.44522,5174.44522,5174.44522,532.3797689,532.3797689,532.3797689,532.3797689,0.285573163,0.285573163,0.285573163,0.285573163,0,0,0,0,0,0,0,0,0.000226039,0.000226039,0.000226039,0.000226039,532.3797689,532.3797689,532.3797689,532.3797689,0.233910186,0.233910186,0.233910186,0.233910186,0,0,0,0,1.250656838,1.250656838,1.250656838,1.250656838,,,,,0.830939879,0.830939879,0.830939879,0.830939879,0.830939879,0.830939879,0.830939879,0.830939879
25.58612226,circuit,1500,52.42696168,155,158.4615492,0,1.02475396,0.05729999,0.026874248,0.026925742,369672.9916,20697.78088,20670.58008,37696.1543,0,2129.519076,0,0,0,2129.519076,,0.422071984,0.422082678,0.014964513,1.07E-05,0.422071984,0.422071984,0.422071984,708.2891075,708.2891075,708.2891075,708.2891075,819.1594248,819.1594248,819.1594248,819.1594248,3.372805274,3.372805274,3.372805274,3.372805274,24.66458026,24.66458026,24.66458026,24.66458026,7.313923435,7.313923435,7.313923435,7.313923435,3.482575365,3.482575365,3.482575365,3.482575365,580.1109277,,580.1109277,580.1109277,580.1109277,532.3797689,532.3797689,532.3797689,532.3797689,518.0008539,518.0008539,518.0008539,518.0008539,0.963389868,0.963389868,0.963389868,0.963389868,5174.44522,5174.44522,5174.44522,5174.44522,532.3797689,532.3797689,532.3797689,532.3797689,0.285573163,0.285573163,0.285573163,0.285573163,0,0,0,0,0,0,0,0,0.000226039,0.000226039,0.000226039,0.000226039,532.3797689,532.3797689,532.3797689,532.3797689,0.233910186,0.233910186,0.233910186,0.233910186,0,0,0,0,1.250656838,1.250656838,1.250656838,1.250656838,,,,,0.830939879,0.830939879,0.830939879,0.830939879,0.830939879,0.830939879,0.830939879,0.830939879
25.88612226,circuit,1500,53.21926943,155,158.4615492,0,1.02475396,0.05729999,0.026874248,0.026925742,369672.9916,20697.78088,20670.58008,37696.1543,0,2129.519076,0,0,0,2129.519076,,0.415701196,0.415712051,0.015008373,1.09E-05,0.415701196,0.415701196,0.415701196,706.0670685,706.0670685,706.0670685,706.0670685,821.9441377,821.9441377,821.9441377,821.9441377,3.362224136,3.362224136,3.362224136,3.362224136,24.66458026,24.66458026,24.66458026,24.66458026,7.338786944,7.338786944,7.338786944,7.338786944,3.472647546,3.472647546,3.472647546,3.472647546,580.1109277,,580.1109277,580.1109277,580.1109277,532.3797689,532.3797689,532.3797689,532.3797689,518.0008539,518.0008539,518.0008539,518.0008539,0.963389868,0.963389868,0.963389868,0.963389868,5174.44522,5174.44522,5174.44522,5174.44522,532.3797689,532.3797689,532.3797689,532.3797689,0.285573163,0.285573163,0.285573163,0.285573163,0,0,0,0,0,0,0,0,0.000226039,0.000226039,0.000226039,0.000226039,532.3797689,532.3797689,532.3797689,532.3797689,0.233910186,0.233910186,0.233910186,0.233910186,0,0,0,0,1.250656838,1.250656838,1.250656838,1.250656838,,,,,0.830939879,0.830939879,0.830939879,0.830939879,0.830939879,0.830939879,0.830939879,0.830939879
26.18612226,circuit,1500,54.01157717,155,158.4615492,0,1.02475396,0.05729999,0.026874248,0.026925742,369672.9916,20697.78088,20670.58008,37696.1543,0,2129.519076,0,0,0,2129.519076,,0.409309055,0.409319642,0.015046548,1.06E-05,0.409309055,0.409309055,0.409309055,703.8812682,703.8812682,703.8812682,703.8812682,824.6596663,824.6596663,824.6596663,824.6596663,3.351815563,3.351815563,3.351815563,3.351815563,24.66458026,24.66458026,24.66458026,24.66458026,7.363032735,7.363032735,7.363032735,7.363032735,3.462688288,3.462688288,3.462688288,3.462688288,580.1109277,,580.1109277,580.1109277,580.1109277,532.3797689,532.3797689,532.3797689,532.3797689,518.0008539,518.0008539,518.0008539,518.0008539,0.963389868,0.963389868,0.963389868,0.963389868,5174.44522,5174.44522,5174.44522,5174.44522,532.3797689,532.3797689,532.3797689,532.3797689,0.285573163,0.285573163,0.285573163,0.285573163,0,0,0,0,0,0,0,0,0.000226039,0.000226039,0.000226039,0.000226039,532.3797689,532.3797689,532.3797689,532.3797689,0.233910186,0.233910186,0.233910186,0.233910186,0,0,0,0,1.250656838,1.250656838,1.250656838,1.250656838,,,,,0.830939879,0.830939879,0.830939879,0.830939879,0.830939879,0.830939879,0.830939879,0.830939879
26.48612226,circuit,1500,54.80388492,155,158.4615492,0,1.02475396,0.05729999,0.026874248,0.026925742,369672.9916,20697.78088,20670.58008,37696.1543,0,2129.519076,0,0,0,2129.519076,,0.402896275,0.402906418,0.015058024,1.01E-05,0.402896275,0.402896275,0.402896275,701.7550553,701.7550553,701.7550553,701.7550553,827.2494879,827.2494879,827.2494879,827.2494879,3.34169074,3.34169074,3.34169074,3.34169074,24.66458026,24.66458026,24.66458026,24.66458026,7.386156142,7.386156142,7.386156142,7.386156142,3.452702866,3.452702866,3.452702866,3.452702866,580.1109277,,580.1109277,580.1109277,580.1109277,532.3797689,532.3797689,532.3797689,532.3797689,518.0008539,518.0008539,518.0008539,518.0008539,0.963389868,0.963389868,0.963389868,0.963389868,5174.44522,5174.44522,5174.44522,5174.44522,532.3797689,532.3797689,532.3797689,532.3797689,0.285573163,0.285573163,0.285573163,0.285573163,0,0,0,0,0,0,0,0,0.000226039,0.000226039,0.000226039,0.000226039,532.3797689,532.3797689,532.3797689,532.3797689,0.233910186,0.233910186,0.233910186,0.233910186,0,0,0,0,1.250656838,1.250656838,1.250656838,1.250656838,,,,,0.830939879,0.830939879,0.830939879,0.830939879,0.830939879,0.830939879,0.830939879,0.830939879
26.78612226,circuit,1500,55.59619267,155,158.4615492,0,1.02475396,0.05729999,0.026874248,0.026925742,369672.9916,20697.78088,20670.58008,37696.1543,0,2129.519076,0,0,0,2129.519076,,0.396463924,0.396473531,0.015029756,9.61E-06,0.396463924,0.396463924,0.396463924,699.6924151,699.6924151,699.6924151,699.6924151,829.7012061,829.7012061,829.7012061,829.7012061,3.331868643,3.331868643,3.331868643,3.331868643,24.66458026,24.66458026,24.66458026,24.66458026,7.408046483,7.408046483,7.408046483,7.408046483,3.442958611,3.442958611,3.442958611,3.442958611,580.1109277,,580.1109277,580.1109277,580.1109277,532.3797689,532.3797689,532.3797689,532.3797689,518.0008539,518.0008539,518.0008539,518.0008539,0.963389868,0.963389868,0.963389868,0.963389868,5174.44522,5174.44522,5174.44522,5174.44522,532.3797689,532.3797689,532.3797689,532.3797689,0.285573163,0.285573163,0.285573163,0.285573163,0,0,0,0,0,0,0,0,0.000226039,0.000226039,0.000226039,0.000226039,532.3797689,532.3797689,532.3797689,532.3797689,0.233910186,0.233910186,0.233910186,0.233910186,0,0,0,0,1.250656838,1.250656838,1.250656838,1.250656838,,,,,0.830939879,0.830939879,0.830939879,0.830939879,0.830939879,0.830939879,0.830939879,0.830939879
27.08612226,circuit,1500,56.38850041,155,158.4615492,0,1.02475396,0.05729999,0.026874248,0.026925742,369672.9916,20697.78088,20670.58008,37696.1543,0,2129.519076,0,0,0,2129.519076,,0.390013023,0.390022144,0.014995852,9.12E-06,0.390013023,0.390013023,0.390013023,697.6813383,697.6813383,697.6813383,697.6813383,832.0416879,832.0416879,832.0416879,832.0416879,3.322292087,3.322292087,3.322292087,3.322292087,24.66458026,24.66458026,24.66458026,24.66458026,7.428943642,7.428943642,7.428943642,7.428943642,3.434184822,3.434184822,3.434184822,3.434184822,580.1109277,,580.1109277,580.1109277,580.1109277,532.3797689,532.3797689,532.3797689,532.3797689,518.0008539,518.0008539,518.0008539,518.0008539,0.963389868,0.963389868,0.963389868,0.963389868,5174.44522,5174.44522,5174.44522,5174.44522,532.3797689,532.3797689,532.3797689,532.3797689,0.285573163,0.285573163,0.285573163,0.285573163,0,0,0,0,0,0,0,0,0.000226039,0.000226039,0.000226039,0.000226039,532.3797689,532.3797689,532.3797689,532.3797689,0.233910186,0.233910186,0.233910186,0.233910186,0,0,0,0,1.250656838,1.250656838,1.250656838,1.250656838,,,,,0.830939879,0.830939879,0.830939879,0.830939879,0.830939879,0.830939879,0.830939879,0.830939879
27.38612226,circuit,1500,57.18080816,155,158.4615492,0,1.02475396,0.05729999,0.026874248,0.026925742,369672.9916,20697.78088,20670.58008,37696.1543,0,2129.519076,0,0,0,2129.519076,,0.383544166,0.383553072,0.015061729,8.91E-06,0.383544166,0.383544166,0.383544166,695.6998657,695.6998657,695.6998657,695.6998657,834.3264704,834.3264704,834.3264704,834.3264704,3.312856503,3.312856503,3.312856503,3.312856503,24.66458026,24.66458026,24.66458026,24.66458026,7.449343486,7.449343486,7.449343486,7.449343486,3.42592944,3.42592944,3.42592944,3.42592944,580.1109277,,580.1109277,580.1109277,580.1109277,532.3797689,532.3797689,532.3797689,532.3797689,518.0008539,518.0008539,518.0008539,518.0008539,0.963389868,0.963389868,0.963389868,0.963389868,5174.44522,5174.44522,5174.44522,5174.44522,532.3797689,532.3797689,532.3797689,532.3797689,0.285573163,0.285573163,0.285573163,0.285573163,0,0,0,0,0,0,0,0,0.000226039,0.000226039,0.000226039,0.000226039,532.3797689,532.3797689,532.3797689,532.3797689,0.233910186,0.233910186,0.233910186,0.233910186,0,0,0,0,1.250656838,1.250656838,1.250656838,1.250656838,,,,,0.830939879,0.830939879,0.830939879,0.830939879,0.830939879,0.830939879,0.830939879,0.830939879
27.68612226,circuit,1500,57.97311591,155,158.4615492,0,1.02475396,0.05729999,0.026874248,0.026925742,369672.9916,20697.78088,20670.58008,37696.1543,0,2129.519076,0,0,0,2129.519076,,0.377057601,0.377066476,0.015178913,8.88E-06,0.377057601,0.377057601,0.377057601,693.7230176,693.7230176,693.7230176,693.7230176,836.6276065,836.6276065,836.6276065,836.6276065,3.303442941,3.303442941,3.303442941,3.303442941,24.66458026,24.66458026,24.66458026,24.66458026,7.469889343,7.469889343,7.469889343,7.469889343,3.417627289,3.417627289,3.417627289,3.417627289,580.1109277,,580.1109277,580.1109277,580.1109277,532.3797689,532.3797689,532.3797689,532.3797689,518.0008539,518.0008539,518.0008539,518.0008539,0.963389868,0.963389868,0.963389868,0.963389868,5174.44522,5174.44522,5174.44522,5174.44522,532.3797689,532.3797689,532.3797689,532.3797689,0.285573163,0.285573163,0.285573163,0.285573163,0,0,0,0,0,0,0,0,0.000226039,0.000226039,0.000226039,0.000226039,532.3797689,532.3797689,532.3797689,532.3797689,0.233910186,0.233910186,0.233910186,0.233910186,0,0,0,0,1.250656838,1.250656838,1.250656838,1.250656838,,,,,0.830939879,0.830939879,0.830939879,0.830939879,0.830939879,0.830939879,0.830939879,0.830939879
27.98612226,circuit,1500,58.76542365,155,158.4615492,0,1.02475396,0.05729999,0.026874248,0.026925742,369672.9916,20697.78088,20670.58008,37696.1543,0,2129.519076,0,0,0,2129.519076,,0.370552823,0.370562045,0.015285949,9.22E-06,0.370552823,0.370552823,0.370552823,691.7283492,691.7283492,691.7283492,691.7283492,839.018166,839.018166,839.018166,839.018166,3.29394452,3.29394452,3.29394452,3.29394452,24.66458026,24.66458026,24.66458026,24.66458026,7.491233625,7.491233625,7.491233625,7.491233625,3.408921217,3.408921217,3.408921217,3.408921217,580.1109277,,580.1109277,580.1109277,580.1109277,532.3797689,532.3797689,532.3797689,532.3797689,518.0008539,518.0008539,518.0008539,518.0008539,0.963389868,0.963389868,0.963389868,0.963389868,5174.44522,5174.44522,5174.44522,5174.44522,532.3797689,532.3797689,532.3797689,532.3797689,0.285573163,0.285573163,0.285573163,0.285573163,0,0,0,0,0,0,0,0,0.000226039,0.000226039,0.000226039,0.000226039,532.3797689,532.3797689,532.3797689,532.3797689,0.233910186,0.233910186,0.233910186,0.233910186,0,0,0,0,1.250656838,1.250656838,1.250656838,1.250656838,,,,,0.830939879,0.830939879,0.830939879,0.830939879,0.830939879,0.830939879,0.830939879,0.830939879
27.98612226,approach,1500,58.76542365,120,122.6799091,-650.2021159,1.709702354,0.180100496,0.111070152,0.065530344,369672.9916,19594.26071,38941.45022,37696.1543,-5.235987756,1604.186859,0,0,0,1604.186859,,0.370552823,0.370552823,0.015348166,0,0.370552823,0.370552823,0.370552823,697.6607537,697.6607537,697.6607537,697.6607537,640.4687713,640.4687713,640.4687713,640.4687713,3.322194065,3.322194065,3.322194065,3.322194065,18.84534764,18.84534764,18.84534764,18.84534764,5.718471172,5.718471172,5.718471172,5.718471172,3.408921217,3.408921217,3.408921217,3.408921217,443.2425764,,443.2425764,443.2425764,443.2425764,401.0467147,401.0467147,401.0467147,401.0467147,385.6865178,385.6865178,385.6865178,385.6865178,0.964651536,0.964651536,0.964651536,0.964651536,4898.565178,4898.565178,4898.565178,4898.565178,401.0467147,401.0467147,401.0467147,401.0467147,0.215124964,0.215124964,0.215124964,0.215124964,0,0,0,0,0,0,0,0,0.00034366,0.00034366,0.00034366,0.00034366,401.0467147,401.0467147,401.0467147,401.0467147,0.176206755,0.176206755,0.176206755,0.176206755,0,0,0,0,0.968250455,0.968250455,0.968250455,0.968250455,,,,,0.817937753,0.817937753,0.817937753,0.817937753,0.817937753,0.817937753,0.817937753,0.817937753
28.21152911,approach,1353.598482,59.22517584,120,122.4148106,-648.7970971,1.709702354,0.180095813,0.111065474,0.065530339,369672.9916,19593.24806,38940.43757,37696.1543,-5.235987756,1606.276808,0,0,0,1606.276808,,0.366810739,0.366816641,0.015166143,5.90E-06,0.366810739,0.366810739,0.366810739,696.5203505,696.5203505,696.5203505,696.5203505,642.6237245,642.6237245,642.6237245,642.6237245,3.316763574,3.316763574,3.316763574,3.316763574,18.86831882,18.86831882,18.86831882,18.86831882,5.737711826,5.737711826,5.737711826,5.737711826,3.403923398,3.403923398,3.403923398,3.403923398,443.7828586,,443.7828586,443.7828586,443.7828586,401.569202,401.569202,401.569202,401.569202,386.2145423,386.2145423,386.2145423,386.2145423,0.964654666,0.964654666,0.964654666,0.964654666,4898.312015,4898.312015,4898.312015,4898.312015,401.569202,401.569202,401.569202,401.569202,0.215405231,0.215405231,0.215405231,0.215405231,0,0,0,0,0,0,0,0,0.000345481,0.000345481,0.000345481,0.000345481,401.569202,401.569202,401.569202,401.569202,0.176436319,0.176436319,0.176436319,0.176436319,0,0,0,0,0.966158167,0.966158167,0.966158167,0.966158167,,,,,0.815012301,0.815012301,0.815012301,0.815012301,0.815012301,0.815012301,0.815012301,0.815012301
28.43693596,approach,1207.512823,59.68393612,120,122.1511226,-647.3995534,1.709702354,0.180091147,0.111060813,0.065530334,369672.9916,19592.23918,38939.42869,37696.1543,-5.235987756,1609.311448,0,0,0,1609.311448,,0.363053786,0.363061987,0.015190694,8.20E-06,0.363053786,0.363053786,0.363053786,695.351161,695.351161,695.351161,695.351161,645.5668197,645.5668197,645.5668197,645.5668197,3.311196005,3.311196005,3.311196005,3.311196005,18.90167531,18.90167531,18.90167531,18.90167531,5.763989462,5.763989462,5.763989462,5.763989462,3.398866708,3.398866708,3.398866708,3.398866708,444.5674033,,444.5674033,444.5674033,444.5674033,402.3278621,402.3278621,402.3278621,402.3278621,386.9813031,386.9813031,386.9813031,386.9813031,0.964659091,0.964659091,0.964659091,0.964659091,4898.059794,4898.059794,4898.059794,4898.059794,402.3278621,402.3278621,402.3278621,402.3278621,0.215812183,0.215812183,0.215812183,0.215812183,0,0,0,0,0,0,0,0,0.000347325,0.000347325,0.000347325,0.000347325,402.3278621,402.3278621,402.3278621,402.3278621,0.176769649,0.176769649,0.176769649,0.176769649,0,0,0,0,0.964077011,0.964077011,0.964077011,0.964077011,,,,,0.811603549,0.811603549,0.811603549,0.811603549,0.811603549,0.811603549,0.811603549,0.811603549
28.6623428,approach,1061.741342,60.14170976,120,121.888833,-646.0094217,1.709702354,0.180086498,0.111056169,0.065530329,369672.9916,19591.23404,38938.42355,37696.1543,-5.235987756,1611.380575,0,0,0,1611.380575,,0.359278681,0.359287865,0.015210074,9.18E-06,0.359278681,0.359278681,0.359278681,694.1716957,694.1716957,694.1716957,694.1716957,648.5502552,648.5502552,648.5502552,648.5502552,3.305579503,3.305579503,3.305579503,3.305579503,18.92442031,18.92442031,18.92442031,18.92442031,5.790627279,5.790627279,5.790627279,5.790627279,3.393763215,3.393763215,3.393763215,3.393763215,445.1023657,,445.1023657,445.1023657,445.1023657,402.8451438,402.8451438,402.8451438,402.8451438,387.5041486,387.5041486,387.5041486,387.5041486,0.964662025,0.964662025,0.964662025,0.964662025,4897.80851,4897.80851,4897.80851,4897.80851,402.8451438,402.8451438,402.8451438,402.8451438,0.216089657,0.216089657,0.216089657,0.216089657,0,0,0,0,0,0,0,0,0.000349192,0.000349192,0.000349192,0.000349192,402.8451438,402.8451438,402.8451438,402.8451438,0.176996926,0.176996926,0.176996926,0.176996926,0,0,0,0,0.962006892,0.962006892,0.962006892,0.962006892,,,,,0.808726621,0.808726621,0.808726621,0.808726621,0.808726621,0.808726621,0.808726621,0.808726621
28.88774965,approach,916.2823775,60.598502,120,121.6279301,-644.6266394,1.709702354,0.180081866,0.111051543,0.065530324,369672.9916,19590.23263,38937.42214,37696.1543,-5.235987756,1610.055461,0,0,0,1610.055461,,0.355489065,0.355495356,0.015228698,6.29E-06,0.355489065,0.355489065,0.355489065,693.010481,693.010481,693.010481,693.010481,650.5418666,650.5418666,650.5418666,650.5418666,3.30004991,3.30004991,3.30004991,3.30004991,18.90985379,18.90985379,18.90985379,18.90985379,5.808409523,5.808409523,5.808409523,5.808409523,3.388638905,3.388638905,3.388638905,3.388638905,444.7597612,,444.7597612,444.7597612,444.7597612,402.5138653,402.5138653,402.5138653,402.5138653,387.1693032,387.1693032,387.1693032,387.1693032,0.964660154,0.964660154,0.964660154,0.964660154,4897.558157,4897.558157,4897.558157,4897.558157,402.5138653,402.5138653,402.5138653,402.5138653,0.215911957,0.215911957,0.215911957,0.215911957,0,0,0,0,0,0,0,0,0.000351082,0.000351082,0.000351082,0.000351082,402.5138653,402.5138653,402.5138653,402.5138653,0.176851373,0.176851373,0.176851373,0.176851373,0,0,0,0,0.959947717,0.959947717,0.959947717,0.959947717,,,,,0.807652191,0.807652191,0.807652191,0.807652191,0.807652191,0.807652191,0.807652191,0.807652191
29.1131565,approach,771.1342782,61.05431801,120,121.3684023,-643.2511447,1.709702354,0.180077252,0.111046934,0.065530319,369672.9916,19589.23488,38936.42445,37696.1543,-5.235987756,1603.873955,0,0,0,1603.873955,,0.351692632,0.351694122,0.015251851,1.49E-06,0.351692632,0.351692632,0.351692632,691.8882816,691.8882816,691.8882816,691.8882816,650.772537,650.772537,650.772537,650.772537,3.294706103,3.294706103,3.294706103,3.294706103,18.84190852,18.84190852,18.84190852,18.84190852,5.810469081,5.810469081,5.810469081,5.810469081,3.383527852,3.383527852,3.383527852,3.383527852,443.1616883,,443.1616883,443.1616883,443.1616883,400.9684886,400.9684886,400.9684886,400.9684886,385.6074657,385.6074657,385.6074657,385.6074657,0.964651061,0.964651061,0.964651061,0.964651061,4897.30872,4897.30872,4897.30872,4897.30872,400.9684886,400.9684886,400.9684886,400.9684886,0.215083003,0.215083003,0.215083003,0.215083003,0,0,0,0,0,0,0,0,0.000352995,0.000352995,0.000352995,0.000352995,400.9684886,400.9684886,400.9684886,400.9684886,0.176172385,0.176172385,0.176172385,0.176172385,0,0,0,0,0.957899395,0.957899395,0.957899395,0.957899395,,,,,0.8091519,0.8091519,0.8091519,0.8091519,0.8091519,0.8091519,0.8091519,0.8091519
29.33856334,approach,626.2954104,61.50916293,120,121.1102379,-641.8828766,1.709702354,0.180072655,0.111042341,0.065530314,369672.9916,19588.24067,38935.43044,37696.1543,-5.235987756,1593.867069,0,0,0,1593.867069,,0.347899754,0.347896344,0.015286502,-3.41E-06,0.347899754,0.347899754,0.347899754,690.7996532,690.7996532,690.7996532,690.7996532,649.3233662,649.3233662,649.3233662,649.3233662,3.289522158,3.289522158,3.289522158,3.289522158,18.73193608,18.73193608,18.73193608,18.73193608,5.797530056,5.797530056,5.797530056,5.797530056,3.378446191,3.378446191,3.378446191,3.378446191,440.5751366,,440.5751366,440.5751366,440.5751366,398.4667672,398.4667672,398.4667672,398.4667672,383.0797438,383.0797438,383.0797438,383.0797438,0.96463508,0.96463508,0.96463508,0.96463508,4897.060168,4897.060168,4897.060168,4897.060168,398.4667672,398.4667672,398.4667672,398.4667672,0.213741058,0.213741058,0.213741058,0.213741058,0,0,0,0,0,0,0,0,0.00035493,0.00035493,0.00035493,0.00035493,398.4667672,398.4667672,398.4667672,398.4667672,0.175073211,0.175073211,0.175073211,0.175073211,0,0,0,0,0.955861835,0.955861835,0.955861835,0.955861835,,,,,0.812717261,0.812717261,0.812717261,0.812717261,0.812717261,0.812717261,0.812717261,0.812717261
29.56397019,approach,481.7641496,61.96304185,120,120.8534257,-640.5217746,1.709702354,0.180068075,0.111037766,0.065530309,369672.9916,19587.25002,38934.44012,37696.1543,-5.235987756,1583.139407,0,0,0,1583.139407,,0.344118601,0.34411192,0.015338262,-6.68E-06,0.344118601,0.344118601,0.344118601,689.7146332,689.7146332,689.7146332,689.7146332,647.0095149,647.0095149,647.0095149,647.0095149,3.284355396,3.284355396,3.284355396,3.284355396,18.61406978,18.61406978,18.61406978,18.61406978,5.776870669,5.776870669,5.776870669,5.776870669,3.373350368,3.373350368,3.373350368,3.373350368,437.8029212,,437.8029212,437.8029212,437.8029212,395.7848518,395.7848518,395.7848518,395.7848518,380.3708931,380.3708931,380.3708931,380.3708931,0.964616217,0.964616217,0.964616217,0.964616217,4896.812506,4896.812506,4896.812506,4896.812506,395.7848518,395.7848518,395.7848518,395.7848518,0.212302455,0.212302455,0.212302455,0.212302455,0,0,0,0,0,0,0,0,0.000356887,0.000356887,0.000356887,0.000356887,395.7848518,395.7848518,395.7848518,395.7848518,0.173894866,0.173894866,0.173894866,0.173894866,0,0,0,0,0.953834946,0.953834946,0.953834946,0.953834946,,,,,0.816728177,0.816728177,0.816728177,0.816728177,0.816728177,0.816728177,0.816728177,0.816728177
29.78937704,approach,337.5388896,62.41595982,120,120.5979543,-639.1677792,1.709702354,0.180063512,0.111033207,0.065530305,369672.9916,19586.26361,38933.45345,37696.1543,-5.235987756,1574.482771,0,0,0,1574.482771,,0.340351352,0.340344264,0.015405395,-7.09E-06,0.340351352,0.340351352,0.340351352,688.6042761,688.6042761,688.6042761,688.6042761,644.5560127,644.5560127,644.5560127,644.5560127,3.279067981,3.279067981,3.279067981,3.279067981,18.51897819,18.51897819,18.51897819,18.51897819,5.754964399,5.754964399,5.754964399,5.754964399,3.368242901,3.368242901,3.368242901,3.368242901,435.5663671,,435.5663671,435.5663671,435.5663671,393.6206929,393.6206929,393.6206929,393.6206929,378.1857465,378.1857465,378.1857465,378.1857465,0.964599694,0.964599694,0.964599694,0.964599694,4896.565903,4896.565903,4896.565903,4896.565903,393.6206929,393.6206929,393.6206929,393.6206929,0.211141581,0.211141581,0.211141581,0.211141581,0,0,0,0,0,0,0,0,0.000358866,0.000358866,0.000358866,0.000358866,393.6206929,393.6206929,393.6206929,393.6206929,0.172944005,0.172944005,0.172944005,0.172944005,0,0,0,0,0.951818639,0.951818639,0.951818639,0.951818639,,,,,0.819669476,0.819669476,0.819669476,0.819669476,0.819669476,0.819669476,0.819669476,0.819669476
30.01478388,approach,193.618033,62.86792186,120,120.3438126,-637.8208313,1.709702354,0.180058965,0.111028665,0.0655303,369672.9916,19585.28085,38932.47042,37696.1543,-5.235987756,1568.596402,0,0,0,1568.596402,,0.336598497,0.336591328,0.015495303,-7.17E-06,0.336598497,0.336598497,0.336598497,687.4623144,687.4623144,687.4623144,687.4623144,642.0084028,642.0084028,642.0084028,642.0084028,3.273630068,3.273630068,3.273630068,3.273630068,18.4543275,18.4543275,18.4543275,18.4543275,5.732217882,5.732217882,5.732217882,5.732217882,3.363128437,3.363128437,3.363128437,3.363128437,434.0457829,,434.0457829,434.0457829,434.0457829,392.1491004,392.1491004,392.1491004,392.1491004,376.7002813,376.7002813,376.7002813,376.7002813,0.964587795,0.964587795,0.964587795,0.964587795,4896.320213,4896.320213,4896.320213,4896.320213,392.1491004,392.1491004,392.1491004,392.1491004,0.210352206,0.210352206,0.210352206,0.210352206,0,0,0,0,0,0,0,0,0.000360866,0.000360866,0.000360866,0.000360866,392.1491004,392.1491004,392.1491004,392.1491004,0.172297436,0.172297436,0.172297436,0.172297436,0,0,0,0,0.949812828,0.949812828,0.949812828,0.949812828,,,,,0.821126386,0.821126386,0.821126386,0.821126386,0.821126386,0.821126386,0.821126386,0.821126386
30.24019073,approach,50,63.31893292,120,120.0909897,-636.4808725,1.709702354,0.180054436,0.11102414,0.065530296,369672.9916,19584.30149,38931.49101,37696.1543,-5.235987756,1564.425769,0,0,0,1564.425769,,0.332862074,0.332853334,0.015613218,-8.74E-06,0.332862074,0.332862074,0.332862074,686.302416,686.302416,686.302416,686.302416,638.922018,638.922018,638.922018,638.922018,3.268106743,3.268106743,3.268106743,3.268106743,18.4085258,18.4085258,18.4085258,18.4085258,5.704660875,5.704660875,5.704660875,5.704660875,3.358014081,3.358014081,3.358014081,3.358014081,432.9685268,,432.9685268,432.9685268,432.9685268,391.1064423,391.1064423,391.1064423,391.1064423,375.6479956,375.6479956,375.6479956,375.6479956,0.96457904,0.96457904,0.96457904,0.96457904,4896.075372,4896.075372,4896.075372,4896.075372,391.1064423,391.1064423,391.1064423,391.1064423,0.209792915,0.209792915,0.209792915,0.209792915,0,0,0,0,0,0,0,0,0.000362887,0.000362887,0.000362887,0.000362887,391.1064423,391.1064423,391.1064423,391.1064423,0.171839326,0.171839326,0.171839326,0.171839326,0,0,0,0,0.947817424,0.947817424,0.947817424,0.947817424,,,,,0.821655594,0.821655594,0.821655594,0.821655594,0.821655594,0.821655594,0.821655594,0.821655594
30.24019073,reserve_go_around,50,63.31893292,150,150.1137371,1944.605413,1.094209507,0.083326622,0.048455536,0.031371086,369672.9916,76820.69714,28151.466,37696.1543,12.82708212,7457,0,0,0,7457,,0.332862074,0.332862074,0.01576033,0,0.332862074,0.332862074,0.332862074,602.9772684,602.9772684,602.9772684,602.9772684,3298.44441,3298.44441,3298.44441,3298.44441,2.871320326,2.871320326,2.871320326,2.871320326,87.41448983,87.41448983,87.41448983,87.41448983,29.45039652,29.45039652,29.45039652,29.45039652,3.358014081,3.358014081,3.358014081,3.358014081,2055.988801,,2055.988801,2055.988801,2055.988801,1864.25,1864.25,1864.25,1864.25,1841.879,1841.879,1841.879,1841.879,0.919033913,0.919033913,0.919033913,0.919033913,19205.17429,19205.17429,19205.17429,19205.17429,1864.25,1864.25,1864.25,1864.25,1,1,1,1,0,0,0,0,0,0,0,0,0.000260655,0.000260655,0.000260655,0.000260655,1864.25,1864.25,1864.25,1864.25,0.819090224,0.819090224,0.819090224,0.819090224,0,0,0,0,0.975817139,0.975817139,0.975817139,0.975817139,0.193506386,0.193506386,0.193506386,0.193506386,0.821655928,0.821655928,0.821655928,0.821655928,0.821655928,0.821655928,0.821655928,0.821655928
30.31524986,reserve_go_around,195.8624274,63.50538471,150,150.4347123,1941.994988,1.094209507,0.083331182,0.048460088,0.031371094,369672.9916,76660.48171,28153.00661,37696.1543,12.78228665,7457,0,0,0,7457,,0.326373421,0.326454766,0.016525881,8.13E-05,0.326373421,0.326373421,0.326373421,601.6548057,601.6548057,601.6548057,601.6548057,3384.756915,3384.756915,3384.756915,3384.756915,2.865022884,2.865022884,2.865022884,2.865022884,87.41448983,87.41448983,87.41448983,87.41448983,30.22104388,30.22104388,30.22104388,30.22104388,3.350832389,3.350832389,3.350832389,3.350832389,2055.988801,,2055.988801,2055.988801,2055.988801,1864.25,1864.25,1864.25,1864.25,1841.879,1841.879,1841.879,1841.879,0.919033913,0.919033913,0.919033913,0.919033913,19165.12043,19165.12043,19165.12043,19165.12043,1864.25,1864.25,1864.25,1864.25,1,1,1,1,0,0,0,0,0,0,0,0,0.000258763,0.000258763,0.000258763,0.000258763,1864.25,1864.25,1864.25,1864.25,0.819090224,0.819090224,0.819090224,0.819090224,0,0,0,0,0.977903644,0.977903644,0.977903644,0.977903644,0.194334787,0.194334787,0.194334787,0.194334787,0.821695514,0.821695514,0.821695514,0.821695514,0.821695514,0.821695514,0.821695514,0.821695514
30.390309,reserve_go_around,341.5289255,63.69224584,150,150.7562641,1939.384773,1.094209507,0.08333574,0.048464637,0.031371102,369672.9916,76500.78576,28154.54624,37696.1543,12.73763682,7457,0,0,0,7457,,0.319702183,0.319798449,0.016075206,9.63E-05,0.319702183,0.319702183,0.319702183,600.3663498,600.3663498,600.3663498,600.3663498,3486.431667,3486.431667,3486.431667,3486.431667,2.85888738,2.85888738,2.85888738,2.85888738,87.41448983,87.41448983,87.41448983,87.41448983,31.12885417,31.12885417,31.12885417,31.12885417,3.343512023,3.343512023,3.343512023,3.343512023,2055.988801,,2055.988801,2055.988801,2055.988801,1864.25,1864.25,1864.25,1864.25,1841.879,1841.879,1841.879,1841.879,0.919033913,0.919033913,0.919033913,0.919033913,19125.19644,19125.19644,19125.19644,19125.19644,1864.25,1864.25,1864.25,1864.25,1,1,1,1,0,0,0,0,0,0,0,0,0.000256896,0.000256896,0.000256896,0.000256896,1864.25,1864.25,1864.25,1864.25,0.819090224,0.819090224,0.819090224,0.819090224,0,0,0,0,0.979993898,0.979993898,0.979993898,0.979993898,0.19516645,0.19516645,0.19516645,0.19516645,0.821736494,0.821736494,0.821736494,0.821736494,0.821736494,0.821736494,0.821736494,0.821736494
30.46536813,reserve_go_around,486.9987194,63.87951702,150,151.078391,1936.751965,1.094209507,0.083340294,0.048469183,0.031371111,369672.9916,76341.05055,28156.08485,37696.1543,12.69298214,7457,0,0,0,7457,,0.312830171,0.312929705,0.015568342,9.95E-05,0.312830171,0.312830171,0.312830171,598.7634569,598.7634569,598.7634569,598.7634569,3584.932923,3584.932923,3584.932923,3584.932923,2.851254557,2.851254557,2.851254557,2.851254557,87.41448983,87.41448983,87.41448983,87.41448983,32.00832967,32.00832967,32.00832967,32.00832967,3.335999314,3.335999314,3.335999314,3.335999314,2055.988801,,2055.988801,2055.988801,2055.988801,1864.25,1864.25,1864.25,1864.25,1841.879,1841.879,1841.879,1841.879,0.919033913,0.919033913,0.919033913,0.919033913,19085.26264,19085.26264,19085.26264,19085.26264,1864.25,1864.25,1864.25,1864.25,1,1,1,1,0,0,0,0,0,0,0,0,0.000255056,0.000255056,0.000255056,0.000255056,1864.25,1864.25,1864.25,1864.25,0.819090224,0.819090224,0.819090224,0.819090224,0,0,0,0,0.98208789,0.98208789,0.98208789,0.98208789,0.196001381,0.196001381,0.196001381,0.196001381,0.821772863,0.821772863,0.821772863,0.821772863,0.821772863,0.821772863,0.821772863,0.821772863
30.54042726,reserve_go_around,632.2705109,64.06719896,150,151.4010901,1934.108901,1.094209507,0.083344845,0.048473725,0.031371119,369672.9916,76181.57863,28157.62239,37696.1543,12.64840454,7457,0,0,0,7457,,0.305789999,0.305866353,0.015144332,7.64E-05,0.305789999,0.305789999,0.305789999,596.4828457,596.4828457,596.4828457,596.4828457,3659.56767,3659.56767,3659.56767,3659.56767,2.840394503,2.840394503,2.840394503,2.840394503,87.41448983,87.41448983,87.41448983,87.41448983,32.67471134,32.67471134,32.67471134,32.67471134,3.32809565,3.32809565,3.32809565,3.32809565,2055.988801,,2055.988801,2055.988801,2055.988801,1864.25,1864.25,1864.25,1864.25,1841.879,1841.879,1841.879,1841.879,0.919033913,0.919033913,0.919033913,0.919033913,19045.39466,19045.39466,19045.39466,19045.39466,1864.25,1864.25,1864.25,1864.25,1,1,1,1,0,0,0,0,0,0,0,0,0.000253242,0.000253242,0.000253242,0.000253242,1864.25,1864.25,1864.25,1864.25,0.819090224,0.819090224,0.819090224,0.819090224,0,0,0,0,0.984185601,0.984185601,0.984185601,0.984185601,0.196839582,0.196839582,0.196839582,0.196839582,0.821807845,0.821807845,0.821807845,0.821807845,0.821807845,0.821807845,0.821807845,0.821807845
30.6154864,reserve_go_around,777.3444844,64.25529235,150,151.724362,1931.495202,1.094209507,0.083349393,0.048478264,0.031371128,369672.9916,76023.3539,28159.15881,37696.1543,12.60416394,7457,0,0,0,7457,,0.298639336,0.298681201,0.014925951,4.19E-05,0.298639336,0.298639336,0.298639336,593.3108498,593.3108498,593.3108498,593.3108498,3698.287818,3698.287818,3698.287818,3698.287818,2.825289761,2.825289761,2.825289761,2.825289761,87.41448983,87.41448983,87.41448983,87.41448983,33.02042694,33.02042694,33.02042694,33.02042694,3.319578004,3.319578004,3.319578004,3.319578004,2055.988801,,2055.988801,2055.988801,2055.988801,1864.25,1864.25,1864.25,1864.25,1841.879,1841.879,1841.879,1841.879,0.919033913,0.919033913,0.919033913,0.919033913,19005.83847,19005.83847,19005.83847,19005.83847,1864.25,1864.25,1864.25,1864.25,1,1,1,1,0,0,0,0,0,0,0,0,0.000251454,0.000251454,0.000251454,0.000251454,1864.25,1864.25,1864.25,1864.25,0.819090224,0.819090224,0.819090224,0.819090224,0,0,0,0,0.986287036,0.986287036,0.986287036,0.986287036,0.197681064,0.197681064,0.197681064,0.197681064,0.821852078,0.821852078,0.821852078,0.821852078,0.821852078,0.821852078,0.821852078,0.821852078
30.69054553,reserve_go_around,922.2250903,64.44379778,150,152.0482165,1928.956498,1.094209507,0.083353937,0.0484828,0.031371137,369672.9916,75867.49509,28160.69413,37696.1543,12.56055652,7457,0,0,0,7457,,0.291439002,0.291455322,0.014969166,1.63E-05,0.291439002,0.291439002,0.291439002,589.4004323,589.4004323,589.4004323,589.4004323,3710.707135,3710.707135,3710.707135,3710.707135,2.806668725,2.806668725,2.806668725,2.806668725,87.41448983,87.41448983,87.41448983,87.41448983,33.13131371,33.13131371,33.13131371,33.13131371,3.310243542,3.310243542,3.310243542,3.310243542,2055.988801,,2055.988801,2055.988801,2055.988801,1864.25,1864.25,1864.25,1864.25,1841.879,1841.879,1841.879,1841.879,0.919033913,0.919033913,0.919033913,0.919033913,18966.87377,18966.87377,18966.87377,18966.87377,1864.25,1864.25,1864.25,1864.25,1,1,1,1,0,0,0,0,0,0,0,0,0.000249693,0.000249693,0.000249693,0.000249693,1864.25,1864.25,1864.25,1864.25,0.819090224,0.819090224,0.819090224,0.819090224,0,0,0,0,0.988392258,0.988392258,0.988392258,0.988392258,0.198525862,0.198525862,0.198525862,0.198525862,0.821917804,0.821917804,0.821917804,0.821917804,0.821917804,0.821917804,0.821917804,0.821917804
30.76560466,reserve_go_around,1066.919059,64.63271582,150,152.372669,1926.537132,1.094209507,0.083358478,0.048487332,0.031371146,369672.9916,75715.08092,28162.22838,37696.1543,12.51786701,7457,0,0,0,7457,,0.284220955,0.284230864,0.015199362,9.91E-06,0.284220955,0.284220955,0.284220955,585.2393091,585.2393091,585.2393091,585.2393091,3726.498367,3726.498367,3726.498367,3726.498367,2.786853853,2.786853853,2.786853853,2.786853853,87.41448983,87.41448983,87.41448983,87.41448983,33.27230685,33.27230685,33.27230685,33.27230685,3.30015988,3.30015988,3.30015988,3.30015988,2055.988801,,2055.988801,2055.988801,2055.988801,1864.25,1864.25,1864.25,1864.25,1841.879,1841.879,1841.879,1841.879,0.919033913,0.919033913,0.919033913,0.919033913,18928.77023,18928.77023,18928.77023,18928.77023,1864.25,1864.25,1864.25,1864.25,1,1,1,1,0,0,0,0,0,0,0,0,0.000247959,0.000247959,0.000247959,0.000247959,1864.25,1864.25,1864.25,1864.25,0.819090224,0.819090224,0.819090224,0.819090224,0,0,0,0,0.990501368,0.990501368,0.990501368,0.990501368,0.199374026,0.199374026,0.199374026,0.199374026,0.82201696,0.82201696,0.82201696,0.82201696,0.82201696,0.82201696,0.82201696,0.82201696
30.8406638,reserve_go_around,1211.437629,64.82204697,150,152.697745,1924.282867,1.094209507,0.083363017,0.048491861,0.031371155,369672.9916,75567.21648,28163.76163,37696.1543,12.47638607,7457,0,0,0,7457,,0.276939662,0.276982142,0.015427425,4.25E-05,0.276939662,0.276939662,0.276939662,581.3558399,581.3558399,581.3558399,581.3558399,3775.824867,3775.824867,3775.824867,3775.824867,2.768361142,2.768361142,2.768361142,2.768361142,87.41448983,87.41448983,87.41448983,87.41448983,33.71272203,33.71272203,33.71272203,33.71272203,3.28965014,3.28965014,3.28965014,3.28965014,2055.988801,,2055.988801,2055.988801,2055.988801,1864.25,1864.25,1864.25,1864.25,1841.879,1841.879,1841.879,1841.879,0.919033913,0.919033913,0.919033913,0.919033913,18891.80412,18891.80412,18891.80412,18891.80412,1864.25,1864.25,1864.25,1864.25,1,1,1,1,0,0,0,0,0,0,0,0,0.000246251,0.000246251,0.000246251,0.000246251,1864.25,1864.25,1864.25,1864.25,0.819090224,0.819090224,0.819090224,0.819090224,0,0,0,0,0.992614531,0.992614531,0.992614531,0.992614531,0.200225634,0.200225634,0.200225634,0.200225634,0.822161927,0.822161927,0.822161927,0.822161927,0.822161927,0.822161927,0.822161927,0.822161927
30.91572293,reserve_go_around,1355.79414,65.01179172,150,153.0234753,1922.212476,1.094209507,0.083367552,0.048496388,0.031371165,369672.9916,75424.3145,28165.29398,37696.1543,12.43622587,7457,0,0,0,7457,,0.269522649,0.269605031,0.015462679,8.24E-05,0.269522649,0.269522649,0.269522649,577.8296751,577.8296751,577.8296751,577.8296751,3858.875842,3858.875842,3858.875842,3858.875842,2.751569881,2.751569881,2.751569881,2.751569881,87.41448983,87.41448983,87.41448983,87.41448983,34.45424859,34.45424859,34.45424859,34.45424859,3.279117858,3.279117858,3.279117858,3.279117858,2055.988801,,2055.988801,2055.988801,2055.988801,1864.25,1864.25,1864.25,1864.25,1841.879,1841.879,1841.879,1841.879,0.919033913,0.919033913,0.919033913,0.919033913,18856.07863,18856.07863,18856.07863,18856.07863,1864.25,1864.25,1864.25,1864.25,1,1,1,1,0,0,0,0,0,0,0,0,0.00024457,0.00024457,0.00024457,0.00024457,1864.25,1864.25,1864.25,1864.25,0.819090224,0.819090224,0.819090224,0.819090224,0,0,0,0,0.994731946,0.994731946,0.994731946,0.994731946,0.201080775,0.201080775,0.201080775,0.201080775,0.822357666,0.822357666,0.822357666,0.822357666,0.822357666,0.822357666,0.822357666,0.822357666
30.99078206,reserve_go_around,1500,65.20195065,150,153.3498864,1920.268679,1.094209507,0.083372085,0.048500912,0.031371174,369672.9916,75284.95427,28166.82552,37696.1543,12.3970044,7457,0,0,0,7457,,0.261954612,0.26202669,0.015311551,7.21E-05,0.261954612,0.261954612,0.261954612,574.0682523,574.0682523,574.0682523,574.0682523,3931.317827,3931.317827,3931.317827,3931.317827,2.733658344,2.733658344,2.733658344,2.733658344,87.41448983,87.41448983,87.41448983,87.41448983,35.10105203,35.10105203,35.10105203,35.10105203,3.269274076,3.269274076,3.269274076,3.269274076,2055.988801,,2055.988801,2055.988801,2055.988801,1864.25,1864.25,1864.25,1864.25,1841.879,1841.879,1841.879,1841.879,0.919033913,0.919033913,0.919033913,0.919033913,18821.23857,18821.23857,18821.23857,18821.23857,1864.25,1864.25,1864.25,1864.25,1,1,1,1,0,0,0,0,0,0,0,0,0.000242916,0.000242916,0.000242916,0.000242916,1864.25,1864.25,1864.25,1864.25,0.819090224,0.819090224,0.819090224,0.819090224,0,0,0,0,0.996853788,0.996853788,0.996853788,0.996853788,0.201939532,0.201939532,0.201939532,0.201939532,0.822589122,0.822589122,0.822589122,0.822589122,0.822589122,0.822589122,0.822589122,0.822589122
30.99078206,reserve_climb,1500,65.20195065,180,184.0198636,998.7877311,0.759867713,0.043016523,0.026428263,0.013088259,369672.9916,41618.59052,20927.3882,37696.1543,5.362186005,1000,3488,1255.042499,0,4488,,0.261954612,0.261954612,0.01525925,0,0.261954612,0.261954612,0.261954612,672.5862836,672.5862836,672.5862836,672.5862836,401.2778193,401.2778193,401.2778193,401.2778193,3.202791827,3.202791827,3.202791827,3.202791827,12.2298334,12.2298334,12.2298334,12.2298334,3.582837672,3.582837672,3.582837672,3.582837672,3.269274076,3.269274076,3.269274076,3.269274076,287.6456816,,287.6456816,287.6456816,287.6456816,1122,1122,1122,1122,1103.410096,1103.410096,1103.410096,1103.410096,0.961,0.961,0.961,0.961,10404.64763,10404.64763,10404.64763,10404.64763,1122,1122,1122,1122,0.60185061,0.60185061,0.60185061,0.60185061,872,872,872,872,0.999070628,0.999070628,0.999070628,0.999070628,329.8209539,329.8209539,329.8209539,329.8209539,250,250,250,250,0.109841789,0.109841789,0.109841789,0.109841789,313.7606246,313.7606246,313.7606246,313.7606246,1.358567926,1.358567926,1.358567926,1.358567926,0.177216089,0.177216089,0.177216089,0.177216089,0.882018594,0.882018594,0.882018594,0.882018594,0.882018594,0.882018594,0.882018594,0.882018594
31.67642408,reserve_climb,2181.573192,67.31249923,180,185.8878815,988.7955961,0.759580083,0.043031111,0.026455136,0.013075975,369533.0606,41227.31039,20934.4853,37681.88531,5.257231984,1000,3488,1242.34319,14.26898558,4488,,0.254818157,0.254834195,0.018555753,1.60E-05,0.254818157,0.254818157,0.254818157,670.1963852,670.1963852,670.1963852,670.1963852,404.8038652,404.8038652,404.8038652,404.8038652,3.191411358,3.191411358,3.191411358,3.191411358,12.2298334,12.2298334,12.2298334,12.2298334,3.614320225,3.614320225,3.614320225,3.614320225,3.25882628,3.25882628,3.25882628,3.25882628,287.6456816,,287.6456816,287.6456816,287.6456816,1122,1122,1122,1122,1103.410096,1103.410096,1103.410096,1103.410096,0.961,0.961,0.961,0.961,10306.8276,10306.8276,10306.8276,10306.8276,1122,1122,1122,1122,0.60185061,0.60185061,0.60185061,0.60185061,872,872,872,872,0.999070628,0.999070628,0.999070628,0.999070628,329.8122359,329.8122359,329.8122359,329.8122359,250,250,250,250,0.109841789,0.109841789,0.109841789,0.109841789,310.5857976,310.5857976,310.5857976,310.5857976,1.372358987,1.372358987,1.372358987,1.372358987,0.180832253,0.180832253,0.180832253,0.180832253,0.882322129,0.882322129,0.882322129,0.882322129,0.882322129,0.882322129,0.882322129,0.882322129
32.3620661,reserve_climb,2856.269842,69.44453332,180,187.7646352,978.2137851,0.759295344,0.043046207,0.026482382,0.013063824,369394.536,40831.30009,20941.82936,37667.75973,5.149509585,1000,3488,1229.94405,28.39456657,4488,,0.247527658,0.247635172,0.018652172,0.000107514,0.247527658,0.247527658,0.247527658,667.6526589,667.6526589,667.6526589,667.6526589,418.640433,418.640433,418.640433,418.640433,3.179298375,3.179298375,3.179298375,3.179298375,12.2298334,12.2298334,12.2298334,12.2298334,3.737861009,3.737861009,3.737861009,3.737861009,3.246443269,3.246443269,3.246443269,3.246443269,287.6456816,,287.6456816,287.6456816,287.6456816,1122,1122,1122,1122,1103.410096,1103.410096,1103.410096,1103.410096,0.961,0.961,0.961,0.961,10207.82502,10207.82502,10207.82502,10207.82502,1122,1122,1122,1122,0.60185061,0.60185061,0.60185061,0.60185061,872,872,872,872,0.999070628,0.999070628,0.999070628,0.999070628,329.8743486,329.8743486,329.8743486,329.8743486,250,250,250,250,0.109841789,0.109841789,0.109841789,0.109841789,307.4860125,307.4860125,307.4860125,307.4860125,1.386214542,1.386214542,1.386214542,1.386214542,0.184502108,0.184502108,0.184502108,0.184502108,0.88238091,0.88238091,0.88238091,0.88238091,0.88238091,0.88238091,0.88238091,0.88238091
33.04770813,reserve_climb,3523.916563,71.59814696,180,189.6493243,968.4996461,0.759013409,0.043061762,0.026509957,0.013051804,369257.3757,40460.07559,20949.39681,37653.77327,5.047055584,1000,3488,1218.022914,42.38102696,4488,,0.239899376,0.240099152,0.017963454,0.000199776,0.239899376,0.239899376,0.239899376,664.8323448,664.8323448,664.8323448,664.8323448,440.9265816,440.9265816,440.9265816,440.9265816,3.165868309,3.165868309,3.165868309,3.165868309,12.2298334,12.2298334,12.2298334,12.2298334,3.936844479,3.936844479,3.936844479,3.936844479,3.23153014,3.23153014,3.23153014,3.23153014,287.6456816,,287.6456816,287.6456816,287.6456816,1122,1122,1122,1122,1103.410096,1103.410096,1103.410096,1103.410096,0.961,0.961,0.961,0.961,10115.0189,10115.0189,10115.0189,10115.0189,1122,1122,1122,1122,0.60185061,0.60185061,0.60185061,0.60185061,872,872,872,872,0.999070628,0.999070628,0.999070628,0.999070628,330.0368762,330.0368762,330.0368762,330.0368762,250,250,250,250,0.109841789,0.109841789,0.109841789,0.109841789,304.5057285,304.5057285,304.5057285,304.5057285,1.400128682,1.400128682,1.400128682,1.400128682,0.18822458,0.18822458,0.18822458,0.18822458,0.882849722,0.882849722,0.882849722,0.882849722,0.882849722,0.882849722,0.882849722,0.882849722
33.73335015,reserve_climb,4185.077649,73.77343178,180,191.5432366,959.6735896,0.758734166,0.043077756,0.026537846,0.013039909,369121.5249,40112.33694,20957.17778,37639.92035,4.950184038,1000,3488,1206.572322,56.23394869,4488,,0.231887936,0.232075416,0.016678797,0.00018748,0.231887936,0.231887936,0.231887936,661.657579,661.657579,661.657579,661.657579,461.8268018,461.8268018,461.8268018,461.8268018,3.150750376,3.150750376,3.150750376,3.150750376,12.2298334,12.2298334,12.2298334,12.2298334,4.123453588,4.123453588,4.123453588,4.123453588,3.216035887,3.216035887,3.216035887,3.216035887,287.6456816,,287.6456816,287.6456816,287.6456816,1122,1122,1122,1122,1103.410096,1103.410096,1103.410096,1103.410096,0.961,0.961,0.961,0.961,10028.08423,10028.08423,10028.08423,10028.08423,1122,1122,1122,1122,0.60185061,0.60185061,0.60185061,0.60185061,872,872,872,872,0.99906208,0.99906208,0.99906208,0.99906208,330.2545298,330.2545298,330.2545298,330.2545298,250,250,250,250,0.109841789,0.109841789,0.109841789,0.109841789,301.6430804,301.6430804,301.6430804,301.6430804,1.414110915,1.414110915,1.414110915,1.414110915,0.19200272,0.19200272,0.19200272,0.19200272,0.883724363,0.883724363,0.883724363,0.883724363,0.883724363,0.883724363,0.883724363,0.883724363
34.41899217,reserve_climb,4838.647508,75.97048566,180,193.4428544,947.0981245,0.758457508,0.043094096,0.02656596,0.013028136,368986.9315,39698.8636,20965.12735,37626.19565,4.835557841,1000,3488,1195.592868,69.95865246,4488,,0.22359145,0.223693116,0.015832726,0.000101666,0.22359145,0.22359145,0.22359145,658.1951074,658.1951074,658.1951074,658.1951074,471.7922356,471.7922356,471.7922356,471.7922356,3.134262416,3.134262416,3.134262416,3.134262416,12.2298334,12.2298334,12.2298334,12.2298334,4.212430675,4.212430675,4.212430675,4.212430675,3.200556032,3.200556032,3.200556032,3.200556032,287.6456816,,287.6456816,287.6456816,287.6456816,1122,1122,1122,1122,1103.410096,1103.410096,1103.410096,1103.410096,0.961,0.961,0.961,0.961,9924.7159,9924.7159,9924.7159,9924.7159,1122,1122,1122,1122,0.60185061,0.60185061,0.60185061,0.60185061,872,872,872,872,0.99906208,0.99906208,0.99906208,0.99906208,330.4993678,330.4993678,330.4993678,330.4993678,250,250,250,250,0.109841789,0.109841789,0.109841789,0.109841789,298.8982169,298.8982169,298.8982169,298.8982169,1.428135269,1.428135269,1.428135269,1.428135269,0.195829954,0.195829954,0.195829954,0.195829954,0.88295315,0.88295315,0.88295315,0.88295315,0.88295315,0.88295315,0.88295315,0.88295315
35.10463419,reserve_climb,5483.912906,78.18935687,180,195.3456266,936.0940569,0.758183317,0.043110703,0.026594225,0.013016478,368853.5387,39324.38494,20973.20645,37612.59336,4.731159875,1000,3488,1185.146726,83.56093715,4488,,0.215197637,0.2152198,0.015737616,2.22E-05,0.215197637,0.215197637,0.215197637,654.7711326,654.7711326,654.7711326,654.7711326,472.7967531,472.7967531,472.7967531,472.7967531,3.117957774,3.117957774,3.117957774,3.117957774,12.2298334,12.2298334,12.2298334,12.2298334,4.221399581,4.221399581,4.221399581,4.221399581,3.18593352,3.18593352,3.18593352,3.18593352,287.6456816,,287.6456816,287.6456816,287.6456816,1122,1122,1122,1122,1103.410096,1103.410096,1103.410096,1103.410096,0.961,0.961,0.961,0.961,9831.096235,9831.096235,9831.096235,9831.096235,1122,1122,1122,1122,0.60185061,0.60185061,0.60185061,0.60185061,872,872,872,872,0.99906208,0.99906208,0.99906208,0.99906208,330.7082269,330.7082269,330.7082269,330.7082269,250,250,250,250,0.109841789,0.109841789,0.109841789,0.109841789,296.2866815,296.2866815,296.2866815,296.2866815,1.442182912,1.442182912,1.442182912,1.442182912,0.199701406,0.199701406,0.199701406,0.199701406,0.882918239,0.882918239,0.882918239,0.882918239,0.882918239,0.882918239,0.882918239,0.882918239
35.79027621,reserve_climb,6123.13975,80.43009705,180,197.2578429,928.4915573,0.757911453,0.043127625,0.026622695,0.01300493,368721.2779,39019.68769,20981.4393,37599.10651,4.646186394,1000,3488,1175.433691,97.04778621,4488,,0.206803985,0.206808162,0.016102656,4.18E-06,0.206803985,0.206803985,0.206803985,651.7626473,651.7626473,651.7626473,651.7626473,473.9714414,473.9714414,473.9714414,473.9714414,3.103631654,3.103631654,3.103631654,3.103631654,12.2298334,12.2298334,12.2298334,12.2298334,4.231887869,4.231887869,4.231887869,4.231887869,3.172973704,3.172973704,3.172973704,3.172973704,287.6456816,,287.6456816,287.6456816,287.6456816,1122,1122,1122,1122,1103.410096,1103.410096,1103.410096,1103.410096,0.961,0.961,0.961,0.961,9754.921924,9754.921924,9754.921924,9754.921924,1122,1122,1122,1122,0.60185061,0.60185061,0.60185061,0.60185061,872,872,872,872,0.99906208,0.99906208,0.99906208,0.99906208,330.8372857,330.8372857,330.8372857,330.8372857,250,250,250,250,0.109841789,0.109841789,0.109841789,0.109841789,293.8584228,293.8584228,293.8584228,293.8584228,1.456300278,1.456300278,1.456300278,1.456300278,0.203630251,0.203630251,0.203630251,0.203630251,0.884400359,0.884400359,0.884400359,0.884400359,0.884400359,0.884400359,0.884400359,0.884400359
36.47591823,reserve_climb,6754.486331,82.6927927,180,199.1736163,913.3071035,0.757641735,0.04314473,0.026651244,0.012993485,368590.0608,38581.71911,20989.76057,37585.7261,4.52608051,1000,3488,1166.5191,110.4282029,4488,,0.198352017,0.198393666,0.016385607,4.16E-05,0.198352017,0.198352017,0.198352017,649.2820107,649.2820107,649.2820107,649.2820107,479.3697233,479.3697233,479.3697233,479.3697233,3.091819098,3.091819098,3.091819098,3.091819098,12.2298334,12.2298334,12.2298334,12.2298334,4.280086815,4.280086815,4.280086815,4.280086815,3.161914141,3.161914141,3.161914141,3.161914141,287.6456816,,287.6456816,287.6456816,287.6456816,1122,1122,1122,1122,1103.410096,1103.410096,1103.410096,1103.410096,0.961,0.961,0.961,0.961,9645.429777,9645.429777,9645.429777,9645.429777,1122,1122,1122,1122,0.60185061,0.60185061,0.60185061,0.60185061,872,872,872,872,0.999059578,0.999059578,0.999059578,0.999059578,330.9881586,330.9881586,330.9881586,330.9881586,250,250,250,250,0.109841789,0.109841789,0.109841789,0.109841789,291.6297751,291.6297751,291.6297751,291.6297751,1.470443904,1.470443904,1.470443904,1.470443904,0.207604783,0.207604783,0.207604783,0.207604783,0.882600332,0.882600332,0.882600332,0.882600332,0.882600332,0.882600332,0.882600332,0.882600332
37.16156025,reserve_climb,7379.648941,84.977489,180,201.0976954,910.0990223,0.757373973,0.04316204,0.026679904,0.012982135,368459.7958,38371.15194,20998.18171,37572.44276,4.468160729,1000,3488,1158.422727,123.7115405,4488,,0.189776378,0.189845908,0.016377014,6.95E-05,0.189776378,0.189776378,0.189776378,647.2120317,647.2120317,647.2120317,647.2120317,487.1923914,487.1923914,487.1923914,487.1923914,3.081962056,3.081962056,3.081962056,3.081962056,12.2298334,12.2298334,12.2298334,12.2298334,4.349932066,4.349932066,4.349932066,4.349932066,3.152465108,3.152465108,3.152465108,3.152465108,287.6456816,,287.6456816,287.6456816,287.6456816,1122,1122,1122,1122,1103.410096,1103.410096,1103.410096,1103.410096,0.961,0.961,0.961,0.961,9592.787984,9592.787984,9592.787984,9592.787984,1122,1122,1122,1122,0.60185061,0.60185061,0.60185061,0.60185061,872,872,872,872,0.999059578,0.999059578,0.999059578,0.999059578,331.2598459,331.2598459,331.2598459,331.2598459,250,250,250,250,0.109841789,0.109841789,0.109841789,0.109841789,289.6056816,289.6056816,289.6056816,289.6056816,1.48464885,1.48464885,1.48464885,1.48464885,0.211635211,0.211635211,0.211635211,0.211635211,0.886064214,0.886064214,0.886064214,0.886064214,0.886064214,0.886064214,0.886064214,0.886064214
37.84720227,reserve_climb,8000,87.28429999,180,203.0340947,898.5649728,0.757107999,0.043179567,0.026708694,0.012970874,368330.4002,38016.58137,21006.70878,37559.24808,4.371637221,1000,3488,1151.002789,136.9062229,4488,,0.181062687,0.181131462,0.016207851,6.88E-05,0.181062687,0.181062687,0.181062687,645.243982,645.243982,645.243982,645.243982,494.9299113,494.9299113,494.9299113,494.9299113,3.07259039,3.07259039,3.07259039,3.07259039,12.2298334,12.2298334,12.2298334,12.2298334,4.419017065,4.419017065,4.419017065,4.419017065,3.143456056,3.143456056,3.143456056,3.143456056,287.6456816,,287.6456816,287.6456816,287.6456816,1122,1122,1122,1122,1103.410096,1103.410096,1103.410096,1103.410096,0.961,0.961,0.961,0.961,9504.145342,9504.145342,9504.145342,9504.145342,1122,1122,1122,1122,0.60185061,0.60185061,0.60185061,0.60185061,872,872,872,872,0.999059578,0.999059578,0.999059578,0.999059578,331.6919171,331.6919171,331.6919171,331.6919171,250,250,250,250,0.109841789,0.109841789,0.109841789,0.109841789,287.7506973,287.7506973,287.7506973,287.7506973,1.498944752,1.498944752,1.498944752,1.498944752,0.215730567,0.215730567,0.215730567,0.215730567,0.885992287,0.885992287,0.885992287,0.885992287,0.885992287,0.885992287,0.885992287,0.885992287
37.84720227,reserve_cruise,8000,87.28429999,170,191.7544228,0,0.848799277,0.047527676,0.026843559,0.017184117,368330.3996,20624.29608,20624.29653,37559.24808,0,0,2321.962373,891.1937056,136.9062229,2321.962373,,0.181062687,0.181062687,0.016036522,0,0.181062687,0.181062687,0.181062687,658.7950797,658.7950797,658.7950797,658.7950797,46.79385372,46.79385372,46.79385372,46.79385372,3.137119427,3.137119427,3.137119427,3.137119427,1.169217687,1.169217687,1.169217687,1.169217687,0.417802265,0.417802265,0.417802265,0.417802265,3.143456056,3.143456056,3.143456056,3.143456056,27.5,,27.5,27.5,27.5,580.4905933,580.4905933,580.4905933,580.4905933,565.7342408,565.7342408,565.7342408,565.7342408,0.829,0.829,0.829,0.829,5156.07402,5156.07402,5156.07402,5156.07402,580.4905933,580.4905933,580.4905933,580.4905933,0.31138023,0.31138023,0.31138023,0.31138023,580.4905933,580.4905933,580.4905933,580.4905933,0.665074183,0.665074183,0.665074183,0.665074183,193.5841577,193.5841577,193.5841577,193.5841577,0,0,0,0,0,0,0,0,222.7984264,222.7984264,222.7984264,222.7984264,1.513420645,1.513420645,1.513420645,1.513420645,,,,,0.882967997,0.882967997,0.882967997,0.882967997,0.882967997,0.882967997,0.882967997,0.882967997
39.33522331,reserve_cruise,8000,92.03987691,170,191.7544228,0,0.848299862,0.047503123,0.026843559,0.017159564,368113.6816,20613.64175,20613.64176,37537.14895,0,0,2320.882966,890.9689255,159.0053515,2320.882966,,0.179258145,0.179260662,0.015166573,2.52E-06,0.179258145,0.179258145,0.179258145,658.4240056,658.4240056,658.4240056,658.4240056,46.92266543,46.92266543,46.92266543,46.92266543,3.135352408,3.135352408,3.135352408,3.135352408,1.169217687,1.169217687,1.169217687,1.169217687,0.41895237,0.41895237,0.41895237,0.41895237,3.141667694,3.141667694,3.141667694,3.141667694,27.5,,27.5,27.5,27.5,580.2207416,580.2207416,580.2207416,580.2207416,565.4661377,565.4661377,565.4661377,565.4661377,0.829,0.829,0.829,0.829,5153.410436,5153.410436,5153.410436,5153.410436,580.2207416,580.2207416,580.2207416,580.2207416,0.311235479,0.311235479,0.311235479,0.311235479,580.2207416,580.2207416,580.2207416,580.2207416,0.664765011,0.664765011,0.664765011,0.664765011,193.451703,193.451703,193.451703,193.451703,0,0,0,0,0,0,0,0,222.7422314,222.7422314,222.7422314,222.7422314,1.513420645,1.513420645,1.513420645,1.513420645,,,,,0.882936063,0.882936063,0.882936063,0.882936063,0.882936063,0.882936063,0.882936063,0.882936063
40.82324435,reserve_cruise,8000,96.79545383,170,191.7544228,0,0.847800572,0.047478593,0.026843559,0.017135034,367897.0184,20602.99778,20602.99728,37515.05539,0,0,2319.804559,890.7443642,181.0989082,2319.804559,,0.177448865,0.17745116,0.015073997,2.30E-06,0.177448865,0.177448865,0.177448865,658.0424341,658.0424341,658.0424341,658.0424341,47.03994042,47.03994042,47.03994042,47.03994042,3.1335354,3.1335354,3.1335354,3.1335354,1.169217687,1.169217687,1.169217687,1.169217687,0.419999468,0.419999468,0.419999468,0.419999468,3.139833244,3.139833244,3.139833244,3.139833244,27.5,,27.5,27.5,27.5,579.9511397,579.9511397,579.9511397,579.9511397,565.1982865,565.1982865,565.1982865,565.1982865,0.829,0.829,0.829,0.829,5150.749445,5150.749445,5150.749445,5150.749445,579.9511397,579.9511397,579.9511397,579.9511397,0.311090862,0.311090862,0.311090862,0.311090862,579.9511397,579.9511397,579.9511397,579.9511397,0.664456125,0.664456125,0.664456125,0.664456125,193.3194045,193.3194045,193.3194045,193.3194045,0,0,0,0,0,0,0,0,222.686091,222.686091,222.686091,222.686091,1.513420645,1.513420645,1.513420645,1.513420645,,,,,0.88290414,0.88290414,0.88290414,0.88290414,0.88290414,0.88290414,0.88290414,0.88290414
42.31126539,reserve_cruise,8000,101.5510308,170,191.7544228,0,0.847301408,0.047454087,0.026843559,0.017110528,367680.4097,20592.36417,20592.3631,37492.9674,0,0,2318.727087,890.5200085,203.1868983,2318.727087,,0.175635331,0.175637363,0.014994885,2.03E-06,0.175635331,0.175635331,0.175635331,657.6478773,657.6478773,657.6478773,657.6478773,47.14229245,47.14229245,47.14229245,47.14229245,3.131656559,3.131656559,3.131656559,3.131656559,1.169217687,1.169217687,1.169217687,1.169217687,0.420913325,0.420913325,0.420913325,0.420913325,3.137942364,3.137942364,3.137942364,3.137942364,27.5,,27.5,27.5,27.5,579.6817719,579.6817719,579.6817719,579.6817719,564.9306715,564.9306715,564.9306715,564.9306715,0.829,0.829,0.829,0.829,5148.091043,5148.091043,5148.091043,5148.091043,579.6817719,579.6817719,579.6817719,579.6817719,0.310946371,0.310946371,0.310946371,0.310946371,579.6817719,579.6817719,579.6817719,579.6817719,0.664147507,0.664147507,0.664147507,0.664147507,193.1872541,193.1872541,193.1872541,193.1872541,0,0,0,0,0,0,0,0,222.6300021,222.6300021,222.6300021,222.6300021,1.513420645,1.513420645,1.513420645,1.513420645,,,,,0.882872252,0.882872252,0.882872252,0.882872252,0.882872252,0.882872252,0.882872252,0.882872252
43.79928643,reserve_cruise,8000,106.3066077,170,191.7544228,0,0.84680237,0.047429605,0.026843559,0.017086046,367463.8556,20581.74091,20581.7392,37470.88497,0,0,2317.650488,890.2958449,225.2693267,2317.650488,,0.173818225,0.173819887,0.014933729,1.66E-06,0.173818225,0.173818225,0.173818225,657.2380508,657.2380508,657.2380508,657.2380508,47.22544203,47.22544203,47.22544203,47.22544203,3.129705004,3.129705004,3.129705004,3.129705004,1.169217687,1.169217687,1.169217687,1.169217687,0.421655732,0.421655732,0.421655732,0.421655732,3.135985967,3.135985967,3.135985967,3.135985967,27.5,,27.5,27.5,27.5,579.4126221,579.4126221,579.4126221,579.4126221,564.6632767,564.6632767,564.6632767,564.6632767,0.829,0.829,0.829,0.829,5145.435228,5145.435228,5145.435228,5145.435228,579.4126221,579.4126221,579.4126221,579.4126221,0.310801997,0.310801997,0.310801997,0.310801997,579.4126221,579.4126221,579.4126221,579.4126221,0.66383914,0.66383914,0.66383914,0.66383914,193.0552437,193.0552437,193.0552437,193.0552437,0,0,0,0,0,0,0,0,222.5739612,222.5739612,222.5739612,222.5739612,1.513420645,1.513420645,1.513420645,1.513420645,,,,,0.882840425,0.882840425,0.882840425,0.882840425,0.882840425,0.882840425,0.882840425,0.882840425
45.28730747,reserve_cruise,8000,111.0621846,170,191.7544228,0,0.846303457,0.047405146,0.026843559,0.017061587,367247.3561,20571.12798,20571.12558,37448.8081,0,0,2316.574695,890.0718597,247.346198,2316.574695,,0.17199835,0.171999579,0.01489595,1.23E-06,0.17199835,0.17199835,0.17199835,656.8107651,656.8107651,656.8107651,656.8107651,47.28415972,47.28415972,47.28415972,47.28415972,3.12767031,3.12767031,3.12767031,3.12767031,1.169217687,1.169217687,1.169217687,1.169217687,0.422179997,0.422179997,0.422179997,0.422179997,3.133955734,3.133955734,3.133955734,3.133955734,27.5,,27.5,27.5,27.5,579.1436738,579.1436738,579.1436738,579.1436738,564.3960859,564.3960859,564.3960859,564.3960859,0.829,0.829,0.829,0.829,5142.781995,5142.781995,5142.781995,5142.781995,579.1436738,579.1436738,579.1436738,579.1436738,0.31065773,0.31065773,0.31065773,0.31065773,579.1436738,579.1436738,579.1436738,579.1436738,0.663531003,0.663531003,0.663531003,0.663531003,192.9233649,192.9233649,192.9233649,192.9233649,0,0,0,0,0,0,0,0,222.5179649,222.5179649,222.5179649,222.5179649,1.513420645,1.513420645,1.513420645,1.513420645,,,,,0.882808686,0.882808686,0.882808686,0.882808686,0.882808686,0.882808686,0.882808686,0.882808686
46.7753285,reserve_cruise,8000,115.8177615,170,191.7544228,0,0.84580467,0.047380712,0.026843559,0.017037152,367030.9109,20560.52536,20560.52223,37426.73678,0,0,2315.499641,889.8480388,269.4175165,2315.499641,,0.170176806,0.170177444,0.014888019,6.38E-07,0.170176806,0.170176806,0.170176806,656.3641353,656.3641353,656.3641353,656.3641353,47.31219713,47.31219713,47.31219713,47.31219713,3.125543501,3.125543501,3.125543501,3.125543501,1.169217687,1.169217687,1.169217687,1.169217687,0.422430332,0.422430332,0.422430332,0.422430332,3.131845126,3.131845126,3.131845126,3.131845126,27.5,,27.5,27.5,27.5,578.8749102,578.8749102,578.8749102,578.8749102,564.1290823,564.1290823,564.1290823,564.1290823,0.829,0.829,0.829,0.829,5140.131341,5140.131341,5140.131341,5140.131341,578.8749102,578.8749102,578.8749102,578.8749102,0.310513563,0.310513563,0.310513563,0.310513563,578.8749102,578.8749102,578.8749102,578.8749102,0.663223077,0.663223077,0.663223077,0.663223077,192.7916092,192.7916092,192.7916092,192.7916092,0,0,0,0,0,0,0,0,222.4620097,222.4620097,222.4620097,222.4620097,1.513420645,1.513420645,1.513420645,1.513420645,,,,,0.882777063,0.882777063,0.882777063,0.882777063,0.882777063,0.882777063,0.882777063,0.882777063
48.26334954,reserve_cruise,8000,120.5733384,170,191.7544228,0,0.845306008,0.0473563,0.026843559,0.017012741,366814.5202,20549.93305,20549.92914,37404.67101,0,0,2314.425257,889.624368,291.483286,2314.425257,,0.168354862,0.16835482,0.014917547,-4.23E-08,0.168354862,0.168354862,0.168354862,655.8964365,655.8964365,655.8964365,655.8964365,47.30235341,47.30235341,47.30235341,47.30235341,3.123316364,3.123316364,3.123316364,3.123316364,1.169217687,1.169217687,1.169217687,1.169217687,0.422342441,0.422342441,0.422342441,0.422342441,3.129648669,3.129648669,3.129648669,3.129648669,27.5,,27.5,27.5,27.5,578.6063144,578.6063144,578.6063144,578.6063144,563.862249,563.862249,563.862249,563.862249,0.829,0.829,0.829,0.829,5137.483262,5137.483262,5137.483262,5137.483262,578.6063144,578.6063144,578.6063144,578.6063144,0.310369486,0.310369486,0.310369486,0.310369486,578.6063144,578.6063144,578.6063144,578.6063144,0.662915344,0.662915344,0.662915344,0.662915344,192.659968,192.659968,192.659968,192.659968,0,0,0,0,0,0,0,0,222.406092,222.406092,222.406092,222.406092,1.513420645,1.513420645,1.513420645,1.513420645,,,,,0.882745582,0.882745582,0.882745582,0.882745582,0.882745582,0.882745582,0.882745582,0.882745582
49.75137058,reserve_cruise,8000,125.3289154,170,191.7544228,0,0.844807472,0.047331913,0.026843559,0.016988354,366598.1839,20539.35101,20539.34631,37382.61079,0,0,2313.351475,889.4008328,313.5435101,2313.351475,,0.166534181,0.166533255,0.014993295,-9.26E-07,0.166534181,0.166534181,0.166534181,655.4063861,655.4063861,655.4063861,655.4063861,47.24662019,47.24662019,47.24662019,47.24662019,3.120982791,3.120982791,3.120982791,3.120982791,1.169217687,1.169217687,1.169217687,1.169217687,0.421844823,0.421844823,0.421844823,0.421844823,3.127363223,3.127363223,3.127363223,3.127363223,27.5,,27.5,27.5,27.5,578.3378689,578.3378689,578.3378689,578.3378689,563.5955687,563.5955687,563.5955687,563.5955687,0.829,0.829,0.829,0.829,5134.837752,5134.837752,5134.837752,5134.837752,578.3378689,578.3378689,578.3378689,578.3378689,0.31022549,0.31022549,0.31022549,0.31022549,578.3378689,578.3378689,578.3378689,578.3378689,0.662607784,0.662607784,0.662607784,0.662607784,192.5284325,192.5284325,192.5284325,192.5284325,0,0,0,0,0,0,0,0,222.3502082,222.3502082,222.3502082,222.3502082,1.513420645,1.513420645,1.513420645,1.513420645,,,,,0.882714272,0.882714272,0.882714272,0.882714272,0.882714272,0.882714272,0.882714272,0.882714272
51.23939162,reserve_cruise,8000,130.0844923,170,191.7544228,0,0.844309061,0.047307549,0.026843559,0.01696399,366381.902,20528.77923,20528.77372,37360.55611,0,0,2312.278225,889.1774185,335.5981921,2312.278225,,0.164716639,0.16471472,0.015125069,-1.92E-06,0.164716639,0.164716639,0.164716639,654.892968,654.892968,654.892968,654.892968,47.13647401,47.13647401,47.13647401,47.13647401,3.118537943,3.118537943,3.118537943,3.118537943,1.169217687,1.169217687,1.169217687,1.169217687,0.420861375,0.420861375,0.420861375,0.420861375,3.124987034,3.124987034,3.124987034,3.124987034,27.5,,27.5,27.5,27.5,578.0695562,578.0695562,578.0695562,578.0695562,563.329024,563.329024,563.329024,563.329024,0.829,0.829,0.829,0.829,5132.194807,5132.194807,5132.194807,5132.194807,578.0695562,578.0695562,578.0695562,578.0695562,0.310081564,0.310081564,0.310081564,0.310081564,578.0695562,578.0695562,578.0695562,578.0695562,0.662300375,0.662300375,0.662300375,0.662300375,192.396994,192.396994,192.396994,192.396994,0,0,0,0,0,0,0,0,222.2943546,222.2943546,222.2943546,222.2943546,1.513420645,1.513420645,1.513420645,1.513420645,,,,,0.882683161,0.882683161,0.882683161,0.882683161,0.882683161,0.882683161,0.882683161,0.882683161
52.72741266,reserve_cruise,8000,134.8400692,170,191.7544228,0,0.843810775,0.047283208,0.026843559,0.016939649,366165.6743,20518.21768,20518.21137,37338.50697,0,0,2311.205434,888.9541104,357.6473345,2311.205434,,0.16290455,0.16290142,0.015323551,-3.13E-06,0.16290455,0.16290455,0.16290455,654.3557999,654.3557999,654.3557999,654.3557999,46.9633952,46.9633952,46.9633952,46.9633952,3.115979999,3.115979999,3.115979999,3.115979999,1.169217687,1.169217687,1.169217687,1.169217687,0.419316029,0.419316029,0.419316029,0.419316029,3.122521256,3.122521256,3.122521256,3.122521256,27.5,,27.5,27.5,27.5,577.8013586,577.8013586,577.8013586,577.8013586,563.0625975,563.0625975,563.0625975,563.0625975,0.829,0.829,0.829,0.829,5129.554421,5129.554421,5129.554421,5129.554421,577.8013586,577.8013586,577.8013586,577.8013586,0.309937701,0.309937701,0.309937701,0.309937701,577.8013586,577.8013586,577.8013586,577.8013586,0.661993098,0.661993098,0.661993098,0.661993098,192.2656435,192.2656435,192.2656435,192.2656435,0,0,0,0,0,0,0,0,222.2385276,222.2385276,222.2385276,222.2385276,1.513420645,1.513420645,1.513420645,1.513420645,,,,,0.882652276,0.882652276,0.882652276,0.882652276,0.882652276,0.882652276,0.882652276,0.882652276
52.72741266,reserve_descent,8000,134.8400692,180,203.0340947,-1379.575712,0.752658366,0.042990131,0.026708694,0.012781437,366165.6693,-5042.35499,20914.54872,37338.50697,-6.714724491,0,46.81207256,390.9695738,357.6473345,46.81207256,,0.16290455,0.16290455,0.015599824,0,0.16290455,0.16290455,0.16290455,654.3557999,654.3557999,654.3557999,654.3557999,46.9633952,46.9633952,46.9633952,46.9633952,3.115979999,3.115979999,3.115979999,3.115979999,1.169217687,1.169217687,1.169217687,1.169217687,0.419316029,0.419316029,0.419316029,0.419316029,3.122521256,3.122521256,3.122521256,3.122521256,27.5,,27.5,27.5,27.5,11.70301814,11.70301814,11.70301814,11.70301814,2.763633012,2.763633012,2.763633012,2.763633012,0.829,0.829,0.829,0.829,-1260.588748,-1260.588748,-1260.588748,-1260.588748,11.70301814,11.70301814,11.70301814,11.70301814,0.006277601,0.006277601,0.006277601,0.006277601,11.70301814,11.70301814,11.70301814,11.70301814,0,0,0,0,9.64E-05,9.64E-05,9.64E-05,9.64E-05,0,0,0,0,0,0,0,0,97.74239344,97.74239344,97.74239344,97.74239344,1.602445389,1.602445389,1.602445389,1.602445389,0.000660158,0.000660158,0.000660158,0.000660158,0.3,0.3,0.3,0.3,0.3,0.3,0.3,0.3
53.22073759,reserve_descent,7322.664833,136.4969648,180,200.9211848,-1366.447955,0.752592949,0.042955826,0.026677277,0.012778549,366133.8441,-5044.732514,20897.85955,37335.2617,-6.720830212,0,44.16353937,398.4395411,360.8926031,44.16353937,,0.162305414,0.162304959,0.015599824,-4.55E-07,0.162305414,0.162305414,0.162305414,654.1724559,654.1724559,654.1724559,654.1724559,46.89073333,46.89073333,46.89073333,46.89073333,3.115106933,3.115106933,3.115106933,3.115106933,1.169217687,1.169217687,1.169217687,1.169217687,0.418667262,0.418667262,0.418667262,0.418667262,3.121684402,3.121684402,3.121684402,3.121684402,27.5,,27.5,27.5,27.5,11.04088484,11.04088484,11.04088484,11.04088484,2.525902493,2.525902493,2.525902493,2.525902493,0.829,0.829,0.829,0.829,-1261.183128,-1261.183128,-1261.183128,-1261.183128,11.04088484,11.04088484,11.04088484,11.04088484,0.005922427,0.005922427,0.005922427,0.005922427,11.04088484,11.04088484,11.04088484,11.04088484,0,0,0,0,0.000100185,0.000100185,0.000100185,0.000100185,0,0,0,0,0,0,0,0,99.60988527,99.60988527,99.60988527,99.60988527,1.58576926,1.58576926,1.58576926,1.58576926,0.000590878,0.000590878,0.000590878,0.000590878,0.299999998,0.299999998,0.299999998,0.299999998,0.299999998,0.299999998,0.299999998,0.299999998
53.71406252,reserve_descent,6651.750436,138.1367328,180,198.860014,-1353.623635,0.75252629,0.04292219,0.026646571,0.012775619,366101.4151,-5047.523397,20881.49574,37331.95486,-6.726327865,0,41.036154,405.9455776,364.1994387,41.036154,,0.161707257,0.16170675,0.015710494,-5.07E-07,0.161707257,0.161707257,0.161707257,653.9865228,653.9865228,653.9865228,653.9865228,46.81001649,46.81001649,46.81001649,46.81001649,3.114221537,3.114221537,3.114221537,3.114221537,1.169217687,1.169217687,1.169217687,1.169217687,0.417946576,0.417946576,0.417946576,0.417946576,3.120838181,3.120838181,3.120838181,3.120838181,27.5,,27.5,27.5,27.5,10.2590385,10.2590385,10.2590385,10.2590385,2.25720492,2.25720492,2.25720492,2.25720492,0.829,0.829,0.829,0.829,-1261.880849,-1261.880849,-1261.880849,-1261.880849,10.2590385,10.2590385,10.2590385,10.2590385,0.005503038,0.005503038,0.005503038,0.005503038,10.2590385,10.2590385,10.2590385,10.2590385,0,0,0,0,0.000103766,0.000103766,0.000103766,0.000103766,0,0,0,0,0,0,0,0,101.4863944,101.4863944,101.4863944,101.4863944,1.569501481,1.569501481,1.569501481,1.569501481,0.000517244,0.000517244,0.000517244,0.000517244,0.299999999,0.299999999,0.299999999,0.299999999,0.299999999,0.299999999,0.299999999,0.299999999
54.20738745,reserve_descent,5987.151629,139.7597934,180,196.848744,-1341.073192,0.752458387,0.042889246,0.026616601,0.012772645,366068.3803,-5050.368382,20865.46852,37328.58624,-6.731408262,0,37.75447043,413.4548225,367.5680548,37.75447043,,0.161110183,0.161109624,0.015831314,-5.59E-07,0.161110183,0.161110183,0.161110183,653.7980255,653.7980255,653.7980255,653.7980255,46.72100739,46.72100739,46.72100739,46.72100739,3.113323931,3.113323931,3.113323931,3.113323931,1.169217687,1.169217687,1.169217687,1.169217687,0.417151852,0.417151852,0.417151852,0.417151852,3.119982781,3.119982781,3.119982781,3.119982781,27.5,,27.5,27.5,27.5,9.438617607,9.438617607,9.438617607,9.438617607,1.989386952,1.989386952,1.989386952,1.989386952,0.829,0.829,0.829,0.829,-1262.592095,-1262.592095,-1262.592095,-1262.592095,9.438617607,9.438617607,9.438617607,9.438617607,0.005062957,0.005062957,0.005062957,0.005062957,9.438617607,9.438617607,9.438617607,9.438617607,0,0,0,0,0.000107247,0.000107247,0.000107247,0.000107247,0,0,0,0,0,0,0,0,103.3637056,103.3637056,103.3637056,103.3637056,1.553627545,1.553627545,1.553627545,1.553627545,0.000446698,0.000446698,0.000446698,0.000446698,0.299999997,0.299999997,0.299999997,0.299999997,0.299999997,0.299999997,0.299999997,0.299999997
54.70071238,reserve_descent,5328.740412,141.3665465,180,194.8855464,-1328.789126,0.752389242,0.04285701,0.026587383,0.012769627,366034.7416,-5053.296172,20849.78607,37325.15605,-6.736317405,0,34.25522493,420.9241647,370.9982484,34.25522493,,0.1605143,0.160513686,0.015962654,-6.13E-07,0.1605143,0.1605143,0.1605143,653.6069981,653.6069981,653.6069981,653.6069981,46.62349496,46.62349496,46.62349496,46.62349496,3.112414277,3.112414277,3.112414277,3.112414277,1.169217687,1.169217687,1.169217687,1.169217687,0.416281205,0.416281205,0.416281205,0.416281205,3.119118428,3.119118428,3.119118428,3.119118428,27.5,,27.5,27.5,27.5,8.563806232,8.563806232,8.563806232,8.563806232,1.719941693,1.719941693,1.719941693,1.719941693,0.829,0.829,0.829,0.829,-1263.324043,-1263.324043,-1263.324043,-1263.324043,8.563806232,8.563806232,8.563806232,8.563806232,0.004593701,0.004593701,0.004593701,0.004593701,8.563806232,8.563806232,8.563806232,8.563806232,0,0,0,0,0.000110895,0.000110895,0.000110895,0.000110895,0,0,0,0,0,0,0,0,105.2310412,105.2310412,105.2310412,105.2310412,1.53813302,1.53813302,1.53813302,1.53813302,0.000378532,0.000378532,0.000378532,0.000378532,0.299999998,0.299999998,0.299999998,0.299999998,0.299999998,0.299999998,0.299999998,0.299999998
55.19403731,reserve_descent,4676.375499,142.9573815,180,192.968631,-1316.766912,0.752318866,0.042825495,0.026558931,0.012766565,366000.5039,-5056.385794,20834.45403,37321.66477,-6.74128012,0,30.39464595,428.3345104,374.4895253,30.39464595,,0.159919716,0.159919048,0.016104863,-6.69E-07,0.159919716,0.159919716,0.159919716,653.4134808,653.4134808,653.4134808,653.4134808,46.51729685,46.51729685,46.51729685,46.51729685,3.111492766,3.111492766,3.111492766,3.111492766,1.169217687,1.169217687,1.169217687,1.169217687,0.415333008,0.415333008,0.415333008,0.415333008,3.118245362,3.118245362,3.118245362,3.118245362,27.5,,27.5,27.5,27.5,7.598661489,7.598661489,7.598661489,7.598661489,1.442213444,1.442213444,1.442213444,1.442213444,0.829,0.829,0.829,0.829,-1264.096448,-1264.096448,-1264.096448,-1264.096448,7.598661489,7.598661489,7.598661489,7.598661489,0.004075988,0.004075988,0.004075988,0.004075988,7.598661489,7.598661489,7.598661489,7.598661489,0,0,0,0,0.000114949,0.000114949,0.000114949,0.000114949,0,0,0,0,0,0,0,0,107.0836276,107.0836276,107.0836276,107.0836276,1.523003776,1.523003776,1.523003776,1.523003776,0.000311195,0.000311195,0.000311195,0.000311195,0.3,0.3,0.3,0.3,0.3,0.3,0.3,0.3
55.68736224,reserve_descent,4029.901364,144.5326685,180,191.0962417,-1304.997301,0.752247254,0.042794706,0.02653125,0.012763456,365965.6651,-5059.620522,20819.4753,37318.11221,-6.746407949,0,26.10255504,435.8329412,378.0420929,26.10255504,,0.159326545,0.15932582,0.01625827,-7.25E-07,0.159326545,0.159326545,0.159326545,653.2175234,653.2175234,653.2175234,653.2175234,46.40226522,46.40226522,46.40226522,46.40226522,3.110559635,3.110559635,3.110559635,3.110559635,1.169217687,1.169217687,1.169217687,1.169217687,0.414305939,0.414305939,0.414305939,0.414305939,3.117363853,3.117363853,3.117363853,3.117363853,27.5,,27.5,27.5,27.5,6.525638759,6.525638759,6.525638759,6.525638759,1.157809052,1.157809052,1.157809052,1.157809052,0.829,0.829,0.829,0.829,-1264.90513,-1264.90513,-1264.90513,-1264.90513,6.525638759,6.525638759,6.525638759,6.525638759,0.00350041,0.00350041,0.00350041,0.00350041,6.525638759,6.525638759,6.525638759,6.525638759,0,0,0,0,0.000119502,0.000119502,0.000119502,0.000119502,0,0,0,0,0,0,0,0,108.9582353,108.9582353,108.9582353,108.9582353,1.508225955,1.508225955,1.508225955,1.508225955,0.000245003,0.000245003,0.000245003,0.000245003,0.299999997,0.299999997,0.299999997,0.299999997,0.299999997,0.299999997,0.299999997,0.299999997
56.18068717,reserve_descent,3389.162331,146.092768,180,189.2666958,-1293.464382,0.75217439,0.042764645,0.026504344,0.012760302,365930.2169,-5062.825044,20804.85071,37314.4975,-6.751721229,0,21.49441447,443.4578826,381.6568025,21.49441447,,0.1587349,0.158734118,0.016423173,-7.82E-07,0.1587349,0.1587349,0.1587349,653.0191818,653.0191818,653.0191818,653.0191818,46.27828922,46.27828922,46.27828922,46.27828922,3.109615152,3.109615152,3.109615152,3.109615152,1.169217687,1.169217687,1.169217687,1.169217687,0.413199011,0.413199011,0.413199011,0.413199011,3.116474189,3.116474189,3.116474189,3.116474189,27.5,,27.5,27.5,27.5,5.373603617,5.373603617,5.373603617,5.373603617,0.881403455,0.881403455,0.881403455,0.881403455,0.829,0.829,0.829,0.829,-1265.706261,-1265.706261,-1265.706261,-1265.706261,5.373603617,5.373603617,5.373603617,5.373603617,0.002882448,0.002882448,0.002882448,0.002882448,5.373603617,5.373603617,5.373603617,5.373603617,0,0,0,0,0.000124494,0.000124494,0.000124494,0.000124494,0,0,0,0,0,0,0,0,110.8644706,110.8644706,110.8644706,110.8644706,1.493786275,1.493786275,1.493786275,1.493786275,0.000182959,0.000182959,0.000182959,0.000182959,0.3,0.3,0.3,0.3,0.3,0.3,0.3,0.3
56.6740121,reserve_descent,2754.014076,147.6380228,180,187.4784122,-1282.158057,0.752100251,0.042735311,0.026478212,0.012757098,365894.1485,-5065.91745,20790.57959,37310.81955,-6.757138006,0,16.56679273,451.2158405,385.3347518,16.56679273,,0.158144894,0.158144055,0.016599839,-8.39E-07,0.158144894,0.158144894,0.158144894,652.8185218,652.8185218,652.8185218,652.8185218,46.14530014,46.14530014,46.14530014,46.14530014,3.108659627,3.108659627,3.108659627,3.108659627,1.169217687,1.169217687,1.169217687,1.169217687,0.412011608,0.412011608,0.412011608,0.412011608,3.115576682,3.115576682,3.115576682,3.115576682,27.5,,27.5,27.5,27.5,4.141698183,4.141698183,4.141698183,4.141698183,0.619456434,0.619456434,0.619456434,0.619456434,0.829,0.829,0.829,0.829,-1266.479362,-1266.479362,-1266.479362,-1266.479362,4.141698183,4.141698183,4.141698183,4.141698183,0.002221643,0.002221643,0.002221643,0.002221643,4.141698183,4.141698183,4.141698183,4.141698183,0,0,0,0,0.000129855,0.000129855,0.000129855,0.000129855,0,0,0,0,0,0,0,0,112.8039601,112.8039601,112.8039601,112.8039601,1.479672256,1.479672256,1.479672256,1.479672256,0.000126166,0.000126166,0.000126166,0.000126166,0.3,0.3,0.3,0.3,0.3,0.3,0.3,0.3
57.16733703,reserve_descent,2124.324435,149.1687671,180,185.7299075,-1271.060131,0.752024802,0.042706698,0.026452853,0.012753845,365857.4428,-5068.624728,20776.65983,37307.0766,-6.762455931,0,11.6619687,459.5005707,389.0776959,11.6619687,,0.157556645,0.157555748,0.016788493,-8.97E-07,0.157556645,0.157556645,0.157556645,652.6156155,652.6156155,652.6156155,652.6156155,46.00327191,46.00327191,46.00327191,46.00327191,3.107693407,3.107693407,3.107693407,3.107693407,1.169217687,1.169217687,1.169217687,1.169217687,0.410743499,0.410743499,0.410743499,0.410743499,3.114671661,3.114671661,3.114671661,3.114671661,27.5,,27.5,27.5,27.5,2.915492175,2.915492175,2.915492175,2.915492175,0.393716174,0.393716174,0.393716174,0.393716174,0.829,0.829,0.829,0.829,-1267.156182,-1267.156182,-1267.156182,-1267.156182,2.915492175,2.915492175,2.915492175,2.915492175,0.001563895,0.001563895,0.001563895,0.001563895,2.915492175,2.915492175,2.915492175,2.915492175,0,0,0,0,0.000135545,0.000135545,0.000135545,0.000135545,0,0,0,0,0,0,0,0,114.8751427,114.8751427,114.8751427,114.8751427,1.465872194,1.465872194,1.465872194,1.465872194,7.87E-05,7.87E-05,7.87E-05,7.87E-05,0.3,0.3,0.3,0.3,0.3,0.3,0.3,0.3
57.66066196,reserve_descent,1500,150.6853204,180,184.0198636,-1260.161009,0.751947853,0.042678797,0.026428263,0.012750533,365820.0073,-5070.787998,20763.08563,37303.25925,-6.767341639,0,7.111945214,469.3154833,392.8950484,7.111945214,,0.156970266,0.156969311,0.016989323,-9.55E-07,0.156970266,0.156970266,0.156970266,652.4105445,652.4105445,652.4105445,652.4105445,45.85222476,45.85222476,45.85222476,45.85222476,3.106716878,3.106716878,3.106716878,3.106716878,1.169217687,1.169217687,1.169217687,1.169217687,0.409394864,0.409394864,0.409394864,0.409394864,3.11375948,3.11375948,3.11375948,3.11375948,27.5,,27.5,27.5,27.5,1.777986304,1.777986304,1.777986304,1.777986304,0.215945907,0.215945907,0.215945907,0.215945907,0.829,0.829,0.829,0.829,-1267.697,-1267.697,-1267.697,-1267.697,1.777986304,1.777986304,1.777986304,1.777986304,0.000953727,0.000953727,0.000953727,0.000953727,1.777986304,1.777986304,1.777986304,1.777986304,0,0,0,0,0.00014166,0.00014166,0.00014166,0.00014166,0,0,0,0,0,0,0,0,117.3288708,117.3288708,117.3288708,117.3288708,1.452375683,1.452375683,1.452375683,1.452375683,4.24E-05,4.24E-05,4.24E-05,4.24E-05,0.3,0.3,0.3,0.3,0.3,0.3,0.3,0.3
57.66066196,reserve_circuit,1500,150.6853204,155,158.4615492,0,1.014073289,0.056646482,0.026874248,0.026272234,365820.0124,20437.48827,20434.83157,37303.25925,0,0,2034.842922,942.4808841,392.8950484,2034.842922,,0.156970266,0.156970266,0.017202468,0,0.156970266,0.156970266,0.156970266,652.4105445,652.4105445,652.4105445,652.4105445,45.85222476,45.85222476,45.85222476,45.85222476,3.106716878,3.106716878,3.106716878,3.106716878,1.169217687,1.169217687,1.169217687,1.169217687,0.409394864,0.409394864,0.409394864,0.409394864,3.11375948,3.11375948,3.11375948,3.11375948,27.5,,27.5,27.5,27.5,508.7107304,508.7107304,508.7107304,508.7107304,494.4249663,494.4249663,494.4249663,494.4249663,0.829,0.829,0.829,0.829,5109.372068,5109.372068,5109.372068,5109.372068,508.7107304,508.7107304,508.7107304,508.7107304,0.272876884,0.272876884,0.272876884,0.272876884,508.7107304,508.7107304,508.7107304,508.7107304,0.582844785,0.582844785,0.582844785,0.582844785,201.3802186,201.3802186,201.3802186,201.3802186,0,0,0,0,0,0,0,0,235.620221,235.620221,235.620221,235.620221,1.250656838,1.250656838,1.250656838,1.250656838,,,,,0.825733195,0.825733195,0.825733195,0.825733195,0.825733195,0.825733195,0.825733195,0.825733195
57.96066196,reserve_circuit,1500,151.4776282,155,158.4615492,0,1.013945193,0.056638693,0.026874248,0.026264445,365773.8027,20434.63975,20432.02176,37298.54699,0,0,2034.568225,942.4252986,397.6073139,2034.568225,,0.156614642,0.156614271,0.017202468,-3.71E-07,0.156614642,0.156614642,0.156614642,652.2848157,652.2848157,652.2848157,652.2848157,45.7559864,45.7559864,45.7559864,45.7559864,3.10611817,3.10611817,3.10611817,3.10611817,1.169217687,1.169217687,1.169217687,1.169217687,0.408535593,0.408535593,0.408535593,0.408535593,3.113201421,3.113201421,3.113201421,3.113201421,27.5,,27.5,27.5,27.5,508.6420562,508.6420562,508.6420562,508.6420562,494.3562372,494.3562372,494.3562372,494.3562372,0.829,0.829,0.829,0.829,5108.659936,5108.659936,5108.659936,5108.659936,508.6420562,508.6420562,508.6420562,508.6420562,0.272840046,0.272840046,0.272840046,0.272840046,508.6420562,508.6420562,508.6420562,508.6420562,0.582766103,0.582766103,0.582766103,0.582766103,201.3498265,201.3498265,201.3498265,201.3498265,0,0,0,0,0,0,0,0,235.6063247,235.6063247,235.6063247,235.6063247,1.250656838,1.250656838,1.250656838,1.250656838,,,,,0.825733281,0.825733281,0.825733281,0.825733281,0.825733281,0.825733281,0.825733281,0.825733281
58.26066196,reserve_circuit,1500,152.2699359,155,158.4615492,0,1.013817105,0.056630906,0.026874248,0.026256658,365727.5957,20431.79202,20429.21253,37293.835,0,0,2034.293405,942.3697012,402.3193014,2034.293405,,0.156259778,0.156259394,0.017338149,-3.84E-07,0.156259778,0.156259778,0.156259778,652.1583404,652.1583404,652.1583404,652.1583404,45.65646006,45.65646006,45.65646006,45.65646006,3.105515906,3.105515906,3.105515906,3.105515906,1.169217687,1.169217687,1.169217687,1.169217687,0.407646965,0.407646965,0.407646965,0.407646965,3.112640936,3.112640936,3.112640936,3.112640936,27.5,,27.5,27.5,27.5,508.5733511,508.5733511,508.5733511,508.5733511,494.2874755,494.2874755,494.2874755,494.2874755,0.829,0.829,0.829,0.829,5107.948005,5107.948005,5107.948005,5107.948005,508.5733511,508.5733511,508.5733511,508.5733511,0.272803192,0.272803192,0.272803192,0.272803192,508.5733511,508.5733511,508.5733511,508.5733511,0.582687386,0.582687386,0.582687386,0.582687386,201.3194234,201.3194234,201.3194234,201.3194234,0,0,0,0,0,0,0,0,235.5924253,235.5924253,235.5924253,235.5924253,1.250656838,1.250656838,1.250656838,1.250656838,,,,,0.825733457,0.825733457,0.825733457,0.825733457,0.825733457,0.825733457,0.825733457,0.825733457
58.56066196,reserve_circuit,1500,153.0622437,155,158.4615492,0,1.013689024,0.05662312,0.026874248,0.026248872,365681.3914,20428.94508,20426.40388,37289.12329,0,0,2034.018458,942.3140913,407.0310109,2034.018458,,0.155905699,0.155905302,0.017478431,-3.97E-07,0.155905699,0.155905699,0.155905699,652.0311408,652.0311408,652.0311408,652.0311408,45.55367592,45.55367592,45.55367592,45.55367592,3.104910194,3.104910194,3.104910194,3.104910194,1.169217687,1.169217687,1.169217687,1.169217687,0.406729249,0.406729249,0.406729249,0.406729249,3.112078114,3.112078114,3.112078114,3.112078114,27.5,,27.5,27.5,27.5,508.5046146,508.5046146,508.5046146,508.5046146,494.2186806,494.2186806,494.2186806,494.2186806,0.829,0.829,0.829,0.829,5107.236271,5107.236271,5107.236271,5107.236271,508.5046146,508.5046146,508.5046146,508.5046146,0.272766321,0.272766321,0.272766321,0.272766321,508.5046146,508.5046146,508.5046146,508.5046146,0.582608632,0.582608632,0.582608632,0.582608632,201.2890092,201.2890092,201.2890092,201.2890092,0,0,0,0,0,0,0,0,235.5785228,235.5785228,235.5785228,235.5785228,1.250656838,1.250656838,1.250656838,1.250656838,,,,,0.825733724,0.825733724,0.825733724,0.825733724,0.825733724,0.825733724,0.825733724,0.825733724
58.86066196,reserve_circuit,1500,153.8545514,155,158.4615492,0,1.013560951,0.056615336,0.026874248,0.026241088,365635.1898,20426.09893,20423.59581,37284.41186,0,0,2033.743384,942.2584686,411.7424423,2033.743384,,0.155552431,0.155552022,0.01762332,-4.09E-07,0.155552431,0.155552431,0.155552431,651.9032405,651.9032405,651.9032405,651.9032405,45.44767101,45.44767101,45.44767101,45.44767101,3.104301145,3.104301145,3.104301145,3.104301145,1.169217687,1.169217687,1.169217687,1.169217687,0.405782777,0.405782777,0.405782777,0.405782777,3.111513046,3.111513046,3.111513046,3.111513046,27.5,,27.5,27.5,27.5,508.4358459,508.4358459,508.4358459,508.4358459,494.1498519,494.1498519,494.1498519,494.1498519,0.829,0.829,0.829,0.829,5106.524732,5106.524732,5106.524732,5106.524732,508.4358459,508.4358459,508.4358459,508.4358459,0.272729433,0.272729433,0.272729433,0.272729433,508.4358459,508.4358459,508.4358459,508.4358459,0.582529842,0.582529842,0.582529842,0.582529842,201.2585835,201.2585835,201.2585835,201.2585835,0,0,0,0,0,0,0,0,235.5646172,235.5646172,235.5646172,235.5646172,1.250656838,1.250656838,1.250656838,1.250656838,,,,,0.825734081,0.825734081,0.825734081,0.825734081,0.825734081,0.825734081,0.825734081,0.825734081
59.16066196,reserve_circuit,1500,154.6468592,155,158.4615492,0,1.013432885,0.056607554,0.026874248,0.026233306,365588.9909,20423.25354,20420.78832,37279.7007,0,0,2033.468179,942.2028325,416.4535955,2033.468179,,0.155199998,0.155199576,0.017772811,-4.22E-07,0.155199998,0.155199998,0.155199998,651.7746639,651.7746639,651.7746639,651.7746639,45.33848892,45.33848892,45.33848892,45.33848892,3.103688876,3.103688876,3.103688876,3.103688876,1.169217687,1.169217687,1.169217687,1.169217687,0.404807937,0.404807937,0.404807937,0.404807937,3.110945825,3.110945825,3.110945825,3.110945825,27.5,,27.5,27.5,27.5,508.3670447,508.3670447,508.3670447,508.3670447,494.080989,494.080989,494.080989,494.080989,0.829,0.829,0.829,0.829,5105.813386,5105.813386,5105.813386,5105.813386,508.3670447,508.3670447,508.3670447,508.3670447,0.272692528,0.272692528,0.272692528,0.272692528,508.3670447,508.3670447,508.3670447,508.3670447,0.582451015,0.582451015,0.582451015,0.582451015,201.228146,201.228146,201.228146,201.228146,0,0,0,0,0,0,0,0,235.5507081,235.5507081,235.5507081,235.5507081,1.250656838,1.250656838,1.250656838,1.250656838,,,,,0.825734531,0.825734531,0.825734531,0.825734531,0.825734531,0.825734531,0.825734531,0.825734531
59.46066196,reserve_circuit,1500,155.4391669,155,158.4615492,0,1.013304827,0.056599773,0.026874248,0.026225525,365542.7947,20420.40892,20417.98141,37274.98983,0,0,2033.192841,942.1471826,421.1644706,2033.192841,,0.154848425,0.154847991,0.017926895,-4.34E-07,0.154848425,0.154848425,0.154848425,651.6454365,651.6454365,651.6454365,651.6454365,45.2261801,45.2261801,45.2261801,45.2261801,3.103073507,3.103073507,3.103073507,3.103073507,1.169217687,1.169217687,1.169217687,1.169217687,0.403805179,0.403805179,0.403805179,0.403805179,3.110376547,3.110376547,3.110376547,3.110376547,27.5,,27.5,27.5,27.5,508.2982103,508.2982103,508.2982103,508.2982103,494.0120912,494.0120912,494.0120912,494.0120912,0.829,0.829,0.829,0.829,5105.102229,5105.102229,5105.102229,5105.102229,508.2982103,508.2982103,508.2982103,508.2982103,0.272655604,0.272655604,0.272655604,0.272655604,508.2982103,508.2982103,508.2982103,508.2982103,0.582372149,0.582372149,0.582372149,0.582372149,201.1976966,201.1976966,201.1976966,201.1976966,0,0,0,0,0,0,0,0,235.5367957,235.5367957,235.5367957,235.5367957,1.250656838,1.250656838,1.250656838,1.250656838,,,,,0.825735073,0.825735073,0.825735073,0.825735073,0.825735073,0.825735073,0.825735073,0.825735073
59.76066196,reserve_circuit,1500,156.2314746,155,158.4615492,0,1.013176776,0.056591993,0.026874248,0.026217745,365496.6012,20417.56504,20415.17508,37270.27923,0,0,2032.917369,942.0915185,425.8750673,2032.917369,,0.154497736,0.15449729,0.018085552,-4.46E-07,0.154497736,0.154497736,0.154497736,651.5155845,651.5155845,651.5155845,651.5155845,45.11080157,45.11080157,45.11080157,45.11080157,3.102455164,3.102455164,3.102455164,3.102455164,1.169217687,1.169217687,1.169217687,1.169217687,0.402775014,0.402775014,0.402775014,0.402775014,3.109805307,3.109805307,3.109805307,3.109805307,27.5,,27.5,27.5,27.5,508.2293422,508.2293422,508.2293422,508.2293422,493.943158,493.943158,493.943158,493.943158,0.829,0.829,0.829,0.829,5104.391261,5104.391261,5104.391261,5104.391261,508.2293422,508.2293422,508.2293422,508.2293422,0.272618663,0.272618663,0.272618663,0.272618663,508.2293422,508.2293422,508.2293422,508.2293422,0.582293245,0.582293245,0.582293245,0.582293245,201.1672351,201.1672351,201.1672351,201.1672351,0,0,0,0,0,0,0,0,235.5228796,235.5228796,235.5228796,235.5228796,1.250656838,1.250656838,1.250656838,1.250656838,,,,,0.825735709,0.825735709,0.825735709,0.825735709,0.825735709,0.825735709,0.825735709,0.825735709
60.06066196,reserve_circuit,1500,157.0237824,155,158.4615492,0,1.013048732,0.056584216,0.026874248,0.026209968,365450.4104,20414.72191,20412.36933,37265.56891,0,0,2032.641759,942.0358397,430.5853857,2032.641759,,0.154147955,0.154147497,0.018248756,-4.58E-07,0.154147955,0.154147955,0.154147955,651.3851354,651.3851354,651.3851354,651.3851354,44.99241714,44.99241714,44.99241714,44.99241714,3.101833978,3.101833978,3.101833978,3.101833978,1.169217687,1.169217687,1.169217687,1.169217687,0.40171801,0.40171801,0.40171801,0.40171801,3.109231981,3.109231981,3.109231981,3.109231981,27.5,,27.5,27.5,27.5,508.1604399,508.1604399,508.1604399,508.1604399,493.8741888,493.8741888,493.8741888,493.8741888,0.829,0.829,0.829,0.829,5103.680478,5103.680478,5103.680478,5103.680478,508.1604399,508.1604399,508.1604399,508.1604399,0.272581703,0.272581703,0.272581703,0.272581703,508.1604399,508.1604399,508.1604399,508.1604399,0.582214301,0.582214301,0.582214301,0.582214301,201.136761,201.136761,201.136761,201.136761,0,0,0,0,0,0,0,0,235.5089599,235.5089599,235.5089599,235.5089599,1.250656838,1.250656838,1.250656838,1.250656838,,,,,0.825736437,0.825736437,0.825736437,0.825736437,0.825736437,0.825736437,0.825736437,0.825736437
60.36066196,reserve_circuit,1500,157.8160901,155,158.4615492,0,1.012920696,0.05657644,0.026874248,0.026202192,365404.2223,20411.87951,20409.56416,37260.85887,0,0,2032.366011,941.9801458,435.2954257,2032.366011,,0.153799104,0.153798635,0.01841591,-4.69E-07,0.153799104,0.153799104,0.153799104,651.2541174,651.2541174,651.2541174,651.2541174,44.8710971,44.8710971,44.8710971,44.8710971,3.101210083,3.101210083,3.101210083,3.101210083,1.169217687,1.169217687,1.169217687,1.169217687,0.400634796,0.400634796,0.400634796,0.400634796,3.108655131,3.108655131,3.108655131,3.108655131,27.5,,27.5,27.5,27.5,508.0915028,508.0915028,508.0915028,508.0915028,493.8051833,493.8051833,493.8051833,493.8051833,0.829,0.829,0.829,0.829,5102.969878,5102.969878,5102.969878,5102.969878,508.0915028,508.0915028,508.0915028,508.0915028,0.272544725,0.272544725,0.272544725,0.272544725,508.0915028,508.0915028,508.0915028,508.0915028,0.582135318,0.582135318,0.582135318,0.582135318,201.1062743,201.1062743,201.1062743,201.1062743,0,0,0,0,0,0,0,0,235.4950365,235.4950365,235.4950365,235.4950365,1.250656838,1.250656838,1.250656838,1.250656838,,,,,0.82573726,0.82573726,0.82573726,0.82573726,0.82573726,0.82573726,0.82573726,0.82573726
60.66066196,reserve_circuit,1500,158.6083979,155,158.4615492,0,1.012792668,0.056568665,0.026874248,0.026194417,365358.037,20409.03784,20406.75957,37256.14911,0,0,2032.090122,941.9244365,440.0051872,2032.090122,,0.153451206,0.153450726,0.01858313,-4.80E-07,0.153451206,0.153451206,0.153451206,651.1225596,651.1225596,651.1225596,651.1225596,44.74691838,44.74691838,44.74691838,44.74691838,3.100583617,3.100583617,3.100583617,3.100583617,1.169217687,1.169217687,1.169217687,1.169217687,0.399526057,0.399526057,0.399526057,0.399526057,3.1080746,3.1080746,3.1080746,3.1080746,27.5,,27.5,27.5,27.5,508.0225306,508.0225306,508.0225306,508.0225306,493.7361409,493.7361409,493.7361409,493.7361409,0.829,0.829,0.829,0.829,5102.259461,5102.259461,5102.259461,5102.259461,508.0225306,508.0225306,508.0225306,508.0225306,0.272507727,0.272507727,0.272507727,0.272507727,508.0225306,508.0225306,508.0225306,508.0225306,0.582056295,0.582056295,0.582056295,0.582056295,201.0757748,201.0757748,201.0757748,201.0757748,0,0,0,0,0,0,0,0,235.4811091,235.4811091,235.4811091,235.4811091,1.250656838,1.250656838,1.250656838,1.250656838,,,,,0.825738178,0.825738178,0.825738178,0.825738178,0.825738178,0.825738178,0.825738178,0.825738178
60.66066196,reserve_approach,1500,158.6083979,120,122.6799091,-650.2021159,1.6897461,0.178197942,0.111070152,0.06362779,365358.037,19408.71642,38530.07866,37256.14911,-5.235987756,0,1540.071587,843.8746585,440.0051872,1540.071587,,0.153451206,0.153451206,0.018749672,0,0.153451206,0.153451206,0.153451206,651.1225596,651.1225596,651.1225596,651.1225596,44.74691838,44.74691838,44.74691838,44.74691838,3.100583617,3.100583617,3.100583617,3.100583617,1.169217687,1.169217687,1.169217687,1.169217687,0.399526057,0.399526057,0.399526057,0.399526057,3.1080746,3.1080746,3.1080746,3.1080746,27.5,,27.5,27.5,27.5,385.0178967,385.0178967,385.0178967,385.0178967,369.5067514,369.5067514,369.5067514,369.5067514,0.829,0.829,0.829,0.829,4852.179106,4852.179106,4852.179106,4852.179106,385.0178967,385.0178967,385.0178967,385.0178967,0.206526966,0.206526966,0.206526966,0.206526966,385.0178967,385.0178967,385.0178967,385.0178967,0.441130977,0.441130977,0.441130977,0.441130977,207.6217535,207.6217535,207.6217535,207.6217535,0,0,0,0,0,0,0,0,210.9686646,210.9686646,210.9686646,210.9686646,0.968250455,0.968250455,0.968250455,0.968250455,,,,,0.809483132,0.809483132,0.809483132,0.809483132,0.809483132,0.809483132,0.809483132,0.809483132
60.89392738,reserve_approach,1348.500056,159.0841609,120,122.4055938,-648.7482478,1.68959702,0.178178988,0.111065311,0.063613677,365325.8028,19406.3053,38525.98053,37252.86214,-5.235987756,0,1540.854245,847.0611741,443.2921581,1540.854245,,0.15318137,0.153181074,0.018749672,-2.96E-07,0.15318137,0.15318137,0.15318137,651.0199129,651.0199129,651.0199129,651.0199129,44.64844054,44.64844054,44.64844054,44.64844054,3.100094823,3.100094823,3.100094823,3.100094823,1.169217687,1.169217687,1.169217687,1.169217687,0.398646791,0.398646791,0.398646791,0.398646791,3.107620752,3.107620752,3.107620752,3.107620752,27.5,,27.5,27.5,27.5,385.2135613,385.2135613,385.2135613,385.2135613,369.7040121,369.7040121,369.7040121,369.7040121,0.829,0.829,0.829,0.829,4851.576324,4851.576324,4851.576324,4851.576324,385.2135613,385.2135613,385.2135613,385.2135613,0.206631922,0.206631922,0.206631922,0.206631922,385.2135613,385.2135613,385.2135613,385.2135613,0.441355158,0.441355158,0.441355158,0.441355158,208.3902151,208.3902151,208.3902151,208.3902151,0,0,0,0,0,0,0,0,211.7652935,211.7652935,211.7652935,211.7652935,0.966085423,0.966085423,0.966085423,0.966085423,,,,,0.807003835,0.807003835,0.807003835,0.807003835,0.807003835,0.807003835,0.807003835,0.807003835
61.1271928,reserve_approach,1197.338317,159.5588619,120,122.1327885,-647.3023828,1.689447378,0.178160002,0.111060489,0.063599513,365293.447,19403.8934,38521.87525,37249.56277,-5.235987756,0,1541.639174,850.2565297,446.5915346,1541.639174,,0.152912134,0.152911833,0.018878688,-3.01E-07,0.152912134,0.152912134,0.152912134,650.9169724,650.9169724,650.9169724,650.9169724,44.5483264,44.5483264,44.5483264,44.5483264,3.09960463,3.09960463,3.09960463,3.09960463,1.169217687,1.169217687,1.169217687,1.169217687,0.397752914,0.397752914,0.397752914,0.397752914,3.107164829,3.107164829,3.107164829,3.107164829,27.5,,27.5,27.5,27.5,385.4097935,385.4097935,385.4097935,385.4097935,369.9018519,369.9018519,369.9018519,369.9018519,0.829,0.829,0.829,0.829,4850.973349,4850.973349,4850.973349,4850.973349,385.4097935,385.4097935,385.4097935,385.4097935,0.206737183,0.206737183,0.206737183,0.206737183,385.4097935,385.4097935,385.4097935,385.4097935,0.441580911,0.441580911,0.441580911,0.441580911,209.1680037,209.1680037,209.1680037,209.1680037,0,0,0,0,0,0,0,0,212.5641324,212.5641324,212.5641324,212.5641324,0.963932309,0.963932309,0.963932309,0.963932309,,,,,0.804535288,0.804535288,0.804535288,0.804535288,0.804535288,0.804535288,0.804535288,0.804535288
61.36045822,reserve_approach,1046.512919,160.0325066,120,121.86148,-645.8644509,1.689297189,0.178140984,0.111055685,0.063585299,365260.9731,19401.48086,38517.76316,37246.25135,-5.235987756,0,1541.020934,853.1549404,449.9029501,1541.020934,,0.152643507,0.152643201,0.019007275,-3.06E-07,0.152643507,0.152643507,0.152643507,650.8137528,650.8137528,650.8137528,650.8137528,44.44661999,44.44661999,44.44661999,44.44661999,3.099113108,3.099113108,3.099113108,3.099113108,1.169217687,1.169217687,1.169217687,1.169217687,0.396844821,0.396844821,0.396844821,0.396844821,3.106706902,3.106706902,3.106706902,3.106706902,27.5,,27.5,27.5,27.5,385.2552334,385.2552334,385.2552334,385.2552334,369.7460251,369.7460251,369.7460251,369.7460251,0.829,0.829,0.829,0.829,4850.370214,4850.370214,4850.370214,4850.370214,385.2552334,385.2552334,385.2552334,385.2552334,0.206654276,0.206654276,0.206654276,0.206654276,385.2552334,385.2552334,385.2552334,385.2552334,0.441403825,0.441403825,0.441403825,0.441403825,209.7770777,209.7770777,209.7770777,209.7770777,0,0,0,0,0,0,0,0,213.2887351,213.2887351,213.2887351,213.2887351,0.961791008,0.961791008,0.961791008,0.961791008,,,,,0.802876661,0.802876661,0.802876661,0.802876661,0.802876661,0.802876661,0.802876661,0.802876661
61.59372363,reserve_approach,896.0220243,160.5051009,120,121.5916552,-644.4343829,1.689146541,0.178121942,0.111050899,0.063571043,365228.3999,19399.06846,38513.64601,37242.92981,-5.235987756,0,1537.661921,855.4649822,453.2244902,1537.661921,,0.152375498,0.152375187,0.019135422,-3.11E-07,0.152375498,0.152375498,0.152375498,650.7102692,650.7102692,650.7102692,650.7102692,44.34336759,44.34336759,44.34336759,44.34336759,3.09862033,3.09862033,3.09862033,3.09862033,1.169217687,1.169217687,1.169217687,1.169217687,0.395922925,0.395922925,0.395922925,0.395922925,3.106247038,3.106247038,3.106247038,3.106247038,27.5,,27.5,27.5,27.5,384.4154803,384.4154803,384.4154803,384.4154803,368.8994628,368.8994628,368.8994628,368.8994628,0.829,0.829,0.829,0.829,4849.767114,4849.767114,4849.767114,4849.767114,384.4154803,384.4154803,384.4154803,384.4154803,0.206203825,0.206203825,0.206203825,0.206203825,384.4154803,384.4154803,384.4154803,384.4154803,0.440441683,0.440441683,0.440441683,0.440441683,210.0496131,210.0496131,210.0496131,210.0496131,0,0,0,0,0,0,0,0,213.8662455,213.8662455,213.8662455,213.8662455,0.959661418,0.959661418,0.959661418,0.959661418,,,,,0.802785819,0.802785819,0.802785819,0.802785819,0.802785819,0.802785819,0.802785819,0.802785819
61.82698905,reserve_approach,745.863803,160.9766504,120,121.3233013,-643.0121103,1.688995541,0.178102887,0.111046132,0.063556756,365195.7505,19396.65715,38509.52598,37239.6005,-5.235987756,0,1531.832922,857.2403914,456.5537994,1531.832922,,0.152108118,0.152107802,0.019263115,-3.15E-07,0.152108118,0.152108118,0.152108118,650.6065369,650.6065369,650.6065369,650.6065369,44.2386176,44.2386176,44.2386176,44.2386176,3.098126366,3.098126366,3.098126366,3.098126366,1.169217687,1.169217687,1.169217687,1.169217687,0.394987657,0.394987657,0.394987657,0.394987657,3.105785311,3.105785311,3.105785311,3.105785311,27.5,,27.5,27.5,27.5,382.9582304,382.9582304,382.9582304,382.9582304,367.4306936,367.4306936,367.4306936,367.4306936,0.829,0.829,0.829,0.829,4849.164288,4849.164288,4849.164288,4849.164288,382.9582304,382.9582304,382.9582304,382.9582304,0.205422143,0.205422143,0.205422143,0.205422143,382.9582304,382.9582304,382.9582304,382.9582304,0.438772048,0.438772048,0.438772048,0.438772048,210.0198926,210.0198926,210.0198926,210.0198926,0,0,0,0,0,0,0,0,214.3100978,214.3100978,214.3100978,214.3100978,0.957543436,0.957543436,0.957543436,0.957543436,,,,,0.804116702,0.804116702,0.804116702,0.804116702,0.804116702,0.804116702,0.804116702,0.804116702
62.06025447,reserve_approach,596.0364473,161.4471609,120,121.0564055,-641.5975656,1.688844233,0.178083823,0.111041383,0.063542441,365163.0345,19394.24733,38505.40394,37236.2644,-5.235987756,0,1525.734035,858.959868,459.8899023,1525.734035,,0.151841374,0.151841054,0.01939034,-3.20E-07,0.151841374,0.151841374,0.151841374,650.5025714,650.5025714,650.5025714,650.5025714,44.13242057,44.13242057,44.13242057,44.13242057,3.097631292,3.097631292,3.097631292,3.097631292,1.169217687,1.169217687,1.169217687,1.169217687,0.394039469,0.394039469,0.394039469,0.394039469,3.105321792,3.105321792,3.105321792,3.105321792,27.5,,27.5,27.5,27.5,381.4335087,381.4335087,381.4335087,381.4335087,365.8943301,365.8943301,365.8943301,365.8943301,0.829,0.829,0.829,0.829,4848.561833,4848.561833,4848.561833,4848.561833,381.4335087,381.4335087,381.4335087,381.4335087,0.204604269,0.204604269,0.204604269,0.204604269,381.4335087,381.4335087,381.4335087,381.4335087,0.437025107,0.437025107,0.437025107,0.437025107,209.9647548,209.9647548,209.9647548,209.9647548,0,0,0,0,0,0,0,0,214.739967,214.739967,214.739967,214.739967,0.955436963,0.955436963,0.955436963,0.955436963,,,,,0.805621691,0.805621691,0.805621691,0.805621691,0.805621691,0.805621691,0.805621691,0.805621691
62.29351988,reserve_approach,446.5381599,161.9166381,120,120.7909552,-640.1906821,1.688692599,0.178064749,0.111036652,0.063528097,365130.2483,19391.83884,38501.27954,37232.92113,-5.235987756,0,1520.946965,860.9707318,463.2331677,1520.946965,,0.151575275,0.151574951,0.01951708,-3.24E-07,0.151575275,0.151575275,0.151575275,650.3983884,650.3983884,650.3983884,650.3983884,44.02482903,44.02482903,44.02482903,44.02482903,3.097135183,3.097135183,3.097135183,3.097135183,1.169217687,1.169217687,1.169217687,1.169217687,0.393078831,0.393078831,0.393078831,0.393078831,3.104856555,3.104856555,3.104856555,3.104856555,27.5,,27.5,27.5,27.5,380.2367414,380.2367414,380.2367414,380.2367414,364.6887257,364.6887257,364.6887257,364.6887257,0.829,0.829,0.829,0.829,4847.959711,4847.959711,4847.959711,4847.959711,380.2367414,380.2367414,380.2367414,380.2367414,0.203962313,0.203962313,0.203962313,0.203962313,380.2367414,380.2367414,380.2367414,380.2367414,0.435653918,0.435653918,0.435653918,0.435653918,210.0830906,210.0830906,210.0830906,210.0830906,0,0,0,0,0,0,0,0,215.242683,215.242683,215.242683,215.242683,0.953341898,0.953341898,0.953341898,0.953341898,,,,,0.806387293,0.806387293,0.806387293,0.806387293,0.806387293,0.806387293,0.806387293,0.806387293
62.5267853,reserve_approach,297.3671639,162.3850874,120,120.526938,-638.7913937,1.688540592,0.178045658,0.111031939,0.063513719,365097.3812,19389.4312,38497.15176,37229.56962,-5.235987756,0,1517.12629,863.1996279,466.5846747,1517.12629,,0.151309831,0.151309502,0.019643318,-3.28E-07,0.151309831,0.151309831,0.151309831,650.2940041,650.2940041,650.2940041,650.2940041,43.91589756,43.91589756,43.91589756,43.91589756,3.096638115,3.096638115,3.096638115,3.096638115,1.169217687,1.169217687,1.169217687,1.169217687,0.392106228,0.392106228,0.392106228,0.392106228,3.104389676,3.104389676,3.104389676,3.104389676,27.5,,27.5,27.5,27.5,379.2815725,379.2815725,379.2815725,379.2815725,363.726697,363.726697,363.726697,363.726697,0.829,0.829,0.829,0.829,4847.357799,4847.357799,4847.357799,4847.357799,379.2815725,379.2815725,379.2815725,379.2815725,0.203449952,0.203449952,0.203449952,0.203449952,379.2815725,379.2815725,379.2815725,379.2815725,0.434559539,0.434559539,0.434559539,0.434559539,210.3311338,210.3311338,210.3311338,210.3311338,0,0,0,0,0,0,0,0,215.799907,215.799907,215.799907,215.799907,0.951258144,0.951258144,0.951258144,0.951258144,,,,,0.806605063,0.806605063,0.806605063,0.806605063,0.806605063,0.806605063,0.806605063,0.806605063
62.76005072,reserve_approach,148.5216928,162.8525144,120,120.2643415,-637.3996354,1.68838819,0.17802655,0.111027243,0.063499306,365064.4286,19387.02418,38493.02014,37226.20939,-5.235987756,0,1512.981462,865.3635808,469.9449069,1512.981462,,0.151045047,0.151044715,0.019769033,-3.32E-07,0.151045047,0.151045047,0.151045047,650.1894346,650.1894346,650.1894346,650.1894346,43.80568258,43.80568258,43.80568258,43.80568258,3.096140165,3.096140165,3.096140165,3.096140165,1.169217687,1.169217687,1.169217687,1.169217687,0.391122166,0.391122166,0.391122166,0.391122166,3.103921229,3.103921229,3.103921229,3.103921229,27.5,,27.5,27.5,27.5,378.2453654,378.2453654,378.2453654,378.2453654,362.683245,362.683245,362.683245,362.683245,0.829,0.829,0.829,0.829,4846.756045,4846.756045,4846.756045,4846.756045,378.2453654,378.2453654,378.2453654,378.2453654,0.202894121,0.202894121,0.202894121,0.202894121,378.2453654,378.2453654,378.2453654,378.2453654,0.433372312,0.433372312,0.433372312,0.433372312,210.5461773,210.5461773,210.5461773,210.5461773,0,0,0,0,0,0,0,0,216.3408952,216.3408952,216.3408952,216.3408952,0.949185602,0.949185602,0.949185602,0.949185602,,,,,0.807021078,0.807021078,0.807021078,0.807021078,0.807021078,0.807021078,0.807021078,0.807021078
62.99331613,reserve_approach,-1.49E-12,163.3189247,120,120.0031536,-636.0153426,1.688235437,0.178007428,0.111022566,0.063484862,365031.4003,19384.61819,38488.88558,37222.84144,-5.235987756,0,1507.199764,867.1713211,473.3128597,1507.199764,,0.150780933,0.150780597,0.019894203,-3.36E-07,0.150780933,0.150780933,0.150780933,650.0846965,650.0846965,650.0846965,650.0846965,43.69424241,43.69424241,43.69424241,43.69424241,3.095641412,3.095641412,3.095641412,3.095641412,1.169217687,1.169217687,1.169217687,1.169217687,0.390127164,0.390127164,0.390127164,0.390127164,3.103451292,3.103451292,3.103451292,3.103451292,27.5,,27.5,27.5,27.5,376.799941,376.799941,376.799941,376.799941,361.2280624,361.2280624,361.2280624,361.2280624,0.829,0.829,0.829,0.829,4846.154548,4846.154548,4846.154548,4846.154548,376.799941,376.799941,376.799941,376.799941,0.202118783,0.202118783,0.202118783,0.202118783,376.799941,376.799941,376.799941,376.799941,0.431716225,0.431716225,0.431716225,0.431716225,210.5627874,210.5627874,210.5627874,210.5627874,0,0,0,0,0,0,0,0,216.7928303,216.7928303,216.7928303,216.7928303,0.947124179,0.947124179,0.947124179,0.947124179,,,,,0.808404581,0.808404581,0.808404581,0.808404581,0.808404581,0.808404581,0.808404581,0.808404581
62.99331613,reserve_taxi_in,-1.49E-12,163.3189247,25,25.00065701,0,,,,,,275.4818232,,37222.84144,0,60,0,0,473.3128597,60,,0.150780933,0.150780933,0.020018806,0,0.150780933,0.150780933,0.150780933,650.6175919,650.6175919,650.6175919,650.6175919,28.66630073,28.66630073,28.66630073,28.66630073,3.098179009,3.098179009,3.098179009,3.098179009,0.767918805,0.767918805,0.767918805,0.767918805,0.255949114,0.255949114,0.255949114,0.255949114,3.103451292,3.103451292,3.103451292,3.103451292,18.06145028,,18.06145028,18.06145028,18.06145028,15,15,15,15,4.083148721,4.083148721,4.083148721,4.083148721,0.830498092,0.830498092,0.830498092,0.830498092,68.8704558,68.8704558,68.8704558,68.8704558,15,15,15,15,0.008046131,0.008046131,0.008046131,0.008046131,0,0,0,0,0,0,0,0,0.000687162,0.000687162,0.000687162,0.000687162,15,15,15,15,0.006590507,0.006590507,0.006590507,0.006590507,0,0,0,0,0.197317537,0.197317537,0.197317537,0.197317537,0.000766642,0.000766642,0.000766642,0.000766642,0.300000001,0.300000001,0.300000001,0.300000001,0.300000001,0.300000001,0.300000001,0.300000001
63.49331613,reserve_taxi_in,-1.49E-12,163.5272635,25,25.00065701,0,,,,,,275.4818232,,37222.84144,0,60,0,0,473.3128597,60,,0.150410658,0.150409992,0.020598949,-6.65E-07,0.150410658,0.150410658,0.150410658,650.4714881,650.4714881,650.4714881,650.4714881,28.56321682,28.56321682,28.56321682,28.56321682,3.097483277,3.097483277,3.097483277,3.097483277,0.767918805,0.767918805,0.767918805,0.767918805,0.255028722,0.255028722,0.255028722,0.255028722,3.102787831,3.102787831,3.102787831,3.102787831,18.06145028,,18.06145028,18.06145028,18.06145028,15,15,15,15,4.083148721,4.083148721,4.083148721,4.083148721,0.830498092,0.830498092,0.830498092,0.830498092,68.8704558,68.8704558,68.8704558,68.8704558,15,15,15,15,0.008046131,0.008046131,0.008046131,0.008046131,0,0,0,0,0,0,0,0,0.000687162,0.000687162,0.000687162,0.000687162,15,15,15,15,0.006590507,0.006590507,0.006590507,0.006590507,0,0,0,0,0.197317537,0.197317537,0.197317537,0.197317537,0.000766642,0.000766642,0.000766642,0.000766642,0.300000001,0.300000001,0.300000001,0.300000001,0.300000001,0.300000001,0.300000001,0.300000001
63.99331613,reserve_taxi_in,-1.49E-12,163.7356023,25,25.00065701,0,,,,,,275.4818232,,37222.84144,0,60,0,0,473.3128597,60,,0.150041725,0.150041051,0.020799832,-6.74E-07,0.150041725,0.150041725,0.150041725,650.3251444,650.3251444,650.3251444,650.3251444,28.4587491,28.4587491,28.4587491,28.4587491,3.096786402,3.096786402,3.096786402,3.096786402,0.767918805,0.767918805,0.767918805,0.767918805,0.254095974,0.254095974,0.254095974,0.254095974,3.102121808,3.102121808,3.102121808,3.102121808,18.06145028,,18.06145028,18.06145028,18.06145028,15,15,15,15,4.083148721,4.083148721,4.083148721,4.083148721,0.830498092,0.830498092,0.830498092,0.830498092,68.8704558,68.8704558,68.8704558,68.8704558,15,15,15,15,0.008046131,0.008046131,0.008046131,0.008046131,0,0,0,0,0,0,0,0,0.000687162,0.000687162,0.000687162,0.000687162,15,15,15,15,0.006590507,0.006590507,0.006590507,0.006590507,0,0,0,0,0.197317537,0.197317537,0.197317537,0.197317537,0.000766642,0.000766642,0.000766642,0.000766642,0.300000001,0.300000001,0.300000001,0.300000001,0.300000001,0.300000001,0.300000001,0.300000001
64.49331613,reserve_taxi_in,-1.49E-12,163.9439411,25,25.00065701,0,,,,,,275.4818232,,37222.84144,0,60,0,0,473.3128597,60,,0.149674153,0.14967347,0.020997604,-6.83E-07,0.149674153,0.149674153,0.149674153,650.1786067,650.1786067,650.1786067,650.1786067,28.35301352,28.35301352,28.35301352,28.35301352,3.096088603,3.096088603,3.096088603,3.096088603,0.767918805,0.767918805,0.767918805,0.767918805,0.253151906,0.253151906,0.253151906,0.253151906,3.101453445,3.101453445,3.101453445,3.101453445,18.06145028,,18.06145028,18.06145028,18.06145028,15,15,15,15,4.083148721,4.083148721,4.083148721,4.083148721,0.830498092,0.830498092,0.830498092,0.830498092,68.8704558,68.8704558,68.8704558,68.8704558,15,15,15,15,0.008046131,0.008046131,0.008046131,0.008046131,0,0,0,0,0,0,0,0,0.000687162,0.000687162,0.000687162,0.000687162,15,15,15,15,0.006590507,0.006590507,0.006590507,0.006590507,0,0,0,0,0.197317537,0.197317537,0.197317537,0.197317537,0.000766642,0.000766642,0.000766642,0.000766642,0.300000001,0.300000001,0.300000001,0.300000001,0.300000001,0.300000001,0.300000001,0.300000001
64.99331613,reserve_taxi_in,-1.49E-12,164.15228,25,25.00065701,0,,,,,,275.4818232,,37222.84144,0,60,0,0,473.3128597,60,,0.149307956,0.149307266,0.021192183,-6.90E-07,0.149307956,0.149307956,0.149307956,650.0319217,650.0319217,650.0319217,650.0319217,28.24612971,28.24612971,28.24612971,28.24612971,3.095390103,3.095390103,3.095390103,3.095390103,0.767918805,0.767918805,0.767918805,0.767918805,0.252197587,0.252197587,0.252197587,0.252197587,3.100782966,3.100782966,3.100782966,3.100782966,18.06145028,,18.06145028,18.06145028,18.06145028,15,15,15,15,4.083148721,4.083148721,4.083148721,4.083148721,0.830498092,0.830498092,0.830498092,0.830498092,68.8704558,68.8704558,68.8704558,68.8704558,15,15,15,15,0.008046131,0.008046131,0.008046131,0.008046131,0,0,0,0,0,0,0,0,0.000687162,0.000687162,0.000687162,0.000687162,15,15,15,15,0.006590507,0.006590507,0.006590507,0.006590507,0,0,0,0,0.197317537,0.197317537,0.197317537,0.197317537,0.000766642,0.000766642,0.000766642,0.000766642,0.300000001,0.300000001,0.300000001,0.300000001,0.300000001,0.300000001,0.300000001,0.300000001
65.49331613,reserve_taxi_in,-1.49E-12,164.3606188,25,25.00065701,0,,,,,,275.4818232,,37222.84144,0,60,0,0,473.3128597,60,,0.14894315,0.148942453,0.021383483,-6.97E-07,0.14894315,0.14894315,0.14894315,649.8851362,649.8851362,649.8851362,649.8851362,28.13822047,28.13822047,28.13822047,28.13822047,3.094691125,3.094691125,3.094691125,3.094691125,0.767918805,0.767918805,0.767918805,0.767918805,0.251234111,0.251234111,0.251234111,0.251234111,3.1001106,3.1001106,3.1001106,3.1001106,18.06145028,,18.06145028,18.06145028,18.06145028,15,15,15,15,4.083148721,4.083148721,4.083148721,4.083148721,0.830498092,0.830498092,0.830498092,0.830498092,68.8704558,68.8704558,68.8704558,68.8704558,15,15,15,15,0.008046131,0.008046131,0.008046131,0.008046131,0,0,0,0,0,0,0,0,0.000687162,0.000687162,0.000687162,0.000687162,15,15,15,15,0.006590507,0.006590507,0.006590507,0.006590507,0,0,0,0,0.197317537,0.197317537,0.197317537,0.197317537,0.000766642,0.000766642,0.000766642,0.000766642,0.300000001,0.300000001,0.300000001,0.300000001,0.300000001,0.300000001,0.300000001,0.300000001
65.99331613,reserve_taxi_in,-1.49E-12,164.5689576,25,25.00065701,0,,,,,,275.4818232,,37222.84144,0,60,0,0,473.3128597,60,,0.148579746,0.148579042,0.021571414,-7.03E-07,0.148579746,0.148579746,0.148579746,649.7382978,649.7382978,649.7382978,649.7382978,28.02941159,28.02941159,28.02941159,28.02941159,3.093991894,3.093991894,3.093991894,3.093991894,0.767918805,0.767918805,0.767918805,0.767918805,0.250262603,0.250262603,0.250262603,0.250262603,3.099436577,3.099436577,3.099436577,3.099436577,18.06145028,,18.06145028,18.06145028,18.06145028,15,15,15,15,4.083148721,4.083148721,4.083148721,4.083148721,0.830498092,0.830498092,0.830498092,0.830498092,68.8704558,68.8704558,68.8704558,68.8704558,15,15,15,15,0.008046131,0.008046131,0.008046131,0.008046131,0,0,0,0,0,0,0,0,0.000687162,0.000687162,0.000687162,0.000687162,15,15,15,15,0.006590507,0.006590507,0.006590507,0.006590507,0,0,0,0,0.197317537,0.197317537,0.197317537,0.197317537,0.000766642,0.000766642,0.000766642,0.000766642,0.300000001,0.300000001,0.300000001,0.300000001,0.300000001,0.300000001,0.300000001,0.300000001
66.49331613,reserve_taxi_in,-1.49E-12,164.7772964,25,25.00065701,0,,,,,,275.4818232,,37222.84144,0,60,0,0,473.3128597,60,,0.148217754,0.148217046,0.021755877,-7.08E-07,0.148217754,0.148217754,0.148217754,649.5914538,649.5914538,649.5914538,649.5914538,27.91983131,27.91983131,27.91983131,27.91983131,3.093292637,3.093292637,3.093292637,3.093292637,0.767918805,0.767918805,0.767918805,0.767918805,0.249284208,0.249284208,0.249284208,0.249284208,3.098761128,3.098761128,3.098761128,3.098761128,18.06145028,,18.06145028,18.06145028,18.06145028,15,15,15,15,4.083148721,4.083148721,4.083148721,4.083148721,0.830498092,0.830498092,0.830498092,0.830498092,68.8704558,68.8704558,68.8704558,68.8704558,15,15,15,15,0.008046131,0.008046131,0.008046131,0.008046131,0,0,0,0,0,0,0,0,0.000687162,0.000687162,0.000687162,0.000687162,15,15,15,15,0.006590507,0.006590507,0.006590507,0.006590507,0,0,0,0,0.197317537,0.197317537,0.197317537,0.197317537,0.000766642,0.000766642,0.000766642,0.000766642,0.300000001,0.300000001,0.300000001,0.300000001,0.300000001,0.300000001,0.300000001,0.300000001
66.99331613,reserve_taxi_in,-1.49E-12,164.9856352,25,25.00065701,0,,,,,,275.4818232,,37222.84144,0,60,0,0,473.3128597,60,,0.147857185,0.147856473,0.021936773,-7.12E-07,0.147857185,0.147857185,0.147857185,649.4446522,649.4446522,649.4446522,649.4446522,27.80961006,27.80961006,27.80961006,27.80961006,3.092593582,3.092593582,3.092593582,3.092593582,0.767918805,0.767918805,0.767918805,0.767918805,0.24830009,0.24830009,0.24830009,0.24830009,3.09808449,3.09808449,3.09808449,3.09808449,18.06145028,,18.06145028,18.06145028,18.06145028,15,15,15,15,4.083148721,4.083148721,4.083148721,4.083148721,0.830498092,0.830498092,0.830498092,0.830498092,68.8704558,68.8704558,68.8704558,68.8704558,15,15,15,15,0.008046131,0.008046131,0.008046131,0.008046131,0,0,0,0,0,0,0,0,0.000687162,0.000687162,0.000687162,0.000687162,15,15,15,15,0.006590507,0.006590507,0.006590507,0.006590507,0,0,0,0,0.197317537,0.197317537,0.197317537,0.197317537,0.000766642,0.000766642,0.000766642,0.000766642,0.300000001,0.300000001,0.300000001,0.300000001,0.300000001,0.300000001,0.300000001,0.300000001
67.49331613,reserve_taxi_in,-1.49E-12,165.193974,25,25.00065701,0,,,,,,275.4818232,,37222.84144,0,60,0,0,473.3128597,60,,0.147498046,0.14749733,0.022113998,-7.16E-07,0.147498046,0.147498046,0.147498046,649.2979409,649.2979409,649.2979409,649.2979409,27.69888002,27.69888002,27.69888002,27.69888002,3.091894957,3.091894957,3.091894957,3.091894957,0.767918805,0.767918805,0.767918805,0.767918805,0.247311429,0.247311429,0.247311429,0.247311429,3.097406896,3.097406896,3.097406896,3.097406896,18.06145028,,18.06145028,18.06145028,18.06145028,15,15,15,15,4.083148721,4.083148721,4.083148721,4.083148721,0.830498092,0.830498092,0.830498092,0.830498092,68.8704558,68.8704558,68.8704558,68.8704558,15,15,15,15,0.008046131,0.008046131,0.008046131,0.008046131,0,0,0,0,0,0,0,0,0.000687162,0.000687162,0.000687162,0.000687162,15,15,15,15,0.006590507,0.006590507,0.006590507,0.006590507,0,0,0,0,0.197317537,0.197317537,0.197317537,0.197317537,0.000766642,0.000766642,0.000766642,0.000766642,0.300000001,0.300000001,0.300000001,0.300000001,0.300000001,0.300000001,0.300000001,0.300000001
67.99331613,reserve_taxi_in,-1.49E-12,165.4023128,25,25.00065701,0,,,,,,275.4818232,,37222.84144,0,60,0,0,473.3128597,60,,0.147140342,0.147139624,0.022287442,-7.18E-07,0.147140342,0.147140342,0.147140342,649.1513678,649.1513678,649.1513678,649.1513678,27.58777471,27.58777471,27.58777471,27.58777471,3.091196989,3.091196989,3.091196989,3.091196989,0.767918805,0.767918805,0.767918805,0.767918805,0.246319417,0.246319417,0.246319417,0.246319417,3.096728584,3.096728584,3.096728584,3.096728584,18.06145028,,18.06145028,18.06145028,18.06145028,15,15,15,15,4.083148721,4.083148721,4.083148721,4.083148721,0.830498092,0.830498092,0.830498092,0.830498092,68.8704558,68.8704558,68.8704558,68.8704558,15,15,15,15,0.008046131,0.008046131,0.008046131,0.008046131,0,0,0,0,0,0,0,0,0.000687162,0.000687162,0.000687162,0.000687162,15,15,15,15,0.006590507,0.006590507,0.006590507,0.006590507,0,0,0,0,0.197317537,0.197317537,0.197317537,0.197317537,0.000766642,0.000766642,0.000766642,0.000766642,0.300000001,0.300000001,0.300000001,0.300000001,0.300000001,0.300000001,0.300000001,0.300000001
67.99331613,holding_cruise,8000,165.4023128,170,191.7544228,0,0.841196896,0.047155811,0.026843559,0.016812252,365031.4003,20462.93835,20462.92826,37222.84144,0,0,2305.578193,887.7829316,473.3128597,2305.578193,,,0.147140342,0.022456997,0.147140342,,,,,,,,,,,,,,,,,,,,,,,,,,,,,,,,,576.3945482,576.3945482,576.3945482,576.3945482,561.6651377,561.6651377,561.6651377,561.6651377,0.829,0.829,0.829,0.829,5115.734588,5115.734588,5115.734588,5115.734588,576.3945482,576.3945482,576.3945482,576.3945482,0.309183075,0.309183075,0.309183075,0.309183075,576.3945482,576.3945482,576.3945482,576.3945482,0.660381301,0.660381301,0.660381301,0.660381301,191.577164,191.577164,191.577164,191.577164,0,0,0,0,0,0,0,0,221.9457329,221.9457329,221.9457329,221.9457329,1.513420645,1.513420645,1.513420645,1.513420645,,,,,0.882495005,0.882495005,0.882495005,0.882495005,0.882495005,0.882495005,0.882495005,0.882495005
72.49331613,holding_cruise,8000,179.7838945,170,191.7544228,0,0.839692749,0.047082719,0.026843559,0.01673916,364378.6863,20431.22142,20431.21037,37156.28301,0,0,2302.337499,887.1085832,539.8712932,2302.337499,,,0,#DIV/0!,0,,,,,,,,,,,,,,,,,,,,,,,,,,,,,,,,,575.5843747,575.5843747,575.5843747,575.5843747,560.860396,560.860396,560.860396,560.860396,0.829,0.829,0.829,0.829,5107.805355,5107.805355,5107.805355,5107.805355,575.5843747,575.5843747,575.5843747,575.5843747,0.308748491,0.308748491,0.308748491,0.308748491,575.5843747,575.5843747,575.5843747,575.5843747,0.659453076,0.659453076,0.659453076,0.659453076,191.1810541,191.1810541,191.1810541,191.1810541,0,0,0,0,0,0,0,0,221.7771458,221.7771458,221.7771458,221.7771458,1.513420645,1.513420645,1.513420645,1.513420645,,,,,0.882409235,0.882409235,0.882409235,0.882409235,0.882409235,0.882409235,0.882409235,0.882409235
76.99331613,holding_cruise,8000,194.1654762,170,191.7544228,0,0.838189744,0.047009841,0.026843559,0.016666282,363726.4683,20399.59623,20399.58561,37089.77516,0,0,2299.095032,886.4339569,606.3791402,2299.095032,,,0,#DIV/0!,0,,,,,,,,,,,,,,,,,,,,,,,,,,,,,,,,,574.7737579,574.7737579,574.7737579,574.7737579,560.0552485,560.0552485,560.0552485,560.0552485,0.829,0.829,0.829,0.829,5099.899057,5099.899057,5099.899057,5099.899057,574.7737579,574.7737579,574.7737579,574.7737579,0.308313669,0.308313669,0.308313669,0.308313669,574.7737579,574.7737579,574.7737579,574.7737579,0.658524344,0.658524344,0.658524344,0.658524344,190.7849996,190.7849996,190.7849996,190.7849996,0,0,0,0,0,0,0,0,221.6084892,221.6084892,221.6084892,221.6084892,1.513420645,1.513420645,1.513420645,1.513420645,,,,,0.88232797,0.88232797,0.88232797,0.88232797,0.88232797,0.88232797,0.88232797,0.88232797
81.49331613,holding_cruise,8000,208.5470579,170,191.7544228,0,0.836687884,0.046937178,0.026843559,0.016593618,363074.7466,20368.06258,20368.05382,37023.31793,0,0,2295.848994,885.7586781,672.8363702,2295.848994,,,0,#DIV/0!,0,,,,,,,,,,,,,,,,,,,,,,,,,,,,,,,,,573.9622484,573.9622484,573.9622484,573.9622484,559.2492491,559.2492491,559.2492491,559.2492491,0.829,0.829,0.829,0.829,5092.015644,5092.015644,5092.015644,5092.015644,573.9622484,573.9622484,573.9622484,573.9622484,0.307878368,0.307878368,0.307878368,0.307878368,573.9622484,573.9622484,573.9622484,573.9622484,0.657594589,0.657594589,0.657594589,0.657594589,190.3887762,190.3887762,190.3887762,190.3887762,0,0,0,0,0,0,0,0,221.4396695,221.4396695,221.4396695,221.4396695,1.513420645,1.513420645,1.513420645,1.513420645,,,,,0.882251964,0.882251964,0.882251964,0.882251964,0.882251964,0.882251964,0.882251964,0.882251964
85.99331613,holding_cruise,8000,222.9286396,170,191.7544228,0,0.835187168,0.046864728,0.026843559,0.016521169,362423.5217,20336.62073,20336.61489,36956.91138,0,0,2292.597753,885.0824067,739.2429171,2292.597753,,,0,#DIV/0!,0,,,,,,,,,,,,,,,,,,,,,,,,,,,,,,,,,573.1494381,573.1494381,573.1494381,573.1494381,558.441993,558.441993,558.441993,558.441993,0.829,0.829,0.829,0.829,5084.155183,5084.155183,5084.155183,5084.155183,573.1494381,573.1494381,573.1494381,573.1494381,0.30744237,0.30744237,0.30744237,0.30744237,573.1494381,573.1494381,573.1494381,573.1494381,0.656663344,0.656663344,0.656663344,0.656663344,189.9921803,189.9921803,189.9921803,189.9921803,0,0,0,0,0,0,0,0,221.2706017,221.2706017,221.2706017,221.2706017,1.513420645,1.513420645,1.513420645,1.513420645,,,,,0.882181928,0.882181928,0.882181928,0.882181928,0.882181928,0.882181928,0.882181928,0.882181928
90.49331613,holding_cruise,8000,237.3102213,170,191.7544228,0,0.833687599,0.046792492,0.026843559,0.016448933,361772.7944,20305.27139,20305.26867,36890.5556,0,0,2289.339885,884.4048463,805.5986987,2289.339885,,,0,#DIV/0!,0,,,,,,,,,,,,,,,,,,,,,,,,,,,,,,,,,572.3349714,572.3349714,572.3349714,572.3349714,557.6331273,557.6331273,557.6331273,557.6331273,0.829,0.829,0.829,0.829,5076.317846,5076.317846,5076.317846,5076.317846,572.3349714,572.3349714,572.3349714,572.3349714,0.307005483,0.307005483,0.307005483,0.307005483,572.3349714,572.3349714,572.3349714,572.3349714,0.655730201,0.655730201,0.655730201,0.655730201,189.5950345,189.5950345,189.5950345,189.5950345,0,0,0,0,0,0,0,0,221.1012116,221.1012116,221.1012116,221.1012116,1.513420645,1.513420645,1.513420645,1.513420645,,,,,0.882118509,0.882118509,0.882118509,0.882118509,0.882118509,0.882118509,0.882118509,0.882118509
94.99331613,holding_cruise,8000,251.691803,170,191.7544228,0,0.832189179,0.04672047,0.026843559,0.016376911,361122.5658,20274.01553,20274.01508,36824.25069,0,0,2286.074214,883.7257512,871.9036057,2286.074214,,,0,#DIV/0!,0,,,,,,,,,,,,,,,,,,,,,,,,,,,,,,,,,571.5185534,571.5185534,571.5185534,571.5185534,556.8223597,556.8223597,556.8223597,556.8223597,0.829,0.829,0.829,0.829,5068.503883,5068.503883,5068.503883,5068.503883,571.5185534,571.5185534,571.5185534,571.5185534,0.306567549,0.306567549,0.306567549,0.306567549,571.5185534,571.5185534,571.5185534,571.5185534,0.654794822,0.654794822,0.654794822,0.654794822,189.1971911,189.1971911,189.1971911,189.1971911,0,0,0,0,0,0,0,0,220.9314378,220.9314378,220.9314378,220.9314378,1.513420645,1.513420645,1.513420645,1.513420645,,,,,0.882062271,0.882062271,0.882062271,0.882062271,0.882062271,0.882062271,0.882062271,0.882062271
99.49331613,holding_cruise,8000,266.0733848,170,191.7544228,0,0.830691911,0.046648661,0.026843559,0.016305102,360472.8369,20242.85421,20242.854,36757.99678,0,0,2282.79983,883.0449327,938.1575179,2282.79983,,,0,#DIV/0!,0,,,,,,,,,,,,,,,,,,,,,,,,,,,,,,,,,570.6999575,570.6999575,570.6999575,570.6999575,556.0094655,556.0094655,556.0094655,556.0094655,0.829,0.829,0.829,0.829,5060.713551,5060.713551,5060.713551,5060.713551,570.6999575,570.6999575,570.6999575,570.6999575,0.306128447,0.306128447,0.306128447,0.306128447,570.6999575,570.6999575,570.6999575,570.6999575,0.653856948,0.653856948,0.653856948,0.653856948,188.7985361,188.7985361,188.7985361,188.7985361,0,0,0,0,0,0,0,0,220.7612332,220.7612332,220.7612332,220.7612332,1.513420645,1.513420645,1.513420645,1.513420645,,,,,0.882013666,0.882013666,0.882013666,0.882013666,0.882013666,0.882013666,0.882013666,0.882013666
103.9933161,holding_cruise,8000,280.4549665,170,191.7544228,0,0.829195797,0.046577065,0.026843559,0.016233505,359823.6091,20211.78812,20211.78534,36691.794,0,0,2279.516123,882.3622632,1004.360299,2279.516123,,,0,#DIV/0!,0,,,,,,,,,,,,,,,,,,,,,,,,,,,,,,,,,569.8790307,569.8790307,569.8790307,569.8790307,555.1942935,555.1942935,555.1942935,555.1942935,0.829,0.829,0.829,0.829,5052.947029,5052.947029,5052.947029,5052.947029,569.8790307,569.8790307,569.8790307,569.8790307,0.305688095,0.305688095,0.305688095,0.305688095,569.8790307,569.8790307,569.8790307,569.8790307,0.652916404,0.652916404,0.652916404,0.652916404,188.3989916,188.3989916,188.3989916,188.3989916,0,0,0,0,0,0,0,0,220.5905658,220.5905658,220.5905658,220.5905658,1.513420645,1.513420645,1.513420645,1.513420645,,,,,0.881973017,0.881973017,0.881973017,0.881973017,0.881973017,0.881973017,0.881973017,0.881973017
108.4933161,holding_cruise,8000,294.8365482,170,191.7544228,0,0.827700842,0.046505681,0.026843559,0.016162122,359174.8837,20180.81731,20180.80901,36625.64249,0,0,2276.222804,881.6776828,1070.511809,2276.222804,,,0,#DIV/0!,0,,,,,,,,,,,,,,,,,,,,,,,,,,,,,,,,,569.0557011,569.0557011,569.0557011,569.0557011,554.3767727,554.3767727,554.3767727,554.3767727,0.829,0.829,0.829,0.829,5045.204328,5045.204328,5045.204328,5045.204328,569.0557011,569.0557011,569.0557011,569.0557011,0.305246454,0.305246454,0.305246454,0.305246454,569.0557011,569.0557011,569.0557011,569.0557011,0.651973106,0.651973106,0.651973106,0.651973106,187.998519,187.998519,187.998519,187.998519,0,0,0,0,0,0,0,0,220.4194207,220.4194207,220.4194207,220.4194207,1.513420645,1.513420645,1.513420645,1.513420645,,,,,0.881940477,0.881940477,0.881940477,0.881940477,0.881940477,0.881940477,0.881940477,0.881940477
112.9933161,holding_cruise,8000,309.2181299,170,191.7544228,0,0.826207047,0.04643451,0.026843559,0.016090951,358526.6622,20149.94092,20149.92492,36559.5424,0,0,2272.919954,880.9912077,1136.611904,2272.919954,,,0,#DIV/0!,0,,,,,,,,,,,,,,,,,,,,,,,,,,,,,,,,,568.2299886,568.2299886,568.2299886,568.2299886,553.5569235,553.5569235,553.5569235,553.5569235,0.829,0.829,0.829,0.829,5037.485231,5037.485231,5037.485231,5037.485231,568.2299886,568.2299886,568.2299886,568.2299886,0.304803534,0.304803534,0.304803534,0.304803534,568.2299886,568.2299886,568.2299886,568.2299886,0.651027079,0.651027079,0.651027079,0.651027079,187.5971244,187.5971244,187.5971244,187.5971244,0,0,0,0,0,0,0,0,220.2478019,220.2478019,220.2478019,220.2478019,1.513420645,1.513420645,1.513420645,1.513420645,,,,,0.881916012,0.881916012,0.881916012,0.881916012,0.881916012,0.881916012,0.881916012,0.881916012
