soc,power,current,ocv,ir0,c_rate,line_voltage,power_out,deltaP,converged,iterations,error
1e-06,-100,-25.925925925925927,2.60711586998087,0.02635418350528925,3.786835608652719,3.290372479377258,-85.30595316904002,-14.694046830959977,False,2,
1e-06,-75,-23.286121391061368,2.60711586998087,0.026354183505289244,2.985400178341201,3.220802586247342,-75.00000000000001,1.4210854715202004e-14,True,2,
1e-06,-50,-16.444656345634762,2.60711586998087,0.026354183505289248,2.10828927508138,3.0405013609951475,-49.99999999999998,-2.1316282072803006e-14,True,2,
1e-06,-25,-8.805376712201392,2.60711586998087,0.026354183505289255,1.1288944502822298,2.8391743836874257,-24.999999999999996,-3.552713678800501e-15,True,2,
1e-06,0,0.0,2.60711586998087,0.026354183505289248,0.0,2.60711586998087,0.0,0.0,True,1,
1e-06,25,10.759341837944586,2.60711586998087,0.026354183505289258,1.3794027997364855,2.323562200787542,25.0,0.0,True,2,
1e-06,50,26.02460696106401,2.60711586998087,0.026354183505289244,3.3364880719312833,1.921258602475961,50.00000000000001,-7.105427357601002e-15,True,2,
1e-06,75,,2.60711586998087,0.02635418350528925,1.0,,,,False,1,No solution exists for discriminant 
1e-06,100,,2.60711586998087,0.02635418350528925,1.0,,,,False,1,No solution exists for discriminant 
1e-06,125,,2.60711586998087,0.02635418350528925,1.0,,,,False,1,No solution exists for discriminant 
1e-06,150,,2.60711586998087,0.02635418350528925,1.0,,,,False,1,No solution exists for discriminant 
1e-06,175,,2.60711586998087,0.02635418350528925,1.0,,,,False,1,No solution exists for discriminant 
1e-06,200,,2.60711586998087,0.02635418350528925,1.0,,,,False,1,No solution exists for discriminant 
1e-06,225,,2.60711586998087,0.02635418350528925,1.0,,,,False,1,No solution exists for discriminant 
1e-06,250,,2.60711586998087,0.02635418350528925,1.0,,,,False,1,No solution exists for discriminant 
1e-06,275,,2.60711586998087,0.02635418350528925,1.0,,,,False,1,No solution exists for discriminant 
1e-06,300,,2.60711586998087,0.02635418350528925,1.0,,,,False,1,No solution exists for discriminant 
1e-06,325,,2.60711586998087,0.02635418350528925,1.0,,,,False,1,No solution exists for discriminant 
1e-06,350,,2.60711586998087,0.02635418350528925,1.0,,,,False,1,No solution exists for discriminant 
1e-06,375,,2.60711586998087,0.02635418350528925,1.0,,,,False,1,No solution exists for discriminant 
1e-06,400,,2.60711586998087,0.02635418350528925,1.0,,,,False,1,No solution exists for discriminant 
1e-06,425,,2.60711586998087,0.02635418350528925,1.0,,,,False,1,No solution exists for discriminant 
1e-06,450,,2.60711586998087,0.02635418350528925,1.0,,,,False,1,No solution exists for discriminant 
1e-06,475,,2.60711586998087,0.02635418350528925,1.0,,,,False,1,No solution exists for discriminant 
1e-06,500,,2.60711586998087,0.02635418350528925,1.0,,,,False,1,No solution exists for discriminant 
1e-06,525,,2.60711586998087,0.02635418350528925,1.0,,,,False,1,No solution exists for discriminant 
1e-06,550,,2.60711586998087,0.02635418350528925,1.0,,,,False,1,No solution exists for discriminant 
1e-06,575,,2.60711586998087,0.02635418350528925,1.0,,,,False,1,No solution exists for discriminant 
1e-06,600,,2.60711586998087,0.02635418350528925,1.0,,,,False,1,No solution exists for discriminant 
1e-06,625,,2.60711586998087,0.02635418350528925,1.0,,,,False,1,No solution exists for discriminant 
1e-06,650,,2.60711586998087,0.02635418350528925,1.0,,,,False,1,No solution exists for discriminant 
1e-06,675,,2.60711586998087,0.02635418350528925,1.0,,,,False,1,No solution exists for discriminant 
1e-06,700,,2.60711586998087,0.02635418350528925,1.0,,,,False,1,No solution exists for discriminant 
1e-06,725,,2.60711586998087,0.02635418350528925,1.0,,,,False,1,No solution exists for discriminant 
1e-06,750,,2.60711586998087,0.02635418350528925,1.0,,,,False,1,No solution exists for discriminant 
1e-06,775,,2.60711586998087,0.02635418350528925,1.0,,,,False,1,No solution exists for discriminant 
1e-06,800,,2.60711586998087,0.02635418350528925,1.0,,,,False,1,No solution exists for discriminant 
1e-06,825,,2.60711586998087,0.02635418350528925,1.0,,,,False,1,No solution exists for discriminant 
1e-06,850,,2.60711586998087,0.02635418350528925,1.0,,,,False,1,No solution exists for discriminant 
1e-06,875,,2.60711586998087,0.02635418350528925,1.0,,,,False,1,No solution exists for discriminant 
1e-06,900,,2.60711586998087,0.02635418350528925,1.0,,,,False,1,No solution exists for discriminant 
1e-06,925,,2.60711586998087,0.02635418350528925,1.0,,,,False,1,No solution exists for discriminant 
1e-06,950,,2.60711586998087,0.02635418350528925,1.0,,,,False,1,No solution exists for discriminant 
1e-06,975,,2.60711586998087,0.02635418350528925,1.0,,,,False,1,No solution exists for discriminant 
1e-06,1000,,2.60711586998087,0.02635418350528925,1.0,,,,False,1,No solution exists for discriminant 
1e-06,1025,,2.60711586998087,0.02635418350528925,1.0,,,,False,1,No solution exists for discriminant 
1e-06,1050,,2.60711586998087,0.02635418350528925,1.0,,,,False,1,No solution exists for discriminant 
1e-06,1075,,2.60711586998087,0.02635418350528925,1.0,,,,False,1,No solution exists for discriminant 
1e-06,1100,,2.60711586998087,0.02635418350528925,1.0,,,,False,1,No solution exists for discriminant 
1e-06,1125,,2.60711586998087,0.02635418350528925,1.0,,,,False,1,No solution exists for discriminant 
1e-06,1150,,2.60711586998087,0.02635418350528925,1.0,,,,False,1,No solution exists for discriminant 
1e-06,1175,,2.60711586998087,0.02635418350528925,1.0,,,,False,1,No solution exists for discriminant 
1e-06,1200,,2.60711586998087,0.02635418350528925,1.0,,,,False,1,No solution exists for discriminant 
1e-06,1225,,2.60711586998087,0.02635418350528925,1.0,,,,False,1,No solution exists for discriminant 
1e-06,1250,,2.60711586998087,0.02635418350528925,1.0,,,,False,1,No solution exists for discriminant 
1e-06,1275,,2.60711586998087,0.02635418350528925,1.0,,,,False,1,No solution exists for discriminant 
1e-06,1300,,2.60711586998087,0.02635418350528925,1.0,,,,False,1,No solution exists for discriminant 
1e-06,1325,,2.60711586998087,0.02635418350528925,1.0,,,,False,1,No solution exists for discriminant 
1e-06,1350,,2.60711586998087,0.02635418350528925,1.0,,,,False,1,No solution exists for discriminant 
1e-06,1375,,2.60711586998087,0.02635418350528925,1.0,,,,False,1,No solution exists for discriminant 
1e-06,1400,,2.60711586998087,0.02635418350528925,1.0,,,,False,1,No solution exists for discriminant 
1e-06,1425,,2.60711586998087,0.02635418350528925,1.0,,,,False,1,No solution exists for discriminant 
1e-06,1450,,2.60711586998087,0.02635418350528925,1.0,,,,False,1,No solution exists for discriminant 
1e-06,1475,,2.60711586998087,0.02635418350528925,1.0,,,,False,1,No solution exists for discriminant 
1e-06,1500,,2.60711586998087,0.02635418350528925,1.0,,,,False,1,No solution exists for discriminant 
1e-06,1525,,2.60711586998087,0.02635418350528925,1.0,,,,False,1,No solution exists for discriminant 
0.025642,-100,-25.925925925925927,2.9186791508459864,0.022030913958009535,3.62072530709638,3.489850994201789,-90.47761836819454,-9.522381631805459,False,2,
0.025642,-75,-22.032425896375912,2.9186791508459864,0.022030913958009546,2.8246699867148606,3.4040736300552656,-74.99999999999999,-1.4210854715202004e-14,True,2,
0.025642,-50,-15.352029447136537,2.9186791508459864,0.02203091395800954,1.9682089034790433,3.25689839067668,-49.99999999999999,-7.105427357601002e-15,True,2,
0.025642,-25,-8.07351160849829,2.9186791508459864,0.022030913958009556,1.0350655908331141,3.0965459904318036,-25.0,0.0,True,2,
0.025642,0,0.0,2.9186791508459864,0.022030913958009535,0.0,2.9186791508459864,0.0,0.0,True,1,
0.025642,25,9.205112359287149,2.9186791508459864,0.022030913958009542,1.1801426101650192,2.715882112484721,24.999999999999993,7.105427357601002e-15,True,2,
0.025642,50,20.215863328803675,2.9186791508459864,0.022030913958009546,2.591777349846625,2.473305205262232,50.0,0.0,True,2,
0.025642,75,34.87970935561017,2.9186791508459864,0.022030913958009546,4.471757609693611,2.150247275152158,75.0,0.0,True,2,
0.025642,100,,2.9186791508459864,0.02203091395800954,1.0,,,,False,1,No solution exists for discriminant 
0.025642,125,,2.9186791508459864,0.02203091395800954,1.0,,,,False,1,No solution exists for discriminant 
0.025642,150,,2.9186791508459864,0.02203091395800954,1.0,,,,False,1,No solution exists for discriminant 
0.025642,175,,2.9186791508459864,0.02203091395800954,1.0,,,,False,1,No solution exists for discriminant 
0.025642,200,,2.9186791508459864,0.02203091395800954,1.0,,,,False,1,No solution exists for discriminant 
0.025642,225,,2.9186791508459864,0.02203091395800954,1.0,,,,False,1,No solution exists for discriminant 
0.025642,250,,2.9186791508459864,0.02203091395800954,1.0,,,,False,1,No solution exists for discriminant 
0.025642,275,,2.9186791508459864,0.02203091395800954,1.0,,,,False,1,No solution exists for discriminant 
0.025642,300,,2.9186791508459864,0.02203091395800954,1.0,,,,False,1,No solution exists for discriminant 
0.025642,325,,2.9186791508459864,0.02203091395800954,1.0,,,,False,1,No solution exists for discriminant 
0.025642,350,,2.9186791508459864,0.02203091395800954,1.0,,,,False,1,No solution exists for discriminant 
0.025642,375,,2.9186791508459864,0.02203091395800954,1.0,,,,False,1,No solution exists for discriminant 
0.025642,400,,2.9186791508459864,0.02203091395800954,1.0,,,,False,1,No solution exists for discriminant 
0.025642,425,,2.9186791508459864,0.02203091395800954,1.0,,,,False,1,No solution exists for discriminant 
0.025642,450,,2.9186791508459864,0.02203091395800954,1.0,,,,False,1,No solution exists for discriminant 
0.025642,475,,2.9186791508459864,0.02203091395800954,1.0,,,,False,1,No solution exists for discriminant 
0.025642,500,,2.9186791508459864,0.02203091395800954,1.0,,,,False,1,No solution exists for discriminant 
0.025642,525,,2.9186791508459864,0.02203091395800954,1.0,,,,False,1,No solution exists for discriminant 
0.025642,550,,2.9186791508459864,0.02203091395800954,1.0,,,,False,1,No solution exists for discriminant 
0.025642,575,,2.9186791508459864,0.02203091395800954,1.0,,,,False,1,No solution exists for discriminant 
0.025642,600,,2.9186791508459864,0.02203091395800954,1.0,,,,False,1,No solution exists for discriminant 
0.025642,625,,2.9186791508459864,0.02203091395800954,1.0,,,,False,1,No solution exists for discriminant 
0.025642,650,,2.9186791508459864,0.02203091395800954,1.0,,,,False,1,No solution exists for discriminant 
0.025642,675,,2.9186791508459864,0.02203091395800954,1.0,,,,False,1,No solution exists for discriminant 
0.025642,700,,2.9186791508459864,0.02203091395800954,1.0,,,,False,1,No solution exists for discriminant 
0.025642,725,,2.9186791508459864,0.02203091395800954,1.0,,,,False,1,No solution exists for discriminant 
0.025642,750,,2.9186791508459864,0.02203091395800954,1.0,,,,False,1,No solution exists for discriminant 
0.025642,775,,2.9186791508459864,0.02203091395800954,1.0,,,,False,1,No solution exists for discriminant 
0.025642,800,,2.9186791508459864,0.02203091395800954,1.0,,,,False,1,No solution exists for discriminant 
0.025642,825,,2.9186791508459864,0.02203091395800954,1.0,,,,False,1,No solution exists for discriminant 
0.025642,850,,2.9186791508459864,0.02203091395800954,1.0,,,,False,1,No solution exists for discriminant 
0.025642,875,,2.9186791508459864,0.02203091395800954,1.0,,,,False,1,No solution exists for discriminant 
0.025642,900,,2.9186791508459864,0.02203091395800954,1.0,,,,False,1,No solution exists for discriminant 
0.025642,925,,2.9186791508459864,0.02203091395800954,1.0,,,,False,1,No solution exists for discriminant 
0.025642,950,,2.9186791508459864,0.02203091395800954,1.0,,,,False,1,No solution exists for discriminant 
0.025642,975,,2.9186791508459864,0.02203091395800954,1.0,,,,False,1,No solution exists for discriminant 
0.025642,1000,,2.9186791508459864,0.02203091395800954,1.0,,,,False,1,No solution exists for discriminant 
0.025642,1025,,2.9186791508459864,0.02203091395800954,1.0,,,,False,1,No solution exists for discriminant 
0.025642,1050,,2.9186791508459864,0.02203091395800954,1.0,,,,False,1,No solution exists for discriminant 
0.025642,1075,,2.9186791508459864,0.02203091395800954,1.0,,,,False,1,No solution exists for discriminant 
0.025642,1100,,2.9186791508459864,0.02203091395800954,1.0,,,,False,1,No solution exists for discriminant 
0.025642,1125,,2.9186791508459864,0.02203091395800954,1.0,,,,False,1,No solution exists for discriminant 
0.025642,1150,,2.9186791508459864,0.02203091395800954,1.0,,,,False,1,No solution exists for discriminant 
0.025642,1175,,2.9186791508459864,0.02203091395800954,1.0,,,,False,1,No solution exists for discriminant 
0.025642,1200,,2.9186791508459864,0.02203091395800954,1.0,,,,False,1,No solution exists for discriminant 
0.025642,1225,,2.9186791508459864,0.02203091395800954,1.0,,,,False,1,No solution exists for discriminant 
0.025642,1250,,2.9186791508459864,0.02203091395800954,1.0,,,,False,1,No solution exists for discriminant 
0.025642,1275,,2.9186791508459864,0.02203091395800954,1.0,,,,False,1,No solution exists for discriminant 
0.025642,1300,,2.9186791508459864,0.02203091395800954,1.0,,,,False,1,No solution exists for discriminant 
0.025642,1325,,2.9186791508459864,0.02203091395800954,1.0,,,,False,1,No solution exists for discriminant 
0.025642,1350,,2.9186791508459864,0.02203091395800954,1.0,,,,False,1,No solution exists for discriminant 
0.025642,1375,,2.9186791508459864,0.02203091395800954,1.0,,,,False,1,No solution exists for discriminant 
0.025642,1400,,2.9186791508459864,0.02203091395800954,1.0,,,,False,1,No solution exists for discriminant 
0.025642,1425,,2.9186791508459864,0.02203091395800954,1.0,,,,False,1,No solution exists for discriminant 
0.025642,1450,,2.9186791508459864,0.02203091395800954,1.0,,,,False,1,No solution exists for discriminant 
0.025642,1475,,2.9186791508459864,0.02203091395800954,1.0,,,,False,1,No solution exists for discriminant 
0.025642,1500,,2.9186791508459864,0.02203091395800954,1.0,,,,False,1,No solution exists for discriminant 
0.025642,1525,,2.9186791508459864,0.02203091395800954,1.0,,,,False,1,No solution exists for discriminant 
0.051283,-100,-25.925925925925927,3.0951714147948897,0.019270390130657344,3.5351890981001857,3.594774121886006,-93.19784760445201,-6.802152395547992,False,2,
0.051283,-75,-21.384249540397395,3.0951714147948897,0.01927039013065735,2.741570453897102,3.5072542460896776,-75.0,0.0,True,2,
0.051283,-50,-14.79194548095287,3.0951714147948897,0.019270390130657344,1.8964032667888295,3.3802179750042654,-50.00000000000001,7.105427357601002e-15,True,2,
0.051283,-25,-7.707263598936397,3.0951714147948897,0.01927039013065735,0.9881107178123586,3.2436933911862083,-25.00000000000002,2.1316282072803006e-14,True,2,
0.051283,0,0.0,3.0951714147948897,0.019270390130657348,0.0,3.0951714147948897,0.0,0.0,True,1,
0.051283,25,8.530115225265575,3.0951714147948897,0.019270390130657355,1.0936045160596892,2.930792766544562,24.999999999999986,1.4210854715202004e-14,True,2,
0.051283,50,18.221311111223372,3.0951714147948897,0.019270390130657344,2.3360655270799193,2.744039640989534,49.999999999999986,1.4210854715202004e-14,True,2,
0.051283,75,29.73673572949976,3.0951714147948897,0.01927039013065734,3.812402016602533,2.522132916075172,74.99999999999999,1.4210854715202004e-14,True,2,
0.051283,100,44.80932823319673,3.0951714147948897,0.01927039013065735,5.744785670922658,2.23167817824851,100.0,0.0,True,2,
0.051283,125,,3.0951714147948897,0.019270390130657348,1.0,,,,False,1,No solution exists for discriminant 
0.051283,150,,3.0951714147948897,0.019270390130657348,1.0,,,,False,1,No solution exists for discriminant 
0.051283,175,,3.0951714147948897,0.019270390130657348,1.0,,,,False,1,No solution exists for discriminant 
0.051283,200,,3.0951714147948897,0.019270390130657348,1.0,,,,False,1,No solution exists for discriminant 
0.051283,225,,3.0951714147948897,0.019270390130657348,1.0,,,,False,1,No solution exists for discriminant 
0.051283,250,,3.0951714147948897,0.019270390130657348,1.0,,,,False,1,No solution exists for discriminant 
0.051283,275,,3.0951714147948897,0.019270390130657348,1.0,,,,False,1,No solution exists for discriminant 
0.051283,300,,3.0951714147948897,0.019270390130657348,1.0,,,,False,1,No solution exists for discriminant 
0.051283,325,,3.0951714147948897,0.019270390130657348,1.0,,,,False,1,No solution exists for discriminant 
0.051283,350,,3.0951714147948897,0.019270390130657348,1.0,,,,False,1,No solution exists for discriminant 
0.051283,375,,3.0951714147948897,0.019270390130657348,1.0,,,,False,1,No solution exists for discriminant 
0.051283,400,,3.0951714147948897,0.019270390130657348,1.0,,,,False,1,No solution exists for discriminant 
0.051283,425,,3.0951714147948897,0.019270390130657348,1.0,,,,False,1,No solution exists for discriminant 
0.051283,450,,3.0951714147948897,0.019270390130657348,1.0,,,,False,1,No solution exists for discriminant 
0.051283,475,,3.0951714147948897,0.019270390130657348,1.0,,,,False,1,No solution exists for discriminant 
0.051283,500,,3.0951714147948897,0.019270390130657348,1.0,,,,False,1,No solution exists for discriminant 
0.051283,525,,3.0951714147948897,0.019270390130657348,1.0,,,,False,1,No solution exists for discriminant 
0.051283,550,,3.0951714147948897,0.019270390130657348,1.0,,,,False,1,No solution exists for discriminant 
0.051283,575,,3.0951714147948897,0.019270390130657348,1.0,,,,False,1,No solution exists for discriminant 
0.051283,600,,3.0951714147948897,0.019270390130657348,1.0,,,,False,1,No solution exists for discriminant 
0.051283,625,,3.0951714147948897,0.019270390130657348,1.0,,,,False,1,No solution exists for discriminant 
0.051283,650,,3.0951714147948897,0.019270390130657348,1.0,,,,False,1,No solution exists for discriminant 
0.051283,675,,3.0951714147948897,0.019270390130657348,1.0,,,,False,1,No solution exists for discriminant 
0.051283,700,,3.0951714147948897,0.019270390130657348,1.0,,,,False,1,No solution exists for discriminant 
0.051283,725,,3.0951714147948897,0.019270390130657348,1.0,,,,False,1,No solution exists for discriminant 
0.051283,750,,3.0951714147948897,0.019270390130657348,1.0,,,,False,1,No solution exists for discriminant 
0.051283,775,,3.0951714147948897,0.019270390130657348,1.0,,,,False,1,No solution exists for discriminant 
0.051283,800,,3.0951714147948897,0.019270390130657348,1.0,,,,False,1,No solution exists for discriminant 
0.051283,825,,3.0951714147948897,0.019270390130657348,1.0,,,,False,1,No solution exists for discriminant 
0.051283,850,,3.0951714147948897,0.019270390130657348,1.0,,,,False,1,No solution exists for discriminant 
0.051283,875,,3.0951714147948897,0.019270390130657348,1.0,,,,False,1,No solution exists for discriminant 
0.051283,900,,3.0951714147948897,0.019270390130657348,1.0,,,,False,1,No solution exists for discriminant 
0.051283,925,,3.0951714147948897,0.019270390130657348,1.0,,,,False,1,No solution exists for discriminant 
0.051283,950,,3.0951714147948897,0.019270390130657348,1.0,,,,False,1,No solution exists for discriminant 
0.051283,975,,3.0951714147948897,0.019270390130657348,1.0,,,,False,1,No solution exists for discriminant 
0.051283,1000,,3.0951714147948897,0.019270390130657348,1.0,,,,False,1,No solution exists for discriminant 
0.051283,1025,,3.0951714147948897,0.019270390130657348,1.0,,,,False,1,No solution exists for discriminant 
0.051283,1050,,3.0951714147948897,0.019270390130657348,1.0,,,,False,1,No solution exists for discriminant 
0.051283,1075,,3.0951714147948897,0.019270390130657348,1.0,,,,False,1,No solution exists for discriminant 
0.051283,1100,,3.0951714147948897,0.019270390130657348,1.0,,,,False,1,No solution exists for discriminant 
0.051283,1125,,3.0951714147948897,0.019270390130657348,1.0,,,,False,1,No solution exists for discriminant 
0.051283,1150,,3.0951714147948897,0.019270390130657348,1.0,,,,False,1,No solution exists for discriminant 
0.051283,1175,,3.0951714147948897,0.019270390130657348,1.0,,,,False,1,No solution exists for discriminant 
0.051283,1200,,3.0951714147948897,0.019270390130657348,1.0,,,,False,1,No solution exists for discriminant 
0.051283,1225,,3.0951714147948897,0.019270390130657348,1.0,,,,False,1,No solution exists for discriminant 
0.051283,1250,,3.0951714147948897,0.019270390130657348,1.0,,,,False,1,No solution exists for discriminant 
0.051283,1275,,3.0951714147948897,0.019270390130657348,1.0,,,,False,1,No solution exists for discriminant 
0.051283,1300,,3.0951714147948897,0.019270390130657348,1.0,,,,False,1,No solution exists for discriminant 
0.051283,1325,,3.0951714147948897,0.019270390130657348,1.0,,,,False,1,No solution exists for discriminant 
0.051283,1350,,3.0951714147948897,0.019270390130657348,1.0,,,,False,1,No solution exists for discriminant 
0.051283,1375,,3.0951714147948897,0.019270390130657348,1.0,,,,False,1,No solution exists for discriminant 
0.051283,1400,,3.0951714147948897,0.019270390130657348,1.0,,,,False,1,No solution exists for discriminant 
0.051283,1425,,3.0951714147948897,0.019270390130657348,1.0,,,,False,1,No solution exists for discriminant 
0.051283,1450,,3.0951714147948897,0.019270390130657348,1.0,,,,False,1,No solution exists for discriminant 
0.051283,1475,,3.0951714147948897,0.019270390130657348,1.0,,,,False,1,No solution exists for discriminant 
0.051283,1500,,3.0951714147948897,0.019270390130657348,1.0,,,,False,1,No solution exists for discriminant 
0.051283,1525,,3.0951714147948897,0.019270390130657348,1.0,,,,False,1,No solution exists for discriminant 
0.076924,-100,-25.925925925925927,3.1878008508191624,0.017684124535516703,3.4936162731201543,3.6462781535918176,-94.53313731534342,-5.466862684656576,False,2,
0.076924,-75,-21.06548915824379,3.1878008508191624,0.017684124535516703,2.7007037382363834,3.5603255844951223,-74.99999999999999,-1.4210854715202004e-14,True,2,
0.076924,-50,-14.515888064813028,3.1878008508191624,0.01768412453551671,1.8610112903606446,3.444501623100937,-49.99999999999999,-7.105427357601002e-15,True,2,
0.076924,-25,-7.528017947971777,3.1878008508191624,0.017684124535516696,0.9651305061502278,3.3209272577167,-25.000000000000014,1.4210854715202004e-14,True,2,
0.076924,0,0.0,3.1878008508191624,0.0176841245355167,0.0,3.1878008508191624,0.0,0.0,True,1,
0.076924,25,8.216950430163283,3.1878008508191624,0.017684124535516703,1.0534551833542671,3.0424912761099874,24.999999999999996,3.552713678800501e-15,True,2,
0.076924,50,17.35581751123109,3.1878008508191624,0.0176841245355167,2.2251048091321914,2.8808784125348503,49.999999999999986,1.4210854715202004e-14,True,2,
0.076924,75,27.820930628651862,3.1878008508191624,0.017684124535516703,3.56678597803229,2.695812048888112,75.0,0.0,True,2,
0.076924,100,40.44332167599073,3.1878008508191624,0.017684124535516703,5.185041240511632,2.4725961136709804,100.0,0.0,True,2,
0.076924,125,57.64727274239978,3.1878008508191624,0.017684124535516703,7.390675992615356,2.1683593005096675,125.0,0.0,True,2,
0.076924,150,,3.1878008508191624,0.0176841245355167,1.0,,,,False,1,No solution exists for discriminant 
0.076924,175,,3.1878008508191624,0.0176841245355167,1.0,,,,False,1,No solution exists for discriminant 
0.076924,200,,3.1878008508191624,0.0176841245355167,1.0,,,,False,1,No solution exists for discriminant 
0.076924,225,,3.1878008508191624,0.0176841245355167,1.0,,,,False,1,No solution exists for discriminant 
0.076924,250,,3.1878008508191624,0.0176841245355167,1.0,,,,False,1,No solution exists for discriminant 
0.076924,275,,3.1878008508191624,0.0176841245355167,1.0,,,,False,1,No solution exists for discriminant 
0.076924,300,,3.1878008508191624,0.0176841245355167,1.0,,,,False,1,No solution exists for discriminant 
0.076924,325,,3.1878008508191624,0.0176841245355167,1.0,,,,False,1,No solution exists for discriminant 
0.076924,350,,3.1878008508191624,0.0176841245355167,1.0,,,,False,1,No solution exists for discriminant 
0.076924,375,,3.1878008508191624,0.0176841245355167,1.0,,,,False,1,No solution exists for discriminant 
0.076924,400,,3.1878008508191624,0.0176841245355167,1.0,,,,False,1,No solution exists for discriminant 
0.076924,425,,3.1878008508191624,0.0176841245355167,1.0,,,,False,1,No solution exists for discriminant 
0.076924,450,,3.1878008508191624,0.0176841245355167,1.0,,,,False,1,No solution exists for discriminant 
0.076924,475,,3.1878008508191624,0.0176841245355167,1.0,,,,False,1,No solution exists for discriminant 
0.076924,500,,3.1878008508191624,0.0176841245355167,1.0,,,,False,1,No solution exists for discriminant 
0.076924,525,,3.1878008508191624,0.0176841245355167,1.0,,,,False,1,No solution exists for discriminant 
0.076924,550,,3.1878008508191624,0.0176841245355167,1.0,,,,False,1,No solution exists for discriminant 
0.076924,575,,3.1878008508191624,0.0176841245355167,1.0,,,,False,1,No solution exists for discriminant 
0.076924,600,,3.1878008508191624,0.0176841245355167,1.0,,,,False,1,No solution exists for discriminant 
0.076924,625,,3.1878008508191624,0.0176841245355167,1.0,,,,False,1,No solution exists for discriminant 
0.076924,650,,3.1878008508191624,0.0176841245355167,1.0,,,,False,1,No solution exists for discriminant 
0.076924,675,,3.1878008508191624,0.0176841245355167,1.0,,,,False,1,No solution exists for discriminant 
0.076924,700,,3.1878008508191624,0.0176841245355167,1.0,,,,False,1,No solution exists for discriminant 
0.076924,725,,3.1878008508191624,0.0176841245355167,1.0,,,,False,1,No solution exists for discriminant 
0.076924,750,,3.1878008508191624,0.0176841245355167,1.0,,,,False,1,No solution exists for discriminant 
0.076924,775,,3.1878008508191624,0.0176841245355167,1.0,,,,False,1,No solution exists for discriminant 
0.076924,800,,3.1878008508191624,0.0176841245355167,1.0,,,,False,1,No solution exists for discriminant 
0.076924,825,,3.1878008508191624,0.0176841245355167,1.0,,,,False,1,No solution exists for discriminant 
0.076924,850,,3.1878008508191624,0.0176841245355167,1.0,,,,False,1,No solution exists for discriminant 
0.076924,875,,3.1878008508191624,0.0176841245355167,1.0,,,,False,1,No solution exists for discriminant 
0.076924,900,,3.1878008508191624,0.0176841245355167,1.0,,,,False,1,No solution exists for discriminant 
0.076924,925,,3.1878008508191624,0.0176841245355167,1.0,,,,False,1,No solution exists for discriminant 
0.076924,950,,3.1878008508191624,0.0176841245355167,1.0,,,,False,1,No solution exists for discriminant 
0.076924,975,,3.1878008508191624,0.0176841245355167,1.0,,,,False,1,No solution exists for discriminant 
0.076924,1000,,3.1878008508191624,0.0176841245355167,1.0,,,,False,1,No solution exists for discriminant 
0.076924,1025,,3.1878008508191624,0.0176841245355167,1.0,,,,False,1,No solution exists for discriminant 
0.076924,1050,,3.1878008508191624,0.0176841245355167,1.0,,,,False,1,No solution exists for discriminant 
0.076924,1075,,3.1878008508191624,0.0176841245355167,1.0,,,,False,1,No solution exists for discriminant 
0.076924,1100,,3.1878008508191624,0.0176841245355167,1.0,,,,False,1,No solution exists for discriminant 
0.076924,1125,,3.1878008508191624,0.0176841245355167,1.0,,,,False,1,No solution exists for discriminant 
0.076924,1150,,3.1878008508191624,0.0176841245355167,1.0,,,,False,1,No solution exists for discriminant 
0.076924,1175,,3.1878008508191624,0.0176841245355167,1.0,,,,False,1,No solution exists for discriminant 
0.076924,1200,,3.1878008508191624,0.0176841245355167,1.0,,,,False,1,No solution exists for discriminant 
0.076924,1225,,3.1878008508191624,0.0176841245355167,1.0,,,,False,1,No solution exists for discriminant 
0.076924,1250,,3.1878008508191624,0.0176841245355167,1.0,,,,False,1,No solution exists for discriminant 
0.076924,1275,,3.1878008508191624,0.0176841245355167,1.0,,,,False,1,No solution exists for discriminant 
0.076924,1300,,3.1878008508191624,0.0176841245355167,1.0,,,,False,1,No solution exists for discriminant 
0.076924,1325,,3.1878008508191624,0.0176841245355167,1.0,,,,False,1,No solution exists for discriminant 
0.076924,1350,,3.1878008508191624,0.0176841245355167,1.0,,,,False,1,No solution exists for discriminant 
0.076924,1375,,3.1878008508191624,0.0176841245355167,1.0,,,,False,1,No solution exists for discriminant 
0.076924,1400,,3.1878008508191624,0.0176841245355167,1.0,,,,False,1,No solution exists for discriminant 
0.076924,1425,,3.1878008508191624,0.0176841245355167,1.0,,,,False,1,No solution exists for discriminant 
0.076924,1450,,3.1878008508191624,0.0176841245355167,1.0,,,,False,1,No solution exists for discriminant 
0.076924,1475,,3.1878008508191624,0.0176841245355167,1.0,,,,False,1,No solution exists for discriminant 
0.076924,1500,,3.1878008508191624,0.0176841245355167,1.0,,,,False,1,No solution exists for discriminant 
0.076924,1525,,3.1878008508191624,0.0176841245355167,1.0,,,,False,1,No solution exists for discriminant 
0.102565,-100,-25.925925925925927,3.2477647115702677,0.016883652270457468,3.461605354664453,3.685489029693239,-95.54971558463953,-4.450284415360471,False,2,
0.102565,-75,-20.83593022936881,3.2477647115702677,0.016883652270457468,2.6712731063293345,3.5995513122944436,-74.99999999999997,-2.842170943040401e-14,True,2,
0.102565,-50,-14.327988073240553,3.2477647115702677,0.01688365227045747,1.836921547851353,3.489673479934123,-49.99999999999997,-2.842170943040401e-14,True,2,
0.102565,-25,-7.4120052005065284,3.2477647115702677,0.016883652270457464,0.9502570769880165,3.372906430002442,-25.00000000000001,1.0658141036401503e-14,True,2,
0.102565,0,0.0,3.2477647115702677,0.016883652270457468,0.0,3.2477647115702677,0.0,0.0,True,1,
0.102565,25,8.033064764407213,3.2477647115702677,0.016883652270457468,1.0298800980009246,3.112137239421952,25.000000000000018,-1.7763568394002505e-14,True,2,
0.102565,50,16.875692431654194,3.2477647115702677,0.016883652270457468,2.1635503117505377,2.9628413887310274,50.0,0.0,True,2,
0.102565,75,26.83689733960961,3.2477647115702677,0.016883652270457468,3.440627864052514,2.794659868870334,75.00000000000001,-1.4210854715202004e-14,True,2,
0.102565,100,38.493250043752234,3.2477647115702677,0.016883652270457475,4.935032056891312,2.597858063071783,100.0,0.0,True,2,
0.102565,125,53.202553120538816,3.2477647115702677,0.016883652270457468,6.820840143658823,2.349511304782548,124.99999999999999,1.4210854715202004e-14,True,2,
0.102565,150,77.03908910221926,3.2477647115702677,0.016883652270457468,9.876806295156316,1.9470635199356083,150.0,0.0,True,2,
0.102565,175,,3.2477647115702677,0.01688365227045747,1.0,,,,False,1,No solution exists for discriminant 
0.102565,200,,3.2477647115702677,0.01688365227045747,1.0,,,,False,1,No solution exists for discriminant 
0.102565,225,,3.2477647115702677,0.01688365227045747,1.0,,,,False,1,No solution exists for discriminant 
0.102565,250,,3.2477647115702677,0.01688365227045747,1.0,,,,False,1,No solution exists for discriminant 
0.102565,275,,3.2477647115702677,0.01688365227045747,1.0,,,,False,1,No solution exists for discriminant 
0.102565,300,,3.2477647115702677,0.01688365227045747,1.0,,,,False,1,No solution exists for discriminant 
0.102565,325,,3.2477647115702677,0.01688365227045747,1.0,,,,False,1,No solution exists for discriminant 
0.102565,350,,3.2477647115702677,0.01688365227045747,1.0,,,,False,1,No solution exists for discriminant 
0.102565,375,,3.2477647115702677,0.01688365227045747,1.0,,,,False,1,No solution exists for discriminant 
0.102565,400,,3.2477647115702677,0.01688365227045747,1.0,,,,False,1,No solution exists for discriminant 
0.102565,425,,3.2477647115702677,0.01688365227045747,1.0,,,,False,1,No solution exists for discriminant 
0.102565,450,,3.2477647115702677,0.01688365227045747,1.0,,,,False,1,No solution exists for discriminant 
0.102565,475,,3.2477647115702677,0.01688365227045747,1.0,,,,False,1,No solution exists for discriminant 
0.102565,500,,3.2477647115702677,0.01688365227045747,1.0,,,,False,1,No solution exists for discriminant 
0.102565,525,,3.2477647115702677,0.01688365227045747,1.0,,,,False,1,No solution exists for discriminant 
0.102565,550,,3.2477647115702677,0.01688365227045747,1.0,,,,False,1,No solution exists for discriminant 
0.102565,575,,3.2477647115702677,0.01688365227045747,1.0,,,,False,1,No solution exists for discriminant 
0.102565,600,,3.2477647115702677,0.01688365227045747,1.0,,,,False,1,No solution exists for discriminant 
0.102565,625,,3.2477647115702677,0.01688365227045747,1.0,,,,False,1,No solution exists for discriminant 
0.102565,650,,3.2477647115702677,0.01688365227045747,1.0,,,,False,1,No solution exists for discriminant 
0.102565,675,,3.2477647115702677,0.01688365227045747,1.0,,,,False,1,No solution exists for discriminant 
0.102565,700,,3.2477647115702677,0.01688365227045747,1.0,,,,False,1,No solution exists for discriminant 
0.102565,725,,3.2477647115702677,0.01688365227045747,1.0,,,,False,1,No solution exists for discriminant 
0.102565,750,,3.2477647115702677,0.01688365227045747,1.0,,,,False,1,No solution exists for discriminant 
0.102565,775,,3.2477647115702677,0.01688365227045747,1.0,,,,False,1,No solution exists for discriminant 
0.102565,800,,3.2477647115702677,0.01688365227045747,1.0,,,,False,1,No solution exists for discriminant 
0.102565,825,,3.2477647115702677,0.01688365227045747,1.0,,,,False,1,No solution exists for discriminant 
0.102565,850,,3.2477647115702677,0.01688365227045747,1.0,,,,False,1,No solution exists for discriminant 
0.102565,875,,3.2477647115702677,0.01688365227045747,1.0,,,,False,1,No solution exists for discriminant 
0.102565,900,,3.2477647115702677,0.01688365227045747,1.0,,,,False,1,No solution exists for discriminant 
0.102565,925,,3.2477647115702677,0.01688365227045747,1.0,,,,False,1,No solution exists for discriminant 
0.102565,950,,3.2477647115702677,0.01688365227045747,1.0,,,,False,1,No solution exists for discriminant 
0.102565,975,,3.2477647115702677,0.01688365227045747,1.0,,,,False,1,No solution exists for discriminant 
0.102565,1000,,3.2477647115702677,0.01688365227045747,1.0,,,,False,1,No solution exists for discriminant 
0.102565,1025,,3.2477647115702677,0.01688365227045747,1.0,,,,False,1,No solution exists for discriminant 
0.102565,1050,,3.2477647115702677,0.01688365227045747,1.0,,,,False,1,No solution exists for discriminant 
0.102565,1075,,3.2477647115702677,0.01688365227045747,1.0,,,,False,1,No solution exists for discriminant 
0.102565,1100,,3.2477647115702677,0.01688365227045747,1.0,,,,False,1,No solution exists for discriminant 
0.102565,1125,,3.2477647115702677,0.01688365227045747,1.0,,,,False,1,No solution exists for discriminant 
0.102565,1150,,3.2477647115702677,0.01688365227045747,1.0,,,,False,1,No solution exists for discriminant 
0.102565,1175,,3.2477647115702677,0.01688365227045747,1.0,,,,False,1,No solution exists for discriminant 
0.102565,1200,,3.2477647115702677,0.01688365227045747,1.0,,,,False,1,No solution exists for discriminant 
0.102565,1225,,3.2477647115702677,0.01688365227045747,1.0,,,,False,1,No solution exists for discriminant 
0.102565,1250,,3.2477647115702677,0.01688365227045747,1.0,,,,False,1,No solution exists for discriminant 
0.102565,1275,,3.2477647115702677,0.01688365227045747,1.0,,,,False,1,No solution exists for discriminant 
0.102565,1300,,3.2477647115702677,0.01688365227045747,1.0,,,,False,1,No solution exists for discriminant 
0.102565,1325,,3.2477647115702677,0.01688365227045747,1.0,,,,False,1,No solution exists for discriminant 
0.102565,1350,,3.2477647115702677,0.01688365227045747,1.0,,,,False,1,No solution exists for discriminant 
0.102565,1375,,3.2477647115702677,0.01688365227045747,1.0,,,,False,1,No solution exists for discriminant 
0.102565,1400,,3.2477647115702677,0.01688365227045747,1.0,,,,False,1,No solution exists for discriminant 
0.102565,1425,,3.2477647115702677,0.01688365227045747,1.0,,,,False,1,No solution exists for discriminant 
0.102565,1450,,3.2477647115702677,0.01688365227045747,1.0,,,,False,1,No solution exists for discriminant 
0.102565,1475,,3.2477647115702677,0.01688365227045747,1.0,,,,False,1,No solution exists for discriminant 
0.102565,1500,,3.2477647115702677,0.01688365227045747,1.0,,,,False,1,No solution exists for discriminant 
0.102565,1525,,3.2477647115702677,0.01688365227045747,1.0,,,,False,1,No solution exists for discriminant 
0.12820600000000001,-100,-25.925925925925927,3.3117616513599906,0.01651045074802523,3.417139454069913,3.739810374456941,-96.95804674517996,-3.0419532548200436,False,2,
0.12820600000000001,-75,-20.542705525747234,3.3117616513599906,0.016510450748025225,2.63368019560862,3.650930979174026,-75.00000000000003,2.842170943040401e-14,True,2,
0.12820600000000001,-50,-14.105749379927722,3.3117616513599906,0.016510450748025228,1.8084294076830414,3.5446539317612746,-49.999999999999964,-3.552713678800501e-14,True,2,
0.12820600000000001,-25,-7.284320589076093,3.3117616513599906,0.016510450748025225,0.9338872550097556,3.4320290676787577,-25.000000000000004,3.552713678800501e-15,True,2,
0.12820600000000001,0,0.0,3.3117616513599906,0.016510450748025228,0.0,3.3117616513599906,0.0,0.0,True,1,
0.12820600000000001,25,7.856580406196663,3.3117616513599906,0.016510450748025225,1.0072538982303414,3.1820459675155806,25.000000000000014,-1.4210854715202004e-14,True,2,
0.12820600000000001,50,16.446131693366436,3.3117616513599906,0.016510450748025228,2.108478422226466,3.0402286040411273,49.99999999999998,2.1316282072803006e-14,True,2,
0.12820600000000001,75,26.022529651249418,3.3117616513599906,0.016510450748025235,3.3362217501601816,2.8821179572140108,75.0,0.0,True,2,
0.12820600000000001,100,37.03236538159053,3.3117616513599906,0.016510450748025228,4.747739151485965,2.7003406066443656,99.99999999999997,2.842170943040401e-14,True,2,
0.12820600000000001,125,50.41602637481626,3.3117616513599906,0.016510450748025225,6.463593124976444,2.4793703309874457,124.99999999999999,1.4210854715202004e-14,True,2,
0.12820600000000001,150,69.09178299476271,3.3117616513599906,0.01651045074802522,8.85792089676445,2.1710251711317143,149.99999999999997,2.842170943040401e-14,True,2,
0.12820600000000001,175,,3.3117616513599906,0.016510450748025228,1.0,,,,False,1,No solution exists for discriminant 
0.12820600000000001,200,,3.3117616513599906,0.016510450748025228,1.0,,,,False,1,No solution exists for discriminant 
0.12820600000000001,225,,3.3117616513599906,0.016510450748025228,1.0,,,,False,1,No solution exists for discriminant 
0.12820600000000001,250,,3.3117616513599906,0.016510450748025228,1.0,,,,False,1,No solution exists for discriminant 
0.12820600000000001,275,,3.3117616513599906,0.016510450748025228,1.0,,,,False,1,No solution exists for discriminant 
0.12820600000000001,300,,3.3117616513599906,0.016510450748025228,1.0,,,,False,1,No solution exists for discriminant 
0.12820600000000001,325,,3.3117616513599906,0.016510450748025228,1.0,,,,False,1,No solution exists for discriminant 
0.12820600000000001,350,,3.3117616513599906,0.016510450748025228,1.0,,,,False,1,No solution exists for discriminant 
0.12820600000000001,375,,3.3117616513599906,0.016510450748025228,1.0,,,,False,1,No solution exists for discriminant 
0.12820600000000001,400,,3.3117616513599906,0.016510450748025228,1.0,,,,False,1,No solution exists for discriminant 
0.12820600000000001,425,,3.3117616513599906,0.016510450748025228,1.0,,,,False,1,No solution exists for discriminant 
0.12820600000000001,450,,3.3117616513599906,0.016510450748025228,1.0,,,,False,1,No solution exists for discriminant 
0.12820600000000001,475,,3.3117616513599906,0.016510450748025228,1.0,,,,False,1,No solution exists for discriminant 
0.12820600000000001,500,,3.3117616513599906,0.016510450748025228,1.0,,,,False,1,No solution exists for discriminant 
0.12820600000000001,525,,3.3117616513599906,0.016510450748025228,1.0,,,,False,1,No solution exists for discriminant 
0.12820600000000001,550,,3.3117616513599906,0.016510450748025228,1.0,,,,False,1,No solution exists for discriminant 
0.12820600000000001,575,,3.3117616513599906,0.016510450748025228,1.0,,,,False,1,No solution exists for discriminant 
0.12820600000000001,600,,3.3117616513599906,0.016510450748025228,1.0,,,,False,1,No solution exists for discriminant 
0.12820600000000001,625,,3.3117616513599906,0.016510450748025228,1.0,,,,False,1,No solution exists for discriminant 
0.12820600000000001,650,,3.3117616513599906,0.016510450748025228,1.0,,,,False,1,No solution exists for discriminant 
0.12820600000000001,675,,3.3117616513599906,0.016510450748025228,1.0,,,,False,1,No solution exists for discriminant 
0.12820600000000001,700,,3.3117616513599906,0.016510450748025228,1.0,,,,False,1,No solution exists for discriminant 
0.12820600000000001,725,,3.3117616513599906,0.016510450748025228,1.0,,,,False,1,No solution exists for discriminant 
0.12820600000000001,750,,3.3117616513599906,0.016510450748025228,1.0,,,,False,1,No solution exists for discriminant 
0.12820600000000001,775,,3.3117616513599906,0.016510450748025228,1.0,,,,False,1,No solution exists for discriminant 
0.12820600000000001,800,,3.3117616513599906,0.016510450748025228,1.0,,,,False,1,No solution exists for discriminant 
0.12820600000000001,825,,3.3117616513599906,0.016510450748025228,1.0,,,,False,1,No solution exists for discriminant 
0.12820600000000001,850,,3.3117616513599906,0.016510450748025228,1.0,,,,False,1,No solution exists for discriminant 
0.12820600000000001,875,,3.3117616513599906,0.016510450748025228,1.0,,,,False,1,No solution exists for discriminant 
0.12820600000000001,900,,3.3117616513599906,0.016510450748025228,1.0,,,,False,1,No solution exists for discriminant 
0.12820600000000001,925,,3.3117616513599906,0.016510450748025228,1.0,,,,False,1,No solution exists for discriminant 
0.12820600000000001,950,,3.3117616513599906,0.016510450748025228,1.0,,,,False,1,No solution exists for discriminant 
0.12820600000000001,975,,3.3117616513599906,0.016510450748025228,1.0,,,,False,1,No solution exists for discriminant 
0.12820600000000001,1000,,3.3117616513599906,0.016510450748025228,1.0,,,,False,1,No solution exists for discriminant 
0.12820600000000001,1025,,3.3117616513599906,0.016510450748025228,1.0,,,,False,1,No solution exists for discriminant 
0.12820600000000001,1050,,3.3117616513599906,0.016510450748025228,1.0,,,,False,1,No solution exists for discriminant 
0.12820600000000001,1075,,3.3117616513599906,0.016510450748025228,1.0,,,,False,1,No solution exists for discriminant 
0.12820600000000001,1100,,3.3117616513599906,0.016510450748025228,1.0,,,,False,1,No solution exists for discriminant 
0.12820600000000001,1125,,3.3117616513599906,0.016510450748025228,1.0,,,,False,1,No solution exists for discriminant 
0.12820600000000001,1150,,3.3117616513599906,0.016510450748025228,1.0,,,,False,1,No solution exists for discriminant 
0.12820600000000001,1175,,3.3117616513599906,0.016510450748025228,1.0,,,,False,1,No solution exists for discriminant 
0.12820600000000001,1200,,3.3117616513599906,0.016510450748025228,1.0,,,,False,1,No solution exists for discriminant 
0.12820600000000001,1225,,3.3117616513599906,0.016510450748025228,1.0,,,,False,1,No solution exists for discriminant 
0.12820600000000001,1250,,3.3117616513599906,0.016510450748025228,1.0,,,,False,1,No solution exists for discriminant 
0.12820600000000001,1275,,3.3117616513599906,0.016510450748025228,1.0,,,,False,1,No solution exists for discriminant 
0.12820600000000001,1300,,3.3117616513599906,0.016510450748025228,1.0,,,,False,1,No solution exists for discriminant 
0.12820600000000001,1325,,3.3117616513599906,0.016510450748025228,1.0,,,,False,1,No solution exists for discriminant 
0.12820600000000001,1350,,3.3117616513599906,0.016510450748025228,1.0,,,,False,1,No solution exists for discriminant 
0.12820600000000001,1375,,3.3117616513599906,0.016510450748025228,1.0,,,,False,1,No solution exists for discriminant 
0.12820600000000001,1400,,3.3117616513599906,0.016510450748025228,1.0,,,,False,1,No solution exists for discriminant 
0.12820600000000001,1425,,3.3117616513599906,0.016510450748025228,1.0,,,,False,1,No solution exists for discriminant 
0.12820600000000001,1450,,3.3117616513599906,0.016510450748025228,1.0,,,,False,1,No solution exists for discriminant 
0.12820600000000001,1475,,3.3117616513599906,0.016510450748025228,1.0,,,,False,1,No solution exists for discriminant 
0.12820600000000001,1500,,3.3117616513599906,0.016510450748025228,1.0,,,,False,1,No solution exists for discriminant 
0.12820600000000001,1525,,3.3117616513599906,0.016510450748025228,1.0,,,,False,1,No solution exists for discriminant 
0.153847,-100,-25.925925925925927,3.3734268136467844,0.016295143743334777,3.372027816258616,3.7958935032887973,-98.41205378896882,-1.5879462110311806,False,2,
0.153847,-75,-20.251507322685846,3.3734268136467844,0.01629514374333478,2.5963470926520316,3.7034280364891474,-75.00000000000003,2.842170943040401e-14,True,2,
0.153847,-50,-13.889802738238373,3.3734268136467844,0.01629514374333478,1.7807439407997914,3.5997631458329438,-50.0,0.0,True,2,
0.153847,-25,-7.163017529521435,3.3734268136467844,0.016295143743334784,0.9183355807078762,3.490149213926363,-24.999999999999993,-7.105427357601002e-15,True,2,
0.153847,0,0.0,3.3734268136467844,0.016295143743334777,0.0,3.3734268136467844,0.0,0.0,True,1,
0.153847,25,7.697038493478715,3.3734268136467844,0.016295143743334774,0.9867998068562455,3.248002464997568,25.000000000000032,-3.197442310920451e-14,True,2,
0.153847,50,16.069006522844674,3.3734268136467844,0.016295143743334784,2.060129041390343,3.111580042544446,50.000000000000014,-1.4210854715202004e-14,True,2,
0.153847,75,25.33243656479198,3.3734268136467844,0.016295143743334777,3.2477482775374336,2.9606311184545895,75.00000000000001,-1.4210854715202004e-14,True,2,
0.153847,100,35.8525097732063,3.3734268136467844,0.016295143743334784,4.596475611949526,2.7892050133330724,99.99999999999999,1.4210854715202004e-14,True,2,
0.153847,125,48.34351300399915,3.3734268136467844,0.01629514374333478,6.197886282563994,2.585662320188844,124.99999999999999,1.4210854715202004e-14,True,2,
0.153847,150,64.66224540346725,3.3734268136467844,0.016295143743334777,8.29003146198298,2.319746230030497,150.0,0.0,True,2,
0.153847,175,,3.3734268136467844,0.01629514374333478,1.0,,,,False,1,No solution exists for discriminant 
0.153847,200,,3.3734268136467844,0.01629514374333478,1.0,,,,False,1,No solution exists for discriminant 
0.153847,225,,3.3734268136467844,0.01629514374333478,1.0,,,,False,1,No solution exists for discriminant 
0.153847,250,,3.3734268136467844,0.01629514374333478,1.0,,,,False,1,No solution exists for discriminant 
0.153847,275,,3.3734268136467844,0.01629514374333478,1.0,,,,False,1,No solution exists for discriminant 
0.153847,300,,3.3734268136467844,0.01629514374333478,1.0,,,,False,1,No solution exists for discriminant 
0.153847,325,,3.3734268136467844,0.01629514374333478,1.0,,,,False,1,No solution exists for discriminant 
0.153847,350,,3.3734268136467844,0.01629514374333478,1.0,,,,False,1,No solution exists for discriminant 
0.153847,375,,3.3734268136467844,0.01629514374333478,1.0,,,,False,1,No solution exists for discriminant 
0.153847,400,,3.3734268136467844,0.01629514374333478,1.0,,,,False,1,No solution exists for discriminant 
0.153847,425,,3.3734268136467844,0.01629514374333478,1.0,,,,False,1,No solution exists for discriminant 
0.153847,450,,3.3734268136467844,0.01629514374333478,1.0,,,,False,1,No solution exists for discriminant 
0.153847,475,,3.3734268136467844,0.01629514374333478,1.0,,,,False,1,No solution exists for discriminant 
0.153847,500,,3.3734268136467844,0.01629514374333478,1.0,,,,False,1,No solution exists for discriminant 
0.153847,525,,3.3734268136467844,0.01629514374333478,1.0,,,,False,1,No solution exists for discriminant 
0.153847,550,,3.3734268136467844,0.01629514374333478,1.0,,,,False,1,No solution exists for discriminant 
0.153847,575,,3.3734268136467844,0.01629514374333478,1.0,,,,False,1,No solution exists for discriminant 
0.153847,600,,3.3734268136467844,0.01629514374333478,1.0,,,,False,1,No solution exists for discriminant 
0.153847,625,,3.3734268136467844,0.01629514374333478,1.0,,,,False,1,No solution exists for discriminant 
0.153847,650,,3.3734268136467844,0.01629514374333478,1.0,,,,False,1,No solution exists for discriminant 
0.153847,675,,3.3734268136467844,0.01629514374333478,1.0,,,,False,1,No solution exists for discriminant 
0.153847,700,,3.3734268136467844,0.01629514374333478,1.0,,,,False,1,No solution exists for discriminant 
0.153847,725,,3.3734268136467844,0.01629514374333478,1.0,,,,False,1,No solution exists for discriminant 
0.153847,750,,3.3734268136467844,0.01629514374333478,1.0,,,,False,1,No solution exists for discriminant 
0.153847,775,,3.3734268136467844,0.01629514374333478,1.0,,,,False,1,No solution exists for discriminant 
0.153847,800,,3.3734268136467844,0.01629514374333478,1.0,,,,False,1,No solution exists for discriminant 
0.153847,825,,3.3734268136467844,0.01629514374333478,1.0,,,,False,1,No solution exists for discriminant 
0.153847,850,,3.3734268136467844,0.01629514374333478,1.0,,,,False,1,No solution exists for discriminant 
0.153847,875,,3.3734268136467844,0.01629514374333478,1.0,,,,False,1,No solution exists for discriminant 
0.153847,900,,3.3734268136467844,0.01629514374333478,1.0,,,,False,1,No solution exists for discriminant 
0.153847,925,,3.3734268136467844,0.01629514374333478,1.0,,,,False,1,No solution exists for discriminant 
0.153847,950,,3.3734268136467844,0.01629514374333478,1.0,,,,False,1,No solution exists for discriminant 
0.153847,975,,3.3734268136467844,0.01629514374333478,1.0,,,,False,1,No solution exists for discriminant 
0.153847,1000,,3.3734268136467844,0.01629514374333478,1.0,,,,False,1,No solution exists for discriminant 
0.153847,1025,,3.3734268136467844,0.01629514374333478,1.0,,,,False,1,No solution exists for discriminant 
0.153847,1050,,3.3734268136467844,0.01629514374333478,1.0,,,,False,1,No solution exists for discriminant 
0.153847,1075,,3.3734268136467844,0.01629514374333478,1.0,,,,False,1,No solution exists for discriminant 
0.153847,1100,,3.3734268136467844,0.01629514374333478,1.0,,,,False,1,No solution exists for discriminant 
0.153847,1125,,3.3734268136467844,0.01629514374333478,1.0,,,,False,1,No solution exists for discriminant 
0.153847,1150,,3.3734268136467844,0.01629514374333478,1.0,,,,False,1,No solution exists for discriminant 
0.153847,1175,,3.3734268136467844,0.01629514374333478,1.0,,,,False,1,No solution exists for discriminant 
0.153847,1200,,3.3734268136467844,0.01629514374333478,1.0,,,,False,1,No solution exists for discriminant 
0.153847,1225,,3.3734268136467844,0.01629514374333478,1.0,,,,False,1,No solution exists for discriminant 
0.153847,1250,,3.3734268136467844,0.01629514374333478,1.0,,,,False,1,No solution exists for discriminant 
0.153847,1275,,3.3734268136467844,0.01629514374333478,1.0,,,,False,1,No solution exists for discriminant 
0.153847,1300,,3.3734268136467844,0.01629514374333478,1.0,,,,False,1,No solution exists for discriminant 
0.153847,1325,,3.3734268136467844,0.01629514374333478,1.0,,,,False,1,No solution exists for discriminant 
0.153847,1350,,3.3734268136467844,0.01629514374333478,1.0,,,,False,1,No solution exists for discriminant 
0.153847,1375,,3.3734268136467844,0.01629514374333478,1.0,,,,False,1,No solution exists for discriminant 
0.153847,1400,,3.3734268136467844,0.01629514374333478,1.0,,,,False,1,No solution exists for discriminant 
0.153847,1425,,3.3734268136467844,0.01629514374333478,1.0,,,,False,1,No solution exists for discriminant 
0.153847,1450,,3.3734268136467844,0.01629514374333478,1.0,,,,False,1,No solution exists for discriminant 
0.153847,1475,,3.3734268136467844,0.01629514374333478,1.0,,,,False,1,No solution exists for discriminant 
0.153847,1500,,3.3734268136467844,0.01629514374333478,1.0,,,,False,1,No solution exists for discriminant 
0.153847,1525,,3.3734268136467844,0.01629514374333478,1.0,,,,False,1,No solution exists for discriminant 
0.179488,-100,-25.925925925925927,3.424090653667371,0.016067819220295914,3.336697850915426,3.8406637445639316,-99.57276374795379,-0.42723625204621385,True,2,
0.179488,-75,-20.02238888259085,3.424090653667371,0.01606781922029592,2.5669729336654936,3.7458067785913034,-74.99999999999996,-4.263256414560601e-14,True,2,
0.179488,-50,-13.719196800275217,3.424090653667371,0.016067819220295917,1.758871384650669,3.6445282277018554,-50.0,0.0,True,2,
0.179488,-25,-7.066858803842591,3.424090653667371,0.01606781922029592,0.9060075389541783,3.5376396633828704,-24.999999999999975,-2.4868995751603507e-14,True,2,
0.179488,0,0.0,3.424090653667371,0.016067819220295917,0.0,3.424090653667371,0.0,0.0,True,1,
0.179488,25,7.5701252900643246,3.424090653667371,0.016067819220295914,0.97052888334158,3.3024552490316275,25.0,0.0,True,2,
0.179488,50,15.769329162332662,3.424090653667371,0.016067819220295924,2.0217088669657257,3.170711923461669,49.999999999999986,1.4210854715202004e-14,True,2,
0.179488,75,24.78664175241104,3.424090653667371,0.016067819220295924,3.177774583642441,3.0258233749113916,74.99999999999999,1.4210854715202004e-14,True,2,
0.179488,100,34.93040773201323,3.424090653667371,0.016067819220295924,4.478257401540158,2.8628351769381553,100.0,0.0,True,2,
0.179488,125,46.771330769378196,3.424090653667371,0.016067819220295924,5.996324457612589,2.6725773661723378,125.0,0.0,True,2,
0.179488,150,61.6320770053599,3.424090653667371,0.01606781922029592,7.901548334020501,2.4337975821738906,149.99999999999997,2.842170943040401e-14,True,2,
0.179488,175,85.06114747884872,3.424090653667371,0.01606781922029591,10.905275317801118,2.0573435133063005,175.0,0.0,True,2,
0.179488,200,,3.424090653667371,0.016067819220295917,1.0,,,,False,1,No solution exists for discriminant 
0.179488,225,,3.424090653667371,0.016067819220295917,1.0,,,,False,1,No solution exists for discriminant 
0.179488,250,,3.424090653667371,0.016067819220295917,1.0,,,,False,1,No solution exists for discriminant 
0.179488,275,,3.424090653667371,0.016067819220295917,1.0,,,,False,1,No solution exists for discriminant 
0.179488,300,,3.424090653667371,0.016067819220295917,1.0,,,,False,1,No solution exists for discriminant 
0.179488,325,,3.424090653667371,0.016067819220295917,1.0,,,,False,1,No solution exists for discriminant 
0.179488,350,,3.424090653667371,0.016067819220295917,1.0,,,,False,1,No solution exists for discriminant 
0.179488,375,,3.424090653667371,0.016067819220295917,1.0,,,,False,1,No solution exists for discriminant 
0.179488,400,,3.424090653667371,0.016067819220295917,1.0,,,,False,1,No solution exists for discriminant 
0.179488,425,,3.424090653667371,0.016067819220295917,1.0,,,,False,1,No solution exists for discriminant 
0.179488,450,,3.424090653667371,0.016067819220295917,1.0,,,,False,1,No solution exists for discriminant 
0.179488,475,,3.424090653667371,0.016067819220295917,1.0,,,,False,1,No solution exists for discriminant 
0.179488,500,,3.424090653667371,0.016067819220295917,1.0,,,,False,1,No solution exists for discriminant 
0.179488,525,,3.424090653667371,0.016067819220295917,1.0,,,,False,1,No solution exists for discriminant 
0.179488,550,,3.424090653667371,0.016067819220295917,1.0,,,,False,1,No solution exists for discriminant 
0.179488,575,,3.424090653667371,0.016067819220295917,1.0,,,,False,1,No solution exists for discriminant 
0.179488,600,,3.424090653667371,0.016067819220295917,1.0,,,,False,1,No solution exists for discriminant 
0.179488,625,,3.424090653667371,0.016067819220295917,1.0,,,,False,1,No solution exists for discriminant 
0.179488,650,,3.424090653667371,0.016067819220295917,1.0,,,,False,1,No solution exists for discriminant 
0.179488,675,,3.424090653667371,0.016067819220295917,1.0,,,,False,1,No solution exists for discriminant 
0.179488,700,,3.424090653667371,0.016067819220295917,1.0,,,,False,1,No solution exists for discriminant 
0.179488,725,,3.424090653667371,0.016067819220295917,1.0,,,,False,1,No solution exists for discriminant 
0.179488,750,,3.424090653667371,0.016067819220295917,1.0,,,,False,1,No solution exists for discriminant 
0.179488,775,,3.424090653667371,0.016067819220295917,1.0,,,,False,1,No solution exists for discriminant 
0.179488,800,,3.424090653667371,0.016067819220295917,1.0,,,,False,1,No solution exists for discriminant 
0.179488,825,,3.424090653667371,0.016067819220295917,1.0,,,,False,1,No solution exists for discriminant 
0.179488,850,,3.424090653667371,0.016067819220295917,1.0,,,,False,1,No solution exists for discriminant 
0.179488,875,,3.424090653667371,0.016067819220295917,1.0,,,,False,1,No solution exists for discriminant 
0.179488,900,,3.424090653667371,0.016067819220295917,1.0,,,,False,1,No solution exists for discriminant 
0.179488,925,,3.424090653667371,0.016067819220295917,1.0,,,,False,1,No solution exists for discriminant 
0.179488,950,,3.424090653667371,0.016067819220295917,1.0,,,,False,1,No solution exists for discriminant 
0.179488,975,,3.424090653667371,0.016067819220295917,1.0,,,,False,1,No solution exists for discriminant 
0.179488,1000,,3.424090653667371,0.016067819220295917,1.0,,,,False,1,No solution exists for discriminant 
0.179488,1025,,3.424090653667371,0.016067819220295917,1.0,,,,False,1,No solution exists for discriminant 
0.179488,1050,,3.424090653667371,0.016067819220295917,1.0,,,,False,1,No solution exists for discriminant 
0.179488,1075,,3.424090653667371,0.016067819220295917,1.0,,,,False,1,No solution exists for discriminant 
0.179488,1100,,3.424090653667371,0.016067819220295917,1.0,,,,False,1,No solution exists for discriminant 
0.179488,1125,,3.424090653667371,0.016067819220295917,1.0,,,,False,1,No solution exists for discriminant 
0.179488,1150,,3.424090653667371,0.016067819220295917,1.0,,,,False,1,No solution exists for discriminant 
0.179488,1175,,3.424090653667371,0.016067819220295917,1.0,,,,False,1,No solution exists for discriminant 
0.179488,1200,,3.424090653667371,0.016067819220295917,1.0,,,,False,1,No solution exists for discriminant 
0.179488,1225,,3.424090653667371,0.016067819220295917,1.0,,,,False,1,No solution exists for discriminant 
0.179488,1250,,3.424090653667371,0.016067819220295917,1.0,,,,False,1,No solution exists for discriminant 
0.179488,1275,,3.424090653667371,0.016067819220295917,1.0,,,,False,1,No solution exists for discriminant 
0.179488,1300,,3.424090653667371,0.016067819220295917,1.0,,,,False,1,No solution exists for discriminant 
0.179488,1325,,3.424090653667371,0.016067819220295917,1.0,,,,False,1,No solution exists for discriminant 
0.179488,1350,,3.424090653667371,0.016067819220295917,1.0,,,,False,1,No solution exists for discriminant 
0.179488,1375,,3.424090653667371,0.016067819220295917,1.0,,,,False,1,No solution exists for discriminant 
0.179488,1400,,3.424090653667371,0.016067819220295917,1.0,,,,False,1,No solution exists for discriminant 
0.179488,1425,,3.424090653667371,0.016067819220295917,1.0,,,,False,1,No solution exists for discriminant 
0.179488,1450,,3.424090653667371,0.016067819220295917,1.0,,,,False,1,No solution exists for discriminant 
0.179488,1475,,3.424090653667371,0.016067819220295917,1.0,,,,False,1,No solution exists for discriminant 
0.179488,1500,,3.424090653667371,0.016067819220295917,1.0,,,,False,1,No solution exists for discriminant 
0.179488,1525,,3.424090653667371,0.016067819220295917,1.0,,,,False,1,No solution exists for discriminant 
0.205129,-100,-25.7811700138704,3.4696067877463745,0.015871782574965278,3.3052782069064617,3.87879991273474,-100.00000000000001,1.4210854715202004e-14,True,2,
0.205129,-75,-19.819376158189034,3.4696067877463745,0.01587178257496528,2.5409456613062864,3.7841756169006016,-75.00000000000006,5.684341886080802e-14,True,2,
0.205129,-50,-13.568648344156026,3.4696067877463745,0.015871782574965285,1.7395703005328238,3.684965424100982,-49.99999999999999,-7.105427357601002e-15,True,2,
0.205129,-25,-6.982401655223688,3.4696067877463745,0.015871782574965285,0.8951796993876523,3.5804299486691624,-25.000000000000025,2.4868995751603507e-14,True,2,
0.205129,0,0.0,3.4696067877463745,0.015871782574965285,0.0,3.4696067877463745,0.0,0.0,True,1,
0.205129,25,7.460007256422704,3.4696067877463745,0.01587178257496528,0.9564111867208595,3.35120317456477,24.999999999999986,1.4210854715202004e-14,True,2,
0.205129,50,15.511516950411126,3.4696067877463745,0.01587178257496528,1.9886560192834777,3.223411363301561,50.0,0.0,True,2,
0.205129,75,24.322493188963634,3.4696067877463745,0.01587178257496528,3.1182683575594403,3.0835654641700696,75.0,0.0,True,2,
0.205129,100,34.15962440006547,3.4696067877463745,0.015871782574965285,4.379439025649419,2.927432656426056,99.99999999999999,1.4210854715202004e-14,True,2,
0.205129,125,45.495778012604795,3.4696067877463745,0.01587178257496529,5.832792052898051,2.7475076910514247,124.99999999999997,2.842170943040401e-14,True,2,
0.205129,150,59.341146998166984,3.4696067877463745,0.01587178257496529,7.607839358739357,2.527757004842414,149.99999999999997,2.842170943040401e-14,True,2,
0.205129,175,78.95518155484265,3.4696067877463745,0.015871782574965285,10.122459173697777,2.2164473129410025,175.0,0.0,True,2,
0.205129,200,,3.4696067877463745,0.015871782574965278,1.0,,,,False,1,No solution exists for discriminant 
0.205129,225,,3.4696067877463745,0.015871782574965278,1.0,,,,False,1,No solution exists for discriminant 
0.205129,250,,3.4696067877463745,0.015871782574965278,1.0,,,,False,1,No solution exists for discriminant 
0.205129,275,,3.4696067877463745,0.015871782574965278,1.0,,,,False,1,No solution exists for discriminant 
0.205129,300,,3.4696067877463745,0.015871782574965278,1.0,,,,False,1,No solution exists for discriminant 
0.205129,325,,3.4696067877463745,0.015871782574965278,1.0,,,,False,1,No solution exists for discriminant 
0.205129,350,,3.4696067877463745,0.015871782574965278,1.0,,,,False,1,No solution exists for discriminant 
0.205129,375,,3.4696067877463745,0.015871782574965278,1.0,,,,False,1,No solution exists for discriminant 
0.205129,400,,3.4696067877463745,0.015871782574965278,1.0,,,,False,1,No solution exists for discriminant 
0.205129,425,,3.4696067877463745,0.015871782574965278,1.0,,,,False,1,No solution exists for discriminant 
0.205129,450,,3.4696067877463745,0.015871782574965278,1.0,,,,False,1,No solution exists for discriminant 
0.205129,475,,3.4696067877463745,0.015871782574965278,1.0,,,,False,1,No solution exists for discriminant 
0.205129,500,,3.4696067877463745,0.015871782574965278,1.0,,,,False,1,No solution exists for discriminant 
0.205129,525,,3.4696067877463745,0.015871782574965278,1.0,,,,False,1,No solution exists for discriminant 
0.205129,550,,3.4696067877463745,0.015871782574965278,1.0,,,,False,1,No solution exists for discriminant 
0.205129,575,,3.4696067877463745,0.015871782574965278,1.0,,,,False,1,No solution exists for discriminant 
0.205129,600,,3.4696067877463745,0.015871782574965278,1.0,,,,False,1,No solution exists for discriminant 
0.205129,625,,3.4696067877463745,0.015871782574965278,1.0,,,,False,1,No solution exists for discriminant 
0.205129,650,,3.4696067877463745,0.015871782574965278,1.0,,,,False,1,No solution exists for discriminant 
0.205129,675,,3.4696067877463745,0.015871782574965278,1.0,,,,False,1,No solution exists for discriminant 
0.205129,700,,3.4696067877463745,0.015871782574965278,1.0,,,,False,1,No solution exists for discriminant 
0.205129,725,,3.4696067877463745,0.015871782574965278,1.0,,,,False,1,No solution exists for discriminant 
0.205129,750,,3.4696067877463745,0.015871782574965278,1.0,,,,False,1,No solution exists for discriminant 
0.205129,775,,3.4696067877463745,0.015871782574965278,1.0,,,,False,1,No solution exists for discriminant 
0.205129,800,,3.4696067877463745,0.015871782574965278,1.0,,,,False,1,No solution exists for discriminant 
0.205129,825,,3.4696067877463745,0.015871782574965278,1.0,,,,False,1,No solution exists for discriminant 
0.205129,850,,3.4696067877463745,0.015871782574965278,1.0,,,,False,1,No solution exists for discriminant 
0.205129,875,,3.4696067877463745,0.015871782574965278,1.0,,,,False,1,No solution exists for discriminant 
0.205129,900,,3.4696067877463745,0.015871782574965278,1.0,,,,False,1,No solution exists for discriminant 
0.205129,925,,3.4696067877463745,0.015871782574965278,1.0,,,,False,1,No solution exists for discriminant 
0.205129,950,,3.4696067877463745,0.015871782574965278,1.0,,,,False,1,No solution exists for discriminant 
0.205129,975,,3.4696067877463745,0.015871782574965278,1.0,,,,False,1,No solution exists for discriminant 
0.205129,1000,,3.4696067877463745,0.015871782574965278,1.0,,,,False,1,No solution exists for discriminant 
0.205129,1025,,3.4696067877463745,0.015871782574965278,1.0,,,,False,1,No solution exists for discriminant 
0.205129,1050,,3.4696067877463745,0.015871782574965278,1.0,,,,False,1,No solution exists for discriminant 
0.205129,1075,,3.4696067877463745,0.015871782574965278,1.0,,,,False,1,No solution exists for discriminant 
0.205129,1100,,3.4696067877463745,0.015871782574965278,1.0,,,,False,1,No solution exists for discriminant 
0.205129,1125,,3.4696067877463745,0.015871782574965278,1.0,,,,False,1,No solution exists for discriminant 
0.205129,1150,,3.4696067877463745,0.015871782574965278,1.0,,,,False,1,No solution exists for discriminant 
0.205129,1175,,3.4696067877463745,0.015871782574965278,1.0,,,,False,1,No solution exists for discriminant 
0.205129,1200,,3.4696067877463745,0.015871782574965278,1.0,,,,False,1,No solution exists for discriminant 
0.205129,1225,,3.4696067877463745,0.015871782574965278,1.0,,,,False,1,No solution exists for discriminant 
0.205129,1250,,3.4696067877463745,0.015871782574965278,1.0,,,,False,1,No solution exists for discriminant 
0.205129,1275,,3.4696067877463745,0.015871782574965278,1.0,,,,False,1,No solution exists for discriminant 
0.205129,1300,,3.4696067877463745,0.015871782574965278,1.0,,,,False,1,No solution exists for discriminant 
0.205129,1325,,3.4696067877463745,0.015871782574965278,1.0,,,,False,1,No solution exists for discriminant 
0.205129,1350,,3.4696067877463745,0.015871782574965278,1.0,,,,False,1,No solution exists for discriminant 
0.205129,1375,,3.4696067877463745,0.015871782574965278,1.0,,,,False,1,No solution exists for discriminant 
0.205129,1400,,3.4696067877463745,0.015871782574965278,1.0,,,,False,1,No solution exists for discriminant 
0.205129,1425,,3.4696067877463745,0.015871782574965278,1.0,,,,False,1,No solution exists for discriminant 
0.205129,1450,,3.4696067877463745,0.015871782574965278,1.0,,,,False,1,No solution exists for discriminant 
0.205129,1475,,3.4696067877463745,0.015871782574965278,1.0,,,,False,1,No solution exists for discriminant 
0.205129,1500,,3.4696067877463745,0.015871782574965278,1.0,,,,False,1,No solution exists for discriminant 
0.205129,1525,,3.4696067877463745,0.015871782574965278,1.0,,,,False,1,No solution exists for discriminant 
0.23077,-100,-25.539488181484604,3.513384383117836,0.015745063557896285,3.2742933566005905,3.915505247771452,-99.99999999999994,-5.684341886080802e-14,True,2,
0.23077,-75,-19.621555066020125,3.513384383117836,0.015745063557896285,2.515583982823093,3.822327014737085,-75.00000000000003,2.842170943040401e-14,True,2,
0.23077,-50,-13.423748008310634,3.513384383117836,0.015745063557896285,1.7209933343987993,3.7247421486938705,-50.000000000000014,1.4210854715202004e-14,True,2,
0.23077,-25,-6.902151145955323,3.513384383117836,0.015745063557896285,0.8848911725583748,3.622059191597109,-24.999999999999996,-3.552713678800501e-15,True,2,
0.23077,0,0.0,3.513384383117836,0.015745063557896278,0.0,3.513384383117836,0.0,0.0,True,1,
0.23077,25,7.358291933877661,3.513384383117836,0.015745063557896285,0.9433707607535463,3.3975276089413766,24.999999999999986,1.4210854715202004e-14,True,2,
0.23077,50,15.277236012059635,3.513384383117836,0.01574506355789628,1.958620001546107,3.272843331118975,50.00000000000002,-2.1316282072803006e-14,True,2,
0.23077,75,23.90863968048201,3.513384383117836,0.01574506355789629,3.065210215446412,3.1369413317658053,75.00000000000001,-1.4210854715202004e-14,True,2,
0.23077,100,33.48841669798313,3.513384383117836,0.01574506355789629,4.293386756151684,2.986107133754776,100.0,0.0,True,2,
0.23077,125,44.421240783745745,3.513384383117836,0.015745063557896285,5.695030869710993,2.8139691236571447,125.00000000000003,-2.842170943040401e-14,True,2,
0.23077,150,57.522036741294116,3.513384383117836,0.01574506355789629,7.374620095037708,2.6076962586465147,150.00000000000003,-2.842170943040401e-14,True,2,
0.23077,175,75.05401039204553,3.513384383117836,0.015745063557896285,9.622309024621222,2.331654219220071,175.0,0.0,True,2,
0.23077,200,,3.513384383117836,0.015745063557896285,1.0,,,,False,1,No solution exists for discriminant 
0.23077,225,,3.513384383117836,0.015745063557896285,1.0,,,,False,1,No solution exists for discriminant 
0.23077,250,,3.513384383117836,0.015745063557896285,1.0,,,,False,1,No solution exists for discriminant 
0.23077,275,,3.513384383117836,0.015745063557896285,1.0,,,,False,1,No solution exists for discriminant 
0.23077,300,,3.513384383117836,0.015745063557896285,1.0,,,,False,1,No solution exists for discriminant 
0.23077,325,,3.513384383117836,0.015745063557896285,1.0,,,,False,1,No solution exists for discriminant 
0.23077,350,,3.513384383117836,0.015745063557896285,1.0,,,,False,1,No solution exists for discriminant 
0.23077,375,,3.513384383117836,0.015745063557896285,1.0,,,,False,1,No solution exists for discriminant 
0.23077,400,,3.513384383117836,0.015745063557896285,1.0,,,,False,1,No solution exists for discriminant 
0.23077,425,,3.513384383117836,0.015745063557896285,1.0,,,,False,1,No solution exists for discriminant 
0.23077,450,,3.513384383117836,0.015745063557896285,1.0,,,,False,1,No solution exists for discriminant 
0.23077,475,,3.513384383117836,0.015745063557896285,1.0,,,,False,1,No solution exists for discriminant 
0.23077,500,,3.513384383117836,0.015745063557896285,1.0,,,,False,1,No solution exists for discriminant 
0.23077,525,,3.513384383117836,0.015745063557896285,1.0,,,,False,1,No solution exists for discriminant 
0.23077,550,,3.513384383117836,0.015745063557896285,1.0,,,,False,1,No solution exists for discriminant 
0.23077,575,,3.513384383117836,0.015745063557896285,1.0,,,,False,1,No solution exists for discriminant 
0.23077,600,,3.513384383117836,0.015745063557896285,1.0,,,,False,1,No solution exists for discriminant 
0.23077,625,,3.513384383117836,0.015745063557896285,1.0,,,,False,1,No solution exists for discriminant 
0.23077,650,,3.513384383117836,0.015745063557896285,1.0,,,,False,1,No solution exists for discriminant 
0.23077,675,,3.513384383117836,0.015745063557896285,1.0,,,,False,1,No solution exists for discriminant 
0.23077,700,,3.513384383117836,0.015745063557896285,1.0,,,,False,1,No solution exists for discriminant 
0.23077,725,,3.513384383117836,0.015745063557896285,1.0,,,,False,1,No solution exists for discriminant 
0.23077,750,,3.513384383117836,0.015745063557896285,1.0,,,,False,1,No solution exists for discriminant 
0.23077,775,,3.513384383117836,0.015745063557896285,1.0,,,,False,1,No solution exists for discriminant 
0.23077,800,,3.513384383117836,0.015745063557896285,1.0,,,,False,1,No solution exists for discriminant 
0.23077,825,,3.513384383117836,0.015745063557896285,1.0,,,,False,1,No solution exists for discriminant 
0.23077,850,,3.513384383117836,0.015745063557896285,1.0,,,,False,1,No solution exists for discriminant 
0.23077,875,,3.513384383117836,0.015745063557896285,1.0,,,,False,1,No solution exists for discriminant 
0.23077,900,,3.513384383117836,0.015745063557896285,1.0,,,,False,1,No solution exists for discriminant 
0.23077,925,,3.513384383117836,0.015745063557896285,1.0,,,,False,1,No solution exists for discriminant 
0.23077,950,,3.513384383117836,0.015745063557896285,1.0,,,,False,1,No solution exists for discriminant 
0.23077,975,,3.513384383117836,0.015745063557896285,1.0,,,,False,1,No solution exists for discriminant 
0.23077,1000,,3.513384383117836,0.015745063557896285,1.0,,,,False,1,No solution exists for discriminant 
0.23077,1025,,3.513384383117836,0.015745063557896285,1.0,,,,False,1,No solution exists for discriminant 
0.23077,1050,,3.513384383117836,0.015745063557896285,1.0,,,,False,1,No solution exists for discriminant 
0.23077,1075,,3.513384383117836,0.015745063557896285,1.0,,,,False,1,No solution exists for discriminant 
0.23077,1100,,3.513384383117836,0.015745063557896285,1.0,,,,False,1,No solution exists for discriminant 
0.23077,1125,,3.513384383117836,0.015745063557896285,1.0,,,,False,1,No solution exists for discriminant 
0.23077,1150,,3.513384383117836,0.015745063557896285,1.0,,,,False,1,No solution exists for discriminant 
0.23077,1175,,3.513384383117836,0.015745063557896285,1.0,,,,False,1,No solution exists for discriminant 
0.23077,1200,,3.513384383117836,0.015745063557896285,1.0,,,,False,1,No solution exists for discriminant 
0.23077,1225,,3.513384383117836,0.015745063557896285,1.0,,,,False,1,No solution exists for discriminant 
0.23077,1250,,3.513384383117836,0.015745063557896285,1.0,,,,False,1,No solution exists for discriminant 
0.23077,1275,,3.513384383117836,0.015745063557896285,1.0,,,,False,1,No solution exists for discriminant 
0.23077,1300,,3.513384383117836,0.015745063557896285,1.0,,,,False,1,No solution exists for discriminant 
0.23077,1325,,3.513384383117836,0.015745063557896285,1.0,,,,False,1,No solution exists for discriminant 
0.23077,1350,,3.513384383117836,0.015745063557896285,1.0,,,,False,1,No solution exists for discriminant 
0.23077,1375,,3.513384383117836,0.015745063557896285,1.0,,,,False,1,No solution exists for discriminant 
0.23077,1400,,3.513384383117836,0.015745063557896285,1.0,,,,False,1,No solution exists for discriminant 
0.23077,1425,,3.513384383117836,0.015745063557896285,1.0,,,,False,1,No solution exists for discriminant 
0.23077,1450,,3.513384383117836,0.015745063557896285,1.0,,,,False,1,No solution exists for discriminant 
0.23077,1475,,3.513384383117836,0.015745063557896285,1.0,,,,False,1,No solution exists for discriminant 
0.23077,1500,,3.513384383117836,0.015745063557896285,1.0,,,,False,1,No solution exists for discriminant 
0.23077,1525,,3.513384383117836,0.015745063557896285,1.0,,,,False,1,No solution exists for discriminant 
0.256411,-100,-25.350281893227287,3.5482842770607714,0.015638683410721596,3.2500361401573445,3.944729309961501,-100.00000000000001,1.4210854715202004e-14,True,2,
0.256411,-75,-19.46677161473607,3.5482842770607714,0.01563868341072159,2.495739950607189,3.8527189553724503,-75.00000000000003,2.842170943040401e-14,True,2,
0.256411,-50,-13.3104661537752,3.5482842770607714,0.01563868341072159,1.7064700197147693,3.756442443288787,-50.000000000000014,1.4210854715202004e-14,True,2,
0.256411,-25,-6.839487099361978,3.5482842770607714,0.015638683410721593,0.8768573204310228,3.655244850499408,-25.000000000000004,3.552713678800501e-15,True,2,
0.256411,0,0.0,3.5482842770607714,0.015638683410721586,0.0,3.5482842770607714,0.0,0.0,True,1,
0.256411,25,7.279191609951204,3.5482842770607714,0.015638683410721586,0.9332296935834877,3.434447303986764,24.999999999999982,1.7763568394002505e-14,True,2,
0.256411,50,15.095670967745983,3.5482842770607714,0.01563868341072159,1.9353424317623056,3.312207857923771,49.999999999999986,1.4210854715202004e-14,True,2,
0.256411,75,23.589542822567488,3.5482842770607714,0.015638683410721586,3.0243003618676267,3.179374885054979,75.0,0.0,True,2,
0.256411,100,32.97502310161384,3.5482842770607714,0.015638683410721582,4.227567064309467,3.032598330313402,100.0,0.0,True,2,
0.256411,125,43.61067427155726,3.5482842770607714,0.015638683410721586,5.591112086097085,2.8662707487997863,125.0,0.0,True,2,
0.256411,150,56.188980016146594,3.5482842770607714,0.01563868341072159,7.203715386685461,2.6695626074168928,149.99999999999997,2.842170943040401e-14,True,2,
0.256411,175,72.46114799152595,3.5482842770607714,0.015638683410721586,9.289890768144353,2.415087324043853,175.0,0.0,True,2,
0.256411,200,104.43811799567071,3.5482842770607714,0.01563868341072156,13.38950230713727,1.9150096137148949,199.99999999999997,2.842170943040401e-14,True,2,
0.256411,225,,3.5482842770607714,0.015638683410721593,1.0,,,,False,1,No solution exists for discriminant 
0.256411,250,,3.5482842770607714,0.015638683410721593,1.0,,,,False,1,No solution exists for discriminant 
0.256411,275,,3.5482842770607714,0.015638683410721593,1.0,,,,False,1,No solution exists for discriminant 
0.256411,300,,3.5482842770607714,0.015638683410721593,1.0,,,,False,1,No solution exists for discriminant 
0.256411,325,,3.5482842770607714,0.015638683410721593,1.0,,,,False,1,No solution exists for discriminant 
0.256411,350,,3.5482842770607714,0.015638683410721593,1.0,,,,False,1,No solution exists for discriminant 
0.256411,375,,3.5482842770607714,0.015638683410721593,1.0,,,,False,1,No solution exists for discriminant 
0.256411,400,,3.5482842770607714,0.015638683410721593,1.0,,,,False,1,No solution exists for discriminant 
0.256411,425,,3.5482842770607714,0.015638683410721593,1.0,,,,False,1,No solution exists for discriminant 
0.256411,450,,3.5482842770607714,0.015638683410721593,1.0,,,,False,1,No solution exists for discriminant 
0.256411,475,,3.5482842770607714,0.015638683410721593,1.0,,,,False,1,No solution exists for discriminant 
0.256411,500,,3.5482842770607714,0.015638683410721593,1.0,,,,False,1,No solution exists for discriminant 
0.256411,525,,3.5482842770607714,0.015638683410721593,1.0,,,,False,1,No solution exists for discriminant 
0.256411,550,,3.5482842770607714,0.015638683410721593,1.0,,,,False,1,No solution exists for discriminant 
0.256411,575,,3.5482842770607714,0.015638683410721593,1.0,,,,False,1,No solution exists for discriminant 
0.256411,600,,3.5482842770607714,0.015638683410721593,1.0,,,,False,1,No solution exists for discriminant 
0.256411,625,,3.5482842770607714,0.015638683410721593,1.0,,,,False,1,No solution exists for discriminant 
0.256411,650,,3.5482842770607714,0.015638683410721593,1.0,,,,False,1,No solution exists for discriminant 
0.256411,675,,3.5482842770607714,0.015638683410721593,1.0,,,,False,1,No solution exists for discriminant 
0.256411,700,,3.5482842770607714,0.015638683410721593,1.0,,,,False,1,No solution exists for discriminant 
0.256411,725,,3.5482842770607714,0.015638683410721593,1.0,,,,False,1,No solution exists for discriminant 
0.256411,750,,3.5482842770607714,0.015638683410721593,1.0,,,,False,1,No solution exists for discriminant 
0.256411,775,,3.5482842770607714,0.015638683410721593,1.0,,,,False,1,No solution exists for discriminant 
0.256411,800,,3.5482842770607714,0.015638683410721593,1.0,,,,False,1,No solution exists for discriminant 
0.256411,825,,3.5482842770607714,0.015638683410721593,1.0,,,,False,1,No solution exists for discriminant 
0.256411,850,,3.5482842770607714,0.015638683410721593,1.0,,,,False,1,No solution exists for discriminant 
0.256411,875,,3.5482842770607714,0.015638683410721593,1.0,,,,False,1,No solution exists for discriminant 
0.256411,900,,3.5482842770607714,0.015638683410721593,1.0,,,,False,1,No solution exists for discriminant 
0.256411,925,,3.5482842770607714,0.015638683410721593,1.0,,,,False,1,No solution exists for discriminant 
0.256411,950,,3.5482842770607714,0.015638683410721593,1.0,,,,False,1,No solution exists for discriminant 
0.256411,975,,3.5482842770607714,0.015638683410721593,1.0,,,,False,1,No solution exists for discriminant 
0.256411,1000,,3.5482842770607714,0.015638683410721593,1.0,,,,False,1,No solution exists for discriminant 
0.256411,1025,,3.5482842770607714,0.015638683410721593,1.0,,,,False,1,No solution exists for discriminant 
0.256411,1050,,3.5482842770607714,0.015638683410721593,1.0,,,,False,1,No solution exists for discriminant 
0.256411,1075,,3.5482842770607714,0.015638683410721593,1.0,,,,False,1,No solution exists for discriminant 
0.256411,1100,,3.5482842770607714,0.015638683410721593,1.0,,,,False,1,No solution exists for discriminant 
0.256411,1125,,3.5482842770607714,0.015638683410721593,1.0,,,,False,1,No solution exists for discriminant 
0.256411,1150,,3.5482842770607714,0.015638683410721593,1.0,,,,False,1,No solution exists for discriminant 
0.256411,1175,,3.5482842770607714,0.015638683410721593,1.0,,,,False,1,No solution exists for discriminant 
0.256411,1200,,3.5482842770607714,0.015638683410721593,1.0,,,,False,1,No solution exists for discriminant 
0.256411,1225,,3.5482842770607714,0.015638683410721593,1.0,,,,False,1,No solution exists for discriminant 
0.256411,1250,,3.5482842770607714,0.015638683410721593,1.0,,,,False,1,No solution exists for discriminant 
0.256411,1275,,3.5482842770607714,0.015638683410721593,1.0,,,,False,1,No solution exists for discriminant 
0.256411,1300,,3.5482842770607714,0.015638683410721593,1.0,,,,False,1,No solution exists for discriminant 
0.256411,1325,,3.5482842770607714,0.015638683410721593,1.0,,,,False,1,No solution exists for discriminant 
0.256411,1350,,3.5482842770607714,0.015638683410721593,1.0,,,,False,1,No solution exists for discriminant 
0.256411,1375,,3.5482842770607714,0.015638683410721593,1.0,,,,False,1,No solution exists for discriminant 
0.256411,1400,,3.5482842770607714,0.015638683410721593,1.0,,,,False,1,No solution exists for discriminant 
0.256411,1425,,3.5482842770607714,0.015638683410721593,1.0,,,,False,1,No solution exists for discriminant 
0.256411,1450,,3.5482842770607714,0.015638683410721593,1.0,,,,False,1,No solution exists for discriminant 
0.256411,1475,,3.5482842770607714,0.015638683410721593,1.0,,,,False,1,No solution exists for discriminant 
0.256411,1500,,3.5482842770607714,0.015638683410721593,1.0,,,,False,1,No solution exists for discriminant 
0.256411,1525,,3.5482842770607714,0.015638683410721593,1.0,,,,False,1,No solution exists for discriminant 
0.28205199999999997,-100,-25.233534395420797,3.5714465712366987,0.015516405041911678,3.2350685122334357,3.9629803115550577,-99.99999999999997,-2.842170943040401e-14,True,2,
0.28205199999999997,-75,-19.369849694848707,3.5714465712366987,0.01551640504191168,2.483314063442142,3.8719970047029206,-74.99999999999997,-2.842170943040401e-14,True,2,
0.28205199999999997,-50,-13.23850810564511,3.5714465712366987,0.01551640504191168,1.6972446289288603,3.7768606251545194,-49.999999999999964,-3.552713678800501e-14,True,2,
0.28205199999999997,-25,-6.799123518296723,3.5714465712366987,0.015516405041911678,0.8716825023457337,3.6769445256765785,-25.00000000000001,1.0658141036401503e-14,True,2,
0.28205199999999997,0,0.0,3.5714465712366987,0.01551640504191168,0.0,3.5714465712366987,0.0,0.0,True,1,
0.28205199999999997,25,7.226871580276934,3.5714465712366987,0.01551640504191168,0.9265219974714018,3.4593115046112413,25.00000000000002,-2.1316282072803006e-14,True,2,
0.28205199999999997,50,14.974083002835801,3.5714465712366987,0.015516405041911681,1.919754231132795,3.3391026342334933,50.0,0.0,True,2,
0.28205199999999997,75,23.373402941945752,3.5714465712366987,0.015516405041911678,2.996590120762276,3.208775383981658,75.0,0.0,True,2,
0.28205199999999997,100,32.62385568399431,3.5714465712366987,0.015516405041911681,4.182545600512091,3.0652416124149706,100.00000000000001,-1.4210854715202004e-14,True,2,
0.28205199999999997,125,43.052602330535095,3.5714465712366987,0.015516405041911676,5.519564401350653,2.9034249553677656,125.00000000000001,-1.4210854715202004e-14,True,2,
0.28205199999999997,150,55.272823823178285,3.5714465712366987,0.015516405041911676,7.086259464510037,2.7138110489860394,150.0,0.0,True,2,
0.28205199999999997,175,70.74163542137735,3.5714465712366987,0.015516405041911678,9.069440438638122,2.4737907027113613,175.0,0.0,True,2,
0.28205199999999997,200,96.23839373858723,3.5714465712366987,0.015516405041911685,12.338255607511185,2.0781726734058017,200.0,0.0,True,2,
0.28205199999999997,225,,3.5714465712366987,0.015516405041911683,1.0,,,,False,1,No solution exists for discriminant 
0.28205199999999997,250,,3.5714465712366987,0.015516405041911683,1.0,,,,False,1,No solution exists for discriminant 
0.28205199999999997,275,,3.5714465712366987,0.015516405041911683,1.0,,,,False,1,No solution exists for discriminant 
0.28205199999999997,300,,3.5714465712366987,0.015516405041911683,1.0,,,,False,1,No solution exists for discriminant 
0.28205199999999997,325,,3.5714465712366987,0.015516405041911683,1.0,,,,False,1,No solution exists for discriminant 
0.28205199999999997,350,,3.5714465712366987,0.015516405041911683,1.0,,,,False,1,No solution exists for discriminant 
0.28205199999999997,375,,3.5714465712366987,0.015516405041911683,1.0,,,,False,1,No solution exists for discriminant 
0.28205199999999997,400,,3.5714465712366987,0.015516405041911683,1.0,,,,False,1,No solution exists for discriminant 
0.28205199999999997,425,,3.5714465712366987,0.015516405041911683,1.0,,,,False,1,No solution exists for discriminant 
0.28205199999999997,450,,3.5714465712366987,0.015516405041911683,1.0,,,,False,1,No solution exists for discriminant 
0.28205199999999997,475,,3.5714465712366987,0.015516405041911683,1.0,,,,False,1,No solution exists for discriminant 
0.28205199999999997,500,,3.5714465712366987,0.015516405041911683,1.0,,,,False,1,No solution exists for discriminant 
0.28205199999999997,525,,3.5714465712366987,0.015516405041911683,1.0,,,,False,1,No solution exists for discriminant 
0.28205199999999997,550,,3.5714465712366987,0.015516405041911683,1.0,,,,False,1,No solution exists for discriminant 
0.28205199999999997,575,,3.5714465712366987,0.015516405041911683,1.0,,,,False,1,No solution exists for discriminant 
0.28205199999999997,600,,3.5714465712366987,0.015516405041911683,1.0,,,,False,1,No solution exists for discriminant 
0.28205199999999997,625,,3.5714465712366987,0.015516405041911683,1.0,,,,False,1,No solution exists for discriminant 
0.28205199999999997,650,,3.5714465712366987,0.015516405041911683,1.0,,,,False,1,No solution exists for discriminant 
0.28205199999999997,675,,3.5714465712366987,0.015516405041911683,1.0,,,,False,1,No solution exists for discriminant 
0.28205199999999997,700,,3.5714465712366987,0.015516405041911683,1.0,,,,False,1,No solution exists for discriminant 
0.28205199999999997,725,,3.5714465712366987,0.015516405041911683,1.0,,,,False,1,No solution exists for discriminant 
0.28205199999999997,750,,3.5714465712366987,0.015516405041911683,1.0,,,,False,1,No solution exists for discriminant 
0.28205199999999997,775,,3.5714465712366987,0.015516405041911683,1.0,,,,False,1,No solution exists for discriminant 
0.28205199999999997,800,,3.5714465712366987,0.015516405041911683,1.0,,,,False,1,No solution exists for discriminant 
0.28205199999999997,825,,3.5714465712366987,0.015516405041911683,1.0,,,,False,1,No solution exists for discriminant 
0.28205199999999997,850,,3.5714465712366987,0.015516405041911683,1.0,,,,False,1,No solution exists for discriminant 
0.28205199999999997,875,,3.5714465712366987,0.015516405041911683,1.0,,,,False,1,No solution exists for discriminant 
0.28205199999999997,900,,3.5714465712366987,0.015516405041911683,1.0,,,,False,1,No solution exists for discriminant 
0.28205199999999997,925,,3.5714465712366987,0.015516405041911683,1.0,,,,False,1,No solution exists for discriminant 
0.28205199999999997,950,,3.5714465712366987,0.015516405041911683,1.0,,,,False,1,No solution exists for discriminant 
0.28205199999999997,975,,3.5714465712366987,0.015516405041911683,1.0,,,,False,1,No solution exists for discriminant 
0.28205199999999997,1000,,3.5714465712366987,0.015516405041911683,1.0,,,,False,1,No solution exists for discriminant 
0.28205199999999997,1025,,3.5714465712366987,0.015516405041911683,1.0,,,,False,1,No solution exists for discriminant 
0.28205199999999997,1050,,3.5714465712366987,0.015516405041911683,1.0,,,,False,1,No solution exists for discriminant 
0.28205199999999997,1075,,3.5714465712366987,0.015516405041911683,1.0,,,,False,1,No solution exists for discriminant 
0.28205199999999997,1100,,3.5714465712366987,0.015516405041911683,1.0,,,,False,1,No solution exists for discriminant 
0.28205199999999997,1125,,3.5714465712366987,0.015516405041911683,1.0,,,,False,1,No solution exists for discriminant 
0.28205199999999997,1150,,3.5714465712366987,0.015516405041911683,1.0,,,,False,1,No solution exists for discriminant 
0.28205199999999997,1175,,3.5714465712366987,0.015516405041911683,1.0,,,,False,1,No solution exists for discriminant 
0.28205199999999997,1200,,3.5714465712366987,0.015516405041911683,1.0,,,,False,1,No solution exists for discriminant 
0.28205199999999997,1225,,3.5714465712366987,0.015516405041911683,1.0,,,,False,1,No solution exists for discriminant 
0.28205199999999997,1250,,3.5714465712366987,0.015516405041911683,1.0,,,,False,1,No solution exists for discriminant 
0.28205199999999997,1275,,3.5714465712366987,0.015516405041911683,1.0,,,,False,1,No solution exists for discriminant 
0.28205199999999997,1300,,3.5714465712366987,0.015516405041911683,1.0,,,,False,1,No solution exists for discriminant 
0.28205199999999997,1325,,3.5714465712366987,0.015516405041911683,1.0,,,,False,1,No solution exists for discriminant 
0.28205199999999997,1350,,3.5714465712366987,0.015516405041911683,1.0,,,,False,1,No solution exists for discriminant 
0.28205199999999997,1375,,3.5714465712366987,0.015516405041911683,1.0,,,,False,1,No solution exists for discriminant 
0.28205199999999997,1400,,3.5714465712366987,0.015516405041911683,1.0,,,,False,1,No solution exists for discriminant 
0.28205199999999997,1425,,3.5714465712366987,0.015516405041911683,1.0,,,,False,1,No solution exists for discriminant 
0.28205199999999997,1450,,3.5714465712366987,0.015516405041911683,1.0,,,,False,1,No solution exists for discriminant 
0.28205199999999997,1475,,3.5714465712366987,0.015516405041911683,1.0,,,,False,1,No solution exists for discriminant 
0.28205199999999997,1500,,3.5714465712366987,0.015516405041911683,1.0,,,,False,1,No solution exists for discriminant 
0.28205199999999997,1525,,3.5714465712366987,0.015516405041911683,1.0,,,,False,1,No solution exists for discriminant 
0.307693,-100,-25.138639607983922,3.591066731110778,0.01538958643920878,3.2229025138440925,3.977939998321964,-100.00000000000001,1.4210854715202004e-14,True,2,
0.307693,-75,-19.290428824317985,3.591066731110778,0.015389586439208779,2.4731319005535877,3.887938452952024,-75.0,0.0,True,2,
0.307693,-50,-13.179093879648283,3.591066731110778,0.015389586439208782,1.6896274204677286,3.7938875355620727,-50.00000000000002,2.1316282072803006e-14,True,2,
0.307693,-25,-6.765559492531971,3.591066731110778,0.01538958643920878,0.8673794221194835,3.695185893730708,-25.00000000000003,2.842170943040401e-14,True,2,
0.307693,0,0.0,3.591066731110778,0.015389586439208777,0.0,3.591066731110778,0.0,0.0,True,1,
0.307693,25,7.182822227059017,3.591066731110778,0.015389586439208777,0.9208746444947458,3.4805260675699827,24.999999999999986,1.4210854715202004e-14,True,2,
0.307693,50,14.871192123349402,3.591066731110778,0.015389586439208784,1.906563092737103,3.3622052344744113,50.0,0.0,True,2,
0.307693,75,23.18976167996401,3.591066731110778,0.015389586439208777,2.9730463692261555,3.2341858892323203,74.99999999999999,1.4210854715202004e-14,True,2,
0.307693,100,32.32478173447523,3.591066731110778,0.015389586439208775,4.144202786471183,3.093601708479514,99.99999999999997,2.842170943040401e-14,True,2,
0.307693,125,42.57761755699142,3.591066731110778,0.015389586439208782,5.458668917563003,2.935814805341885,124.99999999999999,1.4210854715202004e-14,True,2,
0.307693,150,54.49884108397199,3.591066731110778,0.01538958643920878,6.987030908201537,2.752352105412288,150.0,0.0,True,2,
0.307693,175,69.33252710307849,3.591066731110778,0.01538958643920878,8.888785526035704,2.5240678122091658,175.00000000000003,-2.842170943040401e-14,True,2,
0.307693,200,91.84159049051836,3.591066731110778,0.015389586439208779,11.77456288339979,2.1776626355425304,200.0,0.0,True,2,
0.307693,225,,3.591066731110778,0.015389586439208779,1.0,,,,False,1,No solution exists for discriminant 
0.307693,250,,3.591066731110778,0.015389586439208779,1.0,,,,False,1,No solution exists for discriminant 
0.307693,275,,3.591066731110778,0.015389586439208779,1.0,,,,False,1,No solution exists for discriminant 
0.307693,300,,3.591066731110778,0.015389586439208779,1.0,,,,False,1,No solution exists for discriminant 
0.307693,325,,3.591066731110778,0.015389586439208779,1.0,,,,False,1,No solution exists for discriminant 
0.307693,350,,3.591066731110778,0.015389586439208779,1.0,,,,False,1,No solution exists for discriminant 
0.307693,375,,3.591066731110778,0.015389586439208779,1.0,,,,False,1,No solution exists for discriminant 
0.307693,400,,3.591066731110778,0.015389586439208779,1.0,,,,False,1,No solution exists for discriminant 
0.307693,425,,3.591066731110778,0.015389586439208779,1.0,,,,False,1,No solution exists for discriminant 
0.307693,450,,3.591066731110778,0.015389586439208779,1.0,,,,False,1,No solution exists for discriminant 
0.307693,475,,3.591066731110778,0.015389586439208779,1.0,,,,False,1,No solution exists for discriminant 
0.307693,500,,3.591066731110778,0.015389586439208779,1.0,,,,False,1,No solution exists for discriminant 
0.307693,525,,3.591066731110778,0.015389586439208779,1.0,,,,False,1,No solution exists for discriminant 
0.307693,550,,3.591066731110778,0.015389586439208779,1.0,,,,False,1,No solution exists for discriminant 
0.307693,575,,3.591066731110778,0.015389586439208779,1.0,,,,False,1,No solution exists for discriminant 
0.307693,600,,3.591066731110778,0.015389586439208779,1.0,,,,False,1,No solution exists for discriminant 
0.307693,625,,3.591066731110778,0.015389586439208779,1.0,,,,False,1,No solution exists for discriminant 
0.307693,650,,3.591066731110778,0.015389586439208779,1.0,,,,False,1,No solution exists for discriminant 
0.307693,675,,3.591066731110778,0.015389586439208779,1.0,,,,False,1,No solution exists for discriminant 
0.307693,700,,3.591066731110778,0.015389586439208779,1.0,,,,False,1,No solution exists for discriminant 
0.307693,725,,3.591066731110778,0.015389586439208779,1.0,,,,False,1,No solution exists for discriminant 
0.307693,750,,3.591066731110778,0.015389586439208779,1.0,,,,False,1,No solution exists for discriminant 
0.307693,775,,3.591066731110778,0.015389586439208779,1.0,,,,False,1,No solution exists for discriminant 
0.307693,800,,3.591066731110778,0.015389586439208779,1.0,,,,False,1,No solution exists for discriminant 
0.307693,825,,3.591066731110778,0.015389586439208779,1.0,,,,False,1,No solution exists for discriminant 
0.307693,850,,3.591066731110778,0.015389586439208779,1.0,,,,False,1,No solution exists for discriminant 
0.307693,875,,3.591066731110778,0.015389586439208779,1.0,,,,False,1,No solution exists for discriminant 
0.307693,900,,3.591066731110778,0.015389586439208779,1.0,,,,False,1,No solution exists for discriminant 
0.307693,925,,3.591066731110778,0.015389586439208779,1.0,,,,False,1,No solution exists for discriminant 
0.307693,950,,3.591066731110778,0.015389586439208779,1.0,,,,False,1,No solution exists for discriminant 
0.307693,975,,3.591066731110778,0.015389586439208779,1.0,,,,False,1,No solution exists for discriminant 
0.307693,1000,,3.591066731110778,0.015389586439208779,1.0,,,,False,1,No solution exists for discriminant 
0.307693,1025,,3.591066731110778,0.015389586439208779,1.0,,,,False,1,No solution exists for discriminant 
0.307693,1050,,3.591066731110778,0.015389586439208779,1.0,,,,False,1,No solution exists for discriminant 
0.307693,1075,,3.591066731110778,0.015389586439208779,1.0,,,,False,1,No solution exists for discriminant 
0.307693,1100,,3.591066731110778,0.015389586439208779,1.0,,,,False,1,No solution exists for discriminant 
0.307693,1125,,3.591066731110778,0.015389586439208779,1.0,,,,False,1,No solution exists for discriminant 
0.307693,1150,,3.591066731110778,0.015389586439208779,1.0,,,,False,1,No solution exists for discriminant 
0.307693,1175,,3.591066731110778,0.015389586439208779,1.0,,,,False,1,No solution exists for discriminant 
0.307693,1200,,3.591066731110778,0.015389586439208779,1.0,,,,False,1,No solution exists for discriminant 
0.307693,1225,,3.591066731110778,0.015389586439208779,1.0,,,,False,1,No solution exists for discriminant 
0.307693,1250,,3.591066731110778,0.015389586439208779,1.0,,,,False,1,No solution exists for discriminant 
0.307693,1275,,3.591066731110778,0.015389586439208779,1.0,,,,False,1,No solution exists for discriminant 
0.307693,1300,,3.591066731110778,0.015389586439208779,1.0,,,,False,1,No solution exists for discriminant 
0.307693,1325,,3.591066731110778,0.015389586439208779,1.0,,,,False,1,No solution exists for discriminant 
0.307693,1350,,3.591066731110778,0.015389586439208779,1.0,,,,False,1,No solution exists for discriminant 
0.307693,1375,,3.591066731110778,0.015389586439208779,1.0,,,,False,1,No solution exists for discriminant 
0.307693,1400,,3.591066731110778,0.015389586439208779,1.0,,,,False,1,No solution exists for discriminant 
0.307693,1425,,3.591066731110778,0.015389586439208779,1.0,,,,False,1,No solution exists for discriminant 
0.307693,1450,,3.591066731110778,0.015389586439208779,1.0,,,,False,1,No solution exists for discriminant 
0.307693,1475,,3.591066731110778,0.015389586439208779,1.0,,,,False,1,No solution exists for discriminant 
0.307693,1500,,3.591066731110778,0.015389586439208779,1.0,,,,False,1,No solution exists for discriminant 
0.307693,1525,,3.591066731110778,0.015389586439208779,1.0,,,,False,1,No solution exists for discriminant 
0.33333399999999996,-100,-25.026447942274388,3.613614042150888,0.015270195754308193,3.208518966958255,3.9957728012644216,-99.99999999999994,-5.684341886080802e-14,True,2,
0.33333399999999996,-75,-19.197477453411707,3.613614042150888,0.015270195754308194,2.461215058129706,3.906763280853403,-74.99999999999996,-4.263256414560601e-14,True,2,
0.33333399999999996,-50,-13.11024895244301,3.613614042150888,0.01527019575430819,1.6808011477491038,3.813810110042407,-50.00000000000003,2.842170943040401e-14,True,2,
0.33333399999999996,-25,-6.72705324929165,3.613614042150888,0.015270195754308193,0.8624427242681603,3.7163374621172265,-24.99999999999997,-2.842170943040401e-14,True,2,
0.33333399999999996,0,0.0,3.613614042150888,0.015270195754308194,0.0,3.613614042150888,0.0,0.0,True,1,
0.33333399999999996,25,7.133304452267123,3.613614042150888,0.015270195754308187,0.9145262118291184,3.504687086789691,24.999999999999996,3.552713678800501e-15,True,2,
0.33333399999999996,50,14.756770335772835,3.613614042150888,0.015270195754308198,1.8918936327913891,3.3882752704222687,50.000000000000014,-1.4210854715202004e-14,True,2,
0.33333399999999996,75,22.987913106133785,3.613614042150888,0.015270195754308198,2.947168346940229,3.2625841090371983,75.00000000000003,-2.842170943040401e-14,True,2,
0.33333399999999996,100,32.00039111539077,3.613614042150888,0.015270195754308196,4.102614245562919,3.124961805604446,100.00000000000001,-1.4210854715202004e-14,True,2,
0.33333399999999996,125,42.07074980936922,3.613614042150888,0.015270195754308194,5.393685872996054,2.971185457031296,125.0,0.0,True,2,
0.33333399999999996,150,53.69160810945313,3.613614042150888,0.015270195754308193,6.883539501211939,2.7937326759559378,150.00000000000003,-2.842170943040401e-14,True,2,
0.33333399999999996,175,67.92433811839659,3.613614042150888,0.01527019575430819,8.708248476717511,2.5763961026011546,175.00000000000003,-2.842170943040401e-14,True,2,
0.33333399999999996,200,88.2759247931775,3.613614042150888,0.01527019575430819,11.317426255535576,2.26562339016648,200.00000000000003,-2.842170943040401e-14,True,2,
0.33333399999999996,225,,3.613614042150888,0.015270195754308193,1.0,,,,False,1,No solution exists for discriminant 
0.33333399999999996,250,,3.613614042150888,0.015270195754308193,1.0,,,,False,1,No solution exists for discriminant 
0.33333399999999996,275,,3.613614042150888,0.015270195754308193,1.0,,,,False,1,No solution exists for discriminant 
0.33333399999999996,300,,3.613614042150888,0.015270195754308193,1.0,,,,False,1,No solution exists for discriminant 
0.33333399999999996,325,,3.613614042150888,0.015270195754308193,1.0,,,,False,1,No solution exists for discriminant 
0.33333399999999996,350,,3.613614042150888,0.015270195754308193,1.0,,,,False,1,No solution exists for discriminant 
0.33333399999999996,375,,3.613614042150888,0.015270195754308193,1.0,,,,False,1,No solution exists for discriminant 
0.33333399999999996,400,,3.613614042150888,0.015270195754308193,1.0,,,,False,1,No solution exists for discriminant 
0.33333399999999996,425,,3.613614042150888,0.015270195754308193,1.0,,,,False,1,No solution exists for discriminant 
0.33333399999999996,450,,3.613614042150888,0.015270195754308193,1.0,,,,False,1,No solution exists for discriminant 
0.33333399999999996,475,,3.613614042150888,0.015270195754308193,1.0,,,,False,1,No solution exists for discriminant 
0.33333399999999996,500,,3.613614042150888,0.015270195754308193,1.0,,,,False,1,No solution exists for discriminant 
0.33333399999999996,525,,3.613614042150888,0.015270195754308193,1.0,,,,False,1,No solution exists for discriminant 
0.33333399999999996,550,,3.613614042150888,0.015270195754308193,1.0,,,,False,1,No solution exists for discriminant 
0.33333399999999996,575,,3.613614042150888,0.015270195754308193,1.0,,,,False,1,No solution exists for discriminant 
0.33333399999999996,600,,3.613614042150888,0.015270195754308193,1.0,,,,False,1,No solution exists for discriminant 
0.33333399999999996,625,,3.613614042150888,0.015270195754308193,1.0,,,,False,1,No solution exists for discriminant 
0.33333399999999996,650,,3.613614042150888,0.015270195754308193,1.0,,,,False,1,No solution exists for discriminant 
0.33333399999999996,675,,3.613614042150888,0.015270195754308193,1.0,,,,False,1,No solution exists for discriminant 
0.33333399999999996,700,,3.613614042150888,0.015270195754308193,1.0,,,,False,1,No solution exists for discriminant 
0.33333399999999996,725,,3.613614042150888,0.015270195754308193,1.0,,,,False,1,No solution exists for discriminant 
0.33333399999999996,750,,3.613614042150888,0.015270195754308193,1.0,,,,False,1,No solution exists for discriminant 
0.33333399999999996,775,,3.613614042150888,0.015270195754308193,1.0,,,,False,1,No solution exists for discriminant 
0.33333399999999996,800,,3.613614042150888,0.015270195754308193,1.0,,,,False,1,No solution exists for discriminant 
0.33333399999999996,825,,3.613614042150888,0.015270195754308193,1.0,,,,False,1,No solution exists for discriminant 
0.33333399999999996,850,,3.613614042150888,0.015270195754308193,1.0,,,,False,1,No solution exists for discriminant 
0.33333399999999996,875,,3.613614042150888,0.015270195754308193,1.0,,,,False,1,No solution exists for discriminant 
0.33333399999999996,900,,3.613614042150888,0.015270195754308193,1.0,,,,False,1,No solution exists for discriminant 
0.33333399999999996,925,,3.613614042150888,0.015270195754308193,1.0,,,,False,1,No solution exists for discriminant 
0.33333399999999996,950,,3.613614042150888,0.015270195754308193,1.0,,,,False,1,No solution exists for discriminant 
0.33333399999999996,975,,3.613614042150888,0.015270195754308193,1.0,,,,False,1,No solution exists for discriminant 
0.33333399999999996,1000,,3.613614042150888,0.015270195754308193,1.0,,,,False,1,No solution exists for discriminant 
0.33333399999999996,1025,,3.613614042150888,0.015270195754308193,1.0,,,,False,1,No solution exists for discriminant 
0.33333399999999996,1050,,3.613614042150888,0.015270195754308193,1.0,,,,False,1,No solution exists for discriminant 
0.33333399999999996,1075,,3.613614042150888,0.015270195754308193,1.0,,,,False,1,No solution exists for discriminant 
0.33333399999999996,1100,,3.613614042150888,0.015270195754308193,1.0,,,,False,1,No solution exists for discriminant 
0.33333399999999996,1125,,3.613614042150888,0.015270195754308193,1.0,,,,False,1,No solution exists for discriminant 
0.33333399999999996,1150,,3.613614042150888,0.015270195754308193,1.0,,,,False,1,No solution exists for discriminant 
0.33333399999999996,1175,,3.613614042150888,0.015270195754308193,1.0,,,,False,1,No solution exists for discriminant 
0.33333399999999996,1200,,3.613614042150888,0.015270195754308193,1.0,,,,False,1,No solution exists for discriminant 
0.33333399999999996,1225,,3.613614042150888,0.015270195754308193,1.0,,,,False,1,No solution exists for discriminant 
0.33333399999999996,1250,,3.613614042150888,0.015270195754308193,1.0,,,,False,1,No solution exists for discriminant 
0.33333399999999996,1275,,3.613614042150888,0.015270195754308193,1.0,,,,False,1,No solution exists for discriminant 
0.33333399999999996,1300,,3.613614042150888,0.015270195754308193,1.0,,,,False,1,No solution exists for discriminant 
0.33333399999999996,1325,,3.613614042150888,0.015270195754308193,1.0,,,,False,1,No solution exists for discriminant 
0.33333399999999996,1350,,3.613614042150888,0.015270195754308193,1.0,,,,False,1,No solution exists for discriminant 
0.33333399999999996,1375,,3.613614042150888,0.015270195754308193,1.0,,,,False,1,No solution exists for discriminant 
0.33333399999999996,1400,,3.613614042150888,0.015270195754308193,1.0,,,,False,1,No solution exists for discriminant 
0.33333399999999996,1425,,3.613614042150888,0.015270195754308193,1.0,,,,False,1,No solution exists for discriminant 
0.33333399999999996,1450,,3.613614042150888,0.015270195754308193,1.0,,,,False,1,No solution exists for discriminant 
0.33333399999999996,1475,,3.613614042150888,0.015270195754308193,1.0,,,,False,1,No solution exists for discriminant 
0.33333399999999996,1500,,3.613614042150888,0.015270195754308193,1.0,,,,False,1,No solution exists for discriminant 
0.33333399999999996,1525,,3.613614042150888,0.015270195754308193,1.0,,,,False,1,No solution exists for discriminant 
0.358975,-100,-24.889245915161936,3.640431233914334,0.015161900672932209,3.1909289634822997,4.017799508304203,-100.00000000000003,2.842170943040401e-14,True,2,
0.358975,-75,-19.084962379697856,3.640431233914334,0.015161900672932207,2.4467900486792122,3.9297955378619607,-75.00000000000003,2.842170943040401e-14,True,2,
0.358975,-50,-13.027764816494052,3.640431233914334,0.015161900672932212,1.6702262585248786,3.8379569100523376,-50.00000000000007,7.105427357601002e-14,True,2,
0.358975,-25,-6.681394467715819,3.640431233914334,0.015161900672932205,0.856589034322541,3.74173387319052,-25.000000000000025,2.4868995751603507e-14,True,2,
0.358975,0,0.0,3.640431233914334,0.015161900672932207,0.0,3.640431233914334,0.0,0.0,True,1,
0.358975,25,7.0758428305964385,3.640431233914334,0.01516190067293221,0.9071593372559537,3.5331480077395514,24.999999999999996,3.552713678800501e-15,True,2,
0.358975,50,14.62552600810558,3.640431233914334,0.015161900672932212,1.8750674369366127,3.4186804612900508,50.000000000000014,-1.4210854715202004e-14,True,2,
0.358975,75,22.759293798774387,3.640431233914334,0.015161900672932212,2.9178581793300498,3.295357081951235,75.0,0.0,True,2,
0.358975,100,31.63820099329608,3.640431233914334,0.015161900672932205,4.0561796145251385,3.160735972983714,99.99999999999999,1.4210854715202004e-14,True,2,
0.358975,125,41.51456361768221,3.640431233914334,0.015161900672932212,5.322379950984899,3.010991543862911,124.99999999999999,1.4210854715202004e-14,True,2,
0.358975,150,52.82657471263797,3.640431233914334,0.015161900672932212,6.772637783671535,2.8394799552300847,150.0,0.0,True,2,
0.358975,175,66.47601261305167,3.640431233914334,0.015161900672932214,8.522565719622008,2.6325285335426556,174.99999999999997,2.842170943040401e-14,True,2,
0.358975,200,85.10182883418398,3.640431233914334,0.015161900672932207,10.910490876177434,2.3501257580455586,200.0,0.0,True,2,
0.358975,225,,3.640431233914334,0.015161900672932207,1.0,,,,False,1,No solution exists for discriminant 
0.358975,250,,3.640431233914334,0.015161900672932207,1.0,,,,False,1,No solution exists for discriminant 
0.358975,275,,3.640431233914334,0.015161900672932207,1.0,,,,False,1,No solution exists for discriminant 
0.358975,300,,3.640431233914334,0.015161900672932207,1.0,,,,False,1,No solution exists for discriminant 
0.358975,325,,3.640431233914334,0.015161900672932207,1.0,,,,False,1,No solution exists for discriminant 
0.358975,350,,3.640431233914334,0.015161900672932207,1.0,,,,False,1,No solution exists for discriminant 
0.358975,375,,3.640431233914334,0.015161900672932207,1.0,,,,False,1,No solution exists for discriminant 
0.358975,400,,3.640431233914334,0.015161900672932207,1.0,,,,False,1,No solution exists for discriminant 
0.358975,425,,3.640431233914334,0.015161900672932207,1.0,,,,False,1,No solution exists for discriminant 
0.358975,450,,3.640431233914334,0.015161900672932207,1.0,,,,False,1,No solution exists for discriminant 
0.358975,475,,3.640431233914334,0.015161900672932207,1.0,,,,False,1,No solution exists for discriminant 
0.358975,500,,3.640431233914334,0.015161900672932207,1.0,,,,False,1,No solution exists for discriminant 
0.358975,525,,3.640431233914334,0.015161900672932207,1.0,,,,False,1,No solution exists for discriminant 
0.358975,550,,3.640431233914334,0.015161900672932207,1.0,,,,False,1,No solution exists for discriminant 
0.358975,575,,3.640431233914334,0.015161900672932207,1.0,,,,False,1,No solution exists for discriminant 
0.358975,600,,3.640431233914334,0.015161900672932207,1.0,,,,False,1,No solution exists for discriminant 
0.358975,625,,3.640431233914334,0.015161900672932207,1.0,,,,False,1,No solution exists for discriminant 
0.358975,650,,3.640431233914334,0.015161900672932207,1.0,,,,False,1,No solution exists for discriminant 
0.358975,675,,3.640431233914334,0.015161900672932207,1.0,,,,False,1,No solution exists for discriminant 
0.358975,700,,3.640431233914334,0.015161900672932207,1.0,,,,False,1,No solution exists for discriminant 
0.358975,725,,3.640431233914334,0.015161900672932207,1.0,,,,False,1,No solution exists for discriminant 
0.358975,750,,3.640431233914334,0.015161900672932207,1.0,,,,False,1,No solution exists for discriminant 
0.358975,775,,3.640431233914334,0.015161900672932207,1.0,,,,False,1,No solution exists for discriminant 
0.358975,800,,3.640431233914334,0.015161900672932207,1.0,,,,False,1,No solution exists for discriminant 
0.358975,825,,3.640431233914334,0.015161900672932207,1.0,,,,False,1,No solution exists for discriminant 
0.358975,850,,3.640431233914334,0.015161900672932207,1.0,,,,False,1,No solution exists for discriminant 
0.358975,875,,3.640431233914334,0.015161900672932207,1.0,,,,False,1,No solution exists for discriminant 
0.358975,900,,3.640431233914334,0.015161900672932207,1.0,,,,False,1,No solution exists for discriminant 
0.358975,925,,3.640431233914334,0.015161900672932207,1.0,,,,False,1,No solution exists for discriminant 
0.358975,950,,3.640431233914334,0.015161900672932207,1.0,,,,False,1,No solution exists for discriminant 
0.358975,975,,3.640431233914334,0.015161900672932207,1.0,,,,False,1,No solution exists for discriminant 
0.358975,1000,,3.640431233914334,0.015161900672932207,1.0,,,,False,1,No solution exists for discriminant 
0.358975,1025,,3.640431233914334,0.015161900672932207,1.0,,,,False,1,No solution exists for discriminant 
0.358975,1050,,3.640431233914334,0.015161900672932207,1.0,,,,False,1,No solution exists for discriminant 
0.358975,1075,,3.640431233914334,0.015161900672932207,1.0,,,,False,1,No solution exists for discriminant 
0.358975,1100,,3.640431233914334,0.015161900672932207,1.0,,,,False,1,No solution exists for discriminant 
0.358975,1125,,3.640431233914334,0.015161900672932207,1.0,,,,False,1,No solution exists for discriminant 
0.358975,1150,,3.640431233914334,0.015161900672932207,1.0,,,,False,1,No solution exists for discriminant 
0.358975,1175,,3.640431233914334,0.015161900672932207,1.0,,,,False,1,No solution exists for discriminant 
0.358975,1200,,3.640431233914334,0.015161900672932207,1.0,,,,False,1,No solution exists for discriminant 
0.358975,1225,,3.640431233914334,0.015161900672932207,1.0,,,,False,1,No solution exists for discriminant 
0.358975,1250,,3.640431233914334,0.015161900672932207,1.0,,,,False,1,No solution exists for discriminant 
0.358975,1275,,3.640431233914334,0.015161900672932207,1.0,,,,False,1,No solution exists for discriminant 
0.358975,1300,,3.640431233914334,0.015161900672932207,1.0,,,,False,1,No solution exists for discriminant 
0.358975,1325,,3.640431233914334,0.015161900672932207,1.0,,,,False,1,No solution exists for discriminant 
0.358975,1350,,3.640431233914334,0.015161900672932207,1.0,,,,False,1,No solution exists for discriminant 
0.358975,1375,,3.640431233914334,0.015161900672932207,1.0,,,,False,1,No solution exists for discriminant 
0.358975,1400,,3.640431233914334,0.015161900672932207,1.0,,,,False,1,No solution exists for discriminant 
0.358975,1425,,3.640431233914334,0.015161900672932207,1.0,,,,False,1,No solution exists for discriminant 
0.358975,1450,,3.640431233914334,0.015161900672932207,1.0,,,,False,1,No solution exists for discriminant 
0.358975,1475,,3.640431233914334,0.015161900672932207,1.0,,,,False,1,No solution exists for discriminant 
0.358975,1500,,3.640431233914334,0.015161900672932207,1.0,,,,False,1,No solution exists for discriminant 
0.358975,1525,,3.640431233914334,0.015161900672932207,1.0,,,,False,1,No solution exists for discriminant 
0.38461599999999996,-100,-24.735140390870292,3.6702051049181197,0.015064648835733321,3.171171844983371,4.042831308809144,-100.00000000000007,7.105427357601002e-14,True,2,
0.38461599999999996,-75,-18.959398116765076,3.6702051049181197,0.015064648835733318,2.430692066251933,3.955821779684049,-75.00000000000003,2.842170943040401e-14,True,2,
0.38461599999999996,-50,-12.936321919324499,3.6702051049181197,0.015064648835733326,1.6585028101698076,3.865086251858743,-50.00000000000003,2.842170943040401e-14,True,2,
0.38461599999999996,-25,-6.6311227171236515,3.6702051049181197,0.015064648835733324,0.8501439380927759,3.7701006400382413,-25.0,0.0,True,2,
0.38461599999999996,0,0.0,3.6702051049181197,0.015064648835733321,0.0,3.6702051049181197,0.0,0.0,True,1,
0.38461599999999996,25,7.013509903101556,3.6702051049181197,0.015064648835733323,0.8991679362950713,3.564549041121957,25.0,0.0,True,2,
0.38461599999999996,50,14.484341868731903,3.6702051049181197,0.015064648835733323,1.85696690624768,3.452003581048964,49.99999999999997,2.842170943040401e-14,True,2,
0.38461599999999996,75,22.515662658215145,3.6702051049181197,0.015064648835733321,2.8866234177198904,3.3310145536682745,74.99999999999996,4.263256414560601e-14,True,2,
0.38461599999999996,100,31.2564728480869,3.6702051049181197,0.015064648835733324,4.00724010872909,3.199337317618057,99.99999999999997,2.842170943040401e-14,True,2,
0.38461599999999996,125,40.936476417326666,3.6702051049181197,0.015064648835733323,5.248266207349573,3.0535114631188147,125.0,0.0,True,2,
0.38461599999999996,150,51.94494397334623,3.6702051049181197,0.01506464883573333,6.6596082017110545,2.8876727651678165,150.0,0.0,True,2,
0.38461599999999996,175,65.04956565249752,3.6702051049181197,0.015064648835733328,8.339687904166349,2.690256241446264,174.99999999999997,2.842170943040401e-14,True,2,
0.38461599999999996,200,82.28266343009142,3.6702051049181197,0.01506464883573332,10.549059414114284,2.4306456750749565,200.0,0.0,True,2,
0.38461599999999996,225,,3.6702051049181197,0.015064648835733323,1.0,,,,False,1,No solution exists for discriminant 
0.38461599999999996,250,,3.6702051049181197,0.015064648835733323,1.0,,,,False,1,No solution exists for discriminant 
0.38461599999999996,275,,3.6702051049181197,0.015064648835733323,1.0,,,,False,1,No solution exists for discriminant 
0.38461599999999996,300,,3.6702051049181197,0.015064648835733323,1.0,,,,False,1,No solution exists for discriminant 
0.38461599999999996,325,,3.6702051049181197,0.015064648835733323,1.0,,,,False,1,No solution exists for discriminant 
0.38461599999999996,350,,3.6702051049181197,0.015064648835733323,1.0,,,,False,1,No solution exists for discriminant 
0.38461599999999996,375,,3.6702051049181197,0.015064648835733323,1.0,,,,False,1,No solution exists for discriminant 
0.38461599999999996,400,,3.6702051049181197,0.015064648835733323,1.0,,,,False,1,No solution exists for discriminant 
0.38461599999999996,425,,3.6702051049181197,0.015064648835733323,1.0,,,,False,1,No solution exists for discriminant 
0.38461599999999996,450,,3.6702051049181197,0.015064648835733323,1.0,,,,False,1,No solution exists for discriminant 
0.38461599999999996,475,,3.6702051049181197,0.015064648835733323,1.0,,,,False,1,No solution exists for discriminant 
0.38461599999999996,500,,3.6702051049181197,0.015064648835733323,1.0,,,,False,1,No solution exists for discriminant 
0.38461599999999996,525,,3.6702051049181197,0.015064648835733323,1.0,,,,False,1,No solution exists for discriminant 
0.38461599999999996,550,,3.6702051049181197,0.015064648835733323,1.0,,,,False,1,No solution exists for discriminant 
0.38461599999999996,575,,3.6702051049181197,0.015064648835733323,1.0,,,,False,1,No solution exists for discriminant 
0.38461599999999996,600,,3.6702051049181197,0.015064648835733323,1.0,,,,False,1,No solution exists for discriminant 
0.38461599999999996,625,,3.6702051049181197,0.015064648835733323,1.0,,,,False,1,No solution exists for discriminant 
0.38461599999999996,650,,3.6702051049181197,0.015064648835733323,1.0,,,,False,1,No solution exists for discriminant 
0.38461599999999996,675,,3.6702051049181197,0.015064648835733323,1.0,,,,False,1,No solution exists for discriminant 
0.38461599999999996,700,,3.6702051049181197,0.015064648835733323,1.0,,,,False,1,No solution exists for discriminant 
0.38461599999999996,725,,3.6702051049181197,0.015064648835733323,1.0,,,,False,1,No solution exists for discriminant 
0.38461599999999996,750,,3.6702051049181197,0.015064648835733323,1.0,,,,False,1,No solution exists for discriminant 
0.38461599999999996,775,,3.6702051049181197,0.015064648835733323,1.0,,,,False,1,No solution exists for discriminant 
0.38461599999999996,800,,3.6702051049181197,0.015064648835733323,1.0,,,,False,1,No solution exists for discriminant 
0.38461599999999996,825,,3.6702051049181197,0.015064648835733323,1.0,,,,False,1,No solution exists for discriminant 
0.38461599999999996,850,,3.6702051049181197,0.015064648835733323,1.0,,,,False,1,No solution exists for discriminant 
0.38461599999999996,875,,3.6702051049181197,0.015064648835733323,1.0,,,,False,1,No solution exists for discriminant 
0.38461599999999996,900,,3.6702051049181197,0.015064648835733323,1.0,,,,False,1,No solution exists for discriminant 
0.38461599999999996,925,,3.6702051049181197,0.015064648835733323,1.0,,,,False,1,No solution exists for discriminant 
0.38461599999999996,950,,3.6702051049181197,0.015064648835733323,1.0,,,,False,1,No solution exists for discriminant 
0.38461599999999996,975,,3.6702051049181197,0.015064648835733323,1.0,,,,False,1,No solution exists for discriminant 
0.38461599999999996,1000,,3.6702051049181197,0.015064648835733323,1.0,,,,False,1,No solution exists for discriminant 
0.38461599999999996,1025,,3.6702051049181197,0.015064648835733323,1.0,,,,False,1,No solution exists for discriminant 
0.38461599999999996,1050,,3.6702051049181197,0.015064648835733323,1.0,,,,False,1,No solution exists for discriminant 
0.38461599999999996,1075,,3.6702051049181197,0.015064648835733323,1.0,,,,False,1,No solution exists for discriminant 
0.38461599999999996,1100,,3.6702051049181197,0.015064648835733323,1.0,,,,False,1,No solution exists for discriminant 
0.38461599999999996,1125,,3.6702051049181197,0.015064648835733323,1.0,,,,False,1,No solution exists for discriminant 
0.38461599999999996,1150,,3.6702051049181197,0.015064648835733323,1.0,,,,False,1,No solution exists for discriminant 
0.38461599999999996,1175,,3.6702051049181197,0.015064648835733323,1.0,,,,False,1,No solution exists for discriminant 
0.38461599999999996,1200,,3.6702051049181197,0.015064648835733323,1.0,,,,False,1,No solution exists for discriminant 
0.38461599999999996,1225,,3.6702051049181197,0.015064648835733323,1.0,,,,False,1,No solution exists for discriminant 
0.38461599999999996,1250,,3.6702051049181197,0.015064648835733323,1.0,,,,False,1,No solution exists for discriminant 
0.38461599999999996,1275,,3.6702051049181197,0.015064648835733323,1.0,,,,False,1,No solution exists for discriminant 
0.38461599999999996,1300,,3.6702051049181197,0.015064648835733323,1.0,,,,False,1,No solution exists for discriminant 
0.38461599999999996,1325,,3.6702051049181197,0.015064648835733323,1.0,,,,False,1,No solution exists for discriminant 
0.38461599999999996,1350,,3.6702051049181197,0.015064648835733323,1.0,,,,False,1,No solution exists for discriminant 
0.38461599999999996,1375,,3.6702051049181197,0.015064648835733323,1.0,,,,False,1,No solution exists for discriminant 
0.38461599999999996,1400,,3.6702051049181197,0.015064648835733323,1.0,,,,False,1,No solution exists for discriminant 
0.38461599999999996,1425,,3.6702051049181197,0.015064648835733323,1.0,,,,False,1,No solution exists for discriminant 
0.38461599999999996,1450,,3.6702051049181197,0.015064648835733323,1.0,,,,False,1,No solution exists for discriminant 
0.38461599999999996,1475,,3.6702051049181197,0.015064648835733323,1.0,,,,False,1,No solution exists for discriminant 
0.38461599999999996,1500,,3.6702051049181197,0.015064648835733323,1.0,,,,False,1,No solution exists for discriminant 
0.38461599999999996,1525,,3.6702051049181197,0.015064648835733323,1.0,,,,False,1,No solution exists for discriminant 
0.410257,-100,-24.589939414932157,3.6984933293429294,0.014974029093140585,3.1525563352477124,4.066703797540688,-100.00000000000006,5.684341886080802e-14,True,2,
0.410257,-75,-18.841271469101965,3.6984933293429294,0.014974029093140587,2.4155476242438416,3.980623076473022,-75.00000000000004,4.263256414560601e-14,True,2,
0.410257,-50,-12.850443656989054,3.6984933293429294,0.014974029093140585,1.6474927765370582,3.8909162465224476,-50.00000000000004,4.263256414560601e-14,True,2,
0.410257,-25,-6.58400253971678,3.6984933293429294,0.014974029093140589,0.8441028897072794,3.7970823749219598,-25.000000000000004,3.552713678800501e-15,True,2,
0.410257,0,0.0,3.6984933293429294,0.014974029093140592,0.0,3.6984933293429294,0.0,0.0,True,1,
0.410257,25,6.955373332313192,3.6984933293429294,0.014974029093140589,0.8917145297837425,3.5943433667112172,25.000000000000018,-1.7763568394002505e-14,True,2,
0.410257,50,14.353093050274888,3.6984933293429294,0.014974029093140589,1.8401401346506268,3.4835696964315592,50.000000000000014,-1.4210854715202004e-14,True,2,
0.410257,75,22.290112735995734,3.6984933293429294,0.014974029093140585,2.8577067610250944,3.364720532744746,75.00000000000001,-1.4210854715202004e-14,True,2,
0.410257,100,30.905015768205256,3.6984933293429294,0.014974029093140584,3.962181508744264,3.2357207241058554,99.99999999999999,1.4210854715202004e-14,True,2,
0.410257,125,40.40839104014573,3.6984933293429294,0.014974029093140589,5.180562953864837,3.093416906300786,125.0,0.0,True,2,
0.410257,150,51.1495178915384,3.6984933293429294,0.014974029093140592,6.55763049891518,2.932578960334918,149.99999999999997,2.842170943040401e-14,True,2,
0.410257,175,63.792735995270796,3.6984933293429294,0.014974029093140592,8.17855589682959,2.7432590446187075,175.0,0.0,True,2,
0.410257,200,79.96494699342786,3.6984933293429294,0.014974029093140587,10.2519162812087,2.5010958866318957,200.0,0.0,True,2,
0.410257,225,108.48105918415878,3.6984933293429294,0.01497402909314056,13.907828100533177,2.074094793064633,225.00000000000003,-2.842170943040401e-14,True,2,
0.410257,250,,3.6984933293429294,0.014974029093140585,1.0,,,,False,1,No solution exists for discriminant 
0.410257,275,,3.6984933293429294,0.014974029093140585,1.0,,,,False,1,No solution exists for discriminant 
0.410257,300,,3.6984933293429294,0.014974029093140585,1.0,,,,False,1,No solution exists for discriminant 
0.410257,325,,3.6984933293429294,0.014974029093140585,1.0,,,,False,1,No solution exists for discriminant 
0.410257,350,,3.6984933293429294,0.014974029093140585,1.0,,,,False,1,No solution exists for discriminant 
0.410257,375,,3.6984933293429294,0.014974029093140585,1.0,,,,False,1,No solution exists for discriminant 
0.410257,400,,3.6984933293429294,0.014974029093140585,1.0,,,,False,1,No solution exists for discriminant 
0.410257,425,,3.6984933293429294,0.014974029093140585,1.0,,,,False,1,No solution exists for discriminant 
0.410257,450,,3.6984933293429294,0.014974029093140585,1.0,,,,False,1,No solution exists for discriminant 
0.410257,475,,3.6984933293429294,0.014974029093140585,1.0,,,,False,1,No solution exists for discriminant 
0.410257,500,,3.6984933293429294,0.014974029093140585,1.0,,,,False,1,No solution exists for discriminant 
0.410257,525,,3.6984933293429294,0.014974029093140585,1.0,,,,False,1,No solution exists for discriminant 
0.410257,550,,3.6984933293429294,0.014974029093140585,1.0,,,,False,1,No solution exists for discriminant 
0.410257,575,,3.6984933293429294,0.014974029093140585,1.0,,,,False,1,No solution exists for discriminant 
0.410257,600,,3.6984933293429294,0.014974029093140585,1.0,,,,False,1,No solution exists for discriminant 
0.410257,625,,3.6984933293429294,0.014974029093140585,1.0,,,,False,1,No solution exists for discriminant 
0.410257,650,,3.6984933293429294,0.014974029093140585,1.0,,,,False,1,No solution exists for discriminant 
0.410257,675,,3.6984933293429294,0.014974029093140585,1.0,,,,False,1,No solution exists for discriminant 
0.410257,700,,3.6984933293429294,0.014974029093140585,1.0,,,,False,1,No solution exists for discriminant 
0.410257,725,,3.6984933293429294,0.014974029093140585,1.0,,,,False,1,No solution exists for discriminant 
0.410257,750,,3.6984933293429294,0.014974029093140585,1.0,,,,False,1,No solution exists for discriminant 
0.410257,775,,3.6984933293429294,0.014974029093140585,1.0,,,,False,1,No solution exists for discriminant 
0.410257,800,,3.6984933293429294,0.014974029093140585,1.0,,,,False,1,No solution exists for discriminant 
0.410257,825,,3.6984933293429294,0.014974029093140585,1.0,,,,False,1,No solution exists for discriminant 
0.410257,850,,3.6984933293429294,0.014974029093140585,1.0,,,,False,1,No solution exists for discriminant 
0.410257,875,,3.6984933293429294,0.014974029093140585,1.0,,,,False,1,No solution exists for discriminant 
0.410257,900,,3.6984933293429294,0.014974029093140585,1.0,,,,False,1,No solution exists for discriminant 
0.410257,925,,3.6984933293429294,0.014974029093140585,1.0,,,,False,1,No solution exists for discriminant 
0.410257,950,,3.6984933293429294,0.014974029093140585,1.0,,,,False,1,No solution exists for discriminant 
0.410257,975,,3.6984933293429294,0.014974029093140585,1.0,,,,False,1,No solution exists for discriminant 
0.410257,1000,,3.6984933293429294,0.014974029093140585,1.0,,,,False,1,No solution exists for discriminant 
0.410257,1025,,3.6984933293429294,0.014974029093140585,1.0,,,,False,1,No solution exists for discriminant 
0.410257,1050,,3.6984933293429294,0.014974029093140585,1.0,,,,False,1,No solution exists for discriminant 
0.410257,1075,,3.6984933293429294,0.014974029093140585,1.0,,,,False,1,No solution exists for discriminant 
0.410257,1100,,3.6984933293429294,0.014974029093140585,1.0,,,,False,1,No solution exists for discriminant 
0.410257,1125,,3.6984933293429294,0.014974029093140585,1.0,,,,False,1,No solution exists for discriminant 
0.410257,1150,,3.6984933293429294,0.014974029093140585,1.0,,,,False,1,No solution exists for discriminant 
0.410257,1175,,3.6984933293429294,0.014974029093140585,1.0,,,,False,1,No solution exists for discriminant 
0.410257,1200,,3.6984933293429294,0.014974029093140585,1.0,,,,False,1,No solution exists for discriminant 
0.410257,1225,,3.6984933293429294,0.014974029093140585,1.0,,,,False,1,No solution exists for discriminant 
0.410257,1250,,3.6984933293429294,0.014974029093140585,1.0,,,,False,1,No solution exists for discriminant 
0.410257,1275,,3.6984933293429294,0.014974029093140585,1.0,,,,False,1,No solution exists for discriminant 
0.410257,1300,,3.6984933293429294,0.014974029093140585,1.0,,,,False,1,No solution exists for discriminant 
0.410257,1325,,3.6984933293429294,0.014974029093140585,1.0,,,,False,1,No solution exists for discriminant 
0.410257,1350,,3.6984933293429294,0.014974029093140585,1.0,,,,False,1,No solution exists for discriminant 
0.410257,1375,,3.6984933293429294,0.014974029093140585,1.0,,,,False,1,No solution exists for discriminant 
0.410257,1400,,3.6984933293429294,0.014974029093140585,1.0,,,,False,1,No solution exists for discriminant 
0.410257,1425,,3.6984933293429294,0.014974029093140585,1.0,,,,False,1,No solution exists for discriminant 
0.410257,1450,,3.6984933293429294,0.014974029093140585,1.0,,,,False,1,No solution exists for discriminant 
0.410257,1475,,3.6984933293429294,0.014974029093140585,1.0,,,,False,1,No solution exists for discriminant 
0.410257,1500,,3.6984933293429294,0.014974029093140585,1.0,,,,False,1,No solution exists for discriminant 
0.410257,1525,,3.6984933293429294,0.014974029093140585,1.0,,,,False,1,No solution exists for discriminant 
0.435898,-100,-24.463345779533505,3.7236308327412426,0.014884205354763683,3.136326381991475,4.087748294988411,-100.00000000000003,2.842170943040401e-14,True,2,
0.435898,-75,-18.738133777663666,3.7236308327412426,0.014884205354763678,2.402324843290214,4.002533063853022,-74.99999999999996,-4.263256414560601e-14,True,2,
0.435898,-50,-12.77536659885398,3.7236308327412426,0.014884205354763685,1.637867512673587,3.913782012680974,-50.000000000000014,1.4210854715202004e-14,True,2,
0.435898,-25,-6.542764698327552,3.7236308327412426,0.014884205354763683,0.8388159869650709,3.8210146860990486,-24.99999999999999,-1.0658141036401503e-14,True,2,
0.435898,0,0.0,3.7236308327412426,0.014884205354763685,0.0,3.7236308327412426,0.0,0.0,True,1,
0.435898,25,6.904429661620435,3.7236308327412426,0.014884205354763681,0.8851832899513379,3.6208638838001628,25.000000000000014,-1.4210854715202004e-14,True,2,
0.435898,50,14.238084823166275,3.7236308327412426,0.014884205354763686,1.8253954901495226,3.5117082543746916,50.00000000000003,-2.842170943040401e-14,True,2,
0.435898,75,22.092613271847178,3.7236308327412426,0.01488420535476368,2.8323863169034844,3.394799839979692,75.00000000000001,-1.4210854715202004e-14,True,2,
0.435898,100,30.597821009290318,3.7236308327412426,0.014884205354763685,3.9227975652936307,3.268206581430663,100.00000000000003,-2.842170943040401e-14,True,2,
0.435898,125,39.94849163378367,3.7236308327412426,0.014884205354763683,5.121601491510726,3.129029279650948,125.00000000000003,-2.842170943040401e-14,True,2,
0.435898,150,50.46176661160547,3.7236308327412426,0.014884205354763686,6.469457257898137,2.972547535929949,150.0,0.0,True,2,
0.435898,175,62.72287494856496,3.7236308327412426,0.014884205354763686,8.041394224174995,2.790050681565639,175.0,0.0,True,2,
0.435898,200,78.08018587702799,3.7236308327412426,0.014884205354763683,10.010280240644613,2.561469312009439,200.0,0.0,True,2,
0.435898,225,102.06546550539538,3.7236308327412426,0.014884205354763686,13.085316090435306,2.2044674845293883,225.0,0.0,True,2,
0.435898,250,,3.7236308327412426,0.014884205354763685,1.0,,,,False,1,No solution exists for discriminant 
0.435898,275,,3.7236308327412426,0.014884205354763685,1.0,,,,False,1,No solution exists for discriminant 
0.435898,300,,3.7236308327412426,0.014884205354763685,1.0,,,,False,1,No solution exists for discriminant 
0.435898,325,,3.7236308327412426,0.014884205354763685,1.0,,,,False,1,No solution exists for discriminant 
0.435898,350,,3.7236308327412426,0.014884205354763685,1.0,,,,False,1,No solution exists for discriminant 
0.435898,375,,3.7236308327412426,0.014884205354763685,1.0,,,,False,1,No solution exists for discriminant 
0.435898,400,,3.7236308327412426,0.014884205354763685,1.0,,,,False,1,No solution exists for discriminant 
0.435898,425,,3.7236308327412426,0.014884205354763685,1.0,,,,False,1,No solution exists for discriminant 
0.435898,450,,3.7236308327412426,0.014884205354763685,1.0,,,,False,1,No solution exists for discriminant 
0.435898,475,,3.7236308327412426,0.014884205354763685,1.0,,,,False,1,No solution exists for discriminant 
0.435898,500,,3.7236308327412426,0.014884205354763685,1.0,,,,False,1,No solution exists for discriminant 
0.435898,525,,3.7236308327412426,0.014884205354763685,1.0,,,,False,1,No solution exists for discriminant 
0.435898,550,,3.7236308327412426,0.014884205354763685,1.0,,,,False,1,No solution exists for discriminant 
0.435898,575,,3.7236308327412426,0.014884205354763685,1.0,,,,False,1,No solution exists for discriminant 
0.435898,600,,3.7236308327412426,0.014884205354763685,1.0,,,,False,1,No solution exists for discriminant 
0.435898,625,,3.7236308327412426,0.014884205354763685,1.0,,,,False,1,No solution exists for discriminant 
0.435898,650,,3.7236308327412426,0.014884205354763685,1.0,,,,False,1,No solution exists for discriminant 
0.435898,675,,3.7236308327412426,0.014884205354763685,1.0,,,,False,1,No solution exists for discriminant 
0.435898,700,,3.7236308327412426,0.014884205354763685,1.0,,,,False,1,No solution exists for discriminant 
0.435898,725,,3.7236308327412426,0.014884205354763685,1.0,,,,False,1,No solution exists for discriminant 
0.435898,750,,3.7236308327412426,0.014884205354763685,1.0,,,,False,1,No solution exists for discriminant 
0.435898,775,,3.7236308327412426,0.014884205354763685,1.0,,,,False,1,No solution exists for discriminant 
0.435898,800,,3.7236308327412426,0.014884205354763685,1.0,,,,False,1,No solution exists for discriminant 
0.435898,825,,3.7236308327412426,0.014884205354763685,1.0,,,,False,1,No solution exists for discriminant 
0.435898,850,,3.7236308327412426,0.014884205354763685,1.0,,,,False,1,No solution exists for discriminant 
0.435898,875,,3.7236308327412426,0.014884205354763685,1.0,,,,False,1,No solution exists for discriminant 
0.435898,900,,3.7236308327412426,0.014884205354763685,1.0,,,,False,1,No solution exists for discriminant 
0.435898,925,,3.7236308327412426,0.014884205354763685,1.0,,,,False,1,No solution exists for discriminant 
0.435898,950,,3.7236308327412426,0.014884205354763685,1.0,,,,False,1,No solution exists for discriminant 
0.435898,975,,3.7236308327412426,0.014884205354763685,1.0,,,,False,1,No solution exists for discriminant 
0.435898,1000,,3.7236308327412426,0.014884205354763685,1.0,,,,False,1,No solution exists for discriminant 
0.435898,1025,,3.7236308327412426,0.014884205354763685,1.0,,,,False,1,No solution exists for discriminant 
0.435898,1050,,3.7236308327412426,0.014884205354763685,1.0,,,,False,1,No solution exists for discriminant 
0.435898,1075,,3.7236308327412426,0.014884205354763685,1.0,,,,False,1,No solution exists for discriminant 
0.435898,1100,,3.7236308327412426,0.014884205354763685,1.0,,,,False,1,No solution exists for discriminant 
0.435898,1125,,3.7236308327412426,0.014884205354763685,1.0,,,,False,1,No solution exists for discriminant 
0.435898,1150,,3.7236308327412426,0.014884205354763685,1.0,,,,False,1,No solution exists for discriminant 
0.435898,1175,,3.7236308327412426,0.014884205354763685,1.0,,,,False,1,No solution exists for discriminant 
0.435898,1200,,3.7236308327412426,0.014884205354763685,1.0,,,,False,1,No solution exists for discriminant 
0.435898,1225,,3.7236308327412426,0.014884205354763685,1.0,,,,False,1,No solution exists for discriminant 
0.435898,1250,,3.7236308327412426,0.014884205354763685,1.0,,,,False,1,No solution exists for discriminant 
0.435898,1275,,3.7236308327412426,0.014884205354763685,1.0,,,,False,1,No solution exists for discriminant 
0.435898,1300,,3.7236308327412426,0.014884205354763685,1.0,,,,False,1,No solution exists for discriminant 
0.435898,1325,,3.7236308327412426,0.014884205354763685,1.0,,,,False,1,No solution exists for discriminant 
0.435898,1350,,3.7236308327412426,0.014884205354763685,1.0,,,,False,1,No solution exists for discriminant 
0.435898,1375,,3.7236308327412426,0.014884205354763685,1.0,,,,False,1,No solution exists for discriminant 
0.435898,1400,,3.7236308327412426,0.014884205354763685,1.0,,,,False,1,No solution exists for discriminant 
0.435898,1425,,3.7236308327412426,0.014884205354763685,1.0,,,,False,1,No solution exists for discriminant 
0.435898,1450,,3.7236308327412426,0.014884205354763685,1.0,,,,False,1,No solution exists for discriminant 
0.435898,1475,,3.7236308327412426,0.014884205354763685,1.0,,,,False,1,No solution exists for discriminant 
0.435898,1500,,3.7236308327412426,0.014884205354763685,1.0,,,,False,1,No solution exists for discriminant 
0.435898,1525,,3.7236308327412426,0.014884205354763685,1.0,,,,False,1,No solution exists for discriminant 
0.461539,-100,-24.34362641504201,3.7478410817450802,0.014788689173681882,3.1209777455182066,4.107851406157368,-99.99999999999997,-2.842170943040401e-14,True,2,
0.461539,-75,-18.640446155501206,3.7478410817450802,0.014788689173681882,2.3898007891668214,4.023508845997541,-74.99999999999996,-4.263256414560601e-14,True,2,
0.461539,-50,-12.704159194425179,3.7478410817450802,0.014788689173681887,1.6287383582596384,3.935718943284407,-49.99999999999995,-4.973799150320701e-14,True,2,
0.461539,-25,-6.503606680081155,3.7478410817450802,0.014788689173681886,0.8337957282155327,3.844020899444682,-25.000000000000004,3.552713678800501e-15,True,2,
0.461539,0,0.0,3.7478410817450802,0.014788689173681884,0.0,3.7478410817450802,0.0,0.0,True,1,
0.461539,25,6.855983067685969,3.7478410817450802,0.014788689173681884,0.8789721881648679,3.6464500791770464,24.999999999999993,7.105427357601002e-15,True,2,
0.461539,50,14.128699478058179,3.7478410817450802,0.014788689173681886,1.8113717279561767,3.5388961367357163,50.00000000000002,-2.1316282072803006e-14,True,2,
0.461539,75,21.90486561450668,3.7478410817450802,0.014788689173681882,2.8083161044239335,3.4238968327808688,74.99999999999997,2.842170943040401e-14,True,2,
0.461539,100,30.30622918735574,3.7478410817450802,0.014788689173681882,3.885413998378941,3.2996516782669105,100.0,0.0,True,2,
0.461539,125,39.51330944485167,3.7478410817450802,0.014788689173681886,5.065808903186112,3.1634910301416603,125.00000000000001,-1.4210854715202004e-14,True,2,
0.461539,150,49.81497135135398,3.7478410817450802,0.014788689173681884,6.386534788635126,3.0111429542340384,150.00000000000003,-2.842170943040401e-14,True,2,
0.461539,175,61.72971071758137,3.7478410817450802,0.014788689173681882,7.914065476612996,2.83493957716147,175.0,0.0,True,2,
0.461539,200,76.39054506665173,3.7478410817450802,0.014788689173681882,9.793659623929708,2.61812505494623,200.0,0.0,True,2,
0.461539,225,97.69796448080349,3.7478410817450802,0.014788689173681894,12.525380061641474,2.3030162521370636,225.00000000000003,-2.842170943040401e-14,True,2,
0.461539,250,,3.7478410817450802,0.014788689173681887,1.0,,,,False,1,No solution exists for discriminant 
0.461539,275,,3.7478410817450802,0.014788689173681887,1.0,,,,False,1,No solution exists for discriminant 
0.461539,300,,3.7478410817450802,0.014788689173681887,1.0,,,,False,1,No solution exists for discriminant 
0.461539,325,,3.7478410817450802,0.014788689173681887,1.0,,,,False,1,No solution exists for discriminant 
0.461539,350,,3.7478410817450802,0.014788689173681887,1.0,,,,False,1,No solution exists for discriminant 
0.461539,375,,3.7478410817450802,0.014788689173681887,1.0,,,,False,1,No solution exists for discriminant 
0.461539,400,,3.7478410817450802,0.014788689173681887,1.0,,,,False,1,No solution exists for discriminant 
0.461539,425,,3.7478410817450802,0.014788689173681887,1.0,,,,False,1,No solution exists for discriminant 
0.461539,450,,3.7478410817450802,0.014788689173681887,1.0,,,,False,1,No solution exists for discriminant 
0.461539,475,,3.7478410817450802,0.014788689173681887,1.0,,,,False,1,No solution exists for discriminant 
0.461539,500,,3.7478410817450802,0.014788689173681887,1.0,,,,False,1,No solution exists for discriminant 
0.461539,525,,3.7478410817450802,0.014788689173681887,1.0,,,,False,1,No solution exists for discriminant 
0.461539,550,,3.7478410817450802,0.014788689173681887,1.0,,,,False,1,No solution exists for discriminant 
0.461539,575,,3.7478410817450802,0.014788689173681887,1.0,,,,False,1,No solution exists for discriminant 
0.461539,600,,3.7478410817450802,0.014788689173681887,1.0,,,,False,1,No solution exists for discriminant 
0.461539,625,,3.7478410817450802,0.014788689173681887,1.0,,,,False,1,No solution exists for discriminant 
0.461539,650,,3.7478410817450802,0.014788689173681887,1.0,,,,False,1,No solution exists for discriminant 
0.461539,675,,3.7478410817450802,0.014788689173681887,1.0,,,,False,1,No solution exists for discriminant 
0.461539,700,,3.7478410817450802,0.014788689173681887,1.0,,,,False,1,No solution exists for discriminant 
0.461539,725,,3.7478410817450802,0.014788689173681887,1.0,,,,False,1,No solution exists for discriminant 
0.461539,750,,3.7478410817450802,0.014788689173681887,1.0,,,,False,1,No solution exists for discriminant 
0.461539,775,,3.7478410817450802,0.014788689173681887,1.0,,,,False,1,No solution exists for discriminant 
0.461539,800,,3.7478410817450802,0.014788689173681887,1.0,,,,False,1,No solution exists for discriminant 
0.461539,825,,3.7478410817450802,0.014788689173681887,1.0,,,,False,1,No solution exists for discriminant 
0.461539,850,,3.7478410817450802,0.014788689173681887,1.0,,,,False,1,No solution exists for discriminant 
0.461539,875,,3.7478410817450802,0.014788689173681887,1.0,,,,False,1,No solution exists for discriminant 
0.461539,900,,3.7478410817450802,0.014788689173681887,1.0,,,,False,1,No solution exists for discriminant 
0.461539,925,,3.7478410817450802,0.014788689173681887,1.0,,,,False,1,No solution exists for discriminant 
0.461539,950,,3.7478410817450802,0.014788689173681887,1.0,,,,False,1,No solution exists for discriminant 
0.461539,975,,3.7478410817450802,0.014788689173681887,1.0,,,,False,1,No solution exists for discriminant 
0.461539,1000,,3.7478410817450802,0.014788689173681887,1.0,,,,False,1,No solution exists for discriminant 
0.461539,1025,,3.7478410817450802,0.014788689173681887,1.0,,,,False,1,No solution exists for discriminant 
0.461539,1050,,3.7478410817450802,0.014788689173681887,1.0,,,,False,1,No solution exists for discriminant 
0.461539,1075,,3.7478410817450802,0.014788689173681887,1.0,,,,False,1,No solution exists for discriminant 
0.461539,1100,,3.7478410817450802,0.014788689173681887,1.0,,,,False,1,No solution exists for discriminant 
0.461539,1125,,3.7478410817450802,0.014788689173681887,1.0,,,,False,1,No solution exists for discriminant 
0.461539,1150,,3.7478410817450802,0.014788689173681887,1.0,,,,False,1,No solution exists for discriminant 
0.461539,1175,,3.7478410817450802,0.014788689173681887,1.0,,,,False,1,No solution exists for discriminant 
0.461539,1200,,3.7478410817450802,0.014788689173681887,1.0,,,,False,1,No solution exists for discriminant 
0.461539,1225,,3.7478410817450802,0.014788689173681887,1.0,,,,False,1,No solution exists for discriminant 
0.461539,1250,,3.7478410817450802,0.014788689173681887,1.0,,,,False,1,No solution exists for discriminant 
0.461539,1275,,3.7478410817450802,0.014788689173681887,1.0,,,,False,1,No solution exists for discriminant 
0.461539,1300,,3.7478410817450802,0.014788689173681887,1.0,,,,False,1,No solution exists for discriminant 
0.461539,1325,,3.7478410817450802,0.014788689173681887,1.0,,,,False,1,No solution exists for discriminant 
0.461539,1350,,3.7478410817450802,0.014788689173681887,1.0,,,,False,1,No solution exists for discriminant 
0.461539,1375,,3.7478410817450802,0.014788689173681887,1.0,,,,False,1,No solution exists for discriminant 
0.461539,1400,,3.7478410817450802,0.014788689173681887,1.0,,,,False,1,No solution exists for discriminant 
0.461539,1425,,3.7478410817450802,0.014788689173681887,1.0,,,,False,1,No solution exists for discriminant 
0.461539,1450,,3.7478410817450802,0.014788689173681887,1.0,,,,False,1,No solution exists for discriminant 
0.461539,1475,,3.7478410817450802,0.014788689173681887,1.0,,,,False,1,No solution exists for discriminant 
0.461539,1500,,3.7478410817450802,0.014788689173681887,1.0,,,,False,1,No solution exists for discriminant 
0.461539,1525,,3.7478410817450802,0.014788689173681887,1.0,,,,False,1,No solution exists for discriminant 
0.48718,-100,-24.224095650459017,3.771959245530401,0.01470279195536964,3.105653288520387,4.128121084186075,-100.00000000000006,5.684341886080802e-14,True,2,
0.48718,-75,-18.543257071257223,3.771959245530401,0.01470279195536964,2.3773406501611825,4.044596896424033,-74.99999999999997,-2.842170943040401e-14,True,2,
0.48718,-50,-12.63357458112168,3.771959245530401,0.014702791955369646,1.619689048861754,3.9577080642492795,-49.999999999999986,-1.4210854715202004e-14,True,2,
0.48718,-25,-6.464940000221833,3.771959245530401,0.014702791955369646,0.8288384615669017,3.86701191335761,-24.99999999999998,-2.1316282072803006e-14,True,2,
0.48718,0,0.0,3.771959245530401,0.014702791955369644,0.0,3.771959245530401,0.0,0.0,True,1,
0.48718,25,6.808548514543155,3.771959245530401,0.014702791955369651,0.8728908351978404,3.6718545732030323,24.999999999999996,3.552713678800501e-15,True,2,
0.48718,50,14.022118679180679,3.771959245530401,0.014702791955369651,1.797707522971882,3.5657949518169048,49.999999999999986,1.4210854715202004e-14,True,2,
0.48718,75,21.722939715583717,3.771959245530401,0.014702791955369643,2.7849922712286816,3.4525713822331374,74.99999999999999,1.4210854715202004e-14,True,2,
0.48718,100,30.025519129299383,3.771959245530401,0.014702791955369644,3.8494255293973567,3.330500284420341,99.99999999999999,1.4210854715202004e-14,True,2,
0.48718,125,39.09777627327762,3.771959245530401,0.014702791955369643,5.012535419650977,3.197112775066813,125.0,0.0,True,2,
0.48718,150,49.204202511368685,3.771959245530401,0.014702791955369644,6.3082310912011135,3.048520092675871,149.99999999999997,2.842170943040401e-14,True,2,
0.48718,175,60.8079671694784,3.771959245530401,0.014702791955369643,7.795893226856205,2.877912355008613,175.0,0.0,True,2,
0.48718,200,74.87647027758536,3.771959245530401,0.014702791955369643,9.599547471485302,2.671066080686645,200.0,0.0,True,2,
0.48718,225,94.34875667165988,3.771959245530401,0.014702791955369643,12.095994445084601,2.3847691049391924,225.0,0.0,True,2,
0.48718,250,,3.771959245530401,0.014702791955369643,1.0,,,,False,1,No solution exists for discriminant 
0.48718,275,,3.771959245530401,0.014702791955369643,1.0,,,,False,1,No solution exists for discriminant 
0.48718,300,,3.771959245530401,0.014702791955369643,1.0,,,,False,1,No solution exists for discriminant 
0.48718,325,,3.771959245530401,0.014702791955369643,1.0,,,,False,1,No solution exists for discriminant 
0.48718,350,,3.771959245530401,0.014702791955369643,1.0,,,,False,1,No solution exists for discriminant 
0.48718,375,,3.771959245530401,0.014702791955369643,1.0,,,,False,1,No solution exists for discriminant 
0.48718,400,,3.771959245530401,0.014702791955369643,1.0,,,,False,1,No solution exists for discriminant 
0.48718,425,,3.771959245530401,0.014702791955369643,1.0,,,,False,1,No solution exists for discriminant 
0.48718,450,,3.771959245530401,0.014702791955369643,1.0,,,,False,1,No solution exists for discriminant 
0.48718,475,,3.771959245530401,0.014702791955369643,1.0,,,,False,1,No solution exists for discriminant 
0.48718,500,,3.771959245530401,0.014702791955369643,1.0,,,,False,1,No solution exists for discriminant 
0.48718,525,,3.771959245530401,0.014702791955369643,1.0,,,,False,1,No solution exists for discriminant 
0.48718,550,,3.771959245530401,0.014702791955369643,1.0,,,,False,1,No solution exists for discriminant 
0.48718,575,,3.771959245530401,0.014702791955369643,1.0,,,,False,1,No solution exists for discriminant 
0.48718,600,,3.771959245530401,0.014702791955369643,1.0,,,,False,1,No solution exists for discriminant 
0.48718,625,,3.771959245530401,0.014702791955369643,1.0,,,,False,1,No solution exists for discriminant 
0.48718,650,,3.771959245530401,0.014702791955369643,1.0,,,,False,1,No solution exists for discriminant 
0.48718,675,,3.771959245530401,0.014702791955369643,1.0,,,,False,1,No solution exists for discriminant 
0.48718,700,,3.771959245530401,0.014702791955369643,1.0,,,,False,1,No solution exists for discriminant 
0.48718,725,,3.771959245530401,0.014702791955369643,1.0,,,,False,1,No solution exists for discriminant 
0.48718,750,,3.771959245530401,0.014702791955369643,1.0,,,,False,1,No solution exists for discriminant 
0.48718,775,,3.771959245530401,0.014702791955369643,1.0,,,,False,1,No solution exists for discriminant 
0.48718,800,,3.771959245530401,0.014702791955369643,1.0,,,,False,1,No solution exists for discriminant 
0.48718,825,,3.771959245530401,0.014702791955369643,1.0,,,,False,1,No solution exists for discriminant 
0.48718,850,,3.771959245530401,0.014702791955369643,1.0,,,,False,1,No solution exists for discriminant 
0.48718,875,,3.771959245530401,0.014702791955369643,1.0,,,,False,1,No solution exists for discriminant 
0.48718,900,,3.771959245530401,0.014702791955369643,1.0,,,,False,1,No solution exists for discriminant 
0.48718,925,,3.771959245530401,0.014702791955369643,1.0,,,,False,1,No solution exists for discriminant 
0.48718,950,,3.771959245530401,0.014702791955369643,1.0,,,,False,1,No solution exists for discriminant 
0.48718,975,,3.771959245530401,0.014702791955369643,1.0,,,,False,1,No solution exists for discriminant 
0.48718,1000,,3.771959245530401,0.014702791955369643,1.0,,,,False,1,No solution exists for discriminant 
0.48718,1025,,3.771959245530401,0.014702791955369643,1.0,,,,False,1,No solution exists for discriminant 
0.48718,1050,,3.771959245530401,0.014702791955369643,1.0,,,,False,1,No solution exists for discriminant 
0.48718,1075,,3.771959245530401,0.014702791955369643,1.0,,,,False,1,No solution exists for discriminant 
0.48718,1100,,3.771959245530401,0.014702791955369643,1.0,,,,False,1,No solution exists for discriminant 
0.48718,1125,,3.771959245530401,0.014702791955369643,1.0,,,,False,1,No solution exists for discriminant 
0.48718,1150,,3.771959245530401,0.014702791955369643,1.0,,,,False,1,No solution exists for discriminant 
0.48718,1175,,3.771959245530401,0.014702791955369643,1.0,,,,False,1,No solution exists for discriminant 
0.48718,1200,,3.771959245530401,0.014702791955369643,1.0,,,,False,1,No solution exists for discriminant 
0.48718,1225,,3.771959245530401,0.014702791955369643,1.0,,,,False,1,No solution exists for discriminant 
0.48718,1250,,3.771959245530401,0.014702791955369643,1.0,,,,False,1,No solution exists for discriminant 
0.48718,1275,,3.771959245530401,0.014702791955369643,1.0,,,,False,1,No solution exists for discriminant 
0.48718,1300,,3.771959245530401,0.014702791955369643,1.0,,,,False,1,No solution exists for discriminant 
0.48718,1325,,3.771959245530401,0.014702791955369643,1.0,,,,False,1,No solution exists for discriminant 
0.48718,1350,,3.771959245530401,0.014702791955369643,1.0,,,,False,1,No solution exists for discriminant 
0.48718,1375,,3.771959245530401,0.014702791955369643,1.0,,,,False,1,No solution exists for discriminant 
0.48718,1400,,3.771959245530401,0.014702791955369643,1.0,,,,False,1,No solution exists for discriminant 
0.48718,1425,,3.771959245530401,0.014702791955369643,1.0,,,,False,1,No solution exists for discriminant 
0.48718,1450,,3.771959245530401,0.014702791955369643,1.0,,,,False,1,No solution exists for discriminant 
0.48718,1475,,3.771959245530401,0.014702791955369643,1.0,,,,False,1,No solution exists for discriminant 
0.48718,1500,,3.771959245530401,0.014702791955369643,1.0,,,,False,1,No solution exists for discriminant 
0.48718,1525,,3.771959245530401,0.014702791955369643,1.0,,,,False,1,No solution exists for discriminant 
0.5128210000000001,-100,-24.105475935758907,3.7949538820504456,0.014663934296706347,3.0904456327896037,4.134615384615385,-99.66687165746472,-0.3331283425352751,True,2,
0.5128210000000001,-75,-18.44803068020113,3.7949538820504456,0.014663934296706342,2.3651321384873243,4.065474591848538,-75.0,0.0,True,2,
0.5128210000000001,-50,-12.565305968807618,3.7949538820504456,0.014663934296706344,1.6109366626676433,3.9792107031950525,-49.99999999999995,-4.973799150320701e-14,True,2,
0.5128210000000001,-25,-6.428033801353545,3.7949538820504456,0.014663934296706349,0.8241068976094289,3.8892141473705015,-24.999999999999993,-7.105427357601002e-15,True,2,
0.5128210000000001,0,0.0,3.7949538820504456,0.014663934296706344,0.0,3.7949538820504456,0.0,0.0,True,1,
0.5128210000000001,25,6.764509319862341,3.7949538820504456,0.014663934296706347,0.8672447845977361,3.6957595618345263,25.000000000000018,-1.7763568394002505e-14,True,2,
0.5128210000000001,50,13.924612155313845,3.7949538820504456,0.01466393429670634,1.7852066865786982,3.590764284297805,50.000000000000036,-3.552713678800501e-14,True,2,
0.5128210000000001,75,21.55907788727314,3.7949538820504456,0.014663934296706345,2.7639843445221977,3.4788129804138976,75.00000000000003,-2.842170943040401e-14,True,2,
0.5128210000000001,100,29.77690584224525,3.7949538820504456,0.014663934296706342,3.817552031057083,3.35830729122055,100.0,0.0,True,2,
0.5128210000000001,125,38.73659151234896,3.7949538820504456,0.014663934296706349,4.966229681070379,3.2269230492350074,125.00000000000001,-1.4210854715202004e-14,True,2,
0.5128210000000001,150,48.68481237861269,3.7949538820504456,0.014663934296706344,6.241642612642653,3.0810429920829936,150.0,0.0,True,2,
0.5128210000000001,175,60.04567482419162,3.7949538820504456,0.014663934296706347,7.698163438998926,2.9144480516271054,175.0,0.0,True,2,
0.5128210000000001,200,73.67664642558977,3.7949538820504456,0.014663934296706345,9.445723900716636,2.714564379663933,200.0,0.0,True,2,
0.5128210000000001,225,91.98157142042824,3.7949538820504456,0.014663934296706337,11.79250915646516,2.4461421622334845,225.0,0.0,True,2,
0.5128210000000001,250,,3.7949538820504456,0.014663934296706345,1.0,,,,False,1,No solution exists for discriminant 
0.5128210000000001,275,,3.7949538820504456,0.014663934296706345,1.0,,,,False,1,No solution exists for discriminant 
0.5128210000000001,300,,3.7949538820504456,0.014663934296706345,1.0,,,,False,1,No solution exists for discriminant 
0.5128210000000001,325,,3.7949538820504456,0.014663934296706345,1.0,,,,False,1,No solution exists for discriminant 
0.5128210000000001,350,,3.7949538820504456,0.014663934296706345,1.0,,,,False,1,No solution exists for discriminant 
0.5128210000000001,375,,3.7949538820504456,0.014663934296706345,1.0,,,,False,1,No solution exists for discriminant 
0.5128210000000001,400,,3.7949538820504456,0.014663934296706345,1.0,,,,False,1,No solution exists for discriminant 
0.5128210000000001,425,,3.7949538820504456,0.014663934296706345,1.0,,,,False,1,No solution exists for discriminant 
0.5128210000000001,450,,3.7949538820504456,0.014663934296706345,1.0,,,,False,1,No solution exists for discriminant 
0.5128210000000001,475,,3.7949538820504456,0.014663934296706345,1.0,,,,False,1,No solution exists for discriminant 
0.5128210000000001,500,,3.7949538820504456,0.014663934296706345,1.0,,,,False,1,No solution exists for discriminant 
0.5128210000000001,525,,3.7949538820504456,0.014663934296706345,1.0,,,,False,1,No solution exists for discriminant 
0.5128210000000001,550,,3.7949538820504456,0.014663934296706345,1.0,,,,False,1,No solution exists for discriminant 
0.5128210000000001,575,,3.7949538820504456,0.014663934296706345,1.0,,,,False,1,No solution exists for discriminant 
0.5128210000000001,600,,3.7949538820504456,0.014663934296706345,1.0,,,,False,1,No solution exists for discriminant 
0.5128210000000001,625,,3.7949538820504456,0.014663934296706345,1.0,,,,False,1,No solution exists for discriminant 
0.5128210000000001,650,,3.7949538820504456,0.014663934296706345,1.0,,,,False,1,No solution exists for discriminant 
0.5128210000000001,675,,3.7949538820504456,0.014663934296706345,1.0,,,,False,1,No solution exists for discriminant 
0.5128210000000001,700,,3.7949538820504456,0.014663934296706345,1.0,,,,False,1,No solution exists for discriminant 
0.5128210000000001,725,,3.7949538820504456,0.014663934296706345,1.0,,,,False,1,No solution exists for discriminant 
0.5128210000000001,750,,3.7949538820504456,0.014663934296706345,1.0,,,,False,1,No solution exists for discriminant 
0.5128210000000001,775,,3.7949538820504456,0.014663934296706345,1.0,,,,False,1,No solution exists for discriminant 
0.5128210000000001,800,,3.7949538820504456,0.014663934296706345,1.0,,,,False,1,No solution exists for discriminant 
0.5128210000000001,825,,3.7949538820504456,0.014663934296706345,1.0,,,,False,1,No solution exists for discriminant 
0.5128210000000001,850,,3.7949538820504456,0.014663934296706345,1.0,,,,False,1,No solution exists for discriminant 
0.5128210000000001,875,,3.7949538820504456,0.014663934296706345,1.0,,,,False,1,No solution exists for discriminant 
0.5128210000000001,900,,3.7949538820504456,0.014663934296706345,1.0,,,,False,1,No solution exists for discriminant 
0.5128210000000001,925,,3.7949538820504456,0.014663934296706345,1.0,,,,False,1,No solution exists for discriminant 
0.5128210000000001,950,,3.7949538820504456,0.014663934296706345,1.0,,,,False,1,No solution exists for discriminant 
0.5128210000000001,975,,3.7949538820504456,0.014663934296706345,1.0,,,,False,1,No solution exists for discriminant 
0.5128210000000001,1000,,3.7949538820504456,0.014663934296706345,1.0,,,,False,1,No solution exists for discriminant 
0.5128210000000001,1025,,3.7949538820504456,0.014663934296706345,1.0,,,,False,1,No solution exists for discriminant 
0.5128210000000001,1050,,3.7949538820504456,0.014663934296706345,1.0,,,,False,1,No solution exists for discriminant 
0.5128210000000001,1075,,3.7949538820504456,0.014663934296706345,1.0,,,,False,1,No solution exists for discriminant 
0.5128210000000001,1100,,3.7949538820504456,0.014663934296706345,1.0,,,,False,1,No solution exists for discriminant 
0.5128210000000001,1125,,3.7949538820504456,0.014663934296706345,1.0,,,,False,1,No solution exists for discriminant 
0.5128210000000001,1150,,3.7949538820504456,0.014663934296706345,1.0,,,,False,1,No solution exists for discriminant 
0.5128210000000001,1175,,3.7949538820504456,0.014663934296706345,1.0,,,,False,1,No solution exists for discriminant 
0.5128210000000001,1200,,3.7949538820504456,0.014663934296706345,1.0,,,,False,1,No solution exists for discriminant 
0.5128210000000001,1225,,3.7949538820504456,0.014663934296706345,1.0,,,,False,1,No solution exists for discriminant 
0.5128210000000001,1250,,3.7949538820504456,0.014663934296706345,1.0,,,,False,1,No solution exists for discriminant 
0.5128210000000001,1275,,3.7949538820504456,0.014663934296706345,1.0,,,,False,1,No solution exists for discriminant 
0.5128210000000001,1300,,3.7949538820504456,0.014663934296706345,1.0,,,,False,1,No solution exists for discriminant 
0.5128210000000001,1325,,3.7949538820504456,0.014663934296706345,1.0,,,,False,1,No solution exists for discriminant 
0.5128210000000001,1350,,3.7949538820504456,0.014663934296706345,1.0,,,,False,1,No solution exists for discriminant 
0.5128210000000001,1375,,3.7949538820504456,0.014663934296706345,1.0,,,,False,1,No solution exists for discriminant 
0.5128210000000001,1400,,3.7949538820504456,0.014663934296706345,1.0,,,,False,1,No solution exists for discriminant 
0.5128210000000001,1425,,3.7949538820504456,0.014663934296706345,1.0,,,,False,1,No solution exists for discriminant 
0.5128210000000001,1450,,3.7949538820504456,0.014663934296706345,1.0,,,,False,1,No solution exists for discriminant 
0.5128210000000001,1475,,3.7949538820504456,0.014663934296706345,1.0,,,,False,1,No solution exists for discriminant 
0.5128210000000001,1500,,3.7949538820504456,0.014663934296706345,1.0,,,,False,1,No solution exists for discriminant 
0.5128210000000001,1525,,3.7949538820504456,0.014663934296706345,1.0,,,,False,1,No solution exists for discriminant 
0.538462,-100,-23.99533820067867,3.8160478287052735,0.014645692109874391,3.0763254103434194,4.134615384615385,-99.21149448357528,-0.7885055164247206,True,2,
0.538462,-75,-18.360103671705293,3.8160478287052735,0.014645692109874393,2.353859445090422,4.084944254186444,-74.99999999999996,-4.263256414560601e-14,True,2,
0.538462,-50,-12.502633224965546,3.8160478287052735,0.014645692109874393,1.6029016955084034,3.999157545480805,-49.99999999999997,-2.842170943040401e-14,True,2,
0.538462,-25,-6.394356426278421,3.8160478287052735,0.014645692109874391,0.8197892854203104,3.909697604165344,-25.00000000000001,1.0658141036401503e-14,True,2,
0.538462,0,0.0,3.8160478287052735,0.01464569210987439,0.0,3.8160478287052735,0.0,0.0,True,1,
0.538462,25,6.72484496859477,3.8160478287052735,0.014645692109874391,0.8621596113583039,3.7175578198085963,24.999999999999982,1.7763568394002505e-14,True,2,
0.538462,50,13.83742455060606,3.8160478287052735,0.014645692109874394,1.7740287885392385,3.6133891691434803,50.00000000000003,-2.842170943040401e-14,True,2,
0.538462,75,21.413708832749688,3.8160478287052735,0.014645692109874393,2.74534728624996,3.502429242210324,75.00000000000001,-1.4210854715202004e-14,True,2,
0.538462,100,29.558284268980586,3.8160478287052735,0.014645692109874393,3.78952362422828,3.38314629800564,100.00000000000001,-1.4210854715202004e-14,True,2,
0.538462,125,38.42219123271168,3.8160478287052735,0.0146456921098744,4.925921952911755,3.253328245724263,125.00000000000006,-5.684341886080802e-14,True,2,
0.538462,150,48.23825543151614,3.8160478287052735,0.014645692109874394,6.184391721989249,3.109565191737812,150.00000000000003,-2.842170943040401e-14,True,2,
0.538462,175,59.4009793184155,3.8160478287052735,0.014645692109874396,7.615510169027629,2.9460793745827436,175.00000000000003,-2.842170943040401e-14,True,2,
0.538462,200,72.68817415470195,3.8160478287052735,0.014645692109874391,9.31899668650025,2.7514792100065795,200.0,0.0,True,2,
0.538462,225,90.15779156558293,3.8160478287052735,0.014645692109874384,11.558691226356785,2.4956245721295165,225.00000000000003,-2.842170943040401e-14,True,2,
0.538462,250,,3.8160478287052735,0.01464569210987439,1.0,,,,False,1,No solution exists for discriminant 
0.538462,275,,3.8160478287052735,0.01464569210987439,1.0,,,,False,1,No solution exists for discriminant 
0.538462,300,,3.8160478287052735,0.01464569210987439,1.0,,,,False,1,No solution exists for discriminant 
0.538462,325,,3.8160478287052735,0.01464569210987439,1.0,,,,False,1,No solution exists for discriminant 
0.538462,350,,3.8160478287052735,0.01464569210987439,1.0,,,,False,1,No solution exists for discriminant 
0.538462,375,,3.8160478287052735,0.01464569210987439,1.0,,,,False,1,No solution exists for discriminant 
0.538462,400,,3.8160478287052735,0.01464569210987439,1.0,,,,False,1,No solution exists for discriminant 
0.538462,425,,3.8160478287052735,0.01464569210987439,1.0,,,,False,1,No solution exists for discriminant 
0.538462,450,,3.8160478287052735,0.01464569210987439,1.0,,,,False,1,No solution exists for discriminant 
0.538462,475,,3.8160478287052735,0.01464569210987439,1.0,,,,False,1,No solution exists for discriminant 
0.538462,500,,3.8160478287052735,0.01464569210987439,1.0,,,,False,1,No solution exists for discriminant 
0.538462,525,,3.8160478287052735,0.01464569210987439,1.0,,,,False,1,No solution exists for discriminant 
0.538462,550,,3.8160478287052735,0.01464569210987439,1.0,,,,False,1,No solution exists for discriminant 
0.538462,575,,3.8160478287052735,0.01464569210987439,1.0,,,,False,1,No solution exists for discriminant 
0.538462,600,,3.8160478287052735,0.01464569210987439,1.0,,,,False,1,No solution exists for discriminant 
0.538462,625,,3.8160478287052735,0.01464569210987439,1.0,,,,False,1,No solution exists for discriminant 
0.538462,650,,3.8160478287052735,0.01464569210987439,1.0,,,,False,1,No solution exists for discriminant 
0.538462,675,,3.8160478287052735,0.01464569210987439,1.0,,,,False,1,No solution exists for discriminant 
0.538462,700,,3.8160478287052735,0.01464569210987439,1.0,,,,False,1,No solution exists for discriminant 
0.538462,725,,3.8160478287052735,0.01464569210987439,1.0,,,,False,1,No solution exists for discriminant 
0.538462,750,,3.8160478287052735,0.01464569210987439,1.0,,,,False,1,No solution exists for discriminant 
0.538462,775,,3.8160478287052735,0.01464569210987439,1.0,,,,False,1,No solution exists for discriminant 
0.538462,800,,3.8160478287052735,0.01464569210987439,1.0,,,,False,1,No solution exists for discriminant 
0.538462,825,,3.8160478287052735,0.01464569210987439,1.0,,,,False,1,No solution exists for discriminant 
0.538462,850,,3.8160478287052735,0.01464569210987439,1.0,,,,False,1,No solution exists for discriminant 
0.538462,875,,3.8160478287052735,0.01464569210987439,1.0,,,,False,1,No solution exists for discriminant 
0.538462,900,,3.8160478287052735,0.01464569210987439,1.0,,,,False,1,No solution exists for discriminant 
0.538462,925,,3.8160478287052735,0.01464569210987439,1.0,,,,False,1,No solution exists for discriminant 
0.538462,950,,3.8160478287052735,0.01464569210987439,1.0,,,,False,1,No solution exists for discriminant 
0.538462,975,,3.8160478287052735,0.01464569210987439,1.0,,,,False,1,No solution exists for discriminant 
0.538462,1000,,3.8160478287052735,0.01464569210987439,1.0,,,,False,1,No solution exists for discriminant 
0.538462,1025,,3.8160478287052735,0.01464569210987439,1.0,,,,False,1,No solution exists for discriminant 
0.538462,1050,,3.8160478287052735,0.01464569210987439,1.0,,,,False,1,No solution exists for discriminant 
0.538462,1075,,3.8160478287052735,0.01464569210987439,1.0,,,,False,1,No solution exists for discriminant 
0.538462,1100,,3.8160478287052735,0.01464569210987439,1.0,,,,False,1,No solution exists for discriminant 
0.538462,1125,,3.8160478287052735,0.01464569210987439,1.0,,,,False,1,No solution exists for discriminant 
0.538462,1150,,3.8160478287052735,0.01464569210987439,1.0,,,,False,1,No solution exists for discriminant 
0.538462,1175,,3.8160478287052735,0.01464569210987439,1.0,,,,False,1,No solution exists for discriminant 
0.538462,1200,,3.8160478287052735,0.01464569210987439,1.0,,,,False,1,No solution exists for discriminant 
0.538462,1225,,3.8160478287052735,0.01464569210987439,1.0,,,,False,1,No solution exists for discriminant 
0.538462,1250,,3.8160478287052735,0.01464569210987439,1.0,,,,False,1,No solution exists for discriminant 
0.538462,1275,,3.8160478287052735,0.01464569210987439,1.0,,,,False,1,No solution exists for discriminant 
0.538462,1300,,3.8160478287052735,0.01464569210987439,1.0,,,,False,1,No solution exists for discriminant 
0.538462,1325,,3.8160478287052735,0.01464569210987439,1.0,,,,False,1,No solution exists for discriminant 
0.538462,1350,,3.8160478287052735,0.01464569210987439,1.0,,,,False,1,No solution exists for discriminant 
0.538462,1375,,3.8160478287052735,0.01464569210987439,1.0,,,,False,1,No solution exists for discriminant 
0.538462,1400,,3.8160478287052735,0.01464569210987439,1.0,,,,False,1,No solution exists for discriminant 
0.538462,1425,,3.8160478287052735,0.01464569210987439,1.0,,,,False,1,No solution exists for discriminant 
0.538462,1450,,3.8160478287052735,0.01464569210987439,1.0,,,,False,1,No solution exists for discriminant 
0.538462,1475,,3.8160478287052735,0.01464569210987439,1.0,,,,False,1,No solution exists for discriminant 
0.538462,1500,,3.8160478287052735,0.01464569210987439,1.0,,,,False,1,No solution exists for discriminant 
0.538462,1525,,3.8160478287052735,0.01464569210987439,1.0,,,,False,1,No solution exists for discriminant 
0.564103,-100,-23.906437634108695,3.8348498279618917,0.014561930230319556,3.064927901808807,4.134615384615385,-98.84392483333404,-1.156075166665957,False,2,
0.564103,-75,-18.287545510298532,3.8348498279618917,0.014561930230319556,2.34455711670494,4.101151789766653,-74.99999999999994,-5.684341886080802e-14,True,2,
0.564103,-50,-12.449757959840728,3.8348498279618917,0.014561930230319554,1.596122815364196,4.016142334757458,-49.999999999999986,-1.4210854715202004e-14,True,2,
0.564103,-25,-6.365305975002592,3.8348498279618917,0.014561930230319552,0.8160648685900759,3.9275409694645154,-24.99999999999995,-4.973799150320701e-14,True,2,
0.564103,0,0.0,3.8348498279618917,0.01456193023031955,0.0,3.8348498279618917,0.0,0.0,True,1,
0.564103,25,6.68906315378872,3.8348498279618917,0.014561930230319554,0.8575721992036821,3.737444157010219,25.0,0.0,True,2,
0.564103,50,13.756967892315059,3.8348498279618917,0.014561930230319554,1.7637138323480845,3.6345218213332533,50.000000000000014,-1.4210854715202004e-14,True,2,
0.564103,75,21.27645330146814,3.8348498279618917,0.014561930230319552,2.7277504232651464,3.5250235994372607,75.00000000000001,-1.4210854715202004e-14,True,2,
0.564103,100,29.34702423291991,3.8348498279618917,0.014561930230319558,3.7624390042205014,3.4075005086146146,100.00000000000001,-1.4210854715202004e-14,True,2,
0.564103,125,38.111179573083916,3.8348498279618917,0.01456193023031956,4.886048663215886,3.2798774900234635,124.99999999999997,2.842170943040401e-14,True,2,
0.564103,150,47.78602454024577,3.8348498279618917,0.014561930230319561,6.126413402595611,3.1389930726224944,150.0,0.0,True,2,
0.564103,175,58.73304430489554,3.8348498279618917,0.014561930230319558,7.529877474986608,2.9795833345797353,175.0,0.0,True,2,
0.564103,200,71.64423335224934,3.8348498279618917,0.014561930230319556,9.18515812208325,2.7915715004817034,200.0,0.0,True,2,
0.564103,225,88.2371332730766,3.8348498279618917,0.01456193023031955,11.312452983727768,2.5499468495159423,225.0,0.0,True,2,
0.564103,250,118.63771209435644,3.8348498279618917,0.014561930230319538,15.209963089020057,2.1072557417591367,250.0,0.0,True,2,
0.564103,275,,3.8348498279618917,0.014561930230319554,1.0,,,,False,1,No solution exists for discriminant 
0.564103,300,,3.8348498279618917,0.014561930230319554,1.0,,,,False,1,No solution exists for discriminant 
0.564103,325,,3.8348498279618917,0.014561930230319554,1.0,,,,False,1,No solution exists for discriminant 
0.564103,350,,3.8348498279618917,0.014561930230319554,1.0,,,,False,1,No solution exists for discriminant 
0.564103,375,,3.8348498279618917,0.014561930230319554,1.0,,,,False,1,No solution exists for discriminant 
0.564103,400,,3.8348498279618917,0.014561930230319554,1.0,,,,False,1,No solution exists for discriminant 
0.564103,425,,3.8348498279618917,0.014561930230319554,1.0,,,,False,1,No solution exists for discriminant 
0.564103,450,,3.8348498279618917,0.014561930230319554,1.0,,,,False,1,No solution exists for discriminant 
0.564103,475,,3.8348498279618917,0.014561930230319554,1.0,,,,False,1,No solution exists for discriminant 
0.564103,500,,3.8348498279618917,0.014561930230319554,1.0,,,,False,1,No solution exists for discriminant 
0.564103,525,,3.8348498279618917,0.014561930230319554,1.0,,,,False,1,No solution exists for discriminant 
0.564103,550,,3.8348498279618917,0.014561930230319554,1.0,,,,False,1,No solution exists for discriminant 
0.564103,575,,3.8348498279618917,0.014561930230319554,1.0,,,,False,1,No solution exists for discriminant 
0.564103,600,,3.8348498279618917,0.014561930230319554,1.0,,,,False,1,No solution exists for discriminant 
0.564103,625,,3.8348498279618917,0.014561930230319554,1.0,,,,False,1,No solution exists for discriminant 
0.564103,650,,3.8348498279618917,0.014561930230319554,1.0,,,,False,1,No solution exists for discriminant 
0.564103,675,,3.8348498279618917,0.014561930230319554,1.0,,,,False,1,No solution exists for discriminant 
0.564103,700,,3.8348498279618917,0.014561930230319554,1.0,,,,False,1,No solution exists for discriminant 
0.564103,725,,3.8348498279618917,0.014561930230319554,1.0,,,,False,1,No solution exists for discriminant 
0.564103,750,,3.8348498279618917,0.014561930230319554,1.0,,,,False,1,No solution exists for discriminant 
0.564103,775,,3.8348498279618917,0.014561930230319554,1.0,,,,False,1,No solution exists for discriminant 
0.564103,800,,3.8348498279618917,0.014561930230319554,1.0,,,,False,1,No solution exists for discriminant 
0.564103,825,,3.8348498279618917,0.014561930230319554,1.0,,,,False,1,No solution exists for discriminant 
0.564103,850,,3.8348498279618917,0.014561930230319554,1.0,,,,False,1,No solution exists for discriminant 
0.564103,875,,3.8348498279618917,0.014561930230319554,1.0,,,,False,1,No solution exists for discriminant 
0.564103,900,,3.8348498279618917,0.014561930230319554,1.0,,,,False,1,No solution exists for discriminant 
0.564103,925,,3.8348498279618917,0.014561930230319554,1.0,,,,False,1,No solution exists for discriminant 
0.564103,950,,3.8348498279618917,0.014561930230319554,1.0,,,,False,1,No solution exists for discriminant 
0.564103,975,,3.8348498279618917,0.014561930230319554,1.0,,,,False,1,No solution exists for discriminant 
0.564103,1000,,3.8348498279618917,0.014561930230319554,1.0,,,,False,1,No solution exists for discriminant 
0.564103,1025,,3.8348498279618917,0.014561930230319554,1.0,,,,False,1,No solution exists for discriminant 
0.564103,1050,,3.8348498279618917,0.014561930230319554,1.0,,,,False,1,No solution exists for discriminant 
0.564103,1075,,3.8348498279618917,0.014561930230319554,1.0,,,,False,1,No solution exists for discriminant 
0.564103,1100,,3.8348498279618917,0.014561930230319554,1.0,,,,False,1,No solution exists for discriminant 
0.564103,1125,,3.8348498279618917,0.014561930230319554,1.0,,,,False,1,No solution exists for discriminant 
0.564103,1150,,3.8348498279618917,0.014561930230319554,1.0,,,,False,1,No solution exists for discriminant 
0.564103,1175,,3.8348498279618917,0.014561930230319554,1.0,,,,False,1,No solution exists for discriminant 
0.564103,1200,,3.8348498279618917,0.014561930230319554,1.0,,,,False,1,No solution exists for discriminant 
0.564103,1225,,3.8348498279618917,0.014561930230319554,1.0,,,,False,1,No solution exists for discriminant 
0.564103,1250,,3.8348498279618917,0.014561930230319554,1.0,,,,False,1,No solution exists for discriminant 
0.564103,1275,,3.8348498279618917,0.014561930230319554,1.0,,,,False,1,No solution exists for discriminant 
0.564103,1300,,3.8348498279618917,0.014561930230319554,1.0,,,,False,1,No solution exists for discriminant 
0.564103,1325,,3.8348498279618917,0.014561930230319554,1.0,,,,False,1,No solution exists for discriminant 
0.564103,1350,,3.8348498279618917,0.014561930230319554,1.0,,,,False,1,No solution exists for discriminant 
0.564103,1375,,3.8348498279618917,0.014561930230319554,1.0,,,,False,1,No solution exists for discriminant 
0.564103,1400,,3.8348498279618917,0.014561930230319554,1.0,,,,False,1,No solution exists for discriminant 
0.564103,1425,,3.8348498279618917,0.014561930230319554,1.0,,,,False,1,No solution exists for discriminant 
0.564103,1450,,3.8348498279618917,0.014561930230319554,1.0,,,,False,1,No solution exists for discriminant 
0.564103,1475,,3.8348498279618917,0.014561930230319554,1.0,,,,False,1,No solution exists for discriminant 
0.564103,1500,,3.8348498279618917,0.014561930230319554,1.0,,,,False,1,No solution exists for discriminant 
0.564103,1525,,3.8348498279618917,0.014561930230319554,1.0,,,,False,1,No solution exists for discriminant 
0.589744,-100,-23.835944463416162,3.851522070796853,0.014424538216709129,3.0558903158225847,4.134615384615385,-98.55246268527837,-1.4475373147216288,False,2,
0.589744,-75,-18.22840180493241,3.851522070796853,0.014424538216709132,2.33697459037595,4.11445834926163,-74.99999999999993,-7.105427357601002e-14,True,2,
0.589744,-50,-12.405513781309145,3.851522070796853,0.014424538216709136,1.5904504847832237,4.030465878433258,-50.00000000000005,4.973799150320701e-14,True,2,
0.589744,-25,-6.340383474869575,3.851522070796853,0.014424538216709132,0.8128696762653301,3.9429791745387,-25.000000000000053,5.3290705182007514e-14,True,2,
0.589744,0,0.0,3.851522070796853,0.014424538216709132,0.0,3.851522070796853,0.0,0.0,True,1,
0.589744,25,6.656904452774844,3.851522070796853,0.01442453821670913,0.8534492888172878,3.755499298112821,25.00000000000004,-3.907985046680551e-14,True,2,
0.589744,50,13.683072409015097,3.851522070796853,0.014424538216709137,1.754240052437833,3.654150069911016,50.00000000000001,-7.105427357601002e-15,True,2,
0.589744,75,21.147756738185446,3.851522070796853,0.014424538216709132,2.711250863869929,3.5464754455292287,74.99999999999997,2.842170943040401e-14,True,2,
0.589744,100,29.14501312950228,3.851522070796853,0.014424538216709134,3.736540144807985,3.4311187150838576,100.00000000000003,-2.842170943040401e-14,True,2,
0.589744,125,37.808266451318005,3.851522070796853,0.014424538216709136,4.847213647604873,3.3061552864622943,125.00000000000003,-2.842170943040401e-14,True,2,
0.589744,150,47.33815989562773,3.851522070796853,0.014424538216709134,6.068994858413812,3.168690974273683,150.00000000000003,-2.842170943040401e-14,True,2,
0.589744,175,58.06239918248199,3.851522070796853,0.014424538216709134,7.443897331087435,3.0139987748353203,175.00000000000003,-2.842170943040401e-14,True,2,
0.589744,200,70.58877819540704,3.851522070796853,0.014424538216709134,9.04984335838552,2.8333115420464,200.00000000000003,-2.842170943040401e-14,True,2,
0.589744,225,86.3316840357648,3.851522070796853,0.01442453821670913,11.068164619969846,2.606227395110106,225.0,0.0,True,2,
0.589744,250,111.3192105584978,3.851522070796853,0.01442453821670913,14.271693661345871,2.245793863841911,250.0,0.0,True,2,
0.589744,275,,3.851522070796853,0.014424538216709134,1.0,,,,False,1,No solution exists for discriminant 
0.589744,300,,3.851522070796853,0.014424538216709134,1.0,,,,False,1,No solution exists for discriminant 
0.589744,325,,3.851522070796853,0.014424538216709134,1.0,,,,False,1,No solution exists for discriminant 
0.589744,350,,3.851522070796853,0.014424538216709134,1.0,,,,False,1,No solution exists for discriminant 
0.589744,375,,3.851522070796853,0.014424538216709134,1.0,,,,False,1,No solution exists for discriminant 
0.589744,400,,3.851522070796853,0.014424538216709134,1.0,,,,False,1,No solution exists for discriminant 
0.589744,425,,3.851522070796853,0.014424538216709134,1.0,,,,False,1,No solution exists for discriminant 
0.589744,450,,3.851522070796853,0.014424538216709134,1.0,,,,False,1,No solution exists for discriminant 
0.589744,475,,3.851522070796853,0.014424538216709134,1.0,,,,False,1,No solution exists for discriminant 
0.589744,500,,3.851522070796853,0.014424538216709134,1.0,,,,False,1,No solution exists for discriminant 
0.589744,525,,3.851522070796853,0.014424538216709134,1.0,,,,False,1,No solution exists for discriminant 
0.589744,550,,3.851522070796853,0.014424538216709134,1.0,,,,False,1,No solution exists for discriminant 
0.589744,575,,3.851522070796853,0.014424538216709134,1.0,,,,False,1,No solution exists for discriminant 
0.589744,600,,3.851522070796853,0.014424538216709134,1.0,,,,False,1,No solution exists for discriminant 
0.589744,625,,3.851522070796853,0.014424538216709134,1.0,,,,False,1,No solution exists for discriminant 
0.589744,650,,3.851522070796853,0.014424538216709134,1.0,,,,False,1,No solution exists for discriminant 
0.589744,675,,3.851522070796853,0.014424538216709134,1.0,,,,False,1,No solution exists for discriminant 
0.589744,700,,3.851522070796853,0.014424538216709134,1.0,,,,False,1,No solution exists for discriminant 
0.589744,725,,3.851522070796853,0.014424538216709134,1.0,,,,False,1,No solution exists for discriminant 
0.589744,750,,3.851522070796853,0.014424538216709134,1.0,,,,False,1,No solution exists for discriminant 
0.589744,775,,3.851522070796853,0.014424538216709134,1.0,,,,False,1,No solution exists for discriminant 
0.589744,800,,3.851522070796853,0.014424538216709134,1.0,,,,False,1,No solution exists for discriminant 
0.589744,825,,3.851522070796853,0.014424538216709134,1.0,,,,False,1,No solution exists for discriminant 
0.589744,850,,3.851522070796853,0.014424538216709134,1.0,,,,False,1,No solution exists for discriminant 
0.589744,875,,3.851522070796853,0.014424538216709134,1.0,,,,False,1,No solution exists for discriminant 
0.589744,900,,3.851522070796853,0.014424538216709134,1.0,,,,False,1,No solution exists for discriminant 
0.589744,925,,3.851522070796853,0.014424538216709134,1.0,,,,False,1,No solution exists for discriminant 
0.589744,950,,3.851522070796853,0.014424538216709134,1.0,,,,False,1,No solution exists for discriminant 
0.589744,975,,3.851522070796853,0.014424538216709134,1.0,,,,False,1,No solution exists for discriminant 
0.589744,1000,,3.851522070796853,0.014424538216709134,1.0,,,,False,1,No solution exists for discriminant 
0.589744,1025,,3.851522070796853,0.014424538216709134,1.0,,,,False,1,No solution exists for discriminant 
0.589744,1050,,3.851522070796853,0.014424538216709134,1.0,,,,False,1,No solution exists for discriminant 
0.589744,1075,,3.851522070796853,0.014424538216709134,1.0,,,,False,1,No solution exists for discriminant 
0.589744,1100,,3.851522070796853,0.014424538216709134,1.0,,,,False,1,No solution exists for discriminant 
0.589744,1125,,3.851522070796853,0.014424538216709134,1.0,,,,False,1,No solution exists for discriminant 
0.589744,1150,,3.851522070796853,0.014424538216709134,1.0,,,,False,1,No solution exists for discriminant 
0.589744,1175,,3.851522070796853,0.014424538216709134,1.0,,,,False,1,No solution exists for discriminant 
0.589744,1200,,3.851522070796853,0.014424538216709134,1.0,,,,False,1,No solution exists for discriminant 
0.589744,1225,,3.851522070796853,0.014424538216709134,1.0,,,,False,1,No solution exists for discriminant 
0.589744,1250,,3.851522070796853,0.014424538216709134,1.0,,,,False,1,No solution exists for discriminant 
0.589744,1275,,3.851522070796853,0.014424538216709134,1.0,,,,False,1,No solution exists for discriminant 
0.589744,1300,,3.851522070796853,0.014424538216709134,1.0,,,,False,1,No solution exists for discriminant 
0.589744,1325,,3.851522070796853,0.014424538216709134,1.0,,,,False,1,No solution exists for discriminant 
0.589744,1350,,3.851522070796853,0.014424538216709134,1.0,,,,False,1,No solution exists for discriminant 
0.589744,1375,,3.851522070796853,0.014424538216709134,1.0,,,,False,1,No solution exists for discriminant 
0.589744,1400,,3.851522070796853,0.014424538216709134,1.0,,,,False,1,No solution exists for discriminant 
0.589744,1425,,3.851522070796853,0.014424538216709134,1.0,,,,False,1,No solution exists for discriminant 
0.589744,1450,,3.851522070796853,0.014424538216709134,1.0,,,,False,1,No solution exists for discriminant 
0.589744,1475,,3.851522070796853,0.014424538216709134,1.0,,,,False,1,No solution exists for discriminant 
0.589744,1500,,3.851522070796853,0.014424538216709134,1.0,,,,False,1,No solution exists for discriminant 
0.589744,1525,,3.851522070796853,0.014424538216709134,1.0,,,,False,1,No solution exists for discriminant 
0.6153850000000001,-100,-23.767885567243372,3.8667689384521076,0.014329794460766852,3.047164816313253,4.134615384615385,-98.27106532610242,-1.7289346738975837,False,2,
0.6153850000000001,-75,-18.17224328366976,3.8667689384521076,0.014329794460766859,2.3297747799576616,4.127173449598146,-75.00000000000007,7.105427357601002e-14,True,2,
0.6153850000000001,-50,-12.364164581444252,3.8667689384521076,0.014329794460766859,1.5851493053133656,4.043944875583297,-49.999999999999986,-1.4210854715202004e-14,True,2,
0.6153850000000001,-25,-6.3174440640363185,3.8667689384521076,0.014329794460766859,0.8099287261585024,3.9572966134071397,-24.99999999999996,-3.907985046680551e-14,True,2,
0.6153850000000001,0,0.0,3.8667689384521076,0.014329794460766857,0.0,3.8667689384521076,0.0,0.0,True,1,
0.6153850000000001,25,6.628154712670094,3.8667689384521076,0.014329794460766855,0.8497634247012941,3.771788843765382,25.0,0.0,True,2,
0.6153850000000001,50,13.617942438916497,3.8667689384521076,0.014329794460766857,1.7458900562713457,3.6716266223238803,50.0,0.0,True,2,
0.6153850000000001,75,21.03593050879076,3.8667689384521076,0.014329794460766857,2.696914167793687,3.565328377970161,74.99999999999999,1.4210854715202004e-14,True,2,
0.6153850000000001,100,28.97202209987962,3.8667689384521076,0.014329794460766855,3.7143618076768745,3.451605816648038,100.0,0.0,True,2,
0.6153850000000001,125,37.55282107269272,3.8667689384521076,0.014329794460766855,4.814464240088811,3.328644731058467,125.0,0.0,True,2,
0.6153850000000001,150,46.966819025385924,3.8667689384521076,0.014329794460766855,6.021387054536657,3.193744075342293,149.99999999999997,2.842170943040401e-14,True,2,
0.6153850000000001,175,57.51742950516474,3.8667689384521076,0.014329794460766853,7.37402942373907,3.04255599573145,174.99999999999997,2.842170943040401e-14,True,2,
0.6153850000000001,200,69.75439696337368,3.8667689384521076,0.014329794460766857,8.942871405560728,2.867202767232223,199.99999999999997,2.842170943040401e-14,True,2,
0.6153850000000001,225,84.90043171893136,3.8667689384521076,0.014329794460766853,10.884670733196328,2.6501632022894506,224.99999999999997,2.842170943040401e-14,True,2,
0.6153850000000001,250,107.39969059831434,3.8667689384521076,0.014329794460766859,13.769191102347992,2.327753447028308,249.99999999999997,2.842170943040401e-14,True,2,
0.6153850000000001,275,,3.8667689384521076,0.014329794460766855,1.0,,,,False,1,No solution exists for discriminant 
0.6153850000000001,300,,3.8667689384521076,0.014329794460766855,1.0,,,,False,1,No solution exists for discriminant 
0.6153850000000001,325,,3.8667689384521076,0.014329794460766855,1.0,,,,False,1,No solution exists for discriminant 
0.6153850000000001,350,,3.8667689384521076,0.014329794460766855,1.0,,,,False,1,No solution exists for discriminant 
0.6153850000000001,375,,3.8667689384521076,0.014329794460766855,1.0,,,,False,1,No solution exists for discriminant 
0.6153850000000001,400,,3.8667689384521076,0.014329794460766855,1.0,,,,False,1,No solution exists for discriminant 
0.6153850000000001,425,,3.8667689384521076,0.014329794460766855,1.0,,,,False,1,No solution exists for discriminant 
0.6153850000000001,450,,3.8667689384521076,0.014329794460766855,1.0,,,,False,1,No solution exists for discriminant 
0.6153850000000001,475,,3.8667689384521076,0.014329794460766855,1.0,,,,False,1,No solution exists for discriminant 
0.6153850000000001,500,,3.8667689384521076,0.014329794460766855,1.0,,,,False,1,No solution exists for discriminant 
0.6153850000000001,525,,3.8667689384521076,0.014329794460766855,1.0,,,,False,1,No solution exists for discriminant 
0.6153850000000001,550,,3.8667689384521076,0.014329794460766855,1.0,,,,False,1,No solution exists for discriminant 
0.6153850000000001,575,,3.8667689384521076,0.014329794460766855,1.0,,,,False,1,No solution exists for discriminant 
0.6153850000000001,600,,3.8667689384521076,0.014329794460766855,1.0,,,,False,1,No solution exists for discriminant 
0.6153850000000001,625,,3.8667689384521076,0.014329794460766855,1.0,,,,False,1,No solution exists for discriminant 
0.6153850000000001,650,,3.8667689384521076,0.014329794460766855,1.0,,,,False,1,No solution exists for discriminant 
0.6153850000000001,675,,3.8667689384521076,0.014329794460766855,1.0,,,,False,1,No solution exists for discriminant 
0.6153850000000001,700,,3.8667689384521076,0.014329794460766855,1.0,,,,False,1,No solution exists for discriminant 
0.6153850000000001,725,,3.8667689384521076,0.014329794460766855,1.0,,,,False,1,No solution exists for discriminant 
0.6153850000000001,750,,3.8667689384521076,0.014329794460766855,1.0,,,,False,1,No solution exists for discriminant 
0.6153850000000001,775,,3.8667689384521076,0.014329794460766855,1.0,,,,False,1,No solution exists for discriminant 
0.6153850000000001,800,,3.8667689384521076,0.014329794460766855,1.0,,,,False,1,No solution exists for discriminant 
0.6153850000000001,825,,3.8667689384521076,0.014329794460766855,1.0,,,,False,1,No solution exists for discriminant 
0.6153850000000001,850,,3.8667689384521076,0.014329794460766855,1.0,,,,False,1,No solution exists for discriminant 
0.6153850000000001,875,,3.8667689384521076,0.014329794460766855,1.0,,,,False,1,No solution exists for discriminant 
0.6153850000000001,900,,3.8667689384521076,0.014329794460766855,1.0,,,,False,1,No solution exists for discriminant 
0.6153850000000001,925,,3.8667689384521076,0.014329794460766855,1.0,,,,False,1,No solution exists for discriminant 
0.6153850000000001,950,,3.8667689384521076,0.014329794460766855,1.0,,,,False,1,No solution exists for discriminant 
0.6153850000000001,975,,3.8667689384521076,0.014329794460766855,1.0,,,,False,1,No solution exists for discriminant 
0.6153850000000001,1000,,3.8667689384521076,0.014329794460766855,1.0,,,,False,1,No solution exists for discriminant 
0.6153850000000001,1025,,3.8667689384521076,0.014329794460766855,1.0,,,,False,1,No solution exists for discriminant 
0.6153850000000001,1050,,3.8667689384521076,0.014329794460766855,1.0,,,,False,1,No solution exists for discriminant 
0.6153850000000001,1075,,3.8667689384521076,0.014329794460766855,1.0,,,,False,1,No solution exists for discriminant 
0.6153850000000001,1100,,3.8667689384521076,0.014329794460766855,1.0,,,,False,1,No solution exists for discriminant 
0.6153850000000001,1125,,3.8667689384521076,0.014329794460766855,1.0,,,,False,1,No solution exists for discriminant 
0.6153850000000001,1150,,3.8667689384521076,0.014329794460766855,1.0,,,,False,1,No solution exists for discriminant 
0.6153850000000001,1175,,3.8667689384521076,0.014329794460766855,1.0,,,,False,1,No solution exists for discriminant 
0.6153850000000001,1200,,3.8667689384521076,0.014329794460766855,1.0,,,,False,1,No solution exists for discriminant 
0.6153850000000001,1225,,3.8667689384521076,0.014329794460766855,1.0,,,,False,1,No solution exists for discriminant 
0.6153850000000001,1250,,3.8667689384521076,0.014329794460766855,1.0,,,,False,1,No solution exists for discriminant 
0.6153850000000001,1275,,3.8667689384521076,0.014329794460766855,1.0,,,,False,1,No solution exists for discriminant 
0.6153850000000001,1300,,3.8667689384521076,0.014329794460766855,1.0,,,,False,1,No solution exists for discriminant 
0.6153850000000001,1325,,3.8667689384521076,0.014329794460766855,1.0,,,,False,1,No solution exists for discriminant 
0.6153850000000001,1350,,3.8667689384521076,0.014329794460766855,1.0,,,,False,1,No solution exists for discriminant 
0.6153850000000001,1375,,3.8667689384521076,0.014329794460766855,1.0,,,,False,1,No solution exists for discriminant 
0.6153850000000001,1400,,3.8667689384521076,0.014329794460766855,1.0,,,,False,1,No solution exists for discriminant 
0.6153850000000001,1425,,3.8667689384521076,0.014329794460766855,1.0,,,,False,1,No solution exists for discriminant 
0.6153850000000001,1450,,3.8667689384521076,0.014329794460766855,1.0,,,,False,1,No solution exists for discriminant 
0.6153850000000001,1475,,3.8667689384521076,0.014329794460766855,1.0,,,,False,1,No solution exists for discriminant 
0.6153850000000001,1500,,3.8667689384521076,0.014329794460766855,1.0,,,,False,1,No solution exists for discriminant 
0.6153850000000001,1525,,3.8667689384521076,0.014329794460766855,1.0,,,,False,1,No solution exists for discriminant 
0.6410260000000001,-100,-23.688451527709923,3.8823596117710704,0.014315274904605081,3.036980965091016,4.134615384615385,-97.94263612418527,-2.0573638758147297,False,2,
0.6410260000000001,-75,-18.108967620387855,3.8823596117710704,0.014315274904605085,2.3216625154343404,4.134615384615385,-74.87361612275748,-0.12638387724251743,True,2,
0.6410260000000001,-50,-12.319178952512317,3.8823596117710704,0.014315274904605088,1.5793819169887586,4.058712045075309,-49.999999999999964,-3.552713678800501e-14,True,2,
0.6410260000000001,-25,-6.293344515778958,3.8823596117710704,0.014315274904605088,0.8068390404844817,3.972450568583835,-25.000000000000078,7.815970093361102e-14,True,2,
0.6410260000000001,0,0.0,3.8823596117710704,0.014315274904605088,0.0,3.8823596117710704,0.0,0.0,True,1,
0.6410260000000001,25,6.599999982984644,3.8823596117710704,0.014315274904605088,0.8461538439723904,3.7878787976442565,24.99999999999999,1.0658141036401503e-14,True,2,
0.6410260000000001,50,13.556395377323202,3.8823596117710704,0.01431527490460509,1.7379994073491285,3.688296085229171,50.0,0.0,True,2,
0.6410260000000001,75,20.934030622965388,3.8823596117710704,0.014315274904605086,2.6838500798673572,3.5826832085418996,75.00000000000001,-1.4210854715202004e-14,True,2,
0.6410260000000001,100,28.82018138295726,3.8823596117710704,0.014315274904605085,3.6948950490970844,3.4697907924734555,100.0,0.0,True,2,
0.6410260000000001,125,37.33720282264273,3.8823596117710704,0.014315274904605092,4.786820874697786,3.3478672891959427,125.00000000000001,-1.4210854715202004e-14,True,2,
0.6410260000000001,150,46.66615835046252,3.8823596117710704,0.014315274904605086,5.982840814161861,3.2143207262423674,150.0,0.0,True,2,
0.6410260000000001,175,57.09596532832605,3.8823596117710704,0.014315274904605088,7.319995554913596,3.0650151721522825,175.00000000000003,-2.842170943040401e-14,True,2,
0.6410260000000001,200,69.14290726736611,3.8823596117710704,0.014315274904605085,8.864475290687963,2.892559886535108,200.0,0.0,True,2,
0.6410260000000001,225,83.92584984411212,3.8823596117710704,0.014315274904605085,10.759724338988734,2.6809379996499976,225.0,0.0,True,2,
0.6410260000000001,250,105.20400844284399,3.8823596117710704,0.014315274904605085,13.487693390108204,2.3763353098453646,250.0,0.0,True,2,
0.6410260000000001,275,,3.8823596117710704,0.014315274904605088,1.0,,,,False,1,No solution exists for discriminant 
0.6410260000000001,300,,3.8823596117710704,0.014315274904605088,1.0,,,,False,1,No solution exists for discriminant 
0.6410260000000001,325,,3.8823596117710704,0.014315274904605088,1.0,,,,False,1,No solution exists for discriminant 
0.6410260000000001,350,,3.8823596117710704,0.014315274904605088,1.0,,,,False,1,No solution exists for discriminant 
0.6410260000000001,375,,3.8823596117710704,0.014315274904605088,1.0,,,,False,1,No solution exists for discriminant 
0.6410260000000001,400,,3.8823596117710704,0.014315274904605088,1.0,,,,False,1,No solution exists for discriminant 
0.6410260000000001,425,,3.8823596117710704,0.014315274904605088,1.0,,,,False,1,No solution exists for discriminant 
0.6410260000000001,450,,3.8823596117710704,0.014315274904605088,1.0,,,,False,1,No solution exists for discriminant 
0.6410260000000001,475,,3.8823596117710704,0.014315274904605088,1.0,,,,False,1,No solution exists for discriminant 
0.6410260000000001,500,,3.8823596117710704,0.014315274904605088,1.0,,,,False,1,No solution exists for discriminant 
0.6410260000000001,525,,3.8823596117710704,0.014315274904605088,1.0,,,,False,1,No solution exists for discriminant 
0.6410260000000001,550,,3.8823596117710704,0.014315274904605088,1.0,,,,False,1,No solution exists for discriminant 
0.6410260000000001,575,,3.8823596117710704,0.014315274904605088,1.0,,,,False,1,No solution exists for discriminant 
0.6410260000000001,600,,3.8823596117710704,0.014315274904605088,1.0,,,,False,1,No solution exists for discriminant 
0.6410260000000001,625,,3.8823596117710704,0.014315274904605088,1.0,,,,False,1,No solution exists for discriminant 
0.6410260000000001,650,,3.8823596117710704,0.014315274904605088,1.0,,,,False,1,No solution exists for discriminant 
0.6410260000000001,675,,3.8823596117710704,0.014315274904605088,1.0,,,,False,1,No solution exists for discriminant 
0.6410260000000001,700,,3.8823596117710704,0.014315274904605088,1.0,,,,False,1,No solution exists for discriminant 
0.6410260000000001,725,,3.8823596117710704,0.014315274904605088,1.0,,,,False,1,No solution exists for discriminant 
0.6410260000000001,750,,3.8823596117710704,0.014315274904605088,1.0,,,,False,1,No solution exists for discriminant 
0.6410260000000001,775,,3.8823596117710704,0.014315274904605088,1.0,,,,False,1,No solution exists for discriminant 
0.6410260000000001,800,,3.8823596117710704,0.014315274904605088,1.0,,,,False,1,No solution exists for discriminant 
0.6410260000000001,825,,3.8823596117710704,0.014315274904605088,1.0,,,,False,1,No solution exists for discriminant 
0.6410260000000001,850,,3.8823596117710704,0.014315274904605088,1.0,,,,False,1,No solution exists for discriminant 
0.6410260000000001,875,,3.8823596117710704,0.014315274904605088,1.0,,,,False,1,No solution exists for discriminant 
0.6410260000000001,900,,3.8823596117710704,0.014315274904605088,1.0,,,,False,1,No solution exists for discriminant 
0.6410260000000001,925,,3.8823596117710704,0.014315274904605088,1.0,,,,False,1,No solution exists for discriminant 
0.6410260000000001,950,,3.8823596117710704,0.014315274904605088,1.0,,,,False,1,No solution exists for discriminant 
0.6410260000000001,975,,3.8823596117710704,0.014315274904605088,1.0,,,,False,1,No solution exists for discriminant 
0.6410260000000001,1000,,3.8823596117710704,0.014315274904605088,1.0,,,,False,1,No solution exists for discriminant 
0.6410260000000001,1025,,3.8823596117710704,0.014315274904605088,1.0,,,,False,1,No solution exists for discriminant 
0.6410260000000001,1050,,3.8823596117710704,0.014315274904605088,1.0,,,,False,1,No solution exists for discriminant 
0.6410260000000001,1075,,3.8823596117710704,0.014315274904605088,1.0,,,,False,1,No solution exists for discriminant 
0.6410260000000001,1100,,3.8823596117710704,0.014315274904605088,1.0,,,,False,1,No solution exists for discriminant 
0.6410260000000001,1125,,3.8823596117710704,0.014315274904605088,1.0,,,,False,1,No solution exists for discriminant 
0.6410260000000001,1150,,3.8823596117710704,0.014315274904605088,1.0,,,,False,1,No solution exists for discriminant 
0.6410260000000001,1175,,3.8823596117710704,0.014315274904605088,1.0,,,,False,1,No solution exists for discriminant 
0.6410260000000001,1200,,3.8823596117710704,0.014315274904605088,1.0,,,,False,1,No solution exists for discriminant 
0.6410260000000001,1225,,3.8823596117710704,0.014315274904605088,1.0,,,,False,1,No solution exists for discriminant 
0.6410260000000001,1250,,3.8823596117710704,0.014315274904605088,1.0,,,,False,1,No solution exists for discriminant 
0.6410260000000001,1275,,3.8823596117710704,0.014315274904605088,1.0,,,,False,1,No solution exists for discriminant 
0.6410260000000001,1300,,3.8823596117710704,0.014315274904605088,1.0,,,,False,1,No solution exists for discriminant 
0.6410260000000001,1325,,3.8823596117710704,0.014315274904605088,1.0,,,,False,1,No solution exists for discriminant 
0.6410260000000001,1350,,3.8823596117710704,0.014315274904605088,1.0,,,,False,1,No solution exists for discriminant 
0.6410260000000001,1375,,3.8823596117710704,0.014315274904605088,1.0,,,,False,1,No solution exists for discriminant 
0.6410260000000001,1400,,3.8823596117710704,0.014315274904605088,1.0,,,,False,1,No solution exists for discriminant 
0.6410260000000001,1425,,3.8823596117710704,0.014315274904605088,1.0,,,,False,1,No solution exists for discriminant 
0.6410260000000001,1450,,3.8823596117710704,0.014315274904605088,1.0,,,,False,1,No solution exists for discriminant 
0.6410260000000001,1475,,3.8823596117710704,0.014315274904605088,1.0,,,,False,1,No solution exists for discriminant 
0.6410260000000001,1500,,3.8823596117710704,0.014315274904605088,1.0,,,,False,1,No solution exists for discriminant 
0.6410260000000001,1525,,3.8823596117710704,0.014315274904605088,1.0,,,,False,1,No solution exists for discriminant 
0.666667,-100,-23.587159415791113,3.900707019568485,0.014367471811188831,3.0239947968962966,4.134615384615385,-97.52383219990557,-2.47616780009443,False,2,
0.666667,-75,-18.029923456558592,3.900707019568485,0.014367471811188833,2.3115286482767425,4.134615384615385,-74.54679890692495,-0.45320109307505163,True,2,
0.666667,-50,-12.264183280839932,3.900707019568485,0.01436747181118884,1.5723311898512733,4.076912327143207,-49.999999999999936,-6.394884621840902e-14,True,2,
0.666667,-25,-6.264545184027543,3.900707019568485,0.014367471811188842,0.8031468184650695,3.9907126959099197,-25.000000000000057,5.684341886080802e-14,True,2,
0.666667,0,0.0,3.900707019568485,0.014367471811188836,0.0,3.900707019568485,0.0,0.0,True,1,
0.666667,25,6.567986330668397,3.900707019568485,0.014367471811188833,0.8420495295728714,3.8063416611063334,25.00000000000004,-3.907985046680551e-14,True,2,
0.666667,50,13.488308120403111,3.900707019568485,0.014367471811188838,1.7292702718465527,3.706914132867964,50.000000000000014,-1.4210854715202004e-14,True,2,
0.666667,75,20.824597394329277,3.900707019568485,0.014367471811188835,2.6698201787601636,3.601510203526103,74.99999999999999,1.4210854715202004e-14,True,2,
0.666667,100,28.662312202368373,3.900707019568485,0.014367471811188836,3.6746554105600477,3.488902056957464,100.00000000000004,-4.263256414560601e-14,True,2,
0.666667,125,37.120922489709194,3.900707019568485,0.014367471811188836,4.759092626885794,3.3673732120922626,124.99999999999996,4.263256414560601e-14,True,2,
0.666667,150,46.376549986565955,3.900707019568485,0.01436747181118884,5.945711536739225,3.2343932449363084,149.99999999999997,2.842170943040401e-14,True,2,
0.666667,175,56.70869693476546,3.900707019568485,0.014367471811188836,7.270345760867367,3.0859464149089915,175.0,0.0,True,2,
0.666667,200,68.61256724457712,3.900707019568485,0.014367471811188836,8.796482980073991,2.914917893788725,200.0,0.0,True,2,
0.666667,225,83.14457347507738,3.900707019568485,0.014367471811188835,10.659560701932998,2.706129703911992,225.00000000000003,-2.842170943040401e-14,True,2,
0.666667,250,103.70002173109155,3.900707019568485,0.014367471811188826,13.294874580909173,2.4107998805273585,250.0,0.0,True,2,
0.666667,275,,3.900707019568485,0.014367471811188836,1.0,,,,False,1,No solution exists for discriminant 
0.666667,300,,3.900707019568485,0.014367471811188836,1.0,,,,False,1,No solution exists for discriminant 
0.666667,325,,3.900707019568485,0.014367471811188836,1.0,,,,False,1,No solution exists for discriminant 
0.666667,350,,3.900707019568485,0.014367471811188836,1.0,,,,False,1,No solution exists for discriminant 
0.666667,375,,3.900707019568485,0.014367471811188836,1.0,,,,False,1,No solution exists for discriminant 
0.666667,400,,3.900707019568485,0.014367471811188836,1.0,,,,False,1,No solution exists for discriminant 
0.666667,425,,3.900707019568485,0.014367471811188836,1.0,,,,False,1,No solution exists for discriminant 
0.666667,450,,3.900707019568485,0.014367471811188836,1.0,,,,False,1,No solution exists for discriminant 
0.666667,475,,3.900707019568485,0.014367471811188836,1.0,,,,False,1,No solution exists for discriminant 
0.666667,500,,3.900707019568485,0.014367471811188836,1.0,,,,False,1,No solution exists for discriminant 
0.666667,525,,3.900707019568485,0.014367471811188836,1.0,,,,False,1,No solution exists for discriminant 
0.666667,550,,3.900707019568485,0.014367471811188836,1.0,,,,False,1,No solution exists for discriminant 
0.666667,575,,3.900707019568485,0.014367471811188836,1.0,,,,False,1,No solution exists for discriminant 
0.666667,600,,3.900707019568485,0.014367471811188836,1.0,,,,False,1,No solution exists for discriminant 
0.666667,625,,3.900707019568485,0.014367471811188836,1.0,,,,False,1,No solution exists for discriminant 
0.666667,650,,3.900707019568485,0.014367471811188836,1.0,,,,False,1,No solution exists for discriminant 
0.666667,675,,3.900707019568485,0.014367471811188836,1.0,,,,False,1,No solution exists for discriminant 
0.666667,700,,3.900707019568485,0.014367471811188836,1.0,,,,False,1,No solution exists for discriminant 
0.666667,725,,3.900707019568485,0.014367471811188836,1.0,,,,False,1,No solution exists for discriminant 
0.666667,750,,3.900707019568485,0.014367471811188836,1.0,,,,False,1,No solution exists for discriminant 
0.666667,775,,3.900707019568485,0.014367471811188836,1.0,,,,False,1,No solution exists for discriminant 
0.666667,800,,3.900707019568485,0.014367471811188836,1.0,,,,False,1,No solution exists for discriminant 
0.666667,825,,3.900707019568485,0.014367471811188836,1.0,,,,False,1,No solution exists for discriminant 
0.666667,850,,3.900707019568485,0.014367471811188836,1.0,,,,False,1,No solution exists for discriminant 
0.666667,875,,3.900707019568485,0.014367471811188836,1.0,,,,False,1,No solution exists for discriminant 
0.666667,900,,3.900707019568485,0.014367471811188836,1.0,,,,False,1,No solution exists for discriminant 
0.666667,925,,3.900707019568485,0.014367471811188836,1.0,,,,False,1,No solution exists for discriminant 
0.666667,950,,3.900707019568485,0.014367471811188836,1.0,,,,False,1,No solution exists for discriminant 
0.666667,975,,3.900707019568485,0.014367471811188836,1.0,,,,False,1,No solution exists for discriminant 
0.666667,1000,,3.900707019568485,0.014367471811188836,1.0,,,,False,1,No solution exists for discriminant 
0.666667,1025,,3.900707019568485,0.014367471811188836,1.0,,,,False,1,No solution exists for discriminant 
0.666667,1050,,3.900707019568485,0.014367471811188836,1.0,,,,False,1,No solution exists for discriminant 
0.666667,1075,,3.900707019568485,0.014367471811188836,1.0,,,,False,1,No solution exists for discriminant 
0.666667,1100,,3.900707019568485,0.014367471811188836,1.0,,,,False,1,No solution exists for discriminant 
0.666667,1125,,3.900707019568485,0.014367471811188836,1.0,,,,False,1,No solution exists for discriminant 
0.666667,1150,,3.900707019568485,0.014367471811188836,1.0,,,,False,1,No solution exists for discriminant 
0.666667,1175,,3.900707019568485,0.014367471811188836,1.0,,,,False,1,No solution exists for discriminant 
0.666667,1200,,3.900707019568485,0.014367471811188836,1.0,,,,False,1,No solution exists for discriminant 
0.666667,1225,,3.900707019568485,0.014367471811188836,1.0,,,,False,1,No solution exists for discriminant 
0.666667,1250,,3.900707019568485,0.014367471811188836,1.0,,,,False,1,No solution exists for discriminant 
0.666667,1275,,3.900707019568485,0.014367471811188836,1.0,,,,False,1,No solution exists for discriminant 
0.666667,1300,,3.900707019568485,0.014367471811188836,1.0,,,,False,1,No solution exists for discriminant 
0.666667,1325,,3.900707019568485,0.014367471811188836,1.0,,,,False,1,No solution exists for discriminant 
0.666667,1350,,3.900707019568485,0.014367471811188836,1.0,,,,False,1,No solution exists for discriminant 
0.666667,1375,,3.900707019568485,0.014367471811188836,1.0,,,,False,1,No solution exists for discriminant 
0.666667,1400,,3.900707019568485,0.014367471811188836,1.0,,,,False,1,No solution exists for discriminant 
0.666667,1425,,3.900707019568485,0.014367471811188836,1.0,,,,False,1,No solution exists for discriminant 
0.666667,1450,,3.900707019568485,0.014367471811188836,1.0,,,,False,1,No solution exists for discriminant 
0.666667,1475,,3.900707019568485,0.014367471811188836,1.0,,,,False,1,No solution exists for discriminant 
0.666667,1500,,3.900707019568485,0.014367471811188836,1.0,,,,False,1,No solution exists for discriminant 
0.666667,1525,,3.900707019568485,0.014367471811188836,1.0,,,,False,1,No solution exists for discriminant 
0.692308,-100,-23.469612965743217,3.9222237115085026,0.0144273775448396,3.008924739197848,4.134615384615385,-97.03782283913061,-2.9621771608693876,False,2,
0.692308,-75,-17.9381863106421,3.9222237115085026,0.0144273775448396,2.299767475723346,4.134615384615385,-74.16750109207791,-0.832498907922087,False,2,
0.692308,-50,-12.200350902132787,3.9222237115085026,0.014427377544839602,1.5641475515554855,4.098242780153097,-50.000000000000014,1.4210854715202004e-14,True,2,
0.692308,-25,-6.231116018986407,3.9222237115085026,0.014427377544839595,0.7988610280751804,4.012122374840118,-25.000000000000046,4.618527782440651e-14,True,2,
0.692308,0,0.0,3.9222237115085026,0.014427377544839595,0.0,3.9222237115085026,0.0,0.0,True,1,
0.692308,25,6.5308237010579315,3.9222237115085026,0.0144273775448396,0.837285089879222,3.828001052294553,24.99999999999997,2.842170943040401e-14,True,2,
0.692308,50,13.40927245627806,3.9222237115085026,0.014427377544839599,1.7191374943946232,3.7287630751801606,50.00000000000001,-7.105427357601002e-15,True,2,
0.692308,75,20.697580779469213,3.9222237115085026,0.014427377544839595,2.653535997367848,3.623611899338285,75.00000000000001,-1.4210854715202004e-14,True,2,
0.692308,100,28.479117763629006,3.9222237115085026,0.0144273775448396,3.651168944055001,3.511344727388679,99.99999999999997,2.842170943040401e-14,True,2,
0.692308,125,36.87005040193068,3.9222237115085026,0.014427377544839602,4.726929538709062,3.3902855742625837,124.99999999999997,2.842170943040401e-14,True,2,
0.692308,150,46.0408740435786,3.9222237115085026,0.0144273775448396,5.902676159433153,3.2579746391873883,149.99999999999997,2.842170943040401e-14,True,2,
0.692308,175,56.26045696614279,3.9222237115085026,0.0144273775448396,7.212879098223435,3.1105328580127596,175.0,0.0,True,2,
0.692308,200,68.00050068271713,3.9222237115085026,0.014427377544839602,8.718012908040658,2.9411548149208193,199.99999999999994,5.684341886080802e-14,True,2,
0.692308,225,82.24949031206502,3.9222237115085026,0.014427377544839595,10.544806450264746,2.7355792619057135,224.99999999999997,2.842170943040401e-14,True,2,
0.692308,250,102.0363994989103,3.9222237115085026,0.014427377544839595,13.081589679347475,2.450106052621642,250.0,0.0,True,2,
0.692308,275,,3.9222237115085026,0.014427377544839602,1.0,,,,False,1,No solution exists for discriminant 
0.692308,300,,3.9222237115085026,0.014427377544839602,1.0,,,,False,1,No solution exists for discriminant 
0.692308,325,,3.9222237115085026,0.014427377544839602,1.0,,,,False,1,No solution exists for discriminant 
0.692308,350,,3.9222237115085026,0.014427377544839602,1.0,,,,False,1,No solution exists for discriminant 
0.692308,375,,3.9222237115085026,0.014427377544839602,1.0,,,,False,1,No solution exists for discriminant 
0.692308,400,,3.9222237115085026,0.014427377544839602,1.0,,,,False,1,No solution exists for discriminant 
0.692308,425,,3.9222237115085026,0.014427377544839602,1.0,,,,False,1,No solution exists for discriminant 
0.692308,450,,3.9222237115085026,0.014427377544839602,1.0,,,,False,1,No solution exists for discriminant 
0.692308,475,,3.9222237115085026,0.014427377544839602,1.0,,,,False,1,No solution exists for discriminant 
0.692308,500,,3.9222237115085026,0.014427377544839602,1.0,,,,False,1,No solution exists for discriminant 
0.692308,525,,3.9222237115085026,0.014427377544839602,1.0,,,,False,1,No solution exists for discriminant 
0.692308,550,,3.9222237115085026,0.014427377544839602,1.0,,,,False,1,No solution exists for discriminant 
0.692308,575,,3.9222237115085026,0.014427377544839602,1.0,,,,False,1,No solution exists for discriminant 
0.692308,600,,3.9222237115085026,0.014427377544839602,1.0,,,,False,1,No solution exists for discriminant 
0.692308,625,,3.9222237115085026,0.014427377544839602,1.0,,,,False,1,No solution exists for discriminant 
0.692308,650,,3.9222237115085026,0.014427377544839602,1.0,,,,False,1,No solution exists for discriminant 
0.692308,675,,3.9222237115085026,0.014427377544839602,1.0,,,,False,1,No solution exists for discriminant 
0.692308,700,,3.9222237115085026,0.014427377544839602,1.0,,,,False,1,No solution exists for discriminant 
0.692308,725,,3.9222237115085026,0.014427377544839602,1.0,,,,False,1,No solution exists for discriminant 
0.692308,750,,3.9222237115085026,0.014427377544839602,1.0,,,,False,1,No solution exists for discriminant 
0.692308,775,,3.9222237115085026,0.014427377544839602,1.0,,,,False,1,No solution exists for discriminant 
0.692308,800,,3.9222237115085026,0.014427377544839602,1.0,,,,False,1,No solution exists for discriminant 
0.692308,825,,3.9222237115085026,0.014427377544839602,1.0,,,,False,1,No solution exists for discriminant 
0.692308,850,,3.9222237115085026,0.014427377544839602,1.0,,,,False,1,No solution exists for discriminant 
0.692308,875,,3.9222237115085026,0.014427377544839602,1.0,,,,False,1,No solution exists for discriminant 
0.692308,900,,3.9222237115085026,0.014427377544839602,1.0,,,,False,1,No solution exists for discriminant 
0.692308,925,,3.9222237115085026,0.014427377544839602,1.0,,,,False,1,No solution exists for discriminant 
0.692308,950,,3.9222237115085026,0.014427377544839602,1.0,,,,False,1,No solution exists for discriminant 
0.692308,975,,3.9222237115085026,0.014427377544839602,1.0,,,,False,1,No solution exists for discriminant 
0.692308,1000,,3.9222237115085026,0.014427377544839602,1.0,,,,False,1,No solution exists for discriminant 
0.692308,1025,,3.9222237115085026,0.014427377544839602,1.0,,,,False,1,No solution exists for discriminant 
0.692308,1050,,3.9222237115085026,0.014427377544839602,1.0,,,,False,1,No solution exists for discriminant 
0.692308,1075,,3.9222237115085026,0.014427377544839602,1.0,,,,False,1,No solution exists for discriminant 
0.692308,1100,,3.9222237115085026,0.014427377544839602,1.0,,,,False,1,No solution exists for discriminant 
0.692308,1125,,3.9222237115085026,0.014427377544839602,1.0,,,,False,1,No solution exists for discriminant 
0.692308,1150,,3.9222237115085026,0.014427377544839602,1.0,,,,False,1,No solution exists for discriminant 
0.692308,1175,,3.9222237115085026,0.014427377544839602,1.0,,,,False,1,No solution exists for discriminant 
0.692308,1200,,3.9222237115085026,0.014427377544839602,1.0,,,,False,1,No solution exists for discriminant 
0.692308,1225,,3.9222237115085026,0.014427377544839602,1.0,,,,False,1,No solution exists for discriminant 
0.692308,1250,,3.9222237115085026,0.014427377544839602,1.0,,,,False,1,No solution exists for discriminant 
0.692308,1275,,3.9222237115085026,0.014427377544839602,1.0,,,,False,1,No solution exists for discriminant 
0.692308,1300,,3.9222237115085026,0.014427377544839602,1.0,,,,False,1,No solution exists for discriminant 
0.692308,1325,,3.9222237115085026,0.014427377544839602,1.0,,,,False,1,No solution exists for discriminant 
0.692308,1350,,3.9222237115085026,0.014427377544839602,1.0,,,,False,1,No solution exists for discriminant 
0.692308,1375,,3.9222237115085026,0.014427377544839602,1.0,,,,False,1,No solution exists for discriminant 
0.692308,1400,,3.9222237115085026,0.014427377544839602,1.0,,,,False,1,No solution exists for discriminant 
0.692308,1425,,3.9222237115085026,0.014427377544839602,1.0,,,,False,1,No solution exists for discriminant 
0.692308,1450,,3.9222237115085026,0.014427377544839602,1.0,,,,False,1,No solution exists for discriminant 
0.692308,1475,,3.9222237115085026,0.014427377544839602,1.0,,,,False,1,No solution exists for discriminant 
0.692308,1500,,3.9222237115085026,0.014427377544839602,1.0,,,,False,1,No solution exists for discriminant 
0.692308,1525,,3.9222237115085026,0.014427377544839602,1.0,,,,False,1,No solution exists for discriminant 
0.7179490000000001,-100,-23.349877197739527,3.9460944778669824,0.014414777815888829,2.993573999710196,4.134615384615385,-96.54276149065383,-3.457238509346169,False,2,
0.7179490000000001,-75,-17.843126719687632,3.9460944778669824,0.01441477781588883,2.2875803486779014,4.134615384615385,-73.77446624486234,-1.2255337551376613,False,2,
0.7179490000000001,-50,-12.133009483673789,3.9460944778669824,0.014414777815888829,1.5555140363684345,4.120989113812212,-50.00000000000001,7.105427357601002e-15,True,2,
0.7179490000000001,-25,-6.1951779540119905,3.9460944778669824,0.014414777815888832,0.7942535838476911,4.035396591603958,-24.99999999999997,-2.842170943040401e-14,True,2,
0.7179490000000001,0,0.0,3.9460944778669824,0.014414777815888825,0.0,3.9460944778669824,0.0,0.0,True,1,
0.7179490000000001,25,6.4892015758073,3.9460944778669824,0.014414777815888825,0.8319489199752949,3.8525540789492045,25.00000000000002,-2.1316282072803006e-14,True,2,
0.7179490000000001,50,13.318744008876235,3.9460944778669824,0.014414777815888829,1.707531283189261,3.754107742192331,50.0,0.0,True,2,
0.7179490000000001,75,20.548555369324585,3.9460944778669824,0.01441477781588883,2.634430175554434,3.6498916177806793,74.99999999999997,2.842170943040401e-14,True,2,
0.7179490000000001,100,28.25853402820669,3.9460944778669824,0.014414777815888827,3.6228889779752165,3.538753988447649,100.00000000000003,-2.842170943040401e-14,True,2,
0.7179490000000001,125,36.55932998564181,3.9460944778669824,0.014414777815888827,4.687093587902797,3.4190998590261934,125.0,0.0,True,2,
0.7179490000000001,150,45.61201090157069,3.9460944778669824,0.014414777815888827,5.847693705329576,3.288607474984942,150.00000000000003,-2.842170943040401e-14,True,2,
0.7179490000000001,175,55.66763505840773,3.9460944778669824,0.014414777815888827,7.136876289539453,3.1436578869640517,175.00000000000003,-2.842170943040401e-14,True,2,
0.7179490000000001,200,67.15883295590417,3.9460944778669824,0.014414777815888825,8.610106789218484,2.9780148224332317,200.00000000000003,-2.842170943040401e-14,True,2,
0.7179490000000001,225,80.96382359238497,3.9460944778669824,0.014414777815888829,10.3799773836391,2.779018949657935,225.00000000000003,-2.842170943040401e-14,True,2,
0.7179490000000001,250,99.56827568778209,3.9460944778669824,0.014414777815888832,12.765163549715654,2.5108399063164377,250.00000000000003,-2.842170943040401e-14,True,2,
0.7179490000000001,275,,3.9460944778669824,0.014414777815888827,1.0,,,,False,1,No solution exists for discriminant 
0.7179490000000001,300,,3.9460944778669824,0.014414777815888827,1.0,,,,False,1,No solution exists for discriminant 
0.7179490000000001,325,,3.9460944778669824,0.014414777815888827,1.0,,,,False,1,No solution exists for discriminant 
0.7179490000000001,350,,3.9460944778669824,0.014414777815888827,1.0,,,,False,1,No solution exists for discriminant 
0.7179490000000001,375,,3.9460944778669824,0.014414777815888827,1.0,,,,False,1,No solution exists for discriminant 
0.7179490000000001,400,,3.9460944778669824,0.014414777815888827,1.0,,,,False,1,No solution exists for discriminant 
0.7179490000000001,425,,3.9460944778669824,0.014414777815888827,1.0,,,,False,1,No solution exists for discriminant 
0.7179490000000001,450,,3.9460944778669824,0.014414777815888827,1.0,,,,False,1,No solution exists for discriminant 
0.7179490000000001,475,,3.9460944778669824,0.014414777815888827,1.0,,,,False,1,No solution exists for discriminant 
0.7179490000000001,500,,3.9460944778669824,0.014414777815888827,1.0,,,,False,1,No solution exists for discriminant 
0.7179490000000001,525,,3.9460944778669824,0.014414777815888827,1.0,,,,False,1,No solution exists for discriminant 
0.7179490000000001,550,,3.9460944778669824,0.014414777815888827,1.0,,,,False,1,No solution exists for discriminant 
0.7179490000000001,575,,3.9460944778669824,0.014414777815888827,1.0,,,,False,1,No solution exists for discriminant 
0.7179490000000001,600,,3.9460944778669824,0.014414777815888827,1.0,,,,False,1,No solution exists for discriminant 
0.7179490000000001,625,,3.9460944778669824,0.014414777815888827,1.0,,,,False,1,No solution exists for discriminant 
0.7179490000000001,650,,3.9460944778669824,0.014414777815888827,1.0,,,,False,1,No solution exists for discriminant 
0.7179490000000001,675,,3.9460944778669824,0.014414777815888827,1.0,,,,False,1,No solution exists for discriminant 
0.7179490000000001,700,,3.9460944778669824,0.014414777815888827,1.0,,,,False,1,No solution exists for discriminant 
0.7179490000000001,725,,3.9460944778669824,0.014414777815888827,1.0,,,,False,1,No solution exists for discriminant 
0.7179490000000001,750,,3.9460944778669824,0.014414777815888827,1.0,,,,False,1,No solution exists for discriminant 
0.7179490000000001,775,,3.9460944778669824,0.014414777815888827,1.0,,,,False,1,No solution exists for discriminant 
0.7179490000000001,800,,3.9460944778669824,0.014414777815888827,1.0,,,,False,1,No solution exists for discriminant 
0.7179490000000001,825,,3.9460944778669824,0.014414777815888827,1.0,,,,False,1,No solution exists for discriminant 
0.7179490000000001,850,,3.9460944778669824,0.014414777815888827,1.0,,,,False,1,No solution exists for discriminant 
0.7179490000000001,875,,3.9460944778669824,0.014414777815888827,1.0,,,,False,1,No solution exists for discriminant 
0.7179490000000001,900,,3.9460944778669824,0.014414777815888827,1.0,,,,False,1,No solution exists for discriminant 
0.7179490000000001,925,,3.9460944778669824,0.014414777815888827,1.0,,,,False,1,No solution exists for discriminant 
0.7179490000000001,950,,3.9460944778669824,0.014414777815888827,1.0,,,,False,1,No solution exists for discriminant 
0.7179490000000001,975,,3.9460944778669824,0.014414777815888827,1.0,,,,False,1,No solution exists for discriminant 
0.7179490000000001,1000,,3.9460944778669824,0.014414777815888827,1.0,,,,False,1,No solution exists for discriminant 
0.7179490000000001,1025,,3.9460944778669824,0.014414777815888827,1.0,,,,False,1,No solution exists for discriminant 
0.7179490000000001,1050,,3.9460944778669824,0.014414777815888827,1.0,,,,False,1,No solution exists for discriminant 
0.7179490000000001,1075,,3.9460944778669824,0.014414777815888827,1.0,,,,False,1,No solution exists for discriminant 
0.7179490000000001,1100,,3.9460944778669824,0.014414777815888827,1.0,,,,False,1,No solution exists for discriminant 
0.7179490000000001,1125,,3.9460944778669824,0.014414777815888827,1.0,,,,False,1,No solution exists for discriminant 
0.7179490000000001,1150,,3.9460944778669824,0.014414777815888827,1.0,,,,False,1,No solution exists for discriminant 
0.7179490000000001,1175,,3.9460944778669824,0.014414777815888827,1.0,,,,False,1,No solution exists for discriminant 
0.7179490000000001,1200,,3.9460944778669824,0.014414777815888827,1.0,,,,False,1,No solution exists for discriminant 
0.7179490000000001,1225,,3.9460944778669824,0.014414777815888827,1.0,,,,False,1,No solution exists for discriminant 
0.7179490000000001,1250,,3.9460944778669824,0.014414777815888827,1.0,,,,False,1,No solution exists for discriminant 
0.7179490000000001,1275,,3.9460944778669824,0.014414777815888827,1.0,,,,False,1,No solution exists for discriminant 
0.7179490000000001,1300,,3.9460944778669824,0.014414777815888827,1.0,,,,False,1,No solution exists for discriminant 
0.7179490000000001,1325,,3.9460944778669824,0.014414777815888827,1.0,,,,False,1,No solution exists for discriminant 
0.7179490000000001,1350,,3.9460944778669824,0.014414777815888827,1.0,,,,False,1,No solution exists for discriminant 
0.7179490000000001,1375,,3.9460944778669824,0.014414777815888827,1.0,,,,False,1,No solution exists for discriminant 
0.7179490000000001,1400,,3.9460944778669824,0.014414777815888827,1.0,,,,False,1,No solution exists for discriminant 
0.7179490000000001,1425,,3.9460944778669824,0.014414777815888827,1.0,,,,False,1,No solution exists for discriminant 
0.7179490000000001,1450,,3.9460944778669824,0.014414777815888827,1.0,,,,False,1,No solution exists for discriminant 
0.7179490000000001,1475,,3.9460944778669824,0.014414777815888827,1.0,,,,False,1,No solution exists for discriminant 
0.7179490000000001,1500,,3.9460944778669824,0.014414777815888827,1.0,,,,False,1,No solution exists for discriminant 
0.7179490000000001,1525,,3.9460944778669824,0.014414777815888827,1.0,,,,False,1,No solution exists for discriminant 
0.7435900000000001,-100,-23.22411323204362,3.972876114391045,0.014338258969278301,2.977450414364567,4.134615384615385,-96.0227758632573,-3.9772241367427057,False,2,
0.7435900000000001,-75,-17.741967737330565,3.972876114391045,0.014338258969278305,2.2746112483757135,4.134615384615385,-73.35621276011676,-1.6437872398832383,False,2,
0.7435900000000001,-50,-12.060395037879012,3.972876114391045,0.014338258969278305,1.5462044920357707,4.134615384615385,-49.86509486815361,-0.13490513184638786,True,2,
0.7435900000000001,-25,-6.1559053263013075,3.972876114391045,0.014338258969278303,0.7892186315770907,4.0611410791499125,-24.999999999999986,-1.4210854715202004e-14,True,2,
0.7435900000000001,0,0.0,3.972876114391045,0.014338258969278301,0.0,3.972876114391045,0.0,0.0,True,1,
0.7435900000000001,25,6.442464793106852,3.972876114391045,0.014338258969278308,0.8259570247572888,3.880502385787021,25.000000000000025,-2.4868995751603507e-14,True,2,
0.7435900000000001,50,13.215673798259727,3.972876114391045,0.014338258969278305,1.694317153623042,3.783386361018091,50.00000000000001,-7.105427357601002e-15,True,2,
0.7435900000000001,75,20.37648822604367,3.972876114391045,0.014338258969278303,2.612370285390214,3.6807127493215805,75.00000000000001,-1.4210854715202004e-14,True,2,
0.7435900000000001,100,28.000209414352152,3.972876114391045,0.014338258969278303,3.5897704377374557,3.5714018606140394,100.00000000000001,-1.4210854715202004e-14,True,2,
0.7435900000000001,125,36.19022556132898,3.972876114391045,0.014338258969278306,4.6397725078626895,3.4539712881361146,125.0,0.0,True,2,
0.7435900000000001,150,45.09531628541735,3.972876114391045,0.0143382589692783,5.781450805822737,3.326287791189218,150.00000000000003,-2.842170943040401e-14,True,2,
0.7435900000000001,175,54.943686912613074,3.972876114391045,0.0143382589692783,7.044062424693984,3.1850793027110518,175.0,0.0,True,2,
0.7435900000000001,200,66.11913900093434,3.972876114391045,0.0143382589692783,8.47681269242748,3.0248427765699395,200.0,0.0,True,2,
0.7435900000000001,225,79.36886527416725,3.972876114391045,0.014338258969278303,10.17549554797016,2.834864769992275,225.0,0.0,True,2,
0.7435900000000001,250,96.61537726045708,3.972876114391045,0.014338258969278313,12.386586828263729,2.5875798148160882,250.00000000000003,-2.842170943040401e-14,True,2,
0.7435900000000001,275,134.77563006219117,3.972876114391045,0.014338258969278397,17.27892693105015,2.0404282278116854,275.00000000000006,-5.684341886080802e-14,True,2,
0.7435900000000001,300,,3.972876114391045,0.014338258969278303,1.0,,,,False,1,No solution exists for discriminant 
0.7435900000000001,325,,3.972876114391045,0.014338258969278303,1.0,,,,False,1,No solution exists for discriminant 
0.7435900000000001,350,,3.972876114391045,0.014338258969278303,1.0,,,,False,1,No solution exists for discriminant 
0.7435900000000001,375,,3.972876114391045,0.014338258969278303,1.0,,,,False,1,No solution exists for discriminant 
0.7435900000000001,400,,3.972876114391045,0.014338258969278303,1.0,,,,False,1,No solution exists for discriminant 
0.7435900000000001,425,,3.972876114391045,0.014338258969278303,1.0,,,,False,1,No solution exists for discriminant 
0.7435900000000001,450,,3.972876114391045,0.014338258969278303,1.0,,,,False,1,No solution exists for discriminant 
0.7435900000000001,475,,3.972876114391045,0.014338258969278303,1.0,,,,False,1,No solution exists for discriminant 
0.7435900000000001,500,,3.972876114391045,0.014338258969278303,1.0,,,,False,1,No solution exists for discriminant 
0.7435900000000001,525,,3.972876114391045,0.014338258969278303,1.0,,,,False,1,No solution exists for discriminant 
0.7435900000000001,550,,3.972876114391045,0.014338258969278303,1.0,,,,False,1,No solution exists for discriminant 
0.7435900000000001,575,,3.972876114391045,0.014338258969278303,1.0,,,,False,1,No solution exists for discriminant 
0.7435900000000001,600,,3.972876114391045,0.014338258969278303,1.0,,,,False,1,No solution exists for discriminant 
0.7435900000000001,625,,3.972876114391045,0.014338258969278303,1.0,,,,False,1,No solution exists for discriminant 
0.7435900000000001,650,,3.972876114391045,0.014338258969278303,1.0,,,,False,1,No solution exists for discriminant 
0.7435900000000001,675,,3.972876114391045,0.014338258969278303,1.0,,,,False,1,No solution exists for discriminant 
0.7435900000000001,700,,3.972876114391045,0.014338258969278303,1.0,,,,False,1,No solution exists for discriminant 
0.7435900000000001,725,,3.972876114391045,0.014338258969278303,1.0,,,,False,1,No solution exists for discriminant 
0.7435900000000001,750,,3.972876114391045,0.014338258969278303,1.0,,,,False,1,No solution exists for discriminant 
0.7435900000000001,775,,3.972876114391045,0.014338258969278303,1.0,,,,False,1,No solution exists for discriminant 
0.7435900000000001,800,,3.972876114391045,0.014338258969278303,1.0,,,,False,1,No solution exists for discriminant 
0.7435900000000001,825,,3.972876114391045,0.014338258969278303,1.0,,,,False,1,No solution exists for discriminant 
0.7435900000000001,850,,3.972876114391045,0.014338258969278303,1.0,,,,False,1,No solution exists for discriminant 
0.7435900000000001,875,,3.972876114391045,0.014338258969278303,1.0,,,,False,1,No solution exists for discriminant 
0.7435900000000001,900,,3.972876114391045,0.014338258969278303,1.0,,,,False,1,No solution exists for discriminant 
0.7435900000000001,925,,3.972876114391045,0.014338258969278303,1.0,,,,False,1,No solution exists for discriminant 
0.7435900000000001,950,,3.972876114391045,0.014338258969278303,1.0,,,,False,1,No solution exists for discriminant 
0.7435900000000001,975,,3.972876114391045,0.014338258969278303,1.0,,,,False,1,No solution exists for discriminant 
0.7435900000000001,1000,,3.972876114391045,0.014338258969278303,1.0,,,,False,1,No solution exists for discriminant 
0.7435900000000001,1025,,3.972876114391045,0.014338258969278303,1.0,,,,False,1,No solution exists for discriminant 
0.7435900000000001,1050,,3.972876114391045,0.014338258969278303,1.0,,,,False,1,No solution exists for discriminant 
0.7435900000000001,1075,,3.972876114391045,0.014338258969278303,1.0,,,,False,1,No solution exists for discriminant 
0.7435900000000001,1100,,3.972876114391045,0.014338258969278303,1.0,,,,False,1,No solution exists for discriminant 
0.7435900000000001,1125,,3.972876114391045,0.014338258969278303,1.0,,,,False,1,No solution exists for discriminant 
0.7435900000000001,1150,,3.972876114391045,0.014338258969278303,1.0,,,,False,1,No solution exists for discriminant 
0.7435900000000001,1175,,3.972876114391045,0.014338258969278303,1.0,,,,False,1,No solution exists for discriminant 
0.7435900000000001,1200,,3.972876114391045,0.014338258969278303,1.0,,,,False,1,No solution exists for discriminant 
0.7435900000000001,1225,,3.972876114391045,0.014338258969278303,1.0,,,,False,1,No solution exists for discriminant 
0.7435900000000001,1250,,3.972876114391045,0.014338258969278303,1.0,,,,False,1,No solution exists for discriminant 
0.7435900000000001,1275,,3.972876114391045,0.014338258969278303,1.0,,,,False,1,No solution exists for discriminant 
0.7435900000000001,1300,,3.972876114391045,0.014338258969278303,1.0,,,,False,1,No solution exists for discriminant 
0.7435900000000001,1325,,3.972876114391045,0.014338258969278303,1.0,,,,False,1,No solution exists for discriminant 
0.7435900000000001,1350,,3.972876114391045,0.014338258969278303,1.0,,,,False,1,No solution exists for discriminant 
0.7435900000000001,1375,,3.972876114391045,0.014338258969278303,1.0,,,,False,1,No solution exists for discriminant 
0.7435900000000001,1400,,3.972876114391045,0.014338258969278303,1.0,,,,False,1,No solution exists for discriminant 
0.7435900000000001,1425,,3.972876114391045,0.014338258969278303,1.0,,,,False,1,No solution exists for discriminant 
0.7435900000000001,1450,,3.972876114391045,0.014338258969278303,1.0,,,,False,1,No solution exists for discriminant 
0.7435900000000001,1475,,3.972876114391045,0.014338258969278303,1.0,,,,False,1,No solution exists for discriminant 
0.7435900000000001,1500,,3.972876114391045,0.014338258969278303,1.0,,,,False,1,No solution exists for discriminant 
0.7435900000000001,1525,,3.972876114391045,0.014338258969278303,1.0,,,,False,1,No solution exists for discriminant 
0.769231,-100,-23.08227238621502,4.003316858600892,0.014253892363981023,2.9592656905403874,4.134615384615385,-95.4363185199275,-4.563681480072503,False,2,
0.769231,-75,-17.628041036972277,4.003316858600892,0.014253892363981023,2.260005261150292,4.134615384615385,-72.88516967209692,-2.1148303279030785,False,2,
0.769231,-50,-11.97874326280455,4.003316858600892,0.014253892363981023,1.535736315744173,4.134615384615385,-49.52749618274959,-0.4725038172504128,True,2,
0.769231,-25,-6.111820757061236,4.003316858600892,0.014253892363981023,0.7835667637257995,4.0904340938199875,-24.999999999999964,-3.552713678800501e-14,True,2,
0.769231,0,0.0,4.003316858600892,0.014253892363981018,0.0,4.003316858600892,0.0,0.0,True,1,
0.769231,25,6.390215022215845,4.003316858600892,0.01425389236398102,0.8192583361815186,3.9122314214915326,25.00000000000004,-3.907985046680551e-14,True,2,
0.769231,50,13.100732707318961,4.003316858600892,0.014253892363981025,1.6795811163229437,3.816580424701481,49.999999999999986,1.4210854715202004e-14,True,2,
0.769231,75,20.185167099456205,4.003316858600892,0.014253892363981018,2.5878419358277185,3.715599659416272,75.00000000000001,-1.4210854715202004e-14,True,2,
0.769231,100,27.714001171826617,4.003316858600892,0.01425389236398102,3.553077073311105,3.608284468922431,100.00000000000003,-2.842170943040401e-14,True,2,
0.769231,125,35.78310919057623,4.003316858600892,0.014253892363981018,4.587578101355928,3.4932682717498382,124.99999999999999,1.4210854715202004e-14,True,2,
0.769231,150,44.52877147670244,4.003316858600892,0.014253892363981016,5.708816855987492,3.3686085428716668,150.00000000000003,-2.842170943040401e-14,True,2,
0.769231,175,54.15649555962287,4.003316858600892,0.014253892363981016,6.943140456361906,3.2313760000836114,175.0,0.0,True,2,
0.769231,200,65.00330165479946,4.003316858600892,0.014253892363981018,8.333756622410187,3.076766793509991,200.00000000000003,-2.842170943040401e-14,True,2,
0.769231,225,77.69841295779233,4.003316858600892,0.01425389236398102,9.96133499458876,2.8958120434483714,225.00000000000003,-2.842170943040401e-14,True,2,
0.769231,250,93.72550477865877,4.003316858600892,0.014253892363981032,12.016090356238305,2.6673636017260995,250.00000000000003,-2.842170943040401e-14,True,2,
0.769231,275,119.75765786665374,4.003316858600892,0.014253892363981075,15.353545880340224,2.2963040936071377,275.00000000000006,-5.684341886080802e-14,True,2,
0.769231,300,,4.003316858600892,0.014253892363981023,1.0,,,,False,1,No solution exists for discriminant 
0.769231,325,,4.003316858600892,0.014253892363981023,1.0,,,,False,1,No solution exists for discriminant 
0.769231,350,,4.003316858600892,0.014253892363981023,1.0,,,,False,1,No solution exists for discriminant 
0.769231,375,,4.003316858600892,0.014253892363981023,1.0,,,,False,1,No solution exists for discriminant 
0.769231,400,,4.003316858600892,0.014253892363981023,1.0,,,,False,1,No solution exists for discriminant 
0.769231,425,,4.003316858600892,0.014253892363981023,1.0,,,,False,1,No solution exists for discriminant 
0.769231,450,,4.003316858600892,0.014253892363981023,1.0,,,,False,1,No solution exists for discriminant 
0.769231,475,,4.003316858600892,0.014253892363981023,1.0,,,,False,1,No solution exists for discriminant 
0.769231,500,,4.003316858600892,0.014253892363981023,1.0,,,,False,1,No solution exists for discriminant 
0.769231,525,,4.003316858600892,0.014253892363981023,1.0,,,,False,1,No solution exists for discriminant 
0.769231,550,,4.003316858600892,0.014253892363981023,1.0,,,,False,1,No solution exists for discriminant 
0.769231,575,,4.003316858600892,0.014253892363981023,1.0,,,,False,1,No solution exists for discriminant 
0.769231,600,,4.003316858600892,0.014253892363981023,1.0,,,,False,1,No solution exists for discriminant 
0.769231,625,,4.003316858600892,0.014253892363981023,1.0,,,,False,1,No solution exists for discriminant 
0.769231,650,,4.003316858600892,0.014253892363981023,1.0,,,,False,1,No solution exists for discriminant 
0.769231,675,,4.003316858600892,0.014253892363981023,1.0,,,,False,1,No solution exists for discriminant 
0.769231,700,,4.003316858600892,0.014253892363981023,1.0,,,,False,1,No solution exists for discriminant 
0.769231,725,,4.003316858600892,0.014253892363981023,1.0,,,,False,1,No solution exists for discriminant 
0.769231,750,,4.003316858600892,0.014253892363981023,1.0,,,,False,1,No solution exists for discriminant 
0.769231,775,,4.003316858600892,0.014253892363981023,1.0,,,,False,1,No solution exists for discriminant 
0.769231,800,,4.003316858600892,0.014253892363981023,1.0,,,,False,1,No solution exists for discriminant 
0.769231,825,,4.003316858600892,0.014253892363981023,1.0,,,,False,1,No solution exists for discriminant 
0.769231,850,,4.003316858600892,0.014253892363981023,1.0,,,,False,1,No solution exists for discriminant 
0.769231,875,,4.003316858600892,0.014253892363981023,1.0,,,,False,1,No solution exists for discriminant 
0.769231,900,,4.003316858600892,0.014253892363981023,1.0,,,,False,1,No solution exists for discriminant 
0.769231,925,,4.003316858600892,0.014253892363981023,1.0,,,,False,1,No solution exists for discriminant 
0.769231,950,,4.003316858600892,0.014253892363981023,1.0,,,,False,1,No solution exists for discriminant 
0.769231,975,,4.003316858600892,0.014253892363981023,1.0,,,,False,1,No solution exists for discriminant 
0.769231,1000,,4.003316858600892,0.014253892363981023,1.0,,,,False,1,No solution exists for discriminant 
0.769231,1025,,4.003316858600892,0.014253892363981023,1.0,,,,False,1,No solution exists for discriminant 
0.769231,1050,,4.003316858600892,0.014253892363981023,1.0,,,,False,1,No solution exists for discriminant 
0.769231,1075,,4.003316858600892,0.014253892363981023,1.0,,,,False,1,No solution exists for discriminant 
0.769231,1100,,4.003316858600892,0.014253892363981023,1.0,,,,False,1,No solution exists for discriminant 
0.769231,1125,,4.003316858600892,0.014253892363981023,1.0,,,,False,1,No solution exists for discriminant 
0.769231,1150,,4.003316858600892,0.014253892363981023,1.0,,,,False,1,No solution exists for discriminant 
0.769231,1175,,4.003316858600892,0.014253892363981023,1.0,,,,False,1,No solution exists for discriminant 
0.769231,1200,,4.003316858600892,0.014253892363981023,1.0,,,,False,1,No solution exists for discriminant 
0.769231,1225,,4.003316858600892,0.014253892363981023,1.0,,,,False,1,No solution exists for discriminant 
0.769231,1250,,4.003316858600892,0.014253892363981023,1.0,,,,False,1,No solution exists for discriminant 
0.769231,1275,,4.003316858600892,0.014253892363981023,1.0,,,,False,1,No solution exists for discriminant 
0.769231,1300,,4.003316858600892,0.014253892363981023,1.0,,,,False,1,No solution exists for discriminant 
0.769231,1325,,4.003316858600892,0.014253892363981023,1.0,,,,False,1,No solution exists for discriminant 
0.769231,1350,,4.003316858600892,0.014253892363981023,1.0,,,,False,1,No solution exists for discriminant 
0.769231,1375,,4.003316858600892,0.014253892363981023,1.0,,,,False,1,No solution exists for discriminant 
0.769231,1400,,4.003316858600892,0.014253892363981023,1.0,,,,False,1,No solution exists for discriminant 
0.769231,1425,,4.003316858600892,0.014253892363981023,1.0,,,,False,1,No solution exists for discriminant 
0.769231,1450,,4.003316858600892,0.014253892363981023,1.0,,,,False,1,No solution exists for discriminant 
0.769231,1475,,4.003316858600892,0.014253892363981023,1.0,,,,False,1,No solution exists for discriminant 
0.769231,1500,,4.003316858600892,0.014253892363981023,1.0,,,,False,1,No solution exists for discriminant 
0.769231,1525,,4.003316858600892,0.014253892363981023,1.0,,,,False,1,No solution exists for discriminant 
0.794872,-100,-22.946883409509073,4.032666301036869,0.01417290382747256,2.9419081294242404,4.134615384615385,-94.87653717393175,-5.123462826068248,False,2,
0.794872,-75,-17.519405624007828,4.032666301036869,0.014172903827472565,2.2460776441035675,4.134615384615385,-72.43600402234006,-2.5639959776599426,False,2,
0.794872,-50,-11.90097165019065,4.032666301036869,0.014172903827472565,1.5257655961782886,4.134615384615385,-49.20594047674981,-0.7940595232501906,False,2,
0.794872,-25,-6.06988496948708,4.032666301036869,0.014172903827472563,0.7781903807034718,4.11869419695323,-25.00000000000007,7.105427357601002e-14,True,2,
0.794872,0,0.0,4.032666301036869,0.014172903827472562,0.0,4.032666301036869,0.0,0.0,True,1,
0.794872,25,6.3406706622941025,4.032666301036869,0.014172903827472563,0.8129064951659106,3.9428005855384978,24.99999999999996,3.907985046680551e-14,True,2,
0.794872,50,12.991965371349838,4.032666301036869,0.014172903827472562,1.6656365860704923,3.848532425298874,49.99999999999998,2.1316282072803006e-14,True,2,
0.794872,75,20.004569229019822,4.032666301036869,0.014172903827472565,2.564688362694849,3.749143465243954,74.99999999999996,4.263256414560601e-14,True,2,
0.794872,100,27.444662559807803,4.032666301036869,0.014172903827472565,3.5185464820266414,3.643695737999276,99.99999999999999,1.4210854715202004e-14,True,2,
0.794872,125,35.40149514672791,4.032666301036869,0.014172903827472565,4.538653223939476,3.5309243149735576,124.99999999999997,2.842170943040401e-14,True,2,
0.794872,150,44.000511431790514,4.032666301036869,0.014172903827472567,5.641091209203912,3.409051284154495,149.99999999999997,2.842170943040401e-14,True,2,
0.794872,175,53.4279937533449,4.032666301036869,0.01417290382747256,6.849742788890372,3.2754364838759074,174.99999999999997,2.842170943040401e-14,True,2,
0.794872,200,63.98268003697762,4.032666301036869,0.014172903827472563,8.202907697048413,3.1258459302488366,199.99999999999997,2.842170943040401e-14,True,2,
0.794872,225,76.20263983454352,4.032666301036869,0.014172903827472562,9.769569209556861,2.952653615262354,225.0,0.0,True,2,
0.794872,250,91.27128188499711,4.032666301036869,0.01417290382747257,11.70144639551245,2.7390872006706655,249.99999999999994,5.684341886080802e-14,True,2,
0.794872,275,113.34255481124859,4.032666301036869,0.014172903827472605,14.531096770672896,2.4262731721370003,274.99999999999994,5.684341886080802e-14,True,2,
0.794872,300,,4.032666301036869,0.014172903827472562,1.0,,,,False,1,No solution exists for discriminant 
0.794872,325,,4.032666301036869,0.014172903827472562,1.0,,,,False,1,No solution exists for discriminant 
0.794872,350,,4.032666301036869,0.014172903827472562,1.0,,,,False,1,No solution exists for discriminant 
0.794872,375,,4.032666301036869,0.014172903827472562,1.0,,,,False,1,No solution exists for discriminant 
0.794872,400,,4.032666301036869,0.014172903827472562,1.0,,,,False,1,No solution exists for discriminant 
0.794872,425,,4.032666301036869,0.014172903827472562,1.0,,,,False,1,No solution exists for discriminant 
0.794872,450,,4.032666301036869,0.014172903827472562,1.0,,,,False,1,No solution exists for discriminant 
0.794872,475,,4.032666301036869,0.014172903827472562,1.0,,,,False,1,No solution exists for discriminant 
0.794872,500,,4.032666301036869,0.014172903827472562,1.0,,,,False,1,No solution exists for discriminant 
0.794872,525,,4.032666301036869,0.014172903827472562,1.0,,,,False,1,No solution exists for discriminant 
0.794872,550,,4.032666301036869,0.014172903827472562,1.0,,,,False,1,No solution exists for discriminant 
0.794872,575,,4.032666301036869,0.014172903827472562,1.0,,,,False,1,No solution exists for discriminant 
0.794872,600,,4.032666301036869,0.014172903827472562,1.0,,,,False,1,No solution exists for discriminant 
0.794872,625,,4.032666301036869,0.014172903827472562,1.0,,,,False,1,No solution exists for discriminant 
0.794872,650,,4.032666301036869,0.014172903827472562,1.0,,,,False,1,No solution exists for discriminant 
0.794872,675,,4.032666301036869,0.014172903827472562,1.0,,,,False,1,No solution exists for discriminant 
0.794872,700,,4.032666301036869,0.014172903827472562,1.0,,,,False,1,No solution exists for discriminant 
0.794872,725,,4.032666301036869,0.014172903827472562,1.0,,,,False,1,No solution exists for discriminant 
0.794872,750,,4.032666301036869,0.014172903827472562,1.0,,,,False,1,No solution exists for discriminant 
0.794872,775,,4.032666301036869,0.014172903827472562,1.0,,,,False,1,No solution exists for discriminant 
0.794872,800,,4.032666301036869,0.014172903827472562,1.0,,,,False,1,No solution exists for discriminant 
0.794872,825,,4.032666301036869,0.014172903827472562,1.0,,,,False,1,No solution exists for discriminant 
0.794872,850,,4.032666301036869,0.014172903827472562,1.0,,,,False,1,No solution exists for discriminant 
0.794872,875,,4.032666301036869,0.014172903827472562,1.0,,,,False,1,No solution exists for discriminant 
0.794872,900,,4.032666301036869,0.014172903827472562,1.0,,,,False,1,No solution exists for discriminant 
0.794872,925,,4.032666301036869,0.014172903827472562,1.0,,,,False,1,No solution exists for discriminant 
0.794872,950,,4.032666301036869,0.014172903827472562,1.0,,,,False,1,No solution exists for discriminant 
0.794872,975,,4.032666301036869,0.014172903827472562,1.0,,,,False,1,No solution exists for discriminant 
0.794872,1000,,4.032666301036869,0.014172903827472562,1.0,,,,False,1,No solution exists for discriminant 
0.794872,1025,,4.032666301036869,0.014172903827472562,1.0,,,,False,1,No solution exists for discriminant 
0.794872,1050,,4.032666301036869,0.014172903827472562,1.0,,,,False,1,No solution exists for discriminant 
0.794872,1075,,4.032666301036869,0.014172903827472562,1.0,,,,False,1,No solution exists for discriminant 
0.794872,1100,,4.032666301036869,0.014172903827472562,1.0,,,,False,1,No solution exists for discriminant 
0.794872,1125,,4.032666301036869,0.014172903827472562,1.0,,,,False,1,No solution exists for discriminant 
0.794872,1150,,4.032666301036869,0.014172903827472562,1.0,,,,False,1,No solution exists for discriminant 
0.794872,1175,,4.032666301036869,0.014172903827472562,1.0,,,,False,1,No solution exists for discriminant 
0.794872,1200,,4.032666301036869,0.014172903827472562,1.0,,,,False,1,No solution exists for discriminant 
0.794872,1225,,4.032666301036869,0.014172903827472562,1.0,,,,False,1,No solution exists for discriminant 
0.794872,1250,,4.032666301036869,0.014172903827472562,1.0,,,,False,1,No solution exists for discriminant 
0.794872,1275,,4.032666301036869,0.014172903827472562,1.0,,,,False,1,No solution exists for discriminant 
0.794872,1300,,4.032666301036869,0.014172903827472562,1.0,,,,False,1,No solution exists for discriminant 
0.794872,1325,,4.032666301036869,0.014172903827472562,1.0,,,,False,1,No solution exists for discriminant 
0.794872,1350,,4.032666301036869,0.014172903827472562,1.0,,,,False,1,No solution exists for discriminant 
0.794872,1375,,4.032666301036869,0.014172903827472562,1.0,,,,False,1,No solution exists for discriminant 
0.794872,1400,,4.032666301036869,0.014172903827472562,1.0,,,,False,1,No solution exists for discriminant 
0.794872,1425,,4.032666301036869,0.014172903827472562,1.0,,,,False,1,No solution exists for discriminant 
0.794872,1450,,4.032666301036869,0.014172903827472562,1.0,,,,False,1,No solution exists for discriminant 
0.794872,1475,,4.032666301036869,0.014172903827472562,1.0,,,,False,1,No solution exists for discriminant 
0.794872,1500,,4.032666301036869,0.014172903827472562,1.0,,,,False,1,No solution exists for discriminant 
0.794872,1525,,4.032666301036869,0.014172903827472562,1.0,,,,False,1,No solution exists for discriminant 
0.820513,-100,-22.851632998305558,4.054239414807349,0.014082821167268472,2.9296965382443023,4.134615384615385,-94.48271335837876,-5.51728664162124,False,2,
0.820513,-75,-17.44235923294732,4.054239414807349,0.014082821167268472,2.236199901659913,4.134615384615385,-72.11744682853221,-2.8825531714677908,False,2,
0.820513,-50,-11.845377777761152,4.054239414807349,0.014082821167268467,1.5186381766360453,4.134615384615385,-48.97608119651246,-1.0239188034875397,False,2,
0.820513,-25,-6.0396757104869145,4.054239414807349,0.014082821167268467,0.7743173987803736,4.134615384615385,-24.971736110667052,-0.028263889332947656,True,2,
0.820513,0,0.0,4.054239414807349,0.014082821167268469,0.0,4.054239414807349,0.0,0.0,True,1,
0.820513,25,6.304446748783488,4.054239414807349,0.014082821167268469,0.8082624036901908,3.965455018685664,25.0,0.0,True,2,
0.820513,50,12.911876716974778,4.054239414807349,0.014082821167268472,1.6553688098685613,3.872403764068376,49.99999999999995,4.973799150320701e-14,True,2,
0.820513,75,19.87068638444883,4.054239414807349,0.014082821167268474,2.5475238954421577,3.77440409198428,74.99999999999999,1.4210854715202004e-14,True,2,
0.820513,100,27.243717575856277,4.054239414807349,0.014082821167268472,3.4927843045969587,3.6705710122549964,100.00000000000001,-1.4210854715202004e-14,True,2,
0.820513,125,35.115127833261035,4.054239414807349,0.014082821167268476,4.501939465802697,3.5597193492657624,125.00000000000003,-2.842170943040401e-14,True,2,
0.820513,150,43.60213759382406,4.054239414807349,0.014082821167268474,5.590017640233854,3.4401983085628913,150.0,0.0,True,2,
0.820513,175,52.87669915686011,4.054239414807349,0.01408282116726847,6.7790639944692455,3.3095863166658326,175.0,0.0,True,2,
0.820513,200,63.209778487051246,4.054239414807349,0.014082821167268467,8.10381775475016,3.1640674083515528,199.99999999999997,2.842170943040401e-14,True,2,
0.820513,225,75.07621460502372,4.054239414807349,0.014082821167268467,9.625155718592785,2.9969545106093314,225.0,0.0,True,2,
0.820513,250,89.46902607767811,4.054239414807349,0.014082821167268477,11.470387958676682,2.794263120545729,250.00000000000003,-2.842170943040401e-14,True,2,
0.820513,275,109.41488787839555,4.054239414807349,0.014082821167268512,14.02754972799943,2.5133691157791693,274.99999999999994,5.684341886080802e-14,True,2,
0.820513,300,,4.054239414807349,0.014082821167268467,1.0,,,,False,1,No solution exists for discriminant 
0.820513,325,,4.054239414807349,0.014082821167268467,1.0,,,,False,1,No solution exists for discriminant 
0.820513,350,,4.054239414807349,0.014082821167268467,1.0,,,,False,1,No solution exists for discriminant 
0.820513,375,,4.054239414807349,0.014082821167268467,1.0,,,,False,1,No solution exists for discriminant 
0.820513,400,,4.054239414807349,0.014082821167268467,1.0,,,,False,1,No solution exists for discriminant 
0.820513,425,,4.054239414807349,0.014082821167268467,1.0,,,,False,1,No solution exists for discriminant 
0.820513,450,,4.054239414807349,0.014082821167268467,1.0,,,,False,1,No solution exists for discriminant 
0.820513,475,,4.054239414807349,0.014082821167268467,1.0,,,,False,1,No solution exists for discriminant 
0.820513,500,,4.054239414807349,0.014082821167268467,1.0,,,,False,1,No solution exists for discriminant 
0.820513,525,,4.054239414807349,0.014082821167268467,1.0,,,,False,1,No solution exists for discriminant 
0.820513,550,,4.054239414807349,0.014082821167268467,1.0,,,,False,1,No solution exists for discriminant 
0.820513,575,,4.054239414807349,0.014082821167268467,1.0,,,,False,1,No solution exists for discriminant 
0.820513,600,,4.054239414807349,0.014082821167268467,1.0,,,,False,1,No solution exists for discriminant 
0.820513,625,,4.054239414807349,0.014082821167268467,1.0,,,,False,1,No solution exists for discriminant 
0.820513,650,,4.054239414807349,0.014082821167268467,1.0,,,,False,1,No solution exists for discriminant 
0.820513,675,,4.054239414807349,0.014082821167268467,1.0,,,,False,1,No solution exists for discriminant 
0.820513,700,,4.054239414807349,0.014082821167268467,1.0,,,,False,1,No solution exists for discriminant 
0.820513,725,,4.054239414807349,0.014082821167268467,1.0,,,,False,1,No solution exists for discriminant 
0.820513,750,,4.054239414807349,0.014082821167268467,1.0,,,,False,1,No solution exists for discriminant 
0.820513,775,,4.054239414807349,0.014082821167268467,1.0,,,,False,1,No solution exists for discriminant 
0.820513,800,,4.054239414807349,0.014082821167268467,1.0,,,,False,1,No solution exists for discriminant 
0.820513,825,,4.054239414807349,0.014082821167268467,1.0,,,,False,1,No solution exists for discriminant 
0.820513,850,,4.054239414807349,0.014082821167268467,1.0,,,,False,1,No solution exists for discriminant 
0.820513,875,,4.054239414807349,0.014082821167268467,1.0,,,,False,1,No solution exists for discriminant 
0.820513,900,,4.054239414807349,0.014082821167268467,1.0,,,,False,1,No solution exists for discriminant 
0.820513,925,,4.054239414807349,0.014082821167268467,1.0,,,,False,1,No solution exists for discriminant 
0.820513,950,,4.054239414807349,0.014082821167268467,1.0,,,,False,1,No solution exists for discriminant 
0.820513,975,,4.054239414807349,0.014082821167268467,1.0,,,,False,1,No solution exists for discriminant 
0.820513,1000,,4.054239414807349,0.014082821167268467,1.0,,,,False,1,No solution exists for discriminant 
0.820513,1025,,4.054239414807349,0.014082821167268467,1.0,,,,False,1,No solution exists for discriminant 
0.820513,1050,,4.054239414807349,0.014082821167268467,1.0,,,,False,1,No solution exists for discriminant 
0.820513,1075,,4.054239414807349,0.014082821167268467,1.0,,,,False,1,No solution exists for discriminant 
0.820513,1100,,4.054239414807349,0.014082821167268467,1.0,,,,False,1,No solution exists for discriminant 
0.820513,1125,,4.054239414807349,0.014082821167268467,1.0,,,,False,1,No solution exists for discriminant 
0.820513,1150,,4.054239414807349,0.014082821167268467,1.0,,,,False,1,No solution exists for discriminant 
0.820513,1175,,4.054239414807349,0.014082821167268467,1.0,,,,False,1,No solution exists for discriminant 
0.820513,1200,,4.054239414807349,0.014082821167268467,1.0,,,,False,1,No solution exists for discriminant 
0.820513,1225,,4.054239414807349,0.014082821167268467,1.0,,,,False,1,No solution exists for discriminant 
0.820513,1250,,4.054239414807349,0.014082821167268467,1.0,,,,False,1,No solution exists for discriminant 
0.820513,1275,,4.054239414807349,0.014082821167268467,1.0,,,,False,1,No solution exists for discriminant 
0.820513,1300,,4.054239414807349,0.014082821167268467,1.0,,,,False,1,No solution exists for discriminant 
0.820513,1325,,4.054239414807349,0.014082821167268467,1.0,,,,False,1,No solution exists for discriminant 
0.820513,1350,,4.054239414807349,0.014082821167268467,1.0,,,,False,1,No solution exists for discriminant 
0.820513,1375,,4.054239414807349,0.014082821167268467,1.0,,,,False,1,No solution exists for discriminant 
0.820513,1400,,4.054239414807349,0.014082821167268467,1.0,,,,False,1,No solution exists for discriminant 
0.820513,1425,,4.054239414807349,0.014082821167268467,1.0,,,,False,1,No solution exists for discriminant 
0.820513,1450,,4.054239414807349,0.014082821167268467,1.0,,,,False,1,No solution exists for discriminant 
0.820513,1475,,4.054239414807349,0.014082821167268467,1.0,,,,False,1,No solution exists for discriminant 
0.820513,1500,,4.054239414807349,0.014082821167268467,1.0,,,,False,1,No solution exists for discriminant 
0.820513,1525,,4.054239414807349,0.014082821167268467,1.0,,,,False,1,No solution exists for discriminant 
0.8461540000000001,-100,-22.797460468553084,4.067993989738147,0.013969077790369754,2.9227513421221905,4.134615384615385,-94.25873078344064,-5.74126921655936,False,2,
0.8461540000000001,-75,-17.397283004819613,4.067993989738147,0.013969077790369757,2.2304208980537967,4.134615384615385,-71.93107396223495,-3.0689260377650527,False,2,
0.8461540000000001,-50,-11.811964199015033,4.067993989738147,0.013969077790369757,1.514354384489107,4.134615384615385,-48.8379288997737,-1.1620711002262993,False,2,
0.8461540000000001,-25,-6.021046036281138,4.067993989738147,0.013969077790369756,0.7719289790104024,4.134615384615385,-24.89470957308548,-0.10529042691452162,True,2,
0.8461540000000001,0,0.0,4.067993989738147,0.013969077790369757,0.0,4.067993989738147,0.0,0.0,True,1,
0.8461540000000001,25,6.28100598419593,4.067993989738147,0.013969077790369752,0.8052571774610167,3.980254128543136,24.999999999999993,7.105427357601002e-15,True,2,
0.8461540000000001,50,12.858866939301958,4.067993989738147,0.013969077790369759,1.6485726845258921,3.888367477167024,50.0,0.0,True,2,
0.8461540000000001,75,19.78013034679893,4.067993989738147,0.013969077790369757,2.5359141470255038,3.791683810220059,74.99999999999999,1.4210854715202004e-14,True,2,
0.8461540000000001,100,27.104951460109337,4.067993989738147,0.013969077790369757,3.4749937769370947,3.6893628142876835,100.00000000000004,-4.263256414560601e-14,True,2,
0.8461540000000001,125,34.9134139509024,4.067993989738147,0.013969077790369759,4.4760787116541545,3.5802857943306106,125.00000000000003,-2.842170943040401e-14,True,2,
0.8461540000000001,150,43.31621545400484,4.067993989738147,0.013969077790369756,5.553360955641646,3.462906406476737,150.0,0.0,True,2,
0.8461540000000001,175,52.47408758873746,4.067993989738147,0.013969077790369754,6.727447126761213,3.334979378232397,175.0,0.0,True,2,
0.8461540000000001,200,62.63667784204457,4.067993989738147,0.013969077790369752,8.030343313082637,3.193017364432297,200.0,0.0,True,2,
0.8461540000000001,225,74.23186673648993,4.067993989738147,0.013969077790369754,9.516905991857683,3.031043268771758,225.0,0.0,True,2,
0.8461540000000001,250,88.12008474692156,4.067993989738147,0.013969077790369763,11.297446762425842,2.8370376710144236,249.99999999999997,2.842170943040401e-14,True,2,
0.8461540000000001,275,106.68294322063207,4.067993989738147,0.013969077790369806,13.677300412901548,2.5777316569835325,275.0,0.0,True,2,
0.8461540000000001,300,,4.067993989738147,0.013969077790369754,1.0,,,,False,1,No solution exists for discriminant 
0.8461540000000001,325,,4.067993989738147,0.013969077790369754,1.0,,,,False,1,No solution exists for discriminant 
0.8461540000000001,350,,4.067993989738147,0.013969077790369754,1.0,,,,False,1,No solution exists for discriminant 
0.8461540000000001,375,,4.067993989738147,0.013969077790369754,1.0,,,,False,1,No solution exists for discriminant 
0.8461540000000001,400,,4.067993989738147,0.013969077790369754,1.0,,,,False,1,No solution exists for discriminant 
0.8461540000000001,425,,4.067993989738147,0.013969077790369754,1.0,,,,False,1,No solution exists for discriminant 
0.8461540000000001,450,,4.067993989738147,0.013969077790369754,1.0,,,,False,1,No solution exists for discriminant 
0.8461540000000001,475,,4.067993989738147,0.013969077790369754,1.0,,,,False,1,No solution exists for discriminant 
0.8461540000000001,500,,4.067993989738147,0.013969077790369754,1.0,,,,False,1,No solution exists for discriminant 
0.8461540000000001,525,,4.067993989738147,0.013969077790369754,1.0,,,,False,1,No solution exists for discriminant 
0.8461540000000001,550,,4.067993989738147,0.013969077790369754,1.0,,,,False,1,No solution exists for discriminant 
0.8461540000000001,575,,4.067993989738147,0.013969077790369754,1.0,,,,False,1,No solution exists for discriminant 
0.8461540000000001,600,,4.067993989738147,0.013969077790369754,1.0,,,,False,1,No solution exists for discriminant 
0.8461540000000001,625,,4.067993989738147,0.013969077790369754,1.0,,,,False,1,No solution exists for discriminant 
0.8461540000000001,650,,4.067993989738147,0.013969077790369754,1.0,,,,False,1,No solution exists for discriminant 
0.8461540000000001,675,,4.067993989738147,0.013969077790369754,1.0,,,,False,1,No solution exists for discriminant 
0.8461540000000001,700,,4.067993989738147,0.013969077790369754,1.0,,,,False,1,No solution exists for discriminant 
0.8461540000000001,725,,4.067993989738147,0.013969077790369754,1.0,,,,False,1,No solution exists for discriminant 
0.8461540000000001,750,,4.067993989738147,0.013969077790369754,1.0,,,,False,1,No solution exists for discriminant 
0.8461540000000001,775,,4.067993989738147,0.013969077790369754,1.0,,,,False,1,No solution exists for discriminant 
0.8461540000000001,800,,4.067993989738147,0.013969077790369754,1.0,,,,False,1,No solution exists for discriminant 
0.8461540000000001,825,,4.067993989738147,0.013969077790369754,1.0,,,,False,1,No solution exists for discriminant 
0.8461540000000001,850,,4.067993989738147,0.013969077790369754,1.0,,,,False,1,No solution exists for discriminant 
0.8461540000000001,875,,4.067993989738147,0.013969077790369754,1.0,,,,False,1,No solution exists for discriminant 
0.8461540000000001,900,,4.067993989738147,0.013969077790369754,1.0,,,,False,1,No solution exists for discriminant 
0.8461540000000001,925,,4.067993989738147,0.013969077790369754,1.0,,,,False,1,No solution exists for discriminant 
0.8461540000000001,950,,4.067993989738147,0.013969077790369754,1.0,,,,False,1,No solution exists for discriminant 
0.8461540000000001,975,,4.067993989738147,0.013969077790369754,1.0,,,,False,1,No solution exists for discriminant 
0.8461540000000001,1000,,4.067993989738147,0.013969077790369754,1.0,,,,False,1,No solution exists for discriminant 
0.8461540000000001,1025,,4.067993989738147,0.013969077790369754,1.0,,,,False,1,No solution exists for discriminant 
0.8461540000000001,1050,,4.067993989738147,0.013969077790369754,1.0,,,,False,1,No solution exists for discriminant 
0.8461540000000001,1075,,4.067993989738147,0.013969077790369754,1.0,,,,False,1,No solution exists for discriminant 
0.8461540000000001,1100,,4.067993989738147,0.013969077790369754,1.0,,,,False,1,No solution exists for discriminant 
0.8461540000000001,1125,,4.067993989738147,0.013969077790369754,1.0,,,,False,1,No solution exists for discriminant 
0.8461540000000001,1150,,4.067993989738147,0.013969077790369754,1.0,,,,False,1,No solution exists for discriminant 
0.8461540000000001,1175,,4.067993989738147,0.013969077790369754,1.0,,,,False,1,No solution exists for discriminant 
0.8461540000000001,1200,,4.067993989738147,0.013969077790369754,1.0,,,,False,1,No solution exists for discriminant 
0.8461540000000001,1225,,4.067993989738147,0.013969077790369754,1.0,,,,False,1,No solution exists for discriminant 
0.8461540000000001,1250,,4.067993989738147,0.013969077790369754,1.0,,,,False,1,No solution exists for discriminant 
0.8461540000000001,1275,,4.067993989738147,0.013969077790369754,1.0,,,,False,1,No solution exists for discriminant 
0.8461540000000001,1300,,4.067993989738147,0.013969077790369754,1.0,,,,False,1,No solution exists for discriminant 
0.8461540000000001,1325,,4.067993989738147,0.013969077790369754,1.0,,,,False,1,No solution exists for discriminant 
0.8461540000000001,1350,,4.067993989738147,0.013969077790369754,1.0,,,,False,1,No solution exists for discriminant 
0.8461540000000001,1375,,4.067993989738147,0.013969077790369754,1.0,,,,False,1,No solution exists for discriminant 
0.8461540000000001,1400,,4.067993989738147,0.013969077790369754,1.0,,,,False,1,No solution exists for discriminant 
0.8461540000000001,1425,,4.067993989738147,0.013969077790369754,1.0,,,,False,1,No solution exists for discriminant 
0.8461540000000001,1450,,4.067993989738147,0.013969077790369754,1.0,,,,False,1,No solution exists for discriminant 
0.8461540000000001,1475,,4.067993989738147,0.013969077790369754,1.0,,,,False,1,No solution exists for discriminant 
0.8461540000000001,1500,,4.067993989738147,0.013969077790369754,1.0,,,,False,1,No solution exists for discriminant 
0.8461540000000001,1525,,4.067993989738147,0.013969077790369754,1.0,,,,False,1,No solution exists for discriminant 
0.8717950000000001,-100,-22.7707168061543,4.076858932141213,0.013822416910209362,2.91932266745568,4.134615384615385,-94.14815602544567,-5.851843974554328,False,2,
0.8717950000000001,-75,-17.373182635479182,4.076858932141213,0.013822416910209367,2.2273311071127155,4.134615384615385,-71.83142820438509,-3.168571795614909,False,2,
0.8717950000000001,-50,-11.792830126489001,4.076858932141213,0.013822416910209367,1.5119012982678206,4.134615384615385,-48.75881686913722,-1.2411831308627796,False,2,
0.8717950000000001,-25,-6.0097197117453485,4.076858932141213,0.013822416910209367,0.7704768861211986,4.134615384615385,-24.847879577408655,-0.15212042259134506,True,2,
0.8717950000000001,0,0.0,4.076858932141213,0.013822416910209365,0.0,4.076858932141213,0.0,0.0,True,1,
0.8717950000000001,25,6.265259183377689,4.076858932141213,0.013822416910209369,0.8032383568432935,3.9902579076580484,25.000000000000032,-3.197442310920451e-14,True,2,
0.8717950000000001,50,12.821723574602261,4.076858932141213,0.013822416910209367,1.6438107146925975,3.8996317233856006,50.0,0.0,True,2,
0.8717950000000001,75,19.71421856573483,4.076858932141213,0.013822416910209365,2.5274639186839525,3.8043607840666365,75.0,0.0,True,2,
0.8717950000000001,100,27.000405579619816,4.076858932141213,0.013822416910209365,3.4615904589256177,3.7036480694749647,100.0,0.0,True,2,
0.8717950000000001,125,34.75660580998383,4.076858932141213,0.01382241691020937,4.455975103844081,3.596438636251811,125.00000000000001,-1.4210854715202004e-14,True,2,
0.8717950000000001,150,43.087537822029816,4.076858932141213,0.013822416910209365,5.524043310516643,3.4812850207307022,149.99999999999997,2.842170943040401e-14,True,2,
0.8717950000000001,175,52.14376257609762,4.076858932141213,0.013822416910209362,6.685097766166362,3.356106106547419,175.0,0.0,True,2,
0.8717950000000001,200,62.15593387160989,4.076858932141213,0.013822416910209365,7.968709470719217,3.217713700724417,200.0,0.0,True,2,
0.8717950000000001,225,73.51125789825042,4.076858932141213,0.013822416910209365,9.42452024336544,3.0607556778776743,225.0,0.0,True,2,
0.8717950000000001,250,86.9612188491462,4.076858932141213,0.013822416910209369,11.148874211429002,2.8748447101883565,249.99999999999997,2.842170943040401e-14,True,2,
0.8717950000000001,275,104.42639966551748,4.076858932141213,0.013822416910209398,13.387999957117627,2.633433699532279,275.0,0.0,True,2,
0.8717950000000001,300,140.81466121473667,4.076858932141213,0.013822416910209545,18.05316169419701,2.130459977761208,299.99999999999994,5.684341886080802e-14,True,2,
0.8717950000000001,325,,4.076858932141213,0.013822416910209365,1.0,,,,False,1,No solution exists for discriminant 
0.8717950000000001,350,,4.076858932141213,0.013822416910209365,1.0,,,,False,1,No solution exists for discriminant 
0.8717950000000001,375,,4.076858932141213,0.013822416910209365,1.0,,,,False,1,No solution exists for discriminant 
0.8717950000000001,400,,4.076858932141213,0.013822416910209365,1.0,,,,False,1,No solution exists for discriminant 
0.8717950000000001,425,,4.076858932141213,0.013822416910209365,1.0,,,,False,1,No solution exists for discriminant 
0.8717950000000001,450,,4.076858932141213,0.013822416910209365,1.0,,,,False,1,No solution exists for discriminant 
0.8717950000000001,475,,4.076858932141213,0.013822416910209365,1.0,,,,False,1,No solution exists for discriminant 
0.8717950000000001,500,,4.076858932141213,0.013822416910209365,1.0,,,,False,1,No solution exists for discriminant 
0.8717950000000001,525,,4.076858932141213,0.013822416910209365,1.0,,,,False,1,No solution exists for discriminant 
0.8717950000000001,550,,4.076858932141213,0.013822416910209365,1.0,,,,False,1,No solution exists for discriminant 
0.8717950000000001,575,,4.076858932141213,0.013822416910209365,1.0,,,,False,1,No solution exists for discriminant 
0.8717950000000001,600,,4.076858932141213,0.013822416910209365,1.0,,,,False,1,No solution exists for discriminant 
0.8717950000000001,625,,4.076858932141213,0.013822416910209365,1.0,,,,False,1,No solution exists for discriminant 
0.8717950000000001,650,,4.076858932141213,0.013822416910209365,1.0,,,,False,1,No solution exists for discriminant 
0.8717950000000001,675,,4.076858932141213,0.013822416910209365,1.0,,,,False,1,No solution exists for discriminant 
0.8717950000000001,700,,4.076858932141213,0.013822416910209365,1.0,,,,False,1,No solution exists for discriminant 
0.8717950000000001,725,,4.076858932141213,0.013822416910209365,1.0,,,,False,1,No solution exists for discriminant 
0.8717950000000001,750,,4.076858932141213,0.013822416910209365,1.0,,,,False,1,No solution exists for discriminant 
0.8717950000000001,775,,4.076858932141213,0.013822416910209365,1.0,,,,False,1,No solution exists for discriminant 
0.8717950000000001,800,,4.076858932141213,0.013822416910209365,1.0,,,,False,1,No solution exists for discriminant 
0.8717950000000001,825,,4.076858932141213,0.013822416910209365,1.0,,,,False,1,No solution exists for discriminant 
0.8717950000000001,850,,4.076858932141213,0.013822416910209365,1.0,,,,False,1,No solution exists for discriminant 
0.8717950000000001,875,,4.076858932141213,0.013822416910209365,1.0,,,,False,1,No solution exists for discriminant 
0.8717950000000001,900,,4.076858932141213,0.013822416910209365,1.0,,,,False,1,No solution exists for discriminant 
0.8717950000000001,925,,4.076858932141213,0.013822416910209365,1.0,,,,False,1,No solution exists for discriminant 
0.8717950000000001,950,,4.076858932141213,0.013822416910209365,1.0,,,,False,1,No solution exists for discriminant 
0.8717950000000001,975,,4.076858932141213,0.013822416910209365,1.0,,,,False,1,No solution exists for discriminant 
0.8717950000000001,1000,,4.076858932141213,0.013822416910209365,1.0,,,,False,1,No solution exists for discriminant 
0.8717950000000001,1025,,4.076858932141213,0.013822416910209365,1.0,,,,False,1,No solution exists for discriminant 
0.8717950000000001,1050,,4.076858932141213,0.013822416910209365,1.0,,,,False,1,No solution exists for discriminant 
0.8717950000000001,1075,,4.076858932141213,0.013822416910209365,1.0,,,,False,1,No solution exists for discriminant 
0.8717950000000001,1100,,4.076858932141213,0.013822416910209365,1.0,,,,False,1,No solution exists for discriminant 
0.8717950000000001,1125,,4.076858932141213,0.013822416910209365,1.0,,,,False,1,No solution exists for discriminant 
0.8717950000000001,1150,,4.076858932141213,0.013822416910209365,1.0,,,,False,1,No solution exists for discriminant 
0.8717950000000001,1175,,4.076858932141213,0.013822416910209365,1.0,,,,False,1,No solution exists for discriminant 
0.8717950000000001,1200,,4.076858932141213,0.013822416910209365,1.0,,,,False,1,No solution exists for discriminant 
0.8717950000000001,1225,,4.076858932141213,0.013822416910209365,1.0,,,,False,1,No solution exists for discriminant 
0.8717950000000001,1250,,4.076858932141213,0.013822416910209365,1.0,,,,False,1,No solution exists for discriminant 
0.8717950000000001,1275,,4.076858932141213,0.013822416910209365,1.0,,,,False,1,No solution exists for discriminant 
0.8717950000000001,1300,,4.076858932141213,0.013822416910209365,1.0,,,,False,1,No solution exists for discriminant 
0.8717950000000001,1325,,4.076858932141213,0.013822416910209365,1.0,,,,False,1,No solution exists for discriminant 
0.8717950000000001,1350,,4.076858932141213,0.013822416910209365,1.0,,,,False,1,No solution exists for discriminant 
0.8717950000000001,1375,,4.076858932141213,0.013822416910209365,1.0,,,,False,1,No solution exists for discriminant 
0.8717950000000001,1400,,4.076858932141213,0.013822416910209365,1.0,,,,False,1,No solution exists for discriminant 
0.8717950000000001,1425,,4.076858932141213,0.013822416910209365,1.0,,,,False,1,No solution exists for discriminant 
0.8717950000000001,1450,,4.076858932141213,0.013822416910209365,1.0,,,,False,1,No solution exists for discriminant 
0.8717950000000001,1475,,4.076858932141213,0.013822416910209365,1.0,,,,False,1,No solution exists for discriminant 
0.8717950000000001,1500,,4.076858932141213,0.013822416910209365,1.0,,,,False,1,No solution exists for discriminant 
0.8717950000000001,1525,,4.076858932141213,0.013822416910209365,1.0,,,,False,1,No solution exists for discriminant 
0.897436,-100,-22.754272876240623,4.083672151690497,0.013672457202864354,2.9172144713129007,4.134615384615385,-94.08016669984104,-5.919833300158956,False,2,
0.897436,-75,-17.357145559743714,4.083672151690497,0.013672457202864351,2.2252750717620144,4.134615384615385,-71.76512106432497,-3.2348789356750274,False,2,
0.897436,-50,-11.779327485040946,4.083672151690497,0.013672457202864356,1.510170190389865,4.134615384615385,-48.70298864007315,-1.2970113599268487,False,2,
0.897436,-25,-6.0013556863660815,4.083672151690497,0.013672457202864353,0.7694045751751387,4.134615384615385,-24.813297549398225,-0.18670245060177493,True,2,
0.897436,0,0.0,4.083672151690497,0.013672457202864353,0.0,4.083672151690497,0.0,0.0,True,1,
0.897436,25,6.252844412571257,4.083672151690497,0.013672457202864358,0.8016467195604176,3.9981804040634463,25.00000000000001,-1.0658141036401503e-14,True,2,
0.897436,50,12.79172199948608,4.083672151690497,0.013672457202864356,1.6399643589084718,3.9087778801015847,50.00000000000001,-7.105427357601002e-15,True,2,
0.897436,75,19.65989382535563,4.083672151690497,0.013672457202864353,2.520499208378927,3.8148730947504648,74.99999999999999,1.4210854715202004e-14,True,2,
0.897436,100,26.912767892880826,4.083672151690497,0.013672457202864351,3.4503548580616443,3.7157084844644617,100.00000000000004,-4.263256414560601e-14,True,2,
0.897436,125,34.62328890659693,4.083672151690497,0.013672457202864351,4.438883193153453,3.610286715892642,124.99999999999999,1.4210854715202004e-14,True,2,
0.897436,150,42.89085843819253,4.083672151690497,0.013672457202864353,5.498828004896478,3.497248725300196,149.99999999999997,2.842170943040401e-14,True,2,
0.897436,175,51.857105156851794,4.083672151690497,0.013672457202864351,6.648346814980999,3.374658100769004,175.0,0.0,True,2,
0.897436,200,61.73629759419832,4.083672151690497,0.01367245720286435,7.914909947974143,3.239585264970523,200.0,0.0,True,2,
0.897436,225,72.88150828447398,4.083672151690497,0.013672457202864351,9.3437831133941,3.0872028487908225,225.0,0.0,True,2,
0.897436,250,85.95710969201353,4.083672151690497,0.013672457202864353,11.020142268206863,2.908427248144525,250.0,0.0,True,2,
0.897436,275,102.55457343373253,4.083672151690497,0.01367245720286437,13.148022235093915,2.6814991354597772,275.0,0.0,True,2,
0.897436,300,130.35718507969162,4.083672151690497,0.013672457202864445,16.71245962560149,2.3013691176025333,300.0,0.0,True,2,
0.897436,325,,4.083672151690497,0.013672457202864353,1.0,,,,False,1,No solution exists for discriminant 
0.897436,350,,4.083672151690497,0.013672457202864353,1.0,,,,False,1,No solution exists for discriminant 
0.897436,375,,4.083672151690497,0.013672457202864353,1.0,,,,False,1,No solution exists for discriminant 
0.897436,400,,4.083672151690497,0.013672457202864353,1.0,,,,False,1,No solution exists for discriminant 
0.897436,425,,4.083672151690497,0.013672457202864353,1.0,,,,False,1,No solution exists for discriminant 
0.897436,450,,4.083672151690497,0.013672457202864353,1.0,,,,False,1,No solution exists for discriminant 
0.897436,475,,4.083672151690497,0.013672457202864353,1.0,,,,False,1,No solution exists for discriminant 
0.897436,500,,4.083672151690497,0.013672457202864353,1.0,,,,False,1,No solution exists for discriminant 
0.897436,525,,4.083672151690497,0.013672457202864353,1.0,,,,False,1,No solution exists for discriminant 
0.897436,550,,4.083672151690497,0.013672457202864353,1.0,,,,False,1,No solution exists for discriminant 
0.897436,575,,4.083672151690497,0.013672457202864353,1.0,,,,False,1,No solution exists for discriminant 
0.897436,600,,4.083672151690497,0.013672457202864353,1.0,,,,False,1,No solution exists for discriminant 
0.897436,625,,4.083672151690497,0.013672457202864353,1.0,,,,False,1,No solution exists for discriminant 
0.897436,650,,4.083672151690497,0.013672457202864353,1.0,,,,False,1,No solution exists for discriminant 
0.897436,675,,4.083672151690497,0.013672457202864353,1.0,,,,False,1,No solution exists for discriminant 
0.897436,700,,4.083672151690497,0.013672457202864353,1.0,,,,False,1,No solution exists for discriminant 
0.897436,725,,4.083672151690497,0.013672457202864353,1.0,,,,False,1,No solution exists for discriminant 
0.897436,750,,4.083672151690497,0.013672457202864353,1.0,,,,False,1,No solution exists for discriminant 
0.897436,775,,4.083672151690497,0.013672457202864353,1.0,,,,False,1,No solution exists for discriminant 
0.897436,800,,4.083672151690497,0.013672457202864353,1.0,,,,False,1,No solution exists for discriminant 
0.897436,825,,4.083672151690497,0.013672457202864353,1.0,,,,False,1,No solution exists for discriminant 
0.897436,850,,4.083672151690497,0.013672457202864353,1.0,,,,False,1,No solution exists for discriminant 
0.897436,875,,4.083672151690497,0.013672457202864353,1.0,,,,False,1,No solution exists for discriminant 
0.897436,900,,4.083672151690497,0.013672457202864353,1.0,,,,False,1,No solution exists for discriminant 
0.897436,925,,4.083672151690497,0.013672457202864353,1.0,,,,False,1,No solution exists for discriminant 
0.897436,950,,4.083672151690497,0.013672457202864353,1.0,,,,False,1,No solution exists for discriminant 
0.897436,975,,4.083672151690497,0.013672457202864353,1.0,,,,False,1,No solution exists for discriminant 
0.897436,1000,,4.083672151690497,0.013672457202864353,1.0,,,,False,1,No solution exists for discriminant 
0.897436,1025,,4.083672151690497,0.013672457202864353,1.0,,,,False,1,No solution exists for discriminant 
0.897436,1050,,4.083672151690497,0.013672457202864353,1.0,,,,False,1,No solution exists for discriminant 
0.897436,1075,,4.083672151690497,0.013672457202864353,1.0,,,,False,1,No solution exists for discriminant 
0.897436,1100,,4.083672151690497,0.013672457202864353,1.0,,,,False,1,No solution exists for discriminant 
0.897436,1125,,4.083672151690497,0.013672457202864353,1.0,,,,False,1,No solution exists for discriminant 
0.897436,1150,,4.083672151690497,0.013672457202864353,1.0,,,,False,1,No solution exists for discriminant 
0.897436,1175,,4.083672151690497,0.013672457202864353,1.0,,,,False,1,No solution exists for discriminant 
0.897436,1200,,4.083672151690497,0.013672457202864353,1.0,,,,False,1,No solution exists for discriminant 
0.897436,1225,,4.083672151690497,0.013672457202864353,1.0,,,,False,1,No solution exists for discriminant 
0.897436,1250,,4.083672151690497,0.013672457202864353,1.0,,,,False,1,No solution exists for discriminant 
0.897436,1275,,4.083672151690497,0.013672457202864353,1.0,,,,False,1,No solution exists for discriminant 
0.897436,1300,,4.083672151690497,0.013672457202864353,1.0,,,,False,1,No solution exists for discriminant 
0.897436,1325,,4.083672151690497,0.013672457202864353,1.0,,,,False,1,No solution exists for discriminant 
0.897436,1350,,4.083672151690497,0.013672457202864353,1.0,,,,False,1,No solution exists for discriminant 
0.897436,1375,,4.083672151690497,0.013672457202864353,1.0,,,,False,1,No solution exists for discriminant 
0.897436,1400,,4.083672151690497,0.013672457202864353,1.0,,,,False,1,No solution exists for discriminant 
0.897436,1425,,4.083672151690497,0.013672457202864353,1.0,,,,False,1,No solution exists for discriminant 
0.897436,1450,,4.083672151690497,0.013672457202864353,1.0,,,,False,1,No solution exists for discriminant 
0.897436,1475,,4.083672151690497,0.013672457202864353,1.0,,,,False,1,No solution exists for discriminant 
0.897436,1500,,4.083672151690497,0.013672457202864353,1.0,,,,False,1,No solution exists for discriminant 
0.897436,1525,,4.083672151690497,0.013672457202864353,1.0,,,,False,1,No solution exists for discriminant 
0.923077,-100,-22.726801828835196,4.091702217757163,0.013569394954552023,2.9136925421583584,4.134615384615385,-93.96658448460707,-6.033415515392932,False,2,
0.923077,-75,-17.333401773241107,4.091702217757163,0.013569394954552024,2.222230996569373,4.134615384615385,-71.66694963936227,-3.3330503606377277,False,2,
0.923077,-50,-11.761126118857081,4.091702217757163,0.013569394954552024,1.5078366819047542,4.134615384615385,-48.627732991428324,-1.3722670085716757,False,2,
0.923077,-25,-5.990900850793888,4.091702217757163,0.01356939495455203,0.7680642116402421,4.134615384615385,-24.770070825397806,-0.2299291746021943,True,2,
0.923077,0,0.0,4.091702217757163,0.013569394954552026,0.0,4.091702217757163,0.0,0.0,True,1,
0.923077,25,6.2390153488107325,4.091702217757163,0.013569394954552026,0.7998737626680427,4.007042554361638,25.00000000000002,-2.1316282072803006e-14,True,2,
0.923077,50,12.759790683057073,4.091702217757163,0.01356939495455203,1.6358706003919326,3.9185595784413483,49.999999999999964,3.552713678800501e-14,True,2,
0.923077,75,19.604341713557098,4.091702217757163,0.013569394954552026,2.5133771427637304,3.8256831622219076,74.99999999999997,2.842170943040401e-14,True,2,
0.923077,100,26.826296705511925,4.091702217757163,0.013569394954552028,3.439268808398965,3.727685602592074,100.0,0.0,True,2,
0.923077,125,34.49595807509913,4.091702217757163,0.013569394954552026,4.422558727576812,3.6236129383004747,124.99999999999996,4.263256414560601e-14,True,2,
0.923077,150,42.70861217311913,4.091702217757163,0.013569394954552023,5.475463099117837,3.5121721912193213,150.0,0.0,True,2,
0.923077,175,51.599068793352835,4.091702217757163,0.013569394954552028,6.61526522991703,3.391534074013058,174.99999999999997,2.842170943040401e-14,True,2,
0.923077,200,61.36931319070827,4.091702217757163,0.013569394954552026,7.867860665475419,3.2589577689828433,200.0,0.0,True,2,
0.923077,225,72.34748513258077,4.091702217757163,0.013569394954552023,9.275318606741125,3.109990618024594,225.0,0.0,True,2,
0.923077,250,85.1369510023079,4.091702217757163,0.013569394954552031,10.914993718244602,2.936445304380503,249.99999999999997,2.842170943040401e-14,True,2,
0.923077,275,101.11820936471942,4.091702217757163,0.013569394954552037,12.96387299547685,2.719589297790203,275.00000000000006,-5.684341886080802e-14,True,2,
0.923077,300,125.8121340872971,4.091702217757163,0.01356939495455205,16.129760780422703,2.384507680251568,300.00000000000006,-5.684341886080802e-14,True,2,
0.923077,325,,4.091702217757163,0.013569394954552028,1.0,,,,False,1,No solution exists for discriminant 
0.923077,350,,4.091702217757163,0.013569394954552028,1.0,,,,False,1,No solution exists for discriminant 
0.923077,375,,4.091702217757163,0.013569394954552028,1.0,,,,False,1,No solution exists for discriminant 
0.923077,400,,4.091702217757163,0.013569394954552028,1.0,,,,False,1,No solution exists for discriminant 
0.923077,425,,4.091702217757163,0.013569394954552028,1.0,,,,False,1,No solution exists for discriminant 
0.923077,450,,4.091702217757163,0.013569394954552028,1.0,,,,False,1,No solution exists for discriminant 
0.923077,475,,4.091702217757163,0.013569394954552028,1.0,,,,False,1,No solution exists for discriminant 
0.923077,500,,4.091702217757163,0.013569394954552028,1.0,,,,False,1,No solution exists for discriminant 
0.923077,525,,4.091702217757163,0.013569394954552028,1.0,,,,False,1,No solution exists for discriminant 
0.923077,550,,4.091702217757163,0.013569394954552028,1.0,,,,False,1,No solution exists for discriminant 
0.923077,575,,4.091702217757163,0.013569394954552028,1.0,,,,False,1,No solution exists for discriminant 
0.923077,600,,4.091702217757163,0.013569394954552028,1.0,,,,False,1,No solution exists for discriminant 
0.923077,625,,4.091702217757163,0.013569394954552028,1.0,,,,False,1,No solution exists for discriminant 
0.923077,650,,4.091702217757163,0.013569394954552028,1.0,,,,False,1,No solution exists for discriminant 
0.923077,675,,4.091702217757163,0.013569394954552028,1.0,,,,False,1,No solution exists for discriminant 
0.923077,700,,4.091702217757163,0.013569394954552028,1.0,,,,False,1,No solution exists for discriminant 
0.923077,725,,4.091702217757163,0.013569394954552028,1.0,,,,False,1,No solution exists for discriminant 
0.923077,750,,4.091702217757163,0.013569394954552028,1.0,,,,False,1,No solution exists for discriminant 
0.923077,775,,4.091702217757163,0.013569394954552028,1.0,,,,False,1,No solution exists for discriminant 
0.923077,800,,4.091702217757163,0.013569394954552028,1.0,,,,False,1,No solution exists for discriminant 
0.923077,825,,4.091702217757163,0.013569394954552028,1.0,,,,False,1,No solution exists for discriminant 
0.923077,850,,4.091702217757163,0.013569394954552028,1.0,,,,False,1,No solution exists for discriminant 
0.923077,875,,4.091702217757163,0.013569394954552028,1.0,,,,False,1,No solution exists for discriminant 
0.923077,900,,4.091702217757163,0.013569394954552028,1.0,,,,False,1,No solution exists for discriminant 
0.923077,925,,4.091702217757163,0.013569394954552028,1.0,,,,False,1,No solution exists for discriminant 
0.923077,950,,4.091702217757163,0.013569394954552028,1.0,,,,False,1,No solution exists for discriminant 
0.923077,975,,4.091702217757163,0.013569394954552028,1.0,,,,False,1,No solution exists for discriminant 
0.923077,1000,,4.091702217757163,0.013569394954552028,1.0,,,,False,1,No solution exists for discriminant 
0.923077,1025,,4.091702217757163,0.013569394954552028,1.0,,,,False,1,No solution exists for discriminant 
0.923077,1050,,4.091702217757163,0.013569394954552028,1.0,,,,False,1,No solution exists for discriminant 
0.923077,1075,,4.091702217757163,0.013569394954552028,1.0,,,,False,1,No solution exists for discriminant 
0.923077,1100,,4.091702217757163,0.013569394954552028,1.0,,,,False,1,No solution exists for discriminant 
0.923077,1125,,4.091702217757163,0.013569394954552028,1.0,,,,False,1,No solution exists for discriminant 
0.923077,1150,,4.091702217757163,0.013569394954552028,1.0,,,,False,1,No solution exists for discriminant 
0.923077,1175,,4.091702217757163,0.013569394954552028,1.0,,,,False,1,No solution exists for discriminant 
0.923077,1200,,4.091702217757163,0.013569394954552028,1.0,,,,False,1,No solution exists for discriminant 
0.923077,1225,,4.091702217757163,0.013569394954552028,1.0,,,,False,1,No solution exists for discriminant 
0.923077,1250,,4.091702217757163,0.013569394954552028,1.0,,,,False,1,No solution exists for discriminant 
0.923077,1275,,4.091702217757163,0.013569394954552028,1.0,,,,False,1,No solution exists for discriminant 
0.923077,1300,,4.091702217757163,0.013569394954552028,1.0,,,,False,1,No solution exists for discriminant 
0.923077,1325,,4.091702217757163,0.013569394954552028,1.0,,,,False,1,No solution exists for discriminant 
0.923077,1350,,4.091702217757163,0.013569394954552028,1.0,,,,False,1,No solution exists for discriminant 
0.923077,1375,,4.091702217757163,0.013569394954552028,1.0,,,,False,1,No solution exists for discriminant 
0.923077,1400,,4.091702217757163,0.013569394954552028,1.0,,,,False,1,No solution exists for discriminant 
0.923077,1425,,4.091702217757163,0.013569394954552028,1.0,,,,False,1,No solution exists for discriminant 
0.923077,1450,,4.091702217757163,0.013569394954552028,1.0,,,,False,1,No solution exists for discriminant 
0.923077,1475,,4.091702217757163,0.013569394954552028,1.0,,,,False,1,No solution exists for discriminant 
0.923077,1500,,4.091702217757163,0.013569394954552028,1.0,,,,False,1,No solution exists for discriminant 
0.923077,1525,,4.091702217757163,0.013569394954552028,1.0,,,,False,1,No solution exists for discriminant 
0.9487180000000001,-100,-22.651738405269423,4.106768017979938,0.013592960702771509,2.9040690263165927,4.134615384615385,-93.65622609871012,-6.343773901289879,False,2,
0.9487180000000001,-75,-17.27480217998672,4.106768017979938,0.013592960702771509,2.214718228203426,4.134615384615385,-71.42466285956048,-3.5753371404395153,False,2,
0.9487180000000001,-50,-11.720355108866086,4.106768017979938,0.013592960702771509,1.5026096293418059,4.134615384615385,-48.459160546273246,-1.540839453726754,False,2,
0.9487180000000001,-25,-5.969561866179055,4.106768017979938,0.013592960702771516,0.7653284443819302,4.134615384615385,-24.68184233131725,-0.3181576686827512,False,2,
0.9487180000000001,0,0.0,4.106768017979938,0.01359296070277151,0.0,4.106768017979938,0.0,0.0,True,1,
0.9487180000000001,25,6.215376231873698,4.106768017979938,0.013592960702771509,0.7968431066504741,4.022282653107139,24.99999999999999,1.0658141036401503e-14,True,2,
0.9487180000000001,50,12.709691882005973,4.106768017979938,0.01359296070277151,1.629447677180253,3.9340056756834967,49.999999999999964,3.552713678800501e-14,True,2,
0.9487180000000001,75,19.524255975497606,4.106768017979938,0.013592960702771514,2.5031097404484113,3.8413755737541475,74.99999999999996,4.263256414560601e-14,True,2,
0.9487180000000001,100,26.711707383410516,4.106768017979938,0.013592960702771512,3.424577869668015,3.7436768292133076,99.99999999999997,2.842170943040401e-14,True,2,
0.9487180000000001,125,34.34091057632128,4.106768017979938,0.01359296070277151,4.402680843118112,3.6399733700186125,124.99999999999997,2.842170943040401e-14,True,2,
0.9487180000000001,150,42.50496205422901,4.106768017979938,0.013592960702771514,5.44935410951654,3.528999739104009,149.99999999999997,2.842170943040401e-14,True,2,
0.9487180000000001,175,51.335129656654544,4.106768017979938,0.01359296070277151,6.5814268790582755,3.408971617885353,175.0,0.0,True,2,
0.9487180000000001,200,61.02718795825033,4.106768017979938,0.013592960702771514,7.82399845618594,3.2772278502627907,200.0,0.0,True,2,
0.9487180000000001,225,71.8970657514609,4.106768017979938,0.013592960702771512,9.217572532238577,3.1294740285757507,224.99999999999997,2.842170943040401e-14,True,2,
0.9487180000000001,250,84.51947729887245,4.106768017979938,0.013592960702771516,10.835830422932364,2.9578980844375757,249.99999999999997,2.842170943040401e-14,True,2,
0.9487180000000001,275,100.18243917261968,4.106768017979938,0.013592960702771509,12.843902458028165,2.744992059198722,275.0,0.0,True,2,
0.9487180000000001,300,123.68396295109363,4.106768017979938,0.013592960702771502,15.856918327063287,2.425536770022676,300.0,0.0,True,2,
0.9487180000000001,325,,4.106768017979938,0.01359296070277151,1.0,,,,False,1,No solution exists for discriminant 
0.9487180000000001,350,,4.106768017979938,0.01359296070277151,1.0,,,,False,1,No solution exists for discriminant 
0.9487180000000001,375,,4.106768017979938,0.01359296070277151,1.0,,,,False,1,No solution exists for discriminant 
0.9487180000000001,400,,4.106768017979938,0.01359296070277151,1.0,,,,False,1,No solution exists for discriminant 
0.9487180000000001,425,,4.106768017979938,0.01359296070277151,1.0,,,,False,1,No solution exists for discriminant 
0.9487180000000001,450,,4.106768017979938,0.01359296070277151,1.0,,,,False,1,No solution exists for discriminant 
0.9487180000000001,475,,4.106768017979938,0.01359296070277151,1.0,,,,False,1,No solution exists for discriminant 
0.9487180000000001,500,,4.106768017979938,0.01359296070277151,1.0,,,,False,1,No solution exists for discriminant 
0.9487180000000001,525,,4.106768017979938,0.01359296070277151,1.0,,,,False,1,No solution exists for discriminant 
0.9487180000000001,550,,4.106768017979938,0.01359296070277151,1.0,,,,False,1,No solution exists for discriminant 
0.9487180000000001,575,,4.106768017979938,0.01359296070277151,1.0,,,,False,1,No solution exists for discriminant 
0.9487180000000001,600,,4.106768017979938,0.01359296070277151,1.0,,,,False,1,No solution exists for discriminant 
0.9487180000000001,625,,4.106768017979938,0.01359296070277151,1.0,,,,False,1,No solution exists for discriminant 
0.9487180000000001,650,,4.106768017979938,0.01359296070277151,1.0,,,,False,1,No solution exists for discriminant 
0.9487180000000001,675,,4.106768017979938,0.01359296070277151,1.0,,,,False,1,No solution exists for discriminant 
0.9487180000000001,700,,4.106768017979938,0.01359296070277151,1.0,,,,False,1,No solution exists for discriminant 
0.9487180000000001,725,,4.106768017979938,0.01359296070277151,1.0,,,,False,1,No solution exists for discriminant 
0.9487180000000001,750,,4.106768017979938,0.01359296070277151,1.0,,,,False,1,No solution exists for discriminant 
0.9487180000000001,775,,4.106768017979938,0.01359296070277151,1.0,,,,False,1,No solution exists for discriminant 
0.9487180000000001,800,,4.106768017979938,0.01359296070277151,1.0,,,,False,1,No solution exists for discriminant 
0.9487180000000001,825,,4.106768017979938,0.01359296070277151,1.0,,,,False,1,No solution exists for discriminant 
0.9487180000000001,850,,4.106768017979938,0.01359296070277151,1.0,,,,False,1,No solution exists for discriminant 
0.9487180000000001,875,,4.106768017979938,0.01359296070277151,1.0,,,,False,1,No solution exists for discriminant 
0.9487180000000001,900,,4.106768017979938,0.01359296070277151,1.0,,,,False,1,No solution exists for discriminant 
0.9487180000000001,925,,4.106768017979938,0.01359296070277151,1.0,,,,False,1,No solution exists for discriminant 
0.9487180000000001,950,,4.106768017979938,0.01359296070277151,1.0,,,,False,1,No solution exists for discriminant 
0.9487180000000001,975,,4.106768017979938,0.01359296070277151,1.0,,,,False,1,No solution exists for discriminant 
0.9487180000000001,1000,,4.106768017979938,0.01359296070277151,1.0,,,,False,1,No solution exists for discriminant 
0.9487180000000001,1025,,4.106768017979938,0.01359296070277151,1.0,,,,False,1,No solution exists for discriminant 
0.9487180000000001,1050,,4.106768017979938,0.01359296070277151,1.0,,,,False,1,No solution exists for discriminant 
0.9487180000000001,1075,,4.106768017979938,0.01359296070277151,1.0,,,,False,1,No solution exists for discriminant 
0.9487180000000001,1100,,4.106768017979938,0.01359296070277151,1.0,,,,False,1,No solution exists for discriminant 
0.9487180000000001,1125,,4.106768017979938,0.01359296070277151,1.0,,,,False,1,No solution exists for discriminant 
0.9487180000000001,1150,,4.106768017979938,0.01359296070277151,1.0,,,,False,1,No solution exists for discriminant 
0.9487180000000001,1175,,4.106768017979938,0.01359296070277151,1.0,,,,False,1,No solution exists for discriminant 
0.9487180000000001,1200,,4.106768017979938,0.01359296070277151,1.0,,,,False,1,No solution exists for discriminant 
0.9487180000000001,1225,,4.106768017979938,0.01359296070277151,1.0,,,,False,1,No solution exists for discriminant 
0.9487180000000001,1250,,4.106768017979938,0.01359296070277151,1.0,,,,False,1,No solution exists for discriminant 
0.9487180000000001,1275,,4.106768017979938,0.01359296070277151,1.0,,,,False,1,No solution exists for discriminant 
0.9487180000000001,1300,,4.106768017979938,0.01359296070277151,1.0,,,,False,1,No solution exists for discriminant 
0.9487180000000001,1325,,4.106768017979938,0.01359296070277151,1.0,,,,False,1,No solution exists for discriminant 
0.9487180000000001,1350,,4.106768017979938,0.01359296070277151,1.0,,,,False,1,No solution exists for discriminant 
0.9487180000000001,1375,,4.106768017979938,0.01359296070277151,1.0,,,,False,1,No solution exists for discriminant 
0.9487180000000001,1400,,4.106768017979938,0.01359296070277151,1.0,,,,False,1,No solution exists for discriminant 
0.9487180000000001,1425,,4.106768017979938,0.01359296070277151,1.0,,,,False,1,No solution exists for discriminant 
0.9487180000000001,1450,,4.106768017979938,0.01359296070277151,1.0,,,,False,1,No solution exists for discriminant 
0.9487180000000001,1475,,4.106768017979938,0.01359296070277151,1.0,,,,False,1,No solution exists for discriminant 
0.9487180000000001,1500,,4.106768017979938,0.01359296070277151,1.0,,,,False,1,No solution exists for discriminant 
0.9487180000000001,1525,,4.106768017979938,0.01359296070277151,1.0,,,,False,1,No solution exists for discriminant 
0.9743590000000001,-100,-22.4889312385448,4.135546759843622,0.01383281310461545,2.883196312633949,4.134615384615385,-92.98308108244485,-7.016918917555145,False,2,
0.9743590000000001,-75,-17.151481875876648,4.135546759843622,0.013832813104615451,2.1989079328046985,4.134615384615385,-70.91478083295154,-4.085219167048464,False,2,
0.9743590000000001,-50,-11.637315423827147,4.135546759843622,0.01383281310461545,1.4919635158752753,4.134615384615385,-48.11582338697763,-1.884176613022369,False,2,
0.9743590000000001,-25,-5.927622605760741,4.135546759843622,0.01383281310461545,0.7599516161231719,4.134615384615385,-24.508439619972297,-0.4915603800277033,False,2,
0.9743590000000001,0,0.0,4.135546759843622,0.013832813104615453,0.0,4.135546759843622,0.0,0.0,True,1,
0.9743590000000001,25,6.1725919174473765,4.135546759843622,0.013832813104615456,0.791357938134279,4.050162449478513,24.99999999999994,6.039613253960852e-14,True,2,
0.9743590000000001,50,12.62329460668089,4.135546759843622,0.013832813104615446,1.618371103420627,3.9609310847849057,49.999999999999986,1.4210854715202004e-14,True,2,
0.9743590000000001,75,19.393473159868783,4.135546759843622,0.01383281310461545,2.4863427128036903,3.8672804701737817,74.99999999999997,2.842170943040401e-14,True,2,
0.9743590000000001,100,26.535892726421405,4.135546759843622,0.013832813104615448,3.4020375290283855,3.7684807151949107,99.99999999999997,2.842170943040401e-14,True,2,
0.9743590000000001,125,34.11967146589761,4.135546759843622,0.013832813104615453,4.374316854602258,3.66357572126498,125.0,0.0,True,2,
0.9743590000000001,150,42.23840020880282,4.135546759843622,0.013832813104615456,5.41517951394908,3.5512708639173027,149.99999999999997,2.842170943040401e-14,True,2,
0.9743590000000001,175,51.02432295417955,4.135546759843622,0.013832813104615456,6.541579865920456,3.4297368366289165,175.0,0.0,True,2,
0.9743590000000001,200,60.675239306643064,4.135546759843622,0.013832813104615455,7.7788768341850085,3.2962375144370117,200.0,0.0,True,2,
0.9743590000000001,225,71.51168384026776,4.135546759843622,0.013832813104615456,9.168164594906123,3.146339002484849,224.99999999999997,2.842170943040401e-14,True,2,
0.9743590000000001,250,84.12066611150937,4.135546759843622,0.013832813104615456,10.784700783526842,2.9719213072873543,249.99999999999994,5.684341886080802e-14,True,2,
0.9743590000000001,275,99.8347918120457,4.135546759843622,0.013832813104615444,12.799332283595602,2.754550743369402,274.99999999999994,5.684341886080802e-14,True,2,
0.9743590000000001,300,123.83815585885297,4.135546759843622,0.013832813104615423,15.876686648570894,2.422516694627874,299.99999999999994,5.684341886080802e-14,True,2,
0.9743590000000001,325,,4.135546759843622,0.013832813104615453,1.0,,,,False,1,No solution exists for discriminant 
0.9743590000000001,350,,4.135546759843622,0.013832813104615453,1.0,,,,False,1,No solution exists for discriminant 
0.9743590000000001,375,,4.135546759843622,0.013832813104615453,1.0,,,,False,1,No solution exists for discriminant 
0.9743590000000001,400,,4.135546759843622,0.013832813104615453,1.0,,,,False,1,No solution exists for discriminant 
0.9743590000000001,425,,4.135546759843622,0.013832813104615453,1.0,,,,False,1,No solution exists for discriminant 
0.9743590000000001,450,,4.135546759843622,0.013832813104615453,1.0,,,,False,1,No solution exists for discriminant 
0.9743590000000001,475,,4.135546759843622,0.013832813104615453,1.0,,,,False,1,No solution exists for discriminant 
0.9743590000000001,500,,4.135546759843622,0.013832813104615453,1.0,,,,False,1,No solution exists for discriminant 
0.9743590000000001,525,,4.135546759843622,0.013832813104615453,1.0,,,,False,1,No solution exists for discriminant 
0.9743590000000001,550,,4.135546759843622,0.013832813104615453,1.0,,,,False,1,No solution exists for discriminant 
0.9743590000000001,575,,4.135546759843622,0.013832813104615453,1.0,,,,False,1,No solution exists for discriminant 
0.9743590000000001,600,,4.135546759843622,0.013832813104615453,1.0,,,,False,1,No solution exists for discriminant 
0.9743590000000001,625,,4.135546759843622,0.013832813104615453,1.0,,,,False,1,No solution exists for discriminant 
0.9743590000000001,650,,4.135546759843622,0.013832813104615453,1.0,,,,False,1,No solution exists for discriminant 
0.9743590000000001,675,,4.135546759843622,0.013832813104615453,1.0,,,,False,1,No solution exists for discriminant 
0.9743590000000001,700,,4.135546759843622,0.013832813104615453,1.0,,,,False,1,No solution exists for discriminant 
0.9743590000000001,725,,4.135546759843622,0.013832813104615453,1.0,,,,False,1,No solution exists for discriminant 
0.9743590000000001,750,,4.135546759843622,0.013832813104615453,1.0,,,,False,1,No solution exists for discriminant 
0.9743590000000001,775,,4.135546759843622,0.013832813104615453,1.0,,,,False,1,No solution exists for discriminant 
0.9743590000000001,800,,4.135546759843622,0.013832813104615453,1.0,,,,False,1,No solution exists for discriminant 
0.9743590000000001,825,,4.135546759843622,0.013832813104615453,1.0,,,,False,1,No solution exists for discriminant 
0.9743590000000001,850,,4.135546759843622,0.013832813104615453,1.0,,,,False,1,No solution exists for discriminant 
0.9743590000000001,875,,4.135546759843622,0.013832813104615453,1.0,,,,False,1,No solution exists for discriminant 
0.9743590000000001,900,,4.135546759843622,0.013832813104615453,1.0,,,,False,1,No solution exists for discriminant 
0.9743590000000001,925,,4.135546759843622,0.013832813104615453,1.0,,,,False,1,No solution exists for discriminant 
0.9743590000000001,950,,4.135546759843622,0.013832813104615453,1.0,,,,False,1,No solution exists for discriminant 
0.9743590000000001,975,,4.135546759843622,0.013832813104615453,1.0,,,,False,1,No solution exists for discriminant 
0.9743590000000001,1000,,4.135546759843622,0.013832813104615453,1.0,,,,False,1,No solution exists for discriminant 
0.9743590000000001,1025,,4.135546759843622,0.013832813104615453,1.0,,,,False,1,No solution exists for discriminant 
0.9743590000000001,1050,,4.135546759843622,0.013832813104615453,1.0,,,,False,1,No solution exists for discriminant 
0.9743590000000001,1075,,4.135546759843622,0.013832813104615453,1.0,,,,False,1,No solution exists for discriminant 
0.9743590000000001,1100,,4.135546759843622,0.013832813104615453,1.0,,,,False,1,No solution exists for discriminant 
0.9743590000000001,1125,,4.135546759843622,0.013832813104615453,1.0,,,,False,1,No solution exists for discriminant 
0.9743590000000001,1150,,4.135546759843622,0.013832813104615453,1.0,,,,False,1,No solution exists for discriminant 
0.9743590000000001,1175,,4.135546759843622,0.013832813104615453,1.0,,,,False,1,No solution exists for discriminant 
0.9743590000000001,1200,,4.135546759843622,0.013832813104615453,1.0,,,,False,1,No solution exists for discriminant 
0.9743590000000001,1225,,4.135546759843622,0.013832813104615453,1.0,,,,False,1,No solution exists for discriminant 
0.9743590000000001,1250,,4.135546759843622,0.013832813104615453,1.0,,,,False,1,No solution exists for discriminant 
0.9743590000000001,1275,,4.135546759843622,0.013832813104615453,1.0,,,,False,1,No solution exists for discriminant 
0.9743590000000001,1300,,4.135546759843622,0.013832813104615453,1.0,,,,False,1,No solution exists for discriminant 
0.9743590000000001,1325,,4.135546759843622,0.013832813104615453,1.0,,,,False,1,No solution exists for discriminant 
0.9743590000000001,1350,,4.135546759843622,0.013832813104615453,1.0,,,,False,1,No solution exists for discriminant 
0.9743590000000001,1375,,4.135546759843622,0.013832813104615453,1.0,,,,False,1,No solution exists for discriminant 
0.9743590000000001,1400,,4.135546759843622,0.013832813104615453,1.0,,,,False,1,No solution exists for discriminant 
0.9743590000000001,1425,,4.135546759843622,0.013832813104615453,1.0,,,,False,1,No solution exists for discriminant 
0.9743590000000001,1450,,4.135546759843622,0.013832813104615453,1.0,,,,False,1,No solution exists for discriminant 
0.9743590000000001,1475,,4.135546759843622,0.013832813104615453,1.0,,,,False,1,No solution exists for discriminant 
0.9743590000000001,1500,,4.135546759843622,0.013832813104615453,1.0,,,,False,1,No solution exists for discriminant 
0.9743590000000001,1525,,4.135546759843622,0.013832813104615453,1.0,,,,False,1,No solution exists for discriminant 
1.0,-100,-22.20268287533323,4.18471629757626,0.014378618298005762,2.8464978045299016,4.134615384615385,-91.79955419608933,-8.200445803910668,False,2,
1.0,-75,-16.936739137948425,4.18471629757626,0.01437861829800576,2.1713768125574906,4.134615384615385,-70.02690220497907,-4.973097795020934,False,2,
1.0,-50,-11.494284001045685,4.18471629757626,0.014378618298005763,1.473626153980216,4.134615384615385,-47.52444346586197,-2.475556534138029,False,2,
1.0,-25,-5.856280074819508,4.18471629757626,0.01437861829800576,0.7508051377973728,4.134615384615385,-24.213465693965276,-0.7865343060347243,False,2,
1.0,0,0.0,4.18471629757626,0.014378618298005765,0.0,4.18471629757626,0.0,0.0,True,1,
1.0,25,6.102059970202011,4.18471629757626,0.014378618298005767,0.7823153807951296,4.096977106433185,25.0,0.0,True,2,
1.0,50,12.483715891994068,4.18471629757626,0.014378618298005765,1.600476396409496,4.005217711824529,49.99999999999999,7.105427357601002e-15,True,2,
1.0,75,19.187332201847454,4.18471629757626,0.014378618298005765,2.4599143848522376,3.9088289716888616,74.99999999999996,4.263256414560601e-14,True,2,
1.0,100,26.267192676549893,4.18471629757626,0.014378618298005765,3.3675888046858837,3.807030360319977,100.0,0.0,True,2,
1.0,125,33.794801360757056,4.18471629757626,0.014378618298005763,4.332666841122699,3.698793748353009,124.99999999999996,4.263256414560601e-14,True,2,
1.0,150,41.86766489365502,4.18471629757626,0.014378618298005763,5.367649345340387,3.5827171250415786,149.99999999999994,5.684341886080802e-14,True,2,
1.0,175,50.62484003407013,4.18471629757626,0.014378618298005765,6.490364106932068,3.456801046328765,174.99999999999997,2.842170943040401e-14,True,2,
1.0,200,60.27697149819409,4.18471629757626,0.014378618298005762,7.727816858742832,3.3180167322439553,199.99999999999997,2.842170943040401e-14,True,2,
1.0,225,71.17181069279839,4.18471629757626,0.014378618298005765,9.124591114461332,3.1613639980465873,224.99999999999997,2.842170943040401e-14,True,2,
1.0,250,83.96573335955,4.18471629757626,0.014378618298005765,10.764837610198718,2.9774050674871617,250.0,0.0,True,2,
1.0,275,100.24093942014322,4.18471629757626,0.014378618298005776,12.851402489761952,2.7433900918205003,274.99999999999994,5.684341886080802e-14,True,2,
1.0,300,127.87262429457137,4.18471629757626,0.01437861829800581,16.393926191611715,2.3460846420803145,300.0,0.0,True,2,
1.0,325,,4.18471629757626,0.014378618298005767,1.0,,,,False,1,No solution exists for discriminant 
1.0,350,,4.18471629757626,0.014378618298005767,1.0,,,,False,1,No solution exists for discriminant 
1.0,375,,4.18471629757626,0.014378618298005767,1.0,,,,False,1,No solution exists for discriminant 
1.0,400,,4.18471629757626,0.014378618298005767,1.0,,,,False,1,No solution exists for discriminant 
1.0,425,,4.18471629757626,0.014378618298005767,1.0,,,,False,1,No solution exists for discriminant 
1.0,450,,4.18471629757626,0.014378618298005767,1.0,,,,False,1,No solution exists for discriminant 
1.0,475,,4.18471629757626,0.014378618298005767,1.0,,,,False,1,No solution exists for discriminant 
1.0,500,,4.18471629757626,0.014378618298005767,1.0,,,,False,1,No solution exists for discriminant 
1.0,525,,4.18471629757626,0.014378618298005767,1.0,,,,False,1,No solution exists for discriminant 
1.0,550,,4.18471629757626,0.014378618298005767,1.0,,,,False,1,No solution exists for discriminant 
1.0,575,,4.18471629757626,0.014378618298005767,1.0,,,,False,1,No solution exists for discriminant 
1.0,600,,4.18471629757626,0.014378618298005767,1.0,,,,False,1,No solution exists for discriminant 
1.0,625,,4.18471629757626,0.014378618298005767,1.0,,,,False,1,No solution exists for discriminant 
1.0,650,,4.18471629757626,0.014378618298005767,1.0,,,,False,1,No solution exists for discriminant 
1.0,675,,4.18471629757626,0.014378618298005767,1.0,,,,False,1,No solution exists for discriminant 
1.0,700,,4.18471629757626,0.014378618298005767,1.0,,,,False,1,No solution exists for discriminant 
1.0,725,,4.18471629757626,0.014378618298005767,1.0,,,,False,1,No solution exists for discriminant 
1.0,750,,4.18471629757626,0.014378618298005767,1.0,,,,False,1,No solution exists for discriminant 
1.0,775,,4.18471629757626,0.014378618298005767,1.0,,,,False,1,No solution exists for discriminant 
1.0,800,,4.18471629757626,0.014378618298005767,1.0,,,,False,1,No solution exists for discriminant 
1.0,825,,4.18471629757626,0.014378618298005767,1.0,,,,False,1,No solution exists for discriminant 
1.0,850,,4.18471629757626,0.014378618298005767,1.0,,,,False,1,No solution exists for discriminant 
1.0,875,,4.18471629757626,0.014378618298005767,1.0,,,,False,1,No solution exists for discriminant 
1.0,900,,4.18471629757626,0.014378618298005767,1.0,,,,False,1,No solution exists for discriminant 
1.0,925,,4.18471629757626,0.014378618298005767,1.0,,,,False,1,No solution exists for discriminant 
1.0,950,,4.18471629757626,0.014378618298005767,1.0,,,,False,1,No solution exists for discriminant 
1.0,975,,4.18471629757626,0.014378618298005767,1.0,,,,False,1,No solution exists for discriminant 
1.0,1000,,4.18471629757626,0.014378618298005767,1.0,,,,False,1,No solution exists for discriminant 
1.0,1025,,4.18471629757626,0.014378618298005767,1.0,,,,False,1,No solution exists for discriminant 
1.0,1050,,4.18471629757626,0.014378618298005767,1.0,,,,False,1,No solution exists for discriminant 
1.0,1075,,4.18471629757626,0.014378618298005767,1.0,,,,False,1,No solution exists for discriminant 
1.0,1100,,4.18471629757626,0.014378618298005767,1.0,,,,False,1,No solution exists for discriminant 
1.0,1125,,4.18471629757626,0.014378618298005767,1.0,,,,False,1,No solution exists for discriminant 
1.0,1150,,4.18471629757626,0.014378618298005767,1.0,,,,False,1,No solution exists for discriminant 
1.0,1175,,4.18471629757626,0.014378618298005767,1.0,,,,False,1,No solution exists for discriminant 
1.0,1200,,4.18471629757626,0.014378618298005767,1.0,,,,False,1,No solution exists for discriminant 
1.0,1225,,4.18471629757626,0.014378618298005767,1.0,,,,False,1,No solution exists for discriminant 
1.0,1250,,4.18471629757626,0.014378618298005767,1.0,,,,False,1,No solution exists for discriminant 
1.0,1275,,4.18471629757626,0.014378618298005767,1.0,,,,False,1,No solution exists for discriminant 
1.0,1300,,4.18471629757626,0.014378618298005767,1.0,,,,False,1,No solution exists for discriminant 
1.0,1325,,4.18471629757626,0.014378618298005767,1.0,,,,False,1,No solution exists for discriminant 
1.0,1350,,4.18471629757626,0.014378618298005767,1.0,,,,False,1,No solution exists for discriminant 
1.0,1375,,4.18471629757626,0.014378618298005767,1.0,,,,False,1,No solution exists for discriminant 
1.0,1400,,4.18471629757626,0.014378618298005767,1.0,,,,False,1,No solution exists for discriminant 
1.0,1425,,4.18471629757626,0.014378618298005767,1.0,,,,False,1,No solution exists for discriminant 
1.0,1450,,4.18471629757626,0.014378618298005767,1.0,,,,False,1,No solution exists for discriminant 
1.0,1475,,4.18471629757626,0.014378618298005767,1.0,,,,False,1,No solution exists for discriminant 
1.0,1500,,4.18471629757626,0.014378618298005767,1.0,,,,False,1,No solution exists for discriminant 
1.0,1525,,4.18471629757626,0.014378618298005767,1.0,,,,False,1,No solution exists for discriminant 
