soc,power,ocv,line_voltage,c_rate,current,ir0
1e-06,-100,2.764423076923077,3.621472977014755,4.546122891549472,-25.925925925925927,0.03305763900353614
1e-06,-75,2.764423076923077,3.477404050456898,3.594635486306981,-21.567812917841888,0.03305763900353615
1e-06,-50,2.764423076923077,3.26990608134527,2.548493175652593,-15.290959053915557,0.033057639003536136
1e-06,-25,2.764423076923077,3.0365844444729424,1.3721557041664534,-8.23293422499872,0.03305763900353614
1e-06,0,2.764423076923077,2.764423076923077,0.0,0.0,0.03305763900353614
1e-06,25,2.764423076923077,2.4233972865237225,1.7193493983991381,10.31609639039483,0.03305763900353614
1e-06,50,2.764423076923077,1.8897810281665497,4.409681973269817,26.458091839618902,0.03305763900353616
1e-06,75,2.764423076923077,1.0,1.0,1e-06,0.03305763900353614
1e-06,100,2.764423076923077,1.0,1.0,1e-06,0.03305763900353614
1e-06,125,2.764423076923077,1.0,1.0,1e-06,0.03305763900353614
1e-06,150,2.764423076923077,1.0,1.0,1e-06,0.03305763900353614
1e-06,175,2.764423076923077,1.0,1.0,1e-06,0.03305763900353614
1e-06,200,2.764423076923077,1.0,1.0,1e-06,0.03305763900353614
1e-06,225,2.764423076923077,1.0,1.0,1e-06,0.03305763900353614
1e-06,250,2.764423076923077,1.0,1.0,1e-06,0.03305763900353614
1e-06,275,2.764423076923077,1.0,1.0,1e-06,0.03305763900353614
1e-06,300,2.764423076923077,1.0,1.0,1e-06,0.03305763900353614
1e-06,325,2.764423076923077,1.0,1.0,1e-06,0.03305763900353614
1e-06,350,2.764423076923077,1.0,1.0,1e-06,0.03305763900353614
1e-06,375,2.764423076923077,1.0,1.0,1e-06,0.03305763900353614
1e-06,400,2.764423076923077,1.0,1.0,1e-06,0.03305763900353614
1e-06,425,2.764423076923077,1.0,1.0,1e-06,0.03305763900353614
1e-06,450,2.764423076923077,1.0,1.0,1e-06,0.03305763900353614
1e-06,475,2.764423076923077,1.0,1.0,1e-06,0.03305763900353614
1e-06,500,2.764423076923077,1.0,1.0,1e-06,0.03305763900353614
1e-06,525,2.764423076923077,1.0,1.0,1e-06,0.03305763900353614
1e-06,550,2.764423076923077,1.0,1.0,1e-06,0.03305763900353614
1e-06,575,2.764423076923077,1.0,1.0,1e-06,0.03305763900353614
1e-06,600,2.764423076923077,1.0,1.0,1e-06,0.03305763900353614
1e-06,625,2.764423076923077,1.0,1.0,1e-06,0.03305763900353614
1e-06,650,2.764423076923077,1.0,1.0,1e-06,0.03305763900353614
1e-06,675,2.764423076923077,1.0,1.0,1e-06,0.03305763900353614
1e-06,700,2.764423076923077,1.0,1.0,1e-06,0.03305763900353614
1e-06,725,2.764423076923077,1.0,1.0,1e-06,0.03305763900353614
1e-06,750,2.764423076923077,1.0,1.0,1e-06,0.03305763900353614
1e-06,775,2.764423076923077,1.0,1.0,1e-06,0.03305763900353614
1e-06,800,2.764423076923077,1.0,1.0,1e-06,0.03305763900353614
1e-06,825,2.764423076923077,1.0,1.0,1e-06,0.03305763900353614
1e-06,850,2.764423076923077,1.0,1.0,1e-06,0.03305763900353614
1e-06,875,2.764423076923077,1.0,1.0,1e-06,0.03305763900353614
1e-06,900,2.764423076923077,1.0,1.0,1e-06,0.03305763900353614
1e-06,925,2.764423076923077,1.0,1.0,1e-06,0.03305763900353614
1e-06,950,2.764423076923077,1.0,1.0,1e-06,0.03305763900353614
1e-06,975,2.764423076923077,1.0,1.0,1e-06,0.03305763900353614
1e-06,1000,2.764423076923077,1.0,1.0,1e-06,0.03305763900353614
1e-06,1025,2.764423076923077,1.0,1.0,1e-06,0.03305763900353614
1e-06,1050,2.764423076923077,1.0,1.0,1e-06,0.03305763900353614
1e-06,1075,2.764423076923077,1.0,1.0,1e-06,0.03305763900353614
1e-06,1100,2.764423076923077,1.0,1.0,1e-06,0.03305763900353614
1e-06,1125,2.764423076923077,1.0,1.0,1e-06,0.03305763900353614
1e-06,1150,2.764423076923077,1.0,1.0,1e-06,0.03305763900353614
1e-06,1175,2.764423076923077,1.0,1.0,1e-06,0.03305763900353614
1e-06,1200,2.764423076923077,1.0,1.0,1e-06,0.03305763900353614
1e-06,1225,2.764423076923077,1.0,1.0,1e-06,0.03305763900353614
1e-06,1250,2.764423076923077,1.0,1.0,1e-06,0.03305763900353614
1e-06,1275,2.764423076923077,1.0,1.0,1e-06,0.03305763900353614
1e-06,1300,2.764423076923077,1.0,1.0,1e-06,0.03305763900353614
1e-06,1325,2.764423076923077,1.0,1.0,1e-06,0.03305763900353614
1e-06,1350,2.764423076923077,1.0,1.0,1e-06,0.03305763900353614
1e-06,1375,2.764423076923077,1.0,1.0,1e-06,0.03305763900353614
1e-06,1400,2.764423076923077,1.0,1.0,1e-06,0.03305763900353614
1e-06,1425,2.764423076923077,1.0,1.0,1e-06,0.03305763900353614
1e-06,1450,2.764423076923077,1.0,1.0,1e-06,0.03305763900353614
1e-06,1475,2.764423076923077,1.0,1.0,1e-06,0.03305763900353614
1e-06,1500,2.764423076923077,1.0,1.0,1e-06,0.03305763900353614
1e-06,1525,2.764423076923077,1.0,1.0,1e-06,0.03305763900353614
0.025642,-100,2.860546019333737,3.456627210077951,4.741983455313844,-25.925925925925927,0.022991703071562546
0.025642,-75,2.860546019333737,3.3719368870021587,3.7070681981575277,-22.242409188945167,0.022991703071562553
0.025642,-50,2.860546019333737,3.2178037187064783,2.589758127535276,-15.538548765211656,0.022991703071562543
0.025642,-25,2.860546019333737,3.049060660648487,1.366541086060414,-8.199246516362484,0.022991703071562546
0.025642,0,2.860546019333737,2.860546019333737,0.0,0.0,0.022991703071562553
0.025642,25,2.860546019333737,2.643074850608932,1.576446715350009,9.458680292100054,0.022991703071562553
0.025642,50,2.860546019333737,2.376896339510051,3.505972555391742,21.03583533235045,0.02299170307156255
0.025642,75,2.860546019333737,1.9971090986858466,6.259047143806689,37.55428286284013,0.022991703071562553
0.025642,100,2.860546019333737,1.0,1.0,1e-06,0.02299170307156256
0.025642,125,2.860546019333737,1.0,1.0,1e-06,0.02299170307156256
0.025642,150,2.860546019333737,1.0,1.0,1e-06,0.02299170307156256
0.025642,175,2.860546019333737,1.0,1.0,1e-06,0.02299170307156256
0.025642,200,2.860546019333737,1.0,1.0,1e-06,0.02299170307156256
0.025642,225,2.860546019333737,1.0,1.0,1e-06,0.02299170307156256
0.025642,250,2.860546019333737,1.0,1.0,1e-06,0.02299170307156256
0.025642,275,2.860546019333737,1.0,1.0,1e-06,0.02299170307156256
0.025642,300,2.860546019333737,1.0,1.0,1e-06,0.02299170307156256
0.025642,325,2.860546019333737,1.0,1.0,1e-06,0.02299170307156256
0.025642,350,2.860546019333737,1.0,1.0,1e-06,0.02299170307156256
0.025642,375,2.860546019333737,1.0,1.0,1e-06,0.02299170307156256
0.025642,400,2.860546019333737,1.0,1.0,1e-06,0.02299170307156256
0.025642,425,2.860546019333737,1.0,1.0,1e-06,0.02299170307156256
0.025642,450,2.860546019333737,1.0,1.0,1e-06,0.02299170307156256
0.025642,475,2.860546019333737,1.0,1.0,1e-06,0.02299170307156256
0.025642,500,2.860546019333737,1.0,1.0,1e-06,0.02299170307156256
0.025642,525,2.860546019333737,1.0,1.0,1e-06,0.02299170307156256
0.025642,550,2.860546019333737,1.0,1.0,1e-06,0.02299170307156256
0.025642,575,2.860546019333737,1.0,1.0,1e-06,0.02299170307156256
0.025642,600,2.860546019333737,1.0,1.0,1e-06,0.02299170307156256
0.025642,625,2.860546019333737,1.0,1.0,1e-06,0.02299170307156256
0.025642,650,2.860546019333737,1.0,1.0,1e-06,0.02299170307156256
0.025642,675,2.860546019333737,1.0,1.0,1e-06,0.02299170307156256
0.025642,700,2.860546019333737,1.0,1.0,1e-06,0.02299170307156256
0.025642,725,2.860546019333737,1.0,1.0,1e-06,0.02299170307156256
0.025642,750,2.860546019333737,1.0,1.0,1e-06,0.02299170307156256
0.025642,775,2.860546019333737,1.0,1.0,1e-06,0.02299170307156256
0.025642,800,2.860546019333737,1.0,1.0,1e-06,0.02299170307156256
0.025642,825,2.860546019333737,1.0,1.0,1e-06,0.02299170307156256
0.025642,850,2.860546019333737,1.0,1.0,1e-06,0.02299170307156256
0.025642,875,2.860546019333737,1.0,1.0,1e-06,0.02299170307156256
0.025642,900,2.860546019333737,1.0,1.0,1e-06,0.02299170307156256
0.025642,925,2.860546019333737,1.0,1.0,1e-06,0.02299170307156256
0.025642,950,2.860546019333737,1.0,1.0,1e-06,0.02299170307156256
0.025642,975,2.860546019333737,1.0,1.0,1e-06,0.02299170307156256
0.025642,1000,2.860546019333737,1.0,1.0,1e-06,0.02299170307156256
0.025642,1025,2.860546019333737,1.0,1.0,1e-06,0.02299170307156256
0.025642,1050,2.860546019333737,1.0,1.0,1e-06,0.02299170307156256
0.025642,1075,2.860546019333737,1.0,1.0,1e-06,0.02299170307156256
0.025642,1100,2.860546019333737,1.0,1.0,1e-06,0.02299170307156256
0.025642,1125,2.860546019333737,1.0,1.0,1e-06,0.02299170307156256
0.025642,1150,2.860546019333737,1.0,1.0,1e-06,0.02299170307156256
0.025642,1175,2.860546019333737,1.0,1.0,1e-06,0.02299170307156256
0.025642,1200,2.860546019333737,1.0,1.0,1e-06,0.02299170307156256
0.025642,1225,2.860546019333737,1.0,1.0,1e-06,0.02299170307156256
0.025642,1250,2.860546019333737,1.0,1.0,1e-06,0.02299170307156256
0.025642,1275,2.860546019333737,1.0,1.0,1e-06,0.02299170307156256
0.025642,1300,2.860546019333737,1.0,1.0,1e-06,0.02299170307156256
0.025642,1325,2.860546019333737,1.0,1.0,1e-06,0.02299170307156256
0.025642,1350,2.860546019333737,1.0,1.0,1e-06,0.02299170307156256
0.025642,1375,2.860546019333737,1.0,1.0,1e-06,0.02299170307156256
0.025642,1400,2.860546019333737,1.0,1.0,1e-06,0.02299170307156256
0.025642,1425,2.860546019333737,1.0,1.0,1e-06,0.02299170307156256
0.025642,1450,2.860546019333737,1.0,1.0,1e-06,0.02299170307156256
0.025642,1475,2.860546019333737,1.0,1.0,1e-06,0.02299170307156256
0.025642,1500,2.860546019333737,1.0,1.0,1e-06,0.02299170307156256
0.025642,1525,2.860546019333737,1.0,1.0,1e-06,0.02299170307156256
0.051283,-100,2.9822646200575753,3.441821360969478,4.775350842822648,-25.925925925925927,0.01772576000660195
0.051283,-75,2.9822646200575753,3.376048108282634,3.7025538733684233,-22.21532324021054,0.017725760006601938
0.051283,-50,2.9822646200575753,3.2545844829957455,2.5604907099116856,-15.362944259470114,0.01772576000660194
0.051283,-25,2.9822646200575753,3.124111050299719,1.333712726462439,-8.002276358774635,0.017725760006601938
0.051283,0,2.9822646200575753,2.9822646200575753,0.0,0.0,0.01772576000660194
0.051283,25,2.9822646200575753,2.8254229702099716,1.4747054549347764,8.84823272960866,0.017725760006601945
0.051283,50,2.9822646200575753,2.6475005756265997,3.147622859859448,18.885737159156687,0.017725760006601945
0.051283,75,2.9822646200575753,2.436671079998926,5.12994966887591,30.779698013255462,0.01772576000660195
0.051283,100,2.9822646200575753,2.16262286495238,7.706691229787611,46.240147378725666,0.017725760006601945
0.051283,125,2.9822646200575753,1.5791979968003345,13.192350405423793,79.15410243254276,0.017725760006601955
0.051283,150,2.9822646200575753,1.0,1.0,1e-06,0.017725760006601938
0.051283,175,2.9822646200575753,1.0,1.0,1e-06,0.017725760006601938
0.051283,200,2.9822646200575753,1.0,1.0,1e-06,0.017725760006601938
0.051283,225,2.9822646200575753,1.0,1.0,1e-06,0.017725760006601938
0.051283,250,2.9822646200575753,1.0,1.0,1e-06,0.017725760006601938
0.051283,275,2.9822646200575753,1.0,1.0,1e-06,0.017725760006601938
0.051283,300,2.9822646200575753,1.0,1.0,1e-06,0.017725760006601938
0.051283,325,2.9822646200575753,1.0,1.0,1e-06,0.017725760006601938
0.051283,350,2.9822646200575753,1.0,1.0,1e-06,0.017725760006601938
0.051283,375,2.9822646200575753,1.0,1.0,1e-06,0.017725760006601938
0.051283,400,2.9822646200575753,1.0,1.0,1e-06,0.017725760006601938
0.051283,425,2.9822646200575753,1.0,1.0,1e-06,0.017725760006601938
0.051283,450,2.9822646200575753,1.0,1.0,1e-06,0.017725760006601938
0.051283,475,2.9822646200575753,1.0,1.0,1e-06,0.017725760006601938
0.051283,500,2.9822646200575753,1.0,1.0,1e-06,0.017725760006601938
0.051283,525,2.9822646200575753,1.0,1.0,1e-06,0.017725760006601938
0.051283,550,2.9822646200575753,1.0,1.0,1e-06,0.017725760006601938
0.051283,575,2.9822646200575753,1.0,1.0,1e-06,0.017725760006601938
0.051283,600,2.9822646200575753,1.0,1.0,1e-06,0.017725760006601938
0.051283,625,2.9822646200575753,1.0,1.0,1e-06,0.017725760006601938
0.051283,650,2.9822646200575753,1.0,1.0,1e-06,0.017725760006601938
0.051283,675,2.9822646200575753,1.0,1.0,1e-06,0.017725760006601938
0.051283,700,2.9822646200575753,1.0,1.0,1e-06,0.017725760006601938
0.051283,725,2.9822646200575753,1.0,1.0,1e-06,0.017725760006601938
0.051283,750,2.9822646200575753,1.0,1.0,1e-06,0.017725760006601938
0.051283,775,2.9822646200575753,1.0,1.0,1e-06,0.017725760006601938
0.051283,800,2.9822646200575753,1.0,1.0,1e-06,0.017725760006601938
0.051283,825,2.9822646200575753,1.0,1.0,1e-06,0.017725760006601938
0.051283,850,2.9822646200575753,1.0,1.0,1e-06,0.017725760006601938
0.051283,875,2.9822646200575753,1.0,1.0,1e-06,0.017725760006601938
0.051283,900,2.9822646200575753,1.0,1.0,1e-06,0.017725760006601938
0.051283,925,2.9822646200575753,1.0,1.0,1e-06,0.017725760006601938
0.051283,950,2.9822646200575753,1.0,1.0,1e-06,0.017725760006601938
0.051283,975,2.9822646200575753,1.0,1.0,1e-06,0.017725760006601938
0.051283,1000,2.9822646200575753,1.0,1.0,1e-06,0.017725760006601938
0.051283,1025,2.9822646200575753,1.0,1.0,1e-06,0.017725760006601938
0.051283,1050,2.9822646200575753,1.0,1.0,1e-06,0.017725760006601938
0.051283,1075,2.9822646200575753,1.0,1.0,1e-06,0.017725760006601938
0.051283,1100,2.9822646200575753,1.0,1.0,1e-06,0.017725760006601938
0.051283,1125,2.9822646200575753,1.0,1.0,1e-06,0.017725760006601938
0.051283,1150,2.9822646200575753,1.0,1.0,1e-06,0.017725760006601938
0.051283,1175,2.9822646200575753,1.0,1.0,1e-06,0.017725760006601938
0.051283,1200,2.9822646200575753,1.0,1.0,1e-06,0.017725760006601938
0.051283,1225,2.9822646200575753,1.0,1.0,1e-06,0.017725760006601938
0.051283,1250,2.9822646200575753,1.0,1.0,1e-06,0.017725760006601938
0.051283,1275,2.9822646200575753,1.0,1.0,1e-06,0.017725760006601938
0.051283,1300,2.9822646200575753,1.0,1.0,1e-06,0.017725760006601938
0.051283,1325,2.9822646200575753,1.0,1.0,1e-06,0.017725760006601938
0.051283,1350,2.9822646200575753,1.0,1.0,1e-06,0.017725760006601938
0.051283,1375,2.9822646200575753,1.0,1.0,1e-06,0.017725760006601938
0.051283,1400,2.9822646200575753,1.0,1.0,1e-06,0.017725760006601938
0.051283,1425,2.9822646200575753,1.0,1.0,1e-06,0.017725760006601938
0.051283,1450,2.9822646200575753,1.0,1.0,1e-06,0.017725760006601938
0.051283,1475,2.9822646200575753,1.0,1.0,1e-06,0.017725760006601938
0.051283,1500,2.9822646200575753,1.0,1.0,1e-06,0.017725760006601938
0.051283,1525,2.9822646200575753,1.0,1.0,1e-06,0.017725760006601938
0.076924,-100,3.1039651669984085,3.50325973942801,4.709244810849305,-25.925925925925927,0.015401362079427473
0.076924,-75,3.1039651669984085,3.439772851363176,3.6339608864132615,-21.80376531847957,0.015401362079427479
0.076924,-50,3.1039651669984085,3.334878554512723,2.4988416211009405,-14.993049726605642,0.015401362079427472
0.076924,-25,3.1039651669984085,3.2234143025564177,1.2926252338590725,-7.755751403154435,0.015401362079427479
0.076924,0,3.1039651669984085,3.1039651669984085,0.0,0.0,0.015401362079427472
0.076924,25,3.1039651669984085,2.974521119883782,1.400785705912036,8.404714235472216,0.015401362079427479
0.076924,50,3.1039651669984085,2.832053611025994,2.9425055023285167,17.6550330139711,0.015401362079427472
0.076924,75,3.1039651669984085,2.6716020650766747,4.678840521723153,28.073043130338917,0.015401362079427475
0.076924,100,3.1039651669984085,2.4839234247236446,6.709815005074465,40.25889003044679,0.015401362079427475
0.076924,125,3.1039651669984085,2.2473096141519964,9.270344060355304,55.62206436213183,0.015401362079427484
0.076924,150,3.1039651669984085,1.865743045588904,13.39948716898955,80.3969230139373,0.015401362079427484
0.076924,175,3.1039651669984085,1.0,1.0,1e-06,0.015401362079427473
0.076924,200,3.1039651669984085,1.0,1.0,1e-06,0.015401362079427473
0.076924,225,3.1039651669984085,1.0,1.0,1e-06,0.015401362079427473
0.076924,250,3.1039651669984085,1.0,1.0,1e-06,0.015401362079427473
0.076924,275,3.1039651669984085,1.0,1.0,1e-06,0.015401362079427473
0.076924,300,3.1039651669984085,1.0,1.0,1e-06,0.015401362079427473
0.076924,325,3.1039651669984085,1.0,1.0,1e-06,0.015401362079427473
0.076924,350,3.1039651669984085,1.0,1.0,1e-06,0.015401362079427473
0.076924,375,3.1039651669984085,1.0,1.0,1e-06,0.015401362079427473
0.076924,400,3.1039651669984085,1.0,1.0,1e-06,0.015401362079427473
0.076924,425,3.1039651669984085,1.0,1.0,1e-06,0.015401362079427473
0.076924,450,3.1039651669984085,1.0,1.0,1e-06,0.015401362079427473
0.076924,475,3.1039651669984085,1.0,1.0,1e-06,0.015401362079427473
0.076924,500,3.1039651669984085,1.0,1.0,1e-06,0.015401362079427473
0.076924,525,3.1039651669984085,1.0,1.0,1e-06,0.015401362079427473
0.076924,550,3.1039651669984085,1.0,1.0,1e-06,0.015401362079427473
0.076924,575,3.1039651669984085,1.0,1.0,1e-06,0.015401362079427473
0.076924,600,3.1039651669984085,1.0,1.0,1e-06,0.015401362079427473
0.076924,625,3.1039651669984085,1.0,1.0,1e-06,0.015401362079427473
0.076924,650,3.1039651669984085,1.0,1.0,1e-06,0.015401362079427473
0.076924,675,3.1039651669984085,1.0,1.0,1e-06,0.015401362079427473
0.076924,700,3.1039651669984085,1.0,1.0,1e-06,0.015401362079427473
0.076924,725,3.1039651669984085,1.0,1.0,1e-06,0.015401362079427473
0.076924,750,3.1039651669984085,1.0,1.0,1e-06,0.015401362079427473
0.076924,775,3.1039651669984085,1.0,1.0,1e-06,0.015401362079427473
0.076924,800,3.1039651669984085,1.0,1.0,1e-06,0.015401362079427473
0.076924,825,3.1039651669984085,1.0,1.0,1e-06,0.015401362079427473
0.076924,850,3.1039651669984085,1.0,1.0,1e-06,0.015401362079427473
0.076924,875,3.1039651669984085,1.0,1.0,1e-06,0.015401362079427473
0.076924,900,3.1039651669984085,1.0,1.0,1e-06,0.015401362079427473
0.076924,925,3.1039651669984085,1.0,1.0,1e-06,0.015401362079427473
0.076924,950,3.1039651669984085,1.0,1.0,1e-06,0.015401362079427473
0.076924,975,3.1039651669984085,1.0,1.0,1e-06,0.015401362079427473
0.076924,1000,3.1039651669984085,1.0,1.0,1e-06,0.015401362079427473
0.076924,1025,3.1039651669984085,1.0,1.0,1e-06,0.015401362079427473
0.076924,1050,3.1039651669984085,1.0,1.0,1e-06,0.015401362079427473
0.076924,1075,3.1039651669984085,1.0,1.0,1e-06,0.015401362079427473
0.076924,1100,3.1039651669984085,1.0,1.0,1e-06,0.015401362079427473
0.076924,1125,3.1039651669984085,1.0,1.0,1e-06,0.015401362079427473
0.076924,1150,3.1039651669984085,1.0,1.0,1e-06,0.015401362079427473
0.076924,1175,3.1039651669984085,1.0,1.0,1e-06,0.015401362079427473
0.076924,1200,3.1039651669984085,1.0,1.0,1e-06,0.015401362079427473
0.076924,1225,3.1039651669984085,1.0,1.0,1e-06,0.015401362079427473
0.076924,1250,3.1039651669984085,1.0,1.0,1e-06,0.015401362079427473
0.076924,1275,3.1039651669984085,1.0,1.0,1e-06,0.015401362079427473
0.076924,1300,3.1039651669984085,1.0,1.0,1e-06,0.015401362079427473
0.076924,1325,3.1039651669984085,1.0,1.0,1e-06,0.015401362079427473
0.076924,1350,3.1039651669984085,1.0,1.0,1e-06,0.015401362079427473
0.076924,1375,3.1039651669984085,1.0,1.0,1e-06,0.015401362079427473
0.076924,1400,3.1039651669984085,1.0,1.0,1e-06,0.015401362079427473
0.076924,1425,3.1039651669984085,1.0,1.0,1e-06,0.015401362079427473
0.076924,1450,3.1039651669984085,1.0,1.0,1e-06,0.015401362079427473
0.076924,1475,3.1039651669984085,1.0,1.0,1e-06,0.015401362079427473
0.076924,1500,3.1039651669984085,1.0,1.0,1e-06,0.015401362079427473
0.076924,1525,3.1039651669984085,1.0,1.0,1e-06,0.015401362079427473
0.102565,-100,3.200044011566227,3.5671667847921635,4.637304477036259,-25.925925925925927,0.014160449824428972
0.102565,-75,3.200044011566227,3.503204644371011,3.56816151750802,-21.40896910504812,0.014160449824428977
0.102565,-50,3.200044011566227,3.407808749348755,2.4453641463670364,-14.672184878202218,0.014160449824428972
0.102565,-25,3.200044011566227,3.307090154569489,1.2599192861160675,-7.5595157166964055,0.01416044982442897
0.102565,0,3.200044011566227,3.200044011566227,0.0,0.0,0.014160449824428975
0.102565,25,3.200044011566227,3.0853028456849465,1.350488712151578,8.102932272909468,0.014160449824428968
0.102565,50,3.200044011566227,2.960921681647859,2.8144389583096086,16.88663374985765,0.014160449824428966
0.102565,75,3.200044011566227,2.8239650935768417,4.426400322168099,26.558401933008597,0.014160449824428975
0.102565,100,3.200044011566227,2.669613253198368,6.243101560384797,37.45860936230878,0.014160449824428977
0.102565,125,3.200044011566227,2.488849430504356,8.370668421316084,50.2240105278965,0.014160449824428979
0.102565,150,3.200044011566227,2.2603271968318226,11.060345615024735,66.3620736901484,0.014160449824428973
0.102565,175,3.200044011566227,1.8863639337558566,15.461844951941055,92.77106971164633,0.014160449824428975
0.102565,200,3.200044011566227,1.0,1.0,1e-06,0.014160449824428973
0.102565,225,3.200044011566227,1.0,1.0,1e-06,0.014160449824428973
0.102565,250,3.200044011566227,1.0,1.0,1e-06,0.014160449824428973
0.102565,275,3.200044011566227,1.0,1.0,1e-06,0.014160449824428973
0.102565,300,3.200044011566227,1.0,1.0,1e-06,0.014160449824428973
0.102565,325,3.200044011566227,1.0,1.0,1e-06,0.014160449824428973
0.102565,350,3.200044011566227,1.0,1.0,1e-06,0.014160449824428973
0.102565,375,3.200044011566227,1.0,1.0,1e-06,0.014160449824428973
0.102565,400,3.200044011566227,1.0,1.0,1e-06,0.014160449824428973
0.102565,425,3.200044011566227,1.0,1.0,1e-06,0.014160449824428973
0.102565,450,3.200044011566227,1.0,1.0,1e-06,0.014160449824428973
0.102565,475,3.200044011566227,1.0,1.0,1e-06,0.014160449824428973
0.102565,500,3.200044011566227,1.0,1.0,1e-06,0.014160449824428973
0.102565,525,3.200044011566227,1.0,1.0,1e-06,0.014160449824428973
0.102565,550,3.200044011566227,1.0,1.0,1e-06,0.014160449824428973
0.102565,575,3.200044011566227,1.0,1.0,1e-06,0.014160449824428973
0.102565,600,3.200044011566227,1.0,1.0,1e-06,0.014160449824428973
0.102565,625,3.200044011566227,1.0,1.0,1e-06,0.014160449824428973
0.102565,650,3.200044011566227,1.0,1.0,1e-06,0.014160449824428973
0.102565,675,3.200044011566227,1.0,1.0,1e-06,0.014160449824428973
0.102565,700,3.200044011566227,1.0,1.0,1e-06,0.014160449824428973
0.102565,725,3.200044011566227,1.0,1.0,1e-06,0.014160449824428973
0.102565,750,3.200044011566227,1.0,1.0,1e-06,0.014160449824428973
0.102565,775,3.200044011566227,1.0,1.0,1e-06,0.014160449824428973
0.102565,800,3.200044011566227,1.0,1.0,1e-06,0.014160449824428973
0.102565,825,3.200044011566227,1.0,1.0,1e-06,0.014160449824428973
0.102565,850,3.200044011566227,1.0,1.0,1e-06,0.014160449824428973
0.102565,875,3.200044011566227,1.0,1.0,1e-06,0.014160449824428973
0.102565,900,3.200044011566227,1.0,1.0,1e-06,0.014160449824428973
0.102565,925,3.200044011566227,1.0,1.0,1e-06,0.014160449824428973
0.102565,950,3.200044011566227,1.0,1.0,1e-06,0.014160449824428973
0.102565,975,3.200044011566227,1.0,1.0,1e-06,0.014160449824428973
0.102565,1000,3.200044011566227,1.0,1.0,1e-06,0.014160449824428973
0.102565,1025,3.200044011566227,1.0,1.0,1e-06,0.014160449824428973
0.102565,1050,3.200044011566227,1.0,1.0,1e-06,0.014160449824428973
0.102565,1075,3.200044011566227,1.0,1.0,1e-06,0.014160449824428973
0.102565,1100,3.200044011566227,1.0,1.0,1e-06,0.014160449824428973
0.102565,1125,3.200044011566227,1.0,1.0,1e-06,0.014160449824428973
0.102565,1150,3.200044011566227,1.0,1.0,1e-06,0.014160449824428973
0.102565,1175,3.200044011566227,1.0,1.0,1e-06,0.014160449824428973
0.102565,1200,3.200044011566227,1.0,1.0,1e-06,0.014160449824428973
0.102565,1225,3.200044011566227,1.0,1.0,1e-06,0.014160449824428973
0.102565,1250,3.200044011566227,1.0,1.0,1e-06,0.014160449824428973
0.102565,1275,3.200044011566227,1.0,1.0,1e-06,0.014160449824428973
0.102565,1300,3.200044011566227,1.0,1.0,1e-06,0.014160449824428973
0.102565,1325,3.200044011566227,1.0,1.0,1e-06,0.014160449824428973
0.102565,1350,3.200044011566227,1.0,1.0,1e-06,0.014160449824428973
0.102565,1375,3.200044011566227,1.0,1.0,1e-06,0.014160449824428973
0.102565,1400,3.200044011566227,1.0,1.0,1e-06,0.014160449824428973
0.102565,1425,3.200044011566227,1.0,1.0,1e-06,0.014160449824428973
0.102565,1450,3.200044011566227,1.0,1.0,1e-06,0.014160449824428973
0.102565,1475,3.200044011566227,1.0,1.0,1e-06,0.014160449824428973
0.102565,1500,3.200044011566227,1.0,1.0,1e-06,0.014160449824428973
0.102565,1525,3.200044011566227,1.0,1.0,1e-06,0.014160449824428973
0.12820600000000001,-100,3.2582389642222997,3.5864532849427957,4.618060846646862,-25.925925925925927,0.012659695227790561
0.12820600000000001,-75,3.2582389642222997,3.5274101419096944,3.5436763793032173,-21.262058275819303,0.01265969522779056
0.12820600000000001,-50,3.2582389642222997,3.4421321815657424,2.420980047762923,-14.52588028657754,0.012659695227790561
0.12820600000000001,-25,3.2582389642222997,3.352639910678466,1.2428017257073876,-7.456810354244325,0.012659695227790563
0.12820600000000001,0,3.2582389642222997,3.2582389642222997,0.0,0.0,0.01265969522779056
0.12820600000000001,25,3.2582389642222997,3.1580203638884274,1.3193919565282062,7.9163517391692375,0.012659695227790561
0.12820600000000001,50,3.2582389642222997,3.0507542895088067,2.7315648992089283,16.38938939525357,0.012659695227790561
0.12820600000000001,75,3.2582389642222997,2.9347048469608827,4.259372118100643,25.556232708603858,0.012659695227790558
0.12820600000000001,100,3.2582389642222997,2.8072793881574576,5.9369461896009375,35.62167713760562,0.012659695227790565
0.12820600000000001,125,3.2582389642222997,2.6642853545781096,7.819482735786874,46.91689641472124,0.012659695227790558
0.12820600000000001,150,3.2582389642222997,2.498070575571257,10.007723658601206,60.04634195160723,0.012659695227790566
0.12820600000000001,175,3.2582389642222997,2.2913759446169926,12.728887520699674,76.37332512419805,0.012659695227790563
0.12820600000000001,200,3.2582389642222997,1.9785350533669086,16.847481815704707,101.08489089422824,0.012659695227790565
0.12820600000000001,225,3.2582389642222997,1.0,1.0,1e-06,0.012659695227790558
0.12820600000000001,250,3.2582389642222997,1.0,1.0,1e-06,0.012659695227790558
0.12820600000000001,275,3.2582389642222997,1.0,1.0,1e-06,0.012659695227790558
0.12820600000000001,300,3.2582389642222997,1.0,1.0,1e-06,0.012659695227790558
0.12820600000000001,325,3.2582389642222997,1.0,1.0,1e-06,0.012659695227790558
0.12820600000000001,350,3.2582389642222997,1.0,1.0,1e-06,0.012659695227790558
0.12820600000000001,375,3.2582389642222997,1.0,1.0,1e-06,0.012659695227790558
0.12820600000000001,400,3.2582389642222997,1.0,1.0,1e-06,0.012659695227790558
0.12820600000000001,425,3.2582389642222997,1.0,1.0,1e-06,0.012659695227790558
0.12820600000000001,450,3.2582389642222997,1.0,1.0,1e-06,0.012659695227790558
0.12820600000000001,475,3.2582389642222997,1.0,1.0,1e-06,0.012659695227790558
0.12820600000000001,500,3.2582389642222997,1.0,1.0,1e-06,0.012659695227790558
0.12820600000000001,525,3.2582389642222997,1.0,1.0,1e-06,0.012659695227790558
0.12820600000000001,550,3.2582389642222997,1.0,1.0,1e-06,0.012659695227790558
0.12820600000000001,575,3.2582389642222997,1.0,1.0,1e-06,0.012659695227790558
0.12820600000000001,600,3.2582389642222997,1.0,1.0,1e-06,0.012659695227790558
0.12820600000000001,625,3.2582389642222997,1.0,1.0,1e-06,0.012659695227790558
0.12820600000000001,650,3.2582389642222997,1.0,1.0,1e-06,0.012659695227790558
0.12820600000000001,675,3.2582389642222997,1.0,1.0,1e-06,0.012659695227790558
0.12820600000000001,700,3.2582389642222997,1.0,1.0,1e-06,0.012659695227790558
0.12820600000000001,725,3.2582389642222997,1.0,1.0,1e-06,0.012659695227790558
0.12820600000000001,750,3.2582389642222997,1.0,1.0,1e-06,0.012659695227790558
0.12820600000000001,775,3.2582389642222997,1.0,1.0,1e-06,0.012659695227790558
0.12820600000000001,800,3.2582389642222997,1.0,1.0,1e-06,0.012659695227790558
0.12820600000000001,825,3.2582389642222997,1.0,1.0,1e-06,0.012659695227790558
0.12820600000000001,850,3.2582389642222997,1.0,1.0,1e-06,0.012659695227790558
0.12820600000000001,875,3.2582389642222997,1.0,1.0,1e-06,0.012659695227790558
0.12820600000000001,900,3.2582389642222997,1.0,1.0,1e-06,0.012659695227790558
0.12820600000000001,925,3.2582389642222997,1.0,1.0,1e-06,0.012659695227790558
0.12820600000000001,950,3.2582389642222997,1.0,1.0,1e-06,0.012659695227790558
0.12820600000000001,975,3.2582389642222997,1.0,1.0,1e-06,0.012659695227790558
0.12820600000000001,1000,3.2582389642222997,1.0,1.0,1e-06,0.012659695227790558
0.12820600000000001,1025,3.2582389642222997,1.0,1.0,1e-06,0.012659695227790558
0.12820600000000001,1050,3.2582389642222997,1.0,1.0,1e-06,0.012659695227790558
0.12820600000000001,1075,3.2582389642222997,1.0,1.0,1e-06,0.012659695227790558
0.12820600000000001,1100,3.2582389642222997,1.0,1.0,1e-06,0.012659695227790558
0.12820600000000001,1125,3.2582389642222997,1.0,1.0,1e-06,0.012659695227790558
0.12820600000000001,1150,3.2582389642222997,1.0,1.0,1e-06,0.012659695227790558
0.12820600000000001,1175,3.2582389642222997,1.0,1.0,1e-06,0.012659695227790558
0.12820600000000001,1200,3.2582389642222997,1.0,1.0,1e-06,0.012659695227790558
0.12820600000000001,1225,3.2582389642222997,1.0,1.0,1e-06,0.012659695227790558
0.12820600000000001,1250,3.2582389642222997,1.0,1.0,1e-06,0.012659695227790558
0.12820600000000001,1275,3.2582389642222997,1.0,1.0,1e-06,0.012659695227790558
0.12820600000000001,1300,3.2582389642222997,1.0,1.0,1e-06,0.012659695227790558
0.12820600000000001,1325,3.2582389642222997,1.0,1.0,1e-06,0.012659695227790558
0.12820600000000001,1350,3.2582389642222997,1.0,1.0,1e-06,0.012659695227790558
0.12820600000000001,1375,3.2582389642222997,1.0,1.0,1e-06,0.012659695227790558
0.12820600000000001,1400,3.2582389642222997,1.0,1.0,1e-06,0.012659695227790558
0.12820600000000001,1425,3.2582389642222997,1.0,1.0,1e-06,0.012659695227790558
0.12820600000000001,1450,3.2582389642222997,1.0,1.0,1e-06,0.012659695227790558
0.12820600000000001,1475,3.2582389642222997,1.0,1.0,1e-06,0.012659695227790558
0.12820600000000001,1500,3.2582389642222997,1.0,1.0,1e-06,0.012659695227790558
0.12820600000000001,1525,3.2582389642222997,1.0,1.0,1e-06,0.012659695227790558
0.153847,-100,3.3058932065744036,3.5932795007890803,4.613325714172303,-25.925925925925927,0.011084899919708952
0.153847,-75,3.3058932065744036,3.540696578071169,3.530378761460973,-21.18227256876584,0.011084899919708955
0.153847,-50,3.3058932065744036,3.4658110409394345,2.404439605880684,-14.426637635284102,0.011084899919708955
0.153847,-25,3.3058932065744036,3.387695856439202,1.2299411881225508,-7.3796471287353045,0.011084899919708948
0.153847,0,3.3058932065744036,3.3058932065744036,0.0,0.0,0.011084899919708955
0.153847,25,3.3058932065744036,3.2198256590301693,1.2940659240294679,7.764395544176807,0.011084899919708957
0.153847,50,3.3058932065744036,3.1287472257742808,2.663472863734162,15.980837182404972,0.011084899919708957
0.153847,75,3.3058932065744036,3.031665203778443,4.123146574503321,24.738879447019926,0.011084899919708955
0.153847,100,3.3058932065744036,2.927208146828324,5.693707393075296,34.16224435845177,0.011084899919708955
0.153847,125,3.3058932065744036,2.8133861680018315,7.405074202141939,44.43044521285163,0.011084899919708957
0.153847,150,3.3058932065744036,2.6871117184222824,9.3036697464438,55.8220184786628,0.011084899919708957
0.153847,175,3.3058932065744036,2.543101077167792,11.46893724694147,68.81362348164882,0.011084899919708957
0.153847,200,3.3058932065744036,2.3707575041356823,14.060203658613247,84.36122195167948,0.011084899919708957
0.153847,225,3.3058932065744036,2.1409322499861423,17.51573409211932,105.09440455271593,0.011084899919708957
0.153847,250,3.3058932065744036,1.0,1.0,1e-06,0.011084899919708954
0.153847,275,3.3058932065744036,1.0,1.0,1e-06,0.011084899919708954
0.153847,300,3.3058932065744036,1.0,1.0,1e-06,0.011084899919708954
0.153847,325,3.3058932065744036,1.0,1.0,1e-06,0.011084899919708954
0.153847,350,3.3058932065744036,1.0,1.0,1e-06,0.011084899919708954
0.153847,375,3.3058932065744036,1.0,1.0,1e-06,0.011084899919708954
0.153847,400,3.3058932065744036,1.0,1.0,1e-06,0.011084899919708954
0.153847,425,3.3058932065744036,1.0,1.0,1e-06,0.011084899919708954
0.153847,450,3.3058932065744036,1.0,1.0,1e-06,0.011084899919708954
0.153847,475,3.3058932065744036,1.0,1.0,1e-06,0.011084899919708954
0.153847,500,3.3058932065744036,1.0,1.0,1e-06,0.011084899919708954
0.153847,525,3.3058932065744036,1.0,1.0,1e-06,0.011084899919708954
0.153847,550,3.3058932065744036,1.0,1.0,1e-06,0.011084899919708954
0.153847,575,3.3058932065744036,1.0,1.0,1e-06,0.011084899919708954
0.153847,600,3.3058932065744036,1.0,1.0,1e-06,0.011084899919708954
0.153847,625,3.3058932065744036,1.0,1.0,1e-06,0.011084899919708954
0.153847,650,3.3058932065744036,1.0,1.0,1e-06,0.011084899919708954
0.153847,675,3.3058932065744036,1.0,1.0,1e-06,0.011084899919708954
0.153847,700,3.3058932065744036,1.0,1.0,1e-06,0.011084899919708954
0.153847,725,3.3058932065744036,1.0,1.0,1e-06,0.011084899919708954
0.153847,750,3.3058932065744036,1.0,1.0,1e-06,0.011084899919708954
0.153847,775,3.3058932065744036,1.0,1.0,1e-06,0.011084899919708954
0.153847,800,3.3058932065744036,1.0,1.0,1e-06,0.011084899919708954
0.153847,825,3.3058932065744036,1.0,1.0,1e-06,0.011084899919708954
0.153847,850,3.3058932065744036,1.0,1.0,1e-06,0.011084899919708954
0.153847,875,3.3058932065744036,1.0,1.0,1e-06,0.011084899919708954
0.153847,900,3.3058932065744036,1.0,1.0,1e-06,0.011084899919708954
0.153847,925,3.3058932065744036,1.0,1.0,1e-06,0.011084899919708954
0.153847,950,3.3058932065744036,1.0,1.0,1e-06,0.011084899919708954
0.153847,975,3.3058932065744036,1.0,1.0,1e-06,0.011084899919708954
0.153847,1000,3.3058932065744036,1.0,1.0,1e-06,0.011084899919708954
0.153847,1025,3.3058932065744036,1.0,1.0,1e-06,0.011084899919708954
0.153847,1050,3.3058932065744036,1.0,1.0,1e-06,0.011084899919708954
0.153847,1075,3.3058932065744036,1.0,1.0,1e-06,0.011084899919708954
0.153847,1100,3.3058932065744036,1.0,1.0,1e-06,0.011084899919708954
0.153847,1125,3.3058932065744036,1.0,1.0,1e-06,0.011084899919708954
0.153847,1150,3.3058932065744036,1.0,1.0,1e-06,0.011084899919708954
0.153847,1175,3.3058932065744036,1.0,1.0,1e-06,0.011084899919708954
0.153847,1200,3.3058932065744036,1.0,1.0,1e-06,0.011084899919708954
0.153847,1225,3.3058932065744036,1.0,1.0,1e-06,0.011084899919708954
0.153847,1250,3.3058932065744036,1.0,1.0,1e-06,0.011084899919708954
0.153847,1275,3.3058932065744036,1.0,1.0,1e-06,0.011084899919708954
0.153847,1300,3.3058932065744036,1.0,1.0,1e-06,0.011084899919708954
0.153847,1325,3.3058932065744036,1.0,1.0,1e-06,0.011084899919708954
0.153847,1350,3.3058932065744036,1.0,1.0,1e-06,0.011084899919708954
0.153847,1375,3.3058932065744036,1.0,1.0,1e-06,0.011084899919708954
0.153847,1400,3.3058932065744036,1.0,1.0,1e-06,0.011084899919708954
0.153847,1425,3.3058932065744036,1.0,1.0,1e-06,0.011084899919708954
0.153847,1450,3.3058932065744036,1.0,1.0,1e-06,0.011084899919708954
0.153847,1475,3.3058932065744036,1.0,1.0,1e-06,0.011084899919708954
0.153847,1500,3.3058932065744036,1.0,1.0,1e-06,0.011084899919708954
0.153847,1525,3.3058932065744036,1.0,1.0,1e-06,0.011084899919708954
0.179488,-100,3.3629975287363405,3.6178416110202676,4.586913442837961,-25.925925925925927,0.009829700316665767
0.179488,-75,3.3629975287363405,3.569530972335401,3.5018606357186925,-21.011163814312155,0.009829700316665765
0.179488,-50,3.3629975287363405,3.5032899462561966,2.3787164240398613,-14.272298544239167,0.009829700316665767
0.179488,-25,3.3629975287363405,3.43454770906091,1.2131631351849643,-7.278978811109786,0.009829700316665769
0.179488,0,3.3629975287363405,3.3629975287363405,0.0,0.0,0.009829700316665767
0.179488,25,3.3629975287363405,3.2882643311684543,1.2671325194790795,7.602795116874477,0.009829700316665767
0.179488,50,3.3629975287363405,3.2098812684352627,2.5961500243887916,15.576900146332749,0.009829700316665767
0.179488,75,3.3629975287363405,3.1272548194555254,3.997115912088139,23.982695472528835,0.009829700316665765
0.179488,100,3.3629975287363405,3.0396107122226566,5.4831582872266855,32.89894972336011,0.009829700316665765
0.179488,125,3.3629975287363405,2.9459059594554424,7.071961433957118,42.43176860374271,0.009829700316665767
0.179488,150,3.3629975287363405,2.8446767589467377,8.788344728930268,52.73006837358161,0.00982970031666577
0.179488,175,3.3629975287363405,2.7337537425722047,10.669090713058734,64.0145442783524,0.00982970031666577
0.179488,200,3.3629975287363405,2.609667946812044,12.773017108959458,76.63810265375675,0.00982970031666577
0.179488,225,3.3629975287363405,2.4661996776605433,15.205581421360334,91.233488528162,0.009829700316665772
0.179488,250,3.3629975287363405,2.2897857159011132,18.196753686302618,109.18052211781571,0.00982970031666577
0.179488,275,3.3629975287363405,2.034018987176163,22.53338519566326,135.20031117397957,0.009829700316665769
0.179488,300,3.3629975287363405,1.0,1.0,1e-06,0.009829700316665765
0.179488,325,3.3629975287363405,1.0,1.0,1e-06,0.009829700316665765
0.179488,350,3.3629975287363405,1.0,1.0,1e-06,0.009829700316665765
0.179488,375,3.3629975287363405,1.0,1.0,1e-06,0.009829700316665765
0.179488,400,3.3629975287363405,1.0,1.0,1e-06,0.009829700316665765
0.179488,425,3.3629975287363405,1.0,1.0,1e-06,0.009829700316665765
0.179488,450,3.3629975287363405,1.0,1.0,1e-06,0.009829700316665765
0.179488,475,3.3629975287363405,1.0,1.0,1e-06,0.009829700316665765
0.179488,500,3.3629975287363405,1.0,1.0,1e-06,0.009829700316665765
0.179488,525,3.3629975287363405,1.0,1.0,1e-06,0.009829700316665765
0.179488,550,3.3629975287363405,1.0,1.0,1e-06,0.009829700316665765
0.179488,575,3.3629975287363405,1.0,1.0,1e-06,0.009829700316665765
0.179488,600,3.3629975287363405,1.0,1.0,1e-06,0.009829700316665765
0.179488,625,3.3629975287363405,1.0,1.0,1e-06,0.009829700316665765
0.179488,650,3.3629975287363405,1.0,1.0,1e-06,0.009829700316665765
0.179488,675,3.3629975287363405,1.0,1.0,1e-06,0.009829700316665765
0.179488,700,3.3629975287363405,1.0,1.0,1e-06,0.009829700316665765
0.179488,725,3.3629975287363405,1.0,1.0,1e-06,0.009829700316665765
0.179488,750,3.3629975287363405,1.0,1.0,1e-06,0.009829700316665765
0.179488,775,3.3629975287363405,1.0,1.0,1e-06,0.009829700316665765
0.179488,800,3.3629975287363405,1.0,1.0,1e-06,0.009829700316665765
0.179488,825,3.3629975287363405,1.0,1.0,1e-06,0.009829700316665765
0.179488,850,3.3629975287363405,1.0,1.0,1e-06,0.009829700316665765
0.179488,875,3.3629975287363405,1.0,1.0,1e-06,0.009829700316665765
0.179488,900,3.3629975287363405,1.0,1.0,1e-06,0.009829700316665765
0.179488,925,3.3629975287363405,1.0,1.0,1e-06,0.009829700316665765
0.179488,950,3.3629975287363405,1.0,1.0,1e-06,0.009829700316665765
0.179488,975,3.3629975287363405,1.0,1.0,1e-06,0.009829700316665765
0.179488,1000,3.3629975287363405,1.0,1.0,1e-06,0.009829700316665765
0.179488,1025,3.3629975287363405,1.0,1.0,1e-06,0.009829700316665765
0.179488,1050,3.3629975287363405,1.0,1.0,1e-06,0.009829700316665765
0.179488,1075,3.3629975287363405,1.0,1.0,1e-06,0.009829700316665765
0.179488,1100,3.3629975287363405,1.0,1.0,1e-06,0.009829700316665765
0.179488,1125,3.3629975287363405,1.0,1.0,1e-06,0.009829700316665765
0.179488,1150,3.3629975287363405,1.0,1.0,1e-06,0.009829700316665765
0.179488,1175,3.3629975287363405,1.0,1.0,1e-06,0.009829700316665765
0.179488,1200,3.3629975287363405,1.0,1.0,1e-06,0.009829700316665765
0.179488,1225,3.3629975287363405,1.0,1.0,1e-06,0.009829700316665765
0.179488,1250,3.3629975287363405,1.0,1.0,1e-06,0.009829700316665765
0.179488,1275,3.3629975287363405,1.0,1.0,1e-06,0.009829700316665765
0.179488,1300,3.3629975287363405,1.0,1.0,1e-06,0.009829700316665765
0.179488,1325,3.3629975287363405,1.0,1.0,1e-06,0.009829700316665765
0.179488,1350,3.3629975287363405,1.0,1.0,1e-06,0.009829700316665765
0.179488,1375,3.3629975287363405,1.0,1.0,1e-06,0.009829700316665765
0.179488,1400,3.3629975287363405,1.0,1.0,1e-06,0.009829700316665765
0.179488,1425,3.3629975287363405,1.0,1.0,1e-06,0.009829700316665765
0.179488,1450,3.3629975287363405,1.0,1.0,1e-06,0.009829700316665765
0.179488,1475,3.3629975287363405,1.0,1.0,1e-06,0.009829700316665765
0.179488,1500,3.3629975287363405,1.0,1.0,1e-06,0.009829700316665765
0.179488,1525,3.3629975287363405,1.0,1.0,1e-06,0.009829700316665765
0.205129,-100,3.4118618751319985,3.647642746090132,4.553334600736415,-25.925925925925927,0.009094405022670879
0.205129,-75,3.4118618751319985,3.601262238538239,3.471005212070802,-20.826031272424814,0.009094405022670872
0.205129,-50,3.4118618751319985,3.5403029322492894,2.3538475358770623,-14.123085215262373,0.009094405022670877
0.205129,-25,3.4118618751319985,3.477246970720891,1.1982659563013003,-7.189595737807801,0.009094405022670875
0.205129,0,3.4118618751319985,3.4118618751319985,0.0,0.0,0.009094405022670877
0.205129,25,3.4118618751319985,3.3438687380267,1.2460616708075467,7.47637002484528,0.009094405022670872
0.205129,50,3.4118618751319985,3.2729281017661345,2.5461400538669037,15.276840323201423,0.009094405022670875
0.205129,75,3.4118618751319985,3.198619782250146,3.9079355631342296,23.44761337880538,0.00909440502267088
0.205129,100,3.4118618751319985,3.1204131260285197,5.341173105459606,32.04703863275763,0.009094405022670879
0.205129,125,3.4118618751319985,3.037621493179784,6.858436240364163,41.15061744218498,0.009094405022670877
0.205129,150,3.4118618751319985,2.9493293493167045,8.476503312792774,50.85901987675665,0.009094405022670879
0.205129,175,3.4118618751319985,2.8542686425889623,10.218613003508692,61.311678021052145,0.009094405022670875
0.205129,200,3.4118618751319985,2.7505932558347466,12.118597783450674,72.71158670070405,0.00909440502267088
0.205129,225,3.4118618751319985,2.635425011588993,14.22920395575585,85.3752237345351,0.009094405022670874
0.205129,250,3.4118618751319985,2.503802548840075,16.64135484084773,99.84812904508638,0.009094405022670877
0.205129,275,3.4118618751319985,2.345648830476865,19.539725101994716,117.23835061196829,0.009094405022670877
0.205129,300,3.4118618751319985,2.1324035122335223,23.447719774025785,140.6863186441547,0.009094405022670877
0.205129,325,3.4118618751319985,1.0,1.0,1e-06,0.009094405022670879
0.205129,350,3.4118618751319985,1.0,1.0,1e-06,0.009094405022670879
0.205129,375,3.4118618751319985,1.0,1.0,1e-06,0.009094405022670879
0.205129,400,3.4118618751319985,1.0,1.0,1e-06,0.009094405022670879
0.205129,425,3.4118618751319985,1.0,1.0,1e-06,0.009094405022670879
0.205129,450,3.4118618751319985,1.0,1.0,1e-06,0.009094405022670879
0.205129,475,3.4118618751319985,1.0,1.0,1e-06,0.009094405022670879
0.205129,500,3.4118618751319985,1.0,1.0,1e-06,0.009094405022670879
0.205129,525,3.4118618751319985,1.0,1.0,1e-06,0.009094405022670879
0.205129,550,3.4118618751319985,1.0,1.0,1e-06,0.009094405022670879
0.205129,575,3.4118618751319985,1.0,1.0,1e-06,0.009094405022670879
0.205129,600,3.4118618751319985,1.0,1.0,1e-06,0.009094405022670879
0.205129,625,3.4118618751319985,1.0,1.0,1e-06,0.009094405022670879
0.205129,650,3.4118618751319985,1.0,1.0,1e-06,0.009094405022670879
0.205129,675,3.4118618751319985,1.0,1.0,1e-06,0.009094405022670879
0.205129,700,3.4118618751319985,1.0,1.0,1e-06,0.009094405022670879
0.205129,725,3.4118618751319985,1.0,1.0,1e-06,0.009094405022670879
0.205129,750,3.4118618751319985,1.0,1.0,1e-06,0.009094405022670879
0.205129,775,3.4118618751319985,1.0,1.0,1e-06,0.009094405022670879
0.205129,800,3.4118618751319985,1.0,1.0,1e-06,0.009094405022670879
0.205129,825,3.4118618751319985,1.0,1.0,1e-06,0.009094405022670879
0.205129,850,3.4118618751319985,1.0,1.0,1e-06,0.009094405022670879
0.205129,875,3.4118618751319985,1.0,1.0,1e-06,0.009094405022670879
0.205129,900,3.4118618751319985,1.0,1.0,1e-06,0.009094405022670879
0.205129,925,3.4118618751319985,1.0,1.0,1e-06,0.009094405022670879
0.205129,950,3.4118618751319985,1.0,1.0,1e-06,0.009094405022670879
0.205129,975,3.4118618751319985,1.0,1.0,1e-06,0.009094405022670879
0.205129,1000,3.4118618751319985,1.0,1.0,1e-06,0.009094405022670879
0.205129,1025,3.4118618751319985,1.0,1.0,1e-06,0.009094405022670879
0.205129,1050,3.4118618751319985,1.0,1.0,1e-06,0.009094405022670879
0.205129,1075,3.4118618751319985,1.0,1.0,1e-06,0.009094405022670879
0.205129,1100,3.4118618751319985,1.0,1.0,1e-06,0.009094405022670879
0.205129,1125,3.4118618751319985,1.0,1.0,1e-06,0.009094405022670879
0.205129,1150,3.4118618751319985,1.0,1.0,1e-06,0.009094405022670879
0.205129,1175,3.4118618751319985,1.0,1.0,1e-06,0.009094405022670879
0.205129,1200,3.4118618751319985,1.0,1.0,1e-06,0.009094405022670879
0.205129,1225,3.4118618751319985,1.0,1.0,1e-06,0.009094405022670879
0.205129,1250,3.4118618751319985,1.0,1.0,1e-06,0.009094405022670879
0.205129,1275,3.4118618751319985,1.0,1.0,1e-06,0.009094405022670879
0.205129,1300,3.4118618751319985,1.0,1.0,1e-06,0.009094405022670879
0.205129,1325,3.4118618751319985,1.0,1.0,1e-06,0.009094405022670879
0.205129,1350,3.4118618751319985,1.0,1.0,1e-06,0.009094405022670879
0.205129,1375,3.4118618751319985,1.0,1.0,1e-06,0.009094405022670879
0.205129,1400,3.4118618751319985,1.0,1.0,1e-06,0.009094405022670879
0.205129,1425,3.4118618751319985,1.0,1.0,1e-06,0.009094405022670879
0.205129,1450,3.4118618751319985,1.0,1.0,1e-06,0.009094405022670879
0.205129,1475,3.4118618751319985,1.0,1.0,1e-06,0.009094405022670879
0.205129,1500,3.4118618751319985,1.0,1.0,1e-06,0.009094405022670879
0.205129,1525,3.4118618751319985,1.0,1.0,1e-06,0.009094405022670879
0.23077,-100,3.4404422628076285,3.6703700611456735,4.527325086080539,-25.925925925925927,0.00886864365018174
0.23077,-75,3.4404422628076285,3.623982937589622,3.4492436126959216,-20.69546167617553,0.008868643650181739
0.23077,-50,3.4404422628076285,3.564832993947614,2.337650416578198,-14.025902499469188,0.008868643650181744
0.23077,-25,3.4404422628076285,3.503722416007434,1.1892114077389344,-7.1352684464336065,0.008868643650181737
0.23077,0,3.4404422628076285,3.4404422628076285,0.0,0.0,0.00886864365018174
0.23077,25,3.4404422628076285,3.374743615286604,1.234661693348458,7.4079701600907475,0.008868643650181739
0.23077,50,3.4404422628076285,3.306325969811141,2.520420977671884,15.122525866031303,0.00886864365018174
0.23077,75,3.4404422628076285,3.2348209026848576,3.864201566654023,23.185209399924137,0.00886864365018174
0.23077,100,3.4404422628076285,3.159768412985786,5.27464816667298,31.647889000037882,0.008868643650181737
0.23077,125,3.4404422628076285,3.0805814824341953,6.762792496198273,40.57675497718964,0.008868643650181737
0.23077,150,3.4404422628076285,2.99649077117472,8.343092607022847,50.05855564213708,0.00886864365018174
0.23077,175,3.4404422628076285,2.906453866640207,10.035138352422107,60.21083011453264,0.00886864365018174
0.23077,200,3.4404422628076285,2.8089965953502936,11.866633583148406,71.19980149889044,0.008868643650181739
0.23077,225,3.4404422628076285,2.7019114693604065,13.879063183693786,83.27437910216271,0.008868643650181739
0.23077,250,3.4404422628076285,2.5816152504821748,16.139766240877478,96.83859744526487,0.008868643650181739
0.23077,275,3.4404422628076285,2.4415280959676124,18.772396438538188,112.63437863122913,0.008868643650181739
0.23077,300,3.4404422628076285,2.266634569995597,22.059135893306845,132.35481535984107,0.008868643650181742
0.23077,325,3.4404422628076285,1.99744226086395,27.11801373584539,162.70808241507234,0.00886864365018174
0.23077,350,3.4404422628076285,1.0,1.0,1e-06,0.008868643650181737
0.23077,375,3.4404422628076285,1.0,1.0,1e-06,0.008868643650181737
0.23077,400,3.4404422628076285,1.0,1.0,1e-06,0.008868643650181737
0.23077,425,3.4404422628076285,1.0,1.0,1e-06,0.008868643650181737
0.23077,450,3.4404422628076285,1.0,1.0,1e-06,0.008868643650181737
0.23077,475,3.4404422628076285,1.0,1.0,1e-06,0.008868643650181737
0.23077,500,3.4404422628076285,1.0,1.0,1e-06,0.008868643650181737
0.23077,525,3.4404422628076285,1.0,1.0,1e-06,0.008868643650181737
0.23077,550,3.4404422628076285,1.0,1.0,1e-06,0.008868643650181737
0.23077,575,3.4404422628076285,1.0,1.0,1e-06,0.008868643650181737
0.23077,600,3.4404422628076285,1.0,1.0,1e-06,0.008868643650181737
0.23077,625,3.4404422628076285,1.0,1.0,1e-06,0.008868643650181737
0.23077,650,3.4404422628076285,1.0,1.0,1e-06,0.008868643650181737
0.23077,675,3.4404422628076285,1.0,1.0,1e-06,0.008868643650181737
0.23077,700,3.4404422628076285,1.0,1.0,1e-06,0.008868643650181737
0.23077,725,3.4404422628076285,1.0,1.0,1e-06,0.008868643650181737
0.23077,750,3.4404422628076285,1.0,1.0,1e-06,0.008868643650181737
0.23077,775,3.4404422628076285,1.0,1.0,1e-06,0.008868643650181737
0.23077,800,3.4404422628076285,1.0,1.0,1e-06,0.008868643650181737
0.23077,825,3.4404422628076285,1.0,1.0,1e-06,0.008868643650181737
0.23077,850,3.4404422628076285,1.0,1.0,1e-06,0.008868643650181737
0.23077,875,3.4404422628076285,1.0,1.0,1e-06,0.008868643650181737
0.23077,900,3.4404422628076285,1.0,1.0,1e-06,0.008868643650181737
0.23077,925,3.4404422628076285,1.0,1.0,1e-06,0.008868643650181737
0.23077,950,3.4404422628076285,1.0,1.0,1e-06,0.008868643650181737
0.23077,975,3.4404422628076285,1.0,1.0,1e-06,0.008868643650181737
0.23077,1000,3.4404422628076285,1.0,1.0,1e-06,0.008868643650181737
0.23077,1025,3.4404422628076285,1.0,1.0,1e-06,0.008868643650181737
0.23077,1050,3.4404422628076285,1.0,1.0,1e-06,0.008868643650181737
0.23077,1075,3.4404422628076285,1.0,1.0,1e-06,0.008868643650181737
0.23077,1100,3.4404422628076285,1.0,1.0,1e-06,0.008868643650181737
0.23077,1125,3.4404422628076285,1.0,1.0,1e-06,0.008868643650181737
0.23077,1150,3.4404422628076285,1.0,1.0,1e-06,0.008868643650181737
0.23077,1175,3.4404422628076285,1.0,1.0,1e-06,0.008868643650181737
0.23077,1200,3.4404422628076285,1.0,1.0,1e-06,0.008868643650181737
0.23077,1225,3.4404422628076285,1.0,1.0,1e-06,0.008868643650181737
0.23077,1250,3.4404422628076285,1.0,1.0,1e-06,0.008868643650181737
0.23077,1275,3.4404422628076285,1.0,1.0,1e-06,0.008868643650181737
0.23077,1300,3.4404422628076285,1.0,1.0,1e-06,0.008868643650181737
0.23077,1325,3.4404422628076285,1.0,1.0,1e-06,0.008868643650181737
0.23077,1350,3.4404422628076285,1.0,1.0,1e-06,0.008868643650181737
0.23077,1375,3.4404422628076285,1.0,1.0,1e-06,0.008868643650181737
0.23077,1400,3.4404422628076285,1.0,1.0,1e-06,0.008868643650181737
0.23077,1425,3.4404422628076285,1.0,1.0,1e-06,0.008868643650181737
0.23077,1450,3.4404422628076285,1.0,1.0,1e-06,0.008868643650181737
0.23077,1475,3.4404422628076285,1.0,1.0,1e-06,0.008868643650181737
0.23077,1500,3.4404422628076285,1.0,1.0,1e-06,0.008868643650181737
0.23077,1525,3.4404422628076285,1.0,1.0,1e-06,0.008868643650181737
0.256411,-100,3.4625776765700547,3.689224833748529,4.505819990254458,-25.925925925925927,0.008742104634026882
0.256411,-75,3.4625776765700547,3.642576071832705,3.4316373230088306,-20.589823938052984,0.008742104634026887
0.256411,-50,3.4625776765700547,3.5845201442130445,2.3248114107510083,-13.94886846450605,0.008742104634026889
0.256411,-25,3.4625776765700547,3.5245857064641335,1.1821720377021736,-7.093032226213041,0.008742104634026884
0.256411,0,3.4625776765700547,3.4625776765700547,0.0,0.0,0.008742104634026887
0.256411,25,3.4625776765700547,3.3982646706592243,1.2261159946256892,7.356695967754136,0.008742104634026885
0.256411,50,3.4625776765700547,3.331368776872152,2.501474286241454,15.008845717448724,0.008742104634026885
0.256411,75,3.4625776765700547,3.2615512974789733,3.8325320866981056,22.995192520188635,0.008742104634026882
0.256411,100,3.4625776765700547,3.1883923274606008,5.227294810341255,31.363768862047532,0.008742104634026887
0.256411,125,3.4625776765700547,3.1113605618983176,6.695891690747153,40.17535014448292,0.008742104634026887
0.256411,150,3.4625776765700547,3.0297669268434317,8.251459799928009,49.50875879956806,0.008742104634026884
0.256411,175,3.4625776765700547,2.9426899818438463,9.911566235866703,59.46939741520022,0.008742104634026885
0.256411,200,3.4625776765700547,2.848848731429436,11.700632948878274,70.20379769326965,0.008742104634026887
0.256411,225,3.4625776765700547,2.746368883854967,13.654392977014352,81.9263578620861,0.008742104634026884
0.256411,250,3.4625776765700547,2.6323076411207937,15.828950239617768,94.97370143770661,0.008742104634026887
0.256411,275,3.4625776765700547,2.501537023750547,18.322068751401307,109.93241250840785,0.008742104634026885
0.256411,300,3.4625776765700547,2.3434404954438173,21.336150884655023,128.01690530793013,0.008742104634026889
0.256411,325,3.4625776765700547,2.126481241440225,25.472440391705792,152.83464235023476,0.008742104634026889
0.256411,350,3.4625776765700547,1.0,1.0,1e-06,0.008742104634026885
0.256411,375,3.4625776765700547,1.0,1.0,1e-06,0.008742104634026885
0.256411,400,3.4625776765700547,1.0,1.0,1e-06,0.008742104634026885
0.256411,425,3.4625776765700547,1.0,1.0,1e-06,0.008742104634026885
0.256411,450,3.4625776765700547,1.0,1.0,1e-06,0.008742104634026885
0.256411,475,3.4625776765700547,1.0,1.0,1e-06,0.008742104634026885
0.256411,500,3.4625776765700547,1.0,1.0,1e-06,0.008742104634026885
0.256411,525,3.4625776765700547,1.0,1.0,1e-06,0.008742104634026885
0.256411,550,3.4625776765700547,1.0,1.0,1e-06,0.008742104634026885
0.256411,575,3.4625776765700547,1.0,1.0,1e-06,0.008742104634026885
0.256411,600,3.4625776765700547,1.0,1.0,1e-06,0.008742104634026885
0.256411,625,3.4625776765700547,1.0,1.0,1e-06,0.008742104634026885
0.256411,650,3.4625776765700547,1.0,1.0,1e-06,0.008742104634026885
0.256411,675,3.4625776765700547,1.0,1.0,1e-06,0.008742104634026885
0.256411,700,3.4625776765700547,1.0,1.0,1e-06,0.008742104634026885
0.256411,725,3.4625776765700547,1.0,1.0,1e-06,0.008742104634026885
0.256411,750,3.4625776765700547,1.0,1.0,1e-06,0.008742104634026885
0.256411,775,3.4625776765700547,1.0,1.0,1e-06,0.008742104634026885
0.256411,800,3.4625776765700547,1.0,1.0,1e-06,0.008742104634026885
0.256411,825,3.4625776765700547,1.0,1.0,1e-06,0.008742104634026885
0.256411,850,3.4625776765700547,1.0,1.0,1e-06,0.008742104634026885
0.256411,875,3.4625776765700547,1.0,1.0,1e-06,0.008742104634026885
0.256411,900,3.4625776765700547,1.0,1.0,1e-06,0.008742104634026885
0.256411,925,3.4625776765700547,1.0,1.0,1e-06,0.008742104634026885
0.256411,950,3.4625776765700547,1.0,1.0,1e-06,0.008742104634026885
0.256411,975,3.4625776765700547,1.0,1.0,1e-06,0.008742104634026885
0.256411,1000,3.4625776765700547,1.0,1.0,1e-06,0.008742104634026885
0.256411,1025,3.4625776765700547,1.0,1.0,1e-06,0.008742104634026885
0.256411,1050,3.4625776765700547,1.0,1.0,1e-06,0.008742104634026885
0.256411,1075,3.4625776765700547,1.0,1.0,1e-06,0.008742104634026885
0.256411,1100,3.4625776765700547,1.0,1.0,1e-06,0.008742104634026885
0.256411,1125,3.4625776765700547,1.0,1.0,1e-06,0.008742104634026885
0.256411,1150,3.4625776765700547,1.0,1.0,1e-06,0.008742104634026885
0.256411,1175,3.4625776765700547,1.0,1.0,1e-06,0.008742104634026885
0.256411,1200,3.4625776765700547,1.0,1.0,1e-06,0.008742104634026885
0.256411,1225,3.4625776765700547,1.0,1.0,1e-06,0.008742104634026885
0.256411,1250,3.4625776765700547,1.0,1.0,1e-06,0.008742104634026885
0.256411,1275,3.4625776765700547,1.0,1.0,1e-06,0.008742104634026885
0.256411,1300,3.4625776765700547,1.0,1.0,1e-06,0.008742104634026885
0.256411,1325,3.4625776765700547,1.0,1.0,1e-06,0.008742104634026885
0.256411,1350,3.4625776765700547,1.0,1.0,1e-06,0.008742104634026885
0.256411,1375,3.4625776765700547,1.0,1.0,1e-06,0.008742104634026885
0.256411,1400,3.4625776765700547,1.0,1.0,1e-06,0.008742104634026885
0.256411,1425,3.4625776765700547,1.0,1.0,1e-06,0.008742104634026885
0.256411,1450,3.4625776765700547,1.0,1.0,1e-06,0.008742104634026885
0.256411,1475,3.4625776765700547,1.0,1.0,1e-06,0.008742104634026885
0.256411,1500,3.4625776765700547,1.0,1.0,1e-06,0.008742104634026885
0.256411,1525,3.4625776765700547,1.0,1.0,1e-06,0.008742104634026885
0.28205199999999997,-100,3.4891595586628465,3.7094039511431465,4.48309846518888,-25.925925925925927,0.008495140852811568
0.28205199999999997,-75,3.4891595586628465,3.663093310796069,3.412416485039928,-20.474498910239568,0.008495140852811566
0.28205199999999997,-50,3.4891595586628465,3.606921222003163,2.310372980285187,-13.86223788171112,0.008495140852811568
0.28205199999999997,-25,3.4891595586628465,3.5490013286852227,1.1740391960377956,-7.044235176226774,0.008495140852811564
0.28205199999999997,0,3.4891595586628465,3.4891595586628465,0.0,0.0,0.008495140852811566
0.28205199999999997,25,3.4891595586628465,3.4271908707996177,1.2157673219100655,7.294603931460394,0.008495140852811568
0.28205199999999997,50,3.4891595586628465,3.3628509444367953,2.4780561110266475,14.868336666159886,0.008495140852811568
0.28205199999999997,75,3.4891595586628465,3.295844760722807,3.792654359502855,22.75592615701713,0.00849514085281157
0.28205199999999997,100,3.4891595586628465,3.225810524749206,5.166660142868259,30.999960857209555,0.008495140852811568
0.28205199999999997,125,3.4891595586628465,3.152296370073548,6.608938655361033,39.6536319321662,0.008495140852811571
0.28205199999999997,150,3.4891595586628465,3.074725439975528,8.130807282811883,48.7848436968713,0.00849514085281157
0.28205199999999997,175,3.4891595586628465,2.9923413580034275,9.747105419191705,58.48263251515023,0.008495140852811568
0.28205199999999997,200,3.4891595586628465,2.9041186686705274,11.477951535841667,68.86770921505,0.008495140852811571
0.28205199999999997,225,3.4891595586628465,2.808606054650541,13.351819112511995,80.11091467507197,0.008495140852811568
0.28205199999999997,250,3.4891595586628465,2.7036279497843907,15.411390709283618,92.46834425570171,0.008495140852811575
0.28205199999999997,275,3.4891595586628465,2.585647476921157,17.726056526433016,106.3563391585981,0.008495140852811568
0.28205199999999997,300,3.4891595586628465,2.448153763080543,20.4235537628504,122.5413225771024,0.00849514085281157
0.28205199999999997,325,3.4891595586628465,2.276216713044947,23.79679683232212,142.78078099393272,0.00849514085281157
0.28205199999999997,350,3.4891595586628465,2.0096445034423986,29.02669264808372,174.16015588850232,0.008495140852811571
0.28205199999999997,375,3.4891595586628465,1.0,1.0,1e-06,0.008495140852811566
0.28205199999999997,400,3.4891595586628465,1.0,1.0,1e-06,0.008495140852811566
0.28205199999999997,425,3.4891595586628465,1.0,1.0,1e-06,0.008495140852811566
0.28205199999999997,450,3.4891595586628465,1.0,1.0,1e-06,0.008495140852811566
0.28205199999999997,475,3.4891595586628465,1.0,1.0,1e-06,0.008495140852811566
0.28205199999999997,500,3.4891595586628465,1.0,1.0,1e-06,0.008495140852811566
0.28205199999999997,525,3.4891595586628465,1.0,1.0,1e-06,0.008495140852811566
0.28205199999999997,550,3.4891595586628465,1.0,1.0,1e-06,0.008495140852811566
0.28205199999999997,575,3.4891595586628465,1.0,1.0,1e-06,0.008495140852811566
0.28205199999999997,600,3.4891595586628465,1.0,1.0,1e-06,0.008495140852811566
0.28205199999999997,625,3.4891595586628465,1.0,1.0,1e-06,0.008495140852811566
0.28205199999999997,650,3.4891595586628465,1.0,1.0,1e-06,0.008495140852811566
0.28205199999999997,675,3.4891595586628465,1.0,1.0,1e-06,0.008495140852811566
0.28205199999999997,700,3.4891595586628465,1.0,1.0,1e-06,0.008495140852811566
0.28205199999999997,725,3.4891595586628465,1.0,1.0,1e-06,0.008495140852811566
0.28205199999999997,750,3.4891595586628465,1.0,1.0,1e-06,0.008495140852811566
0.28205199999999997,775,3.4891595586628465,1.0,1.0,1e-06,0.008495140852811566
0.28205199999999997,800,3.4891595586628465,1.0,1.0,1e-06,0.008495140852811566
0.28205199999999997,825,3.4891595586628465,1.0,1.0,1e-06,0.008495140852811566
0.28205199999999997,850,3.4891595586628465,1.0,1.0,1e-06,0.008495140852811566
0.28205199999999997,875,3.4891595586628465,1.0,1.0,1e-06,0.008495140852811566
0.28205199999999997,900,3.4891595586628465,1.0,1.0,1e-06,0.008495140852811566
0.28205199999999997,925,3.4891595586628465,1.0,1.0,1e-06,0.008495140852811566
0.28205199999999997,950,3.4891595586628465,1.0,1.0,1e-06,0.008495140852811566
0.28205199999999997,975,3.4891595586628465,1.0,1.0,1e-06,0.008495140852811566
0.28205199999999997,1000,3.4891595586628465,1.0,1.0,1e-06,0.008495140852811566
0.28205199999999997,1025,3.4891595586628465,1.0,1.0,1e-06,0.008495140852811566
0.28205199999999997,1050,3.4891595586628465,1.0,1.0,1e-06,0.008495140852811566
0.28205199999999997,1075,3.4891595586628465,1.0,1.0,1e-06,0.008495140852811566
0.28205199999999997,1100,3.4891595586628465,1.0,1.0,1e-06,0.008495140852811566
0.28205199999999997,1125,3.4891595586628465,1.0,1.0,1e-06,0.008495140852811566
0.28205199999999997,1150,3.4891595586628465,1.0,1.0,1e-06,0.008495140852811566
0.28205199999999997,1175,3.4891595586628465,1.0,1.0,1e-06,0.008495140852811566
0.28205199999999997,1200,3.4891595586628465,1.0,1.0,1e-06,0.008495140852811566
0.28205199999999997,1225,3.4891595586628465,1.0,1.0,1e-06,0.008495140852811566
0.28205199999999997,1250,3.4891595586628465,1.0,1.0,1e-06,0.008495140852811566
0.28205199999999997,1275,3.4891595586628465,1.0,1.0,1e-06,0.008495140852811566
0.28205199999999997,1300,3.4891595586628465,1.0,1.0,1e-06,0.008495140852811566
0.28205199999999997,1325,3.4891595586628465,1.0,1.0,1e-06,0.008495140852811566
0.28205199999999997,1350,3.4891595586628465,1.0,1.0,1e-06,0.008495140852811566
0.28205199999999997,1375,3.4891595586628465,1.0,1.0,1e-06,0.008495140852811566
0.28205199999999997,1400,3.4891595586628465,1.0,1.0,1e-06,0.008495140852811566
0.28205199999999997,1425,3.4891595586628465,1.0,1.0,1e-06,0.008495140852811566
0.28205199999999997,1450,3.4891595586628465,1.0,1.0,1e-06,0.008495140852811566
0.28205199999999997,1475,3.4891595586628465,1.0,1.0,1e-06,0.008495140852811566
0.28205199999999997,1500,3.4891595586628465,1.0,1.0,1e-06,0.008495140852811566
0.28205199999999997,1525,3.4891595586628465,1.0,1.0,1e-06,0.008495140852811566
0.307693,-100,3.518549454820397,3.7358487404812593,4.453345305063844,-25.925925925925927,0.008381543875490402
0.307693,-75,3.518549454820397,3.688954327024085,3.3884941075114576,-20.330964645068747,0.008381543875490406
0.307693,-50,3.518549454820397,3.633874620795117,2.293236339428226,-13.759418036569356,0.008381543875490404
0.307693,-25,3.518549454820397,3.5771268015327022,1.1648082100084816,-6.988849260050889,0.008381543875490406
0.307693,0,3.518549454820397,3.518549454820397,0.0,0.0,0.008381543875490406
0.307693,25,3.518549454820397,3.457953322559077,1.2049516803723366,7.2297100822340195,0.008381543875490404
0.307693,50,3.518549454820397,3.3951140754910876,2.454507609476407,14.727045656858442,0.008381543875490408
0.307693,75,3.518549454820397,3.329762478346973,3.754021519939013,22.52412911963408,0.008381543875490411
0.307693,100,3.518549454820397,3.261570696570466,5.110012388874978,30.660074333249867,0.008381543875490406
0.307693,125,3.518549454820397,3.1901327154956434,6.530553801770754,39.183322810624524,0.008381543875490411
0.307693,150,3.518549454820397,3.1149354464622285,8.025848506232647,48.15509103739588,0.00838154387549041
0.307693,175,3.518549454820397,3.035314455746823,9.609108740428793,57.65465244257276,0.008381543875490408
0.307693,200,3.518549454820397,2.950382947265198,11.297968409230075,67.78781045538045,0.00838154387549041
0.307693,225,3.518549454820397,2.8589111193684156,13.116882069521774,78.70129241713065,0.008381543875490411
0.307693,250,3.518549454820397,2.759105511909069,15.101512605016994,90.60907563010197,0.00838154387549041
0.307693,275,3.518549454820397,2.648163359773312,17.30759288855079,103.84555733130473,0.00838154387549041
0.307693,300,3.518549454820397,2.5212356213260905,19.831545920210967,118.98927552126581,0.008381543875490411
0.307693,325,3.518549454820397,2.3684100218808486,22.870476887971773,137.22286132783063,0.00838154387549041
0.307693,350,3.518549454820397,2.161154323909678,26.991748200472927,161.95048920283756,0.008381543875490411
0.307693,375,3.518549454820397,1.0,1.0,1e-06,0.008381543875490406
0.307693,400,3.518549454820397,1.0,1.0,1e-06,0.008381543875490406
0.307693,425,3.518549454820397,1.0,1.0,1e-06,0.008381543875490406
0.307693,450,3.518549454820397,1.0,1.0,1e-06,0.008381543875490406
0.307693,475,3.518549454820397,1.0,1.0,1e-06,0.008381543875490406
0.307693,500,3.518549454820397,1.0,1.0,1e-06,0.008381543875490406
0.307693,525,3.518549454820397,1.0,1.0,1e-06,0.008381543875490406
0.307693,550,3.518549454820397,1.0,1.0,1e-06,0.008381543875490406
0.307693,575,3.518549454820397,1.0,1.0,1e-06,0.008381543875490406
0.307693,600,3.518549454820397,1.0,1.0,1e-06,0.008381543875490406
0.307693,625,3.518549454820397,1.0,1.0,1e-06,0.008381543875490406
0.307693,650,3.518549454820397,1.0,1.0,1e-06,0.008381543875490406
0.307693,675,3.518549454820397,1.0,1.0,1e-06,0.008381543875490406
0.307693,700,3.518549454820397,1.0,1.0,1e-06,0.008381543875490406
0.307693,725,3.518549454820397,1.0,1.0,1e-06,0.008381543875490406
0.307693,750,3.518549454820397,1.0,1.0,1e-06,0.008381543875490406
0.307693,775,3.518549454820397,1.0,1.0,1e-06,0.008381543875490406
0.307693,800,3.518549454820397,1.0,1.0,1e-06,0.008381543875490406
0.307693,825,3.518549454820397,1.0,1.0,1e-06,0.008381543875490406
0.307693,850,3.518549454820397,1.0,1.0,1e-06,0.008381543875490406
0.307693,875,3.518549454820397,1.0,1.0,1e-06,0.008381543875490406
0.307693,900,3.518549454820397,1.0,1.0,1e-06,0.008381543875490406
0.307693,925,3.518549454820397,1.0,1.0,1e-06,0.008381543875490406
0.307693,950,3.518549454820397,1.0,1.0,1e-06,0.008381543875490406
0.307693,975,3.518549454820397,1.0,1.0,1e-06,0.008381543875490406
0.307693,1000,3.518549454820397,1.0,1.0,1e-06,0.008381543875490406
0.307693,1025,3.518549454820397,1.0,1.0,1e-06,0.008381543875490406
0.307693,1050,3.518549454820397,1.0,1.0,1e-06,0.008381543875490406
0.307693,1075,3.518549454820397,1.0,1.0,1e-06,0.008381543875490406
0.307693,1100,3.518549454820397,1.0,1.0,1e-06,0.008381543875490406
0.307693,1125,3.518549454820397,1.0,1.0,1e-06,0.008381543875490406
0.307693,1150,3.518549454820397,1.0,1.0,1e-06,0.008381543875490406
0.307693,1175,3.518549454820397,1.0,1.0,1e-06,0.008381543875490406
0.307693,1200,3.518549454820397,1.0,1.0,1e-06,0.008381543875490406
0.307693,1225,3.518549454820397,1.0,1.0,1e-06,0.008381543875490406
0.307693,1250,3.518549454820397,1.0,1.0,1e-06,0.008381543875490406
0.307693,1275,3.518549454820397,1.0,1.0,1e-06,0.008381543875490406
0.307693,1300,3.518549454820397,1.0,1.0,1e-06,0.008381543875490406
0.307693,1325,3.518549454820397,1.0,1.0,1e-06,0.008381543875490406
0.307693,1350,3.518549454820397,1.0,1.0,1e-06,0.008381543875490406
0.307693,1375,3.518549454820397,1.0,1.0,1e-06,0.008381543875490406
0.307693,1400,3.518549454820397,1.0,1.0,1e-06,0.008381543875490406
0.307693,1425,3.518549454820397,1.0,1.0,1e-06,0.008381543875490406
0.307693,1450,3.518549454820397,1.0,1.0,1e-06,0.008381543875490406
0.307693,1475,3.518549454820397,1.0,1.0,1e-06,0.008381543875490406
0.307693,1500,3.518549454820397,1.0,1.0,1e-06,0.008381543875490406
0.307693,1525,3.518549454820397,1.0,1.0,1e-06,0.008381543875490406
0.33333399999999996,-100,3.5483393581646228,3.769250473377408,4.416051443711667,-25.925925925925927,0.008520857301064565
0.33333399999999996,-75,3.5483393581646228,3.7201250608305347,3.360102092161739,-20.160612552970434,0.008520857301064562
0.33333399999999996,-50,3.5483393581646228,3.664598444000011,2.2740099524348585,-13.644059714609151,0.008520857301064562
0.33333399999999996,-25,3.5483393581646228,3.6073907466848105,1.1550361353274068,-6.930216811964441,0.008520857301064557
0.33333399999999996,0,3.5483393581646228,3.5483393581646228,0.0,0.0,0.008520857301064562
0.33333399999999996,25,3.5483393581646228,3.4872536284696194,1.1948275378224238,7.168965226934542,0.00852085730106456
0.33333399999999996,50,3.5483393581646228,3.4239075931528475,2.433866308190789,14.603197849144735,0.008520857301064562
0.33333399999999996,75,3.5483393581646228,3.3580300746333807,3.7224205031471365,22.33452301888282,0.008520857301064558
0.33333399999999996,100,3.5483393581646228,3.2892909019778838,5.06694821569136,30.40168929414816,0.008520857301064565
0.33333399999999996,125,3.5483393581646228,3.2172812089170506,6.475446807568903,38.85268084541342,0.008520857301064567
0.33333399999999996,150,3.5483393581646228,3.1414843667147334,7.95802145790852,47.74812874745112,0.008520857301064562
0.33333399999999996,175,3.5483393581646228,3.0612314578982054,9.527756090253972,57.166536541523826,0.008520857301064562
0.33333399999999996,200,3.5483393581646228,2.975629869834431,11.202110071299984,67.2126604277999,0.008520857301064565
0.33333399999999996,225,3.5483393581646228,2.883442034022929,13.00529005179294,78.03174031075764,0.008520857301064567
0.33333399999999996,250,3.5483393581646228,2.7828637481185527,14.972585953888972,89.83551572333383,0.008520857301064567
0.33333399999999996,275,3.5483393581646228,2.671076749175014,17.159122570135576,102.95473542081345,0.008520857301064565
0.33333399999999996,300,3.5483393581646228,2.543208598679793,19.660204053240278,117.96122431944167,0.008520857301064565
0.33333399999999996,325,3.5483393581646228,2.3893114735728567,22.670408302048852,136.0224498122931,0.008520857301064565
0.33333399999999996,350,3.5483393581646228,2.1808366125824836,26.748144724265558,160.48886834559335,0.008520857301064565
0.33333399999999996,375,3.5483393581646228,1.0,1.0,1e-06,0.008520857301064562
0.33333399999999996,400,3.5483393581646228,1.0,1.0,1e-06,0.008520857301064562
0.33333399999999996,425,3.5483393581646228,1.0,1.0,1e-06,0.008520857301064562
0.33333399999999996,450,3.5483393581646228,1.0,1.0,1e-06,0.008520857301064562
0.33333399999999996,475,3.5483393581646228,1.0,1.0,1e-06,0.008520857301064562
0.33333399999999996,500,3.5483393581646228,1.0,1.0,1e-06,0.008520857301064562
0.33333399999999996,525,3.5483393581646228,1.0,1.0,1e-06,0.008520857301064562
0.33333399999999996,550,3.5483393581646228,1.0,1.0,1e-06,0.008520857301064562
0.33333399999999996,575,3.5483393581646228,1.0,1.0,1e-06,0.008520857301064562
0.33333399999999996,600,3.5483393581646228,1.0,1.0,1e-06,0.008520857301064562
0.33333399999999996,625,3.5483393581646228,1.0,1.0,1e-06,0.008520857301064562
0.33333399999999996,650,3.5483393581646228,1.0,1.0,1e-06,0.008520857301064562
0.33333399999999996,675,3.5483393581646228,1.0,1.0,1e-06,0.008520857301064562
0.33333399999999996,700,3.5483393581646228,1.0,1.0,1e-06,0.008520857301064562
0.33333399999999996,725,3.5483393581646228,1.0,1.0,1e-06,0.008520857301064562
0.33333399999999996,750,3.5483393581646228,1.0,1.0,1e-06,0.008520857301064562
0.33333399999999996,775,3.5483393581646228,1.0,1.0,1e-06,0.008520857301064562
0.33333399999999996,800,3.5483393581646228,1.0,1.0,1e-06,0.008520857301064562
0.33333399999999996,825,3.5483393581646228,1.0,1.0,1e-06,0.008520857301064562
0.33333399999999996,850,3.5483393581646228,1.0,1.0,1e-06,0.008520857301064562
0.33333399999999996,875,3.5483393581646228,1.0,1.0,1e-06,0.008520857301064562
0.33333399999999996,900,3.5483393581646228,1.0,1.0,1e-06,0.008520857301064562
0.33333399999999996,925,3.5483393581646228,1.0,1.0,1e-06,0.008520857301064562
0.33333399999999996,950,3.5483393581646228,1.0,1.0,1e-06,0.008520857301064562
0.33333399999999996,975,3.5483393581646228,1.0,1.0,1e-06,0.008520857301064562
0.33333399999999996,1000,3.5483393581646228,1.0,1.0,1e-06,0.008520857301064562
0.33333399999999996,1025,3.5483393581646228,1.0,1.0,1e-06,0.008520857301064562
0.33333399999999996,1050,3.5483393581646228,1.0,1.0,1e-06,0.008520857301064562
0.33333399999999996,1075,3.5483393581646228,1.0,1.0,1e-06,0.008520857301064562
0.33333399999999996,1100,3.5483393581646228,1.0,1.0,1e-06,0.008520857301064562
0.33333399999999996,1125,3.5483393581646228,1.0,1.0,1e-06,0.008520857301064562
0.33333399999999996,1150,3.5483393581646228,1.0,1.0,1e-06,0.008520857301064562
0.33333399999999996,1175,3.5483393581646228,1.0,1.0,1e-06,0.008520857301064562
0.33333399999999996,1200,3.5483393581646228,1.0,1.0,1e-06,0.008520857301064562
0.33333399999999996,1225,3.5483393581646228,1.0,1.0,1e-06,0.008520857301064562
0.33333399999999996,1250,3.5483393581646228,1.0,1.0,1e-06,0.008520857301064562
0.33333399999999996,1275,3.5483393581646228,1.0,1.0,1e-06,0.008520857301064562
0.33333399999999996,1300,3.5483393581646228,1.0,1.0,1e-06,0.008520857301064562
0.33333399999999996,1325,3.5483393581646228,1.0,1.0,1e-06,0.008520857301064562
0.33333399999999996,1350,3.5483393581646228,1.0,1.0,1e-06,0.008520857301064562
0.33333399999999996,1375,3.5483393581646228,1.0,1.0,1e-06,0.008520857301064562
0.33333399999999996,1400,3.5483393581646228,1.0,1.0,1e-06,0.008520857301064562
0.33333399999999996,1425,3.5483393581646228,1.0,1.0,1e-06,0.008520857301064562
0.33333399999999996,1450,3.5483393581646228,1.0,1.0,1e-06,0.008520857301064562
0.33333399999999996,1475,3.5483393581646228,1.0,1.0,1e-06,0.008520857301064562
0.33333399999999996,1500,3.5483393581646228,1.0,1.0,1e-06,0.008520857301064562
0.33333399999999996,1525,3.5483393581646228,1.0,1.0,1e-06,0.008520857301064562
0.358975,-100,3.5772663520913945,3.803196987146893,4.378797859546191,-25.925925925925927,0.008714467352140657
0.358975,-75,3.5772663520913945,3.7514866320789966,3.3320124062584635,-19.99207443755078,0.008714467352140655
0.358975,-50,3.5772663520913945,3.6951829409504455,2.2551882996055115,-13.531129797633069,0.008714467352140657
0.358975,-25,3.5772663520913945,3.637165113085151,1.1455808403298968,-6.873485041979381,0.008714467352140655
0.358975,0,3.5772663520913945,3.5772663520913945,0.0,0.0,0.008714467352140655
0.358975,25,3.5772663520913945,3.5152909170725057,1.1852978217053602,7.111786930232162,0.008714467352140657
0.358975,50,3.5772663520913945,3.4510065609518334,2.4147544161825354,14.488526497095213,0.008714467352140659
0.358975,75,3.5772663520913945,3.384134221811813,3.693706921975364,22.162241531852185,0.008714467352140659
0.358975,100,3.5772663520913945,3.3143336391895124,5.028662917213833,30.171977503282996,0.00871446735214066
0.358975,125,3.5772663520913945,3.2411827343856996,6.427694777067813,38.566168662406874,0.00871446735214066
0.358975,150,3.5772663520913945,3.1641470929619238,7.901023329670107,47.40613997802064,0.008714467352140655
0.358975,175,3.5772663520913945,3.0825330376372744,9.461915350312863,56.77149210187718,0.008714467352140659
0.358975,200,3.5772663520913945,2.9954120157769824,11.128129672233749,66.7687780334025,0.008714467352140659
0.358975,225,3.5772663520913945,2.9014914258779343,12.924387666819742,77.54632600091846,0.00871446735214066
0.358975,250,3.5772663520913945,2.7988766122610245,14.88692516280915,89.32155097685491,0.008714467352140664
0.358975,275,3.5772663520913945,2.6845852487664636,17.072779996237124,102.43667997742274,0.008714467352140657
0.358975,300,3.5772663520913945,2.5534000900849496,19.581733467525858,117.49040080515515,0.008714467352140657
0.358975,325,3.5772663520913945,2.394443995531124,22.621813985944442,135.73088391566665,0.008714467352140659
0.358975,350,3.5772663520913945,2.17482621741502,26.8220664558053,160.9323987348318,0.008714467352140659
0.358975,375,3.5772663520913945,1.0,1.0,1e-06,0.008714467352140655
0.358975,400,3.5772663520913945,1.0,1.0,1e-06,0.008714467352140655
0.358975,425,3.5772663520913945,1.0,1.0,1e-06,0.008714467352140655
0.358975,450,3.5772663520913945,1.0,1.0,1e-06,0.008714467352140655
0.358975,475,3.5772663520913945,1.0,1.0,1e-06,0.008714467352140655
0.358975,500,3.5772663520913945,1.0,1.0,1e-06,0.008714467352140655
0.358975,525,3.5772663520913945,1.0,1.0,1e-06,0.008714467352140655
0.358975,550,3.5772663520913945,1.0,1.0,1e-06,0.008714467352140655
0.358975,575,3.5772663520913945,1.0,1.0,1e-06,0.008714467352140655
0.358975,600,3.5772663520913945,1.0,1.0,1e-06,0.008714467352140655
0.358975,625,3.5772663520913945,1.0,1.0,1e-06,0.008714467352140655
0.358975,650,3.5772663520913945,1.0,1.0,1e-06,0.008714467352140655
0.358975,675,3.5772663520913945,1.0,1.0,1e-06,0.008714467352140655
0.358975,700,3.5772663520913945,1.0,1.0,1e-06,0.008714467352140655
0.358975,725,3.5772663520913945,1.0,1.0,1e-06,0.008714467352140655
0.358975,750,3.5772663520913945,1.0,1.0,1e-06,0.008714467352140655
0.358975,775,3.5772663520913945,1.0,1.0,1e-06,0.008714467352140655
0.358975,800,3.5772663520913945,1.0,1.0,1e-06,0.008714467352140655
0.358975,825,3.5772663520913945,1.0,1.0,1e-06,0.008714467352140655
0.358975,850,3.5772663520913945,1.0,1.0,1e-06,0.008714467352140655
0.358975,875,3.5772663520913945,1.0,1.0,1e-06,0.008714467352140655
0.358975,900,3.5772663520913945,1.0,1.0,1e-06,0.008714467352140655
0.358975,925,3.5772663520913945,1.0,1.0,1e-06,0.008714467352140655
0.358975,950,3.5772663520913945,1.0,1.0,1e-06,0.008714467352140655
0.358975,975,3.5772663520913945,1.0,1.0,1e-06,0.008714467352140655
0.358975,1000,3.5772663520913945,1.0,1.0,1e-06,0.008714467352140655
0.358975,1025,3.5772663520913945,1.0,1.0,1e-06,0.008714467352140655
0.358975,1050,3.5772663520913945,1.0,1.0,1e-06,0.008714467352140655
0.358975,1075,3.5772663520913945,1.0,1.0,1e-06,0.008714467352140655
0.358975,1100,3.5772663520913945,1.0,1.0,1e-06,0.008714467352140655
0.358975,1125,3.5772663520913945,1.0,1.0,1e-06,0.008714467352140655
0.358975,1150,3.5772663520913945,1.0,1.0,1e-06,0.008714467352140655
0.358975,1175,3.5772663520913945,1.0,1.0,1e-06,0.008714467352140655
0.358975,1200,3.5772663520913945,1.0,1.0,1e-06,0.008714467352140655
0.358975,1225,3.5772663520913945,1.0,1.0,1e-06,0.008714467352140655
0.358975,1250,3.5772663520913945,1.0,1.0,1e-06,0.008714467352140655
0.358975,1275,3.5772663520913945,1.0,1.0,1e-06,0.008714467352140655
0.358975,1300,3.5772663520913945,1.0,1.0,1e-06,0.008714467352140655
0.358975,1325,3.5772663520913945,1.0,1.0,1e-06,0.008714467352140655
0.358975,1350,3.5772663520913945,1.0,1.0,1e-06,0.008714467352140655
0.358975,1375,3.5772663520913945,1.0,1.0,1e-06,0.008714467352140655
0.358975,1400,3.5772663520913945,1.0,1.0,1e-06,0.008714467352140655
0.358975,1425,3.5772663520913945,1.0,1.0,1e-06,0.008714467352140655
0.358975,1450,3.5772663520913945,1.0,1.0,1e-06,0.008714467352140655
0.358975,1475,3.5772663520913945,1.0,1.0,1e-06,0.008714467352140655
0.358975,1500,3.5772663520913945,1.0,1.0,1e-06,0.008714467352140655
0.358975,1525,3.5772663520913945,1.0,1.0,1e-06,0.008714467352140655
0.38461599999999996,-100,3.6046013362503047,3.8338408940502338,4.345760714423532,-25.925925925925927,0.008842097229425836
0.38461599999999996,-75,3.6046013362503047,3.780038009263077,3.306845055358819,-19.841070332152913,0.008842097229425841
0.38461599999999996,-50,3.6046013362503047,3.7233401158709976,2.238133792239905,-13.428802753439431,0.008842097229425841
0.38461599999999996,-25,3.6046013362503047,3.6649171420832287,1.1369061032299999,-6.821436619379999,0.008842097229425838
0.38461599999999996,0,3.6046013362503047,3.6046013362503047,0.0,0.0,0.00884209722942584
0.38461599999999996,25,3.6046013362503047,3.5421958568042644,1.1762948281538015,7.057768968922809,0.008842097229425838
0.38461599999999996,50,3.6046013362503047,3.4774671783124464,2.3963801542987873,14.378280925792723,0.008842097229425838
0.38461599999999996,75,3.6046013362503047,3.4101347410684495,3.66554431103903,21.99326586623418,0.008842097229425841
0.38461599999999996,100,3.6046013362503047,3.3398565127635793,4.990234341796847,29.94140605078108,0.008842097229425843
0.38461599999999996,125,3.6046013362503047,3.266208296579263,6.378446027202956,38.270676163217736,0.008842097229425845
0.38461599999999996,150,3.6046013362503047,3.1886531175082427,7.840300929169783,47.0418055750187,0.008842097229425843
0.38461599999999996,175,3.6046013362503047,3.106494167255879,9.388933342962314,56.333600057773886,0.008842097229425841
0.38461599999999996,200,3.6046013362503047,3.0187990250657615,11.041918675791015,66.25151205474609,0.008842097229425843
0.38461599999999996,225,3.6046013362503047,2.924270285228733,12.823712017805766,76.9422721068346,0.008842097229425845
0.38461599999999996,250,3.6046013362503047,2.8210073928344324,14.770137353238804,88.62082411943283,0.008842097229425845
0.38461599999999996,275,3.6046013362503047,2.70602128879963,16.937536124730432,101.62521674838258,0.008842097229425843
0.38461599999999996,300,3.6046013362503047,2.5740898423797653,19.42434144170144,116.54604865020863,0.008842097229425843
0.38461599999999996,325,3.6046013362503047,2.4143514003042514,22.435287033958975,134.61172220375386,0.008842097229425843
0.38461599999999996,350,3.6046013362503047,2.19415991329531,26.585725579921444,159.51435347952867,0.008842097229425841
0.38461599999999996,375,3.6046013362503047,1.0,1.0,1e-06,0.00884209722942584
0.38461599999999996,400,3.6046013362503047,1.0,1.0,1e-06,0.00884209722942584
0.38461599999999996,425,3.6046013362503047,1.0,1.0,1e-06,0.00884209722942584
0.38461599999999996,450,3.6046013362503047,1.0,1.0,1e-06,0.00884209722942584
0.38461599999999996,475,3.6046013362503047,1.0,1.0,1e-06,0.00884209722942584
0.38461599999999996,500,3.6046013362503047,1.0,1.0,1e-06,0.00884209722942584
0.38461599999999996,525,3.6046013362503047,1.0,1.0,1e-06,0.00884209722942584
0.38461599999999996,550,3.6046013362503047,1.0,1.0,1e-06,0.00884209722942584
0.38461599999999996,575,3.6046013362503047,1.0,1.0,1e-06,0.00884209722942584
0.38461599999999996,600,3.6046013362503047,1.0,1.0,1e-06,0.00884209722942584
0.38461599999999996,625,3.6046013362503047,1.0,1.0,1e-06,0.00884209722942584
0.38461599999999996,650,3.6046013362503047,1.0,1.0,1e-06,0.00884209722942584
0.38461599999999996,675,3.6046013362503047,1.0,1.0,1e-06,0.00884209722942584
0.38461599999999996,700,3.6046013362503047,1.0,1.0,1e-06,0.00884209722942584
0.38461599999999996,725,3.6046013362503047,1.0,1.0,1e-06,0.00884209722942584
0.38461599999999996,750,3.6046013362503047,1.0,1.0,1e-06,0.00884209722942584
0.38461599999999996,775,3.6046013362503047,1.0,1.0,1e-06,0.00884209722942584
0.38461599999999996,800,3.6046013362503047,1.0,1.0,1e-06,0.00884209722942584
0.38461599999999996,825,3.6046013362503047,1.0,1.0,1e-06,0.00884209722942584
0.38461599999999996,850,3.6046013362503047,1.0,1.0,1e-06,0.00884209722942584
0.38461599999999996,875,3.6046013362503047,1.0,1.0,1e-06,0.00884209722942584
0.38461599999999996,900,3.6046013362503047,1.0,1.0,1e-06,0.00884209722942584
0.38461599999999996,925,3.6046013362503047,1.0,1.0,1e-06,0.00884209722942584
0.38461599999999996,950,3.6046013362503047,1.0,1.0,1e-06,0.00884209722942584
0.38461599999999996,975,3.6046013362503047,1.0,1.0,1e-06,0.00884209722942584
0.38461599999999996,1000,3.6046013362503047,1.0,1.0,1e-06,0.00884209722942584
0.38461599999999996,1025,3.6046013362503047,1.0,1.0,1e-06,0.00884209722942584
0.38461599999999996,1050,3.6046013362503047,1.0,1.0,1e-06,0.00884209722942584
0.38461599999999996,1075,3.6046013362503047,1.0,1.0,1e-06,0.00884209722942584
0.38461599999999996,1100,3.6046013362503047,1.0,1.0,1e-06,0.00884209722942584
0.38461599999999996,1125,3.6046013362503047,1.0,1.0,1e-06,0.00884209722942584
0.38461599999999996,1150,3.6046013362503047,1.0,1.0,1e-06,0.00884209722942584
0.38461599999999996,1175,3.6046013362503047,1.0,1.0,1e-06,0.00884209722942584
0.38461599999999996,1200,3.6046013362503047,1.0,1.0,1e-06,0.00884209722942584
0.38461599999999996,1225,3.6046013362503047,1.0,1.0,1e-06,0.00884209722942584
0.38461599999999996,1250,3.6046013362503047,1.0,1.0,1e-06,0.00884209722942584
0.38461599999999996,1275,3.6046013362503047,1.0,1.0,1e-06,0.00884209722942584
0.38461599999999996,1300,3.6046013362503047,1.0,1.0,1e-06,0.00884209722942584
0.38461599999999996,1325,3.6046013362503047,1.0,1.0,1e-06,0.00884209722942584
0.38461599999999996,1350,3.6046013362503047,1.0,1.0,1e-06,0.00884209722942584
0.38461599999999996,1375,3.6046013362503047,1.0,1.0,1e-06,0.00884209722942584
0.38461599999999996,1400,3.6046013362503047,1.0,1.0,1e-06,0.00884209722942584
0.38461599999999996,1425,3.6046013362503047,1.0,1.0,1e-06,0.00884209722942584
0.38461599999999996,1450,3.6046013362503047,1.0,1.0,1e-06,0.00884209722942584
0.38461599999999996,1475,3.6046013362503047,1.0,1.0,1e-06,0.00884209722942584
0.38461599999999996,1500,3.6046013362503047,1.0,1.0,1e-06,0.00884209722942584
0.38461599999999996,1525,3.6046013362503047,1.0,1.0,1e-06,0.00884209722942584
0.410257,-100,3.630258394136998,3.8618887531352466,4.315677569203917,-25.8940654152235,0.008945306783000153
0.410257,-75,3.630258394136998,3.806508621180224,3.2838491236949636,-19.70309474216978,0.008945306783000154
0.410257,-50,3.630258394136998,3.7495436669276714,2.222492674731686,-13.334956048390117,0.008945306783000153
0.410257,-25,3.630258394136998,3.6908495044772387,1.1289180611705307,-6.773508367023184,0.008945306783000154
0.410257,0,3.630258394136998,3.630258394136998,0.0,0.0,0.008945306783000153
0.410257,25,3.630258394136998,3.5675735849095314,1.1679273230105849,7.00756393806351,0.008945306783000153
0.410257,50,3.630258394136998,3.5025617625064562,2.379210959971751,14.275265759830505,0.008945306783000154
0.410257,75,3.630258394136998,3.434942764527891,3.639070825017964,21.834424950107785,0.008945306783000154
0.410257,100,3.630258394136998,3.3643752471685207,4.95386674857195,29.723200491431697,0.008945306783000154
0.410257,125,3.630258394136998,3.2904361665414674,6.331480776067132,37.988884656402796,0.008945306783000156
0.410257,150,3.630258394136998,3.212590461147225,7.781882036427521,46.691292218565124,0.008945306783000156
0.410257,175,3.630258394136998,3.130144525886193,9.317993602359023,55.90796161415414,0.008945306783000158
0.410257,200,3.630258394136998,3.042171431651524,10.957085779757465,65.7425146785448,0.008945306783000153
0.410257,225,3.630258394136998,2.9473835747926476,12.723148870312265,76.33889322187359,0.008945306783000158
0.410257,250,3.630258394136998,2.843898999454093,14.651246993885819,87.90748196331491,0.00894530678300016
0.410257,275,3.630258394136998,2.7287673293317547,16.79635080670561,100.77810484023367,0.00894530678300016
0.410257,300,3.630258394136998,2.596859308520327,19.25402729210219,115.52416375261313,0.008945306783000158
0.410257,325,3.630258394136998,2.43759951569862,22.221314993633158,133.32788996179895,0.008945306783000154
0.410257,350,3.630258394136998,2.2198965722366077,26.277500520918803,157.6650031255128,0.008945306783000154
0.410257,375,3.630258394136998,1.0,1.0,1e-06,0.008945306783000151
0.410257,400,3.630258394136998,1.0,1.0,1e-06,0.008945306783000151
0.410257,425,3.630258394136998,1.0,1.0,1e-06,0.008945306783000151
0.410257,450,3.630258394136998,1.0,1.0,1e-06,0.008945306783000151
0.410257,475,3.630258394136998,1.0,1.0,1e-06,0.008945306783000151
0.410257,500,3.630258394136998,1.0,1.0,1e-06,0.008945306783000151
0.410257,525,3.630258394136998,1.0,1.0,1e-06,0.008945306783000151
0.410257,550,3.630258394136998,1.0,1.0,1e-06,0.008945306783000151
0.410257,575,3.630258394136998,1.0,1.0,1e-06,0.008945306783000151
0.410257,600,3.630258394136998,1.0,1.0,1e-06,0.008945306783000151
0.410257,625,3.630258394136998,1.0,1.0,1e-06,0.008945306783000151
0.410257,650,3.630258394136998,1.0,1.0,1e-06,0.008945306783000151
0.410257,675,3.630258394136998,1.0,1.0,1e-06,0.008945306783000151
0.410257,700,3.630258394136998,1.0,1.0,1e-06,0.008945306783000151
0.410257,725,3.630258394136998,1.0,1.0,1e-06,0.008945306783000151
0.410257,750,3.630258394136998,1.0,1.0,1e-06,0.008945306783000151
0.410257,775,3.630258394136998,1.0,1.0,1e-06,0.008945306783000151
0.410257,800,3.630258394136998,1.0,1.0,1e-06,0.008945306783000151
0.410257,825,3.630258394136998,1.0,1.0,1e-06,0.008945306783000151
0.410257,850,3.630258394136998,1.0,1.0,1e-06,0.008945306783000151
0.410257,875,3.630258394136998,1.0,1.0,1e-06,0.008945306783000151
0.410257,900,3.630258394136998,1.0,1.0,1e-06,0.008945306783000151
0.410257,925,3.630258394136998,1.0,1.0,1e-06,0.008945306783000151
0.410257,950,3.630258394136998,1.0,1.0,1e-06,0.008945306783000151
0.410257,975,3.630258394136998,1.0,1.0,1e-06,0.008945306783000151
0.410257,1000,3.630258394136998,1.0,1.0,1e-06,0.008945306783000151
0.410257,1025,3.630258394136998,1.0,1.0,1e-06,0.008945306783000151
0.410257,1050,3.630258394136998,1.0,1.0,1e-06,0.008945306783000151
0.410257,1075,3.630258394136998,1.0,1.0,1e-06,0.008945306783000151
0.410257,1100,3.630258394136998,1.0,1.0,1e-06,0.008945306783000151
0.410257,1125,3.630258394136998,1.0,1.0,1e-06,0.008945306783000151
0.410257,1150,3.630258394136998,1.0,1.0,1e-06,0.008945306783000151
0.410257,1175,3.630258394136998,1.0,1.0,1e-06,0.008945306783000151
0.410257,1200,3.630258394136998,1.0,1.0,1e-06,0.008945306783000151
0.410257,1225,3.630258394136998,1.0,1.0,1e-06,0.008945306783000151
0.410257,1250,3.630258394136998,1.0,1.0,1e-06,0.008945306783000151
0.410257,1275,3.630258394136998,1.0,1.0,1e-06,0.008945306783000151
0.410257,1300,3.630258394136998,1.0,1.0,1e-06,0.008945306783000151
0.410257,1325,3.630258394136998,1.0,1.0,1e-06,0.008945306783000151
0.410257,1350,3.630258394136998,1.0,1.0,1e-06,0.008945306783000151
0.410257,1375,3.630258394136998,1.0,1.0,1e-06,0.008945306783000151
0.410257,1400,3.630258394136998,1.0,1.0,1e-06,0.008945306783000151
0.410257,1425,3.630258394136998,1.0,1.0,1e-06,0.008945306783000151
0.410257,1450,3.630258394136998,1.0,1.0,1e-06,0.008945306783000151
0.410257,1475,3.630258394136998,1.0,1.0,1e-06,0.008945306783000151
0.410257,1500,3.630258394136998,1.0,1.0,1e-06,0.008945306783000151
0.410257,1525,3.630258394136998,1.0,1.0,1e-06,0.008945306783000151
0.435898,-100,3.6547877420194435,3.8880119963938444,4.286680874988321,-25.720085249929927,0.009067786988576803
0.435898,-75,3.6547877420194435,3.8322510689036653,3.261790466034371,-19.570742796206225,0.009067786988576805
0.435898,-50,3.6547877420194435,3.7748942456522365,2.2075673624317584,-13.24540417459055,0.009067786988576803
0.435898,-25,3.6547877420194435,3.7157961148439944,1.1213388834822025,-6.728033300893215,0.009067786988576807
0.435898,0,3.6547877420194435,3.6547877420194435,0.0,0.0,0.009067786988576802
0.435898,25,3.6547877420194435,3.591670970869456,1.160091417187367,6.960548503124203,0.0090677869885768
0.435898,50,3.6547877420194435,3.5262108153492395,2.363254430806907,14.179526584841442,0.009067786988576807
0.435898,75,3.6547877420194435,3.4581250983003,3.61467548011605,21.6880528806963,0.009067786988576807
0.435898,100,3.6547877420194435,3.3870700107727867,4.9206738017393485,29.524042810436093,0.009067786988576805
0.435898,125,3.6547877420194435,3.31261943846801,6.289081411346227,37.73448846807736,0.009067786988576805
0.435898,150,3.6547877420194435,3.2342344133304834,7.729804585888382,46.37882751533029,0.009067786988576802
0.435898,175,3.6547877420194435,3.151216229486475,9.25568559648466,55.53411357890796,0.009067786988576809
0.435898,200,3.6547877420194435,3.062631079843934,10.883887893879775,65.30332736327865,0.009067786988576807
0.435898,225,3.6547877420194435,2.967181696604518,12.638255366333977,75.82953219800386,0.009067786988576809
0.435898,250,3.6547877420194435,2.862971783414044,14.553642095969208,87.32185257581524,0.009067786988576805
0.435898,275,3.6547877420194435,2.7470280036653523,16.684698252867477,100.10818951720486,0.009067786988576807
0.435898,300,3.6547877420194435,2.6141799049674,19.12645717496001,114.75874304976006,0.009067786988576807
0.435898,325,3.6547877420194435,2.4537624434304917,22.074943241424283,132.4496594485457,0.009067786988576807
0.435898,350,3.6547877420194435,2.2343863940393396,26.107092975927912,156.64255785556747,0.009067786988576803
0.435898,375,3.6547877420194435,1.0,1.0,1e-06,0.009067786988576803
0.435898,400,3.6547877420194435,1.0,1.0,1e-06,0.009067786988576803
0.435898,425,3.6547877420194435,1.0,1.0,1e-06,0.009067786988576803
0.435898,450,3.6547877420194435,1.0,1.0,1e-06,0.009067786988576803
0.435898,475,3.6547877420194435,1.0,1.0,1e-06,0.009067786988576803
0.435898,500,3.6547877420194435,1.0,1.0,1e-06,0.009067786988576803
0.435898,525,3.6547877420194435,1.0,1.0,1e-06,0.009067786988576803
0.435898,550,3.6547877420194435,1.0,1.0,1e-06,0.009067786988576803
0.435898,575,3.6547877420194435,1.0,1.0,1e-06,0.009067786988576803
0.435898,600,3.6547877420194435,1.0,1.0,1e-06,0.009067786988576803
0.435898,625,3.6547877420194435,1.0,1.0,1e-06,0.009067786988576803
0.435898,650,3.6547877420194435,1.0,1.0,1e-06,0.009067786988576803
0.435898,675,3.6547877420194435,1.0,1.0,1e-06,0.009067786988576803
0.435898,700,3.6547877420194435,1.0,1.0,1e-06,0.009067786988576803
0.435898,725,3.6547877420194435,1.0,1.0,1e-06,0.009067786988576803
0.435898,750,3.6547877420194435,1.0,1.0,1e-06,0.009067786988576803
0.435898,775,3.6547877420194435,1.0,1.0,1e-06,0.009067786988576803
0.435898,800,3.6547877420194435,1.0,1.0,1e-06,0.009067786988576803
0.435898,825,3.6547877420194435,1.0,1.0,1e-06,0.009067786988576803
0.435898,850,3.6547877420194435,1.0,1.0,1e-06,0.009067786988576803
0.435898,875,3.6547877420194435,1.0,1.0,1e-06,0.009067786988576803
0.435898,900,3.6547877420194435,1.0,1.0,1e-06,0.009067786988576803
0.435898,925,3.6547877420194435,1.0,1.0,1e-06,0.009067786988576803
0.435898,950,3.6547877420194435,1.0,1.0,1e-06,0.009067786988576803
0.435898,975,3.6547877420194435,1.0,1.0,1e-06,0.009067786988576803
0.435898,1000,3.6547877420194435,1.0,1.0,1e-06,0.009067786988576803
0.435898,1025,3.6547877420194435,1.0,1.0,1e-06,0.009067786988576803
0.435898,1050,3.6547877420194435,1.0,1.0,1e-06,0.009067786988576803
0.435898,1075,3.6547877420194435,1.0,1.0,1e-06,0.009067786988576803
0.435898,1100,3.6547877420194435,1.0,1.0,1e-06,0.009067786988576803
0.435898,1125,3.6547877420194435,1.0,1.0,1e-06,0.009067786988576803
0.435898,1150,3.6547877420194435,1.0,1.0,1e-06,0.009067786988576803
0.435898,1175,3.6547877420194435,1.0,1.0,1e-06,0.009067786988576803
0.435898,1200,3.6547877420194435,1.0,1.0,1e-06,0.009067786988576803
0.435898,1225,3.6547877420194435,1.0,1.0,1e-06,0.009067786988576803
0.435898,1250,3.6547877420194435,1.0,1.0,1e-06,0.009067786988576803
0.435898,1275,3.6547877420194435,1.0,1.0,1e-06,0.009067786988576803
0.435898,1300,3.6547877420194435,1.0,1.0,1e-06,0.009067786988576803
0.435898,1325,3.6547877420194435,1.0,1.0,1e-06,0.009067786988576803
0.435898,1350,3.6547877420194435,1.0,1.0,1e-06,0.009067786988576803
0.435898,1375,3.6547877420194435,1.0,1.0,1e-06,0.009067786988576803
0.435898,1400,3.6547877420194435,1.0,1.0,1e-06,0.009067786988576803
0.435898,1425,3.6547877420194435,1.0,1.0,1e-06,0.009067786988576803
0.435898,1450,3.6547877420194435,1.0,1.0,1e-06,0.009067786988576803
0.435898,1475,3.6547877420194435,1.0,1.0,1e-06,0.009067786988576803
0.435898,1500,3.6547877420194435,1.0,1.0,1e-06,0.009067786988576803
0.435898,1525,3.6547877420194435,1.0,1.0,1e-06,0.009067786988576803
0.461539,-100,3.6794563489140213,3.915352803821295,4.25674709323778,-25.54048255942668,0.009236178461326957
0.461539,-75,3.6794563489140213,3.8589639557590476,3.23921139023474,-19.43526834140844,0.009236178461326955
0.461539,-50,3.6794563489140213,3.8009544946345857,2.1924317549964454,-13.154590529978673,0.009236178461326959
0.461539,-25,3.6794563489140213,3.7411761010182665,1.1137317662038397,-6.682390597223039,0.009236178461326953
0.461539,0,3.6794563489140213,3.6794563489140213,0.0,0.0,0.009236178461326953
0.461539,25,3.6794563489140213,3.615592835504623,1.1524158986461575,6.914495391876945,0.009236178461326957
0.461539,50,3.6794563489140213,3.549345334181543,2.347850814368545,14.087104886211268,0.009236178461326955
0.461539,75,3.6794563489140213,3.480425090798174,3.591515310313243,21.549091861879457,0.009236178461326959
0.461539,100,3.6794563489140213,3.4084798787614967,4.889765308728374,29.338591852370243,0.009236178461326957
0.461539,125,3.6794563489140213,3.3330725581224314,6.25048899177552,37.50293395065312,0.009236178461326957
0.461539,150,3.6794563489140213,3.253649313238054,7.683679952317855,46.10207971390713,0.009236178461326953
0.461539,175,3.6794563489140213,3.169490756709462,9.20231952244191,55.21391713465145,0.009236178461326957
0.461539,200,3.6794563489140213,3.0796330351723533,10.82380041798318,64.94280250789909,0.009236178461326959
0.461539,225,3.6794563489140213,2.9827328122832792,12.57236311800043,75.43417870800258,0.009236178461326959
0.461539,250,3.6794563489140213,2.8768179201199335,14.483595355568974,86.90157213341385,0.009236178461326955
0.461539,275,3.6794563489140213,2.7587769647973346,16.61364217483973,99.68185304903837,0.009236178461326955
0.461539,300,3.6794563489140213,2.623147741159833,19.061068965140464,114.36641379084278,0.009236178461326957
0.461539,325,3.6794563489140213,2.4584702499292264,22.032671197963854,132.19602718778313,0.009236178461326953
0.461539,350,3.6794563489140213,2.229519521752575,26.164082782948142,156.98449669768885,0.009236178461326953
0.461539,375,3.6794563489140213,1.0,1.0,1e-06,0.009236178461326957
0.461539,400,3.6794563489140213,1.0,1.0,1e-06,0.009236178461326957
0.461539,425,3.6794563489140213,1.0,1.0,1e-06,0.009236178461326957
0.461539,450,3.6794563489140213,1.0,1.0,1e-06,0.009236178461326957
0.461539,475,3.6794563489140213,1.0,1.0,1e-06,0.009236178461326957
0.461539,500,3.6794563489140213,1.0,1.0,1e-06,0.009236178461326957
0.461539,525,3.6794563489140213,1.0,1.0,1e-06,0.009236178461326957
0.461539,550,3.6794563489140213,1.0,1.0,1e-06,0.009236178461326957
0.461539,575,3.6794563489140213,1.0,1.0,1e-06,0.009236178461326957
0.461539,600,3.6794563489140213,1.0,1.0,1e-06,0.009236178461326957
0.461539,625,3.6794563489140213,1.0,1.0,1e-06,0.009236178461326957
0.461539,650,3.6794563489140213,1.0,1.0,1e-06,0.009236178461326957
0.461539,675,3.6794563489140213,1.0,1.0,1e-06,0.009236178461326957
0.461539,700,3.6794563489140213,1.0,1.0,1e-06,0.009236178461326957
0.461539,725,3.6794563489140213,1.0,1.0,1e-06,0.009236178461326957
0.461539,750,3.6794563489140213,1.0,1.0,1e-06,0.009236178461326957
0.461539,775,3.6794563489140213,1.0,1.0,1e-06,0.009236178461326957
0.461539,800,3.6794563489140213,1.0,1.0,1e-06,0.009236178461326957
0.461539,825,3.6794563489140213,1.0,1.0,1e-06,0.009236178461326957
0.461539,850,3.6794563489140213,1.0,1.0,1e-06,0.009236178461326957
0.461539,875,3.6794563489140213,1.0,1.0,1e-06,0.009236178461326957
0.461539,900,3.6794563489140213,1.0,1.0,1e-06,0.009236178461326957
0.461539,925,3.6794563489140213,1.0,1.0,1e-06,0.009236178461326957
0.461539,950,3.6794563489140213,1.0,1.0,1e-06,0.009236178461326957
0.461539,975,3.6794563489140213,1.0,1.0,1e-06,0.009236178461326957
0.461539,1000,3.6794563489140213,1.0,1.0,1e-06,0.009236178461326957
0.461539,1025,3.6794563489140213,1.0,1.0,1e-06,0.009236178461326957
0.461539,1050,3.6794563489140213,1.0,1.0,1e-06,0.009236178461326957
0.461539,1075,3.6794563489140213,1.0,1.0,1e-06,0.009236178461326957
0.461539,1100,3.6794563489140213,1.0,1.0,1e-06,0.009236178461326957
0.461539,1125,3.6794563489140213,1.0,1.0,1e-06,0.009236178461326957
0.461539,1150,3.6794563489140213,1.0,1.0,1e-06,0.009236178461326957
0.461539,1175,3.6794563489140213,1.0,1.0,1e-06,0.009236178461326957
0.461539,1200,3.6794563489140213,1.0,1.0,1e-06,0.009236178461326957
0.461539,1225,3.6794563489140213,1.0,1.0,1e-06,0.009236178461326957
0.461539,1250,3.6794563489140213,1.0,1.0,1e-06,0.009236178461326957
0.461539,1275,3.6794563489140213,1.0,1.0,1e-06,0.009236178461326957
0.461539,1300,3.6794563489140213,1.0,1.0,1e-06,0.009236178461326957
0.461539,1325,3.6794563489140213,1.0,1.0,1e-06,0.009236178461326957
0.461539,1350,3.6794563489140213,1.0,1.0,1e-06,0.009236178461326957
0.461539,1375,3.6794563489140213,1.0,1.0,1e-06,0.009236178461326957
0.461539,1400,3.6794563489140213,1.0,1.0,1e-06,0.009236178461326957
0.461539,1425,3.6794563489140213,1.0,1.0,1e-06,0.009236178461326957
0.461539,1450,3.6794563489140213,1.0,1.0,1e-06,0.009236178461326957
0.461539,1475,3.6794563489140213,1.0,1.0,1e-06,0.009236178461326957
0.461539,1500,3.6794563489140213,1.0,1.0,1e-06,0.009236178461326957
0.461539,1525,3.6794563489140213,1.0,1.0,1e-06,0.009236178461326957
0.48718,-100,3.7042997853665263,3.9425785286568718,4.2273518575531215,-25.364111145318727,0.00939432657131858
0.48718,-75,3.7042997853665263,3.8856281241417454,3.216983097877127,-19.301898587262762,0.00939432657131858
0.48718,-50,3.7042997853665263,3.827036105489599,2.1774901264662185,-13.064940758797311,0.009394326571318577
0.48718,-25,3.7042997853665263,3.76665175720301,1.1061990688941976,-6.637194413365186,0.009394326571318577
0.48718,0,3.7042997853665263,3.7042997853665263,0.0,0.0,0.009394326571318576
0.48718,25,3.7042997853665263,3.6397743109220775,1.1447596226402041,6.868557735841224,0.00939432657131858
0.48718,50,3.7042997853665263,3.57283083242796,2.3324175490476042,13.994505294285625,0.009394326571318579
0.48718,75,3.7042997853665263,3.503175250489051,3.568191456666341,21.409148739998045,0.009394326571318577
0.48718,100,3.7042997853665263,3.4304485234356203,4.858451177099979,29.15070706259987,0.009394326571318579
0.48718,125,3.7042997853665263,3.3542046198992193,6.211109843966319,37.26665906379791,0.009394326571318577
0.48718,150,3.7042997853665263,3.273877798883615,7.636204383842593,45.817226303055556,0.009394326571318579
0.48718,175,3.7042997853665263,3.1887321292051585,9.146791102185471,54.88074661311283,0.00939432657131858
0.48718,200,3.7042997853665263,3.0977798179431324,10.760394634976363,64.56236780985817,0.009394326571318579
0.48718,225,3.7042997853665263,2.9996409586266726,12.501496184786276,75.00897710871766,0.00939432657131858
0.48718,250,3.7042997853665263,2.8922833370724805,14.40614967855845,86.4368980713507,0.009394326571318582
0.48718,275,3.7042997853665263,2.772486471253307,16.53149034578131,99.18894207468786,0.009394326571318579
0.48718,300,3.7042997853665263,2.63455723772231,18.978521052450997,113.87112631470598,0.009394326571318577
0.48718,325,3.7042997853665263,2.466399914488786,21.96183447317945,131.7710068390767,0.009394326571318577
0.48718,350,3.7042997853665263,2.2295686587841574,26.16350615779827,156.98103694678963,0.009394326571318576
0.48718,375,3.7042997853665263,1.0,1.0,1e-06,0.009394326571318577
0.48718,400,3.7042997853665263,1.0,1.0,1e-06,0.009394326571318577
0.48718,425,3.7042997853665263,1.0,1.0,1e-06,0.009394326571318577
0.48718,450,3.7042997853665263,1.0,1.0,1e-06,0.009394326571318577
0.48718,475,3.7042997853665263,1.0,1.0,1e-06,0.009394326571318577
0.48718,500,3.7042997853665263,1.0,1.0,1e-06,0.009394326571318577
0.48718,525,3.7042997853665263,1.0,1.0,1e-06,0.009394326571318577
0.48718,550,3.7042997853665263,1.0,1.0,1e-06,0.009394326571318577
0.48718,575,3.7042997853665263,1.0,1.0,1e-06,0.009394326571318577
0.48718,600,3.7042997853665263,1.0,1.0,1e-06,0.009394326571318577
0.48718,625,3.7042997853665263,1.0,1.0,1e-06,0.009394326571318577
0.48718,650,3.7042997853665263,1.0,1.0,1e-06,0.009394326571318577
0.48718,675,3.7042997853665263,1.0,1.0,1e-06,0.009394326571318577
0.48718,700,3.7042997853665263,1.0,1.0,1e-06,0.009394326571318577
0.48718,725,3.7042997853665263,1.0,1.0,1e-06,0.009394326571318577
0.48718,750,3.7042997853665263,1.0,1.0,1e-06,0.009394326571318577
0.48718,775,3.7042997853665263,1.0,1.0,1e-06,0.009394326571318577
0.48718,800,3.7042997853665263,1.0,1.0,1e-06,0.009394326571318577
0.48718,825,3.7042997853665263,1.0,1.0,1e-06,0.009394326571318577
0.48718,850,3.7042997853665263,1.0,1.0,1e-06,0.009394326571318577
0.48718,875,3.7042997853665263,1.0,1.0,1e-06,0.009394326571318577
0.48718,900,3.7042997853665263,1.0,1.0,1e-06,0.009394326571318577
0.48718,925,3.7042997853665263,1.0,1.0,1e-06,0.009394326571318577
0.48718,950,3.7042997853665263,1.0,1.0,1e-06,0.009394326571318577
0.48718,975,3.7042997853665263,1.0,1.0,1e-06,0.009394326571318577
0.48718,1000,3.7042997853665263,1.0,1.0,1e-06,0.009394326571318577
0.48718,1025,3.7042997853665263,1.0,1.0,1e-06,0.009394326571318577
0.48718,1050,3.7042997853665263,1.0,1.0,1e-06,0.009394326571318577
0.48718,1075,3.7042997853665263,1.0,1.0,1e-06,0.009394326571318577
0.48718,1100,3.7042997853665263,1.0,1.0,1e-06,0.009394326571318577
0.48718,1125,3.7042997853665263,1.0,1.0,1e-06,0.009394326571318577
0.48718,1150,3.7042997853665263,1.0,1.0,1e-06,0.009394326571318577
0.48718,1175,3.7042997853665263,1.0,1.0,1e-06,0.009394326571318577
0.48718,1200,3.7042997853665263,1.0,1.0,1e-06,0.009394326571318577
0.48718,1225,3.7042997853665263,1.0,1.0,1e-06,0.009394326571318577
0.48718,1250,3.7042997853665263,1.0,1.0,1e-06,0.009394326571318577
0.48718,1275,3.7042997853665263,1.0,1.0,1e-06,0.009394326571318577
0.48718,1300,3.7042997853665263,1.0,1.0,1e-06,0.009394326571318577
0.48718,1325,3.7042997853665263,1.0,1.0,1e-06,0.009394326571318577
0.48718,1350,3.7042997853665263,1.0,1.0,1e-06,0.009394326571318577
0.48718,1375,3.7042997853665263,1.0,1.0,1e-06,0.009394326571318577
0.48718,1400,3.7042997853665263,1.0,1.0,1e-06,0.009394326571318577
0.48718,1425,3.7042997853665263,1.0,1.0,1e-06,0.009394326571318577
0.48718,1450,3.7042997853665263,1.0,1.0,1e-06,0.009394326571318577
0.48718,1475,3.7042997853665263,1.0,1.0,1e-06,0.009394326571318577
0.48718,1500,3.7042997853665263,1.0,1.0,1e-06,0.009394326571318577
0.48718,1525,3.7042997853665263,1.0,1.0,1e-06,0.009394326571318577
0.5128210000000001,-100,3.7279400664739413,3.964988371250994,4.2034591545115125,-25.220754927069077,0.009398937718657742
0.5128210000000001,-75,3.7279400664739413,3.9083047939121305,3.1983175978165588,-19.189905586899354,0.009398937718657739
0.5128210000000001,-50,3.7279400664739413,3.8500040638462956,2.16449987977624,-12.98699927865744,0.009398937718657742
0.5128210000000001,-25,3.7279400664739413,3.7899393288831593,1.0994019442244012,-6.596411665346407,0.00939893771865774
0.5128210000000001,0,3.7279400664739413,3.7279400664739413,0.0,0.0,0.009398937718657742
0.5128210000000001,25,3.7279400664739413,3.6638063707518542,1.1372507837556982,6.82350470253419,0.009398937718657739
0.5128210000000001,50,3.7279400664739413,3.5973013341926032,2.316551369807251,13.899308218843506,0.009398937718657744
0.5128210000000001,75,3.7279400664739413,3.5281406843139878,3.5429426200532856,21.257655720319715,0.009398937718657744
0.5128210000000001,100,3.7279400664739413,3.4559783601434786,4.822561060820624,28.935366364923745,0.009398937718657746
0.5128210000000001,125,3.7279400664739413,3.380385896373866,6.163004453332152,36.97802671999291,0.009398937718657744
0.5128210000000001,150,3.7279400664739413,3.300822018309466,7.573870951334688,45.44322570800813,0.009398937718657746
0.5128210000000001,175,3.7279400664739413,3.2165860852045376,9.067584667118277,54.40550800270966,0.009398937718657746
0.5128210000000001,200,3.7279400664739413,3.126743465438442,10.660718956250932,63.96431373750559,0.009398937718657747
0.5128210000000001,225,3.7279400664739413,3.029998891416493,12.3762421518475,74.257452911085,0.009398937718657746
0.5128210000000001,250,3.7279400664739413,2.924465132302024,14.247619575436104,85.48571745261663,0.009398937718657746
0.5128210000000001,275,3.7279400664739413,2.807196629646632,16.32708334332205,97.96250005993231,0.009398937718657744
0.5128210000000001,300,3.7279400664739413,2.673107209003917,18.704824045808305,112.22894427484982,0.009398937718657744
0.5128210000000001,325,3.7279400664739413,2.5118353944360927,21.56457655889791,129.38745935338747,0.009398937718657739
0.5128210000000001,350,3.7279400664739413,2.2938026556322755,25.43084218256519,152.58505309539115,0.00939893771865774
0.5128210000000001,375,3.7279400664739413,1.0,1.0,1e-06,0.00939893771865774
0.5128210000000001,400,3.7279400664739413,1.0,1.0,1e-06,0.00939893771865774
0.5128210000000001,425,3.7279400664739413,1.0,1.0,1e-06,0.00939893771865774
0.5128210000000001,450,3.7279400664739413,1.0,1.0,1e-06,0.00939893771865774
0.5128210000000001,475,3.7279400664739413,1.0,1.0,1e-06,0.00939893771865774
0.5128210000000001,500,3.7279400664739413,1.0,1.0,1e-06,0.00939893771865774
0.5128210000000001,525,3.7279400664739413,1.0,1.0,1e-06,0.00939893771865774
0.5128210000000001,550,3.7279400664739413,1.0,1.0,1e-06,0.00939893771865774
0.5128210000000001,575,3.7279400664739413,1.0,1.0,1e-06,0.00939893771865774
0.5128210000000001,600,3.7279400664739413,1.0,1.0,1e-06,0.00939893771865774
0.5128210000000001,625,3.7279400664739413,1.0,1.0,1e-06,0.00939893771865774
0.5128210000000001,650,3.7279400664739413,1.0,1.0,1e-06,0.00939893771865774
0.5128210000000001,675,3.7279400664739413,1.0,1.0,1e-06,0.00939893771865774
0.5128210000000001,700,3.7279400664739413,1.0,1.0,1e-06,0.00939893771865774
0.5128210000000001,725,3.7279400664739413,1.0,1.0,1e-06,0.00939893771865774
0.5128210000000001,750,3.7279400664739413,1.0,1.0,1e-06,0.00939893771865774
0.5128210000000001,775,3.7279400664739413,1.0,1.0,1e-06,0.00939893771865774
0.5128210000000001,800,3.7279400664739413,1.0,1.0,1e-06,0.00939893771865774
0.5128210000000001,825,3.7279400664739413,1.0,1.0,1e-06,0.00939893771865774
0.5128210000000001,850,3.7279400664739413,1.0,1.0,1e-06,0.00939893771865774
0.5128210000000001,875,3.7279400664739413,1.0,1.0,1e-06,0.00939893771865774
0.5128210000000001,900,3.7279400664739413,1.0,1.0,1e-06,0.00939893771865774
0.5128210000000001,925,3.7279400664739413,1.0,1.0,1e-06,0.00939893771865774
0.5128210000000001,950,3.7279400664739413,1.0,1.0,1e-06,0.00939893771865774
0.5128210000000001,975,3.7279400664739413,1.0,1.0,1e-06,0.00939893771865774
0.5128210000000001,1000,3.7279400664739413,1.0,1.0,1e-06,0.00939893771865774
0.5128210000000001,1025,3.7279400664739413,1.0,1.0,1e-06,0.00939893771865774
0.5128210000000001,1050,3.7279400664739413,1.0,1.0,1e-06,0.00939893771865774
0.5128210000000001,1075,3.7279400664739413,1.0,1.0,1e-06,0.00939893771865774
0.5128210000000001,1100,3.7279400664739413,1.0,1.0,1e-06,0.00939893771865774
0.5128210000000001,1125,3.7279400664739413,1.0,1.0,1e-06,0.00939893771865774
0.5128210000000001,1150,3.7279400664739413,1.0,1.0,1e-06,0.00939893771865774
0.5128210000000001,1175,3.7279400664739413,1.0,1.0,1e-06,0.00939893771865774
0.5128210000000001,1200,3.7279400664739413,1.0,1.0,1e-06,0.00939893771865774
0.5128210000000001,1225,3.7279400664739413,1.0,1.0,1e-06,0.00939893771865774
0.5128210000000001,1250,3.7279400664739413,1.0,1.0,1e-06,0.00939893771865774
0.5128210000000001,1275,3.7279400664739413,1.0,1.0,1e-06,0.00939893771865774
0.5128210000000001,1300,3.7279400664739413,1.0,1.0,1e-06,0.00939893771865774
0.5128210000000001,1325,3.7279400664739413,1.0,1.0,1e-06,0.00939893771865774
0.5128210000000001,1350,3.7279400664739413,1.0,1.0,1e-06,0.00939893771865774
0.5128210000000001,1375,3.7279400664739413,1.0,1.0,1e-06,0.00939893771865774
0.5128210000000001,1400,3.7279400664739413,1.0,1.0,1e-06,0.00939893771865774
0.5128210000000001,1425,3.7279400664739413,1.0,1.0,1e-06,0.00939893771865774
0.5128210000000001,1450,3.7279400664739413,1.0,1.0,1e-06,0.00939893771865774
0.5128210000000001,1475,3.7279400664739413,1.0,1.0,1e-06,0.00939893771865774
0.5128210000000001,1500,3.7279400664739413,1.0,1.0,1e-06,0.00939893771865774
0.5128210000000001,1525,3.7279400664739413,1.0,1.0,1e-06,0.00939893771865774
0.538462,-100,3.750008617138194,3.982100467502028,4.185395823807948,-25.112374942847687,0.009242130658372344
0.538462,-75,3.750008617138194,3.9265405516149285,3.183463875053819,-19.100783250322912,0.00924213065837235
0.538462,-50,3.750008617138194,3.8694334725333865,2.1536313758813246,-12.921788255287948,0.009242130658372344
0.538462,-25,3.750008617138194,3.8106422973500536,1.0934289659158491,-6.560573795495095,0.009242130658372346
0.538462,0,3.750008617138194,3.750008617138194,0.0,0.0,0.009242130658372347
0.538462,25,3.750008617138194,3.6873475130128277,1.1299902306366014,6.779941383819608,0.009242130658372346
0.538462,50,3.750008617138194,3.6224408951822022,2.3004746176580984,13.80284770594859,0.009242130658372346
0.538462,75,3.750008617138194,3.5550285220180435,3.516146191959178,21.096877151755066,0.009242130658372347
0.538462,100,3.750008617138194,3.484795627751631,4.78268123787216,28.69608742723296,0.009242130658372344
0.538462,125,3.750008617138194,3.411355448398835,6.107054409446467,36.6423264566788,0.009242130658372344
0.538462,150,3.750008617138194,3.3342238117271465,7.497996958713419,44.98798175228052,0.009242130658372344
0.538462,175,3.750008617138194,3.252780884047689,8.96668656954609,53.80011941727654,0.00924213065837235
0.538462,200,3.750008617138194,3.1662111182933206,10.527830295568213,63.16698177340928,0.00924213065837235
0.538462,225,3.750008617138194,3.0734039743813417,12.201454905565589,73.20872943339353,0.009242130658372347
0.538462,250,3.750008617138194,2.9727786444685984,14.01606767600917,84.09640605605502,0.009242130658372346
0.538462,275,3.750008617138194,2.8619466706654264,16.014740527179953,96.08844316307972,0.009242130658372346
0.538462,300,3.750008617138194,2.7369799228651015,18.268310842287597,109.60986505372558,0.009242130658372344
0.538462,325,3.750008617138194,2.590510208741601,20.909651883973606,125.45791130384163,0.009242130658372347
0.538462,350,3.750008617138194,2.4049999941386657,24.255024314137273,145.53014588482364,0.009242130658372344
0.538462,375,3.750008617138194,2.0982578869571027,29.786615071723904,178.71969043034343,0.009242130658372342
0.538462,400,3.750008617138194,1.0,1.0,1e-06,0.009242130658372344
0.538462,425,3.750008617138194,1.0,1.0,1e-06,0.009242130658372344
0.538462,450,3.750008617138194,1.0,1.0,1e-06,0.009242130658372344
0.538462,475,3.750008617138194,1.0,1.0,1e-06,0.009242130658372344
0.538462,500,3.750008617138194,1.0,1.0,1e-06,0.009242130658372344
0.538462,525,3.750008617138194,1.0,1.0,1e-06,0.009242130658372344
0.538462,550,3.750008617138194,1.0,1.0,1e-06,0.009242130658372344
0.538462,575,3.750008617138194,1.0,1.0,1e-06,0.009242130658372344
0.538462,600,3.750008617138194,1.0,1.0,1e-06,0.009242130658372344
0.538462,625,3.750008617138194,1.0,1.0,1e-06,0.009242130658372344
0.538462,650,3.750008617138194,1.0,1.0,1e-06,0.009242130658372344
0.538462,675,3.750008617138194,1.0,1.0,1e-06,0.009242130658372344
0.538462,700,3.750008617138194,1.0,1.0,1e-06,0.009242130658372344
0.538462,725,3.750008617138194,1.0,1.0,1e-06,0.009242130658372344
0.538462,750,3.750008617138194,1.0,1.0,1e-06,0.009242130658372344
0.538462,775,3.750008617138194,1.0,1.0,1e-06,0.009242130658372344
0.538462,800,3.750008617138194,1.0,1.0,1e-06,0.009242130658372344
0.538462,825,3.750008617138194,1.0,1.0,1e-06,0.009242130658372344
0.538462,850,3.750008617138194,1.0,1.0,1e-06,0.009242130658372344
0.538462,875,3.750008617138194,1.0,1.0,1e-06,0.009242130658372344
0.538462,900,3.750008617138194,1.0,1.0,1e-06,0.009242130658372344
0.538462,925,3.750008617138194,1.0,1.0,1e-06,0.009242130658372344
0.538462,950,3.750008617138194,1.0,1.0,1e-06,0.009242130658372344
0.538462,975,3.750008617138194,1.0,1.0,1e-06,0.009242130658372344
0.538462,1000,3.750008617138194,1.0,1.0,1e-06,0.009242130658372344
0.538462,1025,3.750008617138194,1.0,1.0,1e-06,0.009242130658372344
0.538462,1050,3.750008617138194,1.0,1.0,1e-06,0.009242130658372344
0.538462,1075,3.750008617138194,1.0,1.0,1e-06,0.009242130658372344
0.538462,1100,3.750008617138194,1.0,1.0,1e-06,0.009242130658372344
0.538462,1125,3.750008617138194,1.0,1.0,1e-06,0.009242130658372344
0.538462,1150,3.750008617138194,1.0,1.0,1e-06,0.009242130658372344
0.538462,1175,3.750008617138194,1.0,1.0,1e-06,0.009242130658372344
0.538462,1200,3.750008617138194,1.0,1.0,1e-06,0.009242130658372344
0.538462,1225,3.750008617138194,1.0,1.0,1e-06,0.009242130658372344
0.538462,1250,3.750008617138194,1.0,1.0,1e-06,0.009242130658372344
0.538462,1275,3.750008617138194,1.0,1.0,1e-06,0.009242130658372344
0.538462,1300,3.750008617138194,1.0,1.0,1e-06,0.009242130658372344
0.538462,1325,3.750008617138194,1.0,1.0,1e-06,0.009242130658372344
0.538462,1350,3.750008617138194,1.0,1.0,1e-06,0.009242130658372344
0.538462,1375,3.750008617138194,1.0,1.0,1e-06,0.009242130658372344
0.538462,1400,3.750008617138194,1.0,1.0,1e-06,0.009242130658372344
0.538462,1425,3.750008617138194,1.0,1.0,1e-06,0.009242130658372344
0.538462,1450,3.750008617138194,1.0,1.0,1e-06,0.009242130658372344
0.538462,1475,3.750008617138194,1.0,1.0,1e-06,0.009242130658372344
0.538462,1500,3.750008617138194,1.0,1.0,1e-06,0.009242130658372344
0.538462,1525,3.750008617138194,1.0,1.0,1e-06,0.009242130658372344
0.564103,-100,3.7712688659346547,3.9977276569670357,4.169035036096282,-25.01421021657769,0.009053205720734678
0.564103,-75,3.7712688659346547,3.9434506647643057,3.169812700255274,-19.018876201531643,0.009053205720734684
0.564103,-50,3.7712688659346547,3.887702738702361,2.1435109352303097,-12.861065611381857,0.009053205720734684
0.564103,-25,3.7712688659346547,3.830357384395212,1.0878010192055638,-6.5268061152333825,0.009053205720734682
0.564103,0,3.7712688659346547,3.7712688659346547,0.0,0.0,0.00905320572073468
0.564103,25,3.7712688659346547,3.7102678404696805,1.1230096709511965,6.738058025707179,0.009053205720734677
0.564103,50,3.7712688659346547,3.6471556303292214,2.2848855870132145,13.709313522079288,0.00905320572073468
0.564103,75,3.7712688659346547,3.581696573850412,3.489966205194818,20.939797231168907,0.009053205720734684
0.564103,100,3.7712688659346547,3.51360760311435,4.743462716751259,28.460776300507554,0.00905320572073468
0.564103,125,3.7712688659346547,3.442543710895935,6.0517265960615445,36.310359576369265,0.009053205720734682
0.564103,150,3.7712688659346547,3.3680771322585388,7.422632860915417,44.535797165492504,0.009053205720734682
0.564103,175,3.7712688659346547,3.289666559972776,8.866146806960288,53.196880841761725,0.00905320572073468
0.564103,200,3.7712688659346547,3.206609856904154,10.395194557754916,62.3711673465295,0.009053205720734678
0.564103,225,3.7712688659346547,3.117967962344302,12.027063925251154,72.16238355150692,0.009053205720734682
0.564103,250,3.7712688659346547,3.022435112333919,13.785793612783882,82.71476167670329,0.009053205720734682
0.564103,275,3.7712688659346547,2.9181002394664945,15.706565769554532,94.23939461732719,0.009053205720734684
0.564103,300,3.7712688659346547,2.801961611747707,17.84464133640032,107.06784801840192,0.009053205720734682
0.564103,325,3.7712688659346547,2.668785347895761,20.29637441968688,121.77824651812128,0.009053205720734684
0.564103,350,3.7712688659346547,2.507723825687438,23.261466328869975,139.56879797321986,0.009053205720734682
0.564103,375,3.7712688659346547,2.286464907752502,27.334773338566063,164.00864003139637,0.009053205720734682
0.564103,400,3.7712688659346547,1.0,1.0,1e-06,0.009053205720734682
0.564103,425,3.7712688659346547,1.0,1.0,1e-06,0.009053205720734682
0.564103,450,3.7712688659346547,1.0,1.0,1e-06,0.009053205720734682
0.564103,475,3.7712688659346547,1.0,1.0,1e-06,0.009053205720734682
0.564103,500,3.7712688659346547,1.0,1.0,1e-06,0.009053205720734682
0.564103,525,3.7712688659346547,1.0,1.0,1e-06,0.009053205720734682
0.564103,550,3.7712688659346547,1.0,1.0,1e-06,0.009053205720734682
0.564103,575,3.7712688659346547,1.0,1.0,1e-06,0.009053205720734682
0.564103,600,3.7712688659346547,1.0,1.0,1e-06,0.009053205720734682
0.564103,625,3.7712688659346547,1.0,1.0,1e-06,0.009053205720734682
0.564103,650,3.7712688659346547,1.0,1.0,1e-06,0.009053205720734682
0.564103,675,3.7712688659346547,1.0,1.0,1e-06,0.009053205720734682
0.564103,700,3.7712688659346547,1.0,1.0,1e-06,0.009053205720734682
0.564103,725,3.7712688659346547,1.0,1.0,1e-06,0.009053205720734682
0.564103,750,3.7712688659346547,1.0,1.0,1e-06,0.009053205720734682
0.564103,775,3.7712688659346547,1.0,1.0,1e-06,0.009053205720734682
0.564103,800,3.7712688659346547,1.0,1.0,1e-06,0.009053205720734682
0.564103,825,3.7712688659346547,1.0,1.0,1e-06,0.009053205720734682
0.564103,850,3.7712688659346547,1.0,1.0,1e-06,0.009053205720734682
0.564103,875,3.7712688659346547,1.0,1.0,1e-06,0.009053205720734682
0.564103,900,3.7712688659346547,1.0,1.0,1e-06,0.009053205720734682
0.564103,925,3.7712688659346547,1.0,1.0,1e-06,0.009053205720734682
0.564103,950,3.7712688659346547,1.0,1.0,1e-06,0.009053205720734682
0.564103,975,3.7712688659346547,1.0,1.0,1e-06,0.009053205720734682
0.564103,1000,3.7712688659346547,1.0,1.0,1e-06,0.009053205720734682
0.564103,1025,3.7712688659346547,1.0,1.0,1e-06,0.009053205720734682
0.564103,1050,3.7712688659346547,1.0,1.0,1e-06,0.009053205720734682
0.564103,1075,3.7712688659346547,1.0,1.0,1e-06,0.009053205720734682
0.564103,1100,3.7712688659346547,1.0,1.0,1e-06,0.009053205720734682
0.564103,1125,3.7712688659346547,1.0,1.0,1e-06,0.009053205720734682
0.564103,1150,3.7712688659346547,1.0,1.0,1e-06,0.009053205720734682
0.564103,1175,3.7712688659346547,1.0,1.0,1e-06,0.009053205720734682
0.564103,1200,3.7712688659346547,1.0,1.0,1e-06,0.009053205720734682
0.564103,1225,3.7712688659346547,1.0,1.0,1e-06,0.009053205720734682
0.564103,1250,3.7712688659346547,1.0,1.0,1e-06,0.009053205720734682
0.564103,1275,3.7712688659346547,1.0,1.0,1e-06,0.009053205720734682
0.564103,1300,3.7712688659346547,1.0,1.0,1e-06,0.009053205720734682
0.564103,1325,3.7712688659346547,1.0,1.0,1e-06,0.009053205720734682
0.564103,1350,3.7712688659346547,1.0,1.0,1e-06,0.009053205720734682
0.564103,1375,3.7712688659346547,1.0,1.0,1e-06,0.009053205720734682
0.564103,1400,3.7712688659346547,1.0,1.0,1e-06,0.009053205720734682
0.564103,1425,3.7712688659346547,1.0,1.0,1e-06,0.009053205720734682
0.564103,1450,3.7712688659346547,1.0,1.0,1e-06,0.009053205720734682
0.564103,1475,3.7712688659346547,1.0,1.0,1e-06,0.009053205720734682
0.564103,1500,3.7712688659346547,1.0,1.0,1e-06,0.009053205720734682
0.564103,1525,3.7712688659346547,1.0,1.0,1e-06,0.009053205720734682
0.589744,-100,3.7933253395623923,4.015159370423538,4.150935275306039,-24.905611651836235,0.008906989876909526
0.589744,-75,3.7933253395623923,3.961935901997638,3.1550232788211967,-18.93013967292718,0.00890698987690953
0.589744,-50,3.7933253395623923,3.907304054212296,2.132757834484243,-12.796547006905458,0.008906989876909528
0.589744,-25,3.7933253395623923,3.8511457292790965,1.0819291087815115,-6.491574652689069,0.008906989876909525
0.589744,0,3.7933253395623923,3.7933253395623923,0.0,0.0,0.00890698987690953
0.589744,25,3.7933253395623923,3.73368595107591,1.115966024262428,6.695796145574569,0.00890698987690953
0.589744,50,3.7933253395623923,3.6720442594953786,2.269398935425286,13.616393612551715,0.008906989876909526
0.589744,75,3.7933253395623923,3.608183935256247,3.464346669763741,20.786080018582446,0.008906989876909526
0.589744,100,3.7933253395623923,3.541846639813296,4.705643231222804,28.233859387336825,0.008906989876909526
0.589744,125,3.7933253395623923,3.4727196320537668,5.999140598923762,35.99484359354257,0.00890698987690953
0.589744,150,3.7933253395623923,3.4004182354916295,7.352036799198474,44.112220795190844,0.008906989876909528
0.589744,175,3.7933253395623923,3.3244602935648917,8.773353895404965,52.64012337242979,0.008906989876909528
0.589744,200,3.7933253395623923,3.2442276246385227,10.274659237897154,61.647955427382925,0.00890698987690953
0.589744,225,3.7933253395623923,3.158905340838109,11.8712009236879,71.2272055421274,0.00890698987690953
0.589744,250,3.7933253395623923,3.0673811729723575,13.583791618011,81.502749708066,0.008906989876909526
0.589744,275,3.7933253395623923,2.968066919722092,15.442149578495636,92.65289747097381,0.008906989876909528
0.589744,300,3.7933253395623923,2.858552642630833,17.49136932247752,104.94821593486513,0.00890698987690953
0.589744,325,3.7933253395623923,2.7348497449296603,19.806085057173707,118.83651034304225,0.00890698987690953
0.589744,350,3.7933253395623923,2.589398424613585,22.527755010138467,135.1665300608308,0.008906989876909528
0.589744,375,3.7933253395623923,2.4038195282583956,26.00028798554699,156.00172791328194,0.008906989876909526
0.589744,400,3.7933253395623923,2.0824941315354515,32.012895334073484,192.07737200444092,0.008906989876909528
0.589744,425,3.7933253395623923,1.0,1.0,1e-06,0.008906989876909528
0.589744,450,3.7933253395623923,1.0,1.0,1e-06,0.008906989876909528
0.589744,475,3.7933253395623923,1.0,1.0,1e-06,0.008906989876909528
0.589744,500,3.7933253395623923,1.0,1.0,1e-06,0.008906989876909528
0.589744,525,3.7933253395623923,1.0,1.0,1e-06,0.008906989876909528
0.589744,550,3.7933253395623923,1.0,1.0,1e-06,0.008906989876909528
0.589744,575,3.7933253395623923,1.0,1.0,1e-06,0.008906989876909528
0.589744,600,3.7933253395623923,1.0,1.0,1e-06,0.008906989876909528
0.589744,625,3.7933253395623923,1.0,1.0,1e-06,0.008906989876909528
0.589744,650,3.7933253395623923,1.0,1.0,1e-06,0.008906989876909528
0.589744,675,3.7933253395623923,1.0,1.0,1e-06,0.008906989876909528
0.589744,700,3.7933253395623923,1.0,1.0,1e-06,0.008906989876909528
0.589744,725,3.7933253395623923,1.0,1.0,1e-06,0.008906989876909528
0.589744,750,3.7933253395623923,1.0,1.0,1e-06,0.008906989876909528
0.589744,775,3.7933253395623923,1.0,1.0,1e-06,0.008906989876909528
0.589744,800,3.7933253395623923,1.0,1.0,1e-06,0.008906989876909528
0.589744,825,3.7933253395623923,1.0,1.0,1e-06,0.008906989876909528
0.589744,850,3.7933253395623923,1.0,1.0,1e-06,0.008906989876909528
0.589744,875,3.7933253395623923,1.0,1.0,1e-06,0.008906989876909528
0.589744,900,3.7933253395623923,1.0,1.0,1e-06,0.008906989876909528
0.589744,925,3.7933253395623923,1.0,1.0,1e-06,0.008906989876909528
0.589744,950,3.7933253395623923,1.0,1.0,1e-06,0.008906989876909528
0.589744,975,3.7933253395623923,1.0,1.0,1e-06,0.008906989876909528
0.589744,1000,3.7933253395623923,1.0,1.0,1e-06,0.008906989876909528
0.589744,1025,3.7933253395623923,1.0,1.0,1e-06,0.008906989876909528
0.589744,1050,3.7933253395623923,1.0,1.0,1e-06,0.008906989876909528
0.589744,1075,3.7933253395623923,1.0,1.0,1e-06,0.008906989876909528
0.589744,1100,3.7933253395623923,1.0,1.0,1e-06,0.008906989876909528
0.589744,1125,3.7933253395623923,1.0,1.0,1e-06,0.008906989876909528
0.589744,1150,3.7933253395623923,1.0,1.0,1e-06,0.008906989876909528
0.589744,1175,3.7933253395623923,1.0,1.0,1e-06,0.008906989876909528
0.589744,1200,3.7933253395623923,1.0,1.0,1e-06,0.008906989876909528
0.589744,1225,3.7933253395623923,1.0,1.0,1e-06,0.008906989876909528
0.589744,1250,3.7933253395623923,1.0,1.0,1e-06,0.008906989876909528
0.589744,1275,3.7933253395623923,1.0,1.0,1e-06,0.008906989876909528
0.589744,1300,3.7933253395623923,1.0,1.0,1e-06,0.008906989876909528
0.589744,1325,3.7933253395623923,1.0,1.0,1e-06,0.008906989876909528
0.589744,1350,3.7933253395623923,1.0,1.0,1e-06,0.008906989876909528
0.589744,1375,3.7933253395623923,1.0,1.0,1e-06,0.008906989876909528
0.589744,1400,3.7933253395623923,1.0,1.0,1e-06,0.008906989876909528
0.589744,1425,3.7933253395623923,1.0,1.0,1e-06,0.008906989876909528
0.589744,1450,3.7933253395623923,1.0,1.0,1e-06,0.008906989876909528
0.589744,1475,3.7933253395623923,1.0,1.0,1e-06,0.008906989876909528
0.589744,1500,3.7933253395623923,1.0,1.0,1e-06,0.008906989876909528
0.589744,1525,3.7933253395623923,1.0,1.0,1e-06,0.008906989876909528
0.6153850000000001,-100,3.8183131598905384,4.03684081833923,4.128641038049001,-24.77184622829401,0.00882161371561771
0.6153850000000001,-75,3.8183131598905384,3.984367382591507,3.1372608998394464,-18.823565399036678,0.00882161371561771
0.6153850000000001,-50,3.8183131598905384,3.9305322334370203,2.120153922779644,-12.720923536677864,0.008821613715617713
0.6153850000000001,-25,3.8183131598905384,3.8752235141158127,1.0752067981341602,-6.451240788804961,0.008821613715617706
0.6153850000000001,0,3.8183131598905384,3.8183131598905384,0.0,0.0,0.008821613715617712
0.6153850000000001,25,3.8183131598905384,3.7596534061673177,1.1082581867338326,6.6495491204029955,0.00882161371561771
0.6153850000000001,50,3.8183131598905384,3.6990722653806003,2.2528171215589663,13.516902729353799,0.008821613715617708
0.6153850000000001,75,3.8183131598905384,3.6363675740270542,3.4374962776815803,20.62497766608948,0.008821613715617713
0.6153850000000001,100,3.8183131598905384,3.571299015233697,4.666835959569194,28.001015757415164,0.00882161371561771
0.6153850000000001,125,3.8183131598905384,3.503577205845506,5.9463034805039205,35.67782088302352,0.008821613715617712
0.6153850000000001,150,3.8183131598905384,3.4328484088285447,7.2825819910093905,43.69549194605634,0.008821613715617708
0.6153850000000001,175,3.8183131598905384,3.3586725151854506,8.683986466318588,52.103918797911525,0.008821613715617712
0.6153850000000001,200,3.8183131598905384,3.280490275157625,10.161082806969057,60.96649684181434,0.008821613715617713
0.6153850000000001,225,3.8183131598905384,3.1975725689543824,11.727646266449751,70.3658775986985,0.008821613715617712
0.6153850000000001,250,3.8183131598905384,3.1089379841368365,13.402218660928026,80.41331196556816,0.008821613715617712
0.6153850000000001,275,3.8183131598905384,3.0132105075020013,15.2107969951724,91.2647819710344,0.008821613715617713
0.6153850000000001,300,3.8183131598905384,2.9083536236073306,17.19185713667903,103.15114282007417,0.008821613715617712
0.6153850000000001,325,3.8183131598905384,2.7911171171421216,19.40680537337285,116.4408322402371,0.008821613715617712
0.6153850000000001,350,3.8183131598905384,2.6556912718934176,21.9654046201476,131.7924277208856,0.008821613715617715
0.6153850000000001,375,3.8183131598905384,2.4894786486206515,25.10565818053087,150.63394908318523,0.008821613715617712
0.6153850000000001,400,3.8183131598905384,2.250086720151781,29.62848767987468,177.77092607924808,0.008821613715617713
0.6153850000000001,425,3.8183131598905384,1.0,1.0,1e-06,0.008821613715617708
0.6153850000000001,450,3.8183131598905384,1.0,1.0,1e-06,0.008821613715617708
0.6153850000000001,475,3.8183131598905384,1.0,1.0,1e-06,0.008821613715617708
0.6153850000000001,500,3.8183131598905384,1.0,1.0,1e-06,0.008821613715617708
0.6153850000000001,525,3.8183131598905384,1.0,1.0,1e-06,0.008821613715617708
0.6153850000000001,550,3.8183131598905384,1.0,1.0,1e-06,0.008821613715617708
0.6153850000000001,575,3.8183131598905384,1.0,1.0,1e-06,0.008821613715617708
0.6153850000000001,600,3.8183131598905384,1.0,1.0,1e-06,0.008821613715617708
0.6153850000000001,625,3.8183131598905384,1.0,1.0,1e-06,0.008821613715617708
0.6153850000000001,650,3.8183131598905384,1.0,1.0,1e-06,0.008821613715617708
0.6153850000000001,675,3.8183131598905384,1.0,1.0,1e-06,0.008821613715617708
0.6153850000000001,700,3.8183131598905384,1.0,1.0,1e-06,0.008821613715617708
0.6153850000000001,725,3.8183131598905384,1.0,1.0,1e-06,0.008821613715617708
0.6153850000000001,750,3.8183131598905384,1.0,1.0,1e-06,0.008821613715617708
0.6153850000000001,775,3.8183131598905384,1.0,1.0,1e-06,0.008821613715617708
0.6153850000000001,800,3.8183131598905384,1.0,1.0,1e-06,0.008821613715617708
0.6153850000000001,825,3.8183131598905384,1.0,1.0,1e-06,0.008821613715617708
0.6153850000000001,850,3.8183131598905384,1.0,1.0,1e-06,0.008821613715617708
0.6153850000000001,875,3.8183131598905384,1.0,1.0,1e-06,0.008821613715617708
0.6153850000000001,900,3.8183131598905384,1.0,1.0,1e-06,0.008821613715617708
0.6153850000000001,925,3.8183131598905384,1.0,1.0,1e-06,0.008821613715617708
0.6153850000000001,950,3.8183131598905384,1.0,1.0,1e-06,0.008821613715617708
0.6153850000000001,975,3.8183131598905384,1.0,1.0,1e-06,0.008821613715617708
0.6153850000000001,1000,3.8183131598905384,1.0,1.0,1e-06,0.008821613715617708
0.6153850000000001,1025,3.8183131598905384,1.0,1.0,1e-06,0.008821613715617708
0.6153850000000001,1050,3.8183131598905384,1.0,1.0,1e-06,0.008821613715617708
0.6153850000000001,1075,3.8183131598905384,1.0,1.0,1e-06,0.008821613715617708
0.6153850000000001,1100,3.8183131598905384,1.0,1.0,1e-06,0.008821613715617708
0.6153850000000001,1125,3.8183131598905384,1.0,1.0,1e-06,0.008821613715617708
0.6153850000000001,1150,3.8183131598905384,1.0,1.0,1e-06,0.008821613715617708
0.6153850000000001,1175,3.8183131598905384,1.0,1.0,1e-06,0.008821613715617708
0.6153850000000001,1200,3.8183131598905384,1.0,1.0,1e-06,0.008821613715617708
0.6153850000000001,1225,3.8183131598905384,1.0,1.0,1e-06,0.008821613715617708
0.6153850000000001,1250,3.8183131598905384,1.0,1.0,1e-06,0.008821613715617708
0.6153850000000001,1275,3.8183131598905384,1.0,1.0,1e-06,0.008821613715617708
0.6153850000000001,1300,3.8183131598905384,1.0,1.0,1e-06,0.008821613715617708
0.6153850000000001,1325,3.8183131598905384,1.0,1.0,1e-06,0.008821613715617708
0.6153850000000001,1350,3.8183131598905384,1.0,1.0,1e-06,0.008821613715617708
0.6153850000000001,1375,3.8183131598905384,1.0,1.0,1e-06,0.008821613715617708
0.6153850000000001,1400,3.8183131598905384,1.0,1.0,1e-06,0.008821613715617708
0.6153850000000001,1425,3.8183131598905384,1.0,1.0,1e-06,0.008821613715617708
0.6153850000000001,1450,3.8183131598905384,1.0,1.0,1e-06,0.008821613715617708
0.6153850000000001,1475,3.8183131598905384,1.0,1.0,1e-06,0.008821613715617708
0.6153850000000001,1500,3.8183131598905384,1.0,1.0,1e-06,0.008821613715617708
0.6153850000000001,1525,3.8183131598905384,1.0,1.0,1e-06,0.008821613715617708
0.6410260000000001,-100,3.845907345300681,4.061599814277242,4.103473367336781,-24.620840204020684,0.008760564919362026
0.6410260000000001,-75,3.845907345300681,4.009767798563711,3.117387496721746,-18.704324980330476,0.00876056491936202
0.6410260000000001,-50,3.845907345300681,3.9566151668837177,2.1061773717803223,-12.637064230681933,0.008760564919362028
0.6410260000000001,-25,3.845907345300681,3.9020355178865307,1.0678187442341527,-6.4069124654049165,0.008760564919362024
0.6410260000000001,0,3.845907345300681,3.845907345300681,0.0,0.0,0.008760564919362026
0.6410260000000001,25,3.845907345300681,3.788090853711128,1.0999384195298965,6.599630517179379,0.008760564919362022
0.6410260000000001,50,3.845907345300681,3.728423855508903,2.2350820765778763,13.410492459467257,0.008760564919362024
0.6410260000000001,75,3.845907345300681,3.6667164025557826,3.4090446676724775,20.454268006034866,0.008760564919362026
0.6410260000000001,100,3.845907345300681,3.6027436402424886,4.626103972678136,27.756623836068815,0.008760564919362026
0.6410260000000001,125,3.845907345300681,3.5362361067700387,5.891386407555882,35.348318445335295,0.008760564919362024
0.6410260000000001,150,3.845907345300681,3.466866263846853,7.211123273114051,43.26673963868431,0.008760564919362024
0.6410260000000001,175,3.845907345300681,3.394229298177753,8.593015999928252,51.55809599956951,0.008760564919362026
0.6410260000000001,200,3.845907345300681,3.3178148999009323,10.04677305365307,60.28063832191842,0.008760564919362026
0.6410260000000001,225,3.845907345300681,3.236964220668497,11.58492879240275,69.5095727544165,0.008760564919362024
0.6410260000000001,250,3.845907345300681,3.1508012190985655,13.224149595380496,79.34489757228297,0.008760564919362026
0.6410260000000001,275,3.845907345300681,3.0581168654710353,14.987436827818458,89.92462096691075,0.008760564919362028
0.6410260000000001,300,3.845907345300681,2.957159334668696,16.908118346487992,101.44871007892796,0.008760564919362024
0.6410260000000001,325,3.845907345300681,2.8452156898486933,19.037806820736044,114.22684092441627,0.008760564919362024
0.6410260000000001,350,3.845907345300681,2.7176568281635953,21.464569304267517,128.7874158256051,0.008760564919362024
0.6410260000000001,375,3.845907345300681,2.5652456486228514,24.36413839491475,146.1848303694885,0.008760564919362026
0.6410260000000001,400,3.845907345300681,2.362868277334729,28.21429671139578,169.28578026837468,0.008760564919362026
0.6410260000000001,425,3.845907345300681,1.0,1.0,1e-06,0.008760564919362024
0.6410260000000001,450,3.845907345300681,1.0,1.0,1e-06,0.008760564919362024
0.6410260000000001,475,3.845907345300681,1.0,1.0,1e-06,0.008760564919362024
0.6410260000000001,500,3.845907345300681,1.0,1.0,1e-06,0.008760564919362024
0.6410260000000001,525,3.845907345300681,1.0,1.0,1e-06,0.008760564919362024
0.6410260000000001,550,3.845907345300681,1.0,1.0,1e-06,0.008760564919362024
0.6410260000000001,575,3.845907345300681,1.0,1.0,1e-06,0.008760564919362024
0.6410260000000001,600,3.845907345300681,1.0,1.0,1e-06,0.008760564919362024
0.6410260000000001,625,3.845907345300681,1.0,1.0,1e-06,0.008760564919362024
0.6410260000000001,650,3.845907345300681,1.0,1.0,1e-06,0.008760564919362024
0.6410260000000001,675,3.845907345300681,1.0,1.0,1e-06,0.008760564919362024
0.6410260000000001,700,3.845907345300681,1.0,1.0,1e-06,0.008760564919362024
0.6410260000000001,725,3.845907345300681,1.0,1.0,1e-06,0.008760564919362024
0.6410260000000001,750,3.845907345300681,1.0,1.0,1e-06,0.008760564919362024
0.6410260000000001,775,3.845907345300681,1.0,1.0,1e-06,0.008760564919362024
0.6410260000000001,800,3.845907345300681,1.0,1.0,1e-06,0.008760564919362024
0.6410260000000001,825,3.845907345300681,1.0,1.0,1e-06,0.008760564919362024
0.6410260000000001,850,3.845907345300681,1.0,1.0,1e-06,0.008760564919362024
0.6410260000000001,875,3.845907345300681,1.0,1.0,1e-06,0.008760564919362024
0.6410260000000001,900,3.845907345300681,1.0,1.0,1e-06,0.008760564919362024
0.6410260000000001,925,3.845907345300681,1.0,1.0,1e-06,0.008760564919362024
0.6410260000000001,950,3.845907345300681,1.0,1.0,1e-06,0.008760564919362024
0.6410260000000001,975,3.845907345300681,1.0,1.0,1e-06,0.008760564919362024
0.6410260000000001,1000,3.845907345300681,1.0,1.0,1e-06,0.008760564919362024
0.6410260000000001,1025,3.845907345300681,1.0,1.0,1e-06,0.008760564919362024
0.6410260000000001,1050,3.845907345300681,1.0,1.0,1e-06,0.008760564919362024
0.6410260000000001,1075,3.845907345300681,1.0,1.0,1e-06,0.008760564919362024
0.6410260000000001,1100,3.845907345300681,1.0,1.0,1e-06,0.008760564919362024
0.6410260000000001,1125,3.845907345300681,1.0,1.0,1e-06,0.008760564919362024
0.6410260000000001,1150,3.845907345300681,1.0,1.0,1e-06,0.008760564919362024
0.6410260000000001,1175,3.845907345300681,1.0,1.0,1e-06,0.008760564919362024
0.6410260000000001,1200,3.845907345300681,1.0,1.0,1e-06,0.008760564919362024
0.6410260000000001,1225,3.845907345300681,1.0,1.0,1e-06,0.008760564919362024
0.6410260000000001,1250,3.845907345300681,1.0,1.0,1e-06,0.008760564919362024
0.6410260000000001,1275,3.845907345300681,1.0,1.0,1e-06,0.008760564919362024
0.6410260000000001,1300,3.845907345300681,1.0,1.0,1e-06,0.008760564919362024
0.6410260000000001,1325,3.845907345300681,1.0,1.0,1e-06,0.008760564919362024
0.6410260000000001,1350,3.845907345300681,1.0,1.0,1e-06,0.008760564919362024
0.6410260000000001,1375,3.845907345300681,1.0,1.0,1e-06,0.008760564919362024
0.6410260000000001,1400,3.845907345300681,1.0,1.0,1e-06,0.008760564919362024
0.6410260000000001,1425,3.845907345300681,1.0,1.0,1e-06,0.008760564919362024
0.6410260000000001,1450,3.845907345300681,1.0,1.0,1e-06,0.008760564919362024
0.6410260000000001,1475,3.845907345300681,1.0,1.0,1e-06,0.008760564919362024
0.6410260000000001,1500,3.845907345300681,1.0,1.0,1e-06,0.008760564919362024
0.6410260000000001,1525,3.845907345300681,1.0,1.0,1e-06,0.008760564919362024
0.666667,-100,3.8739316472959433,4.085833628161117,4.079134928988215,-24.47480957392929,0.008657962392928795
0.666667,-75,3.8739316472959433,4.034865673843382,3.0979965655444572,-18.587979393266743,0.008657962392928794
0.666667,-50,3.8739316472959433,3.9826282399881423,2.0924205904184885,-12.554523542510932,0.00865796239292879
0.666667,-25,3.8739316472959433,3.929021460873871,1.06048457819824,-6.362907469189439,0.008657962392928788
0.666667,0,3.8739316472959433,3.8739316472959433,0.0,0.0,0.008657962392928794
0.666667,25,3.8739316472959433,3.8172284494949693,1.0915423904529271,6.549254342717562,0.00865796239292879
0.666667,50,3.8739316472959433,3.7587612244363875,2.2170424870717578,13.302254922430546,0.008657962392928794
0.666667,75,3.8739316472959433,3.6983543164316064,3.3798816799307514,20.27929007958451,0.008657962392928795
0.666667,100,3.8739316472959433,3.6358008252556573,4.584042819643378,27.50425691786027,0.008657962392928792
0.666667,125,3.8739316472959433,3.5708542234060965,5.8342715859907734,35.00562951594464,0.008657962392928792
0.666667,150,3.8739316472959433,3.503216838983938,7.136298193648479,42.81778916189087,0.008657962392928795
0.666667,175,3.8739316472959433,3.4325236403898476,8.497149538452728,50.98289723071637,0.008657962392928795
0.666667,200,3.8739316472959433,3.358318743719024,9.925601432465516,59.5536085947931,0.008657962392928795
0.666667,225,3.8739316472959433,3.2800202021342955,11.432856412164446,68.59713847298667,0.008657962392928795
0.666667,250,3.8739316472959433,3.1968650274528105,13.033602078554352,78.20161247132611,0.00865796239292879
0.666667,275,3.8739316472959433,3.1078189074825096,14.747749047727062,88.48649428636237,0.008657962392928794
0.666667,300,3.8739316472959433,3.01141818839088,16.60347280651744,99.62083683910465,0.00865796239292879
0.666667,325,3.8739316472959433,2.905469217693861,18.64300139089411,111.85800834536465,0.008657962392928795
0.666667,350,3.8739316472959433,2.7864066776544103,20.934967534042148,125.6098052042529,0.008657962392928794
0.666667,375,3.8739316472959433,2.647670195825298,23.605659080404575,141.63395448242744,0.008657962392928794
0.666667,400,3.8739316472959433,2.474228929405985,26.944421300041977,161.66652780025186,0.008657962392928797
0.666667,425,3.8739316472959433,2.2056712106157956,32.114185011988965,192.6851100719338,0.008657962392928794
0.666667,450,3.8739316472959433,1.0,1.0,1e-06,0.008657962392928792
0.666667,475,3.8739316472959433,1.0,1.0,1e-06,0.008657962392928792
0.666667,500,3.8739316472959433,1.0,1.0,1e-06,0.008657962392928792
0.666667,525,3.8739316472959433,1.0,1.0,1e-06,0.008657962392928792
0.666667,550,3.8739316472959433,1.0,1.0,1e-06,0.008657962392928792
0.666667,575,3.8739316472959433,1.0,1.0,1e-06,0.008657962392928792
0.666667,600,3.8739316472959433,1.0,1.0,1e-06,0.008657962392928792
0.666667,625,3.8739316472959433,1.0,1.0,1e-06,0.008657962392928792
0.666667,650,3.8739316472959433,1.0,1.0,1e-06,0.008657962392928792
0.666667,675,3.8739316472959433,1.0,1.0,1e-06,0.008657962392928792
0.666667,700,3.8739316472959433,1.0,1.0,1e-06,0.008657962392928792
0.666667,725,3.8739316472959433,1.0,1.0,1e-06,0.008657962392928792
0.666667,750,3.8739316472959433,1.0,1.0,1e-06,0.008657962392928792
0.666667,775,3.8739316472959433,1.0,1.0,1e-06,0.008657962392928792
0.666667,800,3.8739316472959433,1.0,1.0,1e-06,0.008657962392928792
0.666667,825,3.8739316472959433,1.0,1.0,1e-06,0.008657962392928792
0.666667,850,3.8739316472959433,1.0,1.0,1e-06,0.008657962392928792
0.666667,875,3.8739316472959433,1.0,1.0,1e-06,0.008657962392928792
0.666667,900,3.8739316472959433,1.0,1.0,1e-06,0.008657962392928792
0.666667,925,3.8739316472959433,1.0,1.0,1e-06,0.008657962392928792
0.666667,950,3.8739316472959433,1.0,1.0,1e-06,0.008657962392928792
0.666667,975,3.8739316472959433,1.0,1.0,1e-06,0.008657962392928792
0.666667,1000,3.8739316472959433,1.0,1.0,1e-06,0.008657962392928792
0.666667,1025,3.8739316472959433,1.0,1.0,1e-06,0.008657962392928792
0.666667,1050,3.8739316472959433,1.0,1.0,1e-06,0.008657962392928792
0.666667,1075,3.8739316472959433,1.0,1.0,1e-06,0.008657962392928792
0.666667,1100,3.8739316472959433,1.0,1.0,1e-06,0.008657962392928792
0.666667,1125,3.8739316472959433,1.0,1.0,1e-06,0.008657962392928792
0.666667,1150,3.8739316472959433,1.0,1.0,1e-06,0.008657962392928792
0.666667,1175,3.8739316472959433,1.0,1.0,1e-06,0.008657962392928792
0.666667,1200,3.8739316472959433,1.0,1.0,1e-06,0.008657962392928792
0.666667,1225,3.8739316472959433,1.0,1.0,1e-06,0.008657962392928792
0.666667,1250,3.8739316472959433,1.0,1.0,1e-06,0.008657962392928792
0.666667,1275,3.8739316472959433,1.0,1.0,1e-06,0.008657962392928792
0.666667,1300,3.8739316472959433,1.0,1.0,1e-06,0.008657962392928792
0.666667,1325,3.8739316472959433,1.0,1.0,1e-06,0.008657962392928792
0.666667,1350,3.8739316472959433,1.0,1.0,1e-06,0.008657962392928792
0.666667,1375,3.8739316472959433,1.0,1.0,1e-06,0.008657962392928792
0.666667,1400,3.8739316472959433,1.0,1.0,1e-06,0.008657962392928792
0.666667,1425,3.8739316472959433,1.0,1.0,1e-06,0.008657962392928792
0.666667,1450,3.8739316472959433,1.0,1.0,1e-06,0.008657962392928792
0.666667,1475,3.8739316472959433,1.0,1.0,1e-06,0.008657962392928792
0.666667,1500,3.8739316472959433,1.0,1.0,1e-06,0.008657962392928792
0.666667,1525,3.8739316472959433,1.0,1.0,1e-06,0.008657962392928792
0.692308,-100,3.9009100827204723,4.109837202425161,4.05531067187573,-24.331864031254376,0.008586564491578654
0.692308,-75,3.9009100827204723,4.05954660059515,3.079161598531085,-18.47496959118651,0.00858656449157866
0.692308,-50,3.9009100827204723,4.00802717689923,2.0791608852763157,-12.474965311657895,0.008586564491578656
0.692308,-25,3.9009100827204723,3.9551841953002462,1.0534696896336024,-6.320818137801615,0.008586564491578654
0.692308,0,3.9009100827204723,3.9009100827204723,0.0,0.0,0.008586564491578658
0.692308,25,3.9009100827204723,3.8450818531831064,1.0836353622010289,6.501812173206173,0.008586564491578658
0.692308,50,3.9009100827204723,3.7875578266688397,2.200186430067657,13.201118580405941,0.008586564491578658
0.692308,75,3.9009100827204723,3.728173391239981,3.3528483491060306,20.117090094636183,0.008586564491578656
0.692308,100,3.9009100827204723,3.6667354436283777,4.545369286357446,27.272215718144675,0.00858656449157866
0.692308,125,3.9009100827204723,3.603014966724587,5.782194502586929,34.693167015521574,0.008586564491578654
0.692308,150,3.9009100827204723,3.5367369187801234,7.068662604574752,42.41197562744851,0.00858656449157866
0.692308,175,3.9009100827204723,3.467566138920759,8.411279121483306,50.46767472889984,0.008586564491578661
0.692308,200,3.9009100827204723,3.395087164100081,9.818108261196539,58.90864956717923,0.008586564491578656
0.692308,225,3.9009100827204723,3.3187743965410226,11.299351965317138,67.79611179190283,0.008586564491578658
0.692308,250,3.9009100827204723,3.237946301708397,12.868238934253668,77.20943360552201,0.008586564491578658
0.692308,275,3.9009100827204723,3.1516917512486033,14.542454323198193,87.25472593918916,0.00858656449157866
0.692308,300,3.9009100827204723,3.0587444985391645,16.346576192905182,98.0794571574311,0.008586564491578656
0.692308,325,3.9009100827204723,2.9572526419754226,18.316550266224038,109.89930159734422,0.00858656449157866
0.692308,350,3.9009100827204723,2.844310340787963,20.508779403155135,123.05267641893082,0.008586564491578656
0.692308,375,3.9009100827204723,2.7148588508912743,23.0214546805929,138.1287280835574,0.008586564491578658
0.692308,400,3.9009100827204723,2.5584427647034764,26.057517325150457,156.34510395090274,0.00858656449157866
0.692308,425,3.9009100827204723,2.344136333075541,30.21724134978061,181.30344809868367,0.008586564491578658
0.692308,450,3.9009100827204723,1.0,1.0,1e-06,0.008586564491578654
0.692308,475,3.9009100827204723,1.0,1.0,1e-06,0.008586564491578654
0.692308,500,3.9009100827204723,1.0,1.0,1e-06,0.008586564491578654
0.692308,525,3.9009100827204723,1.0,1.0,1e-06,0.008586564491578654
0.692308,550,3.9009100827204723,1.0,1.0,1e-06,0.008586564491578654
0.692308,575,3.9009100827204723,1.0,1.0,1e-06,0.008586564491578654
0.692308,600,3.9009100827204723,1.0,1.0,1e-06,0.008586564491578654
0.692308,625,3.9009100827204723,1.0,1.0,1e-06,0.008586564491578654
0.692308,650,3.9009100827204723,1.0,1.0,1e-06,0.008586564491578654
0.692308,675,3.9009100827204723,1.0,1.0,1e-06,0.008586564491578654
0.692308,700,3.9009100827204723,1.0,1.0,1e-06,0.008586564491578654
0.692308,725,3.9009100827204723,1.0,1.0,1e-06,0.008586564491578654
0.692308,750,3.9009100827204723,1.0,1.0,1e-06,0.008586564491578654
0.692308,775,3.9009100827204723,1.0,1.0,1e-06,0.008586564491578654
0.692308,800,3.9009100827204723,1.0,1.0,1e-06,0.008586564491578654
0.692308,825,3.9009100827204723,1.0,1.0,1e-06,0.008586564491578654
0.692308,850,3.9009100827204723,1.0,1.0,1e-06,0.008586564491578654
0.692308,875,3.9009100827204723,1.0,1.0,1e-06,0.008586564491578654
0.692308,900,3.9009100827204723,1.0,1.0,1e-06,0.008586564491578654
0.692308,925,3.9009100827204723,1.0,1.0,1e-06,0.008586564491578654
0.692308,950,3.9009100827204723,1.0,1.0,1e-06,0.008586564491578654
0.692308,975,3.9009100827204723,1.0,1.0,1e-06,0.008586564491578654
0.692308,1000,3.9009100827204723,1.0,1.0,1e-06,0.008586564491578654
0.692308,1025,3.9009100827204723,1.0,1.0,1e-06,0.008586564491578654
0.692308,1050,3.9009100827204723,1.0,1.0,1e-06,0.008586564491578654
0.692308,1075,3.9009100827204723,1.0,1.0,1e-06,0.008586564491578654
0.692308,1100,3.9009100827204723,1.0,1.0,1e-06,0.008586564491578654
0.692308,1125,3.9009100827204723,1.0,1.0,1e-06,0.008586564491578654
0.692308,1150,3.9009100827204723,1.0,1.0,1e-06,0.008586564491578654
0.692308,1175,3.9009100827204723,1.0,1.0,1e-06,0.008586564491578654
0.692308,1200,3.9009100827204723,1.0,1.0,1e-06,0.008586564491578654
0.692308,1225,3.9009100827204723,1.0,1.0,1e-06,0.008586564491578654
0.692308,1250,3.9009100827204723,1.0,1.0,1e-06,0.008586564491578654
0.692308,1275,3.9009100827204723,1.0,1.0,1e-06,0.008586564491578654
0.692308,1300,3.9009100827204723,1.0,1.0,1e-06,0.008586564491578654
0.692308,1325,3.9009100827204723,1.0,1.0,1e-06,0.008586564491578654
0.692308,1350,3.9009100827204723,1.0,1.0,1e-06,0.008586564491578654
0.692308,1375,3.9009100827204723,1.0,1.0,1e-06,0.008586564491578654
0.692308,1400,3.9009100827204723,1.0,1.0,1e-06,0.008586564491578654
0.692308,1425,3.9009100827204723,1.0,1.0,1e-06,0.008586564491578654
0.692308,1450,3.9009100827204723,1.0,1.0,1e-06,0.008586564491578654
0.692308,1475,3.9009100827204723,1.0,1.0,1e-06,0.008586564491578654
0.692308,1500,3.9009100827204723,1.0,1.0,1e-06,0.008586564491578654
0.692308,1525,3.9009100827204723,1.0,1.0,1e-06,0.008586564491578654
0.7179490000000001,-100,3.926055126179166,4.134615384615385,4.029388061155173,-24.176328366931042,0.008695375252794018
0.7179490000000001,-75,3.926055126179166,4.085674579766868,3.059470292103702,-18.35682175262221,0.008695375252794015
0.7179490000000001,-50,3.926055126179166,4.033835612158624,2.065858437120076,-12.395150622720458,0.008695375252794013
0.7179490000000001,-25,3.926055126179166,3.9806651903084243,1.0467262297796556,-6.280357378677934,0.008695375252794015
0.7179490000000001,0,3.926055126179166,3.926055126179166,0.0,0.0,0.008695375252794015
0.7179490000000001,25,3.926055126179166,3.869881734789552,1.0766909565243492,6.460145739146095,0.008695375252794011
0.7179490000000001,50,3.926055126179166,3.812002536097527,2.186077594235927,13.116465565415563,0.008695375252794017
0.7179490000000001,75,3.926055126179166,3.7522519954875637,3.331332760974591,19.987996565847546,0.008695375252794018
0.7179490000000001,100,3.926055126179166,3.6904359363962618,4.5161782927308565,27.09706975638514,0.008695375252794017
0.7179490000000001,125,3.926055126179166,3.626324081107394,5.745027986293857,34.47016791776314,0.008695375252794015
0.7179490000000001,150,3.926055126179166,3.5596398909670564,7.023182334662561,42.139094007975366,0.008695375252794018
0.7179490000000001,175,3.926055126179166,3.490046405216449,8.357099958061385,50.142599748368305,0.008695375252794017
0.7179490000000001,200,3.926055126179166,3.4171259651554897,9.754786236513981,58.52871741908389,0.00869537525279402
0.7179490000000001,225,3.926055126179166,3.3403502491623756,11.226367656925644,67.35820594155386,0.00869537525279402
0.7179490000000001,250,3.926055126179166,3.259034276131967,12.784973441923837,76.70984065154302,0.008695375252794015
0.7179490000000001,275,3.926055126179166,3.172262452981151,14.448153017812638,86.68891810687583,0.008695375252794013
0.7179490000000001,300,3.926055126179166,3.0787625843250113,16.240290906017364,97.44174543610418,0.008695375252794018
0.7179490000000001,325,3.926055126179166,2.9766745708252005,18.197040145927158,109.18224087556295,0.008695375252794017
0.7179490000000001,350,3.926055126179166,2.86308082538661,20.374322937759334,122.24593762655601,0.008695375252794018
0.7179490000000001,375,3.926055126179166,2.732905146638858,22.869436239624864,137.2166174377492,0.008695375252794017
0.7179490000000001,400,3.926055126179166,2.5756670266665074,25.883262850535587,155.29957710321352,0.008695375252794013
0.7179490000000001,425,3.926055126179166,2.36044765696,30.00843213975732,180.05059283854393,0.008695375252794013
0.7179490000000001,450,3.926055126179166,1.0,1.0,1e-06,0.008695375252794011
0.7179490000000001,475,3.926055126179166,1.0,1.0,1e-06,0.008695375252794011
0.7179490000000001,500,3.926055126179166,1.0,1.0,1e-06,0.008695375252794011
0.7179490000000001,525,3.926055126179166,1.0,1.0,1e-06,0.008695375252794011
0.7179490000000001,550,3.926055126179166,1.0,1.0,1e-06,0.008695375252794011
0.7179490000000001,575,3.926055126179166,1.0,1.0,1e-06,0.008695375252794011
0.7179490000000001,600,3.926055126179166,1.0,1.0,1e-06,0.008695375252794011
0.7179490000000001,625,3.926055126179166,1.0,1.0,1e-06,0.008695375252794011
0.7179490000000001,650,3.926055126179166,1.0,1.0,1e-06,0.008695375252794011
0.7179490000000001,675,3.926055126179166,1.0,1.0,1e-06,0.008695375252794011
0.7179490000000001,700,3.926055126179166,1.0,1.0,1e-06,0.008695375252794011
0.7179490000000001,725,3.926055126179166,1.0,1.0,1e-06,0.008695375252794011
0.7179490000000001,750,3.926055126179166,1.0,1.0,1e-06,0.008695375252794011
0.7179490000000001,775,3.926055126179166,1.0,1.0,1e-06,0.008695375252794011
0.7179490000000001,800,3.926055126179166,1.0,1.0,1e-06,0.008695375252794011
0.7179490000000001,825,3.926055126179166,1.0,1.0,1e-06,0.008695375252794011
0.7179490000000001,850,3.926055126179166,1.0,1.0,1e-06,0.008695375252794011
0.7179490000000001,875,3.926055126179166,1.0,1.0,1e-06,0.008695375252794011
0.7179490000000001,900,3.926055126179166,1.0,1.0,1e-06,0.008695375252794011
0.7179490000000001,925,3.926055126179166,1.0,1.0,1e-06,0.008695375252794011
0.7179490000000001,950,3.926055126179166,1.0,1.0,1e-06,0.008695375252794011
0.7179490000000001,975,3.926055126179166,1.0,1.0,1e-06,0.008695375252794011
0.7179490000000001,1000,3.926055126179166,1.0,1.0,1e-06,0.008695375252794011
0.7179490000000001,1025,3.926055126179166,1.0,1.0,1e-06,0.008695375252794011
0.7179490000000001,1050,3.926055126179166,1.0,1.0,1e-06,0.008695375252794011
0.7179490000000001,1075,3.926055126179166,1.0,1.0,1e-06,0.008695375252794011
0.7179490000000001,1100,3.926055126179166,1.0,1.0,1e-06,0.008695375252794011
0.7179490000000001,1125,3.926055126179166,1.0,1.0,1e-06,0.008695375252794011
0.7179490000000001,1150,3.926055126179166,1.0,1.0,1e-06,0.008695375252794011
0.7179490000000001,1175,3.926055126179166,1.0,1.0,1e-06,0.008695375252794011
0.7179490000000001,1200,3.926055126179166,1.0,1.0,1e-06,0.008695375252794011
0.7179490000000001,1225,3.926055126179166,1.0,1.0,1e-06,0.008695375252794011
0.7179490000000001,1250,3.926055126179166,1.0,1.0,1e-06,0.008695375252794011
0.7179490000000001,1275,3.926055126179166,1.0,1.0,1e-06,0.008695375252794011
0.7179490000000001,1300,3.926055126179166,1.0,1.0,1e-06,0.008695375252794011
0.7179490000000001,1325,3.926055126179166,1.0,1.0,1e-06,0.008695375252794011
0.7179490000000001,1350,3.926055126179166,1.0,1.0,1e-06,0.008695375252794011
0.7179490000000001,1375,3.926055126179166,1.0,1.0,1e-06,0.008695375252794011
0.7179490000000001,1400,3.926055126179166,1.0,1.0,1e-06,0.008695375252794011
0.7179490000000001,1425,3.926055126179166,1.0,1.0,1e-06,0.008695375252794011
0.7179490000000001,1450,3.926055126179166,1.0,1.0,1e-06,0.008695375252794011
0.7179490000000001,1475,3.926055126179166,1.0,1.0,1e-06,0.008695375252794011
0.7179490000000001,1500,3.926055126179166,1.0,1.0,1e-06,0.008695375252794011
0.7179490000000001,1525,3.926055126179166,1.0,1.0,1e-06,0.008695375252794011
0.7435900000000001,-100,3.9504779165920474,4.134615384615385,4.001274350348652,-24.00764610209191,0.008949720587138563
0.7435900000000001,-75,3.9504779165920474,4.113649112220138,3.038664616013819,-18.231987696082914,0.008949720587138558
0.7435900000000001,-50,3.9504779165920474,4.060677754263742,2.0522025724851636,-12.313215434910981,0.008949720587138558
0.7435900000000001,-25,3.9504779165920474,4.006325356519601,1.0400220391202453,-6.240132234721472,0.00894972058713856
0.7435900000000001,0,3.9504779165920474,3.9504779165920474,0.0,0.0,0.008949720587138558
0.7435900000000001,25,3.9504779165920474,3.8930048271371334,1.070295787362477,6.4217747241748615,0.00894972058713856
0.7435900000000001,50,3.9504779165920474,3.8337552786476725,2.17367378135645,13.0420426881387,0.008949720587138561
0.7435900000000001,75,3.9504779165920474,3.7725535936158856,3.313405546087709,19.880433276526254,0.008949720587138563
0.7435900000000001,100,3.9504779165920474,3.7091930763904166,4.493340282756527,26.960041696539164,0.00894972058713856
0.7435900000000001,125,3.9504779165920474,3.6434277572567533,5.718058575976644,34.308351455859864,0.008949720587138563
0.7435900000000001,150,3.9504779165920474,3.574961076133861,6.993083132260625,41.95849879356375,0.008949720587138565
0.7435900000000001,175,3.9504779165920474,3.503429993350579,8.32517467796538,49.951048067792286,0.008949720587138563
0.7435900000000001,200,3.9504779165920474,3.4283820431099894,9.722759282421059,58.33655569452635,0.008949720587138561
0.7435900000000001,225,3.9504779165920474,3.349241072655454,11.196566382206711,67.17939829324027,0.00894972058713856
0.7435900000000001,250,3.9504779165920474,3.2652539952571127,12.760620376604345,76.56372225962608,0.008949720587138565
0.7435900000000001,275,3.9504779165920474,3.175403855677736,14.433859570769775,86.60315742461864,0.008949720587138566
0.7435900000000001,300,3.9504779165920474,3.0782587977498714,16.242948785381113,97.45769271228667,0.008949720587138563
0.7435900000000001,325,3.9504779165920474,2.9716875277416963,18.22757815584671,109.36546893508027,0.008949720587138565
0.7435900000000001,350,3.9504779165920474,2.8522604727823357,20.45161509265319,122.70969055591912,0.008949720587138561
0.7435900000000001,375,3.9504779165920474,2.7137670364307684,23.030716771547926,138.18430062928755,0.008949720587138563
0.7435900000000001,400,3.9504779165920474,2.5424079873472722,26.22186014142684,157.33116084856104,0.008949720587138563
0.7435900000000001,425,3.9504779165920474,2.288188942856613,30.956068358980804,185.73641015388483,0.00894972058713856
0.7435900000000001,450,3.9504779165920474,1.0,1.0,1e-06,0.008949720587138558
0.7435900000000001,475,3.9504779165920474,1.0,1.0,1e-06,0.008949720587138558
0.7435900000000001,500,3.9504779165920474,1.0,1.0,1e-06,0.008949720587138558
0.7435900000000001,525,3.9504779165920474,1.0,1.0,1e-06,0.008949720587138558
0.7435900000000001,550,3.9504779165920474,1.0,1.0,1e-06,0.008949720587138558
0.7435900000000001,575,3.9504779165920474,1.0,1.0,1e-06,0.008949720587138558
0.7435900000000001,600,3.9504779165920474,1.0,1.0,1e-06,0.008949720587138558
0.7435900000000001,625,3.9504779165920474,1.0,1.0,1e-06,0.008949720587138558
0.7435900000000001,650,3.9504779165920474,1.0,1.0,1e-06,0.008949720587138558
0.7435900000000001,675,3.9504779165920474,1.0,1.0,1e-06,0.008949720587138558
0.7435900000000001,700,3.9504779165920474,1.0,1.0,1e-06,0.008949720587138558
0.7435900000000001,725,3.9504779165920474,1.0,1.0,1e-06,0.008949720587138558
0.7435900000000001,750,3.9504779165920474,1.0,1.0,1e-06,0.008949720587138558
0.7435900000000001,775,3.9504779165920474,1.0,1.0,1e-06,0.008949720587138558
0.7435900000000001,800,3.9504779165920474,1.0,1.0,1e-06,0.008949720587138558
0.7435900000000001,825,3.9504779165920474,1.0,1.0,1e-06,0.008949720587138558
0.7435900000000001,850,3.9504779165920474,1.0,1.0,1e-06,0.008949720587138558
0.7435900000000001,875,3.9504779165920474,1.0,1.0,1e-06,0.008949720587138558
0.7435900000000001,900,3.9504779165920474,1.0,1.0,1e-06,0.008949720587138558
0.7435900000000001,925,3.9504779165920474,1.0,1.0,1e-06,0.008949720587138558
0.7435900000000001,950,3.9504779165920474,1.0,1.0,1e-06,0.008949720587138558
0.7435900000000001,975,3.9504779165920474,1.0,1.0,1e-06,0.008949720587138558
0.7435900000000001,1000,3.9504779165920474,1.0,1.0,1e-06,0.008949720587138558
0.7435900000000001,1025,3.9504779165920474,1.0,1.0,1e-06,0.008949720587138558
0.7435900000000001,1050,3.9504779165920474,1.0,1.0,1e-06,0.008949720587138558
0.7435900000000001,1075,3.9504779165920474,1.0,1.0,1e-06,0.008949720587138558
0.7435900000000001,1100,3.9504779165920474,1.0,1.0,1e-06,0.008949720587138558
0.7435900000000001,1125,3.9504779165920474,1.0,1.0,1e-06,0.008949720587138558
0.7435900000000001,1150,3.9504779165920474,1.0,1.0,1e-06,0.008949720587138558
0.7435900000000001,1175,3.9504779165920474,1.0,1.0,1e-06,0.008949720587138558
0.7435900000000001,1200,3.9504779165920474,1.0,1.0,1e-06,0.008949720587138558
0.7435900000000001,1225,3.9504779165920474,1.0,1.0,1e-06,0.008949720587138558
0.7435900000000001,1250,3.9504779165920474,1.0,1.0,1e-06,0.008949720587138558
0.7435900000000001,1275,3.9504779165920474,1.0,1.0,1e-06,0.008949720587138558
0.7435900000000001,1300,3.9504779165920474,1.0,1.0,1e-06,0.008949720587138558
0.7435900000000001,1325,3.9504779165920474,1.0,1.0,1e-06,0.008949720587138558
0.7435900000000001,1350,3.9504779165920474,1.0,1.0,1e-06,0.008949720587138558
0.7435900000000001,1375,3.9504779165920474,1.0,1.0,1e-06,0.008949720587138558
0.7435900000000001,1400,3.9504779165920474,1.0,1.0,1e-06,0.008949720587138558
0.7435900000000001,1425,3.9504779165920474,1.0,1.0,1e-06,0.008949720587138558
0.7435900000000001,1450,3.9504779165920474,1.0,1.0,1e-06,0.008949720587138558
0.7435900000000001,1475,3.9504779165920474,1.0,1.0,1e-06,0.008949720587138558
0.7435900000000001,1500,3.9504779165920474,1.0,1.0,1e-06,0.008949720587138558
0.7435900000000001,1525,3.9504779165920474,1.0,1.0,1e-06,0.008949720587138558
0.769231,-100,3.975957665278692,4.134615384615385,3.9724400425686337,-23.834640255411802,0.009214171480032639
0.769231,-75,3.975957665278692,4.134615384615385,3.017305231222908,-18.103831387337447,0.009214171480032642
0.769231,-50,3.975957665278692,4.088637875183787,2.0381685998442056,-12.229011599065233,0.009214171480032639
0.769231,-25,3.975957665278692,4.033073971263198,1.0331242859306176,-6.198745715583705,0.00921417148003264
0.769231,0,3.975957665278692,3.975957665278692,0.0,0.0,0.00921417148003264
0.769231,25,3.975957665278692,3.9171510779355714,1.0636982295976685,6.382189377586011,0.009214171480032639
0.769231,50,3.975957665278692,3.8564946246572953,2.160856981376936,12.965141888261616,0.009214171480032646
0.769231,75,3.975957665278692,3.79380190758873,3.294847834568349,19.769087007410093,0.009214171480032642
0.769231,100,3.975957665278692,3.7288529495756717,4.469649753435108,26.817898520610644,0.009214171480032642
0.769231,125,3.975957665278692,3.6613850606718628,5.690014294620634,34.140085767723804,0.00921417148003264
0.769231,150,3.975957665278692,3.591080238358024,6.961693512988987,41.77016107793392,0.009214171480032642
0.769231,175,3.975957665278692,3.517547343696103,8.291762360764547,49.750574164587285,0.009214171480032642
0.769231,200,3.975957665278692,3.4402961337190954,9.689088391730596,58.13453035038358,0.009214171480032647
0.769231,225,3.975957665278692,3.3586980803391624,11.165040471935852,66.9902428316151,0.009214171480032646
0.769231,250,3.975957665278692,3.2719246917058156,12.73460442787385,76.4076265672431,0.009214171480032646
0.769231,275,3.975957665278692,3.1788451903861414,14.418233851698156,86.50940311018894,0.009214171480032644
0.769231,300,3.975957665278692,3.0778450606748344,16.245132231912034,97.4707933914722,0.009214171480032644
0.769231,325,3.975957665278692,2.9664746721867035,18.25960867777722,109.55765206666331,0.00921417148003264
0.769231,350,3.975957665278692,2.840680316753611,20.5349869850888,123.2099219105328,0.009214171480032646
0.769231,375,3.975957665278692,2.6927806019403704,23.21020879122629,139.26125274735773,0.009214171480032646
0.769231,400,3.975957665278692,2.5041098693044925,26.62290001084621,159.73740006507725,0.009214171480032644
0.769231,425,3.975957665278692,2.1778128654370055,32.52498617190405,195.14991703142428,0.009214171480032644
0.769231,450,3.975957665278692,1.0,1.0,1e-06,0.00921417148003264
0.769231,475,3.975957665278692,1.0,1.0,1e-06,0.00921417148003264
0.769231,500,3.975957665278692,1.0,1.0,1e-06,0.00921417148003264
0.769231,525,3.975957665278692,1.0,1.0,1e-06,0.00921417148003264
0.769231,550,3.975957665278692,1.0,1.0,1e-06,0.00921417148003264
0.769231,575,3.975957665278692,1.0,1.0,1e-06,0.00921417148003264
0.769231,600,3.975957665278692,1.0,1.0,1e-06,0.00921417148003264
0.769231,625,3.975957665278692,1.0,1.0,1e-06,0.00921417148003264
0.769231,650,3.975957665278692,1.0,1.0,1e-06,0.00921417148003264
0.769231,675,3.975957665278692,1.0,1.0,1e-06,0.00921417148003264
0.769231,700,3.975957665278692,1.0,1.0,1e-06,0.00921417148003264
0.769231,725,3.975957665278692,1.0,1.0,1e-06,0.00921417148003264
0.769231,750,3.975957665278692,1.0,1.0,1e-06,0.00921417148003264
0.769231,775,3.975957665278692,1.0,1.0,1e-06,0.00921417148003264
0.769231,800,3.975957665278692,1.0,1.0,1e-06,0.00921417148003264
0.769231,825,3.975957665278692,1.0,1.0,1e-06,0.00921417148003264
0.769231,850,3.975957665278692,1.0,1.0,1e-06,0.00921417148003264
0.769231,875,3.975957665278692,1.0,1.0,1e-06,0.00921417148003264
0.769231,900,3.975957665278692,1.0,1.0,1e-06,0.00921417148003264
0.769231,925,3.975957665278692,1.0,1.0,1e-06,0.00921417148003264
0.769231,950,3.975957665278692,1.0,1.0,1e-06,0.00921417148003264
0.769231,975,3.975957665278692,1.0,1.0,1e-06,0.00921417148003264
0.769231,1000,3.975957665278692,1.0,1.0,1e-06,0.00921417148003264
0.769231,1025,3.975957665278692,1.0,1.0,1e-06,0.00921417148003264
0.769231,1050,3.975957665278692,1.0,1.0,1e-06,0.00921417148003264
0.769231,1075,3.975957665278692,1.0,1.0,1e-06,0.00921417148003264
0.769231,1100,3.975957665278692,1.0,1.0,1e-06,0.00921417148003264
0.769231,1125,3.975957665278692,1.0,1.0,1e-06,0.00921417148003264
0.769231,1150,3.975957665278692,1.0,1.0,1e-06,0.00921417148003264
0.769231,1175,3.975957665278692,1.0,1.0,1e-06,0.00921417148003264
0.769231,1200,3.975957665278692,1.0,1.0,1e-06,0.00921417148003264
0.769231,1225,3.975957665278692,1.0,1.0,1e-06,0.00921417148003264
0.769231,1250,3.975957665278692,1.0,1.0,1e-06,0.00921417148003264
0.769231,1275,3.975957665278692,1.0,1.0,1e-06,0.00921417148003264
0.769231,1300,3.975957665278692,1.0,1.0,1e-06,0.00921417148003264
0.769231,1325,3.975957665278692,1.0,1.0,1e-06,0.00921417148003264
0.769231,1350,3.975957665278692,1.0,1.0,1e-06,0.00921417148003264
0.769231,1375,3.975957665278692,1.0,1.0,1e-06,0.00921417148003264
0.769231,1400,3.975957665278692,1.0,1.0,1e-06,0.00921417148003264
0.769231,1425,3.975957665278692,1.0,1.0,1e-06,0.00921417148003264
0.769231,1450,3.975957665278692,1.0,1.0,1e-06,0.00921417148003264
0.769231,1475,3.975957665278692,1.0,1.0,1e-06,0.00921417148003264
0.769231,1500,3.975957665278692,1.0,1.0,1e-06,0.00921417148003264
0.769231,1525,3.975957665278692,1.0,1.0,1e-06,0.00921417148003264
0.794872,-100,4.000402628907392,4.134615384615385,3.946077741023439,-23.676466446140633,0.009427107502433028
0.794872,-75,4.000402628907392,4.134615384615385,2.9976330569074854,-17.985798341444912,0.009427107502433023
0.794872,-50,4.000402628907392,4.114949685646813,2.0251361425877152,-12.150816855526292,0.009427107502433025
0.794872,-25,4.000402628907392,4.058473158963823,1.026658672723726,-6.159952036342355,0.009427107502433023
0.794872,0,4.000402628907392,4.000402628907392,0.0,0.0,0.009427107502433025
0.794872,25,4.000402628907392,3.940594988629498,1.0573699349183294,6.3442196095099765,0.009427107502433023
0.794872,50,4.000402628907392,3.878884343391958,2.14838407015923,12.89030442095538,0.00942710750243302
0.794872,75,4.000402628907392,3.815076581699304,3.2764742023690325,19.658845214214196,0.009427107502433025
0.794872,100,4.000402628907392,3.7489421609198015,4.445698533417091,26.674191200502545,0.009427107502433023
0.794872,125,4.000402628907392,3.680206332463513,5.660914484484244,33.96548690690546,0.009427107502433025
0.794872,150,4.000402628907392,3.6085355996622592,6.928018114145768,41.56810868487461,0.009427107502433023
0.794872,175,4.000402628907392,3.5335184654099208,8.254284490708912,49.52570694425347,0.009427107502433028
0.794872,200,4.000402628907392,3.454637218113836,9.648866502843005,57.89319901705803,0.009427107502433031
0.794872,225,4.000402628907392,3.371225059796884,11.123552813842506,66.74131688305503,0.00942710750243303
0.794872,250,4.000402628907392,3.2823980320965225,12.693971376790484,76.1638282607429,0.009427107502433026
0.794872,275,4.000402628907392,3.1869408541898636,14.381607764410296,86.28964658646177,0.009427107502433028
0.794872,300,4.000402628907392,3.0831016088540557,16.21743501946544,97.30461011679265,0.009427107502433026
0.794872,325,4.000402628907392,2.9681865209788576,18.249077773186375,109.49446663911826,0.009427107502433028
0.794872,350,4.000402628907392,2.8376484306889447,20.556927596267005,123.34156557760204,0.009427107502433028
0.794872,375,4.000402628907392,2.682579497670238,23.29847076453089,139.79082458718534,0.009427107502433028
0.794872,400,4.000402628907392,2.4797451574639915,26.88448305504342,161.30689833026054,0.009427107502433028
0.794872,425,4.000402628907392,1.0,1.0,1e-06,0.009427107502433023
0.794872,450,4.000402628907392,1.0,1.0,1e-06,0.009427107502433023
0.794872,475,4.000402628907392,1.0,1.0,1e-06,0.009427107502433023
0.794872,500,4.000402628907392,1.0,1.0,1e-06,0.009427107502433023
0.794872,525,4.000402628907392,1.0,1.0,1e-06,0.009427107502433023
0.794872,550,4.000402628907392,1.0,1.0,1e-06,0.009427107502433023
0.794872,575,4.000402628907392,1.0,1.0,1e-06,0.009427107502433023
0.794872,600,4.000402628907392,1.0,1.0,1e-06,0.009427107502433023
0.794872,625,4.000402628907392,1.0,1.0,1e-06,0.009427107502433023
0.794872,650,4.000402628907392,1.0,1.0,1e-06,0.009427107502433023
0.794872,675,4.000402628907392,1.0,1.0,1e-06,0.009427107502433023
0.794872,700,4.000402628907392,1.0,1.0,1e-06,0.009427107502433023
0.794872,725,4.000402628907392,1.0,1.0,1e-06,0.009427107502433023
0.794872,750,4.000402628907392,1.0,1.0,1e-06,0.009427107502433023
0.794872,775,4.000402628907392,1.0,1.0,1e-06,0.009427107502433023
0.794872,800,4.000402628907392,1.0,1.0,1e-06,0.009427107502433023
0.794872,825,4.000402628907392,1.0,1.0,1e-06,0.009427107502433023
0.794872,850,4.000402628907392,1.0,1.0,1e-06,0.009427107502433023
0.794872,875,4.000402628907392,1.0,1.0,1e-06,0.009427107502433023
0.794872,900,4.000402628907392,1.0,1.0,1e-06,0.009427107502433023
0.794872,925,4.000402628907392,1.0,1.0,1e-06,0.009427107502433023
0.794872,950,4.000402628907392,1.0,1.0,1e-06,0.009427107502433023
0.794872,975,4.000402628907392,1.0,1.0,1e-06,0.009427107502433023
0.794872,1000,4.000402628907392,1.0,1.0,1e-06,0.009427107502433023
0.794872,1025,4.000402628907392,1.0,1.0,1e-06,0.009427107502433023
0.794872,1050,4.000402628907392,1.0,1.0,1e-06,0.009427107502433023
0.794872,1075,4.000402628907392,1.0,1.0,1e-06,0.009427107502433023
0.794872,1100,4.000402628907392,1.0,1.0,1e-06,0.009427107502433023
0.794872,1125,4.000402628907392,1.0,1.0,1e-06,0.009427107502433023
0.794872,1150,4.000402628907392,1.0,1.0,1e-06,0.009427107502433023
0.794872,1175,4.000402628907392,1.0,1.0,1e-06,0.009427107502433023
0.794872,1200,4.000402628907392,1.0,1.0,1e-06,0.009427107502433023
0.794872,1225,4.000402628907392,1.0,1.0,1e-06,0.009427107502433023
0.794872,1250,4.000402628907392,1.0,1.0,1e-06,0.009427107502433023
0.794872,1275,4.000402628907392,1.0,1.0,1e-06,0.009427107502433023
0.794872,1300,4.000402628907392,1.0,1.0,1e-06,0.009427107502433023
0.794872,1325,4.000402628907392,1.0,1.0,1e-06,0.009427107502433023
0.794872,1350,4.000402628907392,1.0,1.0,1e-06,0.009427107502433023
0.794872,1375,4.000402628907392,1.0,1.0,1e-06,0.009427107502433023
0.794872,1400,4.000402628907392,1.0,1.0,1e-06,0.009427107502433023
0.794872,1425,4.000402628907392,1.0,1.0,1e-06,0.009427107502433023
0.794872,1450,4.000402628907392,1.0,1.0,1e-06,0.009427107502433023
0.794872,1475,4.000402628907392,1.0,1.0,1e-06,0.009427107502433023
0.794872,1500,4.000402628907392,1.0,1.0,1e-06,0.009427107502433023
0.794872,1525,4.000402628907392,1.0,1.0,1e-06,0.009427107502433023
0.820513,-100,4.0202865968042,4.134615384615385,3.925539175263913,-23.553235051583478,0.009570433697469976
0.820513,-75,4.0202865968042,4.134615384615385,2.9822028494419945,-17.893217096651966,0.009570433697469969
0.820513,-50,4.0202865968042,4.134615384615385,2.014837042651309,-12.089022255907855,0.00957043369746997
0.820513,-25,4.0202865968042,4.078944140084939,1.0215061848284877,-6.129037108970926,0.009570433697469965
0.820513,0,4.0202865968042,4.0202865968042,0.0,0.0,0.009570433697469969
0.820513,25,4.0202865968042,3.959865134376177,1.0522243877689716,6.31334632661383,0.009570433697469972
0.820513,50,4.0202865968042,3.8975103520610794,2.1381170492405492,12.828702295443296,0.00957043369746997
0.820513,75,4.0202865968042,3.8330238630032554,3.2611328410061025,19.566797046036616,0.00957043369746997
0.820513,100,4.0202865968042,3.766170835305744,4.425361300774246,26.552167804645478,0.009570433697469972
0.820513,125,4.0202865968042,3.6966698673974205,5.635702965274716,33.814217791648296,0.009570433697469972
0.820513,150,4.0202865968042,3.6241789316798725,6.898114158070018,41.38868494842011,0.009570433697469972
0.820513,175,4.0202865968042,3.548275341841034,8.219955853689033,49.3197351221342,0.00957043369746997
0.820513,200,4.0202865968042,3.468426309554901,9.610506425206697,57.663038551240184,0.009570433697469974
0.820513,225,4.0202865968042,3.3839440474847797,11.08174351401378,66.49046108408268,0.00957043369746997
0.820513,250,4.0202865968042,3.2939141719396567,12.649590879330896,75.89754527598538,0.009570433697469974
0.820513,275,4.0202865968042,3.1970749785364845,14.336020781819236,86.01612469091542,0.009570433697469972
0.820513,300,4.0202865968042,3.0915987856367266,16.172861831973552,97.03717099184132,0.00957043369746997
0.820513,325,4.0202865968042,2.974656195378151,18.209387273335217,109.2563236400113,0.009570433697469972
0.820513,350,4.0202865968042,2.8414220037689497,20.529626805155374,123.17776083093224,0.00957043369746997
0.820513,375,4.0202865968042,2.6822767996945407,23.301100023352376,139.80660014011426,0.009570433697469972
0.820513,400,4.0202865968042,2.471123342572003,26.97828372956828,161.86970237740968,0.009570433697469972
0.820513,425,4.0202865968042,1.0,1.0,1e-06,0.009570433697469967
0.820513,450,4.0202865968042,1.0,1.0,1e-06,0.009570433697469967
0.820513,475,4.0202865968042,1.0,1.0,1e-06,0.009570433697469967
0.820513,500,4.0202865968042,1.0,1.0,1e-06,0.009570433697469967
0.820513,525,4.0202865968042,1.0,1.0,1e-06,0.009570433697469967
0.820513,550,4.0202865968042,1.0,1.0,1e-06,0.009570433697469967
0.820513,575,4.0202865968042,1.0,1.0,1e-06,0.009570433697469967
0.820513,600,4.0202865968042,1.0,1.0,1e-06,0.009570433697469967
0.820513,625,4.0202865968042,1.0,1.0,1e-06,0.009570433697469967
0.820513,650,4.0202865968042,1.0,1.0,1e-06,0.009570433697469967
0.820513,675,4.0202865968042,1.0,1.0,1e-06,0.009570433697469967
0.820513,700,4.0202865968042,1.0,1.0,1e-06,0.009570433697469967
0.820513,725,4.0202865968042,1.0,1.0,1e-06,0.009570433697469967
0.820513,750,4.0202865968042,1.0,1.0,1e-06,0.009570433697469967
0.820513,775,4.0202865968042,1.0,1.0,1e-06,0.009570433697469967
0.820513,800,4.0202865968042,1.0,1.0,1e-06,0.009570433697469967
0.820513,825,4.0202865968042,1.0,1.0,1e-06,0.009570433697469967
0.820513,850,4.0202865968042,1.0,1.0,1e-06,0.009570433697469967
0.820513,875,4.0202865968042,1.0,1.0,1e-06,0.009570433697469967
0.820513,900,4.0202865968042,1.0,1.0,1e-06,0.009570433697469967
0.820513,925,4.0202865968042,1.0,1.0,1e-06,0.009570433697469967
0.820513,950,4.0202865968042,1.0,1.0,1e-06,0.009570433697469967
0.820513,975,4.0202865968042,1.0,1.0,1e-06,0.009570433697469967
0.820513,1000,4.0202865968042,1.0,1.0,1e-06,0.009570433697469967
0.820513,1025,4.0202865968042,1.0,1.0,1e-06,0.009570433697469967
0.820513,1050,4.0202865968042,1.0,1.0,1e-06,0.009570433697469967
0.820513,1075,4.0202865968042,1.0,1.0,1e-06,0.009570433697469967
0.820513,1100,4.0202865968042,1.0,1.0,1e-06,0.009570433697469967
0.820513,1125,4.0202865968042,1.0,1.0,1e-06,0.009570433697469967
0.820513,1150,4.0202865968042,1.0,1.0,1e-06,0.009570433697469967
0.820513,1175,4.0202865968042,1.0,1.0,1e-06,0.009570433697469967
0.820513,1200,4.0202865968042,1.0,1.0,1e-06,0.009570433697469967
0.820513,1225,4.0202865968042,1.0,1.0,1e-06,0.009570433697469967
0.820513,1250,4.0202865968042,1.0,1.0,1e-06,0.009570433697469967
0.820513,1275,4.0202865968042,1.0,1.0,1e-06,0.009570433697469967
0.820513,1300,4.0202865968042,1.0,1.0,1e-06,0.009570433697469967
0.820513,1325,4.0202865968042,1.0,1.0,1e-06,0.009570433697469967
0.820513,1350,4.0202865968042,1.0,1.0,1e-06,0.009570433697469967
0.820513,1375,4.0202865968042,1.0,1.0,1e-06,0.009570433697469967
0.820513,1400,4.0202865968042,1.0,1.0,1e-06,0.009570433697469967
0.820513,1425,4.0202865968042,1.0,1.0,1e-06,0.009570433697469967
0.820513,1450,4.0202865968042,1.0,1.0,1e-06,0.009570433697469967
0.820513,1475,4.0202865968042,1.0,1.0,1e-06,0.009570433697469967
0.820513,1500,4.0202865968042,1.0,1.0,1e-06,0.009570433697469967
0.820513,1525,4.0202865968042,1.0,1.0,1e-06,0.009570433697469967
0.8461540000000001,-100,4.036250001141927,4.134615384615385,3.9097025683165785,-23.45821540989947,0.009661812140083352
0.8461540000000001,-75,4.036250001141927,4.134615384615385,2.970224220912901,-17.821345325477406,0.00966181214008335
0.8461540000000001,-50,4.036250001141927,4.134615384615385,2.006782162087988,-12.040692972527928,0.009661812140083353
0.8461540000000001,-25,4.036250001141927,4.095232080485631,1.0174433548031199,-6.104660128818719,0.009661812140083348
0.8461540000000001,0,4.036250001141927,4.036250001141927,0.0,0.0,0.009661812140083355
0.8461540000000001,25,4.036250001141927,3.975491398164288,1.0480884623698736,6.288530774219242,0.009661812140083353
0.8461540000000001,50,4.036250001141927,3.912785368796727,2.1297701120509003,12.7786206723054,0.009661812140083355
0.8461540000000001,75,4.036250001141927,3.8479317137030637,3.248498396030683,19.490990376184097,0.009661812140083355
0.8461540000000001,100,4.036250001141927,3.7806933833355068,4.4083624290004035,26.45017457400242,0.009661812140083352
0.8461540000000001,125,4.036250001141927,3.7107862190134293,5.6142639601782856,33.685583761069715,0.009661812140083353
0.8461540000000001,150,4.036250001141927,3.637864700929342,6.872163220807362,41.23297932484417,0.009661812140083355
0.8461540000000001,175,4.036250001141927,3.5615016213006427,8.189429563144534,49.1365773788672,0.009661812140083357
0.8461540000000001,200,4.036250001141927,3.481158181983088,9.575357277888635,57.45214366733181,0.009661812140083353
0.8461540000000001,225,4.036250001141927,3.3961383482605996,11.041952993230202,66.25171795938121,0.009661812140083353
0.8461540000000001,250,4.036250001141927,3.3055159601899575,12.605193007227902,75.6311580433674,0.009661812140083353
0.8461540000000001,275,4.036250001141927,3.208011625172916,14.287146896128485,85.72288137677091,0.00966181214008336
0.8461540000000001,300,4.036250001141927,3.1017692576519234,16.11983221403471,96.71899328420825,0.009661812140083357
0.8461540000000001,325,4.036250001141927,2.9839094342840267,18.152919134981616,108.9175148098897,0.009661812140083353
0.8461540000000001,350,4.036250001141927,2.849505941476141,20.471385051092295,122.82831030655376,0.009661812140083355
0.8461540000000001,375,4.036250001141927,2.688683697031082,23.245575546507837,139.47345327904702,0.009661812140083359
0.8461540000000001,400,4.036250001141927,2.474308803326179,26.943551498926727,161.66130899356037,0.009661812140083357
0.8461540000000001,425,4.036250001141927,1.0,1.0,1e-06,0.009661812140083353
0.8461540000000001,450,4.036250001141927,1.0,1.0,1e-06,0.009661812140083353
0.8461540000000001,475,4.036250001141927,1.0,1.0,1e-06,0.009661812140083353
0.8461540000000001,500,4.036250001141927,1.0,1.0,1e-06,0.009661812140083353
0.8461540000000001,525,4.036250001141927,1.0,1.0,1e-06,0.009661812140083353
0.8461540000000001,550,4.036250001141927,1.0,1.0,1e-06,0.009661812140083353
0.8461540000000001,575,4.036250001141927,1.0,1.0,1e-06,0.009661812140083353
0.8461540000000001,600,4.036250001141927,1.0,1.0,1e-06,0.009661812140083353
0.8461540000000001,625,4.036250001141927,1.0,1.0,1e-06,0.009661812140083353
0.8461540000000001,650,4.036250001141927,1.0,1.0,1e-06,0.009661812140083353
0.8461540000000001,675,4.036250001141927,1.0,1.0,1e-06,0.009661812140083353
0.8461540000000001,700,4.036250001141927,1.0,1.0,1e-06,0.009661812140083353
0.8461540000000001,725,4.036250001141927,1.0,1.0,1e-06,0.009661812140083353
0.8461540000000001,750,4.036250001141927,1.0,1.0,1e-06,0.009661812140083353
0.8461540000000001,775,4.036250001141927,1.0,1.0,1e-06,0.009661812140083353
0.8461540000000001,800,4.036250001141927,1.0,1.0,1e-06,0.009661812140083353
0.8461540000000001,825,4.036250001141927,1.0,1.0,1e-06,0.009661812140083353
0.8461540000000001,850,4.036250001141927,1.0,1.0,1e-06,0.009661812140083353
0.8461540000000001,875,4.036250001141927,1.0,1.0,1e-06,0.009661812140083353
0.8461540000000001,900,4.036250001141927,1.0,1.0,1e-06,0.009661812140083353
0.8461540000000001,925,4.036250001141927,1.0,1.0,1e-06,0.009661812140083353
0.8461540000000001,950,4.036250001141927,1.0,1.0,1e-06,0.009661812140083353
0.8461540000000001,975,4.036250001141927,1.0,1.0,1e-06,0.009661812140083353
0.8461540000000001,1000,4.036250001141927,1.0,1.0,1e-06,0.009661812140083353
0.8461540000000001,1025,4.036250001141927,1.0,1.0,1e-06,0.009661812140083353
0.8461540000000001,1050,4.036250001141927,1.0,1.0,1e-06,0.009661812140083353
0.8461540000000001,1075,4.036250001141927,1.0,1.0,1e-06,0.009661812140083353
0.8461540000000001,1100,4.036250001141927,1.0,1.0,1e-06,0.009661812140083353
0.8461540000000001,1125,4.036250001141927,1.0,1.0,1e-06,0.009661812140083353
0.8461540000000001,1150,4.036250001141927,1.0,1.0,1e-06,0.009661812140083353
0.8461540000000001,1175,4.036250001141927,1.0,1.0,1e-06,0.009661812140083353
0.8461540000000001,1200,4.036250001141927,1.0,1.0,1e-06,0.009661812140083353
0.8461540000000001,1225,4.036250001141927,1.0,1.0,1e-06,0.009661812140083353
0.8461540000000001,1250,4.036250001141927,1.0,1.0,1e-06,0.009661812140083353
0.8461540000000001,1275,4.036250001141927,1.0,1.0,1e-06,0.009661812140083353
0.8461540000000001,1300,4.036250001141927,1.0,1.0,1e-06,0.009661812140083353
0.8461540000000001,1325,4.036250001141927,1.0,1.0,1e-06,0.009661812140083353
0.8461540000000001,1350,4.036250001141927,1.0,1.0,1e-06,0.009661812140083353
0.8461540000000001,1375,4.036250001141927,1.0,1.0,1e-06,0.009661812140083353
0.8461540000000001,1400,4.036250001141927,1.0,1.0,1e-06,0.009661812140083353
0.8461540000000001,1425,4.036250001141927,1.0,1.0,1e-06,0.009661812140083353
0.8461540000000001,1450,4.036250001141927,1.0,1.0,1e-06,0.009661812140083353
0.8461540000000001,1475,4.036250001141927,1.0,1.0,1e-06,0.009661812140083353
0.8461540000000001,1500,4.036250001141927,1.0,1.0,1e-06,0.009661812140083353
0.8461540000000001,1525,4.036250001141927,1.0,1.0,1e-06,0.009661812140083353
0.8717950000000001,-100,4.051131480822773,4.134615384615385,3.8952234104481858,-23.371340462689115,0.009738990216763282
0.8717950000000001,-75,4.051131480822773,4.134615384615385,2.9592440320540594,-17.755464192324357,0.009738990216763279
0.8717950000000001,-50,4.051131480822773,4.134615384615385,1.9993779466264554,-11.996267679758732,0.009738990216763282
0.8717950000000001,-25,4.051131480822773,4.110365808558788,1.0136972865020002,-6.082183719012001,0.00973899021676328
0.8717950000000001,0,4.051131480822773,4.051131480822773,0.0,0.0,0.00973899021676328
0.8717950000000001,25,4.051131480822773,3.9901119509417593,1.0442480606799114,6.265488364079468,0.00973899021676328
0.8717950000000001,50,4.051131480822773,3.9271353704513086,2.1219877970174643,12.731926782104786,0.009738990216763277
0.8717950000000001,75,4.051131480822773,3.862000411852515,3.2366645952800472,19.419987571680284,0.00973899021676328
0.8717950000000001,100,4.051131480822773,3.794468662296022,4.392358496006584,26.354150976039506,0.00973899021676328
0.8717950000000001,125,4.051131480822773,3.7242542909211376,5.593961020363229,33.56376612217937,0.009738990216763282
0.8717950000000001,150,4.051131480822773,3.6510096909103993,6.847420882568547,41.08452529541128,0.009738990216763279
0.8717950000000001,175,4.051131480822773,3.5743049956750848,8.160094536408725,48.96056721845235,0.009738990216763282
0.8717950000000001,200,4.051131480822773,3.493597935349792,9.541262031343594,57.24757218806157,0.00973899021676328
0.8717950000000001,225,4.051131480822773,3.4081878037231905,11.002914792146742,66.01748875288045,0.009738990216763284
0.8717950000000001,250,4.051131480822773,3.3171419149119497,12.561014190968876,75.36608514581326,0.00973899021676328
0.8717950000000001,275,4.051131480822773,3.2191713114097906,14.237618597955658,85.42571158773394,0.009738990216763282
0.8717950000000001,300,4.051131480822773,3.1124049666538625,16.06474752986751,96.38848517920506,0.009738990216763282
0.8717950000000001,325,4.051131480822773,2.993937956183949,18.092113951388324,108.55268370832994,0.009738990216763282
0.8717950000000001,350,4.051131480822773,2.858794396220331,20.404871861529113,122.42923116917467,0.009738990216763282
0.8717950000000001,375,4.051131480822773,2.696978607015906,23.174080742580912,139.04448445548547,0.009738990216763282
0.8717950000000001,400,4.051131480822773,2.480890330152613,26.872073245803517,161.2324394748211,0.009738990216763282
0.8717950000000001,425,4.051131480822773,1.0,1.0,1e-06,0.009738990216763279
0.8717950000000001,450,4.051131480822773,1.0,1.0,1e-06,0.009738990216763279
0.8717950000000001,475,4.051131480822773,1.0,1.0,1e-06,0.009738990216763279
0.8717950000000001,500,4.051131480822773,1.0,1.0,1e-06,0.009738990216763279
0.8717950000000001,525,4.051131480822773,1.0,1.0,1e-06,0.009738990216763279
0.8717950000000001,550,4.051131480822773,1.0,1.0,1e-06,0.009738990216763279
0.8717950000000001,575,4.051131480822773,1.0,1.0,1e-06,0.009738990216763279
0.8717950000000001,600,4.051131480822773,1.0,1.0,1e-06,0.009738990216763279
0.8717950000000001,625,4.051131480822773,1.0,1.0,1e-06,0.009738990216763279
0.8717950000000001,650,4.051131480822773,1.0,1.0,1e-06,0.009738990216763279
0.8717950000000001,675,4.051131480822773,1.0,1.0,1e-06,0.009738990216763279
0.8717950000000001,700,4.051131480822773,1.0,1.0,1e-06,0.009738990216763279
0.8717950000000001,725,4.051131480822773,1.0,1.0,1e-06,0.009738990216763279
0.8717950000000001,750,4.051131480822773,1.0,1.0,1e-06,0.009738990216763279
0.8717950000000001,775,4.051131480822773,1.0,1.0,1e-06,0.009738990216763279
0.8717950000000001,800,4.051131480822773,1.0,1.0,1e-06,0.009738990216763279
0.8717950000000001,825,4.051131480822773,1.0,1.0,1e-06,0.009738990216763279
0.8717950000000001,850,4.051131480822773,1.0,1.0,1e-06,0.009738990216763279
0.8717950000000001,875,4.051131480822773,1.0,1.0,1e-06,0.009738990216763279
0.8717950000000001,900,4.051131480822773,1.0,1.0,1e-06,0.009738990216763279
0.8717950000000001,925,4.051131480822773,1.0,1.0,1e-06,0.009738990216763279
0.8717950000000001,950,4.051131480822773,1.0,1.0,1e-06,0.009738990216763279
0.8717950000000001,975,4.051131480822773,1.0,1.0,1e-06,0.009738990216763279
0.8717950000000001,1000,4.051131480822773,1.0,1.0,1e-06,0.009738990216763279
0.8717950000000001,1025,4.051131480822773,1.0,1.0,1e-06,0.009738990216763279
0.8717950000000001,1050,4.051131480822773,1.0,1.0,1e-06,0.009738990216763279
0.8717950000000001,1075,4.051131480822773,1.0,1.0,1e-06,0.009738990216763279
0.8717950000000001,1100,4.051131480822773,1.0,1.0,1e-06,0.009738990216763279
0.8717950000000001,1125,4.051131480822773,1.0,1.0,1e-06,0.009738990216763279
0.8717950000000001,1150,4.051131480822773,1.0,1.0,1e-06,0.009738990216763279
0.8717950000000001,1175,4.051131480822773,1.0,1.0,1e-06,0.009738990216763279
0.8717950000000001,1200,4.051131480822773,1.0,1.0,1e-06,0.009738990216763279
0.8717950000000001,1225,4.051131480822773,1.0,1.0,1e-06,0.009738990216763279
0.8717950000000001,1250,4.051131480822773,1.0,1.0,1e-06,0.009738990216763279
0.8717950000000001,1275,4.051131480822773,1.0,1.0,1e-06,0.009738990216763279
0.8717950000000001,1300,4.051131480822773,1.0,1.0,1e-06,0.009738990216763279
0.8717950000000001,1325,4.051131480822773,1.0,1.0,1e-06,0.009738990216763279
0.8717950000000001,1350,4.051131480822773,1.0,1.0,1e-06,0.009738990216763279
0.8717950000000001,1375,4.051131480822773,1.0,1.0,1e-06,0.009738990216763279
0.8717950000000001,1400,4.051131480822773,1.0,1.0,1e-06,0.009738990216763279
0.8717950000000001,1425,4.051131480822773,1.0,1.0,1e-06,0.009738990216763279
0.8717950000000001,1450,4.051131480822773,1.0,1.0,1e-06,0.009738990216763279
0.8717950000000001,1475,4.051131480822773,1.0,1.0,1e-06,0.009738990216763279
0.8717950000000001,1500,4.051131480822773,1.0,1.0,1e-06,0.009738990216763279
0.8717950000000001,1525,4.051131480822773,1.0,1.0,1e-06,0.009738990216763279
0.897436,-100,4.0698187326640545,4.134615384615385,3.8765956738592866,-23.25957404315572,0.00986630876049868
0.897436,-75,4.0698187326640545,4.134615384615385,2.945217126982655,-17.67130276189593,0.009866308760498679
0.897436,-50,4.0698187326640545,4.134615384615385,1.989991786967115,-11.93995072180269,0.009866308760498679
0.897436,-25,4.0698187326640545,4.129548678528349,1.0089883885692663,-6.053930331415597,0.009866308760498677
0.897436,0,4.0698187326640545,4.0698187326640545,0.0,0.0,0.009866308760498679
0.897436,25,4.0698187326640545,4.0082817108664655,1.039514427184801,6.2370865631088055,0.009866308760498682
0.897436,50,4.0698187326640545,3.9447629447931822,2.112505478772247,12.67503287263348,0.00986630876049868
0.897436,75,4.0698187326640545,3.8790576716882996,3.2224321105696716,19.33459266341803,0.009866308760498682
0.897436,100,4.0698187326640545,3.8109232325886913,4.37339344024133,26.240360641447978,0.009866308760498682
0.897436,125,4.0698187326640545,3.7400684598254985,5.5703080189888725,33.42184811393324,0.009866308760498686
0.897436,150,4.0698187326640545,3.666138907233923,6.819163330301179,40.91497998180707,0.00986630876049868
0.897436,175,4.0698187326640545,3.588695740354706,8.12737238732416,48.764234323944954,0.009866308760498684
0.897436,200,4.0698187326640545,3.5071846045555315,9.50429962826485,57.0257977695891,0.009866308760498684
0.897436,225,4.0698187326640545,3.420887958545345,10.962066122722717,65.7723967363363,0.009866308760498682
0.897436,250,4.0698187326640545,3.3288486767562615,12.516840118808894,75.10104071285336,0.00986630876049868
0.897436,275,4.0698187326640545,3.229740408801495,14.191026996606626,85.14616197963976,0.009866308760498684
0.897436,300,4.0698187326640545,3.1216308122583545,16.017268859486727,96.10361315692036,0.009866308760498684
0.897436,325,4.0698187326640545,3.001504308396045,18.04650638519738,108.27903831118427,0.00986630876049868
0.897436,350,4.0698187326640545,2.864154844469396,20.366682843971716,122.2000970638303,0.009866308760498684
0.897436,375,4.0698187326640545,2.6989804046997663,23.1568928367053,138.9413570202318,0.009866308760498682
0.897436,400,4.0698187326640545,2.475741108594697,26.927963685390598,161.5677821123436,0.00986630876049868
0.897436,425,4.0698187326640545,1.0,1.0,1e-06,0.00986630876049868
0.897436,450,4.0698187326640545,1.0,1.0,1e-06,0.00986630876049868
0.897436,475,4.0698187326640545,1.0,1.0,1e-06,0.00986630876049868
0.897436,500,4.0698187326640545,1.0,1.0,1e-06,0.00986630876049868
0.897436,525,4.0698187326640545,1.0,1.0,1e-06,0.00986630876049868
0.897436,550,4.0698187326640545,1.0,1.0,1e-06,0.00986630876049868
0.897436,575,4.0698187326640545,1.0,1.0,1e-06,0.00986630876049868
0.897436,600,4.0698187326640545,1.0,1.0,1e-06,0.00986630876049868
0.897436,625,4.0698187326640545,1.0,1.0,1e-06,0.00986630876049868
0.897436,650,4.0698187326640545,1.0,1.0,1e-06,0.00986630876049868
0.897436,675,4.0698187326640545,1.0,1.0,1e-06,0.00986630876049868
0.897436,700,4.0698187326640545,1.0,1.0,1e-06,0.00986630876049868
0.897436,725,4.0698187326640545,1.0,1.0,1e-06,0.00986630876049868
0.897436,750,4.0698187326640545,1.0,1.0,1e-06,0.00986630876049868
0.897436,775,4.0698187326640545,1.0,1.0,1e-06,0.00986630876049868
0.897436,800,4.0698187326640545,1.0,1.0,1e-06,0.00986630876049868
0.897436,825,4.0698187326640545,1.0,1.0,1e-06,0.00986630876049868
0.897436,850,4.0698187326640545,1.0,1.0,1e-06,0.00986630876049868
0.897436,875,4.0698187326640545,1.0,1.0,1e-06,0.00986630876049868
0.897436,900,4.0698187326640545,1.0,1.0,1e-06,0.00986630876049868
0.897436,925,4.0698187326640545,1.0,1.0,1e-06,0.00986630876049868
0.897436,950,4.0698187326640545,1.0,1.0,1e-06,0.00986630876049868
0.897436,975,4.0698187326640545,1.0,1.0,1e-06,0.00986630876049868
0.897436,1000,4.0698187326640545,1.0,1.0,1e-06,0.00986630876049868
0.897436,1025,4.0698187326640545,1.0,1.0,1e-06,0.00986630876049868
0.897436,1050,4.0698187326640545,1.0,1.0,1e-06,0.00986630876049868
0.897436,1075,4.0698187326640545,1.0,1.0,1e-06,0.00986630876049868
0.897436,1100,4.0698187326640545,1.0,1.0,1e-06,0.00986630876049868
0.897436,1125,4.0698187326640545,1.0,1.0,1e-06,0.00986630876049868
0.897436,1150,4.0698187326640545,1.0,1.0,1e-06,0.00986630876049868
0.897436,1175,4.0698187326640545,1.0,1.0,1e-06,0.00986630876049868
0.897436,1200,4.0698187326640545,1.0,1.0,1e-06,0.00986630876049868
0.897436,1225,4.0698187326640545,1.0,1.0,1e-06,0.00986630876049868
0.897436,1250,4.0698187326640545,1.0,1.0,1e-06,0.00986630876049868
0.897436,1275,4.0698187326640545,1.0,1.0,1e-06,0.00986630876049868
0.897436,1300,4.0698187326640545,1.0,1.0,1e-06,0.00986630876049868
0.897436,1325,4.0698187326640545,1.0,1.0,1e-06,0.00986630876049868
0.897436,1350,4.0698187326640545,1.0,1.0,1e-06,0.00986630876049868
0.897436,1375,4.0698187326640545,1.0,1.0,1e-06,0.00986630876049868
0.897436,1400,4.0698187326640545,1.0,1.0,1e-06,0.00986630876049868
0.897436,1425,4.0698187326640545,1.0,1.0,1e-06,0.00986630876049868
0.897436,1450,4.0698187326640545,1.0,1.0,1e-06,0.00986630876049868
0.897436,1475,4.0698187326640545,1.0,1.0,1e-06,0.00986630876049868
0.897436,1500,4.0698187326640545,1.0,1.0,1e-06,0.00986630876049868
0.897436,1525,4.0698187326640545,1.0,1.0,1e-06,0.00986630876049868
0.923077,-100,4.09659724195563,4.134615384615385,3.849216577281776,-23.095299463690655,0.01010110998111448
0.923077,-75,4.09659724195563,4.134615384615385,2.924758536184152,-17.54855121710491,0.010101109981114482
0.923077,-50,4.09659724195563,4.134615384615385,1.9764183152636612,-11.858509891581967,0.01010110998111448
0.923077,-25,4.09659724195563,4.134615384615385,1.0022434530066286,-6.013460718039772,0.01010110998111448
0.923077,0,4.09659724195563,4.09659724195563,0.0,0.0,0.010101109981114482
0.923077,25,4.09659724195563,4.033997362270601,1.0328878014737686,6.197326808842612,0.010101109981114478
0.923077,50,4.09659724195563,3.9693586777287466,2.0994155504489815,12.596493302693888,0.010101109981114482
0.923077,75,4.09659724195563,3.9024679746550976,3.2031012377762718,19.21860742665763,0.010101109981114485
0.923077,100,4.09659724195563,3.833072063907805,4.348122442987691,26.088734657926146,0.010101109981114484
0.923077,125,4.09659724195563,3.760866427828191,5.539503657768584,33.237021946611506,0.010101109981114484
0.923077,150,4.09659724195563,3.685479351237136,6.783378121928169,40.70026873156901,0.010101109981114482
0.923077,175,4.09659724195563,3.60644912526313,8.087363956517379,48.524183739104274,0.010101109981114487
0.923077,200,4.09659724195563,3.523190225292085,9.461122222138853,56.76673333283312,0.010101109981114485
0.923077,225,4.09659724195563,3.434941146991228,10.91721761604196,65.50330569625176,0.010101109981114485
0.923077,250,4.09659724195563,3.3406800451018994,12.472510418277944,74.83506250966767,0.010101109981114482
0.923077,275,4.09659724195563,3.2389799368189323,14.150545612316199,84.90327367389719,0.010101109981114487
0.923077,300,4.09659724195563,3.12774025736455,15.985982174277561,95.91589304566537,0.010101109981114485
0.923077,325,4.09659724195563,3.0036344241577284,18.033708174008545,108.20224904405127,0.010101109981114484
0.923077,350,4.09659724195563,2.86078785001999,20.390653341500222,122.34392004900133,0.010101109981114484
0.923077,375,4.09659724195563,2.6867428219708898,23.26236790842245,139.57420745053471,0.010101109981114485
0.923077,400,4.09659724195563,2.4421047258744073,27.298856580688348,163.79313948413008,0.01010110998111448
0.923077,425,4.09659724195563,1.0,1.0,1e-06,0.010101109981114478
0.923077,450,4.09659724195563,1.0,1.0,1e-06,0.010101109981114478
0.923077,475,4.09659724195563,1.0,1.0,1e-06,0.010101109981114478
0.923077,500,4.09659724195563,1.0,1.0,1e-06,0.010101109981114478
0.923077,525,4.09659724195563,1.0,1.0,1e-06,0.010101109981114478
0.923077,550,4.09659724195563,1.0,1.0,1e-06,0.010101109981114478
0.923077,575,4.09659724195563,1.0,1.0,1e-06,0.010101109981114478
0.923077,600,4.09659724195563,1.0,1.0,1e-06,0.010101109981114478
0.923077,625,4.09659724195563,1.0,1.0,1e-06,0.010101109981114478
0.923077,650,4.09659724195563,1.0,1.0,1e-06,0.010101109981114478
0.923077,675,4.09659724195563,1.0,1.0,1e-06,0.010101109981114478
0.923077,700,4.09659724195563,1.0,1.0,1e-06,0.010101109981114478
0.923077,725,4.09659724195563,1.0,1.0,1e-06,0.010101109981114478
0.923077,750,4.09659724195563,1.0,1.0,1e-06,0.010101109981114478
0.923077,775,4.09659724195563,1.0,1.0,1e-06,0.010101109981114478
0.923077,800,4.09659724195563,1.0,1.0,1e-06,0.010101109981114478
0.923077,825,4.09659724195563,1.0,1.0,1e-06,0.010101109981114478
0.923077,850,4.09659724195563,1.0,1.0,1e-06,0.010101109981114478
0.923077,875,4.09659724195563,1.0,1.0,1e-06,0.010101109981114478
0.923077,900,4.09659724195563,1.0,1.0,1e-06,0.010101109981114478
0.923077,925,4.09659724195563,1.0,1.0,1e-06,0.010101109981114478
0.923077,950,4.09659724195563,1.0,1.0,1e-06,0.010101109981114478
0.923077,975,4.09659724195563,1.0,1.0,1e-06,0.010101109981114478
0.923077,1000,4.09659724195563,1.0,1.0,1e-06,0.010101109981114478
0.923077,1025,4.09659724195563,1.0,1.0,1e-06,0.010101109981114478
0.923077,1050,4.09659724195563,1.0,1.0,1e-06,0.010101109981114478
0.923077,1075,4.09659724195563,1.0,1.0,1e-06,0.010101109981114478
0.923077,1100,4.09659724195563,1.0,1.0,1e-06,0.010101109981114478
0.923077,1125,4.09659724195563,1.0,1.0,1e-06,0.010101109981114478
0.923077,1150,4.09659724195563,1.0,1.0,1e-06,0.010101109981114478
0.923077,1175,4.09659724195563,1.0,1.0,1e-06,0.010101109981114478
0.923077,1200,4.09659724195563,1.0,1.0,1e-06,0.010101109981114478
0.923077,1225,4.09659724195563,1.0,1.0,1e-06,0.010101109981114478
0.923077,1250,4.09659724195563,1.0,1.0,1e-06,0.010101109981114478
0.923077,1275,4.09659724195563,1.0,1.0,1e-06,0.010101109981114478
0.923077,1300,4.09659724195563,1.0,1.0,1e-06,0.010101109981114478
0.923077,1325,4.09659724195563,1.0,1.0,1e-06,0.010101109981114478
0.923077,1350,4.09659724195563,1.0,1.0,1e-06,0.010101109981114478
0.923077,1375,4.09659724195563,1.0,1.0,1e-06,0.010101109981114478
0.923077,1400,4.09659724195563,1.0,1.0,1e-06,0.010101109981114478
0.923077,1425,4.09659724195563,1.0,1.0,1e-06,0.010101109981114478
0.923077,1450,4.09659724195563,1.0,1.0,1e-06,0.010101109981114478
0.923077,1475,4.09659724195563,1.0,1.0,1e-06,0.010101109981114478
0.923077,1500,4.09659724195563,1.0,1.0,1e-06,0.010101109981114478
0.923077,1525,4.09659724195563,1.0,1.0,1e-06,0.010101109981114478
0.9487180000000001,-100,4.128204698512251,4.134615384615385,3.8169025747032097,-22.901415448219257,0.010407113624406961
0.9487180000000001,-75,4.128204698512251,4.134615384615385,2.900682213320587,-17.404093279923522,0.01040711362440696
0.9487180000000001,-50,4.128204698512251,4.134615384615385,1.960496755676453,-11.762980534058718,0.010407113624406958
0.9487180000000001,-25,4.128204698512251,4.134615384615385,0.994361111865484,-5.966166671192904,0.010407113624406956
0.9487180000000001,0,4.128204698512251,4.128204698512251,0.0,0.0,0.010407113624406958
0.9487180000000001,25,4.128204698512251,4.064187514341473,1.0252151634154616,6.15129098049277,0.01040711362440696
0.9487180000000001,50,4.128204698512251,3.9980524072938994,2.0843481986705084,12.506089192023051,0.010407113624406958
0.9487180000000001,75,4.128204698512251,3.929574135795427,3.1810062790607563,19.086037674364537,0.010407113624406958
0.9487180000000001,100,4.128204698512251,3.858484456212155,4.319485242407377,25.916911454444264,0.010407113624406961
0.9487180000000001,125,4.128204698512251,3.7844596682901064,5.504969046940917,33.0298142816455,0.010407113624406963
0.9487180000000001,150,4.128204698512251,3.7071030992692267,6.743810282732142,40.46286169639285,0.01040711362440696
0.9487180000000001,175,4.128204698512251,3.6259197598177564,8.04393604896889,48.263616293813335,0.010407113624406961
0.9487180000000001,200,4.128204698512251,3.5402784171163466,9.415455341640683,56.4927320498441,0.010407113624406964
0.9487180000000001,225,4.128204698512251,3.4493524864923897,10.871605655510535,65.22963393306321,0.010407113624406964
0.9487180000000001,250,4.128204698512251,3.3520231939134812,12.430303806466476,74.58182283879886,0.01040711362440696
0.9487180000000001,275,4.128204698512251,3.2467105944044254,14.116852118672119,84.70111271203271,0.010407113624406961
0.9487180000000001,300,4.128204698512251,3.131053341983799,15.969066808782175,95.81440085269305,0.010407113624406961
0.9487180000000001,325,4.128204698512251,3.001229117773808,18.048161117017727,108.28896670210636,0.010407113624406961
0.9487180000000001,350,4.128204698512251,2.8502503885351285,20.46603820070469,122.79622920422814,0.01040711362440696
0.9487180000000001,375,4.128204698512251,2.6623087509704897,23.47586468970472,140.85518813822833,0.010407113624406958
0.9487180000000001,400,4.128204698512251,2.3766292416060066,28.05093259797506,168.30559558785035,0.010407113624406956
0.9487180000000001,425,4.128204698512251,1.0,1.0,1e-06,0.010407113624406952
0.9487180000000001,450,4.128204698512251,1.0,1.0,1e-06,0.010407113624406952
0.9487180000000001,475,4.128204698512251,1.0,1.0,1e-06,0.010407113624406952
0.9487180000000001,500,4.128204698512251,1.0,1.0,1e-06,0.010407113624406952
0.9487180000000001,525,4.128204698512251,1.0,1.0,1e-06,0.010407113624406952
0.9487180000000001,550,4.128204698512251,1.0,1.0,1e-06,0.010407113624406952
0.9487180000000001,575,4.128204698512251,1.0,1.0,1e-06,0.010407113624406952
0.9487180000000001,600,4.128204698512251,1.0,1.0,1e-06,0.010407113624406952
0.9487180000000001,625,4.128204698512251,1.0,1.0,1e-06,0.010407113624406952
0.9487180000000001,650,4.128204698512251,1.0,1.0,1e-06,0.010407113624406952
0.9487180000000001,675,4.128204698512251,1.0,1.0,1e-06,0.010407113624406952
0.9487180000000001,700,4.128204698512251,1.0,1.0,1e-06,0.010407113624406952
0.9487180000000001,725,4.128204698512251,1.0,1.0,1e-06,0.010407113624406952
0.9487180000000001,750,4.128204698512251,1.0,1.0,1e-06,0.010407113624406952
0.9487180000000001,775,4.128204698512251,1.0,1.0,1e-06,0.010407113624406952
0.9487180000000001,800,4.128204698512251,1.0,1.0,1e-06,0.010407113624406952
0.9487180000000001,825,4.128204698512251,1.0,1.0,1e-06,0.010407113624406952
0.9487180000000001,850,4.128204698512251,1.0,1.0,1e-06,0.010407113624406952
0.9487180000000001,875,4.128204698512251,1.0,1.0,1e-06,0.010407113624406952
0.9487180000000001,900,4.128204698512251,1.0,1.0,1e-06,0.010407113624406952
0.9487180000000001,925,4.128204698512251,1.0,1.0,1e-06,0.010407113624406952
0.9487180000000001,950,4.128204698512251,1.0,1.0,1e-06,0.010407113624406952
0.9487180000000001,975,4.128204698512251,1.0,1.0,1e-06,0.010407113624406952
0.9487180000000001,1000,4.128204698512251,1.0,1.0,1e-06,0.010407113624406952
0.9487180000000001,1025,4.128204698512251,1.0,1.0,1e-06,0.010407113624406952
0.9487180000000001,1050,4.128204698512251,1.0,1.0,1e-06,0.010407113624406952
0.9487180000000001,1075,4.128204698512251,1.0,1.0,1e-06,0.010407113624406952
0.9487180000000001,1100,4.128204698512251,1.0,1.0,1e-06,0.010407113624406952
0.9487180000000001,1125,4.128204698512251,1.0,1.0,1e-06,0.010407113624406952
0.9487180000000001,1150,4.128204698512251,1.0,1.0,1e-06,0.010407113624406952
0.9487180000000001,1175,4.128204698512251,1.0,1.0,1e-06,0.010407113624406952
0.9487180000000001,1200,4.128204698512251,1.0,1.0,1e-06,0.010407113624406952
0.9487180000000001,1225,4.128204698512251,1.0,1.0,1e-06,0.010407113624406952
0.9487180000000001,1250,4.128204698512251,1.0,1.0,1e-06,0.010407113624406952
0.9487180000000001,1275,4.128204698512251,1.0,1.0,1e-06,0.010407113624406952
0.9487180000000001,1300,4.128204698512251,1.0,1.0,1e-06,0.010407113624406952
0.9487180000000001,1325,4.128204698512251,1.0,1.0,1e-06,0.010407113624406952
0.9487180000000001,1350,4.128204698512251,1.0,1.0,1e-06,0.010407113624406952
0.9487180000000001,1375,4.128204698512251,1.0,1.0,1e-06,0.010407113624406952
0.9487180000000001,1400,4.128204698512251,1.0,1.0,1e-06,0.010407113624406952
0.9487180000000001,1425,4.128204698512251,1.0,1.0,1e-06,0.010407113624406952
0.9487180000000001,1450,4.128204698512251,1.0,1.0,1e-06,0.010407113624406952
0.9487180000000001,1475,4.128204698512251,1.0,1.0,1e-06,0.010407113624406952
0.9487180000000001,1500,4.128204698512251,1.0,1.0,1e-06,0.010407113624406952
0.9487180000000001,1525,4.128204698512251,1.0,1.0,1e-06,0.010407113624406952
0.9743590000000001,-100,4.158838044514607,4.134615384615385,3.785925745645144,-22.715554473870863,0.010716523779003747
0.9743590000000001,-75,4.158838044514607,4.134615384615385,2.8776206088062217,-17.26572365283733,0.010716523779003746
0.9743590000000001,-50,4.158838044514607,4.134615384615385,1.9452603942274491,-11.671562365364695,0.010716523779003749
0.9743590000000001,-25,4.158838044514607,4.134615384615385,0.9868262348009845,-5.920957408805907,0.010716523779003746
0.9743590000000001,0,4.158838044514607,4.158838044514607,0.0,0.0,0.010716523779003746
0.9743590000000001,25,4.158838044514607,4.093387834242838,1.017901756537902,6.107410539227413,0.010716523779003747
0.9743590000000001,50,4.158838044514607,4.0257379275694145,2.0700138665918275,12.420083199550964,0.010716523779003747
0.9743590000000001,75,4.158838044514607,3.9556504010323845,3.1600365888597293,18.960219533158376,0.010716523779003747
0.9743590000000001,100,4.158838044514607,3.8828410727560616,4.292389607086489,25.754337642518934,0.01071652377900375
0.9743590000000001,125,4.158838044514607,3.8069658371801447,5.472424556550468,32.83454733930281,0.01071652377900375
0.9743590000000001,150,4.158838044514607,3.7276013250608977,6.706725805660447,40.240354833962684,0.010716523779003752
0.9743590000000001,175,4.158838044514607,3.6442167116727324,8.003548903456645,48.021293420739866,0.010716523779003747
0.9743590000000001,200,4.158838044514607,3.5561311520662144,9.373482559541063,56.24089535724638,0.010716523779003754
0.9743590000000001,225,4.158838044514607,3.462446722576309,10.830491558321308,64.98294934992785,0.010716523779003752
0.9743590000000001,250,4.158838044514607,3.361937063212121,12.393648626740434,74.3618917604426,0.010716523779003752
0.9743590000000001,275,4.158838044514607,3.2528496469213652,14.090209603358685,84.54125762015211,0.010716523779003749
0.9743590000000001,300,4.158838044514607,3.1325222158828834,15.961578738846322,95.76947243307794,0.010716523779003752
0.9743590000000001,325,4.158838044514607,2.996541283435879,18.076395932232366,108.4583755933942,0.010716523779003749
0.9743590000000001,350,4.158838044514607,2.8365188488813815,20.565113944628944,123.39068366777366,0.010716523779003749
0.9743590000000001,375,4.158838044514607,2.631946897571405,23.74667971366408,142.48007828198448,0.010716523779003749
0.9743590000000001,400,4.158838044514607,2.272742477957903,29.333137085802957,175.99882251481773,0.010716523779003747
0.9743590000000001,425,4.158838044514607,1.0,1.0,1e-06,0.010716523779003746
0.9743590000000001,450,4.158838044514607,1.0,1.0,1e-06,0.010716523779003746
0.9743590000000001,475,4.158838044514607,1.0,1.0,1e-06,0.010716523779003746
0.9743590000000001,500,4.158838044514607,1.0,1.0,1e-06,0.010716523779003746
0.9743590000000001,525,4.158838044514607,1.0,1.0,1e-06,0.010716523779003746
0.9743590000000001,550,4.158838044514607,1.0,1.0,1e-06,0.010716523779003746
0.9743590000000001,575,4.158838044514607,1.0,1.0,1e-06,0.010716523779003746
0.9743590000000001,600,4.158838044514607,1.0,1.0,1e-06,0.010716523779003746
0.9743590000000001,625,4.158838044514607,1.0,1.0,1e-06,0.010716523779003746
0.9743590000000001,650,4.158838044514607,1.0,1.0,1e-06,0.010716523779003746
0.9743590000000001,675,4.158838044514607,1.0,1.0,1e-06,0.010716523779003746
0.9743590000000001,700,4.158838044514607,1.0,1.0,1e-06,0.010716523779003746
0.9743590000000001,725,4.158838044514607,1.0,1.0,1e-06,0.010716523779003746
0.9743590000000001,750,4.158838044514607,1.0,1.0,1e-06,0.010716523779003746
0.9743590000000001,775,4.158838044514607,1.0,1.0,1e-06,0.010716523779003746
0.9743590000000001,800,4.158838044514607,1.0,1.0,1e-06,0.010716523779003746
0.9743590000000001,825,4.158838044514607,1.0,1.0,1e-06,0.010716523779003746
0.9743590000000001,850,4.158838044514607,1.0,1.0,1e-06,0.010716523779003746
0.9743590000000001,875,4.158838044514607,1.0,1.0,1e-06,0.010716523779003746
0.9743590000000001,900,4.158838044514607,1.0,1.0,1e-06,0.010716523779003746
0.9743590000000001,925,4.158838044514607,1.0,1.0,1e-06,0.010716523779003746
0.9743590000000001,950,4.158838044514607,1.0,1.0,1e-06,0.010716523779003746
0.9743590000000001,975,4.158838044514607,1.0,1.0,1e-06,0.010716523779003746
0.9743590000000001,1000,4.158838044514607,1.0,1.0,1e-06,0.010716523779003746
0.9743590000000001,1025,4.158838044514607,1.0,1.0,1e-06,0.010716523779003746
0.9743590000000001,1050,4.158838044514607,1.0,1.0,1e-06,0.010716523779003746
0.9743590000000001,1075,4.158838044514607,1.0,1.0,1e-06,0.010716523779003746
0.9743590000000001,1100,4.158838044514607,1.0,1.0,1e-06,0.010716523779003746
0.9743590000000001,1125,4.158838044514607,1.0,1.0,1e-06,0.010716523779003746
0.9743590000000001,1150,4.158838044514607,1.0,1.0,1e-06,0.010716523779003746
0.9743590000000001,1175,4.158838044514607,1.0,1.0,1e-06,0.010716523779003746
0.9743590000000001,1200,4.158838044514607,1.0,1.0,1e-06,0.010716523779003746
0.9743590000000001,1225,4.158838044514607,1.0,1.0,1e-06,0.010716523779003746
0.9743590000000001,1250,4.158838044514607,1.0,1.0,1e-06,0.010716523779003746
0.9743590000000001,1275,4.158838044514607,1.0,1.0,1e-06,0.010716523779003746
0.9743590000000001,1300,4.158838044514607,1.0,1.0,1e-06,0.010716523779003746
0.9743590000000001,1325,4.158838044514607,1.0,1.0,1e-06,0.010716523779003746
0.9743590000000001,1350,4.158838044514607,1.0,1.0,1e-06,0.010716523779003746
0.9743590000000001,1375,4.158838044514607,1.0,1.0,1e-06,0.010716523779003746
0.9743590000000001,1400,4.158838044514607,1.0,1.0,1e-06,0.010716523779003746
0.9743590000000001,1425,4.158838044514607,1.0,1.0,1e-06,0.010716523779003746
0.9743590000000001,1450,4.158838044514607,1.0,1.0,1e-06,0.010716523779003746
0.9743590000000001,1475,4.158838044514607,1.0,1.0,1e-06,0.010716523779003746
0.9743590000000001,1500,4.158838044514607,1.0,1.0,1e-06,0.010716523779003746
0.9743590000000001,1525,4.158838044514607,1.0,1.0,1e-06,0.010716523779003746
1.0,-100,4.1826923076923075,4.134615384615385,3.7621221145953236,-22.572732687571943,0.010961520786512859
1.0,-75,4.1826923076923075,4.134615384615385,2.859897972299569,-17.159387833797414,0.010961520786512857
1.0,-50,4.1826923076923075,4.134615384615385,1.9335507090235369,-11.60130425414122,0.01096152078651286
1.0,-25,4.1826923076923075,4.134615384615385,0.9810352229982571,-5.886211337989542,0.010961520786512855
1.0,0,4.1826923076923075,4.1826923076923075,0.0,0.0,0.010961520786512857
1.0,25,4.1826923076923075,4.116115453184792,1.012281291440152,6.073687748640912,0.010961520786512855
1.0,50,4.1826923076923075,4.047273733252267,2.0589991887296715,12.353995132378028,0.01096152078651286
1.0,75,4.1826923076923075,3.975918963853407,3.1439272564763683,18.86356353885821,0.01096152078651286
1.0,100,4.1826923076923075,3.9017540240665123,4.271583130013977,25.62949878008386,0.010961520786512859
1.0,125,4.1826923076923075,3.8244181768425998,5.4474517089899175,32.68471025393951,0.01096152078651286
1.0,150,4.1826923076923075,3.743466191019655,6.678302600935321,40.06981560561192,0.010961520786512862
1.0,175,4.1826923076923075,3.6583377293076653,7.972655567857156,47.83593340714293,0.010961520786512859
1.0,200,4.1826923076923075,3.5683108040340072,9.341488217800338,56.04892930680203,0.010961520786512859
1.0,225,4.1826923076923075,3.4724278162549,10.7993605581828,64.7961633490968,0.010961520786512862
1.0,250,4.1826923076923075,3.369371403431969,12.366302694985153,74.19781616991092,0.010961520786512864
1.0,275,4.1826923076923075,3.25724088276299,14.071213945483423,84.42728367290054,0.010961520786512864
1.0,300,4.1826923076923075,3.1331102822616224,15.958582844363752,95.75149706618251,0.010961520786512864
1.0,325,4.1826923076923075,2.992031714733204,18.10364054630238,108.62184327781428,0.01096152078651286
1.0,350,4.1826923076923075,2.824283026931141,20.654209502762964,123.92525701657777,0.01096152078651286
1.0,375,4.1826923076923075,2.6043358616033148,23.99844080076636,143.99064480459816,0.01096152078651286
1.0,400,4.1826923076923075,1.0,1.0,1e-06,0.010961520786512857
1.0,425,4.1826923076923075,1.0,1.0,1e-06,0.010961520786512857
1.0,450,4.1826923076923075,1.0,1.0,1e-06,0.010961520786512857
1.0,475,4.1826923076923075,1.0,1.0,1e-06,0.010961520786512857
1.0,500,4.1826923076923075,1.0,1.0,1e-06,0.010961520786512857
1.0,525,4.1826923076923075,1.0,1.0,1e-06,0.010961520786512857
1.0,550,4.1826923076923075,1.0,1.0,1e-06,0.010961520786512857
1.0,575,4.1826923076923075,1.0,1.0,1e-06,0.010961520786512857
1.0,600,4.1826923076923075,1.0,1.0,1e-06,0.010961520786512857
1.0,625,4.1826923076923075,1.0,1.0,1e-06,0.010961520786512857
1.0,650,4.1826923076923075,1.0,1.0,1e-06,0.010961520786512857
1.0,675,4.1826923076923075,1.0,1.0,1e-06,0.010961520786512857
1.0,700,4.1826923076923075,1.0,1.0,1e-06,0.010961520786512857
1.0,725,4.1826923076923075,1.0,1.0,1e-06,0.010961520786512857
1.0,750,4.1826923076923075,1.0,1.0,1e-06,0.010961520786512857
1.0,775,4.1826923076923075,1.0,1.0,1e-06,0.010961520786512857
1.0,800,4.1826923076923075,1.0,1.0,1e-06,0.010961520786512857
1.0,825,4.1826923076923075,1.0,1.0,1e-06,0.010961520786512857
1.0,850,4.1826923076923075,1.0,1.0,1e-06,0.010961520786512857
1.0,875,4.1826923076923075,1.0,1.0,1e-06,0.010961520786512857
1.0,900,4.1826923076923075,1.0,1.0,1e-06,0.010961520786512857
1.0,925,4.1826923076923075,1.0,1.0,1e-06,0.010961520786512857
1.0,950,4.1826923076923075,1.0,1.0,1e-06,0.010961520786512857
1.0,975,4.1826923076923075,1.0,1.0,1e-06,0.010961520786512857
1.0,1000,4.1826923076923075,1.0,1.0,1e-06,0.010961520786512857
1.0,1025,4.1826923076923075,1.0,1.0,1e-06,0.010961520786512857
1.0,1050,4.1826923076923075,1.0,1.0,1e-06,0.010961520786512857
1.0,1075,4.1826923076923075,1.0,1.0,1e-06,0.010961520786512857
1.0,1100,4.1826923076923075,1.0,1.0,1e-06,0.010961520786512857
1.0,1125,4.1826923076923075,1.0,1.0,1e-06,0.010961520786512857
1.0,1150,4.1826923076923075,1.0,1.0,1e-06,0.010961520786512857
1.0,1175,4.1826923076923075,1.0,1.0,1e-06,0.010961520786512857
1.0,1200,4.1826923076923075,1.0,1.0,1e-06,0.010961520786512857
1.0,1225,4.1826923076923075,1.0,1.0,1e-06,0.010961520786512857
1.0,1250,4.1826923076923075,1.0,1.0,1e-06,0.010961520786512857
1.0,1275,4.1826923076923075,1.0,1.0,1e-06,0.010961520786512857
1.0,1300,4.1826923076923075,1.0,1.0,1e-06,0.010961520786512857
1.0,1325,4.1826923076923075,1.0,1.0,1e-06,0.010961520786512857
1.0,1350,4.1826923076923075,1.0,1.0,1e-06,0.010961520786512857
1.0,1375,4.1826923076923075,1.0,1.0,1e-06,0.010961520786512857
1.0,1400,4.1826923076923075,1.0,1.0,1e-06,0.010961520786512857
1.0,1425,4.1826923076923075,1.0,1.0,1e-06,0.010961520786512857
1.0,1450,4.1826923076923075,1.0,1.0,1e-06,0.010961520786512857
1.0,1475,4.1826923076923075,1.0,1.0,1e-06,0.010961520786512857
1.0,1500,4.1826923076923075,1.0,1.0,1e-06,0.010961520786512857
1.0,1525,4.1826923076923075,1.0,1.0,1e-06,0.010961520786512857
