soc,power,current,ocv,ir0,c_rate,line_voltage,power_out,deltaP,converged,iterations,error
1e-06,-100,-25.925925925925927,2.764423076923077,0.03305763900353614,4.546122891549472,3.621472977014755,-93.89004014482698,-6.109959855173017,True,2,
1e-06,-75,-21.567812917841888,2.764423076923077,0.03305763900353615,3.594635486306981,3.477404050456898,-74.99999999999999,-1.4210854715202004e-14,True,2,
1e-06,-50,-15.290959053915557,2.764423076923077,0.033057639003536136,2.548493175652593,3.26990608134527,-49.99999999999999,-7.105427357601002e-15,True,2,
1e-06,-25,-8.23293422499872,2.764423076923077,0.03305763900353614,1.3721557041664534,3.0365844444729424,-25.000000000000014,1.4210854715202004e-14,True,2,
1e-06,0,0.0,2.764423076923077,0.03305763900353614,0.0,2.764423076923077,0.0,0.0,True,1,
1e-06,25,10.31609639039483,2.764423076923077,0.03305763900353614,1.7193493983991381,2.4233972865237225,24.999999999999996,3.552713678800501e-15,True,2,
1e-06,50,26.458091839618902,2.764423076923077,0.03305763900353616,4.409681973269817,1.8897810281665497,50.00000000000001,-7.105427357601002e-15,True,2,
1e-06,75,,2.764423076923077,0.03305763900353614,1.0,,,,False,1,No solution exists for discriminant 
1e-06,100,,2.764423076923077,0.03305763900353614,1.0,,,,False,1,No solution exists for discriminant 
1e-06,125,,2.764423076923077,0.03305763900353614,1.0,,,,False,1,No solution exists for discriminant 
1e-06,150,,2.764423076923077,0.03305763900353614,1.0,,,,False,1,No solution exists for discriminant 
1e-06,175,,2.764423076923077,0.03305763900353614,1.0,,,,False,1,No solution exists for discriminant 
1e-06,200,,2.764423076923077,0.03305763900353614,1.0,,,,False,1,No solution exists for discriminant 
1e-06,225,,2.764423076923077,0.03305763900353614,1.0,,,,False,1,No solution exists for discriminant 
1e-06,250,,2.764423076923077,0.03305763900353614,1.0,,,,False,1,No solution exists for discriminant 
1e-06,275,,2.764423076923077,0.03305763900353614,1.0,,,,False,1,No solution exists for discriminant 
1e-06,300,,2.764423076923077,0.03305763900353614,1.0,,,,False,1,No solution exists for discriminant 
1e-06,325,,2.764423076923077,0.03305763900353614,1.0,,,,False,1,No solution exists for discriminant 
1e-06,350,,2.764423076923077,0.03305763900353614,1.0,,,,False,1,No solution exists for discriminant 
1e-06,375,,2.764423076923077,0.03305763900353614,1.0,,,,False,1,No solution exists for discriminant 
1e-06,400,,2.764423076923077,0.03305763900353614,1.0,,,,False,1,No solution exists for discriminant 
1e-06,425,,2.764423076923077,0.03305763900353614,1.0,,,,False,1,No solution exists for discriminant 
1e-06,450,,2.764423076923077,0.03305763900353614,1.0,,,,False,1,No solution exists for discriminant 
1e-06,475,,2.764423076923077,0.03305763900353614,1.0,,,,False,1,No solution exists for discriminant 
1e-06,500,,2.764423076923077,0.03305763900353614,1.0,,,,False,1,No solution exists for discriminant 
1e-06,525,,2.764423076923077,0.03305763900353614,1.0,,,,False,1,No solution exists for discriminant 
1e-06,550,,2.764423076923077,0.03305763900353614,1.0,,,,False,1,No solution exists for discriminant 
1e-06,575,,2.764423076923077,0.03305763900353614,1.0,,,,False,1,No solution exists for discriminant 
1e-06,600,,2.764423076923077,0.03305763900353614,1.0,,,,False,1,No solution exists for discriminant 
1e-06,625,,2.764423076923077,0.03305763900353614,1.0,,,,False,1,No solution exists for discriminant 
1e-06,650,,2.764423076923077,0.03305763900353614,1.0,,,,False,1,No solution exists for discriminant 
1e-06,675,,2.764423076923077,0.03305763900353614,1.0,,,,False,1,No solution exists for discriminant 
1e-06,700,,2.764423076923077,0.03305763900353614,1.0,,,,False,1,No solution exists for discriminant 
1e-06,725,,2.764423076923077,0.03305763900353614,1.0,,,,False,1,No solution exists for discriminant 
1e-06,750,,2.764423076923077,0.03305763900353614,1.0,,,,False,1,No solution exists for discriminant 
1e-06,775,,2.764423076923077,0.03305763900353614,1.0,,,,False,1,No solution exists for discriminant 
1e-06,800,,2.764423076923077,0.03305763900353614,1.0,,,,False,1,No solution exists for discriminant 
1e-06,825,,2.764423076923077,0.03305763900353614,1.0,,,,False,1,No solution exists for discriminant 
1e-06,850,,2.764423076923077,0.03305763900353614,1.0,,,,False,1,No solution exists for discriminant 
1e-06,875,,2.764423076923077,0.03305763900353614,1.0,,,,False,1,No solution exists for discriminant 
1e-06,900,,2.764423076923077,0.03305763900353614,1.0,,,,False,1,No solution exists for discriminant 
1e-06,925,,2.764423076923077,0.03305763900353614,1.0,,,,False,1,No solution exists for discriminant 
1e-06,950,,2.764423076923077,0.03305763900353614,1.0,,,,False,1,No solution exists for discriminant 
1e-06,975,,2.764423076923077,0.03305763900353614,1.0,,,,False,1,No solution exists for discriminant 
1e-06,1000,,2.764423076923077,0.03305763900353614,1.0,,,,False,1,No solution exists for discriminant 
1e-06,1025,,2.764423076923077,0.03305763900353614,1.0,,,,False,1,No solution exists for discriminant 
1e-06,1050,,2.764423076923077,0.03305763900353614,1.0,,,,False,1,No solution exists for discriminant 
1e-06,1075,,2.764423076923077,0.03305763900353614,1.0,,,,False,1,No solution exists for discriminant 
1e-06,1100,,2.764423076923077,0.03305763900353614,1.0,,,,False,1,No solution exists for discriminant 
1e-06,1125,,2.764423076923077,0.03305763900353614,1.0,,,,False,1,No solution exists for discriminant 
1e-06,1150,,2.764423076923077,0.03305763900353614,1.0,,,,False,1,No solution exists for discriminant 
1e-06,1175,,2.764423076923077,0.03305763900353614,1.0,,,,False,1,No solution exists for discriminant 
1e-06,1200,,2.764423076923077,0.03305763900353614,1.0,,,,False,1,No solution exists for discriminant 
1e-06,1225,,2.764423076923077,0.03305763900353614,1.0,,,,False,1,No solution exists for discriminant 
1e-06,1250,,2.764423076923077,0.03305763900353614,1.0,,,,False,1,No solution exists for discriminant 
1e-06,1275,,2.764423076923077,0.03305763900353614,1.0,,,,False,1,No solution exists for discriminant 
1e-06,1300,,2.764423076923077,0.03305763900353614,1.0,,,,False,1,No solution exists for discriminant 
1e-06,1325,,2.764423076923077,0.03305763900353614,1.0,,,,False,1,No solution exists for discriminant 
1e-06,1350,,2.764423076923077,0.03305763900353614,1.0,,,,False,1,No solution exists for discriminant 
1e-06,1375,,2.764423076923077,0.03305763900353614,1.0,,,,False,1,No solution exists for discriminant 
1e-06,1400,,2.764423076923077,0.03305763900353614,1.0,,,,False,1,No solution exists for discriminant 
1e-06,1425,,2.764423076923077,0.03305763900353614,1.0,,,,False,1,No solution exists for discriminant 
1e-06,1450,,2.764423076923077,0.03305763900353614,1.0,,,,False,1,No solution exists for discriminant 
1e-06,1475,,2.764423076923077,0.03305763900353614,1.0,,,,False,1,No solution exists for discriminant 
1e-06,1500,,2.764423076923077,0.03305763900353614,1.0,,,,False,1,No solution exists for discriminant 
1e-06,1525,,2.764423076923077,0.03305763900353614,1.0,,,,False,1,No solution exists for discriminant 
0.025642,-100,-25.925925925925927,2.860546019333737,0.022991703071562546,4.741983455313844,3.456627210077951,-89.61626100202096,-10.383738997979037,True,2,
0.025642,-75,-22.242409188945167,2.860546019333737,0.022991703071562553,3.7070681981575277,3.3719368870021587,-74.99999999999997,-2.842170943040401e-14,True,2,
0.025642,-50,-15.538548765211656,2.860546019333737,0.022991703071562543,2.589758127535276,3.2178037187064783,-50.00000000000002,2.1316282072803006e-14,True,2,
0.025642,-25,-8.199246516362484,2.860546019333737,0.022991703071562546,1.366541086060414,3.049060660648487,-25.0,0.0,True,2,
0.025642,0,0.0,2.860546019333737,0.022991703071562553,0.0,2.860546019333737,0.0,0.0,True,1,
0.025642,25,9.458680292100054,2.860546019333737,0.022991703071562553,1.576446715350009,2.643074850608932,25.0,0.0,True,2,
0.025642,50,21.03583533235045,2.860546019333737,0.02299170307156255,3.505972555391742,2.376896339510051,49.999999999999986,1.4210854715202004e-14,True,2,
0.025642,75,37.55428286284013,2.860546019333737,0.022991703071562553,6.259047143806689,1.9971090986858466,74.99999999999999,1.4210854715202004e-14,True,2,
0.025642,100,,2.860546019333737,0.02299170307156256,1.0,,,,False,1,No solution exists for discriminant 
0.025642,125,,2.860546019333737,0.02299170307156256,1.0,,,,False,1,No solution exists for discriminant 
0.025642,150,,2.860546019333737,0.02299170307156256,1.0,,,,False,1,No solution exists for discriminant 
0.025642,175,,2.860546019333737,0.02299170307156256,1.0,,,,False,1,No solution exists for discriminant 
0.025642,200,,2.860546019333737,0.02299170307156256,1.0,,,,False,1,No solution exists for discriminant 
0.025642,225,,2.860546019333737,0.02299170307156256,1.0,,,,False,1,No solution exists for discriminant 
0.025642,250,,2.860546019333737,0.02299170307156256,1.0,,,,False,1,No solution exists for discriminant 
0.025642,275,,2.860546019333737,0.02299170307156256,1.0,,,,False,1,No solution exists for discriminant 
0.025642,300,,2.860546019333737,0.02299170307156256,1.0,,,,False,1,No solution exists for discriminant 
0.025642,325,,2.860546019333737,0.02299170307156256,1.0,,,,False,1,No solution exists for discriminant 
0.025642,350,,2.860546019333737,0.02299170307156256,1.0,,,,False,1,No solution exists for discriminant 
0.025642,375,,2.860546019333737,0.02299170307156256,1.0,,,,False,1,No solution exists for discriminant 
0.025642,400,,2.860546019333737,0.02299170307156256,1.0,,,,False,1,No solution exists for discriminant 
0.025642,425,,2.860546019333737,0.02299170307156256,1.0,,,,False,1,No solution exists for discriminant 
0.025642,450,,2.860546019333737,0.02299170307156256,1.0,,,,False,1,No solution exists for discriminant 
0.025642,475,,2.860546019333737,0.02299170307156256,1.0,,,,False,1,No solution exists for discriminant 
0.025642,500,,2.860546019333737,0.02299170307156256,1.0,,,,False,1,No solution exists for discriminant 
0.025642,525,,2.860546019333737,0.02299170307156256,1.0,,,,False,1,No solution exists for discriminant 
0.025642,550,,2.860546019333737,0.02299170307156256,1.0,,,,False,1,No solution exists for discriminant 
0.025642,575,,2.860546019333737,0.02299170307156256,1.0,,,,False,1,No solution exists for discriminant 
0.025642,600,,2.860546019333737,0.02299170307156256,1.0,,,,False,1,No solution exists for discriminant 
0.025642,625,,2.860546019333737,0.02299170307156256,1.0,,,,False,1,No solution exists for discriminant 
0.025642,650,,2.860546019333737,0.02299170307156256,1.0,,,,False,1,No solution exists for discriminant 
0.025642,675,,2.860546019333737,0.02299170307156256,1.0,,,,False,1,No solution exists for discriminant 
0.025642,700,,2.860546019333737,0.02299170307156256,1.0,,,,False,1,No solution exists for discriminant 
0.025642,725,,2.860546019333737,0.02299170307156256,1.0,,,,False,1,No solution exists for discriminant 
0.025642,750,,2.860546019333737,0.02299170307156256,1.0,,,,False,1,No solution exists for discriminant 
0.025642,775,,2.860546019333737,0.02299170307156256,1.0,,,,False,1,No solution exists for discriminant 
0.025642,800,,2.860546019333737,0.02299170307156256,1.0,,,,False,1,No solution exists for discriminant 
0.025642,825,,2.860546019333737,0.02299170307156256,1.0,,,,False,1,No solution exists for discriminant 
0.025642,850,,2.860546019333737,0.02299170307156256,1.0,,,,False,1,No solution exists for discriminant 
0.025642,875,,2.860546019333737,0.02299170307156256,1.0,,,,False,1,No solution exists for discriminant 
0.025642,900,,2.860546019333737,0.02299170307156256,1.0,,,,False,1,No solution exists for discriminant 
0.025642,925,,2.860546019333737,0.02299170307156256,1.0,,,,False,1,No solution exists for discriminant 
0.025642,950,,2.860546019333737,0.02299170307156256,1.0,,,,False,1,No solution exists for discriminant 
0.025642,975,,2.860546019333737,0.02299170307156256,1.0,,,,False,1,No solution exists for discriminant 
0.025642,1000,,2.860546019333737,0.02299170307156256,1.0,,,,False,1,No solution exists for discriminant 
0.025642,1025,,2.860546019333737,0.02299170307156256,1.0,,,,False,1,No solution exists for discriminant 
0.025642,1050,,2.860546019333737,0.02299170307156256,1.0,,,,False,1,No solution exists for discriminant 
0.025642,1075,,2.860546019333737,0.02299170307156256,1.0,,,,False,1,No solution exists for discriminant 
0.025642,1100,,2.860546019333737,0.02299170307156256,1.0,,,,False,1,No solution exists for discriminant 
0.025642,1125,,2.860546019333737,0.02299170307156256,1.0,,,,False,1,No solution exists for discriminant 
0.025642,1150,,2.860546019333737,0.02299170307156256,1.0,,,,False,1,No solution exists for discriminant 
0.025642,1175,,2.860546019333737,0.02299170307156256,1.0,,,,False,1,No solution exists for discriminant 
0.025642,1200,,2.860546019333737,0.02299170307156256,1.0,,,,False,1,No solution exists for discriminant 
0.025642,1225,,2.860546019333737,0.02299170307156256,1.0,,,,False,1,No solution exists for discriminant 
0.025642,1250,,2.860546019333737,0.02299170307156256,1.0,,,,False,1,No solution exists for discriminant 
0.025642,1275,,2.860546019333737,0.02299170307156256,1.0,,,,False,1,No solution exists for discriminant 
0.025642,1300,,2.860546019333737,0.02299170307156256,1.0,,,,False,1,No solution exists for discriminant 
0.025642,1325,,2.860546019333737,0.02299170307156256,1.0,,,,False,1,No solution exists for discriminant 
0.025642,1350,,2.860546019333737,0.02299170307156256,1.0,,,,False,1,No solution exists for discriminant 
0.025642,1375,,2.860546019333737,0.02299170307156256,1.0,,,,False,1,No solution exists for discriminant 
0.025642,1400,,2.860546019333737,0.02299170307156256,1.0,,,,False,1,No solution exists for discriminant 
0.025642,1425,,2.860546019333737,0.02299170307156256,1.0,,,,False,1,No solution exists for discriminant 
0.025642,1450,,2.860546019333737,0.02299170307156256,1.0,,,,False,1,No solution exists for discriminant 
0.025642,1475,,2.860546019333737,0.02299170307156256,1.0,,,,False,1,No solution exists for discriminant 
0.025642,1500,,2.860546019333737,0.02299170307156256,1.0,,,,False,1,No solution exists for discriminant 
0.025642,1525,,2.860546019333737,0.02299170307156256,1.0,,,,False,1,No solution exists for discriminant 
0.051283,-100,-25.925925925925927,2.9822646200575753,0.01772576000660195,4.775350842822648,3.441821360969478,-89.23240565476425,-10.76759434523575,True,2,
0.051283,-75,-22.21532324021054,2.9822646200575753,0.017725760006601938,3.7025538733684233,3.376048108282634,-75.00000000000003,2.842170943040401e-14,True,2,
0.051283,-50,-15.362944259470114,2.9822646200575753,0.01772576000660194,2.5604907099116856,3.2545844829957455,-49.99999999999999,-7.105427357601002e-15,True,2,
0.051283,-25,-8.002276358774635,2.9822646200575753,0.017725760006601938,1.333712726462439,3.124111050299719,-25.000000000000036,3.552713678800501e-14,True,2,
0.051283,0,0.0,2.9822646200575753,0.01772576000660194,0.0,2.9822646200575753,0.0,0.0,True,1,
0.051283,25,8.84823272960866,2.9822646200575753,0.017725760006601945,1.4747054549347764,2.8254229702099716,24.999999999999982,1.7763568394002505e-14,True,2,
0.051283,50,18.885737159156687,2.9822646200575753,0.017725760006601945,3.147622859859448,2.6475005756265997,49.99999999999999,7.105427357601002e-15,True,2,
0.051283,75,30.779698013255462,2.9822646200575753,0.01772576000660195,5.12994966887591,2.436671079998926,74.99999999999999,1.4210854715202004e-14,True,2,
0.051283,100,46.240147378725666,2.9822646200575753,0.017725760006601945,7.706691229787611,2.16262286495238,100.0,0.0,True,2,
0.051283,125,79.15410243254276,2.9822646200575753,0.017725760006601955,13.192350405423793,1.5791979968003345,125.0,0.0,True,2,
0.051283,150,,2.9822646200575753,0.017725760006601938,1.0,,,,False,1,No solution exists for discriminant 
0.051283,175,,2.9822646200575753,0.017725760006601938,1.0,,,,False,1,No solution exists for discriminant 
0.051283,200,,2.9822646200575753,0.017725760006601938,1.0,,,,False,1,No solution exists for discriminant 
0.051283,225,,2.9822646200575753,0.017725760006601938,1.0,,,,False,1,No solution exists for discriminant 
0.051283,250,,2.9822646200575753,0.017725760006601938,1.0,,,,False,1,No solution exists for discriminant 
0.051283,275,,2.9822646200575753,0.017725760006601938,1.0,,,,False,1,No solution exists for discriminant 
0.051283,300,,2.9822646200575753,0.017725760006601938,1.0,,,,False,1,No solution exists for discriminant 
0.051283,325,,2.9822646200575753,0.017725760006601938,1.0,,,,False,1,No solution exists for discriminant 
0.051283,350,,2.9822646200575753,0.017725760006601938,1.0,,,,False,1,No solution exists for discriminant 
0.051283,375,,2.9822646200575753,0.017725760006601938,1.0,,,,False,1,No solution exists for discriminant 
0.051283,400,,2.9822646200575753,0.017725760006601938,1.0,,,,False,1,No solution exists for discriminant 
0.051283,425,,2.9822646200575753,0.017725760006601938,1.0,,,,False,1,No solution exists for discriminant 
0.051283,450,,2.9822646200575753,0.017725760006601938,1.0,,,,False,1,No solution exists for discriminant 
0.051283,475,,2.9822646200575753,0.017725760006601938,1.0,,,,False,1,No solution exists for discriminant 
0.051283,500,,2.9822646200575753,0.017725760006601938,1.0,,,,False,1,No solution exists for discriminant 
0.051283,525,,2.9822646200575753,0.017725760006601938,1.0,,,,False,1,No solution exists for discriminant 
0.051283,550,,2.9822646200575753,0.017725760006601938,1.0,,,,False,1,No solution exists for discriminant 
0.051283,575,,2.9822646200575753,0.017725760006601938,1.0,,,,False,1,No solution exists for discriminant 
0.051283,600,,2.9822646200575753,0.017725760006601938,1.0,,,,False,1,No solution exists for discriminant 
0.051283,625,,2.9822646200575753,0.017725760006601938,1.0,,,,False,1,No solution exists for discriminant 
0.051283,650,,2.9822646200575753,0.017725760006601938,1.0,,,,False,1,No solution exists for discriminant 
0.051283,675,,2.9822646200575753,0.017725760006601938,1.0,,,,False,1,No solution exists for discriminant 
0.051283,700,,2.9822646200575753,0.017725760006601938,1.0,,,,False,1,No solution exists for discriminant 
0.051283,725,,2.9822646200575753,0.017725760006601938,1.0,,,,False,1,No solution exists for discriminant 
0.051283,750,,2.9822646200575753,0.017725760006601938,1.0,,,,False,1,No solution exists for discriminant 
0.051283,775,,2.9822646200575753,0.017725760006601938,1.0,,,,False,1,No solution exists for discriminant 
0.051283,800,,2.9822646200575753,0.017725760006601938,1.0,,,,False,1,No solution exists for discriminant 
0.051283,825,,2.9822646200575753,0.017725760006601938,1.0,,,,False,1,No solution exists for discriminant 
0.051283,850,,2.9822646200575753,0.017725760006601938,1.0,,,,False,1,No solution exists for discriminant 
0.051283,875,,2.9822646200575753,0.017725760006601938,1.0,,,,False,1,No solution exists for discriminant 
0.051283,900,,2.9822646200575753,0.017725760006601938,1.0,,,,False,1,No solution exists for discriminant 
0.051283,925,,2.9822646200575753,0.017725760006601938,1.0,,,,False,1,No solution exists for discriminant 
0.051283,950,,2.9822646200575753,0.017725760006601938,1.0,,,,False,1,No solution exists for discriminant 
0.051283,975,,2.9822646200575753,0.017725760006601938,1.0,,,,False,1,No solution exists for discriminant 
0.051283,1000,,2.9822646200575753,0.017725760006601938,1.0,,,,False,1,No solution exists for discriminant 
0.051283,1025,,2.9822646200575753,0.017725760006601938,1.0,,,,False,1,No solution exists for discriminant 
0.051283,1050,,2.9822646200575753,0.017725760006601938,1.0,,,,False,1,No solution exists for discriminant 
0.051283,1075,,2.9822646200575753,0.017725760006601938,1.0,,,,False,1,No solution exists for discriminant 
0.051283,1100,,2.9822646200575753,0.017725760006601938,1.0,,,,False,1,No solution exists for discriminant 
0.051283,1125,,2.9822646200575753,0.017725760006601938,1.0,,,,False,1,No solution exists for discriminant 
0.051283,1150,,2.9822646200575753,0.017725760006601938,1.0,,,,False,1,No solution exists for discriminant 
0.051283,1175,,2.9822646200575753,0.017725760006601938,1.0,,,,False,1,No solution exists for discriminant 
0.051283,1200,,2.9822646200575753,0.017725760006601938,1.0,,,,False,1,No solution exists for discriminant 
0.051283,1225,,2.9822646200575753,0.017725760006601938,1.0,,,,False,1,No solution exists for discriminant 
0.051283,1250,,2.9822646200575753,0.017725760006601938,1.0,,,,False,1,No solution exists for discriminant 
0.051283,1275,,2.9822646200575753,0.017725760006601938,1.0,,,,False,1,No solution exists for discriminant 
0.051283,1300,,2.9822646200575753,0.017725760006601938,1.0,,,,False,1,No solution exists for discriminant 
0.051283,1325,,2.9822646200575753,0.017725760006601938,1.0,,,,False,1,No solution exists for discriminant 
0.051283,1350,,2.9822646200575753,0.017725760006601938,1.0,,,,False,1,No solution exists for discriminant 
0.051283,1375,,2.9822646200575753,0.017725760006601938,1.0,,,,False,1,No solution exists for discriminant 
0.051283,1400,,2.9822646200575753,0.017725760006601938,1.0,,,,False,1,No solution exists for discriminant 
0.051283,1425,,2.9822646200575753,0.017725760006601938,1.0,,,,False,1,No solution exists for discriminant 
0.051283,1450,,2.9822646200575753,0.017725760006601938,1.0,,,,False,1,No solution exists for discriminant 
0.051283,1475,,2.9822646200575753,0.017725760006601938,1.0,,,,False,1,No solution exists for discriminant 
0.051283,1500,,2.9822646200575753,0.017725760006601938,1.0,,,,False,1,No solution exists for discriminant 
0.051283,1525,,2.9822646200575753,0.017725760006601938,1.0,,,,False,1,No solution exists for discriminant 
0.076924,-100,-25.925925925925927,3.1039651669984085,0.015401362079427473,4.709244810849305,3.50325973942801,-90.82525250368914,-9.174747496310857,True,2,
0.076924,-75,-21.80376531847957,3.1039651669984085,0.015401362079427479,3.6339608864132615,3.439772851363176,-75.0,0.0,True,2,
0.076924,-50,-14.993049726605642,3.1039651669984085,0.015401362079427472,2.4988416211009405,3.334878554512723,-50.0,0.0,True,2,
0.076924,-25,-7.755751403154435,3.1039651669984085,0.015401362079427479,1.2926252338590725,3.2234143025564177,-25.00000000000001,1.0658141036401503e-14,True,2,
0.076924,0,0.0,3.1039651669984085,0.015401362079427472,0.0,3.1039651669984085,0.0,0.0,True,1,
0.076924,25,8.404714235472216,3.1039651669984085,0.015401362079427479,1.400785705912036,2.974521119883782,24.999999999999982,1.7763568394002505e-14,True,2,
0.076924,50,17.6550330139711,3.1039651669984085,0.015401362079427472,2.9425055023285167,2.832053611025994,49.99999999999999,7.105427357601002e-15,True,2,
0.076924,75,28.073043130338917,3.1039651669984085,0.015401362079427475,4.678840521723153,2.6716020650766747,75.00000000000001,-1.4210854715202004e-14,True,2,
0.076924,100,40.25889003044679,3.1039651669984085,0.015401362079427475,6.709815005074465,2.4839234247236446,99.99999999999999,1.4210854715202004e-14,True,2,
0.076924,125,55.62206436213183,3.1039651669984085,0.015401362079427484,9.270344060355304,2.2473096141519964,124.99999999999999,1.4210854715202004e-14,True,2,
0.076924,150,80.3969230139373,3.1039651669984085,0.015401362079427484,13.39948716898955,1.865743045588904,150.0,0.0,True,2,
0.076924,175,,3.1039651669984085,0.015401362079427473,1.0,,,,False,1,No solution exists for discriminant 
0.076924,200,,3.1039651669984085,0.015401362079427473,1.0,,,,False,1,No solution exists for discriminant 
0.076924,225,,3.1039651669984085,0.015401362079427473,1.0,,,,False,1,No solution exists for discriminant 
0.076924,250,,3.1039651669984085,0.015401362079427473,1.0,,,,False,1,No solution exists for discriminant 
0.076924,275,,3.1039651669984085,0.015401362079427473,1.0,,,,False,1,No solution exists for discriminant 
0.076924,300,,3.1039651669984085,0.015401362079427473,1.0,,,,False,1,No solution exists for discriminant 
0.076924,325,,3.1039651669984085,0.015401362079427473,1.0,,,,False,1,No solution exists for discriminant 
0.076924,350,,3.1039651669984085,0.015401362079427473,1.0,,,,False,1,No solution exists for discriminant 
0.076924,375,,3.1039651669984085,0.015401362079427473,1.0,,,,False,1,No solution exists for discriminant 
0.076924,400,,3.1039651669984085,0.015401362079427473,1.0,,,,False,1,No solution exists for discriminant 
0.076924,425,,3.1039651669984085,0.015401362079427473,1.0,,,,False,1,No solution exists for discriminant 
0.076924,450,,3.1039651669984085,0.015401362079427473,1.0,,,,False,1,No solution exists for discriminant 
0.076924,475,,3.1039651669984085,0.015401362079427473,1.0,,,,False,1,No solution exists for discriminant 
0.076924,500,,3.1039651669984085,0.015401362079427473,1.0,,,,False,1,No solution exists for discriminant 
0.076924,525,,3.1039651669984085,0.015401362079427473,1.0,,,,False,1,No solution exists for discriminant 
0.076924,550,,3.1039651669984085,0.015401362079427473,1.0,,,,False,1,No solution exists for discriminant 
0.076924,575,,3.1039651669984085,0.015401362079427473,1.0,,,,False,1,No solution exists for discriminant 
0.076924,600,,3.1039651669984085,0.015401362079427473,1.0,,,,False,1,No solution exists for discriminant 
0.076924,625,,3.1039651669984085,0.015401362079427473,1.0,,,,False,1,No solution exists for discriminant 
0.076924,650,,3.1039651669984085,0.015401362079427473,1.0,,,,False,1,No solution exists for discriminant 
0.076924,675,,3.1039651669984085,0.015401362079427473,1.0,,,,False,1,No solution exists for discriminant 
0.076924,700,,3.1039651669984085,0.015401362079427473,1.0,,,,False,1,No solution exists for discriminant 
0.076924,725,,3.1039651669984085,0.015401362079427473,1.0,,,,False,1,No solution exists for discriminant 
0.076924,750,,3.1039651669984085,0.015401362079427473,1.0,,,,False,1,No solution exists for discriminant 
0.076924,775,,3.1039651669984085,0.015401362079427473,1.0,,,,False,1,No solution exists for discriminant 
0.076924,800,,3.1039651669984085,0.015401362079427473,1.0,,,,False,1,No solution exists for discriminant 
0.076924,825,,3.1039651669984085,0.015401362079427473,1.0,,,,False,1,No solution exists for discriminant 
0.076924,850,,3.1039651669984085,0.015401362079427473,1.0,,,,False,1,No solution exists for discriminant 
0.076924,875,,3.1039651669984085,0.015401362079427473,1.0,,,,False,1,No solution exists for discriminant 
0.076924,900,,3.1039651669984085,0.015401362079427473,1.0,,,,False,1,No solution exists for discriminant 
0.076924,925,,3.1039651669984085,0.015401362079427473,1.0,,,,False,1,No solution exists for discriminant 
0.076924,950,,3.1039651669984085,0.015401362079427473,1.0,,,,False,1,No solution exists for discriminant 
0.076924,975,,3.1039651669984085,0.015401362079427473,1.0,,,,False,1,No solution exists for discriminant 
0.076924,1000,,3.1039651669984085,0.015401362079427473,1.0,,,,False,1,No solution exists for discriminant 
0.076924,1025,,3.1039651669984085,0.015401362079427473,1.0,,,,False,1,No solution exists for discriminant 
0.076924,1050,,3.1039651669984085,0.015401362079427473,1.0,,,,False,1,No solution exists for discriminant 
0.076924,1075,,3.1039651669984085,0.015401362079427473,1.0,,,,False,1,No solution exists for discriminant 
0.076924,1100,,3.1039651669984085,0.015401362079427473,1.0,,,,False,1,No solution exists for discriminant 
0.076924,1125,,3.1039651669984085,0.015401362079427473,1.0,,,,False,1,No solution exists for discriminant 
0.076924,1150,,3.1039651669984085,0.015401362079427473,1.0,,,,False,1,No solution exists for discriminant 
0.076924,1175,,3.1039651669984085,0.015401362079427473,1.0,,,,False,1,No solution exists for discriminant 
0.076924,1200,,3.1039651669984085,0.015401362079427473,1.0,,,,False,1,No solution exists for discriminant 
0.076924,1225,,3.1039651669984085,0.015401362079427473,1.0,,,,False,1,No solution exists for discriminant 
0.076924,1250,,3.1039651669984085,0.015401362079427473,1.0,,,,False,1,No solution exists for discriminant 
0.076924,1275,,3.1039651669984085,0.015401362079427473,1.0,,,,False,1,No solution exists for discriminant 
0.076924,1300,,3.1039651669984085,0.015401362079427473,1.0,,,,False,1,No solution exists for discriminant 
0.076924,1325,,3.1039651669984085,0.015401362079427473,1.0,,,,False,1,No solution exists for discriminant 
0.076924,1350,,3.1039651669984085,0.015401362079427473,1.0,,,,False,1,No solution exists for discriminant 
0.076924,1375,,3.1039651669984085,0.015401362079427473,1.0,,,,False,1,No solution exists for discriminant 
0.076924,1400,,3.1039651669984085,0.015401362079427473,1.0,,,,False,1,No solution exists for discriminant 
0.076924,1425,,3.1039651669984085,0.015401362079427473,1.0,,,,False,1,No solution exists for discriminant 
0.076924,1450,,3.1039651669984085,0.015401362079427473,1.0,,,,False,1,No solution exists for discriminant 
0.076924,1475,,3.1039651669984085,0.015401362079427473,1.0,,,,False,1,No solution exists for discriminant 
0.076924,1500,,3.1039651669984085,0.015401362079427473,1.0,,,,False,1,No solution exists for discriminant 
0.076924,1525,,3.1039651669984085,0.015401362079427473,1.0,,,,False,1,No solution exists for discriminant 
0.102565,-100,-25.925925925925927,3.200044011566227,0.014160449824428972,4.637304477036259,3.5671667847921635,-92.48210182794499,-7.517898172055013,True,2,
0.102565,-75,-21.40896910504812,3.200044011566227,0.014160449824428977,3.56816151750802,3.503204644371011,-75.00000000000006,5.684341886080802e-14,True,2,
0.102565,-50,-14.672184878202218,3.200044011566227,0.014160449824428972,2.4453641463670364,3.407808749348755,-50.00000000000002,2.1316282072803006e-14,True,2,
0.102565,-25,-7.5595157166964055,3.200044011566227,0.01416044982442897,1.2599192861160675,3.307090154569489,-24.999999999999996,-3.552713678800501e-15,True,2,
0.102565,0,0.0,3.200044011566227,0.014160449824428975,0.0,3.200044011566227,0.0,0.0,True,1,
0.102565,25,8.102932272909468,3.200044011566227,0.014160449824428968,1.350488712151578,3.0853028456849465,24.999999999999975,2.4868995751603507e-14,True,2,
0.102565,50,16.88663374985765,3.200044011566227,0.014160449824428966,2.8144389583096086,2.960921681647859,50.00000000000001,-7.105427357601002e-15,True,2,
0.102565,75,26.558401933008597,3.200044011566227,0.014160449824428975,4.426400322168099,2.8239650935768417,75.0,0.0,True,2,
0.102565,100,37.45860936230878,3.200044011566227,0.014160449824428977,6.243101560384797,2.669613253198368,99.99999999999999,1.4210854715202004e-14,True,2,
0.102565,125,50.2240105278965,3.200044011566227,0.014160449824428979,8.370668421316084,2.488849430504356,124.99999999999999,1.4210854715202004e-14,True,2,
0.102565,150,66.3620736901484,3.200044011566227,0.014160449824428973,11.060345615024735,2.2603271968318226,150.0,0.0,True,2,
0.102565,175,92.77106971164633,3.200044011566227,0.014160449824428975,15.461844951941055,1.8863639337558566,174.99999999999997,2.842170943040401e-14,True,2,
0.102565,200,,3.200044011566227,0.014160449824428973,1.0,,,,False,1,No solution exists for discriminant 
0.102565,225,,3.200044011566227,0.014160449824428973,1.0,,,,False,1,No solution exists for discriminant 
0.102565,250,,3.200044011566227,0.014160449824428973,1.0,,,,False,1,No solution exists for discriminant 
0.102565,275,,3.200044011566227,0.014160449824428973,1.0,,,,False,1,No solution exists for discriminant 
0.102565,300,,3.200044011566227,0.014160449824428973,1.0,,,,False,1,No solution exists for discriminant 
0.102565,325,,3.200044011566227,0.014160449824428973,1.0,,,,False,1,No solution exists for discriminant 
0.102565,350,,3.200044011566227,0.014160449824428973,1.0,,,,False,1,No solution exists for discriminant 
0.102565,375,,3.200044011566227,0.014160449824428973,1.0,,,,False,1,No solution exists for discriminant 
0.102565,400,,3.200044011566227,0.014160449824428973,1.0,,,,False,1,No solution exists for discriminant 
0.102565,425,,3.200044011566227,0.014160449824428973,1.0,,,,False,1,No solution exists for discriminant 
0.102565,450,,3.200044011566227,0.014160449824428973,1.0,,,,False,1,No solution exists for discriminant 
0.102565,475,,3.200044011566227,0.014160449824428973,1.0,,,,False,1,No solution exists for discriminant 
0.102565,500,,3.200044011566227,0.014160449824428973,1.0,,,,False,1,No solution exists for discriminant 
0.102565,525,,3.200044011566227,0.014160449824428973,1.0,,,,False,1,No solution exists for discriminant 
0.102565,550,,3.200044011566227,0.014160449824428973,1.0,,,,False,1,No solution exists for discriminant 
0.102565,575,,3.200044011566227,0.014160449824428973,1.0,,,,False,1,No solution exists for discriminant 
0.102565,600,,3.200044011566227,0.014160449824428973,1.0,,,,False,1,No solution exists for discriminant 
0.102565,625,,3.200044011566227,0.014160449824428973,1.0,,,,False,1,No solution exists for discriminant 
0.102565,650,,3.200044011566227,0.014160449824428973,1.0,,,,False,1,No solution exists for discriminant 
0.102565,675,,3.200044011566227,0.014160449824428973,1.0,,,,False,1,No solution exists for discriminant 
0.102565,700,,3.200044011566227,0.014160449824428973,1.0,,,,False,1,No solution exists for discriminant 
0.102565,725,,3.200044011566227,0.014160449824428973,1.0,,,,False,1,No solution exists for discriminant 
0.102565,750,,3.200044011566227,0.014160449824428973,1.0,,,,False,1,No solution exists for discriminant 
0.102565,775,,3.200044011566227,0.014160449824428973,1.0,,,,False,1,No solution exists for discriminant 
0.102565,800,,3.200044011566227,0.014160449824428973,1.0,,,,False,1,No solution exists for discriminant 
0.102565,825,,3.200044011566227,0.014160449824428973,1.0,,,,False,1,No solution exists for discriminant 
0.102565,850,,3.200044011566227,0.014160449824428973,1.0,,,,False,1,No solution exists for discriminant 
0.102565,875,,3.200044011566227,0.014160449824428973,1.0,,,,False,1,No solution exists for discriminant 
0.102565,900,,3.200044011566227,0.014160449824428973,1.0,,,,False,1,No solution exists for discriminant 
0.102565,925,,3.200044011566227,0.014160449824428973,1.0,,,,False,1,No solution exists for discriminant 
0.102565,950,,3.200044011566227,0.014160449824428973,1.0,,,,False,1,No solution exists for discriminant 
0.102565,975,,3.200044011566227,0.014160449824428973,1.0,,,,False,1,No solution exists for discriminant 
0.102565,1000,,3.200044011566227,0.014160449824428973,1.0,,,,False,1,No solution exists for discriminant 
0.102565,1025,,3.200044011566227,0.014160449824428973,1.0,,,,False,1,No solution exists for discriminant 
0.102565,1050,,3.200044011566227,0.014160449824428973,1.0,,,,False,1,No solution exists for discriminant 
0.102565,1075,,3.200044011566227,0.014160449824428973,1.0,,,,False,1,No solution exists for discriminant 
0.102565,1100,,3.200044011566227,0.014160449824428973,1.0,,,,False,1,No solution exists for discriminant 
0.102565,1125,,3.200044011566227,0.014160449824428973,1.0,,,,False,1,No solution exists for discriminant 
0.102565,1150,,3.200044011566227,0.014160449824428973,1.0,,,,False,1,No solution exists for discriminant 
0.102565,1175,,3.200044011566227,0.014160449824428973,1.0,,,,False,1,No solution exists for discriminant 
0.102565,1200,,3.200044011566227,0.014160449824428973,1.0,,,,False,1,No solution exists for discriminant 
0.102565,1225,,3.200044011566227,0.014160449824428973,1.0,,,,False,1,No solution exists for discriminant 
0.102565,1250,,3.200044011566227,0.014160449824428973,1.0,,,,False,1,No solution exists for discriminant 
0.102565,1275,,3.200044011566227,0.014160449824428973,1.0,,,,False,1,No solution exists for discriminant 
0.102565,1300,,3.200044011566227,0.014160449824428973,1.0,,,,False,1,No solution exists for discriminant 
0.102565,1325,,3.200044011566227,0.014160449824428973,1.0,,,,False,1,No solution exists for discriminant 
0.102565,1350,,3.200044011566227,0.014160449824428973,1.0,,,,False,1,No solution exists for discriminant 
0.102565,1375,,3.200044011566227,0.014160449824428973,1.0,,,,False,1,No solution exists for discriminant 
0.102565,1400,,3.200044011566227,0.014160449824428973,1.0,,,,False,1,No solution exists for discriminant 
0.102565,1425,,3.200044011566227,0.014160449824428973,1.0,,,,False,1,No solution exists for discriminant 
0.102565,1450,,3.200044011566227,0.014160449824428973,1.0,,,,False,1,No solution exists for discriminant 
0.102565,1475,,3.200044011566227,0.014160449824428973,1.0,,,,False,1,No solution exists for discriminant 
0.102565,1500,,3.200044011566227,0.014160449824428973,1.0,,,,False,1,No solution exists for discriminant 
0.102565,1525,,3.200044011566227,0.014160449824428973,1.0,,,,False,1,No solution exists for discriminant 
0.12820600000000001,-100,-25.925925925925927,3.2582389642222997,0.012659695227790561,4.618060846646862,3.5864532849427957,-92.98212220222064,-7.017877797779363,True,2,
0.12820600000000001,-75,-21.262058275819303,3.2582389642222997,0.01265969522779056,3.5436763793032173,3.5274101419096944,-74.99999999999996,-4.263256414560601e-14,True,2,
0.12820600000000001,-50,-14.52588028657754,3.2582389642222997,0.012659695227790561,2.420980047762923,3.4421321815657424,-49.99999999999996,-4.263256414560601e-14,True,2,
0.12820600000000001,-25,-7.456810354244325,3.2582389642222997,0.012659695227790563,1.2428017257073876,3.352639910678466,-24.999999999999954,-4.618527782440651e-14,True,2,
0.12820600000000001,0,0.0,3.2582389642222997,0.01265969522779056,0.0,3.2582389642222997,0.0,0.0,True,1,
0.12820600000000001,25,7.9163517391692375,3.2582389642222997,0.012659695227790561,1.3193919565282062,3.1580203638884274,25.00000000000002,-2.1316282072803006e-14,True,2,
0.12820600000000001,50,16.38938939525357,3.2582389642222997,0.012659695227790561,2.7315648992089283,3.0507542895088067,49.99999999999998,2.1316282072803006e-14,True,2,
0.12820600000000001,75,25.556232708603858,3.2582389642222997,0.012659695227790558,4.259372118100643,2.9347048469608827,74.99999999999999,1.4210854715202004e-14,True,2,
0.12820600000000001,100,35.62167713760562,3.2582389642222997,0.012659695227790565,5.9369461896009375,2.8072793881574576,100.00000000000001,-1.4210854715202004e-14,True,2,
0.12820600000000001,125,46.91689641472124,3.2582389642222997,0.012659695227790558,7.819482735786874,2.6642853545781096,125.00000000000003,-2.842170943040401e-14,True,2,
0.12820600000000001,150,60.04634195160723,3.2582389642222997,0.012659695227790566,10.007723658601206,2.498070575571257,150.0,0.0,True,2,
0.12820600000000001,175,76.37332512419805,3.2582389642222997,0.012659695227790563,12.728887520699674,2.2913759446169926,175.0,0.0,True,2,
0.12820600000000001,200,101.08489089422824,3.2582389642222997,0.012659695227790565,16.847481815704707,1.9785350533669086,200.0,0.0,True,2,
0.12820600000000001,225,,3.2582389642222997,0.012659695227790558,1.0,,,,False,1,No solution exists for discriminant 
0.12820600000000001,250,,3.2582389642222997,0.012659695227790558,1.0,,,,False,1,No solution exists for discriminant 
0.12820600000000001,275,,3.2582389642222997,0.012659695227790558,1.0,,,,False,1,No solution exists for discriminant 
0.12820600000000001,300,,3.2582389642222997,0.012659695227790558,1.0,,,,False,1,No solution exists for discriminant 
0.12820600000000001,325,,3.2582389642222997,0.012659695227790558,1.0,,,,False,1,No solution exists for discriminant 
0.12820600000000001,350,,3.2582389642222997,0.012659695227790558,1.0,,,,False,1,No solution exists for discriminant 
0.12820600000000001,375,,3.2582389642222997,0.012659695227790558,1.0,,,,False,1,No solution exists for discriminant 
0.12820600000000001,400,,3.2582389642222997,0.012659695227790558,1.0,,,,False,1,No solution exists for discriminant 
0.12820600000000001,425,,3.2582389642222997,0.012659695227790558,1.0,,,,False,1,No solution exists for discriminant 
0.12820600000000001,450,,3.2582389642222997,0.012659695227790558,1.0,,,,False,1,No solution exists for discriminant 
0.12820600000000001,475,,3.2582389642222997,0.012659695227790558,1.0,,,,False,1,No solution exists for discriminant 
0.12820600000000001,500,,3.2582389642222997,0.012659695227790558,1.0,,,,False,1,No solution exists for discriminant 
0.12820600000000001,525,,3.2582389642222997,0.012659695227790558,1.0,,,,False,1,No solution exists for discriminant 
0.12820600000000001,550,,3.2582389642222997,0.012659695227790558,1.0,,,,False,1,No solution exists for discriminant 
0.12820600000000001,575,,3.2582389642222997,0.012659695227790558,1.0,,,,False,1,No solution exists for discriminant 
0.12820600000000001,600,,3.2582389642222997,0.012659695227790558,1.0,,,,False,1,No solution exists for discriminant 
0.12820600000000001,625,,3.2582389642222997,0.012659695227790558,1.0,,,,False,1,No solution exists for discriminant 
0.12820600000000001,650,,3.2582389642222997,0.012659695227790558,1.0,,,,False,1,No solution exists for discriminant 
0.12820600000000001,675,,3.2582389642222997,0.012659695227790558,1.0,,,,False,1,No solution exists for discriminant 
0.12820600000000001,700,,3.2582389642222997,0.012659695227790558,1.0,,,,False,1,No solution exists for discriminant 
0.12820600000000001,725,,3.2582389642222997,0.012659695227790558,1.0,,,,False,1,No solution exists for discriminant 
0.12820600000000001,750,,3.2582389642222997,0.012659695227790558,1.0,,,,False,1,No solution exists for discriminant 
0.12820600000000001,775,,3.2582389642222997,0.012659695227790558,1.0,,,,False,1,No solution exists for discriminant 
0.12820600000000001,800,,3.2582389642222997,0.012659695227790558,1.0,,,,False,1,No solution exists for discriminant 
0.12820600000000001,825,,3.2582389642222997,0.012659695227790558,1.0,,,,False,1,No solution exists for discriminant 
0.12820600000000001,850,,3.2582389642222997,0.012659695227790558,1.0,,,,False,1,No solution exists for discriminant 
0.12820600000000001,875,,3.2582389642222997,0.012659695227790558,1.0,,,,False,1,No solution exists for discriminant 
0.12820600000000001,900,,3.2582389642222997,0.012659695227790558,1.0,,,,False,1,No solution exists for discriminant 
0.12820600000000001,925,,3.2582389642222997,0.012659695227790558,1.0,,,,False,1,No solution exists for discriminant 
0.12820600000000001,950,,3.2582389642222997,0.012659695227790558,1.0,,,,False,1,No solution exists for discriminant 
0.12820600000000001,975,,3.2582389642222997,0.012659695227790558,1.0,,,,False,1,No solution exists for discriminant 
0.12820600000000001,1000,,3.2582389642222997,0.012659695227790558,1.0,,,,False,1,No solution exists for discriminant 
0.12820600000000001,1025,,3.2582389642222997,0.012659695227790558,1.0,,,,False,1,No solution exists for discriminant 
0.12820600000000001,1050,,3.2582389642222997,0.012659695227790558,1.0,,,,False,1,No solution exists for discriminant 
0.12820600000000001,1075,,3.2582389642222997,0.012659695227790558,1.0,,,,False,1,No solution exists for discriminant 
0.12820600000000001,1100,,3.2582389642222997,0.012659695227790558,1.0,,,,False,1,No solution exists for discriminant 
0.12820600000000001,1125,,3.2582389642222997,0.012659695227790558,1.0,,,,False,1,No solution exists for discriminant 
0.12820600000000001,1150,,3.2582389642222997,0.012659695227790558,1.0,,,,False,1,No solution exists for discriminant 
0.12820600000000001,1175,,3.2582389642222997,0.012659695227790558,1.0,,,,False,1,No solution exists for discriminant 
0.12820600000000001,1200,,3.2582389642222997,0.012659695227790558,1.0,,,,False,1,No solution exists for discriminant 
0.12820600000000001,1225,,3.2582389642222997,0.012659695227790558,1.0,,,,False,1,No solution exists for discriminant 
0.12820600000000001,1250,,3.2582389642222997,0.012659695227790558,1.0,,,,False,1,No solution exists for discriminant 
0.12820600000000001,1275,,3.2582389642222997,0.012659695227790558,1.0,,,,False,1,No solution exists for discriminant 
0.12820600000000001,1300,,3.2582389642222997,0.012659695227790558,1.0,,,,False,1,No solution exists for discriminant 
0.12820600000000001,1325,,3.2582389642222997,0.012659695227790558,1.0,,,,False,1,No solution exists for discriminant 
0.12820600000000001,1350,,3.2582389642222997,0.012659695227790558,1.0,,,,False,1,No solution exists for discriminant 
0.12820600000000001,1375,,3.2582389642222997,0.012659695227790558,1.0,,,,False,1,No solution exists for discriminant 
0.12820600000000001,1400,,3.2582389642222997,0.012659695227790558,1.0,,,,False,1,No solution exists for discriminant 
0.12820600000000001,1425,,3.2582389642222997,0.012659695227790558,1.0,,,,False,1,No solution exists for discriminant 
0.12820600000000001,1450,,3.2582389642222997,0.012659695227790558,1.0,,,,False,1,No solution exists for discriminant 
0.12820600000000001,1475,,3.2582389642222997,0.012659695227790558,1.0,,,,False,1,No solution exists for discriminant 
0.12820600000000001,1500,,3.2582389642222997,0.012659695227790558,1.0,,,,False,1,No solution exists for discriminant 
0.12820600000000001,1525,,3.2582389642222997,0.012659695227790558,1.0,,,,False,1,No solution exists for discriminant 
0.153847,-100,-25.925925925925927,3.3058932065744036,0.011084899919708952,4.613325714172303,3.5932795007890803,-93.1590981686058,-6.840901831394206,True,2,
0.153847,-75,-21.18227256876584,3.3058932065744036,0.011084899919708955,3.530378761460973,3.540696578071169,-75.0,0.0,True,2,
0.153847,-50,-14.426637635284102,3.3058932065744036,0.011084899919708955,2.404439605880684,3.4658110409394345,-50.000000000000014,1.4210854715202004e-14,True,2,
0.153847,-25,-7.3796471287353045,3.3058932065744036,0.011084899919708948,1.2299411881225508,3.387695856439202,-25.000000000000046,4.618527782440651e-14,True,2,
0.153847,0,0.0,3.3058932065744036,0.011084899919708955,0.0,3.3058932065744036,0.0,0.0,True,1,
0.153847,25,7.764395544176807,3.3058932065744036,0.011084899919708957,1.2940659240294679,3.2198256590301693,24.999999999999996,3.552713678800501e-15,True,2,
0.153847,50,15.980837182404972,3.3058932065744036,0.011084899919708957,2.663472863734162,3.1287472257742808,50.00000000000003,-2.842170943040401e-14,True,2,
0.153847,75,24.738879447019926,3.3058932065744036,0.011084899919708955,4.123146574503321,3.031665203778443,75.0,0.0,True,2,
0.153847,100,34.16224435845177,3.3058932065744036,0.011084899919708955,5.693707393075296,2.927208146828324,99.99999999999997,2.842170943040401e-14,True,2,
0.153847,125,44.43044521285163,3.3058932065744036,0.011084899919708957,7.405074202141939,2.8133861680018315,124.99999999999997,2.842170943040401e-14,True,2,
0.153847,150,55.8220184786628,3.3058932065744036,0.011084899919708957,9.3036697464438,2.6871117184222824,150.0,0.0,True,2,
0.153847,175,68.81362348164882,3.3058932065744036,0.011084899919708957,11.46893724694147,2.543101077167792,175.0,0.0,True,2,
0.153847,200,84.36122195167948,3.3058932065744036,0.011084899919708957,14.060203658613247,2.3707575041356823,199.99999999999997,2.842170943040401e-14,True,2,
0.153847,225,105.09440455271593,3.3058932065744036,0.011084899919708957,17.51573409211932,2.1409322499861423,225.0,0.0,True,2,
0.153847,250,,3.3058932065744036,0.011084899919708954,1.0,,,,False,1,No solution exists for discriminant 
0.153847,275,,3.3058932065744036,0.011084899919708954,1.0,,,,False,1,No solution exists for discriminant 
0.153847,300,,3.3058932065744036,0.011084899919708954,1.0,,,,False,1,No solution exists for discriminant 
0.153847,325,,3.3058932065744036,0.011084899919708954,1.0,,,,False,1,No solution exists for discriminant 
0.153847,350,,3.3058932065744036,0.011084899919708954,1.0,,,,False,1,No solution exists for discriminant 
0.153847,375,,3.3058932065744036,0.011084899919708954,1.0,,,,False,1,No solution exists for discriminant 
0.153847,400,,3.3058932065744036,0.011084899919708954,1.0,,,,False,1,No solution exists for discriminant 
0.153847,425,,3.3058932065744036,0.011084899919708954,1.0,,,,False,1,No solution exists for discriminant 
0.153847,450,,3.3058932065744036,0.011084899919708954,1.0,,,,False,1,No solution exists for discriminant 
0.153847,475,,3.3058932065744036,0.011084899919708954,1.0,,,,False,1,No solution exists for discriminant 
0.153847,500,,3.3058932065744036,0.011084899919708954,1.0,,,,False,1,No solution exists for discriminant 
0.153847,525,,3.3058932065744036,0.011084899919708954,1.0,,,,False,1,No solution exists for discriminant 
0.153847,550,,3.3058932065744036,0.011084899919708954,1.0,,,,False,1,No solution exists for discriminant 
0.153847,575,,3.3058932065744036,0.011084899919708954,1.0,,,,False,1,No solution exists for discriminant 
0.153847,600,,3.3058932065744036,0.011084899919708954,1.0,,,,False,1,No solution exists for discriminant 
0.153847,625,,3.3058932065744036,0.011084899919708954,1.0,,,,False,1,No solution exists for discriminant 
0.153847,650,,3.3058932065744036,0.011084899919708954,1.0,,,,False,1,No solution exists for discriminant 
0.153847,675,,3.3058932065744036,0.011084899919708954,1.0,,,,False,1,No solution exists for discriminant 
0.153847,700,,3.3058932065744036,0.011084899919708954,1.0,,,,False,1,No solution exists for discriminant 
0.153847,725,,3.3058932065744036,0.011084899919708954,1.0,,,,False,1,No solution exists for discriminant 
0.153847,750,,3.3058932065744036,0.011084899919708954,1.0,,,,False,1,No solution exists for discriminant 
0.153847,775,,3.3058932065744036,0.011084899919708954,1.0,,,,False,1,No solution exists for discriminant 
0.153847,800,,3.3058932065744036,0.011084899919708954,1.0,,,,False,1,No solution exists for discriminant 
0.153847,825,,3.3058932065744036,0.011084899919708954,1.0,,,,False,1,No solution exists for discriminant 
0.153847,850,,3.3058932065744036,0.011084899919708954,1.0,,,,False,1,No solution exists for discriminant 
0.153847,875,,3.3058932065744036,0.011084899919708954,1.0,,,,False,1,No solution exists for discriminant 
0.153847,900,,3.3058932065744036,0.011084899919708954,1.0,,,,False,1,No solution exists for discriminant 
0.153847,925,,3.3058932065744036,0.011084899919708954,1.0,,,,False,1,No solution exists for discriminant 
0.153847,950,,3.3058932065744036,0.011084899919708954,1.0,,,,False,1,No solution exists for discriminant 
0.153847,975,,3.3058932065744036,0.011084899919708954,1.0,,,,False,1,No solution exists for discriminant 
0.153847,1000,,3.3058932065744036,0.011084899919708954,1.0,,,,False,1,No solution exists for discriminant 
0.153847,1025,,3.3058932065744036,0.011084899919708954,1.0,,,,False,1,No solution exists for discriminant 
0.153847,1050,,3.3058932065744036,0.011084899919708954,1.0,,,,False,1,No solution exists for discriminant 
0.153847,1075,,3.3058932065744036,0.011084899919708954,1.0,,,,False,1,No solution exists for discriminant 
0.153847,1100,,3.3058932065744036,0.011084899919708954,1.0,,,,False,1,No solution exists for discriminant 
0.153847,1125,,3.3058932065744036,0.011084899919708954,1.0,,,,False,1,No solution exists for discriminant 
0.153847,1150,,3.3058932065744036,0.011084899919708954,1.0,,,,False,1,No solution exists for discriminant 
0.153847,1175,,3.3058932065744036,0.011084899919708954,1.0,,,,False,1,No solution exists for discriminant 
0.153847,1200,,3.3058932065744036,0.011084899919708954,1.0,,,,False,1,No solution exists for discriminant 
0.153847,1225,,3.3058932065744036,0.011084899919708954,1.0,,,,False,1,No solution exists for discriminant 
0.153847,1250,,3.3058932065744036,0.011084899919708954,1.0,,,,False,1,No solution exists for discriminant 
0.153847,1275,,3.3058932065744036,0.011084899919708954,1.0,,,,False,1,No solution exists for discriminant 
0.153847,1300,,3.3058932065744036,0.011084899919708954,1.0,,,,False,1,No solution exists for discriminant 
0.153847,1325,,3.3058932065744036,0.011084899919708954,1.0,,,,False,1,No solution exists for discriminant 
0.153847,1350,,3.3058932065744036,0.011084899919708954,1.0,,,,False,1,No solution exists for discriminant 
0.153847,1375,,3.3058932065744036,0.011084899919708954,1.0,,,,False,1,No solution exists for discriminant 
0.153847,1400,,3.3058932065744036,0.011084899919708954,1.0,,,,False,1,No solution exists for discriminant 
0.153847,1425,,3.3058932065744036,0.011084899919708954,1.0,,,,False,1,No solution exists for discriminant 
0.153847,1450,,3.3058932065744036,0.011084899919708954,1.0,,,,False,1,No solution exists for discriminant 
0.153847,1475,,3.3058932065744036,0.011084899919708954,1.0,,,,False,1,No solution exists for discriminant 
0.153847,1500,,3.3058932065744036,0.011084899919708954,1.0,,,,False,1,No solution exists for discriminant 
0.153847,1525,,3.3058932065744036,0.011084899919708954,1.0,,,,False,1,No solution exists for discriminant 
0.179488,-100,-25.925925925925927,3.3629975287363405,0.009829700316665767,4.586913442837961,3.6178416110202676,-93.79589361904398,-6.20410638095602,True,2,
0.179488,-75,-21.011163814312155,3.3629975287363405,0.009829700316665765,3.5018606357186925,3.569530972335401,-75.00000000000006,5.684341886080802e-14,True,2,
0.179488,-50,-14.272298544239167,3.3629975287363405,0.009829700316665767,2.3787164240398613,3.5032899462561966,-50.00000000000002,2.1316282072803006e-14,True,2,
0.179488,-25,-7.278978811109786,3.3629975287363405,0.009829700316665769,1.2131631351849643,3.43454770906091,-25.00000000000002,2.1316282072803006e-14,True,2,
0.179488,0,0.0,3.3629975287363405,0.009829700316665767,0.0,3.3629975287363405,0.0,0.0,True,1,
0.179488,25,7.602795116874477,3.3629975287363405,0.009829700316665767,1.2671325194790795,3.2882643311684543,25.000000000000043,-4.263256414560601e-14,True,2,
0.179488,50,15.576900146332749,3.3629975287363405,0.009829700316665767,2.5961500243887916,3.2098812684352627,49.99999999999999,7.105427357601002e-15,True,2,
0.179488,75,23.982695472528835,3.3629975287363405,0.009829700316665765,3.997115912088139,3.1272548194555254,75.00000000000001,-1.4210854715202004e-14,True,2,
0.179488,100,32.89894972336011,3.3629975287363405,0.009829700316665765,5.4831582872266855,3.0396107122226566,100.0,0.0,True,2,
0.179488,125,42.43176860374271,3.3629975287363405,0.009829700316665767,7.071961433957118,2.9459059594554424,124.99999999999999,1.4210854715202004e-14,True,2,
0.179488,150,52.73006837358161,3.3629975287363405,0.00982970031666577,8.788344728930268,2.8446767589467377,150.0,0.0,True,2,
0.179488,175,64.0145442783524,3.3629975287363405,0.00982970031666577,10.669090713058734,2.7337537425722047,175.0,0.0,True,2,
0.179488,200,76.63810265375675,3.3629975287363405,0.00982970031666577,12.773017108959458,2.609667946812044,200.00000000000003,-2.842170943040401e-14,True,2,
0.179488,225,91.233488528162,3.3629975287363405,0.009829700316665772,15.205581421360334,2.4661996776605433,225.0,0.0,True,2,
0.179488,250,109.18052211781571,3.3629975287363405,0.00982970031666577,18.196753686302618,2.2897857159011132,249.99999999999997,2.842170943040401e-14,True,2,
0.179488,275,135.20031117397957,3.3629975287363405,0.009829700316665769,22.53338519566326,2.034018987176163,275.0,0.0,True,2,
0.179488,300,,3.3629975287363405,0.009829700316665765,1.0,,,,False,1,No solution exists for discriminant 
0.179488,325,,3.3629975287363405,0.009829700316665765,1.0,,,,False,1,No solution exists for discriminant 
0.179488,350,,3.3629975287363405,0.009829700316665765,1.0,,,,False,1,No solution exists for discriminant 
0.179488,375,,3.3629975287363405,0.009829700316665765,1.0,,,,False,1,No solution exists for discriminant 
0.179488,400,,3.3629975287363405,0.009829700316665765,1.0,,,,False,1,No solution exists for discriminant 
0.179488,425,,3.3629975287363405,0.009829700316665765,1.0,,,,False,1,No solution exists for discriminant 
0.179488,450,,3.3629975287363405,0.009829700316665765,1.0,,,,False,1,No solution exists for discriminant 
0.179488,475,,3.3629975287363405,0.009829700316665765,1.0,,,,False,1,No solution exists for discriminant 
0.179488,500,,3.3629975287363405,0.009829700316665765,1.0,,,,False,1,No solution exists for discriminant 
0.179488,525,,3.3629975287363405,0.009829700316665765,1.0,,,,False,1,No solution exists for discriminant 
0.179488,550,,3.3629975287363405,0.009829700316665765,1.0,,,,False,1,No solution exists for discriminant 
0.179488,575,,3.3629975287363405,0.009829700316665765,1.0,,,,False,1,No solution exists for discriminant 
0.179488,600,,3.3629975287363405,0.009829700316665765,1.0,,,,False,1,No solution exists for discriminant 
0.179488,625,,3.3629975287363405,0.009829700316665765,1.0,,,,False,1,No solution exists for discriminant 
0.179488,650,,3.3629975287363405,0.009829700316665765,1.0,,,,False,1,No solution exists for discriminant 
0.179488,675,,3.3629975287363405,0.009829700316665765,1.0,,,,False,1,No solution exists for discriminant 
0.179488,700,,3.3629975287363405,0.009829700316665765,1.0,,,,False,1,No solution exists for discriminant 
0.179488,725,,3.3629975287363405,0.009829700316665765,1.0,,,,False,1,No solution exists for discriminant 
0.179488,750,,3.3629975287363405,0.009829700316665765,1.0,,,,False,1,No solution exists for discriminant 
0.179488,775,,3.3629975287363405,0.009829700316665765,1.0,,,,False,1,No solution exists for discriminant 
0.179488,800,,3.3629975287363405,0.009829700316665765,1.0,,,,False,1,No solution exists for discriminant 
0.179488,825,,3.3629975287363405,0.009829700316665765,1.0,,,,False,1,No solution exists for discriminant 
0.179488,850,,3.3629975287363405,0.009829700316665765,1.0,,,,False,1,No solution exists for discriminant 
0.179488,875,,3.3629975287363405,0.009829700316665765,1.0,,,,False,1,No solution exists for discriminant 
0.179488,900,,3.3629975287363405,0.009829700316665765,1.0,,,,False,1,No solution exists for discriminant 
0.179488,925,,3.3629975287363405,0.009829700316665765,1.0,,,,False,1,No solution exists for discriminant 
0.179488,950,,3.3629975287363405,0.009829700316665765,1.0,,,,False,1,No solution exists for discriminant 
0.179488,975,,3.3629975287363405,0.009829700316665765,1.0,,,,False,1,No solution exists for discriminant 
0.179488,1000,,3.3629975287363405,0.009829700316665765,1.0,,,,False,1,No solution exists for discriminant 
0.179488,1025,,3.3629975287363405,0.009829700316665765,1.0,,,,False,1,No solution exists for discriminant 
0.179488,1050,,3.3629975287363405,0.009829700316665765,1.0,,,,False,1,No solution exists for discriminant 
0.179488,1075,,3.3629975287363405,0.009829700316665765,1.0,,,,False,1,No solution exists for discriminant 
0.179488,1100,,3.3629975287363405,0.009829700316665765,1.0,,,,False,1,No solution exists for discriminant 
0.179488,1125,,3.3629975287363405,0.009829700316665765,1.0,,,,False,1,No solution exists for discriminant 
0.179488,1150,,3.3629975287363405,0.009829700316665765,1.0,,,,False,1,No solution exists for discriminant 
0.179488,1175,,3.3629975287363405,0.009829700316665765,1.0,,,,False,1,No solution exists for discriminant 
0.179488,1200,,3.3629975287363405,0.009829700316665765,1.0,,,,False,1,No solution exists for discriminant 
0.179488,1225,,3.3629975287363405,0.009829700316665765,1.0,,,,False,1,No solution exists for discriminant 
0.179488,1250,,3.3629975287363405,0.009829700316665765,1.0,,,,False,1,No solution exists for discriminant 
0.179488,1275,,3.3629975287363405,0.009829700316665765,1.0,,,,False,1,No solution exists for discriminant 
0.179488,1300,,3.3629975287363405,0.009829700316665765,1.0,,,,False,1,No solution exists for discriminant 
0.179488,1325,,3.3629975287363405,0.009829700316665765,1.0,,,,False,1,No solution exists for discriminant 
0.179488,1350,,3.3629975287363405,0.009829700316665765,1.0,,,,False,1,No solution exists for discriminant 
0.179488,1375,,3.3629975287363405,0.009829700316665765,1.0,,,,False,1,No solution exists for discriminant 
0.179488,1400,,3.3629975287363405,0.009829700316665765,1.0,,,,False,1,No solution exists for discriminant 
0.179488,1425,,3.3629975287363405,0.009829700316665765,1.0,,,,False,1,No solution exists for discriminant 
0.179488,1450,,3.3629975287363405,0.009829700316665765,1.0,,,,False,1,No solution exists for discriminant 
0.179488,1475,,3.3629975287363405,0.009829700316665765,1.0,,,,False,1,No solution exists for discriminant 
0.179488,1500,,3.3629975287363405,0.009829700316665765,1.0,,,,False,1,No solution exists for discriminant 
0.179488,1525,,3.3629975287363405,0.009829700316665765,1.0,,,,False,1,No solution exists for discriminant 
0.205129,-100,-25.925925925925927,3.4118618751319985,0.009094405022670879,4.553334600736415,3.647642746090132,-94.5685156393738,-5.4314843606262,True,2,
0.205129,-75,-20.826031272424814,3.4118618751319985,0.009094405022670872,3.471005212070802,3.601262238538239,-74.99999999999996,-4.263256414560601e-14,True,2,
0.205129,-50,-14.123085215262373,3.4118618751319985,0.009094405022670877,2.3538475358770623,3.5403029322492894,-49.999999999999964,-3.552713678800501e-14,True,2,
0.205129,-25,-7.189595737807801,3.4118618751319985,0.009094405022670875,1.1982659563013003,3.477246970720891,-25.000000000000004,3.552713678800501e-15,True,2,
0.205129,0,0.0,3.4118618751319985,0.009094405022670877,0.0,3.4118618751319985,0.0,0.0,True,1,
0.205129,25,7.47637002484528,3.4118618751319985,0.009094405022670872,1.2460616708075467,3.3438687380267,25.000000000000032,-3.197442310920451e-14,True,2,
0.205129,50,15.276840323201423,3.4118618751319985,0.009094405022670875,2.5461400538669037,3.2729281017661345,49.99999999999997,2.842170943040401e-14,True,2,
0.205129,75,23.44761337880538,3.4118618751319985,0.00909440502267088,3.9079355631342296,3.198619782250146,75.00000000000007,-7.105427357601002e-14,True,2,
0.205129,100,32.04703863275763,3.4118618751319985,0.009094405022670879,5.341173105459606,3.1204131260285197,99.99999999999999,1.4210854715202004e-14,True,2,
0.205129,125,41.15061744218498,3.4118618751319985,0.009094405022670877,6.858436240364163,3.037621493179784,125.0,0.0,True,2,
0.205129,150,50.85901987675665,3.4118618751319985,0.009094405022670879,8.476503312792774,2.9493293493167045,150.00000000000003,-2.842170943040401e-14,True,2,
0.205129,175,61.311678021052145,3.4118618751319985,0.009094405022670875,10.218613003508692,2.8542686425889623,175.00000000000003,-2.842170943040401e-14,True,2,
0.205129,200,72.71158670070405,3.4118618751319985,0.00909440502267088,12.118597783450674,2.7505932558347466,200.0,0.0,True,2,
0.205129,225,85.3752237345351,3.4118618751319985,0.009094405022670874,14.22920395575585,2.635425011588993,225.00000000000003,-2.842170943040401e-14,True,2,
0.205129,250,99.84812904508638,3.4118618751319985,0.009094405022670877,16.64135484084773,2.503802548840075,250.0,0.0,True,2,
0.205129,275,117.23835061196829,3.4118618751319985,0.009094405022670877,19.539725101994716,2.345648830476865,275.00000000000006,-5.684341886080802e-14,True,2,
0.205129,300,140.6863186441547,3.4118618751319985,0.009094405022670877,23.447719774025785,2.1324035122335223,300.0,0.0,True,2,
0.205129,325,,3.4118618751319985,0.009094405022670879,1.0,,,,False,1,No solution exists for discriminant 
0.205129,350,,3.4118618751319985,0.009094405022670879,1.0,,,,False,1,No solution exists for discriminant 
0.205129,375,,3.4118618751319985,0.009094405022670879,1.0,,,,False,1,No solution exists for discriminant 
0.205129,400,,3.4118618751319985,0.009094405022670879,1.0,,,,False,1,No solution exists for discriminant 
0.205129,425,,3.4118618751319985,0.009094405022670879,1.0,,,,False,1,No solution exists for discriminant 
0.205129,450,,3.4118618751319985,0.009094405022670879,1.0,,,,False,1,No solution exists for discriminant 
0.205129,475,,3.4118618751319985,0.009094405022670879,1.0,,,,False,1,No solution exists for discriminant 
0.205129,500,,3.4118618751319985,0.009094405022670879,1.0,,,,False,1,No solution exists for discriminant 
0.205129,525,,3.4118618751319985,0.009094405022670879,1.0,,,,False,1,No solution exists for discriminant 
0.205129,550,,3.4118618751319985,0.009094405022670879,1.0,,,,False,1,No solution exists for discriminant 
0.205129,575,,3.4118618751319985,0.009094405022670879,1.0,,,,False,1,No solution exists for discriminant 
0.205129,600,,3.4118618751319985,0.009094405022670879,1.0,,,,False,1,No solution exists for discriminant 
0.205129,625,,3.4118618751319985,0.009094405022670879,1.0,,,,False,1,No solution exists for discriminant 
0.205129,650,,3.4118618751319985,0.009094405022670879,1.0,,,,False,1,No solution exists for discriminant 
0.205129,675,,3.4118618751319985,0.009094405022670879,1.0,,,,False,1,No solution exists for discriminant 
0.205129,700,,3.4118618751319985,0.009094405022670879,1.0,,,,False,1,No solution exists for discriminant 
0.205129,725,,3.4118618751319985,0.009094405022670879,1.0,,,,False,1,No solution exists for discriminant 
0.205129,750,,3.4118618751319985,0.009094405022670879,1.0,,,,False,1,No solution exists for discriminant 
0.205129,775,,3.4118618751319985,0.009094405022670879,1.0,,,,False,1,No solution exists for discriminant 
0.205129,800,,3.4118618751319985,0.009094405022670879,1.0,,,,False,1,No solution exists for discriminant 
0.205129,825,,3.4118618751319985,0.009094405022670879,1.0,,,,False,1,No solution exists for discriminant 
0.205129,850,,3.4118618751319985,0.009094405022670879,1.0,,,,False,1,No solution exists for discriminant 
0.205129,875,,3.4118618751319985,0.009094405022670879,1.0,,,,False,1,No solution exists for discriminant 
0.205129,900,,3.4118618751319985,0.009094405022670879,1.0,,,,False,1,No solution exists for discriminant 
0.205129,925,,3.4118618751319985,0.009094405022670879,1.0,,,,False,1,No solution exists for discriminant 
0.205129,950,,3.4118618751319985,0.009094405022670879,1.0,,,,False,1,No solution exists for discriminant 
0.205129,975,,3.4118618751319985,0.009094405022670879,1.0,,,,False,1,No solution exists for discriminant 
0.205129,1000,,3.4118618751319985,0.009094405022670879,1.0,,,,False,1,No solution exists for discriminant 
0.205129,1025,,3.4118618751319985,0.009094405022670879,1.0,,,,False,1,No solution exists for discriminant 
0.205129,1050,,3.4118618751319985,0.009094405022670879,1.0,,,,False,1,No solution exists for discriminant 
0.205129,1075,,3.4118618751319985,0.009094405022670879,1.0,,,,False,1,No solution exists for discriminant 
0.205129,1100,,3.4118618751319985,0.009094405022670879,1.0,,,,False,1,No solution exists for discriminant 
0.205129,1125,,3.4118618751319985,0.009094405022670879,1.0,,,,False,1,No solution exists for discriminant 
0.205129,1150,,3.4118618751319985,0.009094405022670879,1.0,,,,False,1,No solution exists for discriminant 
0.205129,1175,,3.4118618751319985,0.009094405022670879,1.0,,,,False,1,No solution exists for discriminant 
0.205129,1200,,3.4118618751319985,0.009094405022670879,1.0,,,,False,1,No solution exists for discriminant 
0.205129,1225,,3.4118618751319985,0.009094405022670879,1.0,,,,False,1,No solution exists for discriminant 
0.205129,1250,,3.4118618751319985,0.009094405022670879,1.0,,,,False,1,No solution exists for discriminant 
0.205129,1275,,3.4118618751319985,0.009094405022670879,1.0,,,,False,1,No solution exists for discriminant 
0.205129,1300,,3.4118618751319985,0.009094405022670879,1.0,,,,False,1,No solution exists for discriminant 
0.205129,1325,,3.4118618751319985,0.009094405022670879,1.0,,,,False,1,No solution exists for discriminant 
0.205129,1350,,3.4118618751319985,0.009094405022670879,1.0,,,,False,1,No solution exists for discriminant 
0.205129,1375,,3.4118618751319985,0.009094405022670879,1.0,,,,False,1,No solution exists for discriminant 
0.205129,1400,,3.4118618751319985,0.009094405022670879,1.0,,,,False,1,No solution exists for discriminant 
0.205129,1425,,3.4118618751319985,0.009094405022670879,1.0,,,,False,1,No solution exists for discriminant 
0.205129,1450,,3.4118618751319985,0.009094405022670879,1.0,,,,False,1,No solution exists for discriminant 
0.205129,1475,,3.4118618751319985,0.009094405022670879,1.0,,,,False,1,No solution exists for discriminant 
0.205129,1500,,3.4118618751319985,0.009094405022670879,1.0,,,,False,1,No solution exists for discriminant 
0.205129,1525,,3.4118618751319985,0.009094405022670879,1.0,,,,False,1,No solution exists for discriminant 
0.23077,-100,-25.925925925925927,3.4404422628076285,0.00886864365018174,4.527325086080539,3.6703700611456735,-95.15774232599895,-4.842257674001047,True,2,
0.23077,-75,-20.69546167617553,3.4404422628076285,0.008868643650181739,3.4492436126959216,3.623982937589622,-75.00000000000004,4.263256414560601e-14,True,2,
0.23077,-50,-14.025902499469188,3.4404422628076285,0.008868643650181744,2.337650416578198,3.564832993947614,-50.00000000000007,7.105427357601002e-14,True,2,
0.23077,-25,-7.1352684464336065,3.4404422628076285,0.008868643650181737,1.1892114077389344,3.503722416007434,-24.999999999999968,-3.197442310920451e-14,True,2,
0.23077,0,0.0,3.4404422628076285,0.00886864365018174,0.0,3.4404422628076285,0.0,0.0,True,1,
0.23077,25,7.4079701600907475,3.4404422628076285,0.008868643650181739,1.234661693348458,3.374743615286604,24.999999999999932,6.750155989720952e-14,True,2,
0.23077,50,15.122525866031303,3.4404422628076285,0.00886864365018174,2.520420977671884,3.306325969811141,50.000000000000014,-1.4210854715202004e-14,True,2,
0.23077,75,23.185209399924137,3.4404422628076285,0.00886864365018174,3.864201566654023,3.2348209026848576,75.00000000000004,-4.263256414560601e-14,True,2,
0.23077,100,31.647889000037882,3.4404422628076285,0.008868643650181737,5.27464816667298,3.159768412985786,100.00000000000001,-1.4210854715202004e-14,True,2,
0.23077,125,40.57675497718964,3.4404422628076285,0.008868643650181737,6.762792496198273,3.0805814824341953,124.99999999999996,4.263256414560601e-14,True,2,
0.23077,150,50.05855564213708,3.4404422628076285,0.00886864365018174,8.343092607022847,2.99649077117472,149.99999999999997,2.842170943040401e-14,True,2,
0.23077,175,60.21083011453264,3.4404422628076285,0.00886864365018174,10.035138352422107,2.906453866640207,175.00000000000003,-2.842170943040401e-14,True,2,
0.23077,200,71.19980149889044,3.4404422628076285,0.008868643650181739,11.866633583148406,2.8089965953502936,199.99999999999997,2.842170943040401e-14,True,2,
0.23077,225,83.27437910216271,3.4404422628076285,0.008868643650181739,13.879063183693786,2.7019114693604065,224.99999999999997,2.842170943040401e-14,True,2,
0.23077,250,96.83859744526487,3.4404422628076285,0.008868643650181739,16.139766240877478,2.5816152504821748,249.99999999999994,5.684341886080802e-14,True,2,
0.23077,275,112.63437863122913,3.4404422628076285,0.008868643650181739,18.772396438538188,2.4415280959676124,275.0,0.0,True,2,
0.23077,300,132.35481535984107,3.4404422628076285,0.008868643650181742,22.059135893306845,2.266634569995597,300.0,0.0,True,2,
0.23077,325,162.70808241507234,3.4404422628076285,0.00886864365018174,27.11801373584539,1.99744226086395,325.0,0.0,True,2,
0.23077,350,,3.4404422628076285,0.008868643650181737,1.0,,,,False,1,No solution exists for discriminant 
0.23077,375,,3.4404422628076285,0.008868643650181737,1.0,,,,False,1,No solution exists for discriminant 
0.23077,400,,3.4404422628076285,0.008868643650181737,1.0,,,,False,1,No solution exists for discriminant 
0.23077,425,,3.4404422628076285,0.008868643650181737,1.0,,,,False,1,No solution exists for discriminant 
0.23077,450,,3.4404422628076285,0.008868643650181737,1.0,,,,False,1,No solution exists for discriminant 
0.23077,475,,3.4404422628076285,0.008868643650181737,1.0,,,,False,1,No solution exists for discriminant 
0.23077,500,,3.4404422628076285,0.008868643650181737,1.0,,,,False,1,No solution exists for discriminant 
0.23077,525,,3.4404422628076285,0.008868643650181737,1.0,,,,False,1,No solution exists for discriminant 
0.23077,550,,3.4404422628076285,0.008868643650181737,1.0,,,,False,1,No solution exists for discriminant 
0.23077,575,,3.4404422628076285,0.008868643650181737,1.0,,,,False,1,No solution exists for discriminant 
0.23077,600,,3.4404422628076285,0.008868643650181737,1.0,,,,False,1,No solution exists for discriminant 
0.23077,625,,3.4404422628076285,0.008868643650181737,1.0,,,,False,1,No solution exists for discriminant 
0.23077,650,,3.4404422628076285,0.008868643650181737,1.0,,,,False,1,No solution exists for discriminant 
0.23077,675,,3.4404422628076285,0.008868643650181737,1.0,,,,False,1,No solution exists for discriminant 
0.23077,700,,3.4404422628076285,0.008868643650181737,1.0,,,,False,1,No solution exists for discriminant 
0.23077,725,,3.4404422628076285,0.008868643650181737,1.0,,,,False,1,No solution exists for discriminant 
0.23077,750,,3.4404422628076285,0.008868643650181737,1.0,,,,False,1,No solution exists for discriminant 
0.23077,775,,3.4404422628076285,0.008868643650181737,1.0,,,,False,1,No solution exists for discriminant 
0.23077,800,,3.4404422628076285,0.008868643650181737,1.0,,,,False,1,No solution exists for discriminant 
0.23077,825,,3.4404422628076285,0.008868643650181737,1.0,,,,False,1,No solution exists for discriminant 
0.23077,850,,3.4404422628076285,0.008868643650181737,1.0,,,,False,1,No solution exists for discriminant 
0.23077,875,,3.4404422628076285,0.008868643650181737,1.0,,,,False,1,No solution exists for discriminant 
0.23077,900,,3.4404422628076285,0.008868643650181737,1.0,,,,False,1,No solution exists for discriminant 
0.23077,925,,3.4404422628076285,0.008868643650181737,1.0,,,,False,1,No solution exists for discriminant 
0.23077,950,,3.4404422628076285,0.008868643650181737,1.0,,,,False,1,No solution exists for discriminant 
0.23077,975,,3.4404422628076285,0.008868643650181737,1.0,,,,False,1,No solution exists for discriminant 
0.23077,1000,,3.4404422628076285,0.008868643650181737,1.0,,,,False,1,No solution exists for discriminant 
0.23077,1025,,3.4404422628076285,0.008868643650181737,1.0,,,,False,1,No solution exists for discriminant 
0.23077,1050,,3.4404422628076285,0.008868643650181737,1.0,,,,False,1,No solution exists for discriminant 
0.23077,1075,,3.4404422628076285,0.008868643650181737,1.0,,,,False,1,No solution exists for discriminant 
0.23077,1100,,3.4404422628076285,0.008868643650181737,1.0,,,,False,1,No solution exists for discriminant 
0.23077,1125,,3.4404422628076285,0.008868643650181737,1.0,,,,False,1,No solution exists for discriminant 
0.23077,1150,,3.4404422628076285,0.008868643650181737,1.0,,,,False,1,No solution exists for discriminant 
0.23077,1175,,3.4404422628076285,0.008868643650181737,1.0,,,,False,1,No solution exists for discriminant 
0.23077,1200,,3.4404422628076285,0.008868643650181737,1.0,,,,False,1,No solution exists for discriminant 
0.23077,1225,,3.4404422628076285,0.008868643650181737,1.0,,,,False,1,No solution exists for discriminant 
0.23077,1250,,3.4404422628076285,0.008868643650181737,1.0,,,,False,1,No solution exists for discriminant 
0.23077,1275,,3.4404422628076285,0.008868643650181737,1.0,,,,False,1,No solution exists for discriminant 
0.23077,1300,,3.4404422628076285,0.008868643650181737,1.0,,,,False,1,No solution exists for discriminant 
0.23077,1325,,3.4404422628076285,0.008868643650181737,1.0,,,,False,1,No solution exists for discriminant 
0.23077,1350,,3.4404422628076285,0.008868643650181737,1.0,,,,False,1,No solution exists for discriminant 
0.23077,1375,,3.4404422628076285,0.008868643650181737,1.0,,,,False,1,No solution exists for discriminant 
0.23077,1400,,3.4404422628076285,0.008868643650181737,1.0,,,,False,1,No solution exists for discriminant 
0.23077,1425,,3.4404422628076285,0.008868643650181737,1.0,,,,False,1,No solution exists for discriminant 
0.23077,1450,,3.4404422628076285,0.008868643650181737,1.0,,,,False,1,No solution exists for discriminant 
0.23077,1475,,3.4404422628076285,0.008868643650181737,1.0,,,,False,1,No solution exists for discriminant 
0.23077,1500,,3.4404422628076285,0.008868643650181737,1.0,,,,False,1,No solution exists for discriminant 
0.23077,1525,,3.4404422628076285,0.008868643650181737,1.0,,,,False,1,No solution exists for discriminant 
0.256411,-100,-25.925925925925927,3.4625776765700547,0.008742104634026882,4.505819990254458,3.689224833748529,-95.64656976385076,-4.3534302361492365,True,2,
0.256411,-75,-20.589823938052984,3.4625776765700547,0.008742104634026887,3.4316373230088306,3.642576071832705,-75.00000000000004,4.263256414560601e-14,True,2,
0.256411,-50,-13.94886846450605,3.4625776765700547,0.008742104634026889,2.3248114107510083,3.5845201442130445,-50.000000000000014,1.4210854715202004e-14,True,2,
0.256411,-25,-7.093032226213041,3.4625776765700547,0.008742104634026884,1.1821720377021736,3.5245857064641335,-24.999999999999957,-4.263256414560601e-14,True,2,
0.256411,0,0.0,3.4625776765700547,0.008742104634026887,0.0,3.4625776765700547,0.0,0.0,True,1,
0.256411,25,7.356695967754136,3.4625776765700547,0.008742104634026885,1.2261159946256892,3.3982646706592243,25.000000000000053,-5.3290705182007514e-14,True,2,
0.256411,50,15.008845717448724,3.4625776765700547,0.008742104634026885,2.501474286241454,3.331368776872152,49.999999999999986,1.4210854715202004e-14,True,2,
0.256411,75,22.995192520188635,3.4625776765700547,0.008742104634026882,3.8325320866981056,3.2615512974789733,75.00000000000003,-2.842170943040401e-14,True,2,
0.256411,100,31.363768862047532,3.4625776765700547,0.008742104634026887,5.227294810341255,3.1883923274606008,100.00000000000004,-4.263256414560601e-14,True,2,
0.256411,125,40.17535014448292,3.4625776765700547,0.008742104634026887,6.695891690747153,3.1113605618983176,125.00000000000003,-2.842170943040401e-14,True,2,
0.256411,150,49.50875879956806,3.4625776765700547,0.008742104634026884,8.251459799928009,3.0297669268434317,150.00000000000003,-2.842170943040401e-14,True,2,
0.256411,175,59.46939741520022,3.4625776765700547,0.008742104634026885,9.911566235866703,2.9426899818438463,175.00000000000003,-2.842170943040401e-14,True,2,
0.256411,200,70.20379769326965,3.4625776765700547,0.008742104634026887,11.700632948878274,2.848848731429436,200.0,0.0,True,2,
0.256411,225,81.9263578620861,3.4625776765700547,0.008742104634026884,13.654392977014352,2.746368883854967,225.00000000000003,-2.842170943040401e-14,True,2,
0.256411,250,94.97370143770661,3.4625776765700547,0.008742104634026887,15.828950239617768,2.6323076411207937,250.00000000000003,-2.842170943040401e-14,True,2,
0.256411,275,109.93241250840785,3.4625776765700547,0.008742104634026885,18.322068751401307,2.501537023750547,275.0,0.0,True,2,
0.256411,300,128.01690530793013,3.4625776765700547,0.008742104634026889,21.336150884655023,2.3434404954438173,300.0,0.0,True,2,
0.256411,325,152.83464235023476,3.4625776765700547,0.008742104634026889,25.472440391705792,2.126481241440225,325.00000000000006,-5.684341886080802e-14,True,2,
0.256411,350,,3.4625776765700547,0.008742104634026885,1.0,,,,False,1,No solution exists for discriminant 
0.256411,375,,3.4625776765700547,0.008742104634026885,1.0,,,,False,1,No solution exists for discriminant 
0.256411,400,,3.4625776765700547,0.008742104634026885,1.0,,,,False,1,No solution exists for discriminant 
0.256411,425,,3.4625776765700547,0.008742104634026885,1.0,,,,False,1,No solution exists for discriminant 
0.256411,450,,3.4625776765700547,0.008742104634026885,1.0,,,,False,1,No solution exists for discriminant 
0.256411,475,,3.4625776765700547,0.008742104634026885,1.0,,,,False,1,No solution exists for discriminant 
0.256411,500,,3.4625776765700547,0.008742104634026885,1.0,,,,False,1,No solution exists for discriminant 
0.256411,525,,3.4625776765700547,0.008742104634026885,1.0,,,,False,1,No solution exists for discriminant 
0.256411,550,,3.4625776765700547,0.008742104634026885,1.0,,,,False,1,No solution exists for discriminant 
0.256411,575,,3.4625776765700547,0.008742104634026885,1.0,,,,False,1,No solution exists for discriminant 
0.256411,600,,3.4625776765700547,0.008742104634026885,1.0,,,,False,1,No solution exists for discriminant 
0.256411,625,,3.4625776765700547,0.008742104634026885,1.0,,,,False,1,No solution exists for discriminant 
0.256411,650,,3.4625776765700547,0.008742104634026885,1.0,,,,False,1,No solution exists for discriminant 
0.256411,675,,3.4625776765700547,0.008742104634026885,1.0,,,,False,1,No solution exists for discriminant 
0.256411,700,,3.4625776765700547,0.008742104634026885,1.0,,,,False,1,No solution exists for discriminant 
0.256411,725,,3.4625776765700547,0.008742104634026885,1.0,,,,False,1,No solution exists for discriminant 
0.256411,750,,3.4625776765700547,0.008742104634026885,1.0,,,,False,1,No solution exists for discriminant 
0.256411,775,,3.4625776765700547,0.008742104634026885,1.0,,,,False,1,No solution exists for discriminant 
0.256411,800,,3.4625776765700547,0.008742104634026885,1.0,,,,False,1,No solution exists for discriminant 
0.256411,825,,3.4625776765700547,0.008742104634026885,1.0,,,,False,1,No solution exists for discriminant 
0.256411,850,,3.4625776765700547,0.008742104634026885,1.0,,,,False,1,No solution exists for discriminant 
0.256411,875,,3.4625776765700547,0.008742104634026885,1.0,,,,False,1,No solution exists for discriminant 
0.256411,900,,3.4625776765700547,0.008742104634026885,1.0,,,,False,1,No solution exists for discriminant 
0.256411,925,,3.4625776765700547,0.008742104634026885,1.0,,,,False,1,No solution exists for discriminant 
0.256411,950,,3.4625776765700547,0.008742104634026885,1.0,,,,False,1,No solution exists for discriminant 
0.256411,975,,3.4625776765700547,0.008742104634026885,1.0,,,,False,1,No solution exists for discriminant 
0.256411,1000,,3.4625776765700547,0.008742104634026885,1.0,,,,False,1,No solution exists for discriminant 
0.256411,1025,,3.4625776765700547,0.008742104634026885,1.0,,,,False,1,No solution exists for discriminant 
0.256411,1050,,3.4625776765700547,0.008742104634026885,1.0,,,,False,1,No solution exists for discriminant 
0.256411,1075,,3.4625776765700547,0.008742104634026885,1.0,,,,False,1,No solution exists for discriminant 
0.256411,1100,,3.4625776765700547,0.008742104634026885,1.0,,,,False,1,No solution exists for discriminant 
0.256411,1125,,3.4625776765700547,0.008742104634026885,1.0,,,,False,1,No solution exists for discriminant 
0.256411,1150,,3.4625776765700547,0.008742104634026885,1.0,,,,False,1,No solution exists for discriminant 
0.256411,1175,,3.4625776765700547,0.008742104634026885,1.0,,,,False,1,No solution exists for discriminant 
0.256411,1200,,3.4625776765700547,0.008742104634026885,1.0,,,,False,1,No solution exists for discriminant 
0.256411,1225,,3.4625776765700547,0.008742104634026885,1.0,,,,False,1,No solution exists for discriminant 
0.256411,1250,,3.4625776765700547,0.008742104634026885,1.0,,,,False,1,No solution exists for discriminant 
0.256411,1275,,3.4625776765700547,0.008742104634026885,1.0,,,,False,1,No solution exists for discriminant 
0.256411,1300,,3.4625776765700547,0.008742104634026885,1.0,,,,False,1,No solution exists for discriminant 
0.256411,1325,,3.4625776765700547,0.008742104634026885,1.0,,,,False,1,No solution exists for discriminant 
0.256411,1350,,3.4625776765700547,0.008742104634026885,1.0,,,,False,1,No solution exists for discriminant 
0.256411,1375,,3.4625776765700547,0.008742104634026885,1.0,,,,False,1,No solution exists for discriminant 
0.256411,1400,,3.4625776765700547,0.008742104634026885,1.0,,,,False,1,No solution exists for discriminant 
0.256411,1425,,3.4625776765700547,0.008742104634026885,1.0,,,,False,1,No solution exists for discriminant 
0.256411,1450,,3.4625776765700547,0.008742104634026885,1.0,,,,False,1,No solution exists for discriminant 
0.256411,1475,,3.4625776765700547,0.008742104634026885,1.0,,,,False,1,No solution exists for discriminant 
0.256411,1500,,3.4625776765700547,0.008742104634026885,1.0,,,,False,1,No solution exists for discriminant 
0.256411,1525,,3.4625776765700547,0.008742104634026885,1.0,,,,False,1,No solution exists for discriminant 
0.28205199999999997,-100,-25.925925925925927,3.4891595586628465,0.008495140852811568,4.48309846518888,3.7094039511431465,-96.16973206667417,-3.8302679333258283,True,2,
0.28205199999999997,-75,-20.474498910239568,3.4891595586628465,0.008495140852811566,3.412416485039928,3.663093310796069,-74.99999999999996,-4.263256414560601e-14,True,2,
0.28205199999999997,-50,-13.86223788171112,3.4891595586628465,0.008495140852811568,2.310372980285187,3.606921222003163,-50.00000000000001,7.105427357601002e-15,True,2,
0.28205199999999997,-25,-7.044235176226774,3.4891595586628465,0.008495140852811564,1.1740391960377956,3.5490013286852227,-25.000000000000004,3.552713678800501e-15,True,2,
0.28205199999999997,0,0.0,3.4891595586628465,0.008495140852811566,0.0,3.4891595586628465,0.0,0.0,True,1,
0.28205199999999997,25,7.294603931460394,3.4891595586628465,0.008495140852811568,1.2157673219100655,3.4271908707996177,25.00000000000006,-6.039613253960852e-14,True,2,
0.28205199999999997,50,14.868336666159886,3.4891595586628465,0.008495140852811568,2.4780561110266475,3.3628509444367953,50.00000000000001,-7.105427357601002e-15,True,2,
0.28205199999999997,75,22.75592615701713,3.4891595586628465,0.00849514085281157,3.792654359502855,3.295844760722807,74.99999999999999,1.4210854715202004e-14,True,2,
0.28205199999999997,100,30.999960857209555,3.4891595586628465,0.008495140852811568,5.166660142868259,3.225810524749206,100.0,0.0,True,2,
0.28205199999999997,125,39.6536319321662,3.4891595586628465,0.008495140852811571,6.608938655361033,3.152296370073548,125.00000000000004,-4.263256414560601e-14,True,2,
0.28205199999999997,150,48.7848436968713,3.4891595586628465,0.00849514085281157,8.130807282811883,3.074725439975528,149.99999999999997,2.842170943040401e-14,True,2,
0.28205199999999997,175,58.48263251515023,3.4891595586628465,0.008495140852811568,9.747105419191705,2.9923413580034275,175.00000000000003,-2.842170943040401e-14,True,2,
0.28205199999999997,200,68.86770921505,3.4891595586628465,0.008495140852811571,11.477951535841667,2.9041186686705274,200.0,0.0,True,2,
0.28205199999999997,225,80.11091467507197,3.4891595586628465,0.008495140852811568,13.351819112511995,2.808606054650541,225.00000000000003,-2.842170943040401e-14,True,2,
0.28205199999999997,250,92.46834425570171,3.4891595586628465,0.008495140852811575,15.411390709283618,2.7036279497843907,250.00000000000006,-5.684341886080802e-14,True,2,
0.28205199999999997,275,106.3563391585981,3.4891595586628465,0.008495140852811568,17.726056526433016,2.585647476921157,275.00000000000006,-5.684341886080802e-14,True,2,
0.28205199999999997,300,122.5413225771024,3.4891595586628465,0.00849514085281157,20.4235537628504,2.448153763080543,300.0,0.0,True,2,
0.28205199999999997,325,142.78078099393272,3.4891595586628465,0.00849514085281157,23.79679683232212,2.276216713044947,324.99999999999994,5.684341886080802e-14,True,2,
0.28205199999999997,350,174.16015588850232,3.4891595586628465,0.008495140852811571,29.02669264808372,2.0096445034423986,350.0,0.0,True,2,
0.28205199999999997,375,,3.4891595586628465,0.008495140852811566,1.0,,,,False,1,No solution exists for discriminant 
0.28205199999999997,400,,3.4891595586628465,0.008495140852811566,1.0,,,,False,1,No solution exists for discriminant 
0.28205199999999997,425,,3.4891595586628465,0.008495140852811566,1.0,,,,False,1,No solution exists for discriminant 
0.28205199999999997,450,,3.4891595586628465,0.008495140852811566,1.0,,,,False,1,No solution exists for discriminant 
0.28205199999999997,475,,3.4891595586628465,0.008495140852811566,1.0,,,,False,1,No solution exists for discriminant 
0.28205199999999997,500,,3.4891595586628465,0.008495140852811566,1.0,,,,False,1,No solution exists for discriminant 
0.28205199999999997,525,,3.4891595586628465,0.008495140852811566,1.0,,,,False,1,No solution exists for discriminant 
0.28205199999999997,550,,3.4891595586628465,0.008495140852811566,1.0,,,,False,1,No solution exists for discriminant 
0.28205199999999997,575,,3.4891595586628465,0.008495140852811566,1.0,,,,False,1,No solution exists for discriminant 
0.28205199999999997,600,,3.4891595586628465,0.008495140852811566,1.0,,,,False,1,No solution exists for discriminant 
0.28205199999999997,625,,3.4891595586628465,0.008495140852811566,1.0,,,,False,1,No solution exists for discriminant 
0.28205199999999997,650,,3.4891595586628465,0.008495140852811566,1.0,,,,False,1,No solution exists for discriminant 
0.28205199999999997,675,,3.4891595586628465,0.008495140852811566,1.0,,,,False,1,No solution exists for discriminant 
0.28205199999999997,700,,3.4891595586628465,0.008495140852811566,1.0,,,,False,1,No solution exists for discriminant 
0.28205199999999997,725,,3.4891595586628465,0.008495140852811566,1.0,,,,False,1,No solution exists for discriminant 
0.28205199999999997,750,,3.4891595586628465,0.008495140852811566,1.0,,,,False,1,No solution exists for discriminant 
0.28205199999999997,775,,3.4891595586628465,0.008495140852811566,1.0,,,,False,1,No solution exists for discriminant 
0.28205199999999997,800,,3.4891595586628465,0.008495140852811566,1.0,,,,False,1,No solution exists for discriminant 
0.28205199999999997,825,,3.4891595586628465,0.008495140852811566,1.0,,,,False,1,No solution exists for discriminant 
0.28205199999999997,850,,3.4891595586628465,0.008495140852811566,1.0,,,,False,1,No solution exists for discriminant 
0.28205199999999997,875,,3.4891595586628465,0.008495140852811566,1.0,,,,False,1,No solution exists for discriminant 
0.28205199999999997,900,,3.4891595586628465,0.008495140852811566,1.0,,,,False,1,No solution exists for discriminant 
0.28205199999999997,925,,3.4891595586628465,0.008495140852811566,1.0,,,,False,1,No solution exists for discriminant 
0.28205199999999997,950,,3.4891595586628465,0.008495140852811566,1.0,,,,False,1,No solution exists for discriminant 
0.28205199999999997,975,,3.4891595586628465,0.008495140852811566,1.0,,,,False,1,No solution exists for discriminant 
0.28205199999999997,1000,,3.4891595586628465,0.008495140852811566,1.0,,,,False,1,No solution exists for discriminant 
0.28205199999999997,1025,,3.4891595586628465,0.008495140852811566,1.0,,,,False,1,No solution exists for discriminant 
0.28205199999999997,1050,,3.4891595586628465,0.008495140852811566,1.0,,,,False,1,No solution exists for discriminant 
0.28205199999999997,1075,,3.4891595586628465,0.008495140852811566,1.0,,,,False,1,No solution exists for discriminant 
0.28205199999999997,1100,,3.4891595586628465,0.008495140852811566,1.0,,,,False,1,No solution exists for discriminant 
0.28205199999999997,1125,,3.4891595586628465,0.008495140852811566,1.0,,,,False,1,No solution exists for discriminant 
0.28205199999999997,1150,,3.4891595586628465,0.008495140852811566,1.0,,,,False,1,No solution exists for discriminant 
0.28205199999999997,1175,,3.4891595586628465,0.008495140852811566,1.0,,,,False,1,No solution exists for discriminant 
0.28205199999999997,1200,,3.4891595586628465,0.008495140852811566,1.0,,,,False,1,No solution exists for discriminant 
0.28205199999999997,1225,,3.4891595586628465,0.008495140852811566,1.0,,,,False,1,No solution exists for discriminant 
0.28205199999999997,1250,,3.4891595586628465,0.008495140852811566,1.0,,,,False,1,No solution exists for discriminant 
0.28205199999999997,1275,,3.4891595586628465,0.008495140852811566,1.0,,,,False,1,No solution exists for discriminant 
0.28205199999999997,1300,,3.4891595586628465,0.008495140852811566,1.0,,,,False,1,No solution exists for discriminant 
0.28205199999999997,1325,,3.4891595586628465,0.008495140852811566,1.0,,,,False,1,No solution exists for discriminant 
0.28205199999999997,1350,,3.4891595586628465,0.008495140852811566,1.0,,,,False,1,No solution exists for discriminant 
0.28205199999999997,1375,,3.4891595586628465,0.008495140852811566,1.0,,,,False,1,No solution exists for discriminant 
0.28205199999999997,1400,,3.4891595586628465,0.008495140852811566,1.0,,,,False,1,No solution exists for discriminant 
0.28205199999999997,1425,,3.4891595586628465,0.008495140852811566,1.0,,,,False,1,No solution exists for discriminant 
0.28205199999999997,1450,,3.4891595586628465,0.008495140852811566,1.0,,,,False,1,No solution exists for discriminant 
0.28205199999999997,1475,,3.4891595586628465,0.008495140852811566,1.0,,,,False,1,No solution exists for discriminant 
0.28205199999999997,1500,,3.4891595586628465,0.008495140852811566,1.0,,,,False,1,No solution exists for discriminant 
0.28205199999999997,1525,,3.4891595586628465,0.008495140852811566,1.0,,,,False,1,No solution exists for discriminant 
0.307693,-100,-25.925925925925927,3.518549454820397,0.008381543875490402,4.453345305063844,3.7358487404812593,-96.8553377161808,-3.1446622838192013,True,2,
0.307693,-75,-20.330964645068747,3.518549454820397,0.008381543875490406,3.3884941075114576,3.688954327024085,-75.00000000000004,4.263256414560601e-14,True,2,
0.307693,-50,-13.759418036569356,3.518549454820397,0.008381543875490404,2.293236339428226,3.633874620795117,-49.999999999999964,-3.552713678800501e-14,True,2,
0.307693,-25,-6.988849260050889,3.518549454820397,0.008381543875490406,1.1648082100084816,3.5771268015327022,-25.000000000000032,3.197442310920451e-14,True,2,
0.307693,0,0.0,3.518549454820397,0.008381543875490406,0.0,3.518549454820397,0.0,0.0,True,1,
0.307693,25,7.2297100822340195,3.518549454820397,0.008381543875490404,1.2049516803723366,3.457953322559077,24.999999999999986,1.4210854715202004e-14,True,2,
0.307693,50,14.727045656858442,3.518549454820397,0.008381543875490408,2.454507609476407,3.3951140754910876,49.999999999999986,1.4210854715202004e-14,True,2,
0.307693,75,22.52412911963408,3.518549454820397,0.008381543875490411,3.754021519939013,3.329762478346973,74.99999999999999,1.4210854715202004e-14,True,2,
0.307693,100,30.660074333249867,3.518549454820397,0.008381543875490406,5.110012388874978,3.261570696570466,100.00000000000003,-2.842170943040401e-14,True,2,
0.307693,125,39.183322810624524,3.518549454820397,0.008381543875490411,6.530553801770754,3.1901327154956434,125.0,0.0,True,2,
0.307693,150,48.15509103739588,3.518549454820397,0.00838154387549041,8.025848506232647,3.1149354464622285,150.0,0.0,True,2,
0.307693,175,57.65465244257276,3.518549454820397,0.008381543875490408,9.609108740428793,3.035314455746823,174.99999999999997,2.842170943040401e-14,True,2,
0.307693,200,67.78781045538045,3.518549454820397,0.00838154387549041,11.297968409230075,2.950382947265198,200.0,0.0,True,2,
0.307693,225,78.70129241713065,3.518549454820397,0.008381543875490411,13.116882069521774,2.8589111193684156,224.99999999999997,2.842170943040401e-14,True,2,
0.307693,250,90.60907563010197,3.518549454820397,0.00838154387549041,15.101512605016994,2.759105511909069,250.00000000000003,-2.842170943040401e-14,True,2,
0.307693,275,103.84555733130473,3.518549454820397,0.00838154387549041,17.30759288855079,2.648163359773312,275.0,0.0,True,2,
0.307693,300,118.98927552126581,3.518549454820397,0.008381543875490411,19.831545920210967,2.5212356213260905,300.0,0.0,True,2,
0.307693,325,137.22286132783063,3.518549454820397,0.00838154387549041,22.870476887971773,2.3684100218808486,325.0,0.0,True,2,
0.307693,350,161.95048920283756,3.518549454820397,0.008381543875490411,26.991748200472927,2.161154323909678,350.0,0.0,True,2,
0.307693,375,,3.518549454820397,0.008381543875490406,1.0,,,,False,1,No solution exists for discriminant 
0.307693,400,,3.518549454820397,0.008381543875490406,1.0,,,,False,1,No solution exists for discriminant 
0.307693,425,,3.518549454820397,0.008381543875490406,1.0,,,,False,1,No solution exists for discriminant 
0.307693,450,,3.518549454820397,0.008381543875490406,1.0,,,,False,1,No solution exists for discriminant 
0.307693,475,,3.518549454820397,0.008381543875490406,1.0,,,,False,1,No solution exists for discriminant 
0.307693,500,,3.518549454820397,0.008381543875490406,1.0,,,,False,1,No solution exists for discriminant 
0.307693,525,,3.518549454820397,0.008381543875490406,1.0,,,,False,1,No solution exists for discriminant 
0.307693,550,,3.518549454820397,0.008381543875490406,1.0,,,,False,1,No solution exists for discriminant 
0.307693,575,,3.518549454820397,0.008381543875490406,1.0,,,,False,1,No solution exists for discriminant 
0.307693,600,,3.518549454820397,0.008381543875490406,1.0,,,,False,1,No solution exists for discriminant 
0.307693,625,,3.518549454820397,0.008381543875490406,1.0,,,,False,1,No solution exists for discriminant 
0.307693,650,,3.518549454820397,0.008381543875490406,1.0,,,,False,1,No solution exists for discriminant 
0.307693,675,,3.518549454820397,0.008381543875490406,1.0,,,,False,1,No solution exists for discriminant 
0.307693,700,,3.518549454820397,0.008381543875490406,1.0,,,,False,1,No solution exists for discriminant 
0.307693,725,,3.518549454820397,0.008381543875490406,1.0,,,,False,1,No solution exists for discriminant 
0.307693,750,,3.518549454820397,0.008381543875490406,1.0,,,,False,1,No solution exists for discriminant 
0.307693,775,,3.518549454820397,0.008381543875490406,1.0,,,,False,1,No solution exists for discriminant 
0.307693,800,,3.518549454820397,0.008381543875490406,1.0,,,,False,1,No solution exists for discriminant 
0.307693,825,,3.518549454820397,0.008381543875490406,1.0,,,,False,1,No solution exists for discriminant 
0.307693,850,,3.518549454820397,0.008381543875490406,1.0,,,,False,1,No solution exists for discriminant 
0.307693,875,,3.518549454820397,0.008381543875490406,1.0,,,,False,1,No solution exists for discriminant 
0.307693,900,,3.518549454820397,0.008381543875490406,1.0,,,,False,1,No solution exists for discriminant 
0.307693,925,,3.518549454820397,0.008381543875490406,1.0,,,,False,1,No solution exists for discriminant 
0.307693,950,,3.518549454820397,0.008381543875490406,1.0,,,,False,1,No solution exists for discriminant 
0.307693,975,,3.518549454820397,0.008381543875490406,1.0,,,,False,1,No solution exists for discriminant 
0.307693,1000,,3.518549454820397,0.008381543875490406,1.0,,,,False,1,No solution exists for discriminant 
0.307693,1025,,3.518549454820397,0.008381543875490406,1.0,,,,False,1,No solution exists for discriminant 
0.307693,1050,,3.518549454820397,0.008381543875490406,1.0,,,,False,1,No solution exists for discriminant 
0.307693,1075,,3.518549454820397,0.008381543875490406,1.0,,,,False,1,No solution exists for discriminant 
0.307693,1100,,3.518549454820397,0.008381543875490406,1.0,,,,False,1,No solution exists for discriminant 
0.307693,1125,,3.518549454820397,0.008381543875490406,1.0,,,,False,1,No solution exists for discriminant 
0.307693,1150,,3.518549454820397,0.008381543875490406,1.0,,,,False,1,No solution exists for discriminant 
0.307693,1175,,3.518549454820397,0.008381543875490406,1.0,,,,False,1,No solution exists for discriminant 
0.307693,1200,,3.518549454820397,0.008381543875490406,1.0,,,,False,1,No solution exists for discriminant 
0.307693,1225,,3.518549454820397,0.008381543875490406,1.0,,,,False,1,No solution exists for discriminant 
0.307693,1250,,3.518549454820397,0.008381543875490406,1.0,,,,False,1,No solution exists for discriminant 
0.307693,1275,,3.518549454820397,0.008381543875490406,1.0,,,,False,1,No solution exists for discriminant 
0.307693,1300,,3.518549454820397,0.008381543875490406,1.0,,,,False,1,No solution exists for discriminant 
0.307693,1325,,3.518549454820397,0.008381543875490406,1.0,,,,False,1,No solution exists for discriminant 
0.307693,1350,,3.518549454820397,0.008381543875490406,1.0,,,,False,1,No solution exists for discriminant 
0.307693,1375,,3.518549454820397,0.008381543875490406,1.0,,,,False,1,No solution exists for discriminant 
0.307693,1400,,3.518549454820397,0.008381543875490406,1.0,,,,False,1,No solution exists for discriminant 
0.307693,1425,,3.518549454820397,0.008381543875490406,1.0,,,,False,1,No solution exists for discriminant 
0.307693,1450,,3.518549454820397,0.008381543875490406,1.0,,,,False,1,No solution exists for discriminant 
0.307693,1475,,3.518549454820397,0.008381543875490406,1.0,,,,False,1,No solution exists for discriminant 
0.307693,1500,,3.518549454820397,0.008381543875490406,1.0,,,,False,1,No solution exists for discriminant 
0.307693,1525,,3.518549454820397,0.008381543875490406,1.0,,,,False,1,No solution exists for discriminant 
0.33333399999999996,-100,-25.925925925925927,3.5483393581646228,0.008520857301064565,4.416051443711667,3.769250473377408,-97.72130856904391,-2.278691430956087,True,2,
0.33333399999999996,-75,-20.160612552970434,3.5483393581646228,0.008520857301064562,3.360102092161739,3.7201250608305347,-74.99999999999999,-1.4210854715202004e-14,True,2,
0.33333399999999996,-50,-13.644059714609151,3.5483393581646228,0.008520857301064562,2.2740099524348585,3.664598444000011,-49.99999999999993,-7.105427357601002e-14,True,2,
0.33333399999999996,-25,-6.930216811964441,3.5483393581646228,0.008520857301064557,1.1550361353274068,3.6073907466848105,-25.000000000000032,3.197442310920451e-14,True,2,
0.33333399999999996,0,0.0,3.5483393581646228,0.008520857301064562,0.0,3.5483393581646228,0.0,0.0,True,1,
0.33333399999999996,25,7.168965226934542,3.5483393581646228,0.00852085730106456,1.1948275378224238,3.4872536284696194,25.00000000000001,-1.0658141036401503e-14,True,2,
0.33333399999999996,50,14.603197849144735,3.5483393581646228,0.008520857301064562,2.433866308190789,3.4239075931528475,49.999999999999986,1.4210854715202004e-14,True,2,
0.33333399999999996,75,22.33452301888282,3.5483393581646228,0.008520857301064558,3.7224205031471365,3.3580300746333807,75.00000000000003,-2.842170943040401e-14,True,2,
0.33333399999999996,100,30.40168929414816,3.5483393581646228,0.008520857301064565,5.06694821569136,3.2892909019778838,99.99999999999997,2.842170943040401e-14,True,2,
0.33333399999999996,125,38.85268084541342,3.5483393581646228,0.008520857301064567,6.475446807568903,3.2172812089170506,125.00000000000001,-1.4210854715202004e-14,True,2,
0.33333399999999996,150,47.74812874745112,3.5483393581646228,0.008520857301064562,7.95802145790852,3.1414843667147334,150.00000000000003,-2.842170943040401e-14,True,2,
0.33333399999999996,175,57.166536541523826,3.5483393581646228,0.008520857301064562,9.527756090253972,3.0612314578982054,175.0,0.0,True,2,
0.33333399999999996,200,67.2126604277999,3.5483393581646228,0.008520857301064565,11.202110071299984,2.975629869834431,200.00000000000003,-2.842170943040401e-14,True,2,
0.33333399999999996,225,78.03174031075764,3.5483393581646228,0.008520857301064567,13.00529005179294,2.883442034022929,225.0,0.0,True,2,
0.33333399999999996,250,89.83551572333383,3.5483393581646228,0.008520857301064567,14.972585953888972,2.7828637481185527,249.99999999999994,5.684341886080802e-14,True,2,
0.33333399999999996,275,102.95473542081345,3.5483393581646228,0.008520857301064565,17.159122570135576,2.671076749175014,275.00000000000006,-5.684341886080802e-14,True,2,
0.33333399999999996,300,117.96122431944167,3.5483393581646228,0.008520857301064565,19.660204053240278,2.543208598679793,300.0,0.0,True,2,
0.33333399999999996,325,136.0224498122931,3.5483393581646228,0.008520857301064565,22.670408302048852,2.3893114735728567,325.0,0.0,True,2,
0.33333399999999996,350,160.48886834559335,3.5483393581646228,0.008520857301064565,26.748144724265558,2.1808366125824836,350.0,0.0,True,2,
0.33333399999999996,375,,3.5483393581646228,0.008520857301064562,1.0,,,,False,1,No solution exists for discriminant 
0.33333399999999996,400,,3.5483393581646228,0.008520857301064562,1.0,,,,False,1,No solution exists for discriminant 
0.33333399999999996,425,,3.5483393581646228,0.008520857301064562,1.0,,,,False,1,No solution exists for discriminant 
0.33333399999999996,450,,3.5483393581646228,0.008520857301064562,1.0,,,,False,1,No solution exists for discriminant 
0.33333399999999996,475,,3.5483393581646228,0.008520857301064562,1.0,,,,False,1,No solution exists for discriminant 
0.33333399999999996,500,,3.5483393581646228,0.008520857301064562,1.0,,,,False,1,No solution exists for discriminant 
0.33333399999999996,525,,3.5483393581646228,0.008520857301064562,1.0,,,,False,1,No solution exists for discriminant 
0.33333399999999996,550,,3.5483393581646228,0.008520857301064562,1.0,,,,False,1,No solution exists for discriminant 
0.33333399999999996,575,,3.5483393581646228,0.008520857301064562,1.0,,,,False,1,No solution exists for discriminant 
0.33333399999999996,600,,3.5483393581646228,0.008520857301064562,1.0,,,,False,1,No solution exists for discriminant 
0.33333399999999996,625,,3.5483393581646228,0.008520857301064562,1.0,,,,False,1,No solution exists for discriminant 
0.33333399999999996,650,,3.5483393581646228,0.008520857301064562,1.0,,,,False,1,No solution exists for discriminant 
0.33333399999999996,675,,3.5483393581646228,0.008520857301064562,1.0,,,,False,1,No solution exists for discriminant 
0.33333399999999996,700,,3.5483393581646228,0.008520857301064562,1.0,,,,False,1,No solution exists for discriminant 
0.33333399999999996,725,,3.5483393581646228,0.008520857301064562,1.0,,,,False,1,No solution exists for discriminant 
0.33333399999999996,750,,3.5483393581646228,0.008520857301064562,1.0,,,,False,1,No solution exists for discriminant 
0.33333399999999996,775,,3.5483393581646228,0.008520857301064562,1.0,,,,False,1,No solution exists for discriminant 
0.33333399999999996,800,,3.5483393581646228,0.008520857301064562,1.0,,,,False,1,No solution exists for discriminant 
0.33333399999999996,825,,3.5483393581646228,0.008520857301064562,1.0,,,,False,1,No solution exists for discriminant 
0.33333399999999996,850,,3.5483393581646228,0.008520857301064562,1.0,,,,False,1,No solution exists for discriminant 
0.33333399999999996,875,,3.5483393581646228,0.008520857301064562,1.0,,,,False,1,No solution exists for discriminant 
0.33333399999999996,900,,3.5483393581646228,0.008520857301064562,1.0,,,,False,1,No solution exists for discriminant 
0.33333399999999996,925,,3.5483393581646228,0.008520857301064562,1.0,,,,False,1,No solution exists for discriminant 
0.33333399999999996,950,,3.5483393581646228,0.008520857301064562,1.0,,,,False,1,No solution exists for discriminant 
0.33333399999999996,975,,3.5483393581646228,0.008520857301064562,1.0,,,,False,1,No solution exists for discriminant 
0.33333399999999996,1000,,3.5483393581646228,0.008520857301064562,1.0,,,,False,1,No solution exists for discriminant 
0.33333399999999996,1025,,3.5483393581646228,0.008520857301064562,1.0,,,,False,1,No solution exists for discriminant 
0.33333399999999996,1050,,3.5483393581646228,0.008520857301064562,1.0,,,,False,1,No solution exists for discriminant 
0.33333399999999996,1075,,3.5483393581646228,0.008520857301064562,1.0,,,,False,1,No solution exists for discriminant 
0.33333399999999996,1100,,3.5483393581646228,0.008520857301064562,1.0,,,,False,1,No solution exists for discriminant 
0.33333399999999996,1125,,3.5483393581646228,0.008520857301064562,1.0,,,,False,1,No solution exists for discriminant 
0.33333399999999996,1150,,3.5483393581646228,0.008520857301064562,1.0,,,,False,1,No solution exists for discriminant 
0.33333399999999996,1175,,3.5483393581646228,0.008520857301064562,1.0,,,,False,1,No solution exists for discriminant 
0.33333399999999996,1200,,3.5483393581646228,0.008520857301064562,1.0,,,,False,1,No solution exists for discriminant 
0.33333399999999996,1225,,3.5483393581646228,0.008520857301064562,1.0,,,,False,1,No solution exists for discriminant 
0.33333399999999996,1250,,3.5483393581646228,0.008520857301064562,1.0,,,,False,1,No solution exists for discriminant 
0.33333399999999996,1275,,3.5483393581646228,0.008520857301064562,1.0,,,,False,1,No solution exists for discriminant 
0.33333399999999996,1300,,3.5483393581646228,0.008520857301064562,1.0,,,,False,1,No solution exists for discriminant 
0.33333399999999996,1325,,3.5483393581646228,0.008520857301064562,1.0,,,,False,1,No solution exists for discriminant 
0.33333399999999996,1350,,3.5483393581646228,0.008520857301064562,1.0,,,,False,1,No solution exists for discriminant 
0.33333399999999996,1375,,3.5483393581646228,0.008520857301064562,1.0,,,,False,1,No solution exists for discriminant 
0.33333399999999996,1400,,3.5483393581646228,0.008520857301064562,1.0,,,,False,1,No solution exists for discriminant 
0.33333399999999996,1425,,3.5483393581646228,0.008520857301064562,1.0,,,,False,1,No solution exists for discriminant 
0.33333399999999996,1450,,3.5483393581646228,0.008520857301064562,1.0,,,,False,1,No solution exists for discriminant 
0.33333399999999996,1475,,3.5483393581646228,0.008520857301064562,1.0,,,,False,1,No solution exists for discriminant 
0.33333399999999996,1500,,3.5483393581646228,0.008520857301064562,1.0,,,,False,1,No solution exists for discriminant 
0.33333399999999996,1525,,3.5483393581646228,0.008520857301064562,1.0,,,,False,1,No solution exists for discriminant 
0.358975,-100,-25.925925925925927,3.5772663520913945,0.008714467352140657,4.378797859546191,3.803196987146893,-98.60140337047501,-1.398596629524988,True,2,
0.358975,-75,-19.99207443755078,3.5772663520913945,0.008714467352140655,3.3320124062584635,3.7514866320789966,-74.99999999999997,-2.842170943040401e-14,True,2,
0.358975,-50,-13.531129797633069,3.5772663520913945,0.008714467352140657,2.2551882996055115,3.6951829409504455,-49.99999999999997,-2.842170943040401e-14,True,2,
0.358975,-25,-6.873485041979381,3.5772663520913945,0.008714467352140655,1.1455808403298968,3.637165113085151,-25.000000000000032,3.197442310920451e-14,True,2,
0.358975,0,0.0,3.5772663520913945,0.008714467352140655,0.0,3.5772663520913945,0.0,0.0,True,1,
0.358975,25,7.111786930232162,3.5772663520913945,0.008714467352140657,1.1852978217053602,3.5152909170725057,25.000000000000078,-7.815970093361102e-14,True,2,
0.358975,50,14.488526497095213,3.5772663520913945,0.008714467352140659,2.4147544161825354,3.4510065609518334,50.000000000000064,-6.394884621840902e-14,True,2,
0.358975,75,22.162241531852185,3.5772663520913945,0.008714467352140659,3.693706921975364,3.384134221811813,75.00000000000003,-2.842170943040401e-14,True,2,
0.358975,100,30.171977503282996,3.5772663520913945,0.00871446735214066,5.028662917213833,3.3143336391895124,100.00000000000003,-2.842170943040401e-14,True,2,
0.358975,125,38.566168662406874,3.5772663520913945,0.00871446735214066,6.427694777067813,3.2411827343856996,124.99999999999999,1.4210854715202004e-14,True,2,
0.358975,150,47.40613997802064,3.5772663520913945,0.008714467352140655,7.901023329670107,3.1641470929619238,150.00000000000006,-5.684341886080802e-14,True,2,
0.358975,175,56.77149210187718,3.5772663520913945,0.008714467352140659,9.461915350312863,3.0825330376372744,175.0,0.0,True,2,
0.358975,200,66.7687780334025,3.5772663520913945,0.008714467352140659,11.128129672233749,2.9954120157769824,200.00000000000009,-8.526512829121202e-14,True,2,
0.358975,225,77.54632600091846,3.5772663520913945,0.00871446735214066,12.924387666819742,2.9014914258779343,225.00000000000003,-2.842170943040401e-14,True,2,
0.358975,250,89.32155097685491,3.5772663520913945,0.008714467352140664,14.88692516280915,2.7988766122610245,250.00000000000006,-5.684341886080802e-14,True,2,
0.358975,275,102.43667997742274,3.5772663520913945,0.008714467352140657,17.072779996237124,2.6845852487664636,275.00000000000006,-5.684341886080802e-14,True,2,
0.358975,300,117.49040080515515,3.5772663520913945,0.008714467352140657,19.581733467525858,2.5534000900849496,300.0,0.0,True,2,
0.358975,325,135.73088391566665,3.5772663520913945,0.008714467352140659,22.621813985944442,2.394443995531124,325.00000000000006,-5.684341886080802e-14,True,2,
0.358975,350,160.9323987348318,3.5772663520913945,0.008714467352140659,26.8220664558053,2.17482621741502,350.0,0.0,True,2,
0.358975,375,,3.5772663520913945,0.008714467352140655,1.0,,,,False,1,No solution exists for discriminant 
0.358975,400,,3.5772663520913945,0.008714467352140655,1.0,,,,False,1,No solution exists for discriminant 
0.358975,425,,3.5772663520913945,0.008714467352140655,1.0,,,,False,1,No solution exists for discriminant 
0.358975,450,,3.5772663520913945,0.008714467352140655,1.0,,,,False,1,No solution exists for discriminant 
0.358975,475,,3.5772663520913945,0.008714467352140655,1.0,,,,False,1,No solution exists for discriminant 
0.358975,500,,3.5772663520913945,0.008714467352140655,1.0,,,,False,1,No solution exists for discriminant 
0.358975,525,,3.5772663520913945,0.008714467352140655,1.0,,,,False,1,No solution exists for discriminant 
0.358975,550,,3.5772663520913945,0.008714467352140655,1.0,,,,False,1,No solution exists for discriminant 
0.358975,575,,3.5772663520913945,0.008714467352140655,1.0,,,,False,1,No solution exists for discriminant 
0.358975,600,,3.5772663520913945,0.008714467352140655,1.0,,,,False,1,No solution exists for discriminant 
0.358975,625,,3.5772663520913945,0.008714467352140655,1.0,,,,False,1,No solution exists for discriminant 
0.358975,650,,3.5772663520913945,0.008714467352140655,1.0,,,,False,1,No solution exists for discriminant 
0.358975,675,,3.5772663520913945,0.008714467352140655,1.0,,,,False,1,No solution exists for discriminant 
0.358975,700,,3.5772663520913945,0.008714467352140655,1.0,,,,False,1,No solution exists for discriminant 
0.358975,725,,3.5772663520913945,0.008714467352140655,1.0,,,,False,1,No solution exists for discriminant 
0.358975,750,,3.5772663520913945,0.008714467352140655,1.0,,,,False,1,No solution exists for discriminant 
0.358975,775,,3.5772663520913945,0.008714467352140655,1.0,,,,False,1,No solution exists for discriminant 
0.358975,800,,3.5772663520913945,0.008714467352140655,1.0,,,,False,1,No solution exists for discriminant 
0.358975,825,,3.5772663520913945,0.008714467352140655,1.0,,,,False,1,No solution exists for discriminant 
0.358975,850,,3.5772663520913945,0.008714467352140655,1.0,,,,False,1,No solution exists for discriminant 
0.358975,875,,3.5772663520913945,0.008714467352140655,1.0,,,,False,1,No solution exists for discriminant 
0.358975,900,,3.5772663520913945,0.008714467352140655,1.0,,,,False,1,No solution exists for discriminant 
0.358975,925,,3.5772663520913945,0.008714467352140655,1.0,,,,False,1,No solution exists for discriminant 
0.358975,950,,3.5772663520913945,0.008714467352140655,1.0,,,,False,1,No solution exists for discriminant 
0.358975,975,,3.5772663520913945,0.008714467352140655,1.0,,,,False,1,No solution exists for discriminant 
0.358975,1000,,3.5772663520913945,0.008714467352140655,1.0,,,,False,1,No solution exists for discriminant 
0.358975,1025,,3.5772663520913945,0.008714467352140655,1.0,,,,False,1,No solution exists for discriminant 
0.358975,1050,,3.5772663520913945,0.008714467352140655,1.0,,,,False,1,No solution exists for discriminant 
0.358975,1075,,3.5772663520913945,0.008714467352140655,1.0,,,,False,1,No solution exists for discriminant 
0.358975,1100,,3.5772663520913945,0.008714467352140655,1.0,,,,False,1,No solution exists for discriminant 
0.358975,1125,,3.5772663520913945,0.008714467352140655,1.0,,,,False,1,No solution exists for discriminant 
0.358975,1150,,3.5772663520913945,0.008714467352140655,1.0,,,,False,1,No solution exists for discriminant 
0.358975,1175,,3.5772663520913945,0.008714467352140655,1.0,,,,False,1,No solution exists for discriminant 
0.358975,1200,,3.5772663520913945,0.008714467352140655,1.0,,,,False,1,No solution exists for discriminant 
0.358975,1225,,3.5772663520913945,0.008714467352140655,1.0,,,,False,1,No solution exists for discriminant 
0.358975,1250,,3.5772663520913945,0.008714467352140655,1.0,,,,False,1,No solution exists for discriminant 
0.358975,1275,,3.5772663520913945,0.008714467352140655,1.0,,,,False,1,No solution exists for discriminant 
0.358975,1300,,3.5772663520913945,0.008714467352140655,1.0,,,,False,1,No solution exists for discriminant 
0.358975,1325,,3.5772663520913945,0.008714467352140655,1.0,,,,False,1,No solution exists for discriminant 
0.358975,1350,,3.5772663520913945,0.008714467352140655,1.0,,,,False,1,No solution exists for discriminant 
0.358975,1375,,3.5772663520913945,0.008714467352140655,1.0,,,,False,1,No solution exists for discriminant 
0.358975,1400,,3.5772663520913945,0.008714467352140655,1.0,,,,False,1,No solution exists for discriminant 
0.358975,1425,,3.5772663520913945,0.008714467352140655,1.0,,,,False,1,No solution exists for discriminant 
0.358975,1450,,3.5772663520913945,0.008714467352140655,1.0,,,,False,1,No solution exists for discriminant 
0.358975,1475,,3.5772663520913945,0.008714467352140655,1.0,,,,False,1,No solution exists for discriminant 
0.358975,1500,,3.5772663520913945,0.008714467352140655,1.0,,,,False,1,No solution exists for discriminant 
0.358975,1525,,3.5772663520913945,0.008714467352140655,1.0,,,,False,1,No solution exists for discriminant 
0.38461599999999996,-100,-25.925925925925927,3.6046013362503047,0.008842097229425836,4.345760714423532,3.8338408940502338,-99.39587503093199,-0.6041249690680104,True,2,
0.38461599999999996,-75,-19.841070332152913,3.6046013362503047,0.008842097229425841,3.306845055358819,3.780038009263077,-75.0,0.0,True,2,
0.38461599999999996,-50,-13.428802753439431,3.6046013362503047,0.008842097229425841,2.238133792239905,3.7233401158709976,-49.99999999999994,-5.684341886080802e-14,True,2,
0.38461599999999996,-25,-6.821436619379999,3.6046013362503047,0.008842097229425838,1.1369061032299999,3.6649171420832287,-25.00000000000003,2.842170943040401e-14,True,2,
0.38461599999999996,0,0.0,3.6046013362503047,0.00884209722942584,0.0,3.6046013362503047,0.0,0.0,True,1,
0.38461599999999996,25,7.057768968922809,3.6046013362503047,0.008842097229425838,1.1762948281538015,3.5421958568042644,25.000000000000078,-7.815970093361102e-14,True,2,
0.38461599999999996,50,14.378280925792723,3.6046013362503047,0.008842097229425838,2.3963801542987873,3.4774671783124464,50.00000000000009,-9.237055564881302e-14,True,2,
0.38461599999999996,75,21.99326586623418,3.6046013362503047,0.008842097229425841,3.66554431103903,3.4101347410684495,75.00000000000006,-5.684341886080802e-14,True,2,
0.38461599999999996,100,29.94140605078108,3.6046013362503047,0.008842097229425843,4.990234341796847,3.3398565127635793,100.00000000000003,-2.842170943040401e-14,True,2,
0.38461599999999996,125,38.270676163217736,3.6046013362503047,0.008842097229425845,6.378446027202956,3.266208296579263,125.00000000000001,-1.4210854715202004e-14,True,2,
0.38461599999999996,150,47.0418055750187,3.6046013362503047,0.008842097229425843,7.840300929169783,3.1886531175082427,150.0,0.0,True,2,
0.38461599999999996,175,56.333600057773886,3.6046013362503047,0.008842097229425841,9.388933342962314,3.106494167255879,175.00000000000003,-2.842170943040401e-14,True,2,
0.38461599999999996,200,66.25151205474609,3.6046013362503047,0.008842097229425843,11.041918675791015,3.0187990250657615,200.00000000000003,-2.842170943040401e-14,True,2,
0.38461599999999996,225,76.9422721068346,3.6046013362503047,0.008842097229425845,12.823712017805766,2.924270285228733,224.99999999999997,2.842170943040401e-14,True,2,
0.38461599999999996,250,88.62082411943283,3.6046013362503047,0.008842097229425845,14.770137353238804,2.8210073928344324,249.99999999999997,2.842170943040401e-14,True,2,
0.38461599999999996,275,101.62521674838258,3.6046013362503047,0.008842097229425843,16.937536124730432,2.70602128879963,275.0,0.0,True,2,
0.38461599999999996,300,116.54604865020863,3.6046013362503047,0.008842097229425843,19.42434144170144,2.5740898423797653,300.0,0.0,True,2,
0.38461599999999996,325,134.61172220375386,3.6046013362503047,0.008842097229425843,22.435287033958975,2.4143514003042514,325.0,0.0,True,2,
0.38461599999999996,350,159.51435347952867,3.6046013362503047,0.008842097229425841,26.585725579921444,2.19415991329531,350.00000000000006,-5.684341886080802e-14,True,2,
0.38461599999999996,375,,3.6046013362503047,0.00884209722942584,1.0,,,,False,1,No solution exists for discriminant 
0.38461599999999996,400,,3.6046013362503047,0.00884209722942584,1.0,,,,False,1,No solution exists for discriminant 
0.38461599999999996,425,,3.6046013362503047,0.00884209722942584,1.0,,,,False,1,No solution exists for discriminant 
0.38461599999999996,450,,3.6046013362503047,0.00884209722942584,1.0,,,,False,1,No solution exists for discriminant 
0.38461599999999996,475,,3.6046013362503047,0.00884209722942584,1.0,,,,False,1,No solution exists for discriminant 
0.38461599999999996,500,,3.6046013362503047,0.00884209722942584,1.0,,,,False,1,No solution exists for discriminant 
0.38461599999999996,525,,3.6046013362503047,0.00884209722942584,1.0,,,,False,1,No solution exists for discriminant 
0.38461599999999996,550,,3.6046013362503047,0.00884209722942584,1.0,,,,False,1,No solution exists for discriminant 
0.38461599999999996,575,,3.6046013362503047,0.00884209722942584,1.0,,,,False,1,No solution exists for discriminant 
0.38461599999999996,600,,3.6046013362503047,0.00884209722942584,1.0,,,,False,1,No solution exists for discriminant 
0.38461599999999996,625,,3.6046013362503047,0.00884209722942584,1.0,,,,False,1,No solution exists for discriminant 
0.38461599999999996,650,,3.6046013362503047,0.00884209722942584,1.0,,,,False,1,No solution exists for discriminant 
0.38461599999999996,675,,3.6046013362503047,0.00884209722942584,1.0,,,,False,1,No solution exists for discriminant 
0.38461599999999996,700,,3.6046013362503047,0.00884209722942584,1.0,,,,False,1,No solution exists for discriminant 
0.38461599999999996,725,,3.6046013362503047,0.00884209722942584,1.0,,,,False,1,No solution exists for discriminant 
0.38461599999999996,750,,3.6046013362503047,0.00884209722942584,1.0,,,,False,1,No solution exists for discriminant 
0.38461599999999996,775,,3.6046013362503047,0.00884209722942584,1.0,,,,False,1,No solution exists for discriminant 
0.38461599999999996,800,,3.6046013362503047,0.00884209722942584,1.0,,,,False,1,No solution exists for discriminant 
0.38461599999999996,825,,3.6046013362503047,0.00884209722942584,1.0,,,,False,1,No solution exists for discriminant 
0.38461599999999996,850,,3.6046013362503047,0.00884209722942584,1.0,,,,False,1,No solution exists for discriminant 
0.38461599999999996,875,,3.6046013362503047,0.00884209722942584,1.0,,,,False,1,No solution exists for discriminant 
0.38461599999999996,900,,3.6046013362503047,0.00884209722942584,1.0,,,,False,1,No solution exists for discriminant 
0.38461599999999996,925,,3.6046013362503047,0.00884209722942584,1.0,,,,False,1,No solution exists for discriminant 
0.38461599999999996,950,,3.6046013362503047,0.00884209722942584,1.0,,,,False,1,No solution exists for discriminant 
0.38461599999999996,975,,3.6046013362503047,0.00884209722942584,1.0,,,,False,1,No solution exists for discriminant 
0.38461599999999996,1000,,3.6046013362503047,0.00884209722942584,1.0,,,,False,1,No solution exists for discriminant 
0.38461599999999996,1025,,3.6046013362503047,0.00884209722942584,1.0,,,,False,1,No solution exists for discriminant 
0.38461599999999996,1050,,3.6046013362503047,0.00884209722942584,1.0,,,,False,1,No solution exists for discriminant 
0.38461599999999996,1075,,3.6046013362503047,0.00884209722942584,1.0,,,,False,1,No solution exists for discriminant 
0.38461599999999996,1100,,3.6046013362503047,0.00884209722942584,1.0,,,,False,1,No solution exists for discriminant 
0.38461599999999996,1125,,3.6046013362503047,0.00884209722942584,1.0,,,,False,1,No solution exists for discriminant 
0.38461599999999996,1150,,3.6046013362503047,0.00884209722942584,1.0,,,,False,1,No solution exists for discriminant 
0.38461599999999996,1175,,3.6046013362503047,0.00884209722942584,1.0,,,,False,1,No solution exists for discriminant 
0.38461599999999996,1200,,3.6046013362503047,0.00884209722942584,1.0,,,,False,1,No solution exists for discriminant 
0.38461599999999996,1225,,3.6046013362503047,0.00884209722942584,1.0,,,,False,1,No solution exists for discriminant 
0.38461599999999996,1250,,3.6046013362503047,0.00884209722942584,1.0,,,,False,1,No solution exists for discriminant 
0.38461599999999996,1275,,3.6046013362503047,0.00884209722942584,1.0,,,,False,1,No solution exists for discriminant 
0.38461599999999996,1300,,3.6046013362503047,0.00884209722942584,1.0,,,,False,1,No solution exists for discriminant 
0.38461599999999996,1325,,3.6046013362503047,0.00884209722942584,1.0,,,,False,1,No solution exists for discriminant 
0.38461599999999996,1350,,3.6046013362503047,0.00884209722942584,1.0,,,,False,1,No solution exists for discriminant 
0.38461599999999996,1375,,3.6046013362503047,0.00884209722942584,1.0,,,,False,1,No solution exists for discriminant 
0.38461599999999996,1400,,3.6046013362503047,0.00884209722942584,1.0,,,,False,1,No solution exists for discriminant 
0.38461599999999996,1425,,3.6046013362503047,0.00884209722942584,1.0,,,,False,1,No solution exists for discriminant 
0.38461599999999996,1450,,3.6046013362503047,0.00884209722942584,1.0,,,,False,1,No solution exists for discriminant 
0.38461599999999996,1475,,3.6046013362503047,0.00884209722942584,1.0,,,,False,1,No solution exists for discriminant 
0.38461599999999996,1500,,3.6046013362503047,0.00884209722942584,1.0,,,,False,1,No solution exists for discriminant 
0.38461599999999996,1525,,3.6046013362503047,0.00884209722942584,1.0,,,,False,1,No solution exists for discriminant 
0.410257,-100,-25.8940654152235,3.630258394136998,0.008945306783000153,4.315677569203917,3.8618887531352466,-100.0,0.0,True,2,
0.410257,-75,-19.70309474216978,3.630258394136998,0.008945306783000154,3.2838491236949636,3.806508621180224,-75.00000000000001,1.4210854715202004e-14,True,2,
0.410257,-50,-13.334956048390117,3.630258394136998,0.008945306783000153,2.222492674731686,3.7495436669276714,-50.00000000000001,7.105427357601002e-15,True,2,
0.410257,-25,-6.773508367023184,3.630258394136998,0.008945306783000154,1.1289180611705307,3.6908495044772387,-24.99999999999995,-4.973799150320701e-14,True,2,
0.410257,0,0.0,3.630258394136998,0.008945306783000153,0.0,3.630258394136998,0.0,0.0,True,1,
0.410257,25,7.00756393806351,3.630258394136998,0.008945306783000153,1.1679273230105849,3.5675735849095314,24.99999999999999,1.0658141036401503e-14,True,2,
0.410257,50,14.275265759830505,3.630258394136998,0.008945306783000154,2.379210959971751,3.5025617625064562,50.0,0.0,True,2,
0.410257,75,21.834424950107785,3.630258394136998,0.008945306783000154,3.639070825017964,3.434942764527891,75.0,0.0,True,2,
0.410257,100,29.723200491431697,3.630258394136998,0.008945306783000154,4.95386674857195,3.3643752471685207,100.00000000000001,-1.4210854715202004e-14,True,2,
0.410257,125,37.988884656402796,3.630258394136998,0.008945306783000156,6.331480776067132,3.2904361665414674,124.99999999999999,1.4210854715202004e-14,True,2,
0.410257,150,46.691292218565124,3.630258394136998,0.008945306783000156,7.781882036427521,3.212590461147225,149.99999999999997,2.842170943040401e-14,True,2,
0.410257,175,55.90796161415414,3.630258394136998,0.008945306783000158,9.317993602359023,3.130144525886193,174.99999999999997,2.842170943040401e-14,True,2,
0.410257,200,65.7425146785448,3.630258394136998,0.008945306783000153,10.957085779757465,3.042171431651524,199.99999999999994,5.684341886080802e-14,True,2,
0.410257,225,76.33889322187359,3.630258394136998,0.008945306783000158,12.723148870312265,2.9473835747926476,225.0,0.0,True,2,
0.410257,250,87.90748196331491,3.630258394136998,0.00894530678300016,14.651246993885819,2.843898999454093,250.0,0.0,True,2,
0.410257,275,100.77810484023367,3.630258394136998,0.00894530678300016,16.79635080670561,2.7287673293317547,275.0,0.0,True,2,
0.410257,300,115.52416375261313,3.630258394136998,0.008945306783000158,19.25402729210219,2.596859308520327,299.99999999999994,5.684341886080802e-14,True,2,
0.410257,325,133.32788996179895,3.630258394136998,0.008945306783000154,22.221314993633158,2.43759951569862,325.0,0.0,True,2,
0.410257,350,157.6650031255128,3.630258394136998,0.008945306783000154,26.277500520918803,2.2198965722366077,349.99999999999994,5.684341886080802e-14,True,2,
0.410257,375,,3.630258394136998,0.008945306783000151,1.0,,,,False,1,No solution exists for discriminant 
0.410257,400,,3.630258394136998,0.008945306783000151,1.0,,,,False,1,No solution exists for discriminant 
0.410257,425,,3.630258394136998,0.008945306783000151,1.0,,,,False,1,No solution exists for discriminant 
0.410257,450,,3.630258394136998,0.008945306783000151,1.0,,,,False,1,No solution exists for discriminant 
0.410257,475,,3.630258394136998,0.008945306783000151,1.0,,,,False,1,No solution exists for discriminant 
0.410257,500,,3.630258394136998,0.008945306783000151,1.0,,,,False,1,No solution exists for discriminant 
0.410257,525,,3.630258394136998,0.008945306783000151,1.0,,,,False,1,No solution exists for discriminant 
0.410257,550,,3.630258394136998,0.008945306783000151,1.0,,,,False,1,No solution exists for discriminant 
0.410257,575,,3.630258394136998,0.008945306783000151,1.0,,,,False,1,No solution exists for discriminant 
0.410257,600,,3.630258394136998,0.008945306783000151,1.0,,,,False,1,No solution exists for discriminant 
0.410257,625,,3.630258394136998,0.008945306783000151,1.0,,,,False,1,No solution exists for discriminant 
0.410257,650,,3.630258394136998,0.008945306783000151,1.0,,,,False,1,No solution exists for discriminant 
0.410257,675,,3.630258394136998,0.008945306783000151,1.0,,,,False,1,No solution exists for discriminant 
0.410257,700,,3.630258394136998,0.008945306783000151,1.0,,,,False,1,No solution exists for discriminant 
0.410257,725,,3.630258394136998,0.008945306783000151,1.0,,,,False,1,No solution exists for discriminant 
0.410257,750,,3.630258394136998,0.008945306783000151,1.0,,,,False,1,No solution exists for discriminant 
0.410257,775,,3.630258394136998,0.008945306783000151,1.0,,,,False,1,No solution exists for discriminant 
0.410257,800,,3.630258394136998,0.008945306783000151,1.0,,,,False,1,No solution exists for discriminant 
0.410257,825,,3.630258394136998,0.008945306783000151,1.0,,,,False,1,No solution exists for discriminant 
0.410257,850,,3.630258394136998,0.008945306783000151,1.0,,,,False,1,No solution exists for discriminant 
0.410257,875,,3.630258394136998,0.008945306783000151,1.0,,,,False,1,No solution exists for discriminant 
0.410257,900,,3.630258394136998,0.008945306783000151,1.0,,,,False,1,No solution exists for discriminant 
0.410257,925,,3.630258394136998,0.008945306783000151,1.0,,,,False,1,No solution exists for discriminant 
0.410257,950,,3.630258394136998,0.008945306783000151,1.0,,,,False,1,No solution exists for discriminant 
0.410257,975,,3.630258394136998,0.008945306783000151,1.0,,,,False,1,No solution exists for discriminant 
0.410257,1000,,3.630258394136998,0.008945306783000151,1.0,,,,False,1,No solution exists for discriminant 
0.410257,1025,,3.630258394136998,0.008945306783000151,1.0,,,,False,1,No solution exists for discriminant 
0.410257,1050,,3.630258394136998,0.008945306783000151,1.0,,,,False,1,No solution exists for discriminant 
0.410257,1075,,3.630258394136998,0.008945306783000151,1.0,,,,False,1,No solution exists for discriminant 
0.410257,1100,,3.630258394136998,0.008945306783000151,1.0,,,,False,1,No solution exists for discriminant 
0.410257,1125,,3.630258394136998,0.008945306783000151,1.0,,,,False,1,No solution exists for discriminant 
0.410257,1150,,3.630258394136998,0.008945306783000151,1.0,,,,False,1,No solution exists for discriminant 
0.410257,1175,,3.630258394136998,0.008945306783000151,1.0,,,,False,1,No solution exists for discriminant 
0.410257,1200,,3.630258394136998,0.008945306783000151,1.0,,,,False,1,No solution exists for discriminant 
0.410257,1225,,3.630258394136998,0.008945306783000151,1.0,,,,False,1,No solution exists for discriminant 
0.410257,1250,,3.630258394136998,0.008945306783000151,1.0,,,,False,1,No solution exists for discriminant 
0.410257,1275,,3.630258394136998,0.008945306783000151,1.0,,,,False,1,No solution exists for discriminant 
0.410257,1300,,3.630258394136998,0.008945306783000151,1.0,,,,False,1,No solution exists for discriminant 
0.410257,1325,,3.630258394136998,0.008945306783000151,1.0,,,,False,1,No solution exists for discriminant 
0.410257,1350,,3.630258394136998,0.008945306783000151,1.0,,,,False,1,No solution exists for discriminant 
0.410257,1375,,3.630258394136998,0.008945306783000151,1.0,,,,False,1,No solution exists for discriminant 
0.410257,1400,,3.630258394136998,0.008945306783000151,1.0,,,,False,1,No solution exists for discriminant 
0.410257,1425,,3.630258394136998,0.008945306783000151,1.0,,,,False,1,No solution exists for discriminant 
0.410257,1450,,3.630258394136998,0.008945306783000151,1.0,,,,False,1,No solution exists for discriminant 
0.410257,1475,,3.630258394136998,0.008945306783000151,1.0,,,,False,1,No solution exists for discriminant 
0.410257,1500,,3.630258394136998,0.008945306783000151,1.0,,,,False,1,No solution exists for discriminant 
0.410257,1525,,3.630258394136998,0.008945306783000151,1.0,,,,False,1,No solution exists for discriminant 
0.435898,-100,-25.720085249929927,3.6547877420194435,0.009067786988576803,4.286680874988321,3.8880119963938444,-99.99999999999993,-7.105427357601002e-14,True,2,
0.435898,-75,-19.570742796206225,3.6547877420194435,0.009067786988576805,3.261790466034371,3.8322510689036653,-75.00000000000001,1.4210854715202004e-14,True,2,
0.435898,-50,-13.24540417459055,3.6547877420194435,0.009067786988576803,2.2075673624317584,3.7748942456522365,-49.99999999999998,-2.1316282072803006e-14,True,2,
0.435898,-25,-6.728033300893215,3.6547877420194435,0.009067786988576807,1.1213388834822025,3.7157961148439944,-25.000000000000025,2.4868995751603507e-14,True,2,
0.435898,0,0.0,3.6547877420194435,0.009067786988576802,0.0,3.6547877420194435,0.0,0.0,True,1,
0.435898,25,6.960548503124203,3.6547877420194435,0.0090677869885768,1.160091417187367,3.591670970869456,25.000000000000046,-4.618527782440651e-14,True,2,
0.435898,50,14.179526584841442,3.6547877420194435,0.009067786988576807,2.363254430806907,3.5262108153492395,49.99999999999996,4.263256414560601e-14,True,2,
0.435898,75,21.6880528806963,3.6547877420194435,0.009067786988576807,3.61467548011605,3.4581250983003,75.0,0.0,True,2,
0.435898,100,29.524042810436093,3.6547877420194435,0.009067786988576805,4.9206738017393485,3.3870700107727867,100.0,0.0,True,2,
0.435898,125,37.73448846807736,3.6547877420194435,0.009067786988576805,6.289081411346227,3.31261943846801,125.00000000000003,-2.842170943040401e-14,True,2,
0.435898,150,46.37882751533029,3.6547877420194435,0.009067786988576802,7.729804585888382,3.2342344133304834,149.99999999999994,5.684341886080802e-14,True,2,
0.435898,175,55.53411357890796,3.6547877420194435,0.009067786988576809,9.25568559648466,3.151216229486475,175.0,0.0,True,2,
0.435898,200,65.30332736327865,3.6547877420194435,0.009067786988576807,10.883887893879775,3.062631079843934,200.00000000000003,-2.842170943040401e-14,True,2,
0.435898,225,75.82953219800386,3.6547877420194435,0.009067786988576809,12.638255366333977,2.967181696604518,225.00000000000003,-2.842170943040401e-14,True,2,
0.435898,250,87.32185257581524,3.6547877420194435,0.009067786988576805,14.553642095969208,2.862971783414044,249.99999999999997,2.842170943040401e-14,True,2,
0.435898,275,100.10818951720486,3.6547877420194435,0.009067786988576807,16.684698252867477,2.7470280036653523,275.0,0.0,True,2,
0.435898,300,114.75874304976006,3.6547877420194435,0.009067786988576807,19.12645717496001,2.6141799049674,300.00000000000006,-5.684341886080802e-14,True,2,
0.435898,325,132.4496594485457,3.6547877420194435,0.009067786988576807,22.074943241424283,2.4537624434304917,325.0,0.0,True,2,
0.435898,350,156.64255785556747,3.6547877420194435,0.009067786988576803,26.107092975927912,2.2343863940393396,350.00000000000006,-5.684341886080802e-14,True,2,
0.435898,375,,3.6547877420194435,0.009067786988576803,1.0,,,,False,1,No solution exists for discriminant 
0.435898,400,,3.6547877420194435,0.009067786988576803,1.0,,,,False,1,No solution exists for discriminant 
0.435898,425,,3.6547877420194435,0.009067786988576803,1.0,,,,False,1,No solution exists for discriminant 
0.435898,450,,3.6547877420194435,0.009067786988576803,1.0,,,,False,1,No solution exists for discriminant 
0.435898,475,,3.6547877420194435,0.009067786988576803,1.0,,,,False,1,No solution exists for discriminant 
0.435898,500,,3.6547877420194435,0.009067786988576803,1.0,,,,False,1,No solution exists for discriminant 
0.435898,525,,3.6547877420194435,0.009067786988576803,1.0,,,,False,1,No solution exists for discriminant 
0.435898,550,,3.6547877420194435,0.009067786988576803,1.0,,,,False,1,No solution exists for discriminant 
0.435898,575,,3.6547877420194435,0.009067786988576803,1.0,,,,False,1,No solution exists for discriminant 
0.435898,600,,3.6547877420194435,0.009067786988576803,1.0,,,,False,1,No solution exists for discriminant 
0.435898,625,,3.6547877420194435,0.009067786988576803,1.0,,,,False,1,No solution exists for discriminant 
0.435898,650,,3.6547877420194435,0.009067786988576803,1.0,,,,False,1,No solution exists for discriminant 
0.435898,675,,3.6547877420194435,0.009067786988576803,1.0,,,,False,1,No solution exists for discriminant 
0.435898,700,,3.6547877420194435,0.009067786988576803,1.0,,,,False,1,No solution exists for discriminant 
0.435898,725,,3.6547877420194435,0.009067786988576803,1.0,,,,False,1,No solution exists for discriminant 
0.435898,750,,3.6547877420194435,0.009067786988576803,1.0,,,,False,1,No solution exists for discriminant 
0.435898,775,,3.6547877420194435,0.009067786988576803,1.0,,,,False,1,No solution exists for discriminant 
0.435898,800,,3.6547877420194435,0.009067786988576803,1.0,,,,False,1,No solution exists for discriminant 
0.435898,825,,3.6547877420194435,0.009067786988576803,1.0,,,,False,1,No solution exists for discriminant 
0.435898,850,,3.6547877420194435,0.009067786988576803,1.0,,,,False,1,No solution exists for discriminant 
0.435898,875,,3.6547877420194435,0.009067786988576803,1.0,,,,False,1,No solution exists for discriminant 
0.435898,900,,3.6547877420194435,0.009067786988576803,1.0,,,,False,1,No solution exists for discriminant 
0.435898,925,,3.6547877420194435,0.009067786988576803,1.0,,,,False,1,No solution exists for discriminant 
0.435898,950,,3.6547877420194435,0.009067786988576803,1.0,,,,False,1,No solution exists for discriminant 
0.435898,975,,3.6547877420194435,0.009067786988576803,1.0,,,,False,1,No solution exists for discriminant 
0.435898,1000,,3.6547877420194435,0.009067786988576803,1.0,,,,False,1,No solution exists for discriminant 
0.435898,1025,,3.6547877420194435,0.009067786988576803,1.0,,,,False,1,No solution exists for discriminant 
0.435898,1050,,3.6547877420194435,0.009067786988576803,1.0,,,,False,1,No solution exists for discriminant 
0.435898,1075,,3.6547877420194435,0.009067786988576803,1.0,,,,False,1,No solution exists for discriminant 
0.435898,1100,,3.6547877420194435,0.009067786988576803,1.0,,,,False,1,No solution exists for discriminant 
0.435898,1125,,3.6547877420194435,0.009067786988576803,1.0,,,,False,1,No solution exists for discriminant 
0.435898,1150,,3.6547877420194435,0.009067786988576803,1.0,,,,False,1,No solution exists for discriminant 
0.435898,1175,,3.6547877420194435,0.009067786988576803,1.0,,,,False,1,No solution exists for discriminant 
0.435898,1200,,3.6547877420194435,0.009067786988576803,1.0,,,,False,1,No solution exists for discriminant 
0.435898,1225,,3.6547877420194435,0.009067786988576803,1.0,,,,False,1,No solution exists for discriminant 
0.435898,1250,,3.6547877420194435,0.009067786988576803,1.0,,,,False,1,No solution exists for discriminant 
0.435898,1275,,3.6547877420194435,0.009067786988576803,1.0,,,,False,1,No solution exists for discriminant 
0.435898,1300,,3.6547877420194435,0.009067786988576803,1.0,,,,False,1,No solution exists for discriminant 
0.435898,1325,,3.6547877420194435,0.009067786988576803,1.0,,,,False,1,No solution exists for discriminant 
0.435898,1350,,3.6547877420194435,0.009067786988576803,1.0,,,,False,1,No solution exists for discriminant 
0.435898,1375,,3.6547877420194435,0.009067786988576803,1.0,,,,False,1,No solution exists for discriminant 
0.435898,1400,,3.6547877420194435,0.009067786988576803,1.0,,,,False,1,No solution exists for discriminant 
0.435898,1425,,3.6547877420194435,0.009067786988576803,1.0,,,,False,1,No solution exists for discriminant 
0.435898,1450,,3.6547877420194435,0.009067786988576803,1.0,,,,False,1,No solution exists for discriminant 
0.435898,1475,,3.6547877420194435,0.009067786988576803,1.0,,,,False,1,No solution exists for discriminant 
0.435898,1500,,3.6547877420194435,0.009067786988576803,1.0,,,,False,1,No solution exists for discriminant 
0.435898,1525,,3.6547877420194435,0.009067786988576803,1.0,,,,False,1,No solution exists for discriminant 
0.461539,-100,-25.54048255942668,3.6794563489140213,0.009236178461326957,4.25674709323778,3.915352803821295,-100.00000000000014,1.4210854715202004e-13,True,2,
0.461539,-75,-19.43526834140844,3.6794563489140213,0.009236178461326955,3.23921139023474,3.8589639557590476,-75.0000000000001,9.947598300641403e-14,True,2,
0.461539,-50,-13.154590529978673,3.6794563489140213,0.009236178461326959,2.1924317549964454,3.8009544946345857,-49.99999999999999,-7.105427357601002e-15,True,2,
0.461539,-25,-6.682390597223039,3.6794563489140213,0.009236178461326953,1.1137317662038397,3.7411761010182665,-25.000000000000014,1.4210854715202004e-14,True,2,
0.461539,0,0.0,3.6794563489140213,0.009236178461326953,0.0,3.6794563489140213,0.0,0.0,True,1,
0.461539,25,6.914495391876945,3.6794563489140213,0.009236178461326957,1.1524158986461575,3.615592835504623,25.000000000000014,-1.4210854715202004e-14,True,2,
0.461539,50,14.087104886211268,3.6794563489140213,0.009236178461326955,2.347850814368545,3.549345334181543,49.99999999999998,2.1316282072803006e-14,True,2,
0.461539,75,21.549091861879457,3.6794563489140213,0.009236178461326959,3.591515310313243,3.480425090798174,75.0,0.0,True,2,
0.461539,100,29.338591852370243,3.6794563489140213,0.009236178461326957,4.889765308728374,3.4084798787614967,99.99999999999996,4.263256414560601e-14,True,2,
0.461539,125,37.50293395065312,3.6794563489140213,0.009236178461326957,6.25048899177552,3.3330725581224314,124.99999999999999,1.4210854715202004e-14,True,2,
0.461539,150,46.10207971390713,3.6794563489140213,0.009236178461326953,7.683679952317855,3.253649313238054,149.99999999999994,5.684341886080802e-14,True,2,
0.461539,175,55.21391713465145,3.6794563489140213,0.009236178461326957,9.20231952244191,3.169490756709462,174.99999999999997,2.842170943040401e-14,True,2,
0.461539,200,64.94280250789909,3.6794563489140213,0.009236178461326959,10.82380041798318,3.0796330351723533,200.0,0.0,True,2,
0.461539,225,75.43417870800258,3.6794563489140213,0.009236178461326959,12.57236311800043,2.9827328122832792,225.0,0.0,True,2,
0.461539,250,86.90157213341385,3.6794563489140213,0.009236178461326955,14.483595355568974,2.8768179201199335,250.0,0.0,True,2,
0.461539,275,99.68185304903837,3.6794563489140213,0.009236178461326955,16.61364217483973,2.7587769647973346,275.0,0.0,True,2,
0.461539,300,114.36641379084278,3.6794563489140213,0.009236178461326957,19.061068965140464,2.623147741159833,300.0,0.0,True,2,
0.461539,325,132.19602718778313,3.6794563489140213,0.009236178461326953,22.032671197963854,2.4584702499292264,325.0,0.0,True,2,
0.461539,350,156.98449669768885,3.6794563489140213,0.009236178461326953,26.164082782948142,2.229519521752575,349.99999999999994,5.684341886080802e-14,True,2,
0.461539,375,,3.6794563489140213,0.009236178461326957,1.0,,,,False,1,No solution exists for discriminant 
0.461539,400,,3.6794563489140213,0.009236178461326957,1.0,,,,False,1,No solution exists for discriminant 
0.461539,425,,3.6794563489140213,0.009236178461326957,1.0,,,,False,1,No solution exists for discriminant 
0.461539,450,,3.6794563489140213,0.009236178461326957,1.0,,,,False,1,No solution exists for discriminant 
0.461539,475,,3.6794563489140213,0.009236178461326957,1.0,,,,False,1,No solution exists for discriminant 
0.461539,500,,3.6794563489140213,0.009236178461326957,1.0,,,,False,1,No solution exists for discriminant 
0.461539,525,,3.6794563489140213,0.009236178461326957,1.0,,,,False,1,No solution exists for discriminant 
0.461539,550,,3.6794563489140213,0.009236178461326957,1.0,,,,False,1,No solution exists for discriminant 
0.461539,575,,3.6794563489140213,0.009236178461326957,1.0,,,,False,1,No solution exists for discriminant 
0.461539,600,,3.6794563489140213,0.009236178461326957,1.0,,,,False,1,No solution exists for discriminant 
0.461539,625,,3.6794563489140213,0.009236178461326957,1.0,,,,False,1,No solution exists for discriminant 
0.461539,650,,3.6794563489140213,0.009236178461326957,1.0,,,,False,1,No solution exists for discriminant 
0.461539,675,,3.6794563489140213,0.009236178461326957,1.0,,,,False,1,No solution exists for discriminant 
0.461539,700,,3.6794563489140213,0.009236178461326957,1.0,,,,False,1,No solution exists for discriminant 
0.461539,725,,3.6794563489140213,0.009236178461326957,1.0,,,,False,1,No solution exists for discriminant 
0.461539,750,,3.6794563489140213,0.009236178461326957,1.0,,,,False,1,No solution exists for discriminant 
0.461539,775,,3.6794563489140213,0.009236178461326957,1.0,,,,False,1,No solution exists for discriminant 
0.461539,800,,3.6794563489140213,0.009236178461326957,1.0,,,,False,1,No solution exists for discriminant 
0.461539,825,,3.6794563489140213,0.009236178461326957,1.0,,,,False,1,No solution exists for discriminant 
0.461539,850,,3.6794563489140213,0.009236178461326957,1.0,,,,False,1,No solution exists for discriminant 
0.461539,875,,3.6794563489140213,0.009236178461326957,1.0,,,,False,1,No solution exists for discriminant 
0.461539,900,,3.6794563489140213,0.009236178461326957,1.0,,,,False,1,No solution exists for discriminant 
0.461539,925,,3.6794563489140213,0.009236178461326957,1.0,,,,False,1,No solution exists for discriminant 
0.461539,950,,3.6794563489140213,0.009236178461326957,1.0,,,,False,1,No solution exists for discriminant 
0.461539,975,,3.6794563489140213,0.009236178461326957,1.0,,,,False,1,No solution exists for discriminant 
0.461539,1000,,3.6794563489140213,0.009236178461326957,1.0,,,,False,1,No solution exists for discriminant 
0.461539,1025,,3.6794563489140213,0.009236178461326957,1.0,,,,False,1,No solution exists for discriminant 
0.461539,1050,,3.6794563489140213,0.009236178461326957,1.0,,,,False,1,No solution exists for discriminant 
0.461539,1075,,3.6794563489140213,0.009236178461326957,1.0,,,,False,1,No solution exists for discriminant 
0.461539,1100,,3.6794563489140213,0.009236178461326957,1.0,,,,False,1,No solution exists for discriminant 
0.461539,1125,,3.6794563489140213,0.009236178461326957,1.0,,,,False,1,No solution exists for discriminant 
0.461539,1150,,3.6794563489140213,0.009236178461326957,1.0,,,,False,1,No solution exists for discriminant 
0.461539,1175,,3.6794563489140213,0.009236178461326957,1.0,,,,False,1,No solution exists for discriminant 
0.461539,1200,,3.6794563489140213,0.009236178461326957,1.0,,,,False,1,No solution exists for discriminant 
0.461539,1225,,3.6794563489140213,0.009236178461326957,1.0,,,,False,1,No solution exists for discriminant 
0.461539,1250,,3.6794563489140213,0.009236178461326957,1.0,,,,False,1,No solution exists for discriminant 
0.461539,1275,,3.6794563489140213,0.009236178461326957,1.0,,,,False,1,No solution exists for discriminant 
0.461539,1300,,3.6794563489140213,0.009236178461326957,1.0,,,,False,1,No solution exists for discriminant 
0.461539,1325,,3.6794563489140213,0.009236178461326957,1.0,,,,False,1,No solution exists for discriminant 
0.461539,1350,,3.6794563489140213,0.009236178461326957,1.0,,,,False,1,No solution exists for discriminant 
0.461539,1375,,3.6794563489140213,0.009236178461326957,1.0,,,,False,1,No solution exists for discriminant 
0.461539,1400,,3.6794563489140213,0.009236178461326957,1.0,,,,False,1,No solution exists for discriminant 
0.461539,1425,,3.6794563489140213,0.009236178461326957,1.0,,,,False,1,No solution exists for discriminant 
0.461539,1450,,3.6794563489140213,0.009236178461326957,1.0,,,,False,1,No solution exists for discriminant 
0.461539,1475,,3.6794563489140213,0.009236178461326957,1.0,,,,False,1,No solution exists for discriminant 
0.461539,1500,,3.6794563489140213,0.009236178461326957,1.0,,,,False,1,No solution exists for discriminant 
0.461539,1525,,3.6794563489140213,0.009236178461326957,1.0,,,,False,1,No solution exists for discriminant 
0.48718,-100,-25.364111145318727,3.7042997853665263,0.00939432657131858,4.2273518575531215,3.9425785286568718,-100.00000000000007,7.105427357601002e-14,True,2,
0.48718,-75,-19.301898587262762,3.7042997853665263,0.00939432657131858,3.216983097877127,3.8856281241417454,-75.00000000000001,1.4210854715202004e-14,True,2,
0.48718,-50,-13.064940758797311,3.7042997853665263,0.009394326571318577,2.1774901264662185,3.827036105489599,-49.999999999999986,-1.4210854715202004e-14,True,2,
0.48718,-25,-6.637194413365186,3.7042997853665263,0.009394326571318577,1.1061990688941976,3.76665175720301,-24.99999999999998,-2.1316282072803006e-14,True,2,
0.48718,0,0.0,3.7042997853665263,0.009394326571318576,0.0,3.7042997853665263,0.0,0.0,True,1,
0.48718,25,6.868557735841224,3.7042997853665263,0.00939432657131858,1.1447596226402041,3.6397743109220775,24.999999999999996,3.552713678800501e-15,True,2,
0.48718,50,13.994505294285625,3.7042997853665263,0.009394326571318579,2.3324175490476042,3.57283083242796,50.00000000000001,-7.105427357601002e-15,True,2,
0.48718,75,21.409148739998045,3.7042997853665263,0.009394326571318577,3.568191456666341,3.503175250489051,75.0,0.0,True,2,
0.48718,100,29.15070706259987,3.7042997853665263,0.009394326571318579,4.858451177099979,3.4304485234356203,100.00000000000004,-4.263256414560601e-14,True,2,
0.48718,125,37.26665906379791,3.7042997853665263,0.009394326571318577,6.211109843966319,3.3542046198992193,125.00000000000006,-5.684341886080802e-14,True,2,
0.48718,150,45.817226303055556,3.7042997853665263,0.009394326571318579,7.636204383842593,3.273877798883615,150.0,0.0,True,2,
0.48718,175,54.88074661311283,3.7042997853665263,0.00939432657131858,9.146791102185471,3.1887321292051585,175.00000000000006,-5.684341886080802e-14,True,2,
0.48718,200,64.56236780985817,3.7042997853665263,0.009394326571318579,10.760394634976363,3.0977798179431324,200.0,0.0,True,2,
0.48718,225,75.00897710871766,3.7042997853665263,0.00939432657131858,12.501496184786276,2.9996409586266726,224.99999999999997,2.842170943040401e-14,True,2,
0.48718,250,86.4368980713507,3.7042997853665263,0.009394326571318582,14.40614967855845,2.8922833370724805,250.00000000000006,-5.684341886080802e-14,True,2,
0.48718,275,99.18894207468786,3.7042997853665263,0.009394326571318579,16.53149034578131,2.772486471253307,275.0,0.0,True,2,
0.48718,300,113.87112631470598,3.7042997853665263,0.009394326571318577,18.978521052450997,2.63455723772231,300.0,0.0,True,2,
0.48718,325,131.7710068390767,3.7042997853665263,0.009394326571318577,21.96183447317945,2.466399914488786,325.0,0.0,True,2,
0.48718,350,156.98103694678963,3.7042997853665263,0.009394326571318576,26.16350615779827,2.2295686587841574,350.0,0.0,True,2,
0.48718,375,,3.7042997853665263,0.009394326571318577,1.0,,,,False,1,No solution exists for discriminant 
0.48718,400,,3.7042997853665263,0.009394326571318577,1.0,,,,False,1,No solution exists for discriminant 
0.48718,425,,3.7042997853665263,0.009394326571318577,1.0,,,,False,1,No solution exists for discriminant 
0.48718,450,,3.7042997853665263,0.009394326571318577,1.0,,,,False,1,No solution exists for discriminant 
0.48718,475,,3.7042997853665263,0.009394326571318577,1.0,,,,False,1,No solution exists for discriminant 
0.48718,500,,3.7042997853665263,0.009394326571318577,1.0,,,,False,1,No solution exists for discriminant 
0.48718,525,,3.7042997853665263,0.009394326571318577,1.0,,,,False,1,No solution exists for discriminant 
0.48718,550,,3.7042997853665263,0.009394326571318577,1.0,,,,False,1,No solution exists for discriminant 
0.48718,575,,3.7042997853665263,0.009394326571318577,1.0,,,,False,1,No solution exists for discriminant 
0.48718,600,,3.7042997853665263,0.009394326571318577,1.0,,,,False,1,No solution exists for discriminant 
0.48718,625,,3.7042997853665263,0.009394326571318577,1.0,,,,False,1,No solution exists for discriminant 
0.48718,650,,3.7042997853665263,0.009394326571318577,1.0,,,,False,1,No solution exists for discriminant 
0.48718,675,,3.7042997853665263,0.009394326571318577,1.0,,,,False,1,No solution exists for discriminant 
0.48718,700,,3.7042997853665263,0.009394326571318577,1.0,,,,False,1,No solution exists for discriminant 
0.48718,725,,3.7042997853665263,0.009394326571318577,1.0,,,,False,1,No solution exists for discriminant 
0.48718,750,,3.7042997853665263,0.009394326571318577,1.0,,,,False,1,No solution exists for discriminant 
0.48718,775,,3.7042997853665263,0.009394326571318577,1.0,,,,False,1,No solution exists for discriminant 
0.48718,800,,3.7042997853665263,0.009394326571318577,1.0,,,,False,1,No solution exists for discriminant 
0.48718,825,,3.7042997853665263,0.009394326571318577,1.0,,,,False,1,No solution exists for discriminant 
0.48718,850,,3.7042997853665263,0.009394326571318577,1.0,,,,False,1,No solution exists for discriminant 
0.48718,875,,3.7042997853665263,0.009394326571318577,1.0,,,,False,1,No solution exists for discriminant 
0.48718,900,,3.7042997853665263,0.009394326571318577,1.0,,,,False,1,No solution exists for discriminant 
0.48718,925,,3.7042997853665263,0.009394326571318577,1.0,,,,False,1,No solution exists for discriminant 
0.48718,950,,3.7042997853665263,0.009394326571318577,1.0,,,,False,1,No solution exists for discriminant 
0.48718,975,,3.7042997853665263,0.009394326571318577,1.0,,,,False,1,No solution exists for discriminant 
0.48718,1000,,3.7042997853665263,0.009394326571318577,1.0,,,,False,1,No solution exists for discriminant 
0.48718,1025,,3.7042997853665263,0.009394326571318577,1.0,,,,False,1,No solution exists for discriminant 
0.48718,1050,,3.7042997853665263,0.009394326571318577,1.0,,,,False,1,No solution exists for discriminant 
0.48718,1075,,3.7042997853665263,0.009394326571318577,1.0,,,,False,1,No solution exists for discriminant 
0.48718,1100,,3.7042997853665263,0.009394326571318577,1.0,,,,False,1,No solution exists for discriminant 
0.48718,1125,,3.7042997853665263,0.009394326571318577,1.0,,,,False,1,No solution exists for discriminant 
0.48718,1150,,3.7042997853665263,0.009394326571318577,1.0,,,,False,1,No solution exists for discriminant 
0.48718,1175,,3.7042997853665263,0.009394326571318577,1.0,,,,False,1,No solution exists for discriminant 
0.48718,1200,,3.7042997853665263,0.009394326571318577,1.0,,,,False,1,No solution exists for discriminant 
0.48718,1225,,3.7042997853665263,0.009394326571318577,1.0,,,,False,1,No solution exists for discriminant 
0.48718,1250,,3.7042997853665263,0.009394326571318577,1.0,,,,False,1,No solution exists for discriminant 
0.48718,1275,,3.7042997853665263,0.009394326571318577,1.0,,,,False,1,No solution exists for discriminant 
0.48718,1300,,3.7042997853665263,0.009394326571318577,1.0,,,,False,1,No solution exists for discriminant 
0.48718,1325,,3.7042997853665263,0.009394326571318577,1.0,,,,False,1,No solution exists for discriminant 
0.48718,1350,,3.7042997853665263,0.009394326571318577,1.0,,,,False,1,No solution exists for discriminant 
0.48718,1375,,3.7042997853665263,0.009394326571318577,1.0,,,,False,1,No solution exists for discriminant 
0.48718,1400,,3.7042997853665263,0.009394326571318577,1.0,,,,False,1,No solution exists for discriminant 
0.48718,1425,,3.7042997853665263,0.009394326571318577,1.0,,,,False,1,No solution exists for discriminant 
0.48718,1450,,3.7042997853665263,0.009394326571318577,1.0,,,,False,1,No solution exists for discriminant 
0.48718,1475,,3.7042997853665263,0.009394326571318577,1.0,,,,False,1,No solution exists for discriminant 
0.48718,1500,,3.7042997853665263,0.009394326571318577,1.0,,,,False,1,No solution exists for discriminant 
0.48718,1525,,3.7042997853665263,0.009394326571318577,1.0,,,,False,1,No solution exists for discriminant 
0.5128210000000001,-100,-25.220754927069077,3.7279400664739413,0.009398937718657742,4.2034591545115125,3.964988371250994,-100.0000000000001,9.947598300641403e-14,True,2,
0.5128210000000001,-75,-19.189905586899354,3.7279400664739413,0.009398937718657739,3.1983175978165588,3.9083047939121305,-74.99999999999991,-8.526512829121202e-14,True,2,
0.5128210000000001,-50,-12.98699927865744,3.7279400664739413,0.009398937718657742,2.16449987977624,3.8500040638462956,-50.00000000000005,4.973799150320701e-14,True,2,
0.5128210000000001,-25,-6.596411665346407,3.7279400664739413,0.00939893771865774,1.0994019442244012,3.7899393288831593,-25.000000000000007,7.105427357601002e-15,True,2,
0.5128210000000001,0,0.0,3.7279400664739413,0.009398937718657742,0.0,3.7279400664739413,0.0,0.0,True,1,
0.5128210000000001,25,6.82350470253419,3.7279400664739413,0.009398937718657739,1.1372507837556982,3.6638063707518542,25.0,0.0,True,2,
0.5128210000000001,50,13.899308218843506,3.7279400664739413,0.009398937718657744,2.316551369807251,3.5973013341926032,49.999999999999964,3.552713678800501e-14,True,2,
0.5128210000000001,75,21.257655720319715,3.7279400664739413,0.009398937718657744,3.5429426200532856,3.5281406843139878,74.99999999999996,4.263256414560601e-14,True,2,
0.5128210000000001,100,28.935366364923745,3.7279400664739413,0.009398937718657746,4.822561060820624,3.4559783601434786,99.99999999999993,7.105427357601002e-14,True,2,
0.5128210000000001,125,36.97802671999291,3.7279400664739413,0.009398937718657744,6.163004453332152,3.380385896373866,125.00000000000001,-1.4210854715202004e-14,True,2,
0.5128210000000001,150,45.44322570800813,3.7279400664739413,0.009398937718657746,7.573870951334688,3.300822018309466,150.0,0.0,True,2,
0.5128210000000001,175,54.40550800270966,3.7279400664739413,0.009398937718657746,9.067584667118277,3.2165860852045376,175.0,0.0,True,2,
0.5128210000000001,200,63.96431373750559,3.7279400664739413,0.009398937718657747,10.660718956250932,3.126743465438442,199.99999999999997,2.842170943040401e-14,True,2,
0.5128210000000001,225,74.257452911085,3.7279400664739413,0.009398937718657746,12.3762421518475,3.029998891416493,224.99999999999997,2.842170943040401e-14,True,2,
0.5128210000000001,250,85.48571745261663,3.7279400664739413,0.009398937718657746,14.247619575436104,2.924465132302024,249.99999999999994,5.684341886080802e-14,True,2,
0.5128210000000001,275,97.96250005993231,3.7279400664739413,0.009398937718657744,16.32708334332205,2.807196629646632,274.99999999999994,5.684341886080802e-14,True,2,
0.5128210000000001,300,112.22894427484982,3.7279400664739413,0.009398937718657744,18.704824045808305,2.673107209003917,299.99999999999994,5.684341886080802e-14,True,2,
0.5128210000000001,325,129.38745935338747,3.7279400664739413,0.009398937718657739,21.56457655889791,2.5118353944360927,324.99999999999994,5.684341886080802e-14,True,2,
0.5128210000000001,350,152.58505309539115,3.7279400664739413,0.00939893771865774,25.43084218256519,2.2938026556322755,349.99999999999994,5.684341886080802e-14,True,2,
0.5128210000000001,375,,3.7279400664739413,0.00939893771865774,1.0,,,,False,1,No solution exists for discriminant 
0.5128210000000001,400,,3.7279400664739413,0.00939893771865774,1.0,,,,False,1,No solution exists for discriminant 
0.5128210000000001,425,,3.7279400664739413,0.00939893771865774,1.0,,,,False,1,No solution exists for discriminant 
0.5128210000000001,450,,3.7279400664739413,0.00939893771865774,1.0,,,,False,1,No solution exists for discriminant 
0.5128210000000001,475,,3.7279400664739413,0.00939893771865774,1.0,,,,False,1,No solution exists for discriminant 
0.5128210000000001,500,,3.7279400664739413,0.00939893771865774,1.0,,,,False,1,No solution exists for discriminant 
0.5128210000000001,525,,3.7279400664739413,0.00939893771865774,1.0,,,,False,1,No solution exists for discriminant 
0.5128210000000001,550,,3.7279400664739413,0.00939893771865774,1.0,,,,False,1,No solution exists for discriminant 
0.5128210000000001,575,,3.7279400664739413,0.00939893771865774,1.0,,,,False,1,No solution exists for discriminant 
0.5128210000000001,600,,3.7279400664739413,0.00939893771865774,1.0,,,,False,1,No solution exists for discriminant 
0.5128210000000001,625,,3.7279400664739413,0.00939893771865774,1.0,,,,False,1,No solution exists for discriminant 
0.5128210000000001,650,,3.7279400664739413,0.00939893771865774,1.0,,,,False,1,No solution exists for discriminant 
0.5128210000000001,675,,3.7279400664739413,0.00939893771865774,1.0,,,,False,1,No solution exists for discriminant 
0.5128210000000001,700,,3.7279400664739413,0.00939893771865774,1.0,,,,False,1,No solution exists for discriminant 
0.5128210000000001,725,,3.7279400664739413,0.00939893771865774,1.0,,,,False,1,No solution exists for discriminant 
0.5128210000000001,750,,3.7279400664739413,0.00939893771865774,1.0,,,,False,1,No solution exists for discriminant 
0.5128210000000001,775,,3.7279400664739413,0.00939893771865774,1.0,,,,False,1,No solution exists for discriminant 
0.5128210000000001,800,,3.7279400664739413,0.00939893771865774,1.0,,,,False,1,No solution exists for discriminant 
0.5128210000000001,825,,3.7279400664739413,0.00939893771865774,1.0,,,,False,1,No solution exists for discriminant 
0.5128210000000001,850,,3.7279400664739413,0.00939893771865774,1.0,,,,False,1,No solution exists for discriminant 
0.5128210000000001,875,,3.7279400664739413,0.00939893771865774,1.0,,,,False,1,No solution exists for discriminant 
0.5128210000000001,900,,3.7279400664739413,0.00939893771865774,1.0,,,,False,1,No solution exists for discriminant 
0.5128210000000001,925,,3.7279400664739413,0.00939893771865774,1.0,,,,False,1,No solution exists for discriminant 
0.5128210000000001,950,,3.7279400664739413,0.00939893771865774,1.0,,,,False,1,No solution exists for discriminant 
0.5128210000000001,975,,3.7279400664739413,0.00939893771865774,1.0,,,,False,1,No solution exists for discriminant 
0.5128210000000001,1000,,3.7279400664739413,0.00939893771865774,1.0,,,,False,1,No solution exists for discriminant 
0.5128210000000001,1025,,3.7279400664739413,0.00939893771865774,1.0,,,,False,1,No solution exists for discriminant 
0.5128210000000001,1050,,3.7279400664739413,0.00939893771865774,1.0,,,,False,1,No solution exists for discriminant 
0.5128210000000001,1075,,3.7279400664739413,0.00939893771865774,1.0,,,,False,1,No solution exists for discriminant 
0.5128210000000001,1100,,3.7279400664739413,0.00939893771865774,1.0,,,,False,1,No solution exists for discriminant 
0.5128210000000001,1125,,3.7279400664739413,0.00939893771865774,1.0,,,,False,1,No solution exists for discriminant 
0.5128210000000001,1150,,3.7279400664739413,0.00939893771865774,1.0,,,,False,1,No solution exists for discriminant 
0.5128210000000001,1175,,3.7279400664739413,0.00939893771865774,1.0,,,,False,1,No solution exists for discriminant 
0.5128210000000001,1200,,3.7279400664739413,0.00939893771865774,1.0,,,,False,1,No solution exists for discriminant 
0.5128210000000001,1225,,3.7279400664739413,0.00939893771865774,1.0,,,,False,1,No solution exists for discriminant 
0.5128210000000001,1250,,3.7279400664739413,0.00939893771865774,1.0,,,,False,1,No solution exists for discriminant 
0.5128210000000001,1275,,3.7279400664739413,0.00939893771865774,1.0,,,,False,1,No solution exists for discriminant 
0.5128210000000001,1300,,3.7279400664739413,0.00939893771865774,1.0,,,,False,1,No solution exists for discriminant 
0.5128210000000001,1325,,3.7279400664739413,0.00939893771865774,1.0,,,,False,1,No solution exists for discriminant 
0.5128210000000001,1350,,3.7279400664739413,0.00939893771865774,1.0,,,,False,1,No solution exists for discriminant 
0.5128210000000001,1375,,3.7279400664739413,0.00939893771865774,1.0,,,,False,1,No solution exists for discriminant 
0.5128210000000001,1400,,3.7279400664739413,0.00939893771865774,1.0,,,,False,1,No solution exists for discriminant 
0.5128210000000001,1425,,3.7279400664739413,0.00939893771865774,1.0,,,,False,1,No solution exists for discriminant 
0.5128210000000001,1450,,3.7279400664739413,0.00939893771865774,1.0,,,,False,1,No solution exists for discriminant 
0.5128210000000001,1475,,3.7279400664739413,0.00939893771865774,1.0,,,,False,1,No solution exists for discriminant 
0.5128210000000001,1500,,3.7279400664739413,0.00939893771865774,1.0,,,,False,1,No solution exists for discriminant 
0.5128210000000001,1525,,3.7279400664739413,0.00939893771865774,1.0,,,,False,1,No solution exists for discriminant 
0.538462,-100,-25.112374942847687,3.750008617138194,0.009242130658372344,4.185395823807948,3.982100467502028,-99.99999999999999,-1.4210854715202004e-14,True,2,
0.538462,-75,-19.100783250322912,3.750008617138194,0.00924213065837235,3.183463875053819,3.9265405516149285,-75.00000000000011,1.1368683772161603e-13,True,2,
0.538462,-50,-12.921788255287948,3.750008617138194,0.009242130658372344,2.1536313758813246,3.8694334725333865,-49.99999999999998,-2.1316282072803006e-14,True,2,
0.538462,-25,-6.560573795495095,3.750008617138194,0.009242130658372346,1.0934289659158491,3.8106422973500536,-24.99999999999999,-1.0658141036401503e-14,True,2,
0.538462,0,0.0,3.750008617138194,0.009242130658372347,0.0,3.750008617138194,0.0,0.0,True,1,
0.538462,25,6.779941383819608,3.750008617138194,0.009242130658372346,1.1299902306366014,3.6873475130128277,24.999999999999982,1.7763568394002505e-14,True,2,
0.538462,50,13.80284770594859,3.750008617138194,0.009242130658372346,2.3004746176580984,3.6224408951822022,50.000000000000014,-1.4210854715202004e-14,True,2,
0.538462,75,21.096877151755066,3.750008617138194,0.009242130658372347,3.516146191959178,3.5550285220180435,75.00000000000004,-4.263256414560601e-14,True,2,
0.538462,100,28.69608742723296,3.750008617138194,0.009242130658372344,4.78268123787216,3.484795627751631,99.99999999999997,2.842170943040401e-14,True,2,
0.538462,125,36.6423264566788,3.750008617138194,0.009242130658372344,6.107054409446467,3.411355448398835,125.0,0.0,True,2,
0.538462,150,44.98798175228052,3.750008617138194,0.009242130658372344,7.497996958713419,3.3342238117271465,150.00000000000006,-5.684341886080802e-14,True,2,
0.538462,175,53.80011941727654,3.750008617138194,0.00924213065837235,8.96668656954609,3.252780884047689,175.00000000000003,-2.842170943040401e-14,True,2,
0.538462,200,63.16698177340928,3.750008617138194,0.00924213065837235,10.527830295568213,3.1662111182933206,200.0,0.0,True,2,
0.538462,225,73.20872943339353,3.750008617138194,0.009242130658372347,12.201454905565589,3.0734039743813417,224.99999999999997,2.842170943040401e-14,True,2,
0.538462,250,84.09640605605502,3.750008617138194,0.009242130658372346,14.01606767600917,2.9727786444685984,250.00000000000006,-5.684341886080802e-14,True,2,
0.538462,275,96.08844316307972,3.750008617138194,0.009242130658372346,16.014740527179953,2.8619466706654264,275.00000000000006,-5.684341886080802e-14,True,2,
0.538462,300,109.60986505372558,3.750008617138194,0.009242130658372344,18.268310842287597,2.7369799228651015,300.00000000000006,-5.684341886080802e-14,True,2,
0.538462,325,125.45791130384163,3.750008617138194,0.009242130658372347,20.909651883973606,2.590510208741601,325.00000000000006,-5.684341886080802e-14,True,2,
0.538462,350,145.53014588482364,3.750008617138194,0.009242130658372344,24.255024314137273,2.4049999941386657,350.0,0.0,True,2,
0.538462,375,178.71969043034343,3.750008617138194,0.009242130658372342,29.786615071723904,2.0982578869571027,374.99999999999994,5.684341886080802e-14,True,2,
0.538462,400,,3.750008617138194,0.009242130658372344,1.0,,,,False,1,No solution exists for discriminant 
0.538462,425,,3.750008617138194,0.009242130658372344,1.0,,,,False,1,No solution exists for discriminant 
0.538462,450,,3.750008617138194,0.009242130658372344,1.0,,,,False,1,No solution exists for discriminant 
0.538462,475,,3.750008617138194,0.009242130658372344,1.0,,,,False,1,No solution exists for discriminant 
0.538462,500,,3.750008617138194,0.009242130658372344,1.0,,,,False,1,No solution exists for discriminant 
0.538462,525,,3.750008617138194,0.009242130658372344,1.0,,,,False,1,No solution exists for discriminant 
0.538462,550,,3.750008617138194,0.009242130658372344,1.0,,,,False,1,No solution exists for discriminant 
0.538462,575,,3.750008617138194,0.009242130658372344,1.0,,,,False,1,No solution exists for discriminant 
0.538462,600,,3.750008617138194,0.009242130658372344,1.0,,,,False,1,No solution exists for discriminant 
0.538462,625,,3.750008617138194,0.009242130658372344,1.0,,,,False,1,No solution exists for discriminant 
0.538462,650,,3.750008617138194,0.009242130658372344,1.0,,,,False,1,No solution exists for discriminant 
0.538462,675,,3.750008617138194,0.009242130658372344,1.0,,,,False,1,No solution exists for discriminant 
0.538462,700,,3.750008617138194,0.009242130658372344,1.0,,,,False,1,No solution exists for discriminant 
0.538462,725,,3.750008617138194,0.009242130658372344,1.0,,,,False,1,No solution exists for discriminant 
0.538462,750,,3.750008617138194,0.009242130658372344,1.0,,,,False,1,No solution exists for discriminant 
0.538462,775,,3.750008617138194,0.009242130658372344,1.0,,,,False,1,No solution exists for discriminant 
0.538462,800,,3.750008617138194,0.009242130658372344,1.0,,,,False,1,No solution exists for discriminant 
0.538462,825,,3.750008617138194,0.009242130658372344,1.0,,,,False,1,No solution exists for discriminant 
0.538462,850,,3.750008617138194,0.009242130658372344,1.0,,,,False,1,No solution exists for discriminant 
0.538462,875,,3.750008617138194,0.009242130658372344,1.0,,,,False,1,No solution exists for discriminant 
0.538462,900,,3.750008617138194,0.009242130658372344,1.0,,,,False,1,No solution exists for discriminant 
0.538462,925,,3.750008617138194,0.009242130658372344,1.0,,,,False,1,No solution exists for discriminant 
0.538462,950,,3.750008617138194,0.009242130658372344,1.0,,,,False,1,No solution exists for discriminant 
0.538462,975,,3.750008617138194,0.009242130658372344,1.0,,,,False,1,No solution exists for discriminant 
0.538462,1000,,3.750008617138194,0.009242130658372344,1.0,,,,False,1,No solution exists for discriminant 
0.538462,1025,,3.750008617138194,0.009242130658372344,1.0,,,,False,1,No solution exists for discriminant 
0.538462,1050,,3.750008617138194,0.009242130658372344,1.0,,,,False,1,No solution exists for discriminant 
0.538462,1075,,3.750008617138194,0.009242130658372344,1.0,,,,False,1,No solution exists for discriminant 
0.538462,1100,,3.750008617138194,0.009242130658372344,1.0,,,,False,1,No solution exists for discriminant 
0.538462,1125,,3.750008617138194,0.009242130658372344,1.0,,,,False,1,No solution exists for discriminant 
0.538462,1150,,3.750008617138194,0.009242130658372344,1.0,,,,False,1,No solution exists for discriminant 
0.538462,1175,,3.750008617138194,0.009242130658372344,1.0,,,,False,1,No solution exists for discriminant 
0.538462,1200,,3.750008617138194,0.009242130658372344,1.0,,,,False,1,No solution exists for discriminant 
0.538462,1225,,3.750008617138194,0.009242130658372344,1.0,,,,False,1,No solution exists for discriminant 
0.538462,1250,,3.750008617138194,0.009242130658372344,1.0,,,,False,1,No solution exists for discriminant 
0.538462,1275,,3.750008617138194,0.009242130658372344,1.0,,,,False,1,No solution exists for discriminant 
0.538462,1300,,3.750008617138194,0.009242130658372344,1.0,,,,False,1,No solution exists for discriminant 
0.538462,1325,,3.750008617138194,0.009242130658372344,1.0,,,,False,1,No solution exists for discriminant 
0.538462,1350,,3.750008617138194,0.009242130658372344,1.0,,,,False,1,No solution exists for discriminant 
0.538462,1375,,3.750008617138194,0.009242130658372344,1.0,,,,False,1,No solution exists for discriminant 
0.538462,1400,,3.750008617138194,0.009242130658372344,1.0,,,,False,1,No solution exists for discriminant 
0.538462,1425,,3.750008617138194,0.009242130658372344,1.0,,,,False,1,No solution exists for discriminant 
0.538462,1450,,3.750008617138194,0.009242130658372344,1.0,,,,False,1,No solution exists for discriminant 
0.538462,1475,,3.750008617138194,0.009242130658372344,1.0,,,,False,1,No solution exists for discriminant 
0.538462,1500,,3.750008617138194,0.009242130658372344,1.0,,,,False,1,No solution exists for discriminant 
0.538462,1525,,3.750008617138194,0.009242130658372344,1.0,,,,False,1,No solution exists for discriminant 
0.564103,-100,-25.01421021657769,3.7712688659346547,0.009053205720734678,4.169035036096282,3.9977276569670357,-100.00000000000001,1.4210854715202004e-14,True,2,
0.564103,-75,-19.018876201531643,3.7712688659346547,0.009053205720734684,3.169812700255274,3.9434506647643057,-75.0,0.0,True,2,
0.564103,-50,-12.861065611381857,3.7712688659346547,0.009053205720734684,2.1435109352303097,3.887702738702361,-50.0,0.0,True,2,
0.564103,-25,-6.5268061152333825,3.7712688659346547,0.009053205720734682,1.0878010192055638,3.830357384395212,-25.000000000000014,1.4210854715202004e-14,True,2,
0.564103,0,0.0,3.7712688659346547,0.00905320572073468,0.0,3.7712688659346547,0.0,0.0,True,1,
0.564103,25,6.738058025707179,3.7712688659346547,0.009053205720734677,1.1230096709511965,3.7102678404696805,24.999999999999975,2.4868995751603507e-14,True,2,
0.564103,50,13.709313522079288,3.7712688659346547,0.00905320572073468,2.2848855870132145,3.6471556303292214,50.00000000000001,-7.105427357601002e-15,True,2,
0.564103,75,20.939797231168907,3.7712688659346547,0.009053205720734684,3.489966205194818,3.581696573850412,75.00000000000001,-1.4210854715202004e-14,True,2,
0.564103,100,28.460776300507554,3.7712688659346547,0.00905320572073468,4.743462716751259,3.51360760311435,100.00000000000004,-4.263256414560601e-14,True,2,
0.564103,125,36.310359576369265,3.7712688659346547,0.009053205720734682,6.0517265960615445,3.442543710895935,125.0,0.0,True,2,
0.564103,150,44.535797165492504,3.7712688659346547,0.009053205720734682,7.422632860915417,3.3680771322585388,149.99999999999994,5.684341886080802e-14,True,2,
0.564103,175,53.196880841761725,3.7712688659346547,0.00905320572073468,8.866146806960288,3.289666559972776,174.99999999999997,2.842170943040401e-14,True,2,
0.564103,200,62.3711673465295,3.7712688659346547,0.009053205720734678,10.395194557754916,3.206609856904154,200.0,0.0,True,2,
0.564103,225,72.16238355150692,3.7712688659346547,0.009053205720734682,12.027063925251154,3.117967962344302,225.00000000000003,-2.842170943040401e-14,True,2,
0.564103,250,82.71476167670329,3.7712688659346547,0.009053205720734682,13.785793612783882,3.022435112333919,250.00000000000003,-2.842170943040401e-14,True,2,
0.564103,275,94.23939461732719,3.7712688659346547,0.009053205720734684,15.706565769554532,2.9181002394664945,274.99999999999994,5.684341886080802e-14,True,2,
0.564103,300,107.06784801840192,3.7712688659346547,0.009053205720734682,17.84464133640032,2.801961611747707,300.0,0.0,True,2,
0.564103,325,121.77824651812128,3.7712688659346547,0.009053205720734684,20.29637441968688,2.668785347895761,325.0,0.0,True,2,
0.564103,350,139.56879797321986,3.7712688659346547,0.009053205720734682,23.261466328869975,2.507723825687438,350.00000000000006,-5.684341886080802e-14,True,2,
0.564103,375,164.00864003139637,3.7712688659346547,0.009053205720734682,27.334773338566063,2.286464907752502,375.0,0.0,True,2,
0.564103,400,,3.7712688659346547,0.009053205720734682,1.0,,,,False,1,No solution exists for discriminant 
0.564103,425,,3.7712688659346547,0.009053205720734682,1.0,,,,False,1,No solution exists for discriminant 
0.564103,450,,3.7712688659346547,0.009053205720734682,1.0,,,,False,1,No solution exists for discriminant 
0.564103,475,,3.7712688659346547,0.009053205720734682,1.0,,,,False,1,No solution exists for discriminant 
0.564103,500,,3.7712688659346547,0.009053205720734682,1.0,,,,False,1,No solution exists for discriminant 
0.564103,525,,3.7712688659346547,0.009053205720734682,1.0,,,,False,1,No solution exists for discriminant 
0.564103,550,,3.7712688659346547,0.009053205720734682,1.0,,,,False,1,No solution exists for discriminant 
0.564103,575,,3.7712688659346547,0.009053205720734682,1.0,,,,False,1,No solution exists for discriminant 
0.564103,600,,3.7712688659346547,0.009053205720734682,1.0,,,,False,1,No solution exists for discriminant 
0.564103,625,,3.7712688659346547,0.009053205720734682,1.0,,,,False,1,No solution exists for discriminant 
0.564103,650,,3.7712688659346547,0.009053205720734682,1.0,,,,False,1,No solution exists for discriminant 
0.564103,675,,3.7712688659346547,0.009053205720734682,1.0,,,,False,1,No solution exists for discriminant 
0.564103,700,,3.7712688659346547,0.009053205720734682,1.0,,,,False,1,No solution exists for discriminant 
0.564103,725,,3.7712688659346547,0.009053205720734682,1.0,,,,False,1,No solution exists for discriminant 
0.564103,750,,3.7712688659346547,0.009053205720734682,1.0,,,,False,1,No solution exists for discriminant 
0.564103,775,,3.7712688659346547,0.009053205720734682,1.0,,,,False,1,No solution exists for discriminant 
0.564103,800,,3.7712688659346547,0.009053205720734682,1.0,,,,False,1,No solution exists for discriminant 
0.564103,825,,3.7712688659346547,0.009053205720734682,1.0,,,,False,1,No solution exists for discriminant 
0.564103,850,,3.7712688659346547,0.009053205720734682,1.0,,,,False,1,No solution exists for discriminant 
0.564103,875,,3.7712688659346547,0.009053205720734682,1.0,,,,False,1,No solution exists for discriminant 
0.564103,900,,3.7712688659346547,0.009053205720734682,1.0,,,,False,1,No solution exists for discriminant 
0.564103,925,,3.7712688659346547,0.009053205720734682,1.0,,,,False,1,No solution exists for discriminant 
0.564103,950,,3.7712688659346547,0.009053205720734682,1.0,,,,False,1,No solution exists for discriminant 
0.564103,975,,3.7712688659346547,0.009053205720734682,1.0,,,,False,1,No solution exists for discriminant 
0.564103,1000,,3.7712688659346547,0.009053205720734682,1.0,,,,False,1,No solution exists for discriminant 
0.564103,1025,,3.7712688659346547,0.009053205720734682,1.0,,,,False,1,No solution exists for discriminant 
0.564103,1050,,3.7712688659346547,0.009053205720734682,1.0,,,,False,1,No solution exists for discriminant 
0.564103,1075,,3.7712688659346547,0.009053205720734682,1.0,,,,False,1,No solution exists for discriminant 
0.564103,1100,,3.7712688659346547,0.009053205720734682,1.0,,,,False,1,No solution exists for discriminant 
0.564103,1125,,3.7712688659346547,0.009053205720734682,1.0,,,,False,1,No solution exists for discriminant 
0.564103,1150,,3.7712688659346547,0.009053205720734682,1.0,,,,False,1,No solution exists for discriminant 
0.564103,1175,,3.7712688659346547,0.009053205720734682,1.0,,,,False,1,No solution exists for discriminant 
0.564103,1200,,3.7712688659346547,0.009053205720734682,1.0,,,,False,1,No solution exists for discriminant 
0.564103,1225,,3.7712688659346547,0.009053205720734682,1.0,,,,False,1,No solution exists for discriminant 
0.564103,1250,,3.7712688659346547,0.009053205720734682,1.0,,,,False,1,No solution exists for discriminant 
0.564103,1275,,3.7712688659346547,0.009053205720734682,1.0,,,,False,1,No solution exists for discriminant 
0.564103,1300,,3.7712688659346547,0.009053205720734682,1.0,,,,False,1,No solution exists for discriminant 
0.564103,1325,,3.7712688659346547,0.009053205720734682,1.0,,,,False,1,No solution exists for discriminant 
0.564103,1350,,3.7712688659346547,0.009053205720734682,1.0,,,,False,1,No solution exists for discriminant 
0.564103,1375,,3.7712688659346547,0.009053205720734682,1.0,,,,False,1,No solution exists for discriminant 
0.564103,1400,,3.7712688659346547,0.009053205720734682,1.0,,,,False,1,No solution exists for discriminant 
0.564103,1425,,3.7712688659346547,0.009053205720734682,1.0,,,,False,1,No solution exists for discriminant 
0.564103,1450,,3.7712688659346547,0.009053205720734682,1.0,,,,False,1,No solution exists for discriminant 
0.564103,1475,,3.7712688659346547,0.009053205720734682,1.0,,,,False,1,No solution exists for discriminant 
0.564103,1500,,3.7712688659346547,0.009053205720734682,1.0,,,,False,1,No solution exists for discriminant 
0.564103,1525,,3.7712688659346547,0.009053205720734682,1.0,,,,False,1,No solution exists for discriminant 
0.589744,-100,-24.905611651836235,3.7933253395623923,0.008906989876909526,4.150935275306039,4.015159370423538,-99.9999999999999,-9.947598300641403e-14,True,2,
0.589744,-75,-18.93013967292718,3.7933253395623923,0.00890698987690953,3.1550232788211967,3.961935901997638,-75.00000000000001,1.4210854715202004e-14,True,2,
0.589744,-50,-12.796547006905458,3.7933253395623923,0.008906989876909528,2.132757834484243,3.907304054212296,-49.999999999999915,-8.526512829121202e-14,True,2,
0.589744,-25,-6.491574652689069,3.7933253395623923,0.008906989876909525,1.0819291087815115,3.8511457292790965,-24.999999999999943,-5.684341886080802e-14,True,2,
0.589744,0,0.0,3.7933253395623923,0.00890698987690953,0.0,3.7933253395623923,0.0,0.0,True,1,
0.589744,25,6.695796145574569,3.7933253395623923,0.00890698987690953,1.115966024262428,3.73368595107591,24.999999999999996,3.552713678800501e-15,True,2,
0.589744,50,13.616393612551715,3.7933253395623923,0.008906989876909526,2.269398935425286,3.6720442594953786,50.000000000000064,-6.394884621840902e-14,True,2,
0.589744,75,20.786080018582446,3.7933253395623923,0.008906989876909526,3.464346669763741,3.608183935256247,75.00000000000006,-5.684341886080802e-14,True,2,
0.589744,100,28.233859387336825,3.7933253395623923,0.008906989876909526,4.705643231222804,3.541846639813296,100.00000000000001,-1.4210854715202004e-14,True,2,
0.589744,125,35.99484359354257,3.7933253395623923,0.00890698987690953,5.999140598923762,3.4727196320537668,125.00000000000003,-2.842170943040401e-14,True,2,
0.589744,150,44.112220795190844,3.7933253395623923,0.008906989876909528,7.352036799198474,3.4004182354916295,150.0,0.0,True,2,
0.589744,175,52.64012337242979,3.7933253395623923,0.008906989876909528,8.773353895404965,3.3244602935648917,175.00000000000006,-5.684341886080802e-14,True,2,
0.589744,200,61.647955427382925,3.7933253395623923,0.00890698987690953,10.274659237897154,3.2442276246385227,200.00000000000003,-2.842170943040401e-14,True,2,
0.589744,225,71.2272055421274,3.7933253395623923,0.00890698987690953,11.8712009236879,3.158905340838109,225.0,0.0,True,2,
0.589744,250,81.502749708066,3.7933253395623923,0.008906989876909526,13.583791618011,3.0673811729723575,249.99999999999997,2.842170943040401e-14,True,2,
0.589744,275,92.65289747097381,3.7933253395623923,0.008906989876909528,15.442149578495636,2.968066919722092,275.00000000000006,-5.684341886080802e-14,True,2,
0.589744,300,104.94821593486513,3.7933253395623923,0.00890698987690953,17.49136932247752,2.858552642630833,300.0,0.0,True,2,
0.589744,325,118.83651034304225,3.7933253395623923,0.00890698987690953,19.806085057173707,2.7348497449296603,325.00000000000006,-5.684341886080802e-14,True,2,
0.589744,350,135.1665300608308,3.7933253395623923,0.008906989876909528,22.527755010138467,2.589398424613585,350.00000000000006,-5.684341886080802e-14,True,2,
0.589744,375,156.00172791328194,3.7933253395623923,0.008906989876909526,26.00028798554699,2.4038195282583956,375.0,0.0,True,2,
0.589744,400,192.07737200444092,3.7933253395623923,0.008906989876909528,32.012895334073484,2.0824941315354515,400.00000000000006,-5.684341886080802e-14,True,2,
0.589744,425,,3.7933253395623923,0.008906989876909528,1.0,,,,False,1,No solution exists for discriminant 
0.589744,450,,3.7933253395623923,0.008906989876909528,1.0,,,,False,1,No solution exists for discriminant 
0.589744,475,,3.7933253395623923,0.008906989876909528,1.0,,,,False,1,No solution exists for discriminant 
0.589744,500,,3.7933253395623923,0.008906989876909528,1.0,,,,False,1,No solution exists for discriminant 
0.589744,525,,3.7933253395623923,0.008906989876909528,1.0,,,,False,1,No solution exists for discriminant 
0.589744,550,,3.7933253395623923,0.008906989876909528,1.0,,,,False,1,No solution exists for discriminant 
0.589744,575,,3.7933253395623923,0.008906989876909528,1.0,,,,False,1,No solution exists for discriminant 
0.589744,600,,3.7933253395623923,0.008906989876909528,1.0,,,,False,1,No solution exists for discriminant 
0.589744,625,,3.7933253395623923,0.008906989876909528,1.0,,,,False,1,No solution exists for discriminant 
0.589744,650,,3.7933253395623923,0.008906989876909528,1.0,,,,False,1,No solution exists for discriminant 
0.589744,675,,3.7933253395623923,0.008906989876909528,1.0,,,,False,1,No solution exists for discriminant 
0.589744,700,,3.7933253395623923,0.008906989876909528,1.0,,,,False,1,No solution exists for discriminant 
0.589744,725,,3.7933253395623923,0.008906989876909528,1.0,,,,False,1,No solution exists for discriminant 
0.589744,750,,3.7933253395623923,0.008906989876909528,1.0,,,,False,1,No solution exists for discriminant 
0.589744,775,,3.7933253395623923,0.008906989876909528,1.0,,,,False,1,No solution exists for discriminant 
0.589744,800,,3.7933253395623923,0.008906989876909528,1.0,,,,False,1,No solution exists for discriminant 
0.589744,825,,3.7933253395623923,0.008906989876909528,1.0,,,,False,1,No solution exists for discriminant 
0.589744,850,,3.7933253395623923,0.008906989876909528,1.0,,,,False,1,No solution exists for discriminant 
0.589744,875,,3.7933253395623923,0.008906989876909528,1.0,,,,False,1,No solution exists for discriminant 
0.589744,900,,3.7933253395623923,0.008906989876909528,1.0,,,,False,1,No solution exists for discriminant 
0.589744,925,,3.7933253395623923,0.008906989876909528,1.0,,,,False,1,No solution exists for discriminant 
0.589744,950,,3.7933253395623923,0.008906989876909528,1.0,,,,False,1,No solution exists for discriminant 
0.589744,975,,3.7933253395623923,0.008906989876909528,1.0,,,,False,1,No solution exists for discriminant 
0.589744,1000,,3.7933253395623923,0.008906989876909528,1.0,,,,False,1,No solution exists for discriminant 
0.589744,1025,,3.7933253395623923,0.008906989876909528,1.0,,,,False,1,No solution exists for discriminant 
0.589744,1050,,3.7933253395623923,0.008906989876909528,1.0,,,,False,1,No solution exists for discriminant 
0.589744,1075,,3.7933253395623923,0.008906989876909528,1.0,,,,False,1,No solution exists for discriminant 
0.589744,1100,,3.7933253395623923,0.008906989876909528,1.0,,,,False,1,No solution exists for discriminant 
0.589744,1125,,3.7933253395623923,0.008906989876909528,1.0,,,,False,1,No solution exists for discriminant 
0.589744,1150,,3.7933253395623923,0.008906989876909528,1.0,,,,False,1,No solution exists for discriminant 
0.589744,1175,,3.7933253395623923,0.008906989876909528,1.0,,,,False,1,No solution exists for discriminant 
0.589744,1200,,3.7933253395623923,0.008906989876909528,1.0,,,,False,1,No solution exists for discriminant 
0.589744,1225,,3.7933253395623923,0.008906989876909528,1.0,,,,False,1,No solution exists for discriminant 
0.589744,1250,,3.7933253395623923,0.008906989876909528,1.0,,,,False,1,No solution exists for discriminant 
0.589744,1275,,3.7933253395623923,0.008906989876909528,1.0,,,,False,1,No solution exists for discriminant 
0.589744,1300,,3.7933253395623923,0.008906989876909528,1.0,,,,False,1,No solution exists for discriminant 
0.589744,1325,,3.7933253395623923,0.008906989876909528,1.0,,,,False,1,No solution exists for discriminant 
0.589744,1350,,3.7933253395623923,0.008906989876909528,1.0,,,,False,1,No solution exists for discriminant 
0.589744,1375,,3.7933253395623923,0.008906989876909528,1.0,,,,False,1,No solution exists for discriminant 
0.589744,1400,,3.7933253395623923,0.008906989876909528,1.0,,,,False,1,No solution exists for discriminant 
0.589744,1425,,3.7933253395623923,0.008906989876909528,1.0,,,,False,1,No solution exists for discriminant 
0.589744,1450,,3.7933253395623923,0.008906989876909528,1.0,,,,False,1,No solution exists for discriminant 
0.589744,1475,,3.7933253395623923,0.008906989876909528,1.0,,,,False,1,No solution exists for discriminant 
0.589744,1500,,3.7933253395623923,0.008906989876909528,1.0,,,,False,1,No solution exists for discriminant 
0.589744,1525,,3.7933253395623923,0.008906989876909528,1.0,,,,False,1,No solution exists for discriminant 
0.6153850000000001,-100,-24.77184622829401,3.8183131598905384,0.00882161371561771,4.128641038049001,4.03684081833923,-99.99999999999996,-4.263256414560601e-14,True,2,
0.6153850000000001,-75,-18.823565399036678,3.8183131598905384,0.00882161371561771,3.1372608998394464,3.984367382591507,-74.99999999999983,-1.7053025658242404e-13,True,2,
0.6153850000000001,-50,-12.720923536677864,3.8183131598905384,0.008821613715617713,2.120153922779644,3.9305322334370203,-50.00000000000001,7.105427357601002e-15,True,2,
0.6153850000000001,-25,-6.451240788804961,3.8183131598905384,0.008821613715617706,1.0752067981341602,3.8752235141158127,-25.00000000000003,2.842170943040401e-14,True,2,
0.6153850000000001,0,0.0,3.8183131598905384,0.008821613715617712,0.0,3.8183131598905384,0.0,0.0,True,1,
0.6153850000000001,25,6.6495491204029955,3.8183131598905384,0.00882161371561771,1.1082581867338326,3.7596534061673177,25.000000000000014,-1.4210854715202004e-14,True,2,
0.6153850000000001,50,13.516902729353799,3.8183131598905384,0.008821613715617708,2.2528171215589663,3.6990722653806003,49.99999999999998,2.1316282072803006e-14,True,2,
0.6153850000000001,75,20.62497766608948,3.8183131598905384,0.008821613715617713,3.4374962776815803,3.6363675740270542,74.99999999999999,1.4210854715202004e-14,True,2,
0.6153850000000001,100,28.001015757415164,3.8183131598905384,0.00882161371561771,4.666835959569194,3.571299015233697,100.00000000000001,-1.4210854715202004e-14,True,2,
0.6153850000000001,125,35.67782088302352,3.8183131598905384,0.008821613715617712,5.9463034805039205,3.503577205845506,124.99999999999999,1.4210854715202004e-14,True,2,
0.6153850000000001,150,43.69549194605634,3.8183131598905384,0.008821613715617708,7.2825819910093905,3.4328484088285447,150.0,0.0,True,2,
0.6153850000000001,175,52.103918797911525,3.8183131598905384,0.008821613715617712,8.683986466318588,3.3586725151854506,174.99999999999997,2.842170943040401e-14,True,2,
0.6153850000000001,200,60.96649684181434,3.8183131598905384,0.008821613715617713,10.161082806969057,3.280490275157625,200.0,0.0,True,2,
0.6153850000000001,225,70.3658775986985,3.8183131598905384,0.008821613715617712,11.727646266449751,3.1975725689543824,225.0,0.0,True,2,
0.6153850000000001,250,80.41331196556816,3.8183131598905384,0.008821613715617712,13.402218660928026,3.1089379841368365,250.00000000000003,-2.842170943040401e-14,True,2,
0.6153850000000001,275,91.2647819710344,3.8183131598905384,0.008821613715617713,15.2107969951724,3.0132105075020013,275.00000000000006,-5.684341886080802e-14,True,2,
0.6153850000000001,300,103.15114282007417,3.8183131598905384,0.008821613715617712,17.19185713667903,2.9083536236073306,300.0,0.0,True,2,
0.6153850000000001,325,116.4408322402371,3.8183131598905384,0.008821613715617712,19.40680537337285,2.7911171171421216,325.0,0.0,True,2,
0.6153850000000001,350,131.7924277208856,3.8183131598905384,0.008821613715617715,21.9654046201476,2.6556912718934176,350.0,0.0,True,2,
0.6153850000000001,375,150.63394908318523,3.8183131598905384,0.008821613715617712,25.10565818053087,2.4894786486206515,375.0,0.0,True,2,
0.6153850000000001,400,177.77092607924808,3.8183131598905384,0.008821613715617713,29.62848767987468,2.250086720151781,400.0,0.0,True,2,
0.6153850000000001,425,,3.8183131598905384,0.008821613715617708,1.0,,,,False,1,No solution exists for discriminant 
0.6153850000000001,450,,3.8183131598905384,0.008821613715617708,1.0,,,,False,1,No solution exists for discriminant 
0.6153850000000001,475,,3.8183131598905384,0.008821613715617708,1.0,,,,False,1,No solution exists for discriminant 
0.6153850000000001,500,,3.8183131598905384,0.008821613715617708,1.0,,,,False,1,No solution exists for discriminant 
0.6153850000000001,525,,3.8183131598905384,0.008821613715617708,1.0,,,,False,1,No solution exists for discriminant 
0.6153850000000001,550,,3.8183131598905384,0.008821613715617708,1.0,,,,False,1,No solution exists for discriminant 
0.6153850000000001,575,,3.8183131598905384,0.008821613715617708,1.0,,,,False,1,No solution exists for discriminant 
0.6153850000000001,600,,3.8183131598905384,0.008821613715617708,1.0,,,,False,1,No solution exists for discriminant 
0.6153850000000001,625,,3.8183131598905384,0.008821613715617708,1.0,,,,False,1,No solution exists for discriminant 
0.6153850000000001,650,,3.8183131598905384,0.008821613715617708,1.0,,,,False,1,No solution exists for discriminant 
0.6153850000000001,675,,3.8183131598905384,0.008821613715617708,1.0,,,,False,1,No solution exists for discriminant 
0.6153850000000001,700,,3.8183131598905384,0.008821613715617708,1.0,,,,False,1,No solution exists for discriminant 
0.6153850000000001,725,,3.8183131598905384,0.008821613715617708,1.0,,,,False,1,No solution exists for discriminant 
0.6153850000000001,750,,3.8183131598905384,0.008821613715617708,1.0,,,,False,1,No solution exists for discriminant 
0.6153850000000001,775,,3.8183131598905384,0.008821613715617708,1.0,,,,False,1,No solution exists for discriminant 
0.6153850000000001,800,,3.8183131598905384,0.008821613715617708,1.0,,,,False,1,No solution exists for discriminant 
0.6153850000000001,825,,3.8183131598905384,0.008821613715617708,1.0,,,,False,1,No solution exists for discriminant 
0.6153850000000001,850,,3.8183131598905384,0.008821613715617708,1.0,,,,False,1,No solution exists for discriminant 
0.6153850000000001,875,,3.8183131598905384,0.008821613715617708,1.0,,,,False,1,No solution exists for discriminant 
0.6153850000000001,900,,3.8183131598905384,0.008821613715617708,1.0,,,,False,1,No solution exists for discriminant 
0.6153850000000001,925,,3.8183131598905384,0.008821613715617708,1.0,,,,False,1,No solution exists for discriminant 
0.6153850000000001,950,,3.8183131598905384,0.008821613715617708,1.0,,,,False,1,No solution exists for discriminant 
0.6153850000000001,975,,3.8183131598905384,0.008821613715617708,1.0,,,,False,1,No solution exists for discriminant 
0.6153850000000001,1000,,3.8183131598905384,0.008821613715617708,1.0,,,,False,1,No solution exists for discriminant 
0.6153850000000001,1025,,3.8183131598905384,0.008821613715617708,1.0,,,,False,1,No solution exists for discriminant 
0.6153850000000001,1050,,3.8183131598905384,0.008821613715617708,1.0,,,,False,1,No solution exists for discriminant 
0.6153850000000001,1075,,3.8183131598905384,0.008821613715617708,1.0,,,,False,1,No solution exists for discriminant 
0.6153850000000001,1100,,3.8183131598905384,0.008821613715617708,1.0,,,,False,1,No solution exists for discriminant 
0.6153850000000001,1125,,3.8183131598905384,0.008821613715617708,1.0,,,,False,1,No solution exists for discriminant 
0.6153850000000001,1150,,3.8183131598905384,0.008821613715617708,1.0,,,,False,1,No solution exists for discriminant 
0.6153850000000001,1175,,3.8183131598905384,0.008821613715617708,1.0,,,,False,1,No solution exists for discriminant 
0.6153850000000001,1200,,3.8183131598905384,0.008821613715617708,1.0,,,,False,1,No solution exists for discriminant 
0.6153850000000001,1225,,3.8183131598905384,0.008821613715617708,1.0,,,,False,1,No solution exists for discriminant 
0.6153850000000001,1250,,3.8183131598905384,0.008821613715617708,1.0,,,,False,1,No solution exists for discriminant 
0.6153850000000001,1275,,3.8183131598905384,0.008821613715617708,1.0,,,,False,1,No solution exists for discriminant 
0.6153850000000001,1300,,3.8183131598905384,0.008821613715617708,1.0,,,,False,1,No solution exists for discriminant 
0.6153850000000001,1325,,3.8183131598905384,0.008821613715617708,1.0,,,,False,1,No solution exists for discriminant 
0.6153850000000001,1350,,3.8183131598905384,0.008821613715617708,1.0,,,,False,1,No solution exists for discriminant 
0.6153850000000001,1375,,3.8183131598905384,0.008821613715617708,1.0,,,,False,1,No solution exists for discriminant 
0.6153850000000001,1400,,3.8183131598905384,0.008821613715617708,1.0,,,,False,1,No solution exists for discriminant 
0.6153850000000001,1425,,3.8183131598905384,0.008821613715617708,1.0,,,,False,1,No solution exists for discriminant 
0.6153850000000001,1450,,3.8183131598905384,0.008821613715617708,1.0,,,,False,1,No solution exists for discriminant 
0.6153850000000001,1475,,3.8183131598905384,0.008821613715617708,1.0,,,,False,1,No solution exists for discriminant 
0.6153850000000001,1500,,3.8183131598905384,0.008821613715617708,1.0,,,,False,1,No solution exists for discriminant 
0.6153850000000001,1525,,3.8183131598905384,0.008821613715617708,1.0,,,,False,1,No solution exists for discriminant 
0.6410260000000001,-100,-24.620840204020684,3.845907345300681,0.008760564919362026,4.103473367336781,4.061599814277242,-100.00000000000007,7.105427357601002e-14,True,2,
0.6410260000000001,-75,-18.704324980330476,3.845907345300681,0.00876056491936202,3.117387496721746,4.009767798563711,-74.99999999999997,-2.842170943040401e-14,True,2,
0.6410260000000001,-50,-12.637064230681933,3.845907345300681,0.008760564919362028,2.1061773717803223,3.9566151668837177,-49.99999999999986,-1.4210854715202004e-13,True,2,
0.6410260000000001,-25,-6.4069124654049165,3.845907345300681,0.008760564919362024,1.0678187442341527,3.9020355178865307,-24.999999999999943,-5.684341886080802e-14,True,2,
0.6410260000000001,0,0.0,3.845907345300681,0.008760564919362026,0.0,3.845907345300681,0.0,0.0,True,1,
0.6410260000000001,25,6.599630517179379,3.845907345300681,0.008760564919362022,1.0999384195298965,3.788090853711128,25.000000000000046,-4.618527782440651e-14,True,2,
0.6410260000000001,50,13.410492459467257,3.845907345300681,0.008760564919362024,2.2350820765778763,3.728423855508903,49.99999999999998,2.1316282072803006e-14,True,2,
0.6410260000000001,75,20.454268006034866,3.845907345300681,0.008760564919362026,3.4090446676724775,3.6667164025557826,75.0,0.0,True,2,
0.6410260000000001,100,27.756623836068815,3.845907345300681,0.008760564919362026,4.626103972678136,3.6027436402424886,99.99999999999999,1.4210854715202004e-14,True,2,
0.6410260000000001,125,35.348318445335295,3.845907345300681,0.008760564919362024,5.891386407555882,3.5362361067700387,125.00000000000003,-2.842170943040401e-14,True,2,
0.6410260000000001,150,43.26673963868431,3.845907345300681,0.008760564919362024,7.211123273114051,3.466866263846853,150.0,0.0,True,2,
0.6410260000000001,175,51.55809599956951,3.845907345300681,0.008760564919362026,8.593015999928252,3.394229298177753,175.00000000000003,-2.842170943040401e-14,True,2,
0.6410260000000001,200,60.28063832191842,3.845907345300681,0.008760564919362026,10.04677305365307,3.3178148999009323,200.00000000000006,-5.684341886080802e-14,True,2,
0.6410260000000001,225,69.5095727544165,3.845907345300681,0.008760564919362024,11.58492879240275,3.236964220668497,225.0,0.0,True,2,
0.6410260000000001,250,79.34489757228297,3.845907345300681,0.008760564919362026,13.224149595380496,3.1508012190985655,250.0,0.0,True,2,
0.6410260000000001,275,89.92462096691075,3.845907345300681,0.008760564919362028,14.987436827818458,3.0581168654710353,275.00000000000006,-5.684341886080802e-14,True,2,
0.6410260000000001,300,101.44871007892796,3.845907345300681,0.008760564919362024,16.908118346487992,2.957159334668696,300.00000000000006,-5.684341886080802e-14,True,2,
0.6410260000000001,325,114.22684092441627,3.845907345300681,0.008760564919362024,19.037806820736044,2.8452156898486933,325.0,0.0,True,2,
0.6410260000000001,350,128.7874158256051,3.845907345300681,0.008760564919362024,21.464569304267517,2.7176568281635953,350.0,0.0,True,2,
0.6410260000000001,375,146.1848303694885,3.845907345300681,0.008760564919362026,24.36413839491475,2.5652456486228514,375.00000000000006,-5.684341886080802e-14,True,2,
0.6410260000000001,400,169.28578026837468,3.845907345300681,0.008760564919362026,28.21429671139578,2.362868277334729,399.99999999999994,5.684341886080802e-14,True,2,
0.6410260000000001,425,,3.845907345300681,0.008760564919362024,1.0,,,,False,1,No solution exists for discriminant 
0.6410260000000001,450,,3.845907345300681,0.008760564919362024,1.0,,,,False,1,No solution exists for discriminant 
0.6410260000000001,475,,3.845907345300681,0.008760564919362024,1.0,,,,False,1,No solution exists for discriminant 
0.6410260000000001,500,,3.845907345300681,0.008760564919362024,1.0,,,,False,1,No solution exists for discriminant 
0.6410260000000001,525,,3.845907345300681,0.008760564919362024,1.0,,,,False,1,No solution exists for discriminant 
0.6410260000000001,550,,3.845907345300681,0.008760564919362024,1.0,,,,False,1,No solution exists for discriminant 
0.6410260000000001,575,,3.845907345300681,0.008760564919362024,1.0,,,,False,1,No solution exists for discriminant 
0.6410260000000001,600,,3.845907345300681,0.008760564919362024,1.0,,,,False,1,No solution exists for discriminant 
0.6410260000000001,625,,3.845907345300681,0.008760564919362024,1.0,,,,False,1,No solution exists for discriminant 
0.6410260000000001,650,,3.845907345300681,0.008760564919362024,1.0,,,,False,1,No solution exists for discriminant 
0.6410260000000001,675,,3.845907345300681,0.008760564919362024,1.0,,,,False,1,No solution exists for discriminant 
0.6410260000000001,700,,3.845907345300681,0.008760564919362024,1.0,,,,False,1,No solution exists for discriminant 
0.6410260000000001,725,,3.845907345300681,0.008760564919362024,1.0,,,,False,1,No solution exists for discriminant 
0.6410260000000001,750,,3.845907345300681,0.008760564919362024,1.0,,,,False,1,No solution exists for discriminant 
0.6410260000000001,775,,3.845907345300681,0.008760564919362024,1.0,,,,False,1,No solution exists for discriminant 
0.6410260000000001,800,,3.845907345300681,0.008760564919362024,1.0,,,,False,1,No solution exists for discriminant 
0.6410260000000001,825,,3.845907345300681,0.008760564919362024,1.0,,,,False,1,No solution exists for discriminant 
0.6410260000000001,850,,3.845907345300681,0.008760564919362024,1.0,,,,False,1,No solution exists for discriminant 
0.6410260000000001,875,,3.845907345300681,0.008760564919362024,1.0,,,,False,1,No solution exists for discriminant 
0.6410260000000001,900,,3.845907345300681,0.008760564919362024,1.0,,,,False,1,No solution exists for discriminant 
0.6410260000000001,925,,3.845907345300681,0.008760564919362024,1.0,,,,False,1,No solution exists for discriminant 
0.6410260000000001,950,,3.845907345300681,0.008760564919362024,1.0,,,,False,1,No solution exists for discriminant 
0.6410260000000001,975,,3.845907345300681,0.008760564919362024,1.0,,,,False,1,No solution exists for discriminant 
0.6410260000000001,1000,,3.845907345300681,0.008760564919362024,1.0,,,,False,1,No solution exists for discriminant 
0.6410260000000001,1025,,3.845907345300681,0.008760564919362024,1.0,,,,False,1,No solution exists for discriminant 
0.6410260000000001,1050,,3.845907345300681,0.008760564919362024,1.0,,,,False,1,No solution exists for discriminant 
0.6410260000000001,1075,,3.845907345300681,0.008760564919362024,1.0,,,,False,1,No solution exists for discriminant 
0.6410260000000001,1100,,3.845907345300681,0.008760564919362024,1.0,,,,False,1,No solution exists for discriminant 
0.6410260000000001,1125,,3.845907345300681,0.008760564919362024,1.0,,,,False,1,No solution exists for discriminant 
0.6410260000000001,1150,,3.845907345300681,0.008760564919362024,1.0,,,,False,1,No solution exists for discriminant 
0.6410260000000001,1175,,3.845907345300681,0.008760564919362024,1.0,,,,False,1,No solution exists for discriminant 
0.6410260000000001,1200,,3.845907345300681,0.008760564919362024,1.0,,,,False,1,No solution exists for discriminant 
0.6410260000000001,1225,,3.845907345300681,0.008760564919362024,1.0,,,,False,1,No solution exists for discriminant 
0.6410260000000001,1250,,3.845907345300681,0.008760564919362024,1.0,,,,False,1,No solution exists for discriminant 
0.6410260000000001,1275,,3.845907345300681,0.008760564919362024,1.0,,,,False,1,No solution exists for discriminant 
0.6410260000000001,1300,,3.845907345300681,0.008760564919362024,1.0,,,,False,1,No solution exists for discriminant 
0.6410260000000001,1325,,3.845907345300681,0.008760564919362024,1.0,,,,False,1,No solution exists for discriminant 
0.6410260000000001,1350,,3.845907345300681,0.008760564919362024,1.0,,,,False,1,No solution exists for discriminant 
0.6410260000000001,1375,,3.845907345300681,0.008760564919362024,1.0,,,,False,1,No solution exists for discriminant 
0.6410260000000001,1400,,3.845907345300681,0.008760564919362024,1.0,,,,False,1,No solution exists for discriminant 
0.6410260000000001,1425,,3.845907345300681,0.008760564919362024,1.0,,,,False,1,No solution exists for discriminant 
0.6410260000000001,1450,,3.845907345300681,0.008760564919362024,1.0,,,,False,1,No solution exists for discriminant 
0.6410260000000001,1475,,3.845907345300681,0.008760564919362024,1.0,,,,False,1,No solution exists for discriminant 
0.6410260000000001,1500,,3.845907345300681,0.008760564919362024,1.0,,,,False,1,No solution exists for discriminant 
0.6410260000000001,1525,,3.845907345300681,0.008760564919362024,1.0,,,,False,1,No solution exists for discriminant 
0.666667,-100,-24.47480957392929,3.8739316472959433,0.008657962392928795,4.079134928988215,4.085833628161117,-99.99999999999994,-5.684341886080802e-14,True,2,
0.666667,-75,-18.587979393266743,3.8739316472959433,0.008657962392928794,3.0979965655444572,4.034865673843382,-75.00000000000011,1.1368683772161603e-13,True,2,
0.666667,-50,-12.554523542510932,3.8739316472959433,0.00865796239292879,2.0924205904184885,3.9826282399881423,-50.00000000000001,7.105427357601002e-15,True,2,
0.666667,-25,-6.362907469189439,3.8739316472959433,0.008657962392928788,1.06048457819824,3.929021460873871,-24.999999999999957,-4.263256414560601e-14,True,2,
0.666667,0,0.0,3.8739316472959433,0.008657962392928794,0.0,3.8739316472959433,0.0,0.0,True,1,
0.666667,25,6.549254342717562,3.8739316472959433,0.00865796239292879,1.0915423904529271,3.8172284494949693,24.999999999999954,4.618527782440651e-14,True,2,
0.666667,50,13.302254922430546,3.8739316472959433,0.008657962392928794,2.2170424870717578,3.7587612244363875,50.0,0.0,True,2,
0.666667,75,20.27929007958451,3.8739316472959433,0.008657962392928795,3.3798816799307514,3.6983543164316064,75.00000000000003,-2.842170943040401e-14,True,2,
0.666667,100,27.50425691786027,3.8739316472959433,0.008657962392928792,4.584042819643378,3.6358008252556573,100.0,0.0,True,2,
0.666667,125,35.00562951594464,3.8739316472959433,0.008657962392928792,5.8342715859907734,3.5708542234060965,125.00000000000003,-2.842170943040401e-14,True,2,
0.666667,150,42.81778916189087,3.8739316472959433,0.008657962392928795,7.136298193648479,3.503216838983938,150.00000000000006,-5.684341886080802e-14,True,2,
0.666667,175,50.98289723071637,3.8739316472959433,0.008657962392928795,8.497149538452728,3.4325236403898476,175.00000000000003,-2.842170943040401e-14,True,2,
0.666667,200,59.5536085947931,3.8739316472959433,0.008657962392928795,9.925601432465516,3.358318743719024,200.00000000000003,-2.842170943040401e-14,True,2,
0.666667,225,68.59713847298667,3.8739316472959433,0.008657962392928795,11.432856412164446,3.2800202021342955,225.0,0.0,True,2,
0.666667,250,78.20161247132611,3.8739316472959433,0.00865796239292879,13.033602078554352,3.1968650274528105,250.0,0.0,True,2,
0.666667,275,88.48649428636237,3.8739316472959433,0.008657962392928794,14.747749047727062,3.1078189074825096,275.00000000000006,-5.684341886080802e-14,True,2,
0.666667,300,99.62083683910465,3.8739316472959433,0.00865796239292879,16.60347280651744,3.01141818839088,300.0,0.0,True,2,
0.666667,325,111.85800834536465,3.8739316472959433,0.008657962392928795,18.64300139089411,2.905469217693861,325.0,0.0,True,2,
0.666667,350,125.6098052042529,3.8739316472959433,0.008657962392928794,20.934967534042148,2.7864066776544103,349.99999999999994,5.684341886080802e-14,True,2,
0.666667,375,141.63395448242744,3.8739316472959433,0.008657962392928794,23.605659080404575,2.647670195825298,375.0,0.0,True,2,
0.666667,400,161.66652780025186,3.8739316472959433,0.008657962392928797,26.944421300041977,2.474228929405985,400.0000000000001,-1.1368683772161603e-13,True,2,
0.666667,425,192.6851100719338,3.8739316472959433,0.008657962392928794,32.114185011988965,2.2056712106157956,425.00000000000006,-5.684341886080802e-14,True,2,
0.666667,450,,3.8739316472959433,0.008657962392928792,1.0,,,,False,1,No solution exists for discriminant 
0.666667,475,,3.8739316472959433,0.008657962392928792,1.0,,,,False,1,No solution exists for discriminant 
0.666667,500,,3.8739316472959433,0.008657962392928792,1.0,,,,False,1,No solution exists for discriminant 
0.666667,525,,3.8739316472959433,0.008657962392928792,1.0,,,,False,1,No solution exists for discriminant 
0.666667,550,,3.8739316472959433,0.008657962392928792,1.0,,,,False,1,No solution exists for discriminant 
0.666667,575,,3.8739316472959433,0.008657962392928792,1.0,,,,False,1,No solution exists for discriminant 
0.666667,600,,3.8739316472959433,0.008657962392928792,1.0,,,,False,1,No solution exists for discriminant 
0.666667,625,,3.8739316472959433,0.008657962392928792,1.0,,,,False,1,No solution exists for discriminant 
0.666667,650,,3.8739316472959433,0.008657962392928792,1.0,,,,False,1,No solution exists for discriminant 
0.666667,675,,3.8739316472959433,0.008657962392928792,1.0,,,,False,1,No solution exists for discriminant 
0.666667,700,,3.8739316472959433,0.008657962392928792,1.0,,,,False,1,No solution exists for discriminant 
0.666667,725,,3.8739316472959433,0.008657962392928792,1.0,,,,False,1,No solution exists for discriminant 
0.666667,750,,3.8739316472959433,0.008657962392928792,1.0,,,,False,1,No solution exists for discriminant 
0.666667,775,,3.8739316472959433,0.008657962392928792,1.0,,,,False,1,No solution exists for discriminant 
0.666667,800,,3.8739316472959433,0.008657962392928792,1.0,,,,False,1,No solution exists for discriminant 
0.666667,825,,3.8739316472959433,0.008657962392928792,1.0,,,,False,1,No solution exists for discriminant 
0.666667,850,,3.8739316472959433,0.008657962392928792,1.0,,,,False,1,No solution exists for discriminant 
0.666667,875,,3.8739316472959433,0.008657962392928792,1.0,,,,False,1,No solution exists for discriminant 
0.666667,900,,3.8739316472959433,0.008657962392928792,1.0,,,,False,1,No solution exists for discriminant 
0.666667,925,,3.8739316472959433,0.008657962392928792,1.0,,,,False,1,No solution exists for discriminant 
0.666667,950,,3.8739316472959433,0.008657962392928792,1.0,,,,False,1,No solution exists for discriminant 
0.666667,975,,3.8739316472959433,0.008657962392928792,1.0,,,,False,1,No solution exists for discriminant 
0.666667,1000,,3.8739316472959433,0.008657962392928792,1.0,,,,False,1,No solution exists for discriminant 
0.666667,1025,,3.8739316472959433,0.008657962392928792,1.0,,,,False,1,No solution exists for discriminant 
0.666667,1050,,3.8739316472959433,0.008657962392928792,1.0,,,,False,1,No solution exists for discriminant 
0.666667,1075,,3.8739316472959433,0.008657962392928792,1.0,,,,False,1,No solution exists for discriminant 
0.666667,1100,,3.8739316472959433,0.008657962392928792,1.0,,,,False,1,No solution exists for discriminant 
0.666667,1125,,3.8739316472959433,0.008657962392928792,1.0,,,,False,1,No solution exists for discriminant 
0.666667,1150,,3.8739316472959433,0.008657962392928792,1.0,,,,False,1,No solution exists for discriminant 
0.666667,1175,,3.8739316472959433,0.008657962392928792,1.0,,,,False,1,No solution exists for discriminant 
0.666667,1200,,3.8739316472959433,0.008657962392928792,1.0,,,,False,1,No solution exists for discriminant 
0.666667,1225,,3.8739316472959433,0.008657962392928792,1.0,,,,False,1,No solution exists for discriminant 
0.666667,1250,,3.8739316472959433,0.008657962392928792,1.0,,,,False,1,No solution exists for discriminant 
0.666667,1275,,3.8739316472959433,0.008657962392928792,1.0,,,,False,1,No solution exists for discriminant 
0.666667,1300,,3.8739316472959433,0.008657962392928792,1.0,,,,False,1,No solution exists for discriminant 
0.666667,1325,,3.8739316472959433,0.008657962392928792,1.0,,,,False,1,No solution exists for discriminant 
0.666667,1350,,3.8739316472959433,0.008657962392928792,1.0,,,,False,1,No solution exists for discriminant 
0.666667,1375,,3.8739316472959433,0.008657962392928792,1.0,,,,False,1,No solution exists for discriminant 
0.666667,1400,,3.8739316472959433,0.008657962392928792,1.0,,,,False,1,No solution exists for discriminant 
0.666667,1425,,3.8739316472959433,0.008657962392928792,1.0,,,,False,1,No solution exists for discriminant 
0.666667,1450,,3.8739316472959433,0.008657962392928792,1.0,,,,False,1,No solution exists for discriminant 
0.666667,1475,,3.8739316472959433,0.008657962392928792,1.0,,,,False,1,No solution exists for discriminant 
0.666667,1500,,3.8739316472959433,0.008657962392928792,1.0,,,,False,1,No solution exists for discriminant 
0.666667,1525,,3.8739316472959433,0.008657962392928792,1.0,,,,False,1,No solution exists for discriminant 
0.692308,-100,-24.331864031254376,3.9009100827204723,0.008586564491578654,4.05531067187573,4.109837202425161,-99.99999999999989,-1.1368683772161603e-13,True,2,
0.692308,-75,-18.47496959118651,3.9009100827204723,0.00858656449157866,3.079161598531085,4.05954660059515,-74.99999999999996,-4.263256414560601e-14,True,2,
0.692308,-50,-12.474965311657895,3.9009100827204723,0.008586564491578656,2.0791608852763157,4.00802717689923,-50.000000000000014,1.4210854715202004e-14,True,2,
0.692308,-25,-6.320818137801615,3.9009100827204723,0.008586564491578654,1.0534696896336024,3.9551841953002462,-25.00000000000008,8.171241461241152e-14,True,2,
0.692308,0,0.0,3.9009100827204723,0.008586564491578658,0.0,3.9009100827204723,0.0,0.0,True,1,
0.692308,25,6.501812173206173,3.9009100827204723,0.008586564491578658,1.0836353622010289,3.8450818531831064,25.00000000000007,-7.105427357601002e-14,True,2,
0.692308,50,13.201118580405941,3.9009100827204723,0.008586564491578658,2.200186430067657,3.7875578266688397,49.999999999999964,3.552713678800501e-14,True,2,
0.692308,75,20.117090094636183,3.9009100827204723,0.008586564491578656,3.3528483491060306,3.728173391239981,75.0,0.0,True,2,
0.692308,100,27.272215718144675,3.9009100827204723,0.00858656449157866,4.545369286357446,3.6667354436283777,100.00000000000003,-2.842170943040401e-14,True,2,
0.692308,125,34.693167015521574,3.9009100827204723,0.008586564491578654,5.782194502586929,3.603014966724587,125.0,0.0,True,2,
0.692308,150,42.41197562744851,3.9009100827204723,0.00858656449157866,7.068662604574752,3.5367369187801234,149.99999999999994,5.684341886080802e-14,True,2,
0.692308,175,50.46767472889984,3.9009100827204723,0.008586564491578661,8.411279121483306,3.467566138920759,174.99999999999997,2.842170943040401e-14,True,2,
0.692308,200,58.90864956717923,3.9009100827204723,0.008586564491578656,9.818108261196539,3.395087164100081,200.0,0.0,True,2,
0.692308,225,67.79611179190283,3.9009100827204723,0.008586564491578658,11.299351965317138,3.3187743965410226,225.00000000000003,-2.842170943040401e-14,True,2,
0.692308,250,77.20943360552201,3.9009100827204723,0.008586564491578658,12.868238934253668,3.237946301708397,250.0,0.0,True,2,
0.692308,275,87.25472593918916,3.9009100827204723,0.00858656449157866,14.542454323198193,3.1516917512486033,275.0,0.0,True,2,
0.692308,300,98.0794571574311,3.9009100827204723,0.008586564491578656,16.346576192905182,3.0587444985391645,300.00000000000006,-5.684341886080802e-14,True,2,
0.692308,325,109.89930159734422,3.9009100827204723,0.00858656449157866,18.316550266224038,2.9572526419754226,325.0,0.0,True,2,
0.692308,350,123.05267641893082,3.9009100827204723,0.008586564491578656,20.508779403155135,2.844310340787963,350.0,0.0,True,2,
0.692308,375,138.1287280835574,3.9009100827204723,0.008586564491578658,23.0214546805929,2.7148588508912743,374.99999999999994,5.684341886080802e-14,True,2,
0.692308,400,156.34510395090274,3.9009100827204723,0.00858656449157866,26.057517325150457,2.5584427647034764,400.0,0.0,True,2,
0.692308,425,181.30344809868367,3.9009100827204723,0.008586564491578658,30.21724134978061,2.344136333075541,425.00000000000006,-5.684341886080802e-14,True,2,
0.692308,450,,3.9009100827204723,0.008586564491578654,1.0,,,,False,1,No solution exists for discriminant 
0.692308,475,,3.9009100827204723,0.008586564491578654,1.0,,,,False,1,No solution exists for discriminant 
0.692308,500,,3.9009100827204723,0.008586564491578654,1.0,,,,False,1,No solution exists for discriminant 
0.692308,525,,3.9009100827204723,0.008586564491578654,1.0,,,,False,1,No solution exists for discriminant 
0.692308,550,,3.9009100827204723,0.008586564491578654,1.0,,,,False,1,No solution exists for discriminant 
0.692308,575,,3.9009100827204723,0.008586564491578654,1.0,,,,False,1,No solution exists for discriminant 
0.692308,600,,3.9009100827204723,0.008586564491578654,1.0,,,,False,1,No solution exists for discriminant 
0.692308,625,,3.9009100827204723,0.008586564491578654,1.0,,,,False,1,No solution exists for discriminant 
0.692308,650,,3.9009100827204723,0.008586564491578654,1.0,,,,False,1,No solution exists for discriminant 
0.692308,675,,3.9009100827204723,0.008586564491578654,1.0,,,,False,1,No solution exists for discriminant 
0.692308,700,,3.9009100827204723,0.008586564491578654,1.0,,,,False,1,No solution exists for discriminant 
0.692308,725,,3.9009100827204723,0.008586564491578654,1.0,,,,False,1,No solution exists for discriminant 
0.692308,750,,3.9009100827204723,0.008586564491578654,1.0,,,,False,1,No solution exists for discriminant 
0.692308,775,,3.9009100827204723,0.008586564491578654,1.0,,,,False,1,No solution exists for discriminant 
0.692308,800,,3.9009100827204723,0.008586564491578654,1.0,,,,False,1,No solution exists for discriminant 
0.692308,825,,3.9009100827204723,0.008586564491578654,1.0,,,,False,1,No solution exists for discriminant 
0.692308,850,,3.9009100827204723,0.008586564491578654,1.0,,,,False,1,No solution exists for discriminant 
0.692308,875,,3.9009100827204723,0.008586564491578654,1.0,,,,False,1,No solution exists for discriminant 
0.692308,900,,3.9009100827204723,0.008586564491578654,1.0,,,,False,1,No solution exists for discriminant 
0.692308,925,,3.9009100827204723,0.008586564491578654,1.0,,,,False,1,No solution exists for discriminant 
0.692308,950,,3.9009100827204723,0.008586564491578654,1.0,,,,False,1,No solution exists for discriminant 
0.692308,975,,3.9009100827204723,0.008586564491578654,1.0,,,,False,1,No solution exists for discriminant 
0.692308,1000,,3.9009100827204723,0.008586564491578654,1.0,,,,False,1,No solution exists for discriminant 
0.692308,1025,,3.9009100827204723,0.008586564491578654,1.0,,,,False,1,No solution exists for discriminant 
0.692308,1050,,3.9009100827204723,0.008586564491578654,1.0,,,,False,1,No solution exists for discriminant 
0.692308,1075,,3.9009100827204723,0.008586564491578654,1.0,,,,False,1,No solution exists for discriminant 
0.692308,1100,,3.9009100827204723,0.008586564491578654,1.0,,,,False,1,No solution exists for discriminant 
0.692308,1125,,3.9009100827204723,0.008586564491578654,1.0,,,,False,1,No solution exists for discriminant 
0.692308,1150,,3.9009100827204723,0.008586564491578654,1.0,,,,False,1,No solution exists for discriminant 
0.692308,1175,,3.9009100827204723,0.008586564491578654,1.0,,,,False,1,No solution exists for discriminant 
0.692308,1200,,3.9009100827204723,0.008586564491578654,1.0,,,,False,1,No solution exists for discriminant 
0.692308,1225,,3.9009100827204723,0.008586564491578654,1.0,,,,False,1,No solution exists for discriminant 
0.692308,1250,,3.9009100827204723,0.008586564491578654,1.0,,,,False,1,No solution exists for discriminant 
0.692308,1275,,3.9009100827204723,0.008586564491578654,1.0,,,,False,1,No solution exists for discriminant 
0.692308,1300,,3.9009100827204723,0.008586564491578654,1.0,,,,False,1,No solution exists for discriminant 
0.692308,1325,,3.9009100827204723,0.008586564491578654,1.0,,,,False,1,No solution exists for discriminant 
0.692308,1350,,3.9009100827204723,0.008586564491578654,1.0,,,,False,1,No solution exists for discriminant 
0.692308,1375,,3.9009100827204723,0.008586564491578654,1.0,,,,False,1,No solution exists for discriminant 
0.692308,1400,,3.9009100827204723,0.008586564491578654,1.0,,,,False,1,No solution exists for discriminant 
0.692308,1425,,3.9009100827204723,0.008586564491578654,1.0,,,,False,1,No solution exists for discriminant 
0.692308,1450,,3.9009100827204723,0.008586564491578654,1.0,,,,False,1,No solution exists for discriminant 
0.692308,1475,,3.9009100827204723,0.008586564491578654,1.0,,,,False,1,No solution exists for discriminant 
0.692308,1500,,3.9009100827204723,0.008586564491578654,1.0,,,,False,1,No solution exists for discriminant 
0.692308,1525,,3.9009100827204723,0.008586564491578654,1.0,,,,False,1,No solution exists for discriminant 
0.7179490000000001,-100,-24.176328366931042,3.926055126179166,0.008695375252794018,4.029388061155173,4.134615384615385,-99.95981920942643,-0.04018079057357227,True,2,
0.7179490000000001,-75,-18.35682175262221,3.926055126179166,0.008695375252794015,3.059470292103702,4.085674579766868,-75.00000000000006,5.684341886080802e-14,True,2,
0.7179490000000001,-50,-12.395150622720458,3.926055126179166,0.008695375252794013,2.065858437120076,4.033835612158624,-49.99999999999993,-7.105427357601002e-14,True,2,
0.7179490000000001,-25,-6.280357378677934,3.926055126179166,0.008695375252794015,1.0467262297796556,3.9806651903084243,-24.999999999999915,-8.526512829121202e-14,True,2,
0.7179490000000001,0,0.0,3.926055126179166,0.008695375252794015,0.0,3.926055126179166,0.0,0.0,True,1,
0.7179490000000001,25,6.460145739146095,3.926055126179166,0.008695375252794011,1.0766909565243492,3.869881734789552,25.000000000000025,-2.4868995751603507e-14,True,2,
0.7179490000000001,50,13.116465565415563,3.926055126179166,0.008695375252794017,2.186077594235927,3.812002536097527,50.00000000000001,-7.105427357601002e-15,True,2,
0.7179490000000001,75,19.987996565847546,3.926055126179166,0.008695375252794018,3.331332760974591,3.7522519954875637,75.00000000000003,-2.842170943040401e-14,True,2,
0.7179490000000001,100,27.09706975638514,3.926055126179166,0.008695375252794017,4.5161782927308565,3.6904359363962618,100.00000000000001,-1.4210854715202004e-14,True,2,
0.7179490000000001,125,34.47016791776314,3.926055126179166,0.008695375252794015,5.745027986293857,3.626324081107394,125.0,0.0,True,2,
0.7179490000000001,150,42.139094007975366,3.926055126179166,0.008695375252794018,7.023182334662561,3.5596398909670564,149.99999999999997,2.842170943040401e-14,True,2,
0.7179490000000001,175,50.142599748368305,3.926055126179166,0.008695375252794017,8.357099958061385,3.490046405216449,175.0,0.0,True,2,
0.7179490000000001,200,58.52871741908389,3.926055126179166,0.00869537525279402,9.754786236513981,3.4171259651554897,199.99999999999997,2.842170943040401e-14,True,2,
0.7179490000000001,225,67.35820594155386,3.926055126179166,0.00869537525279402,11.226367656925644,3.3403502491623756,225.00000000000006,-5.684341886080802e-14,True,2,
0.7179490000000001,250,76.70984065154302,3.926055126179166,0.008695375252794015,12.784973441923837,3.259034276131967,250.00000000000003,-2.842170943040401e-14,True,2,
0.7179490000000001,275,86.68891810687583,3.926055126179166,0.008695375252794013,14.448153017812638,3.172262452981151,275.00000000000006,-5.684341886080802e-14,True,2,
0.7179490000000001,300,97.44174543610418,3.926055126179166,0.008695375252794018,16.240290906017364,3.0787625843250113,300.0,0.0,True,2,
0.7179490000000001,325,109.18224087556295,3.926055126179166,0.008695375252794017,18.197040145927158,2.9766745708252005,325.0,0.0,True,2,
0.7179490000000001,350,122.24593762655601,3.926055126179166,0.008695375252794018,20.374322937759334,2.86308082538661,350.0,0.0,True,2,
0.7179490000000001,375,137.2166174377492,3.926055126179166,0.008695375252794017,22.869436239624864,2.732905146638858,375.00000000000006,-5.684341886080802e-14,True,2,
0.7179490000000001,400,155.29957710321352,3.926055126179166,0.008695375252794013,25.883262850535587,2.5756670266665074,400.0,0.0,True,2,
0.7179490000000001,425,180.05059283854393,3.926055126179166,0.008695375252794013,30.00843213975732,2.36044765696,424.99999999999994,5.684341886080802e-14,True,2,
0.7179490000000001,450,,3.926055126179166,0.008695375252794011,1.0,,,,False,1,No solution exists for discriminant 
0.7179490000000001,475,,3.926055126179166,0.008695375252794011,1.0,,,,False,1,No solution exists for discriminant 
0.7179490000000001,500,,3.926055126179166,0.008695375252794011,1.0,,,,False,1,No solution exists for discriminant 
0.7179490000000001,525,,3.926055126179166,0.008695375252794011,1.0,,,,False,1,No solution exists for discriminant 
0.7179490000000001,550,,3.926055126179166,0.008695375252794011,1.0,,,,False,1,No solution exists for discriminant 
0.7179490000000001,575,,3.926055126179166,0.008695375252794011,1.0,,,,False,1,No solution exists for discriminant 
0.7179490000000001,600,,3.926055126179166,0.008695375252794011,1.0,,,,False,1,No solution exists for discriminant 
0.7179490000000001,625,,3.926055126179166,0.008695375252794011,1.0,,,,False,1,No solution exists for discriminant 
0.7179490000000001,650,,3.926055126179166,0.008695375252794011,1.0,,,,False,1,No solution exists for discriminant 
0.7179490000000001,675,,3.926055126179166,0.008695375252794011,1.0,,,,False,1,No solution exists for discriminant 
0.7179490000000001,700,,3.926055126179166,0.008695375252794011,1.0,,,,False,1,No solution exists for discriminant 
0.7179490000000001,725,,3.926055126179166,0.008695375252794011,1.0,,,,False,1,No solution exists for discriminant 
0.7179490000000001,750,,3.926055126179166,0.008695375252794011,1.0,,,,False,1,No solution exists for discriminant 
0.7179490000000001,775,,3.926055126179166,0.008695375252794011,1.0,,,,False,1,No solution exists for discriminant 
0.7179490000000001,800,,3.926055126179166,0.008695375252794011,1.0,,,,False,1,No solution exists for discriminant 
0.7179490000000001,825,,3.926055126179166,0.008695375252794011,1.0,,,,False,1,No solution exists for discriminant 
0.7179490000000001,850,,3.926055126179166,0.008695375252794011,1.0,,,,False,1,No solution exists for discriminant 
0.7179490000000001,875,,3.926055126179166,0.008695375252794011,1.0,,,,False,1,No solution exists for discriminant 
0.7179490000000001,900,,3.926055126179166,0.008695375252794011,1.0,,,,False,1,No solution exists for discriminant 
0.7179490000000001,925,,3.926055126179166,0.008695375252794011,1.0,,,,False,1,No solution exists for discriminant 
0.7179490000000001,950,,3.926055126179166,0.008695375252794011,1.0,,,,False,1,No solution exists for discriminant 
0.7179490000000001,975,,3.926055126179166,0.008695375252794011,1.0,,,,False,1,No solution exists for discriminant 
0.7179490000000001,1000,,3.926055126179166,0.008695375252794011,1.0,,,,False,1,No solution exists for discriminant 
0.7179490000000001,1025,,3.926055126179166,0.008695375252794011,1.0,,,,False,1,No solution exists for discriminant 
0.7179490000000001,1050,,3.926055126179166,0.008695375252794011,1.0,,,,False,1,No solution exists for discriminant 
0.7179490000000001,1075,,3.926055126179166,0.008695375252794011,1.0,,,,False,1,No solution exists for discriminant 
0.7179490000000001,1100,,3.926055126179166,0.008695375252794011,1.0,,,,False,1,No solution exists for discriminant 
0.7179490000000001,1125,,3.926055126179166,0.008695375252794011,1.0,,,,False,1,No solution exists for discriminant 
0.7179490000000001,1150,,3.926055126179166,0.008695375252794011,1.0,,,,False,1,No solution exists for discriminant 
0.7179490000000001,1175,,3.926055126179166,0.008695375252794011,1.0,,,,False,1,No solution exists for discriminant 
0.7179490000000001,1200,,3.926055126179166,0.008695375252794011,1.0,,,,False,1,No solution exists for discriminant 
0.7179490000000001,1225,,3.926055126179166,0.008695375252794011,1.0,,,,False,1,No solution exists for discriminant 
0.7179490000000001,1250,,3.926055126179166,0.008695375252794011,1.0,,,,False,1,No solution exists for discriminant 
0.7179490000000001,1275,,3.926055126179166,0.008695375252794011,1.0,,,,False,1,No solution exists for discriminant 
0.7179490000000001,1300,,3.926055126179166,0.008695375252794011,1.0,,,,False,1,No solution exists for discriminant 
0.7179490000000001,1325,,3.926055126179166,0.008695375252794011,1.0,,,,False,1,No solution exists for discriminant 
0.7179490000000001,1350,,3.926055126179166,0.008695375252794011,1.0,,,,False,1,No solution exists for discriminant 
0.7179490000000001,1375,,3.926055126179166,0.008695375252794011,1.0,,,,False,1,No solution exists for discriminant 
0.7179490000000001,1400,,3.926055126179166,0.008695375252794011,1.0,,,,False,1,No solution exists for discriminant 
0.7179490000000001,1425,,3.926055126179166,0.008695375252794011,1.0,,,,False,1,No solution exists for discriminant 
0.7179490000000001,1450,,3.926055126179166,0.008695375252794011,1.0,,,,False,1,No solution exists for discriminant 
0.7179490000000001,1475,,3.926055126179166,0.008695375252794011,1.0,,,,False,1,No solution exists for discriminant 
0.7179490000000001,1500,,3.926055126179166,0.008695375252794011,1.0,,,,False,1,No solution exists for discriminant 
0.7179490000000001,1525,,3.926055126179166,0.008695375252794011,1.0,,,,False,1,No solution exists for discriminant 
0.7435900000000001,-100,-24.00764610209191,3.9504779165920474,0.008949720587138563,4.001274350348652,4.134615384615385,-99.2623829221108,-0.7376170778891975,True,2,
0.7435900000000001,-75,-18.231987696082914,3.9504779165920474,0.008949720587138558,3.038664616013819,4.113649112220138,-74.99999999999996,-4.263256414560601e-14,True,2,
0.7435900000000001,-50,-12.313215434910981,3.9504779165920474,0.008949720587138558,2.0522025724851636,4.060677754263742,-49.99999999999997,-2.842170943040401e-14,True,2,
0.7435900000000001,-25,-6.240132234721472,3.9504779165920474,0.00894972058713856,1.0400220391202453,4.006325356519601,-24.999999999999954,-4.618527782440651e-14,True,2,
0.7435900000000001,0,0.0,3.9504779165920474,0.008949720587138558,0.0,3.9504779165920474,0.0,0.0,True,1,
0.7435900000000001,25,6.4217747241748615,3.9504779165920474,0.00894972058713856,1.070295787362477,3.8930048271371334,24.999999999999968,3.197442310920451e-14,True,2,
0.7435900000000001,50,13.0420426881387,3.9504779165920474,0.008949720587138561,2.17367378135645,3.8337552786476725,50.00000000000002,-2.1316282072803006e-14,True,2,
0.7435900000000001,75,19.880433276526254,3.9504779165920474,0.008949720587138563,3.313405546087709,3.7725535936158856,74.99999999999996,4.263256414560601e-14,True,2,
0.7435900000000001,100,26.960041696539164,3.9504779165920474,0.00894972058713856,4.493340282756527,3.7091930763904166,100.00000000000001,-1.4210854715202004e-14,True,2,
0.7435900000000001,125,34.308351455859864,3.9504779165920474,0.008949720587138563,5.718058575976644,3.6434277572567533,124.99999999999997,2.842170943040401e-14,True,2,
0.7435900000000001,150,41.95849879356375,3.9504779165920474,0.008949720587138565,6.993083132260625,3.574961076133861,149.99999999999997,2.842170943040401e-14,True,2,
0.7435900000000001,175,49.951048067792286,3.9504779165920474,0.008949720587138563,8.32517467796538,3.503429993350579,174.99999999999997,2.842170943040401e-14,True,2,
0.7435900000000001,200,58.33655569452635,3.9504779165920474,0.008949720587138561,9.722759282421059,3.4283820431099894,199.99999999999994,5.684341886080802e-14,True,2,
0.7435900000000001,225,67.17939829324027,3.9504779165920474,0.00894972058713856,11.196566382206711,3.349241072655454,225.0,0.0,True,2,
0.7435900000000001,250,76.56372225962608,3.9504779165920474,0.008949720587138565,12.760620376604345,3.2652539952571127,249.99999999999997,2.842170943040401e-14,True,2,
0.7435900000000001,275,86.60315742461864,3.9504779165920474,0.008949720587138566,14.433859570769775,3.175403855677736,275.0,0.0,True,2,
0.7435900000000001,300,97.45769271228667,3.9504779165920474,0.008949720587138563,16.242948785381113,3.0782587977498714,300.0,0.0,True,2,
0.7435900000000001,325,109.36546893508027,3.9504779165920474,0.008949720587138565,18.22757815584671,2.9716875277416963,325.0,0.0,True,2,
0.7435900000000001,350,122.70969055591912,3.9504779165920474,0.008949720587138561,20.45161509265319,2.8522604727823357,350.0,0.0,True,2,
0.7435900000000001,375,138.18430062928755,3.9504779165920474,0.008949720587138563,23.030716771547926,2.7137670364307684,375.00000000000006,-5.684341886080802e-14,True,2,
0.7435900000000001,400,157.33116084856104,3.9504779165920474,0.008949720587138563,26.22186014142684,2.5424079873472722,400.00000000000006,-5.684341886080802e-14,True,2,
0.7435900000000001,425,185.73641015388483,3.9504779165920474,0.00894972058713856,30.956068358980804,2.288188942856613,425.00000000000006,-5.684341886080802e-14,True,2,
0.7435900000000001,450,,3.9504779165920474,0.008949720587138558,1.0,,,,False,1,No solution exists for discriminant 
0.7435900000000001,475,,3.9504779165920474,0.008949720587138558,1.0,,,,False,1,No solution exists for discriminant 
0.7435900000000001,500,,3.9504779165920474,0.008949720587138558,1.0,,,,False,1,No solution exists for discriminant 
0.7435900000000001,525,,3.9504779165920474,0.008949720587138558,1.0,,,,False,1,No solution exists for discriminant 
0.7435900000000001,550,,3.9504779165920474,0.008949720587138558,1.0,,,,False,1,No solution exists for discriminant 
0.7435900000000001,575,,3.9504779165920474,0.008949720587138558,1.0,,,,False,1,No solution exists for discriminant 
0.7435900000000001,600,,3.9504779165920474,0.008949720587138558,1.0,,,,False,1,No solution exists for discriminant 
0.7435900000000001,625,,3.9504779165920474,0.008949720587138558,1.0,,,,False,1,No solution exists for discriminant 
0.7435900000000001,650,,3.9504779165920474,0.008949720587138558,1.0,,,,False,1,No solution exists for discriminant 
0.7435900000000001,675,,3.9504779165920474,0.008949720587138558,1.0,,,,False,1,No solution exists for discriminant 
0.7435900000000001,700,,3.9504779165920474,0.008949720587138558,1.0,,,,False,1,No solution exists for discriminant 
0.7435900000000001,725,,3.9504779165920474,0.008949720587138558,1.0,,,,False,1,No solution exists for discriminant 
0.7435900000000001,750,,3.9504779165920474,0.008949720587138558,1.0,,,,False,1,No solution exists for discriminant 
0.7435900000000001,775,,3.9504779165920474,0.008949720587138558,1.0,,,,False,1,No solution exists for discriminant 
0.7435900000000001,800,,3.9504779165920474,0.008949720587138558,1.0,,,,False,1,No solution exists for discriminant 
0.7435900000000001,825,,3.9504779165920474,0.008949720587138558,1.0,,,,False,1,No solution exists for discriminant 
0.7435900000000001,850,,3.9504779165920474,0.008949720587138558,1.0,,,,False,1,No solution exists for discriminant 
0.7435900000000001,875,,3.9504779165920474,0.008949720587138558,1.0,,,,False,1,No solution exists for discriminant 
0.7435900000000001,900,,3.9504779165920474,0.008949720587138558,1.0,,,,False,1,No solution exists for discriminant 
0.7435900000000001,925,,3.9504779165920474,0.008949720587138558,1.0,,,,False,1,No solution exists for discriminant 
0.7435900000000001,950,,3.9504779165920474,0.008949720587138558,1.0,,,,False,1,No solution exists for discriminant 
0.7435900000000001,975,,3.9504779165920474,0.008949720587138558,1.0,,,,False,1,No solution exists for discriminant 
0.7435900000000001,1000,,3.9504779165920474,0.008949720587138558,1.0,,,,False,1,No solution exists for discriminant 
0.7435900000000001,1025,,3.9504779165920474,0.008949720587138558,1.0,,,,False,1,No solution exists for discriminant 
0.7435900000000001,1050,,3.9504779165920474,0.008949720587138558,1.0,,,,False,1,No solution exists for discriminant 
0.7435900000000001,1075,,3.9504779165920474,0.008949720587138558,1.0,,,,False,1,No solution exists for discriminant 
0.7435900000000001,1100,,3.9504779165920474,0.008949720587138558,1.0,,,,False,1,No solution exists for discriminant 
0.7435900000000001,1125,,3.9504779165920474,0.008949720587138558,1.0,,,,False,1,No solution exists for discriminant 
0.7435900000000001,1150,,3.9504779165920474,0.008949720587138558,1.0,,,,False,1,No solution exists for discriminant 
0.7435900000000001,1175,,3.9504779165920474,0.008949720587138558,1.0,,,,False,1,No solution exists for discriminant 
0.7435900000000001,1200,,3.9504779165920474,0.008949720587138558,1.0,,,,False,1,No solution exists for discriminant 
0.7435900000000001,1225,,3.9504779165920474,0.008949720587138558,1.0,,,,False,1,No solution exists for discriminant 
0.7435900000000001,1250,,3.9504779165920474,0.008949720587138558,1.0,,,,False,1,No solution exists for discriminant 
0.7435900000000001,1275,,3.9504779165920474,0.008949720587138558,1.0,,,,False,1,No solution exists for discriminant 
0.7435900000000001,1300,,3.9504779165920474,0.008949720587138558,1.0,,,,False,1,No solution exists for discriminant 
0.7435900000000001,1325,,3.9504779165920474,0.008949720587138558,1.0,,,,False,1,No solution exists for discriminant 
0.7435900000000001,1350,,3.9504779165920474,0.008949720587138558,1.0,,,,False,1,No solution exists for discriminant 
0.7435900000000001,1375,,3.9504779165920474,0.008949720587138558,1.0,,,,False,1,No solution exists for discriminant 
0.7435900000000001,1400,,3.9504779165920474,0.008949720587138558,1.0,,,,False,1,No solution exists for discriminant 
0.7435900000000001,1425,,3.9504779165920474,0.008949720587138558,1.0,,,,False,1,No solution exists for discriminant 
0.7435900000000001,1450,,3.9504779165920474,0.008949720587138558,1.0,,,,False,1,No solution exists for discriminant 
0.7435900000000001,1475,,3.9504779165920474,0.008949720587138558,1.0,,,,False,1,No solution exists for discriminant 
0.7435900000000001,1500,,3.9504779165920474,0.008949720587138558,1.0,,,,False,1,No solution exists for discriminant 
0.7435900000000001,1525,,3.9504779165920474,0.008949720587138558,1.0,,,,False,1,No solution exists for discriminant 
0.769231,-100,-23.834640255411802,3.975957665278692,0.009214171480032639,3.9724400425686337,4.134615384615385,-98.54707028679881,-1.4529297132011862,True,2,
0.769231,-75,-18.103831387337447,3.975957665278692,0.009214171480032642,3.017305231222908,4.134615384615385,-74.85237977456829,-0.14762022543170872,True,2,
0.769231,-50,-12.229011599065233,3.975957665278692,0.009214171480032639,2.0381685998442056,4.088637875183787,-49.99999999999996,-4.263256414560601e-14,True,2,
0.769231,-25,-6.198745715583705,3.975957665278692,0.00921417148003264,1.0331242859306176,4.033073971263198,-24.999999999999904,-9.592326932761353e-14,True,2,
0.769231,0,0.0,3.975957665278692,0.00921417148003264,0.0,3.975957665278692,0.0,0.0,True,1,
0.769231,25,6.382189377586011,3.975957665278692,0.009214171480032639,1.0636982295976685,3.9171510779355714,24.999999999999996,3.552713678800501e-15,True,2,
0.769231,50,12.965141888261616,3.975957665278692,0.009214171480032646,2.160856981376936,3.8564946246572953,50.00000000000006,-5.684341886080802e-14,True,2,
0.769231,75,19.769087007410093,3.975957665278692,0.009214171480032642,3.294847834568349,3.79380190758873,74.99999999999999,1.4210854715202004e-14,True,2,
0.769231,100,26.817898520610644,3.975957665278692,0.009214171480032642,4.469649753435108,3.7288529495756717,100.00000000000004,-4.263256414560601e-14,True,2,
0.769231,125,34.140085767723804,3.975957665278692,0.00921417148003264,5.690014294620634,3.6613850606718628,125.00000000000001,-1.4210854715202004e-14,True,2,
0.769231,150,41.77016107793392,3.975957665278692,0.009214171480032642,6.961693512988987,3.591080238358024,150.0,0.0,True,2,
0.769231,175,49.750574164587285,3.975957665278692,0.009214171480032642,8.291762360764547,3.517547343696103,174.99999999999997,2.842170943040401e-14,True,2,
0.769231,200,58.13453035038358,3.975957665278692,0.009214171480032647,9.689088391730596,3.4402961337190954,200.00000000000003,-2.842170943040401e-14,True,2,
0.769231,225,66.9902428316151,3.975957665278692,0.009214171480032646,11.165040471935852,3.3586980803391624,225.0,0.0,True,2,
0.769231,250,76.4076265672431,3.975957665278692,0.009214171480032646,12.73460442787385,3.2719246917058156,249.99999999999997,2.842170943040401e-14,True,2,
0.769231,275,86.50940311018894,3.975957665278692,0.009214171480032644,14.418233851698156,3.1788451903861414,275.0,0.0,True,2,
0.769231,300,97.4707933914722,3.975957665278692,0.009214171480032644,16.245132231912034,3.0778450606748344,300.0,0.0,True,2,
0.769231,325,109.55765206666331,3.975957665278692,0.00921417148003264,18.25960867777722,2.9664746721867035,324.99999999999994,5.684341886080802e-14,True,2,
0.769231,350,123.2099219105328,3.975957665278692,0.009214171480032646,20.5349869850888,2.840680316753611,350.0,0.0,True,2,
0.769231,375,139.26125274735773,3.975957665278692,0.009214171480032646,23.21020879122629,2.6927806019403704,375.0,0.0,True,2,
0.769231,400,159.73740006507725,3.975957665278692,0.009214171480032644,26.62290001084621,2.5041098693044925,400.00000000000006,-5.684341886080802e-14,True,2,
0.769231,425,195.14991703142428,3.975957665278692,0.009214171480032644,32.52498617190405,2.1778128654370055,425.0,0.0,True,2,
0.769231,450,,3.975957665278692,0.00921417148003264,1.0,,,,False,1,No solution exists for discriminant 
0.769231,475,,3.975957665278692,0.00921417148003264,1.0,,,,False,1,No solution exists for discriminant 
0.769231,500,,3.975957665278692,0.00921417148003264,1.0,,,,False,1,No solution exists for discriminant 
0.769231,525,,3.975957665278692,0.00921417148003264,1.0,,,,False,1,No solution exists for discriminant 
0.769231,550,,3.975957665278692,0.00921417148003264,1.0,,,,False,1,No solution exists for discriminant 
0.769231,575,,3.975957665278692,0.00921417148003264,1.0,,,,False,1,No solution exists for discriminant 
0.769231,600,,3.975957665278692,0.00921417148003264,1.0,,,,False,1,No solution exists for discriminant 
0.769231,625,,3.975957665278692,0.00921417148003264,1.0,,,,False,1,No solution exists for discriminant 
0.769231,650,,3.975957665278692,0.00921417148003264,1.0,,,,False,1,No solution exists for discriminant 
0.769231,675,,3.975957665278692,0.00921417148003264,1.0,,,,False,1,No solution exists for discriminant 
0.769231,700,,3.975957665278692,0.00921417148003264,1.0,,,,False,1,No solution exists for discriminant 
0.769231,725,,3.975957665278692,0.00921417148003264,1.0,,,,False,1,No solution exists for discriminant 
0.769231,750,,3.975957665278692,0.00921417148003264,1.0,,,,False,1,No solution exists for discriminant 
0.769231,775,,3.975957665278692,0.00921417148003264,1.0,,,,False,1,No solution exists for discriminant 
0.769231,800,,3.975957665278692,0.00921417148003264,1.0,,,,False,1,No solution exists for discriminant 
0.769231,825,,3.975957665278692,0.00921417148003264,1.0,,,,False,1,No solution exists for discriminant 
0.769231,850,,3.975957665278692,0.00921417148003264,1.0,,,,False,1,No solution exists for discriminant 
0.769231,875,,3.975957665278692,0.00921417148003264,1.0,,,,False,1,No solution exists for discriminant 
0.769231,900,,3.975957665278692,0.00921417148003264,1.0,,,,False,1,No solution exists for discriminant 
0.769231,925,,3.975957665278692,0.00921417148003264,1.0,,,,False,1,No solution exists for discriminant 
0.769231,950,,3.975957665278692,0.00921417148003264,1.0,,,,False,1,No solution exists for discriminant 
0.769231,975,,3.975957665278692,0.00921417148003264,1.0,,,,False,1,No solution exists for discriminant 
0.769231,1000,,3.975957665278692,0.00921417148003264,1.0,,,,False,1,No solution exists for discriminant 
0.769231,1025,,3.975957665278692,0.00921417148003264,1.0,,,,False,1,No solution exists for discriminant 
0.769231,1050,,3.975957665278692,0.00921417148003264,1.0,,,,False,1,No solution exists for discriminant 
0.769231,1075,,3.975957665278692,0.00921417148003264,1.0,,,,False,1,No solution exists for discriminant 
0.769231,1100,,3.975957665278692,0.00921417148003264,1.0,,,,False,1,No solution exists for discriminant 
0.769231,1125,,3.975957665278692,0.00921417148003264,1.0,,,,False,1,No solution exists for discriminant 
0.769231,1150,,3.975957665278692,0.00921417148003264,1.0,,,,False,1,No solution exists for discriminant 
0.769231,1175,,3.975957665278692,0.00921417148003264,1.0,,,,False,1,No solution exists for discriminant 
0.769231,1200,,3.975957665278692,0.00921417148003264,1.0,,,,False,1,No solution exists for discriminant 
0.769231,1225,,3.975957665278692,0.00921417148003264,1.0,,,,False,1,No solution exists for discriminant 
0.769231,1250,,3.975957665278692,0.00921417148003264,1.0,,,,False,1,No solution exists for discriminant 
0.769231,1275,,3.975957665278692,0.00921417148003264,1.0,,,,False,1,No solution exists for discriminant 
0.769231,1300,,3.975957665278692,0.00921417148003264,1.0,,,,False,1,No solution exists for discriminant 
0.769231,1325,,3.975957665278692,0.00921417148003264,1.0,,,,False,1,No solution exists for discriminant 
0.769231,1350,,3.975957665278692,0.00921417148003264,1.0,,,,False,1,No solution exists for discriminant 
0.769231,1375,,3.975957665278692,0.00921417148003264,1.0,,,,False,1,No solution exists for discriminant 
0.769231,1400,,3.975957665278692,0.00921417148003264,1.0,,,,False,1,No solution exists for discriminant 
0.769231,1425,,3.975957665278692,0.00921417148003264,1.0,,,,False,1,No solution exists for discriminant 
0.769231,1450,,3.975957665278692,0.00921417148003264,1.0,,,,False,1,No solution exists for discriminant 
0.769231,1475,,3.975957665278692,0.00921417148003264,1.0,,,,False,1,No solution exists for discriminant 
0.769231,1500,,3.975957665278692,0.00921417148003264,1.0,,,,False,1,No solution exists for discriminant 
0.769231,1525,,3.975957665278692,0.00921417148003264,1.0,,,,False,1,No solution exists for discriminant 
0.794872,-100,-23.676466446140633,4.000402628907392,0.009427107502433028,3.946077741023439,4.134615384615385,-97.89308242154301,-2.1069175784569865,True,2,
0.794872,-75,-17.985798341444912,4.000402628907392,0.009427107502433023,2.9976330569074854,4.134615384615385,-74.364358527128,-0.6356414728719955,True,2,
0.794872,-50,-12.150816855526292,4.000402628907392,0.009427107502433025,2.0251361425877152,4.114949685646813,-49.999999999999915,-8.526512829121202e-14,True,2,
0.794872,-25,-6.159952036342355,4.000402628907392,0.009427107502433023,1.026658672723726,4.058473158963823,-24.999999999999993,-7.105427357601002e-15,True,2,
0.794872,0,0.0,4.000402628907392,0.009427107502433025,0.0,4.000402628907392,0.0,0.0,True,1,
0.794872,25,6.3442196095099765,4.000402628907392,0.009427107502433023,1.0573699349183294,3.940594988629498,25.000000000000007,-7.105427357601002e-15,True,2,
0.794872,50,12.89030442095538,4.000402628907392,0.00942710750243302,2.14838407015923,3.878884343391958,49.999999999999964,3.552713678800501e-14,True,2,
0.794872,75,19.658845214214196,4.000402628907392,0.009427107502433025,3.2764742023690325,3.815076581699304,75.00000000000001,-1.4210854715202004e-14,True,2,
0.794872,100,26.674191200502545,4.000402628907392,0.009427107502433023,4.445698533417091,3.7489421609198015,99.99999999999996,4.263256414560601e-14,True,2,
0.794872,125,33.96548690690546,4.000402628907392,0.009427107502433025,5.660914484484244,3.680206332463513,125.00000000000001,-1.4210854715202004e-14,True,2,
0.794872,150,41.56810868487461,4.000402628907392,0.009427107502433023,6.928018114145768,3.6085355996622592,149.99999999999997,2.842170943040401e-14,True,2,
0.794872,175,49.52570694425347,4.000402628907392,0.009427107502433028,8.254284490708912,3.5335184654099208,174.99999999999997,2.842170943040401e-14,True,2,
0.794872,200,57.89319901705803,4.000402628907392,0.009427107502433031,9.648866502843005,3.454637218113836,200.0,0.0,True,2,
0.794872,225,66.74131688305503,4.000402628907392,0.00942710750243303,11.123552813842506,3.371225059796884,224.99999999999997,2.842170943040401e-14,True,2,
0.794872,250,76.1638282607429,4.000402628907392,0.009427107502433026,12.693971376790484,3.2823980320965225,250.0,0.0,True,2,
0.794872,275,86.28964658646177,4.000402628907392,0.009427107502433028,14.381607764410296,3.1869408541898636,274.99999999999994,5.684341886080802e-14,True,2,
0.794872,300,97.30461011679265,4.000402628907392,0.009427107502433026,16.21743501946544,3.0831016088540557,300.00000000000006,-5.684341886080802e-14,True,2,
0.794872,325,109.49446663911826,4.000402628907392,0.009427107502433028,18.249077773186375,2.9681865209788576,325.0,0.0,True,2,
0.794872,350,123.34156557760204,4.000402628907392,0.009427107502433028,20.556927596267005,2.8376484306889447,350.0,0.0,True,2,
0.794872,375,139.79082458718534,4.000402628907392,0.009427107502433028,23.29847076453089,2.682579497670238,375.0,0.0,True,2,
0.794872,400,161.30689833026054,4.000402628907392,0.009427107502433028,26.88448305504342,2.4797451574639915,400.0,0.0,True,2,
0.794872,425,,4.000402628907392,0.009427107502433023,1.0,,,,False,1,No solution exists for discriminant 
0.794872,450,,4.000402628907392,0.009427107502433023,1.0,,,,False,1,No solution exists for discriminant 
0.794872,475,,4.000402628907392,0.009427107502433023,1.0,,,,False,1,No solution exists for discriminant 
0.794872,500,,4.000402628907392,0.009427107502433023,1.0,,,,False,1,No solution exists for discriminant 
0.794872,525,,4.000402628907392,0.009427107502433023,1.0,,,,False,1,No solution exists for discriminant 
0.794872,550,,4.000402628907392,0.009427107502433023,1.0,,,,False,1,No solution exists for discriminant 
0.794872,575,,4.000402628907392,0.009427107502433023,1.0,,,,False,1,No solution exists for discriminant 
0.794872,600,,4.000402628907392,0.009427107502433023,1.0,,,,False,1,No solution exists for discriminant 
0.794872,625,,4.000402628907392,0.009427107502433023,1.0,,,,False,1,No solution exists for discriminant 
0.794872,650,,4.000402628907392,0.009427107502433023,1.0,,,,False,1,No solution exists for discriminant 
0.794872,675,,4.000402628907392,0.009427107502433023,1.0,,,,False,1,No solution exists for discriminant 
0.794872,700,,4.000402628907392,0.009427107502433023,1.0,,,,False,1,No solution exists for discriminant 
0.794872,725,,4.000402628907392,0.009427107502433023,1.0,,,,False,1,No solution exists for discriminant 
0.794872,750,,4.000402628907392,0.009427107502433023,1.0,,,,False,1,No solution exists for discriminant 
0.794872,775,,4.000402628907392,0.009427107502433023,1.0,,,,False,1,No solution exists for discriminant 
0.794872,800,,4.000402628907392,0.009427107502433023,1.0,,,,False,1,No solution exists for discriminant 
0.794872,825,,4.000402628907392,0.009427107502433023,1.0,,,,False,1,No solution exists for discriminant 
0.794872,850,,4.000402628907392,0.009427107502433023,1.0,,,,False,1,No solution exists for discriminant 
0.794872,875,,4.000402628907392,0.009427107502433023,1.0,,,,False,1,No solution exists for discriminant 
0.794872,900,,4.000402628907392,0.009427107502433023,1.0,,,,False,1,No solution exists for discriminant 
0.794872,925,,4.000402628907392,0.009427107502433023,1.0,,,,False,1,No solution exists for discriminant 
0.794872,950,,4.000402628907392,0.009427107502433023,1.0,,,,False,1,No solution exists for discriminant 
0.794872,975,,4.000402628907392,0.009427107502433023,1.0,,,,False,1,No solution exists for discriminant 
0.794872,1000,,4.000402628907392,0.009427107502433023,1.0,,,,False,1,No solution exists for discriminant 
0.794872,1025,,4.000402628907392,0.009427107502433023,1.0,,,,False,1,No solution exists for discriminant 
0.794872,1050,,4.000402628907392,0.009427107502433023,1.0,,,,False,1,No solution exists for discriminant 
0.794872,1075,,4.000402628907392,0.009427107502433023,1.0,,,,False,1,No solution exists for discriminant 
0.794872,1100,,4.000402628907392,0.009427107502433023,1.0,,,,False,1,No solution exists for discriminant 
0.794872,1125,,4.000402628907392,0.009427107502433023,1.0,,,,False,1,No solution exists for discriminant 
0.794872,1150,,4.000402628907392,0.009427107502433023,1.0,,,,False,1,No solution exists for discriminant 
0.794872,1175,,4.000402628907392,0.009427107502433023,1.0,,,,False,1,No solution exists for discriminant 
0.794872,1200,,4.000402628907392,0.009427107502433023,1.0,,,,False,1,No solution exists for discriminant 
0.794872,1225,,4.000402628907392,0.009427107502433023,1.0,,,,False,1,No solution exists for discriminant 
0.794872,1250,,4.000402628907392,0.009427107502433023,1.0,,,,False,1,No solution exists for discriminant 
0.794872,1275,,4.000402628907392,0.009427107502433023,1.0,,,,False,1,No solution exists for discriminant 
0.794872,1300,,4.000402628907392,0.009427107502433023,1.0,,,,False,1,No solution exists for discriminant 
0.794872,1325,,4.000402628907392,0.009427107502433023,1.0,,,,False,1,No solution exists for discriminant 
0.794872,1350,,4.000402628907392,0.009427107502433023,1.0,,,,False,1,No solution exists for discriminant 
0.794872,1375,,4.000402628907392,0.009427107502433023,1.0,,,,False,1,No solution exists for discriminant 
0.794872,1400,,4.000402628907392,0.009427107502433023,1.0,,,,False,1,No solution exists for discriminant 
0.794872,1425,,4.000402628907392,0.009427107502433023,1.0,,,,False,1,No solution exists for discriminant 
0.794872,1450,,4.000402628907392,0.009427107502433023,1.0,,,,False,1,No solution exists for discriminant 
0.794872,1475,,4.000402628907392,0.009427107502433023,1.0,,,,False,1,No solution exists for discriminant 
0.794872,1500,,4.000402628907392,0.009427107502433023,1.0,,,,False,1,No solution exists for discriminant 
0.794872,1525,,4.000402628907392,0.009427107502433023,1.0,,,,False,1,No solution exists for discriminant 
0.820513,-100,-23.553235051583478,4.0202865968042,0.009570433697469976,3.925539175263913,4.134615384615385,-97.38356800173939,-2.616431998260609,True,2,
0.820513,-75,-17.893217096651966,4.0202865968042,0.009570433697469969,2.9822028494419945,4.134615384615385,-73.98157068808025,-1.0184293119197463,True,2,
0.820513,-50,-12.089022255907855,4.0202865968042,0.00957043369746997,2.014837042651309,4.134615384615385,-49.98345740423441,-0.016542595765592694,True,2,
0.820513,-25,-6.129037108970926,4.0202865968042,0.009570433697469965,1.0215061848284877,4.078944140084939,-25.000000000000096,9.592326932761353e-14,True,2,
0.820513,0,0.0,4.0202865968042,0.009570433697469969,0.0,4.0202865968042,0.0,0.0,True,1,
0.820513,25,6.31334632661383,4.0202865968042,0.009570433697469972,1.0522243877689716,3.959865134376177,25.000000000000018,-1.7763568394002505e-14,True,2,
0.820513,50,12.828702295443296,4.0202865968042,0.00957043369746997,2.1381170492405492,3.8975103520610794,49.99999999999998,2.1316282072803006e-14,True,2,
0.820513,75,19.566797046036616,4.0202865968042,0.00957043369746997,3.2611328410061025,3.8330238630032554,74.99999999999996,4.263256414560601e-14,True,2,
0.820513,100,26.552167804645478,4.0202865968042,0.009570433697469972,4.425361300774246,3.766170835305744,99.99999999999994,5.684341886080802e-14,True,2,
0.820513,125,33.814217791648296,4.0202865968042,0.009570433697469972,5.635702965274716,3.6966698673974205,125.0,0.0,True,2,
0.820513,150,41.38868494842011,4.0202865968042,0.009570433697469972,6.898114158070018,3.6241789316798725,150.0,0.0,True,2,
0.820513,175,49.3197351221342,4.0202865968042,0.00957043369746997,8.219955853689033,3.548275341841034,174.99999999999997,2.842170943040401e-14,True,2,
0.820513,200,57.663038551240184,4.0202865968042,0.009570433697469974,9.610506425206697,3.468426309554901,199.99999999999997,2.842170943040401e-14,True,2,
0.820513,225,66.49046108408268,4.0202865968042,0.00957043369746997,11.08174351401378,3.3839440474847797,224.99999999999997,2.842170943040401e-14,True,2,
0.820513,250,75.89754527598538,4.0202865968042,0.009570433697469974,12.649590879330896,3.2939141719396567,250.0,0.0,True,2,
0.820513,275,86.01612469091542,4.0202865968042,0.009570433697469972,14.336020781819236,3.1970749785364845,275.0,0.0,True,2,
0.820513,300,97.03717099184132,4.0202865968042,0.00957043369746997,16.172861831973552,3.0915987856367266,300.0,0.0,True,2,
0.820513,325,109.2563236400113,4.0202865968042,0.009570433697469972,18.209387273335217,2.974656195378151,324.99999999999994,5.684341886080802e-14,True,2,
0.820513,350,123.17776083093224,4.0202865968042,0.00957043369746997,20.529626805155374,2.8414220037689497,349.99999999999994,5.684341886080802e-14,True,2,
0.820513,375,139.80660014011426,4.0202865968042,0.009570433697469972,23.301100023352376,2.6822767996945407,375.0,0.0,True,2,
0.820513,400,161.86970237740968,4.0202865968042,0.009570433697469972,26.97828372956828,2.471123342572003,399.99999999999994,5.684341886080802e-14,True,2,
0.820513,425,,4.0202865968042,0.009570433697469967,1.0,,,,False,1,No solution exists for discriminant 
0.820513,450,,4.0202865968042,0.009570433697469967,1.0,,,,False,1,No solution exists for discriminant 
0.820513,475,,4.0202865968042,0.009570433697469967,1.0,,,,False,1,No solution exists for discriminant 
0.820513,500,,4.0202865968042,0.009570433697469967,1.0,,,,False,1,No solution exists for discriminant 
0.820513,525,,4.0202865968042,0.009570433697469967,1.0,,,,False,1,No solution exists for discriminant 
0.820513,550,,4.0202865968042,0.009570433697469967,1.0,,,,False,1,No solution exists for discriminant 
0.820513,575,,4.0202865968042,0.009570433697469967,1.0,,,,False,1,No solution exists for discriminant 
0.820513,600,,4.0202865968042,0.009570433697469967,1.0,,,,False,1,No solution exists for discriminant 
0.820513,625,,4.0202865968042,0.009570433697469967,1.0,,,,False,1,No solution exists for discriminant 
0.820513,650,,4.0202865968042,0.009570433697469967,1.0,,,,False,1,No solution exists for discriminant 
0.820513,675,,4.0202865968042,0.009570433697469967,1.0,,,,False,1,No solution exists for discriminant 
0.820513,700,,4.0202865968042,0.009570433697469967,1.0,,,,False,1,No solution exists for discriminant 
0.820513,725,,4.0202865968042,0.009570433697469967,1.0,,,,False,1,No solution exists for discriminant 
0.820513,750,,4.0202865968042,0.009570433697469967,1.0,,,,False,1,No solution exists for discriminant 
0.820513,775,,4.0202865968042,0.009570433697469967,1.0,,,,False,1,No solution exists for discriminant 
0.820513,800,,4.0202865968042,0.009570433697469967,1.0,,,,False,1,No solution exists for discriminant 
0.820513,825,,4.0202865968042,0.009570433697469967,1.0,,,,False,1,No solution exists for discriminant 
0.820513,850,,4.0202865968042,0.009570433697469967,1.0,,,,False,1,No solution exists for discriminant 
0.820513,875,,4.0202865968042,0.009570433697469967,1.0,,,,False,1,No solution exists for discriminant 
0.820513,900,,4.0202865968042,0.009570433697469967,1.0,,,,False,1,No solution exists for discriminant 
0.820513,925,,4.0202865968042,0.009570433697469967,1.0,,,,False,1,No solution exists for discriminant 
0.820513,950,,4.0202865968042,0.009570433697469967,1.0,,,,False,1,No solution exists for discriminant 
0.820513,975,,4.0202865968042,0.009570433697469967,1.0,,,,False,1,No solution exists for discriminant 
0.820513,1000,,4.0202865968042,0.009570433697469967,1.0,,,,False,1,No solution exists for discriminant 
0.820513,1025,,4.0202865968042,0.009570433697469967,1.0,,,,False,1,No solution exists for discriminant 
0.820513,1050,,4.0202865968042,0.009570433697469967,1.0,,,,False,1,No solution exists for discriminant 
0.820513,1075,,4.0202865968042,0.009570433697469967,1.0,,,,False,1,No solution exists for discriminant 
0.820513,1100,,4.0202865968042,0.009570433697469967,1.0,,,,False,1,No solution exists for discriminant 
0.820513,1125,,4.0202865968042,0.009570433697469967,1.0,,,,False,1,No solution exists for discriminant 
0.820513,1150,,4.0202865968042,0.009570433697469967,1.0,,,,False,1,No solution exists for discriminant 
0.820513,1175,,4.0202865968042,0.009570433697469967,1.0,,,,False,1,No solution exists for discriminant 
0.820513,1200,,4.0202865968042,0.009570433697469967,1.0,,,,False,1,No solution exists for discriminant 
0.820513,1225,,4.0202865968042,0.009570433697469967,1.0,,,,False,1,No solution exists for discriminant 
0.820513,1250,,4.0202865968042,0.009570433697469967,1.0,,,,False,1,No solution exists for discriminant 
0.820513,1275,,4.0202865968042,0.009570433697469967,1.0,,,,False,1,No solution exists for discriminant 
0.820513,1300,,4.0202865968042,0.009570433697469967,1.0,,,,False,1,No solution exists for discriminant 
0.820513,1325,,4.0202865968042,0.009570433697469967,1.0,,,,False,1,No solution exists for discriminant 
0.820513,1350,,4.0202865968042,0.009570433697469967,1.0,,,,False,1,No solution exists for discriminant 
0.820513,1375,,4.0202865968042,0.009570433697469967,1.0,,,,False,1,No solution exists for discriminant 
0.820513,1400,,4.0202865968042,0.009570433697469967,1.0,,,,False,1,No solution exists for discriminant 
0.820513,1425,,4.0202865968042,0.009570433697469967,1.0,,,,False,1,No solution exists for discriminant 
0.820513,1450,,4.0202865968042,0.009570433697469967,1.0,,,,False,1,No solution exists for discriminant 
0.820513,1475,,4.0202865968042,0.009570433697469967,1.0,,,,False,1,No solution exists for discriminant 
0.820513,1500,,4.0202865968042,0.009570433697469967,1.0,,,,False,1,No solution exists for discriminant 
0.820513,1525,,4.0202865968042,0.009570433697469967,1.0,,,,False,1,No solution exists for discriminant 
0.8461540000000001,-100,-23.45821540989947,4.036250001141927,0.009661812140083352,3.9097025683165785,4.134615384615385,-96.99069832939205,-3.009301670607954,True,2,
0.8461540000000001,-75,-17.821345325477406,4.036250001141927,0.00966181214008335,2.970224220912901,4.134615384615385,-73.68440855726236,-1.3155914427376416,True,2,
0.8461540000000001,-50,-12.040692972527928,4.036250001141927,0.009661812140083353,2.006782162087988,4.134615384615385,-49.78363440564432,-0.21636559435567904,True,2,
0.8461540000000001,-25,-6.104660128818719,4.036250001141927,0.009661812140083348,1.0174433548031199,4.095232080485631,-24.99999999999996,-3.907985046680551e-14,True,2,
0.8461540000000001,0,0.0,4.036250001141927,0.009661812140083355,0.0,4.036250001141927,0.0,0.0,True,1,
0.8461540000000001,25,6.288530774219242,4.036250001141927,0.009661812140083353,1.0480884623698736,3.975491398164288,25.000000000000007,-7.105427357601002e-15,True,2,
0.8461540000000001,50,12.7786206723054,4.036250001141927,0.009661812140083355,2.1297701120509003,3.912785368796727,49.999999999999964,3.552713678800501e-14,True,2,
0.8461540000000001,75,19.490990376184097,4.036250001141927,0.009661812140083355,3.248498396030683,3.8479317137030637,75.0,0.0,True,2,
0.8461540000000001,100,26.45017457400242,4.036250001141927,0.009661812140083352,4.4083624290004035,3.7806933833355068,100.00000000000001,-1.4210854715202004e-14,True,2,
0.8461540000000001,125,33.685583761069715,4.036250001141927,0.009661812140083353,5.6142639601782856,3.7107862190134293,125.00000000000006,-5.684341886080802e-14,True,2,
0.8461540000000001,150,41.23297932484417,4.036250001141927,0.009661812140083355,6.872163220807362,3.637864700929342,150.0,0.0,True,2,
0.8461540000000001,175,49.1365773788672,4.036250001141927,0.009661812140083357,8.189429563144534,3.5615016213006427,175.00000000000003,-2.842170943040401e-14,True,2,
0.8461540000000001,200,57.45214366733181,4.036250001141927,0.009661812140083353,9.575357277888635,3.481158181983088,199.99999999999997,2.842170943040401e-14,True,2,
0.8461540000000001,225,66.25171795938121,4.036250001141927,0.009661812140083353,11.041952993230202,3.3961383482605996,225.0,0.0,True,2,
0.8461540000000001,250,75.6311580433674,4.036250001141927,0.009661812140083353,12.605193007227902,3.3055159601899575,250.00000000000003,-2.842170943040401e-14,True,2,
0.8461540000000001,275,85.72288137677091,4.036250001141927,0.00966181214008336,14.287146896128485,3.208011625172916,274.99999999999994,5.684341886080802e-14,True,2,
0.8461540000000001,300,96.71899328420825,4.036250001141927,0.009661812140083357,16.11983221403471,3.1017692576519234,300.0,0.0,True,2,
0.8461540000000001,325,108.9175148098897,4.036250001141927,0.009661812140083353,18.152919134981616,2.9839094342840267,325.00000000000006,-5.684341886080802e-14,True,2,
0.8461540000000001,350,122.82831030655376,4.036250001141927,0.009661812140083355,20.471385051092295,2.849505941476141,350.00000000000006,-5.684341886080802e-14,True,2,
0.8461540000000001,375,139.47345327904702,4.036250001141927,0.009661812140083359,23.245575546507837,2.688683697031082,375.0,0.0,True,2,
0.8461540000000001,400,161.66130899356037,4.036250001141927,0.009661812140083357,26.943551498926727,2.474308803326179,400.0,0.0,True,2,
0.8461540000000001,425,,4.036250001141927,0.009661812140083353,1.0,,,,False,1,No solution exists for discriminant 
0.8461540000000001,450,,4.036250001141927,0.009661812140083353,1.0,,,,False,1,No solution exists for discriminant 
0.8461540000000001,475,,4.036250001141927,0.009661812140083353,1.0,,,,False,1,No solution exists for discriminant 
0.8461540000000001,500,,4.036250001141927,0.009661812140083353,1.0,,,,False,1,No solution exists for discriminant 
0.8461540000000001,525,,4.036250001141927,0.009661812140083353,1.0,,,,False,1,No solution exists for discriminant 
0.8461540000000001,550,,4.036250001141927,0.009661812140083353,1.0,,,,False,1,No solution exists for discriminant 
0.8461540000000001,575,,4.036250001141927,0.009661812140083353,1.0,,,,False,1,No solution exists for discriminant 
0.8461540000000001,600,,4.036250001141927,0.009661812140083353,1.0,,,,False,1,No solution exists for discriminant 
0.8461540000000001,625,,4.036250001141927,0.009661812140083353,1.0,,,,False,1,No solution exists for discriminant 
0.8461540000000001,650,,4.036250001141927,0.009661812140083353,1.0,,,,False,1,No solution exists for discriminant 
0.8461540000000001,675,,4.036250001141927,0.009661812140083353,1.0,,,,False,1,No solution exists for discriminant 
0.8461540000000001,700,,4.036250001141927,0.009661812140083353,1.0,,,,False,1,No solution exists for discriminant 
0.8461540000000001,725,,4.036250001141927,0.009661812140083353,1.0,,,,False,1,No solution exists for discriminant 
0.8461540000000001,750,,4.036250001141927,0.009661812140083353,1.0,,,,False,1,No solution exists for discriminant 
0.8461540000000001,775,,4.036250001141927,0.009661812140083353,1.0,,,,False,1,No solution exists for discriminant 
0.8461540000000001,800,,4.036250001141927,0.009661812140083353,1.0,,,,False,1,No solution exists for discriminant 
0.8461540000000001,825,,4.036250001141927,0.009661812140083353,1.0,,,,False,1,No solution exists for discriminant 
0.8461540000000001,850,,4.036250001141927,0.009661812140083353,1.0,,,,False,1,No solution exists for discriminant 
0.8461540000000001,875,,4.036250001141927,0.009661812140083353,1.0,,,,False,1,No solution exists for discriminant 
0.8461540000000001,900,,4.036250001141927,0.009661812140083353,1.0,,,,False,1,No solution exists for discriminant 
0.8461540000000001,925,,4.036250001141927,0.009661812140083353,1.0,,,,False,1,No solution exists for discriminant 
0.8461540000000001,950,,4.036250001141927,0.009661812140083353,1.0,,,,False,1,No solution exists for discriminant 
0.8461540000000001,975,,4.036250001141927,0.009661812140083353,1.0,,,,False,1,No solution exists for discriminant 
0.8461540000000001,1000,,4.036250001141927,0.009661812140083353,1.0,,,,False,1,No solution exists for discriminant 
0.8461540000000001,1025,,4.036250001141927,0.009661812140083353,1.0,,,,False,1,No solution exists for discriminant 
0.8461540000000001,1050,,4.036250001141927,0.009661812140083353,1.0,,,,False,1,No solution exists for discriminant 
0.8461540000000001,1075,,4.036250001141927,0.009661812140083353,1.0,,,,False,1,No solution exists for discriminant 
0.8461540000000001,1100,,4.036250001141927,0.009661812140083353,1.0,,,,False,1,No solution exists for discriminant 
0.8461540000000001,1125,,4.036250001141927,0.009661812140083353,1.0,,,,False,1,No solution exists for discriminant 
0.8461540000000001,1150,,4.036250001141927,0.009661812140083353,1.0,,,,False,1,No solution exists for discriminant 
0.8461540000000001,1175,,4.036250001141927,0.009661812140083353,1.0,,,,False,1,No solution exists for discriminant 
0.8461540000000001,1200,,4.036250001141927,0.009661812140083353,1.0,,,,False,1,No solution exists for discriminant 
0.8461540000000001,1225,,4.036250001141927,0.009661812140083353,1.0,,,,False,1,No solution exists for discriminant 
0.8461540000000001,1250,,4.036250001141927,0.009661812140083353,1.0,,,,False,1,No solution exists for discriminant 
0.8461540000000001,1275,,4.036250001141927,0.009661812140083353,1.0,,,,False,1,No solution exists for discriminant 
0.8461540000000001,1300,,4.036250001141927,0.009661812140083353,1.0,,,,False,1,No solution exists for discriminant 
0.8461540000000001,1325,,4.036250001141927,0.009661812140083353,1.0,,,,False,1,No solution exists for discriminant 
0.8461540000000001,1350,,4.036250001141927,0.009661812140083353,1.0,,,,False,1,No solution exists for discriminant 
0.8461540000000001,1375,,4.036250001141927,0.009661812140083353,1.0,,,,False,1,No solution exists for discriminant 
0.8461540000000001,1400,,4.036250001141927,0.009661812140083353,1.0,,,,False,1,No solution exists for discriminant 
0.8461540000000001,1425,,4.036250001141927,0.009661812140083353,1.0,,,,False,1,No solution exists for discriminant 
0.8461540000000001,1450,,4.036250001141927,0.009661812140083353,1.0,,,,False,1,No solution exists for discriminant 
0.8461540000000001,1475,,4.036250001141927,0.009661812140083353,1.0,,,,False,1,No solution exists for discriminant 
0.8461540000000001,1500,,4.036250001141927,0.009661812140083353,1.0,,,,False,1,No solution exists for discriminant 
0.8461540000000001,1525,,4.036250001141927,0.009661812140083353,1.0,,,,False,1,No solution exists for discriminant 
0.8717950000000001,-100,-23.371340462689115,4.051131480822773,0.009738990216763282,3.8952234104481858,4.134615384615385,-96.63150383611847,-3.368496163881531,True,2,
0.8717950000000001,-75,-17.755464192324357,4.051131480822773,0.009738990216763279,2.9592440320540594,4.134615384615385,-73.41201541057187,-1.5879845894281317,True,2,
0.8717950000000001,-50,-11.996267679758732,4.051131480822773,0.009738990216763282,1.9993779466264554,4.134615384615385,-49.59995290669477,-0.4000470933052327,True,2,
0.8717950000000001,-25,-6.082183719012001,4.051131480822773,0.00973899021676328,1.0136972865020002,4.110365808558788,-24.999999999999858,-1.4210854715202004e-13,True,2,
0.8717950000000001,0,0.0,4.051131480822773,0.00973899021676328,0.0,4.051131480822773,0.0,0.0,True,1,
0.8717950000000001,25,6.265488364079468,4.051131480822773,0.00973899021676328,1.0442480606799114,3.9901119509417593,25.000000000000018,-1.7763568394002505e-14,True,2,
0.8717950000000001,50,12.731926782104786,4.051131480822773,0.009738990216763277,2.1219877970174643,3.9271353704513086,50.000000000000014,-1.4210854715202004e-14,True,2,
0.8717950000000001,75,19.419987571680284,4.051131480822773,0.00973899021676328,3.2366645952800472,3.862000411852515,74.99999999999997,2.842170943040401e-14,True,2,
0.8717950000000001,100,26.354150976039506,4.051131480822773,0.00973899021676328,4.392358496006584,3.794468662296022,100.00000000000003,-2.842170943040401e-14,True,2,
0.8717950000000001,125,33.56376612217937,4.051131480822773,0.009738990216763282,5.593961020363229,3.7242542909211376,125.00000000000004,-4.263256414560601e-14,True,2,
0.8717950000000001,150,41.08452529541128,4.051131480822773,0.009738990216763279,6.847420882568547,3.6510096909103993,150.00000000000003,-2.842170943040401e-14,True,2,
0.8717950000000001,175,48.96056721845235,4.051131480822773,0.009738990216763282,8.160094536408725,3.5743049956750848,175.0,0.0,True,2,
0.8717950000000001,200,57.24757218806157,4.051131480822773,0.00973899021676328,9.541262031343594,3.493597935349792,200.00000000000009,-8.526512829121202e-14,True,2,
0.8717950000000001,225,66.01748875288045,4.051131480822773,0.009738990216763284,11.002914792146742,3.4081878037231905,225.00000000000006,-5.684341886080802e-14,True,2,
0.8717950000000001,250,75.36608514581326,4.051131480822773,0.00973899021676328,12.561014190968876,3.3171419149119497,250.00000000000003,-2.842170943040401e-14,True,2,
0.8717950000000001,275,85.42571158773394,4.051131480822773,0.009738990216763282,14.237618597955658,3.2191713114097906,275.0,0.0,True,2,
0.8717950000000001,300,96.38848517920506,4.051131480822773,0.009738990216763282,16.06474752986751,3.1124049666538625,300.00000000000006,-5.684341886080802e-14,True,2,
0.8717950000000001,325,108.55268370832994,4.051131480822773,0.009738990216763282,18.092113951388324,2.993937956183949,325.0,0.0,True,2,
0.8717950000000001,350,122.42923116917467,4.051131480822773,0.009738990216763282,20.404871861529113,2.858794396220331,350.0,0.0,True,2,
0.8717950000000001,375,139.04448445548547,4.051131480822773,0.009738990216763282,23.174080742580912,2.696978607015906,375.0,0.0,True,2,
0.8717950000000001,400,161.2324394748211,4.051131480822773,0.009738990216763282,26.872073245803517,2.480890330152613,400.00000000000006,-5.684341886080802e-14,True,2,
0.8717950000000001,425,,4.051131480822773,0.009738990216763279,1.0,,,,False,1,No solution exists for discriminant 
0.8717950000000001,450,,4.051131480822773,0.009738990216763279,1.0,,,,False,1,No solution exists for discriminant 
0.8717950000000001,475,,4.051131480822773,0.009738990216763279,1.0,,,,False,1,No solution exists for discriminant 
0.8717950000000001,500,,4.051131480822773,0.009738990216763279,1.0,,,,False,1,No solution exists for discriminant 
0.8717950000000001,525,,4.051131480822773,0.009738990216763279,1.0,,,,False,1,No solution exists for discriminant 
0.8717950000000001,550,,4.051131480822773,0.009738990216763279,1.0,,,,False,1,No solution exists for discriminant 
0.8717950000000001,575,,4.051131480822773,0.009738990216763279,1.0,,,,False,1,No solution exists for discriminant 
0.8717950000000001,600,,4.051131480822773,0.009738990216763279,1.0,,,,False,1,No solution exists for discriminant 
0.8717950000000001,625,,4.051131480822773,0.009738990216763279,1.0,,,,False,1,No solution exists for discriminant 
0.8717950000000001,650,,4.051131480822773,0.009738990216763279,1.0,,,,False,1,No solution exists for discriminant 
0.8717950000000001,675,,4.051131480822773,0.009738990216763279,1.0,,,,False,1,No solution exists for discriminant 
0.8717950000000001,700,,4.051131480822773,0.009738990216763279,1.0,,,,False,1,No solution exists for discriminant 
0.8717950000000001,725,,4.051131480822773,0.009738990216763279,1.0,,,,False,1,No solution exists for discriminant 
0.8717950000000001,750,,4.051131480822773,0.009738990216763279,1.0,,,,False,1,No solution exists for discriminant 
0.8717950000000001,775,,4.051131480822773,0.009738990216763279,1.0,,,,False,1,No solution exists for discriminant 
0.8717950000000001,800,,4.051131480822773,0.009738990216763279,1.0,,,,False,1,No solution exists for discriminant 
0.8717950000000001,825,,4.051131480822773,0.009738990216763279,1.0,,,,False,1,No solution exists for discriminant 
0.8717950000000001,850,,4.051131480822773,0.009738990216763279,1.0,,,,False,1,No solution exists for discriminant 
0.8717950000000001,875,,4.051131480822773,0.009738990216763279,1.0,,,,False,1,No solution exists for discriminant 
0.8717950000000001,900,,4.051131480822773,0.009738990216763279,1.0,,,,False,1,No solution exists for discriminant 
0.8717950000000001,925,,4.051131480822773,0.009738990216763279,1.0,,,,False,1,No solution exists for discriminant 
0.8717950000000001,950,,4.051131480822773,0.009738990216763279,1.0,,,,False,1,No solution exists for discriminant 
0.8717950000000001,975,,4.051131480822773,0.009738990216763279,1.0,,,,False,1,No solution exists for discriminant 
0.8717950000000001,1000,,4.051131480822773,0.009738990216763279,1.0,,,,False,1,No solution exists for discriminant 
0.8717950000000001,1025,,4.051131480822773,0.009738990216763279,1.0,,,,False,1,No solution exists for discriminant 
0.8717950000000001,1050,,4.051131480822773,0.009738990216763279,1.0,,,,False,1,No solution exists for discriminant 
0.8717950000000001,1075,,4.051131480822773,0.009738990216763279,1.0,,,,False,1,No solution exists for discriminant 
0.8717950000000001,1100,,4.051131480822773,0.009738990216763279,1.0,,,,False,1,No solution exists for discriminant 
0.8717950000000001,1125,,4.051131480822773,0.009738990216763279,1.0,,,,False,1,No solution exists for discriminant 
0.8717950000000001,1150,,4.051131480822773,0.009738990216763279,1.0,,,,False,1,No solution exists for discriminant 
0.8717950000000001,1175,,4.051131480822773,0.009738990216763279,1.0,,,,False,1,No solution exists for discriminant 
0.8717950000000001,1200,,4.051131480822773,0.009738990216763279,1.0,,,,False,1,No solution exists for discriminant 
0.8717950000000001,1225,,4.051131480822773,0.009738990216763279,1.0,,,,False,1,No solution exists for discriminant 
0.8717950000000001,1250,,4.051131480822773,0.009738990216763279,1.0,,,,False,1,No solution exists for discriminant 
0.8717950000000001,1275,,4.051131480822773,0.009738990216763279,1.0,,,,False,1,No solution exists for discriminant 
0.8717950000000001,1300,,4.051131480822773,0.009738990216763279,1.0,,,,False,1,No solution exists for discriminant 
0.8717950000000001,1325,,4.051131480822773,0.009738990216763279,1.0,,,,False,1,No solution exists for discriminant 
0.8717950000000001,1350,,4.051131480822773,0.009738990216763279,1.0,,,,False,1,No solution exists for discriminant 
0.8717950000000001,1375,,4.051131480822773,0.009738990216763279,1.0,,,,False,1,No solution exists for discriminant 
0.8717950000000001,1400,,4.051131480822773,0.009738990216763279,1.0,,,,False,1,No solution exists for discriminant 
0.8717950000000001,1425,,4.051131480822773,0.009738990216763279,1.0,,,,False,1,No solution exists for discriminant 
0.8717950000000001,1450,,4.051131480822773,0.009738990216763279,1.0,,,,False,1,No solution exists for discriminant 
0.8717950000000001,1475,,4.051131480822773,0.009738990216763279,1.0,,,,False,1,No solution exists for discriminant 
0.8717950000000001,1500,,4.051131480822773,0.009738990216763279,1.0,,,,False,1,No solution exists for discriminant 
0.8717950000000001,1525,,4.051131480822773,0.009738990216763279,1.0,,,,False,1,No solution exists for discriminant 
0.897436,-100,-23.25957404315572,4.0698187326640545,0.00986630876049868,3.8765956738592866,4.134615384615385,-96.16939267843232,-3.8306073215676832,True,2,
0.897436,-75,-17.67130276189593,4.0698187326640545,0.009866308760498679,2.945217126982655,4.134615384615385,-73.06404026553126,-1.9359597344687387,True,2,
0.897436,-50,-11.93995072180269,4.0698187326640545,0.009866308760498679,1.989991786967115,4.134615384615385,-49.36710394591498,-0.6328960540850233,True,2,
0.897436,-25,-6.053930331415597,4.0698187326640545,0.009866308760498677,1.0089883885692663,4.129548678528349,-24.999999999999968,-3.197442310920451e-14,True,2,
0.897436,0,0.0,4.0698187326640545,0.009866308760498679,0.0,4.0698187326640545,0.0,0.0,True,1,
0.897436,25,6.2370865631088055,4.0698187326640545,0.009866308760498682,1.039514427184801,4.0082817108664655,25.000000000000007,-7.105427357601002e-15,True,2,
0.897436,50,12.67503287263348,4.0698187326640545,0.00986630876049868,2.112505478772247,3.9447629447931822,50.000000000000036,-3.552713678800501e-14,True,2,
0.897436,75,19.33459266341803,4.0698187326640545,0.009866308760498682,3.2224321105696716,3.8790576716882996,75.00000000000001,-1.4210854715202004e-14,True,2,
0.897436,100,26.240360641447978,4.0698187326640545,0.009866308760498682,4.37339344024133,3.8109232325886913,100.0,0.0,True,2,
0.897436,125,33.42184811393324,4.0698187326640545,0.009866308760498686,5.5703080189888725,3.7400684598254985,125.00000000000003,-2.842170943040401e-14,True,2,
0.897436,150,40.91497998180707,4.0698187326640545,0.00986630876049868,6.819163330301179,3.666138907233923,150.00000000000003,-2.842170943040401e-14,True,2,
0.897436,175,48.764234323944954,4.0698187326640545,0.009866308760498684,8.12737238732416,3.588695740354706,175.0,0.0,True,2,
0.897436,200,57.0257977695891,4.0698187326640545,0.009866308760498684,9.50429962826485,3.5071846045555315,200.00000000000006,-5.684341886080802e-14,True,2,
0.897436,225,65.7723967363363,4.0698187326640545,0.009866308760498682,10.962066122722717,3.420887958545345,225.0,0.0,True,2,
0.897436,250,75.10104071285336,4.0698187326640545,0.00986630876049868,12.516840118808894,3.3288486767562615,250.00000000000003,-2.842170943040401e-14,True,2,
0.897436,275,85.14616197963976,4.0698187326640545,0.009866308760498684,14.191026996606626,3.229740408801495,275.0,0.0,True,2,
0.897436,300,96.10361315692036,4.0698187326640545,0.009866308760498684,16.017268859486727,3.1216308122583545,300.0,0.0,True,2,
0.897436,325,108.27903831118427,4.0698187326640545,0.00986630876049868,18.04650638519738,3.001504308396045,325.0,0.0,True,2,
0.897436,350,122.2000970638303,4.0698187326640545,0.009866308760498684,20.366682843971716,2.864154844469396,349.99999999999994,5.684341886080802e-14,True,2,
0.897436,375,138.9413570202318,4.0698187326640545,0.009866308760498682,23.1568928367053,2.6989804046997663,374.99999999999994,5.684341886080802e-14,True,2,
0.897436,400,161.5677821123436,4.0698187326640545,0.00986630876049868,26.927963685390598,2.475741108594697,400.0,0.0,True,2,
0.897436,425,,4.0698187326640545,0.00986630876049868,1.0,,,,False,1,No solution exists for discriminant 
0.897436,450,,4.0698187326640545,0.00986630876049868,1.0,,,,False,1,No solution exists for discriminant 
0.897436,475,,4.0698187326640545,0.00986630876049868,1.0,,,,False,1,No solution exists for discriminant 
0.897436,500,,4.0698187326640545,0.00986630876049868,1.0,,,,False,1,No solution exists for discriminant 
0.897436,525,,4.0698187326640545,0.00986630876049868,1.0,,,,False,1,No solution exists for discriminant 
0.897436,550,,4.0698187326640545,0.00986630876049868,1.0,,,,False,1,No solution exists for discriminant 
0.897436,575,,4.0698187326640545,0.00986630876049868,1.0,,,,False,1,No solution exists for discriminant 
0.897436,600,,4.0698187326640545,0.00986630876049868,1.0,,,,False,1,No solution exists for discriminant 
0.897436,625,,4.0698187326640545,0.00986630876049868,1.0,,,,False,1,No solution exists for discriminant 
0.897436,650,,4.0698187326640545,0.00986630876049868,1.0,,,,False,1,No solution exists for discriminant 
0.897436,675,,4.0698187326640545,0.00986630876049868,1.0,,,,False,1,No solution exists for discriminant 
0.897436,700,,4.0698187326640545,0.00986630876049868,1.0,,,,False,1,No solution exists for discriminant 
0.897436,725,,4.0698187326640545,0.00986630876049868,1.0,,,,False,1,No solution exists for discriminant 
0.897436,750,,4.0698187326640545,0.00986630876049868,1.0,,,,False,1,No solution exists for discriminant 
0.897436,775,,4.0698187326640545,0.00986630876049868,1.0,,,,False,1,No solution exists for discriminant 
0.897436,800,,4.0698187326640545,0.00986630876049868,1.0,,,,False,1,No solution exists for discriminant 
0.897436,825,,4.0698187326640545,0.00986630876049868,1.0,,,,False,1,No solution exists for discriminant 
0.897436,850,,4.0698187326640545,0.00986630876049868,1.0,,,,False,1,No solution exists for discriminant 
0.897436,875,,4.0698187326640545,0.00986630876049868,1.0,,,,False,1,No solution exists for discriminant 
0.897436,900,,4.0698187326640545,0.00986630876049868,1.0,,,,False,1,No solution exists for discriminant 
0.897436,925,,4.0698187326640545,0.00986630876049868,1.0,,,,False,1,No solution exists for discriminant 
0.897436,950,,4.0698187326640545,0.00986630876049868,1.0,,,,False,1,No solution exists for discriminant 
0.897436,975,,4.0698187326640545,0.00986630876049868,1.0,,,,False,1,No solution exists for discriminant 
0.897436,1000,,4.0698187326640545,0.00986630876049868,1.0,,,,False,1,No solution exists for discriminant 
0.897436,1025,,4.0698187326640545,0.00986630876049868,1.0,,,,False,1,No solution exists for discriminant 
0.897436,1050,,4.0698187326640545,0.00986630876049868,1.0,,,,False,1,No solution exists for discriminant 
0.897436,1075,,4.0698187326640545,0.00986630876049868,1.0,,,,False,1,No solution exists for discriminant 
0.897436,1100,,4.0698187326640545,0.00986630876049868,1.0,,,,False,1,No solution exists for discriminant 
0.897436,1125,,4.0698187326640545,0.00986630876049868,1.0,,,,False,1,No solution exists for discriminant 
0.897436,1150,,4.0698187326640545,0.00986630876049868,1.0,,,,False,1,No solution exists for discriminant 
0.897436,1175,,4.0698187326640545,0.00986630876049868,1.0,,,,False,1,No solution exists for discriminant 
0.897436,1200,,4.0698187326640545,0.00986630876049868,1.0,,,,False,1,No solution exists for discriminant 
0.897436,1225,,4.0698187326640545,0.00986630876049868,1.0,,,,False,1,No solution exists for discriminant 
0.897436,1250,,4.0698187326640545,0.00986630876049868,1.0,,,,False,1,No solution exists for discriminant 
0.897436,1275,,4.0698187326640545,0.00986630876049868,1.0,,,,False,1,No solution exists for discriminant 
0.897436,1300,,4.0698187326640545,0.00986630876049868,1.0,,,,False,1,No solution exists for discriminant 
0.897436,1325,,4.0698187326640545,0.00986630876049868,1.0,,,,False,1,No solution exists for discriminant 
0.897436,1350,,4.0698187326640545,0.00986630876049868,1.0,,,,False,1,No solution exists for discriminant 
0.897436,1375,,4.0698187326640545,0.00986630876049868,1.0,,,,False,1,No solution exists for discriminant 
0.897436,1400,,4.0698187326640545,0.00986630876049868,1.0,,,,False,1,No solution exists for discriminant 
0.897436,1425,,4.0698187326640545,0.00986630876049868,1.0,,,,False,1,No solution exists for discriminant 
0.897436,1450,,4.0698187326640545,0.00986630876049868,1.0,,,,False,1,No solution exists for discriminant 
0.897436,1475,,4.0698187326640545,0.00986630876049868,1.0,,,,False,1,No solution exists for discriminant 
0.897436,1500,,4.0698187326640545,0.00986630876049868,1.0,,,,False,1,No solution exists for discriminant 
0.897436,1525,,4.0698187326640545,0.00986630876049868,1.0,,,,False,1,No solution exists for discriminant 
0.923077,-100,-23.095299463690655,4.09659724195563,0.01010110998111448,3.849216577281776,4.134615384615385,-95.49018047487483,-4.509819525125167,True,2,
0.923077,-75,-17.54855121710491,4.09659724195563,0.010101109981114482,2.924758536184152,4.134615384615385,-72.55650983995301,-2.4434901600469914,True,2,
0.923077,-50,-11.858509891581967,4.09659724195563,0.01010110998111448,1.9764183152636612,4.134615384615385,-49.03037743634852,-0.9696225636514768,True,2,
0.923077,-25,-6.013460718039772,4.09659724195563,0.01010110998111448,1.0022434530066286,4.134615384615385,-24.863347199587523,-0.1366528004124774,True,2,
0.923077,0,0.0,4.09659724195563,0.010101109981114482,0.0,4.09659724195563,0.0,0.0,True,1,
0.923077,25,6.197326808842612,4.09659724195563,0.010101109981114478,1.0328878014737686,4.033997362270601,24.99999999999998,2.1316282072803006e-14,True,2,
0.923077,50,12.596493302693888,4.09659724195563,0.010101109981114482,2.0994155504489815,3.9693586777287466,50.00000000000003,-2.842170943040401e-14,True,2,
0.923077,75,19.21860742665763,4.09659724195563,0.010101109981114485,3.2031012377762718,3.9024679746550976,75.00000000000003,-2.842170943040401e-14,True,2,
0.923077,100,26.088734657926146,4.09659724195563,0.010101109981114484,4.348122442987691,3.833072063907805,100.00000000000006,-5.684341886080802e-14,True,2,
0.923077,125,33.237021946611506,4.09659724195563,0.010101109981114484,5.539503657768584,3.760866427828191,125.0,0.0,True,2,
0.923077,150,40.70026873156901,4.09659724195563,0.010101109981114482,6.783378121928169,3.685479351237136,150.00000000000006,-5.684341886080802e-14,True,2,
0.923077,175,48.524183739104274,4.09659724195563,0.010101109981114487,8.087363956517379,3.60644912526313,175.0,0.0,True,2,
0.923077,200,56.76673333283312,4.09659724195563,0.010101109981114485,9.461122222138853,3.523190225292085,200.00000000000003,-2.842170943040401e-14,True,2,
0.923077,225,65.50330569625176,4.09659724195563,0.010101109981114485,10.91721761604196,3.434941146991228,225.00000000000006,-5.684341886080802e-14,True,2,
0.923077,250,74.83506250966767,4.09659724195563,0.010101109981114482,12.472510418277944,3.3406800451018994,250.00000000000003,-2.842170943040401e-14,True,2,
0.923077,275,84.90327367389719,4.09659724195563,0.010101109981114487,14.150545612316199,3.2389799368189323,275.00000000000006,-5.684341886080802e-14,True,2,
0.923077,300,95.91589304566537,4.09659724195563,0.010101109981114485,15.985982174277561,3.12774025736455,300.00000000000006,-5.684341886080802e-14,True,2,
0.923077,325,108.20224904405127,4.09659724195563,0.010101109981114484,18.033708174008545,3.0036344241577284,325.00000000000006,-5.684341886080802e-14,True,2,
0.923077,350,122.34392004900133,4.09659724195563,0.010101109981114484,20.390653341500222,2.86078785001999,350.00000000000006,-5.684341886080802e-14,True,2,
0.923077,375,139.57420745053471,4.09659724195563,0.010101109981114485,23.26236790842245,2.6867428219708898,375.0,0.0,True,2,
0.923077,400,163.79313948413008,4.09659724195563,0.01010110998111448,27.298856580688348,2.4421047258744073,400.00000000000006,-5.684341886080802e-14,True,2,
0.923077,425,,4.09659724195563,0.010101109981114478,1.0,,,,False,1,No solution exists for discriminant 
0.923077,450,,4.09659724195563,0.010101109981114478,1.0,,,,False,1,No solution exists for discriminant 
0.923077,475,,4.09659724195563,0.010101109981114478,1.0,,,,False,1,No solution exists for discriminant 
0.923077,500,,4.09659724195563,0.010101109981114478,1.0,,,,False,1,No solution exists for discriminant 
0.923077,525,,4.09659724195563,0.010101109981114478,1.0,,,,False,1,No solution exists for discriminant 
0.923077,550,,4.09659724195563,0.010101109981114478,1.0,,,,False,1,No solution exists for discriminant 
0.923077,575,,4.09659724195563,0.010101109981114478,1.0,,,,False,1,No solution exists for discriminant 
0.923077,600,,4.09659724195563,0.010101109981114478,1.0,,,,False,1,No solution exists for discriminant 
0.923077,625,,4.09659724195563,0.010101109981114478,1.0,,,,False,1,No solution exists for discriminant 
0.923077,650,,4.09659724195563,0.010101109981114478,1.0,,,,False,1,No solution exists for discriminant 
0.923077,675,,4.09659724195563,0.010101109981114478,1.0,,,,False,1,No solution exists for discriminant 
0.923077,700,,4.09659724195563,0.010101109981114478,1.0,,,,False,1,No solution exists for discriminant 
0.923077,725,,4.09659724195563,0.010101109981114478,1.0,,,,False,1,No solution exists for discriminant 
0.923077,750,,4.09659724195563,0.010101109981114478,1.0,,,,False,1,No solution exists for discriminant 
0.923077,775,,4.09659724195563,0.010101109981114478,1.0,,,,False,1,No solution exists for discriminant 
0.923077,800,,4.09659724195563,0.010101109981114478,1.0,,,,False,1,No solution exists for discriminant 
0.923077,825,,4.09659724195563,0.010101109981114478,1.0,,,,False,1,No solution exists for discriminant 
0.923077,850,,4.09659724195563,0.010101109981114478,1.0,,,,False,1,No solution exists for discriminant 
0.923077,875,,4.09659724195563,0.010101109981114478,1.0,,,,False,1,No solution exists for discriminant 
0.923077,900,,4.09659724195563,0.010101109981114478,1.0,,,,False,1,No solution exists for discriminant 
0.923077,925,,4.09659724195563,0.010101109981114478,1.0,,,,False,1,No solution exists for discriminant 
0.923077,950,,4.09659724195563,0.010101109981114478,1.0,,,,False,1,No solution exists for discriminant 
0.923077,975,,4.09659724195563,0.010101109981114478,1.0,,,,False,1,No solution exists for discriminant 
0.923077,1000,,4.09659724195563,0.010101109981114478,1.0,,,,False,1,No solution exists for discriminant 
0.923077,1025,,4.09659724195563,0.010101109981114478,1.0,,,,False,1,No solution exists for discriminant 
0.923077,1050,,4.09659724195563,0.010101109981114478,1.0,,,,False,1,No solution exists for discriminant 
0.923077,1075,,4.09659724195563,0.010101109981114478,1.0,,,,False,1,No solution exists for discriminant 
0.923077,1100,,4.09659724195563,0.010101109981114478,1.0,,,,False,1,No solution exists for discriminant 
0.923077,1125,,4.09659724195563,0.010101109981114478,1.0,,,,False,1,No solution exists for discriminant 
0.923077,1150,,4.09659724195563,0.010101109981114478,1.0,,,,False,1,No solution exists for discriminant 
0.923077,1175,,4.09659724195563,0.010101109981114478,1.0,,,,False,1,No solution exists for discriminant 
0.923077,1200,,4.09659724195563,0.010101109981114478,1.0,,,,False,1,No solution exists for discriminant 
0.923077,1225,,4.09659724195563,0.010101109981114478,1.0,,,,False,1,No solution exists for discriminant 
0.923077,1250,,4.09659724195563,0.010101109981114478,1.0,,,,False,1,No solution exists for discriminant 
0.923077,1275,,4.09659724195563,0.010101109981114478,1.0,,,,False,1,No solution exists for discriminant 
0.923077,1300,,4.09659724195563,0.010101109981114478,1.0,,,,False,1,No solution exists for discriminant 
0.923077,1325,,4.09659724195563,0.010101109981114478,1.0,,,,False,1,No solution exists for discriminant 
0.923077,1350,,4.09659724195563,0.010101109981114478,1.0,,,,False,1,No solution exists for discriminant 
0.923077,1375,,4.09659724195563,0.010101109981114478,1.0,,,,False,1,No solution exists for discriminant 
0.923077,1400,,4.09659724195563,0.010101109981114478,1.0,,,,False,1,No solution exists for discriminant 
0.923077,1425,,4.09659724195563,0.010101109981114478,1.0,,,,False,1,No solution exists for discriminant 
0.923077,1450,,4.09659724195563,0.010101109981114478,1.0,,,,False,1,No solution exists for discriminant 
0.923077,1475,,4.09659724195563,0.010101109981114478,1.0,,,,False,1,No solution exists for discriminant 
0.923077,1500,,4.09659724195563,0.010101109981114478,1.0,,,,False,1,No solution exists for discriminant 
0.923077,1525,,4.09659724195563,0.010101109981114478,1.0,,,,False,1,No solution exists for discriminant 
0.9487180000000001,-100,-22.901415448219257,4.128204698512251,0.010407113624406961,3.8169025747032097,4.134615384615385,-94.68854464167579,-5.31145535832421,True,2,
0.9487180000000001,-75,-17.404093279923522,4.128204698512251,0.01040711362440696,2.900682213320587,4.134615384615385,-71.95923183045304,-3.040768169546965,True,2,
0.9487180000000001,-50,-11.762980534058718,4.128204698512251,0.010407113624406958,1.960496755676453,4.134615384615385,-48.63540028505047,-1.3645997149495273,True,2,
0.9487180000000001,-25,-5.966166671192904,4.128204698512251,0.010407113624406956,0.994361111865484,4.134615384615385,-24.66780450589374,-0.3321954941062586,True,2,
0.9487180000000001,0,0.0,4.128204698512251,0.010407113624406958,0.0,4.128204698512251,0.0,0.0,True,1,
0.9487180000000001,25,6.15129098049277,4.128204698512251,0.01040711362440696,1.0252151634154616,4.064187514341473,25.000000000000032,-3.197442310920451e-14,True,2,
0.9487180000000001,50,12.506089192023051,4.128204698512251,0.010407113624406958,2.0843481986705084,3.9980524072938994,49.99999999999998,2.1316282072803006e-14,True,2,
0.9487180000000001,75,19.086037674364537,4.128204698512251,0.010407113624406958,3.1810062790607563,3.929574135795427,74.99999999999999,1.4210854715202004e-14,True,2,
0.9487180000000001,100,25.916911454444264,4.128204698512251,0.010407113624406961,4.319485242407377,3.858484456212155,99.99999999999994,5.684341886080802e-14,True,2,
0.9487180000000001,125,33.0298142816455,4.128204698512251,0.010407113624406963,5.504969046940917,3.7844596682901064,124.99999999999994,5.684341886080802e-14,True,2,
0.9487180000000001,150,40.46286169639285,4.128204698512251,0.01040711362440696,6.743810282732142,3.7071030992692267,150.0,0.0,True,2,
0.9487180000000001,175,48.263616293813335,4.128204698512251,0.010407113624406961,8.04393604896889,3.6259197598177564,175.0,0.0,True,2,
0.9487180000000001,200,56.4927320498441,4.128204698512251,0.010407113624406964,9.415455341640683,3.5402784171163466,199.99999999999997,2.842170943040401e-14,True,2,
0.9487180000000001,225,65.22963393306321,4.128204698512251,0.010407113624406964,10.871605655510535,3.4493524864923897,224.99999999999994,5.684341886080802e-14,True,2,
0.9487180000000001,250,74.58182283879886,4.128204698512251,0.01040711362440696,12.430303806466476,3.3520231939134812,249.99999999999997,2.842170943040401e-14,True,2,
0.9487180000000001,275,84.70111271203271,4.128204698512251,0.010407113624406961,14.116852118672119,3.2467105944044254,274.99999999999994,5.684341886080802e-14,True,2,
0.9487180000000001,300,95.81440085269305,4.128204698512251,0.010407113624406961,15.969066808782175,3.131053341983799,299.99999999999994,5.684341886080802e-14,True,2,
0.9487180000000001,325,108.28896670210636,4.128204698512251,0.010407113624406961,18.048161117017727,3.001229117773808,324.99999999999994,5.684341886080802e-14,True,2,
0.9487180000000001,350,122.79622920422814,4.128204698512251,0.01040711362440696,20.46603820070469,2.8502503885351285,349.99999999999994,5.684341886080802e-14,True,2,
0.9487180000000001,375,140.85518813822833,4.128204698512251,0.010407113624406958,23.47586468970472,2.6623087509704897,375.0,0.0,True,2,
0.9487180000000001,400,168.30559558785035,4.128204698512251,0.010407113624406956,28.05093259797506,2.3766292416060066,400.00000000000006,-5.684341886080802e-14,True,2,
0.9487180000000001,425,,4.128204698512251,0.010407113624406952,1.0,,,,False,1,No solution exists for discriminant 
0.9487180000000001,450,,4.128204698512251,0.010407113624406952,1.0,,,,False,1,No solution exists for discriminant 
0.9487180000000001,475,,4.128204698512251,0.010407113624406952,1.0,,,,False,1,No solution exists for discriminant 
0.9487180000000001,500,,4.128204698512251,0.010407113624406952,1.0,,,,False,1,No solution exists for discriminant 
0.9487180000000001,525,,4.128204698512251,0.010407113624406952,1.0,,,,False,1,No solution exists for discriminant 
0.9487180000000001,550,,4.128204698512251,0.010407113624406952,1.0,,,,False,1,No solution exists for discriminant 
0.9487180000000001,575,,4.128204698512251,0.010407113624406952,1.0,,,,False,1,No solution exists for discriminant 
0.9487180000000001,600,,4.128204698512251,0.010407113624406952,1.0,,,,False,1,No solution exists for discriminant 
0.9487180000000001,625,,4.128204698512251,0.010407113624406952,1.0,,,,False,1,No solution exists for discriminant 
0.9487180000000001,650,,4.128204698512251,0.010407113624406952,1.0,,,,False,1,No solution exists for discriminant 
0.9487180000000001,675,,4.128204698512251,0.010407113624406952,1.0,,,,False,1,No solution exists for discriminant 
0.9487180000000001,700,,4.128204698512251,0.010407113624406952,1.0,,,,False,1,No solution exists for discriminant 
0.9487180000000001,725,,4.128204698512251,0.010407113624406952,1.0,,,,False,1,No solution exists for discriminant 
0.9487180000000001,750,,4.128204698512251,0.010407113624406952,1.0,,,,False,1,No solution exists for discriminant 
0.9487180000000001,775,,4.128204698512251,0.010407113624406952,1.0,,,,False,1,No solution exists for discriminant 
0.9487180000000001,800,,4.128204698512251,0.010407113624406952,1.0,,,,False,1,No solution exists for discriminant 
0.9487180000000001,825,,4.128204698512251,0.010407113624406952,1.0,,,,False,1,No solution exists for discriminant 
0.9487180000000001,850,,4.128204698512251,0.010407113624406952,1.0,,,,False,1,No solution exists for discriminant 
0.9487180000000001,875,,4.128204698512251,0.010407113624406952,1.0,,,,False,1,No solution exists for discriminant 
0.9487180000000001,900,,4.128204698512251,0.010407113624406952,1.0,,,,False,1,No solution exists for discriminant 
0.9487180000000001,925,,4.128204698512251,0.010407113624406952,1.0,,,,False,1,No solution exists for discriminant 
0.9487180000000001,950,,4.128204698512251,0.010407113624406952,1.0,,,,False,1,No solution exists for discriminant 
0.9487180000000001,975,,4.128204698512251,0.010407113624406952,1.0,,,,False,1,No solution exists for discriminant 
0.9487180000000001,1000,,4.128204698512251,0.010407113624406952,1.0,,,,False,1,No solution exists for discriminant 
0.9487180000000001,1025,,4.128204698512251,0.010407113624406952,1.0,,,,False,1,No solution exists for discriminant 
0.9487180000000001,1050,,4.128204698512251,0.010407113624406952,1.0,,,,False,1,No solution exists for discriminant 
0.9487180000000001,1075,,4.128204698512251,0.010407113624406952,1.0,,,,False,1,No solution exists for discriminant 
0.9487180000000001,1100,,4.128204698512251,0.010407113624406952,1.0,,,,False,1,No solution exists for discriminant 
0.9487180000000001,1125,,4.128204698512251,0.010407113624406952,1.0,,,,False,1,No solution exists for discriminant 
0.9487180000000001,1150,,4.128204698512251,0.010407113624406952,1.0,,,,False,1,No solution exists for discriminant 
0.9487180000000001,1175,,4.128204698512251,0.010407113624406952,1.0,,,,False,1,No solution exists for discriminant 
0.9487180000000001,1200,,4.128204698512251,0.010407113624406952,1.0,,,,False,1,No solution exists for discriminant 
0.9487180000000001,1225,,4.128204698512251,0.010407113624406952,1.0,,,,False,1,No solution exists for discriminant 
0.9487180000000001,1250,,4.128204698512251,0.010407113624406952,1.0,,,,False,1,No solution exists for discriminant 
0.9487180000000001,1275,,4.128204698512251,0.010407113624406952,1.0,,,,False,1,No solution exists for discriminant 
0.9487180000000001,1300,,4.128204698512251,0.010407113624406952,1.0,,,,False,1,No solution exists for discriminant 
0.9487180000000001,1325,,4.128204698512251,0.010407113624406952,1.0,,,,False,1,No solution exists for discriminant 
0.9487180000000001,1350,,4.128204698512251,0.010407113624406952,1.0,,,,False,1,No solution exists for discriminant 
0.9487180000000001,1375,,4.128204698512251,0.010407113624406952,1.0,,,,False,1,No solution exists for discriminant 
0.9487180000000001,1400,,4.128204698512251,0.010407113624406952,1.0,,,,False,1,No solution exists for discriminant 
0.9487180000000001,1425,,4.128204698512251,0.010407113624406952,1.0,,,,False,1,No solution exists for discriminant 
0.9487180000000001,1450,,4.128204698512251,0.010407113624406952,1.0,,,,False,1,No solution exists for discriminant 
0.9487180000000001,1475,,4.128204698512251,0.010407113624406952,1.0,,,,False,1,No solution exists for discriminant 
0.9487180000000001,1500,,4.128204698512251,0.010407113624406952,1.0,,,,False,1,No solution exists for discriminant 
0.9487180000000001,1525,,4.128204698512251,0.010407113624406952,1.0,,,,False,1,No solution exists for discriminant 
0.9743590000000001,-100,-22.715554473870863,4.158838044514607,0.010716523779003747,3.785925745645144,4.134615384615385,-93.92008099773531,-6.079919002264688,True,2,
0.9743590000000001,-75,-17.26572365283733,4.158838044514607,0.010716523779003746,2.8776206088062217,4.134615384615385,-71.38712664153897,-3.61287335846103,True,2,
0.9743590000000001,-50,-11.671562365364695,4.158838044514607,0.010716523779003749,1.9452603942274491,4.134615384615385,-48.2574213183348,-1.7425786816652007,True,2,
0.9743590000000001,-25,-5.920957408805907,4.158838044514607,0.010716523779003746,0.9868262348009845,4.134615384615385,-24.480881594101348,-0.5191184058986522,True,2,
0.9743590000000001,0,0.0,4.158838044514607,0.010716523779003746,0.0,4.158838044514607,0.0,0.0,True,1,
0.9743590000000001,25,6.107410539227413,4.158838044514607,0.010716523779003747,1.017901756537902,4.093387834242838,24.999999999999982,1.7763568394002505e-14,True,2,
0.9743590000000001,50,12.420083199550964,4.158838044514607,0.010716523779003747,2.0700138665918275,4.0257379275694145,50.0,0.0,True,2,
0.9743590000000001,75,18.960219533158376,4.158838044514607,0.010716523779003747,3.1600365888597293,3.9556504010323845,74.99999999999999,1.4210854715202004e-14,True,2,
0.9743590000000001,100,25.754337642518934,4.158838044514607,0.01071652377900375,4.292389607086489,3.8828410727560616,100.00000000000003,-2.842170943040401e-14,True,2,
0.9743590000000001,125,32.83454733930281,4.158838044514607,0.01071652377900375,5.472424556550468,3.8069658371801447,125.00000000000001,-1.4210854715202004e-14,True,2,
0.9743590000000001,150,40.240354833962684,4.158838044514607,0.010716523779003752,6.706725805660447,3.7276013250608977,150.0,0.0,True,2,
0.9743590000000001,175,48.021293420739866,4.158838044514607,0.010716523779003747,8.003548903456645,3.6442167116727324,175.00000000000006,-5.684341886080802e-14,True,2,
0.9743590000000001,200,56.24089535724638,4.158838044514607,0.010716523779003754,9.373482559541063,3.5561311520662144,199.99999999999997,2.842170943040401e-14,True,2,
0.9743590000000001,225,64.98294934992785,4.158838044514607,0.010716523779003752,10.830491558321308,3.462446722576309,224.99999999999997,2.842170943040401e-14,True,2,
0.9743590000000001,250,74.3618917604426,4.158838044514607,0.010716523779003752,12.393648626740434,3.361937063212121,250.00000000000003,-2.842170943040401e-14,True,2,
0.9743590000000001,275,84.54125762015211,4.158838044514607,0.010716523779003749,14.090209603358685,3.2528496469213652,274.99999999999994,5.684341886080802e-14,True,2,
0.9743590000000001,300,95.76947243307794,4.158838044514607,0.010716523779003752,15.961578738846322,3.1325222158828834,300.0,0.0,True,2,
0.9743590000000001,325,108.4583755933942,4.158838044514607,0.010716523779003749,18.076395932232366,2.996541283435879,325.00000000000006,-5.684341886080802e-14,True,2,
0.9743590000000001,350,123.39068366777366,4.158838044514607,0.010716523779003749,20.565113944628944,2.8365188488813815,350.0,0.0,True,2,
0.9743590000000001,375,142.48007828198448,4.158838044514607,0.010716523779003749,23.74667971366408,2.631946897571405,374.99999999999994,5.684341886080802e-14,True,2,
0.9743590000000001,400,175.99882251481773,4.158838044514607,0.010716523779003747,29.333137085802957,2.272742477957903,400.00000000000006,-5.684341886080802e-14,True,2,
0.9743590000000001,425,,4.158838044514607,0.010716523779003746,1.0,,,,False,1,No solution exists for discriminant 
0.9743590000000001,450,,4.158838044514607,0.010716523779003746,1.0,,,,False,1,No solution exists for discriminant 
0.9743590000000001,475,,4.158838044514607,0.010716523779003746,1.0,,,,False,1,No solution exists for discriminant 
0.9743590000000001,500,,4.158838044514607,0.010716523779003746,1.0,,,,False,1,No solution exists for discriminant 
0.9743590000000001,525,,4.158838044514607,0.010716523779003746,1.0,,,,False,1,No solution exists for discriminant 
0.9743590000000001,550,,4.158838044514607,0.010716523779003746,1.0,,,,False,1,No solution exists for discriminant 
0.9743590000000001,575,,4.158838044514607,0.010716523779003746,1.0,,,,False,1,No solution exists for discriminant 
0.9743590000000001,600,,4.158838044514607,0.010716523779003746,1.0,,,,False,1,No solution exists for discriminant 
0.9743590000000001,625,,4.158838044514607,0.010716523779003746,1.0,,,,False,1,No solution exists for discriminant 
0.9743590000000001,650,,4.158838044514607,0.010716523779003746,1.0,,,,False,1,No solution exists for discriminant 
0.9743590000000001,675,,4.158838044514607,0.010716523779003746,1.0,,,,False,1,No solution exists for discriminant 
0.9743590000000001,700,,4.158838044514607,0.010716523779003746,1.0,,,,False,1,No solution exists for discriminant 
0.9743590000000001,725,,4.158838044514607,0.010716523779003746,1.0,,,,False,1,No solution exists for discriminant 
0.9743590000000001,750,,4.158838044514607,0.010716523779003746,1.0,,,,False,1,No solution exists for discriminant 
0.9743590000000001,775,,4.158838044514607,0.010716523779003746,1.0,,,,False,1,No solution exists for discriminant 
0.9743590000000001,800,,4.158838044514607,0.010716523779003746,1.0,,,,False,1,No solution exists for discriminant 
0.9743590000000001,825,,4.158838044514607,0.010716523779003746,1.0,,,,False,1,No solution exists for discriminant 
0.9743590000000001,850,,4.158838044514607,0.010716523779003746,1.0,,,,False,1,No solution exists for discriminant 
0.9743590000000001,875,,4.158838044514607,0.010716523779003746,1.0,,,,False,1,No solution exists for discriminant 
0.9743590000000001,900,,4.158838044514607,0.010716523779003746,1.0,,,,False,1,No solution exists for discriminant 
0.9743590000000001,925,,4.158838044514607,0.010716523779003746,1.0,,,,False,1,No solution exists for discriminant 
0.9743590000000001,950,,4.158838044514607,0.010716523779003746,1.0,,,,False,1,No solution exists for discriminant 
0.9743590000000001,975,,4.158838044514607,0.010716523779003746,1.0,,,,False,1,No solution exists for discriminant 
0.9743590000000001,1000,,4.158838044514607,0.010716523779003746,1.0,,,,False,1,No solution exists for discriminant 
0.9743590000000001,1025,,4.158838044514607,0.010716523779003746,1.0,,,,False,1,No solution exists for discriminant 
0.9743590000000001,1050,,4.158838044514607,0.010716523779003746,1.0,,,,False,1,No solution exists for discriminant 
0.9743590000000001,1075,,4.158838044514607,0.010716523779003746,1.0,,,,False,1,No solution exists for discriminant 
0.9743590000000001,1100,,4.158838044514607,0.010716523779003746,1.0,,,,False,1,No solution exists for discriminant 
0.9743590000000001,1125,,4.158838044514607,0.010716523779003746,1.0,,,,False,1,No solution exists for discriminant 
0.9743590000000001,1150,,4.158838044514607,0.010716523779003746,1.0,,,,False,1,No solution exists for discriminant 
0.9743590000000001,1175,,4.158838044514607,0.010716523779003746,1.0,,,,False,1,No solution exists for discriminant 
0.9743590000000001,1200,,4.158838044514607,0.010716523779003746,1.0,,,,False,1,No solution exists for discriminant 
0.9743590000000001,1225,,4.158838044514607,0.010716523779003746,1.0,,,,False,1,No solution exists for discriminant 
0.9743590000000001,1250,,4.158838044514607,0.010716523779003746,1.0,,,,False,1,No solution exists for discriminant 
0.9743590000000001,1275,,4.158838044514607,0.010716523779003746,1.0,,,,False,1,No solution exists for discriminant 
0.9743590000000001,1300,,4.158838044514607,0.010716523779003746,1.0,,,,False,1,No solution exists for discriminant 
0.9743590000000001,1325,,4.158838044514607,0.010716523779003746,1.0,,,,False,1,No solution exists for discriminant 
0.9743590000000001,1350,,4.158838044514607,0.010716523779003746,1.0,,,,False,1,No solution exists for discriminant 
0.9743590000000001,1375,,4.158838044514607,0.010716523779003746,1.0,,,,False,1,No solution exists for discriminant 
0.9743590000000001,1400,,4.158838044514607,0.010716523779003746,1.0,,,,False,1,No solution exists for discriminant 
0.9743590000000001,1425,,4.158838044514607,0.010716523779003746,1.0,,,,False,1,No solution exists for discriminant 
0.9743590000000001,1450,,4.158838044514607,0.010716523779003746,1.0,,,,False,1,No solution exists for discriminant 
0.9743590000000001,1475,,4.158838044514607,0.010716523779003746,1.0,,,,False,1,No solution exists for discriminant 
0.9743590000000001,1500,,4.158838044514607,0.010716523779003746,1.0,,,,False,1,No solution exists for discriminant 
0.9743590000000001,1525,,4.158838044514607,0.010716523779003746,1.0,,,,False,1,No solution exists for discriminant 
1.0,-100,-22.572732687571943,4.1826923076923075,0.010961520786512859,3.7621221145953236,4.134615384615385,-93.32956784284553,-6.670432157154465,True,2,
1.0,-75,-17.159387833797414,4.1826923076923075,0.010961520786512857,2.859897972299569,4.134615384615385,-70.94746892820085,-4.052531071799152,True,2,
1.0,-50,-11.60130425414122,4.1826923076923075,0.01096152078651286,1.9335507090235369,4.134615384615385,-47.9669310507762,-2.0330689492237966,True,2,
1.0,-25,-5.886211337989542,4.1826923076923075,0.010961520786512855,0.9810352229982571,4.134615384615385,-24.337219955149074,-0.6627800448509262,True,2,
1.0,0,0.0,4.1826923076923075,0.010961520786512857,0.0,4.1826923076923075,0.0,0.0,True,1,
1.0,25,6.073687748640912,4.1826923076923075,0.010961520786512855,1.012281291440152,4.116115453184792,25.000000000000007,-7.105427357601002e-15,True,2,
1.0,50,12.353995132378028,4.1826923076923075,0.01096152078651286,2.0589991887296715,4.047273733252267,49.99999999999995,4.973799150320701e-14,True,2,
1.0,75,18.86356353885821,4.1826923076923075,0.01096152078651286,3.1439272564763683,3.975918963853407,75.00000000000004,-4.263256414560601e-14,True,2,
1.0,100,25.62949878008386,4.1826923076923075,0.010961520786512859,4.271583130013977,3.9017540240665123,99.99999999999997,2.842170943040401e-14,True,2,
1.0,125,32.68471025393951,4.1826923076923075,0.01096152078651286,5.4474517089899175,3.8244181768425998,124.99999999999996,4.263256414560601e-14,True,2,
1.0,150,40.06981560561192,4.1826923076923075,0.010961520786512862,6.678302600935321,3.743466191019655,150.0,0.0,True,2,
1.0,175,47.83593340714293,4.1826923076923075,0.010961520786512859,7.972655567857156,3.6583377293076653,174.99999999999997,2.842170943040401e-14,True,2,
1.0,200,56.04892930680203,4.1826923076923075,0.010961520786512859,9.341488217800338,3.5683108040340072,199.99999999999997,2.842170943040401e-14,True,2,
1.0,225,64.7961633490968,4.1826923076923075,0.010961520786512862,10.7993605581828,3.4724278162549,224.99999999999997,2.842170943040401e-14,True,2,
1.0,250,74.19781616991092,4.1826923076923075,0.010961520786512864,12.366302694985153,3.369371403431969,250.0,0.0,True,2,
1.0,275,84.42728367290054,4.1826923076923075,0.010961520786512864,14.071213945483423,3.25724088276299,274.99999999999994,5.684341886080802e-14,True,2,
1.0,300,95.75149706618251,4.1826923076923075,0.010961520786512864,15.958582844363752,3.1331102822616224,300.0,0.0,True,2,
1.0,325,108.62184327781428,4.1826923076923075,0.01096152078651286,18.10364054630238,2.992031714733204,325.0,0.0,True,2,
1.0,350,123.92525701657777,4.1826923076923075,0.01096152078651286,20.654209502762964,2.824283026931141,349.99999999999994,5.684341886080802e-14,True,2,
1.0,375,143.99064480459816,4.1826923076923075,0.01096152078651286,23.99844080076636,2.6043358616033148,375.0,0.0,True,2,
1.0,400,,4.1826923076923075,0.010961520786512857,1.0,,,,False,1,No solution exists for discriminant 
1.0,425,,4.1826923076923075,0.010961520786512857,1.0,,,,False,1,No solution exists for discriminant 
1.0,450,,4.1826923076923075,0.010961520786512857,1.0,,,,False,1,No solution exists for discriminant 
1.0,475,,4.1826923076923075,0.010961520786512857,1.0,,,,False,1,No solution exists for discriminant 
1.0,500,,4.1826923076923075,0.010961520786512857,1.0,,,,False,1,No solution exists for discriminant 
1.0,525,,4.1826923076923075,0.010961520786512857,1.0,,,,False,1,No solution exists for discriminant 
1.0,550,,4.1826923076923075,0.010961520786512857,1.0,,,,False,1,No solution exists for discriminant 
1.0,575,,4.1826923076923075,0.010961520786512857,1.0,,,,False,1,No solution exists for discriminant 
1.0,600,,4.1826923076923075,0.010961520786512857,1.0,,,,False,1,No solution exists for discriminant 
1.0,625,,4.1826923076923075,0.010961520786512857,1.0,,,,False,1,No solution exists for discriminant 
1.0,650,,4.1826923076923075,0.010961520786512857,1.0,,,,False,1,No solution exists for discriminant 
1.0,675,,4.1826923076923075,0.010961520786512857,1.0,,,,False,1,No solution exists for discriminant 
1.0,700,,4.1826923076923075,0.010961520786512857,1.0,,,,False,1,No solution exists for discriminant 
1.0,725,,4.1826923076923075,0.010961520786512857,1.0,,,,False,1,No solution exists for discriminant 
1.0,750,,4.1826923076923075,0.010961520786512857,1.0,,,,False,1,No solution exists for discriminant 
1.0,775,,4.1826923076923075,0.010961520786512857,1.0,,,,False,1,No solution exists for discriminant 
1.0,800,,4.1826923076923075,0.010961520786512857,1.0,,,,False,1,No solution exists for discriminant 
1.0,825,,4.1826923076923075,0.010961520786512857,1.0,,,,False,1,No solution exists for discriminant 
1.0,850,,4.1826923076923075,0.010961520786512857,1.0,,,,False,1,No solution exists for discriminant 
1.0,875,,4.1826923076923075,0.010961520786512857,1.0,,,,False,1,No solution exists for discriminant 
1.0,900,,4.1826923076923075,0.010961520786512857,1.0,,,,False,1,No solution exists for discriminant 
1.0,925,,4.1826923076923075,0.010961520786512857,1.0,,,,False,1,No solution exists for discriminant 
1.0,950,,4.1826923076923075,0.010961520786512857,1.0,,,,False,1,No solution exists for discriminant 
1.0,975,,4.1826923076923075,0.010961520786512857,1.0,,,,False,1,No solution exists for discriminant 
1.0,1000,,4.1826923076923075,0.010961520786512857,1.0,,,,False,1,No solution exists for discriminant 
1.0,1025,,4.1826923076923075,0.010961520786512857,1.0,,,,False,1,No solution exists for discriminant 
1.0,1050,,4.1826923076923075,0.010961520786512857,1.0,,,,False,1,No solution exists for discriminant 
1.0,1075,,4.1826923076923075,0.010961520786512857,1.0,,,,False,1,No solution exists for discriminant 
1.0,1100,,4.1826923076923075,0.010961520786512857,1.0,,,,False,1,No solution exists for discriminant 
1.0,1125,,4.1826923076923075,0.010961520786512857,1.0,,,,False,1,No solution exists for discriminant 
1.0,1150,,4.1826923076923075,0.010961520786512857,1.0,,,,False,1,No solution exists for discriminant 
1.0,1175,,4.1826923076923075,0.010961520786512857,1.0,,,,False,1,No solution exists for discriminant 
1.0,1200,,4.1826923076923075,0.010961520786512857,1.0,,,,False,1,No solution exists for discriminant 
1.0,1225,,4.1826923076923075,0.010961520786512857,1.0,,,,False,1,No solution exists for discriminant 
1.0,1250,,4.1826923076923075,0.010961520786512857,1.0,,,,False,1,No solution exists for discriminant 
1.0,1275,,4.1826923076923075,0.010961520786512857,1.0,,,,False,1,No solution exists for discriminant 
1.0,1300,,4.1826923076923075,0.010961520786512857,1.0,,,,False,1,No solution exists for discriminant 
1.0,1325,,4.1826923076923075,0.010961520786512857,1.0,,,,False,1,No solution exists for discriminant 
1.0,1350,,4.1826923076923075,0.010961520786512857,1.0,,,,False,1,No solution exists for discriminant 
1.0,1375,,4.1826923076923075,0.010961520786512857,1.0,,,,False,1,No solution exists for discriminant 
1.0,1400,,4.1826923076923075,0.010961520786512857,1.0,,,,False,1,No solution exists for discriminant 
1.0,1425,,4.1826923076923075,0.010961520786512857,1.0,,,,False,1,No solution exists for discriminant 
1.0,1450,,4.1826923076923075,0.010961520786512857,1.0,,,,False,1,No solution exists for discriminant 
1.0,1475,,4.1826923076923075,0.010961520786512857,1.0,,,,False,1,No solution exists for discriminant 
1.0,1500,,4.1826923076923075,0.010961520786512857,1.0,,,,False,1,No solution exists for discriminant 
1.0,1525,,4.1826923076923075,0.010961520786512857,1.0,,,,False,1,No solution exists for discriminant 
