soc,power,current,ocv,ir0,c_rate,line_voltage,power_out,deltaP,converged,iterations,error
1e-06,-100,-25.925925925925927,2.60711586998087,0.010182801539713493,4.577662782325182,2.8711144284178864,-74.43629999601929,-25.563700003980713,True,7,
1e-06,-75,-25.925925925925927,2.60711586998087,0.008903641179440517,3.5661033782705935,2.8379510116700684,-73.57650770996474,-1.4234922900352558,True,5,
1e-06,-50,-18.02587371726888,2.60711586998087,0.009246419009585585,2.4359288807120105,2.773790651384614,-50.000000000000036,3.552713678800501e-14,True,5,
1e-06,-25,-9.23552398759755,2.60711586998087,0.01080860412992456,1.2480437821077768,2.706938992695234,-24.999999999999982,-1.7763568394002505e-14,True,4,
1e-06,0,0.0,2.60711586998087,0.009638506441445486,0.0,2.60711586998087,0.0,0.0,True,1,
1e-06,25,10.000149529640812,2.60711586998087,0.01071516495973351,1.351371558059569,2.4999626181487673,25.000000000000007,-7.105427357601002e-15,True,4,
1e-06,50,20.629988551297,2.60711586998087,0.008892862589838816,2.7878362907158105,2.423656216564238,50.00000000000003,-2.842170943040401e-14,True,5,
1e-06,75,32.90472393560438,2.60711586998087,0.009962335072188135,4.446584315622213,2.27930798467653,75.0,0.0,True,8,
1e-06,100,55.69979637807716,2.60711586998087,0.014574149693906795,7.526999510550967,1.7953386996466458,100.0,0.0,True,8,
1e-06,125,,2.60711586998087,0.014534899362917728,7.778044925047801,,,,False,4,No solution exists for discriminant 
1e-06,150,,2.60711586998087,0.013068595639997072,6.097902333410853,,,,False,7,No solution exists for discriminant 
1e-06,175,,2.60711586998087,0.01094933444379021,1.0,,,,False,1,No solution exists for discriminant 
1e-06,200,,2.60711586998087,0.01094933444379021,1.0,,,,False,1,No solution exists for discriminant 
1e-06,225,,2.60711586998087,0.01094933444379021,1.0,,,,False,1,No solution exists for discriminant 
1e-06,250,,2.60711586998087,0.01094933444379021,1.0,,,,False,1,No solution exists for discriminant 
1e-06,275,,2.60711586998087,0.01094933444379021,1.0,,,,False,1,No solution exists for discriminant 
1e-06,300,,2.60711586998087,0.01094933444379021,1.0,,,,False,1,No solution exists for discriminant 
1e-06,325,,2.60711586998087,0.01094933444379021,1.0,,,,False,1,No solution exists for discriminant 
1e-06,350,,2.60711586998087,0.01094933444379021,1.0,,,,False,1,No solution exists for discriminant 
1e-06,375,,2.60711586998087,0.01094933444379021,1.0,,,,False,1,No solution exists for discriminant 
1e-06,400,,2.60711586998087,0.01094933444379021,1.0,,,,False,1,No solution exists for discriminant 
1e-06,425,,2.60711586998087,0.01094933444379021,1.0,,,,False,1,No solution exists for discriminant 
1e-06,450,,2.60711586998087,0.01094933444379021,1.0,,,,False,1,No solution exists for discriminant 
1e-06,475,,2.60711586998087,0.01094933444379021,1.0,,,,False,1,No solution exists for discriminant 
1e-06,500,,2.60711586998087,0.01094933444379021,1.0,,,,False,1,No solution exists for discriminant 
1e-06,525,,2.60711586998087,0.01094933444379021,1.0,,,,False,1,No solution exists for discriminant 
1e-06,550,,2.60711586998087,0.01094933444379021,1.0,,,,False,1,No solution exists for discriminant 
1e-06,575,,2.60711586998087,0.01094933444379021,1.0,,,,False,1,No solution exists for discriminant 
1e-06,600,,2.60711586998087,0.01094933444379021,1.0,,,,False,1,No solution exists for discriminant 
1e-06,625,,2.60711586998087,0.01094933444379021,1.0,,,,False,1,No solution exists for discriminant 
1e-06,650,,2.60711586998087,0.01094933444379021,1.0,,,,False,1,No solution exists for discriminant 
1e-06,675,,2.60711586998087,0.01094933444379021,1.0,,,,False,1,No solution exists for discriminant 
1e-06,700,,2.60711586998087,0.01094933444379021,1.0,,,,False,1,No solution exists for discriminant 
1e-06,725,,2.60711586998087,0.01094933444379021,1.0,,,,False,1,No solution exists for discriminant 
1e-06,750,,2.60711586998087,0.01094933444379021,1.0,,,,False,1,No solution exists for discriminant 
1e-06,775,,2.60711586998087,0.01094933444379021,1.0,,,,False,1,No solution exists for discriminant 
1e-06,800,,2.60711586998087,0.01094933444379021,1.0,,,,False,1,No solution exists for discriminant 
1e-06,825,,2.60711586998087,0.01094933444379021,1.0,,,,False,1,No solution exists for discriminant 
1e-06,850,,2.60711586998087,0.01094933444379021,1.0,,,,False,1,No solution exists for discriminant 
1e-06,875,,2.60711586998087,0.01094933444379021,1.0,,,,False,1,No solution exists for discriminant 
1e-06,900,,2.60711586998087,0.01094933444379021,1.0,,,,False,1,No solution exists for discriminant 
1e-06,925,,2.60711586998087,0.01094933444379021,1.0,,,,False,1,No solution exists for discriminant 
1e-06,950,,2.60711586998087,0.01094933444379021,1.0,,,,False,1,No solution exists for discriminant 
1e-06,975,,2.60711586998087,0.01094933444379021,1.0,,,,False,1,No solution exists for discriminant 
1e-06,1000,,2.60711586998087,0.01094933444379021,1.0,,,,False,1,No solution exists for discriminant 
1e-06,1025,,2.60711586998087,0.01094933444379021,1.0,,,,False,1,No solution exists for discriminant 
1e-06,1050,,2.60711586998087,0.01094933444379021,1.0,,,,False,1,No solution exists for discriminant 
1e-06,1075,,2.60711586998087,0.01094933444379021,1.0,,,,False,1,No solution exists for discriminant 
1e-06,1100,,2.60711586998087,0.01094933444379021,1.0,,,,False,1,No solution exists for discriminant 
1e-06,1125,,2.60711586998087,0.01094933444379021,1.0,,,,False,1,No solution exists for discriminant 
1e-06,1150,,2.60711586998087,0.01094933444379021,1.0,,,,False,1,No solution exists for discriminant 
1e-06,1175,,2.60711586998087,0.01094933444379021,1.0,,,,False,1,No solution exists for discriminant 
1e-06,1200,,2.60711586998087,0.01094933444379021,1.0,,,,False,1,No solution exists for discriminant 
1e-06,1225,,2.60711586998087,0.01094933444379021,1.0,,,,False,1,No solution exists for discriminant 
1e-06,1250,,2.60711586998087,0.01094933444379021,1.0,,,,False,1,No solution exists for discriminant 
1e-06,1275,,2.60711586998087,0.01094933444379021,1.0,,,,False,1,No solution exists for discriminant 
1e-06,1300,,2.60711586998087,0.01094933444379021,1.0,,,,False,1,No solution exists for discriminant 
1e-06,1325,,2.60711586998087,0.01094933444379021,1.0,,,,False,1,No solution exists for discriminant 
1e-06,1350,,2.60711586998087,0.01094933444379021,1.0,,,,False,1,No solution exists for discriminant 
1e-06,1375,,2.60711586998087,0.01094933444379021,1.0,,,,False,1,No solution exists for discriminant 
1e-06,1400,,2.60711586998087,0.01094933444379021,1.0,,,,False,1,No solution exists for discriminant 
1e-06,1425,,2.60711586998087,0.01094933444379021,1.0,,,,False,1,No solution exists for discriminant 
1e-06,1450,,2.60711586998087,0.01094933444379021,1.0,,,,False,1,No solution exists for discriminant 
1e-06,1475,,2.60711586998087,0.01094933444379021,1.0,,,,False,1,No solution exists for discriminant 
1e-06,1500,,2.60711586998087,0.01094933444379021,1.0,,,,False,1,No solution exists for discriminant 
1e-06,1525,,2.60711586998087,0.01094933444379021,1.0,,,,False,1,No solution exists for discriminant 
0.025642,-100,-25.925925925925927,2.9186791508459864,0.008710875340060185,4.234074681516932,3.1445166596623615,-81.52450599124641,-18.475494008753586,True,6,
0.025642,-75,-24.137879131709504,2.9186791508459864,0.007808075698815218,3.261875558339122,3.1071495383152263,-74.99999999999991,-8.526512829121202e-14,True,4,
0.025642,-50,-16.336699728600067,2.9186791508459864,0.008686854450284566,2.2076621254864954,3.0605936835863385,-50.000000000000014,1.4210854715202004e-14,True,5,
0.025642,-25,-8.32448794407097,2.9186791508459864,0.010151804345818765,1.1249308032528338,3.0031877237333218,-24.999999999999975,-2.4868995751603507e-14,True,3,
0.025642,0,0.0,2.9186791508459864,0.008739684096666752,0.0,2.9186791508459864,0.0,0.0,True,1,
0.025642,25,8.835789168465945,2.9186791508459864,0.010104032320159245,1.1940255633062087,2.8294020515136933,25.000000000000014,-1.4210854715202004e-14,True,4,
0.025642,50,18.063419270664554,2.9186791508459864,0.008340277893110414,2.4410026041438586,2.7680252144288784,49.999999999999986,1.4210854715202004e-14,True,5,
0.025642,75,27.85086971917548,2.9186791508459864,0.0081062115707627,3.7636310431318214,2.6929141084726016,75.00000000000001,-1.4210854715202004e-14,True,6,
0.025642,100,40.524862796285156,2.9186791508459864,0.011130406875731138,5.476332810308804,2.4676209393401534,100.00000000000001,-1.4210854715202004e-14,True,10,
0.025642,125,59.58805309671121,2.9186791508459864,0.013776976723391893,8.052439607663676,2.097735930340356,125.00000000000001,-1.4210854715202004e-14,True,14,
0.025642,150,,2.9186791508459864,0.004953426158564876,7.687147483753471,,,,False,50,Failed to converge after 50 iterations
0.025642,175,,2.9186791508459864,0.013554388944310438,6.834775793883748,,,,False,3,No solution exists for discriminant 
0.025642,200,,2.9186791508459864,0.012234688166741406,6.015128526019332,,,,False,5,No solution exists for discriminant 
0.025642,225,,2.9186791508459864,0.010209395596289897,1.0,,,,False,1,No solution exists for discriminant 
0.025642,250,,2.9186791508459864,0.010209395596289897,1.0,,,,False,1,No solution exists for discriminant 
0.025642,275,,2.9186791508459864,0.010209395596289897,1.0,,,,False,1,No solution exists for discriminant 
0.025642,300,,2.9186791508459864,0.010209395596289897,1.0,,,,False,1,No solution exists for discriminant 
0.025642,325,,2.9186791508459864,0.010209395596289897,1.0,,,,False,1,No solution exists for discriminant 
0.025642,350,,2.9186791508459864,0.010209395596289897,1.0,,,,False,1,No solution exists for discriminant 
0.025642,375,,2.9186791508459864,0.010209395596289897,1.0,,,,False,1,No solution exists for discriminant 
0.025642,400,,2.9186791508459864,0.010209395596289897,1.0,,,,False,1,No solution exists for discriminant 
0.025642,425,,2.9186791508459864,0.010209395596289897,1.0,,,,False,1,No solution exists for discriminant 
0.025642,450,,2.9186791508459864,0.010209395596289897,1.0,,,,False,1,No solution exists for discriminant 
0.025642,475,,2.9186791508459864,0.010209395596289897,1.0,,,,False,1,No solution exists for discriminant 
0.025642,500,,2.9186791508459864,0.010209395596289897,1.0,,,,False,1,No solution exists for discriminant 
0.025642,525,,2.9186791508459864,0.010209395596289897,1.0,,,,False,1,No solution exists for discriminant 
0.025642,550,,2.9186791508459864,0.010209395596289897,1.0,,,,False,1,No solution exists for discriminant 
0.025642,575,,2.9186791508459864,0.010209395596289897,1.0,,,,False,1,No solution exists for discriminant 
0.025642,600,,2.9186791508459864,0.010209395596289897,1.0,,,,False,1,No solution exists for discriminant 
0.025642,625,,2.9186791508459864,0.010209395596289897,1.0,,,,False,1,No solution exists for discriminant 
0.025642,650,,2.9186791508459864,0.010209395596289897,1.0,,,,False,1,No solution exists for discriminant 
0.025642,675,,2.9186791508459864,0.010209395596289897,1.0,,,,False,1,No solution exists for discriminant 
0.025642,700,,2.9186791508459864,0.010209395596289897,1.0,,,,False,1,No solution exists for discriminant 
0.025642,725,,2.9186791508459864,0.010209395596289897,1.0,,,,False,1,No solution exists for discriminant 
0.025642,750,,2.9186791508459864,0.010209395596289897,1.0,,,,False,1,No solution exists for discriminant 
0.025642,775,,2.9186791508459864,0.010209395596289897,1.0,,,,False,1,No solution exists for discriminant 
0.025642,800,,2.9186791508459864,0.010209395596289897,1.0,,,,False,1,No solution exists for discriminant 
0.025642,825,,2.9186791508459864,0.010209395596289897,1.0,,,,False,1,No solution exists for discriminant 
0.025642,850,,2.9186791508459864,0.010209395596289897,1.0,,,,False,1,No solution exists for discriminant 
0.025642,875,,2.9186791508459864,0.010209395596289897,1.0,,,,False,1,No solution exists for discriminant 
0.025642,900,,2.9186791508459864,0.010209395596289897,1.0,,,,False,1,No solution exists for discriminant 
0.025642,925,,2.9186791508459864,0.010209395596289897,1.0,,,,False,1,No solution exists for discriminant 
0.025642,950,,2.9186791508459864,0.010209395596289897,1.0,,,,False,1,No solution exists for discriminant 
0.025642,975,,2.9186791508459864,0.010209395596289897,1.0,,,,False,1,No solution exists for discriminant 
0.025642,1000,,2.9186791508459864,0.010209395596289897,1.0,,,,False,1,No solution exists for discriminant 
0.025642,1025,,2.9186791508459864,0.010209395596289897,1.0,,,,False,1,No solution exists for discriminant 
0.025642,1050,,2.9186791508459864,0.010209395596289897,1.0,,,,False,1,No solution exists for discriminant 
0.025642,1075,,2.9186791508459864,0.010209395596289897,1.0,,,,False,1,No solution exists for discriminant 
0.025642,1100,,2.9186791508459864,0.010209395596289897,1.0,,,,False,1,No solution exists for discriminant 
0.025642,1125,,2.9186791508459864,0.010209395596289897,1.0,,,,False,1,No solution exists for discriminant 
0.025642,1150,,2.9186791508459864,0.010209395596289897,1.0,,,,False,1,No solution exists for discriminant 
0.025642,1175,,2.9186791508459864,0.010209395596289897,1.0,,,,False,1,No solution exists for discriminant 
0.025642,1200,,2.9186791508459864,0.010209395596289897,1.0,,,,False,1,No solution exists for discriminant 
0.025642,1225,,2.9186791508459864,0.010209395596289897,1.0,,,,False,1,No solution exists for discriminant 
0.025642,1250,,2.9186791508459864,0.010209395596289897,1.0,,,,False,1,No solution exists for discriminant 
0.025642,1275,,2.9186791508459864,0.010209395596289897,1.0,,,,False,1,No solution exists for discriminant 
0.025642,1300,,2.9186791508459864,0.010209395596289897,1.0,,,,False,1,No solution exists for discriminant 
0.025642,1325,,2.9186791508459864,0.010209395596289897,1.0,,,,False,1,No solution exists for discriminant 
0.025642,1350,,2.9186791508459864,0.010209395596289897,1.0,,,,False,1,No solution exists for discriminant 
0.025642,1375,,2.9186791508459864,0.010209395596289897,1.0,,,,False,1,No solution exists for discriminant 
0.025642,1400,,2.9186791508459864,0.010209395596289897,1.0,,,,False,1,No solution exists for discriminant 
0.025642,1425,,2.9186791508459864,0.010209395596289897,1.0,,,,False,1,No solution exists for discriminant 
0.025642,1450,,2.9186791508459864,0.010209395596289897,1.0,,,,False,1,No solution exists for discriminant 
0.025642,1475,,2.9186791508459864,0.010209395596289897,1.0,,,,False,1,No solution exists for discriminant 
0.025642,1500,,2.9186791508459864,0.010209395596289897,1.0,,,,False,1,No solution exists for discriminant 
0.025642,1525,,2.9186791508459864,0.010209395596289897,1.0,,,,False,1,No solution exists for discriminant 
0.051283,-100,-25.925925925925927,3.0951714147948897,0.00756016907003279,4.067025226191362,3.291175798092036,-85.32677995053427,-14.673220049465726,True,6,
0.051283,-75,-23.049954041211826,3.0951714147948897,0.006882060069945519,3.114858654217814,3.253802583115993,-74.99999999999997,-2.842170943040401e-14,True,4,
0.051283,-50,-15.528019020346864,3.0951714147948897,0.008038007738998983,2.0983809486955223,3.219985751851761,-50.00000000000004,4.263256414560601e-14,True,5,
0.051283,-25,-7.887067522508827,3.0951714147948897,0.009455287695112924,1.0658199354741658,3.1697459072909924,-25.000000000000064,6.394884621840902e-14,True,3,
0.051283,0,0.0,3.0951714147948897,0.007868852914225977,0.0,3.0951714147948897,0.0,0.0,True,1,
0.051283,25,8.286174523984315,3.0951714147948897,0.009425051528143328,1.1197533140519342,3.017073792935149,24.999999999999957,4.263256414560601e-14,True,3,
0.051283,50,16.864434132155072,3.0951714147948897,0.007729408637766731,2.278977585426361,2.964819311942762,50.000000000000036,-3.552713678800501e-14,True,5,
0.051283,75,25.717916856946108,3.0951714147948897,0.0069568836655805695,3.475394169857582,2.916254859100042,74.99999999999997,2.842170943040401e-14,True,5,
0.051283,100,36.12582936128657,3.0951714147948897,0.009053601840601154,4.881868832606293,2.7681025395963026,100.00000000000003,-2.842170943040401e-14,True,8,
0.051283,125,51.70990313044918,3.0951714147948897,0.013108504222432751,6.987824747357997,2.417331931267808,124.99999999999999,1.4210854715202004e-14,True,11,
0.051283,150,,3.0951714147948897,0.01294667851224049,9.1280669040043,,,,False,50,Failed to converge after 50 iterations
0.051283,175,,3.0951714147948897,0.008104627872027124,9.325644168819485,,,,False,50,Failed to converge after 50 iterations
0.051283,200,,3.0951714147948897,0.012650486140436613,6.630934175204673,,,,False,3,No solution exists for discriminant 
0.051283,225,,3.0951714147948897,0.012746899122545853,6.696405626209962,,,,False,9,No solution exists for discriminant 
0.051283,250,,3.0951714147948897,0.009973931997454654,5.301016604243022,,,,False,5,No solution exists for discriminant 
0.051283,275,,3.0951714147948897,0.009481521216404314,1.0,,,,False,1,No solution exists for discriminant 
0.051283,300,,3.0951714147948897,0.009481521216404314,1.0,,,,False,1,No solution exists for discriminant 
0.051283,325,,3.0951714147948897,0.009481521216404314,1.0,,,,False,1,No solution exists for discriminant 
0.051283,350,,3.0951714147948897,0.009481521216404314,1.0,,,,False,1,No solution exists for discriminant 
0.051283,375,,3.0951714147948897,0.009481521216404314,1.0,,,,False,1,No solution exists for discriminant 
0.051283,400,,3.0951714147948897,0.009481521216404314,1.0,,,,False,1,No solution exists for discriminant 
0.051283,425,,3.0951714147948897,0.009481521216404314,1.0,,,,False,1,No solution exists for discriminant 
0.051283,450,,3.0951714147948897,0.009481521216404314,1.0,,,,False,1,No solution exists for discriminant 
0.051283,475,,3.0951714147948897,0.009481521216404314,1.0,,,,False,1,No solution exists for discriminant 
0.051283,500,,3.0951714147948897,0.009481521216404314,1.0,,,,False,1,No solution exists for discriminant 
0.051283,525,,3.0951714147948897,0.009481521216404314,1.0,,,,False,1,No solution exists for discriminant 
0.051283,550,,3.0951714147948897,0.009481521216404314,1.0,,,,False,1,No solution exists for discriminant 
0.051283,575,,3.0951714147948897,0.009481521216404314,1.0,,,,False,1,No solution exists for discriminant 
0.051283,600,,3.0951714147948897,0.009481521216404314,1.0,,,,False,1,No solution exists for discriminant 
0.051283,625,,3.0951714147948897,0.009481521216404314,1.0,,,,False,1,No solution exists for discriminant 
0.051283,650,,3.0951714147948897,0.009481521216404314,1.0,,,,False,1,No solution exists for discriminant 
0.051283,675,,3.0951714147948897,0.009481521216404314,1.0,,,,False,1,No solution exists for discriminant 
0.051283,700,,3.0951714147948897,0.009481521216404314,1.0,,,,False,1,No solution exists for discriminant 
0.051283,725,,3.0951714147948897,0.009481521216404314,1.0,,,,False,1,No solution exists for discriminant 
0.051283,750,,3.0951714147948897,0.009481521216404314,1.0,,,,False,1,No solution exists for discriminant 
0.051283,775,,3.0951714147948897,0.009481521216404314,1.0,,,,False,1,No solution exists for discriminant 
0.051283,800,,3.0951714147948897,0.009481521216404314,1.0,,,,False,1,No solution exists for discriminant 
0.051283,825,,3.0951714147948897,0.009481521216404314,1.0,,,,False,1,No solution exists for discriminant 
0.051283,850,,3.0951714147948897,0.009481521216404314,1.0,,,,False,1,No solution exists for discriminant 
0.051283,875,,3.0951714147948897,0.009481521216404314,1.0,,,,False,1,No solution exists for discriminant 
0.051283,900,,3.0951714147948897,0.009481521216404314,1.0,,,,False,1,No solution exists for discriminant 
0.051283,925,,3.0951714147948897,0.009481521216404314,1.0,,,,False,1,No solution exists for discriminant 
0.051283,950,,3.0951714147948897,0.009481521216404314,1.0,,,,False,1,No solution exists for discriminant 
0.051283,975,,3.0951714147948897,0.009481521216404314,1.0,,,,False,1,No solution exists for discriminant 
0.051283,1000,,3.0951714147948897,0.009481521216404314,1.0,,,,False,1,No solution exists for discriminant 
0.051283,1025,,3.0951714147948897,0.009481521216404314,1.0,,,,False,1,No solution exists for discriminant 
0.051283,1050,,3.0951714147948897,0.009481521216404314,1.0,,,,False,1,No solution exists for discriminant 
0.051283,1075,,3.0951714147948897,0.009481521216404314,1.0,,,,False,1,No solution exists for discriminant 
0.051283,1100,,3.0951714147948897,0.009481521216404314,1.0,,,,False,1,No solution exists for discriminant 
0.051283,1125,,3.0951714147948897,0.009481521216404314,1.0,,,,False,1,No solution exists for discriminant 
0.051283,1150,,3.0951714147948897,0.009481521216404314,1.0,,,,False,1,No solution exists for discriminant 
0.051283,1175,,3.0951714147948897,0.009481521216404314,1.0,,,,False,1,No solution exists for discriminant 
0.051283,1200,,3.0951714147948897,0.009481521216404314,1.0,,,,False,1,No solution exists for discriminant 
0.051283,1225,,3.0951714147948897,0.009481521216404314,1.0,,,,False,1,No solution exists for discriminant 
0.051283,1250,,3.0951714147948897,0.009481521216404314,1.0,,,,False,1,No solution exists for discriminant 
0.051283,1275,,3.0951714147948897,0.009481521216404314,1.0,,,,False,1,No solution exists for discriminant 
0.051283,1300,,3.0951714147948897,0.009481521216404314,1.0,,,,False,1,No solution exists for discriminant 
0.051283,1325,,3.0951714147948897,0.009481521216404314,1.0,,,,False,1,No solution exists for discriminant 
0.051283,1350,,3.0951714147948897,0.009481521216404314,1.0,,,,False,1,No solution exists for discriminant 
0.051283,1375,,3.0951714147948897,0.009481521216404314,1.0,,,,False,1,No solution exists for discriminant 
0.051283,1400,,3.0951714147948897,0.009481521216404314,1.0,,,,False,1,No solution exists for discriminant 
0.051283,1425,,3.0951714147948897,0.009481521216404314,1.0,,,,False,1,No solution exists for discriminant 
0.051283,1450,,3.0951714147948897,0.009481521216404314,1.0,,,,False,1,No solution exists for discriminant 
0.051283,1475,,3.0951714147948897,0.009481521216404314,1.0,,,,False,1,No solution exists for discriminant 
0.051283,1500,,3.0951714147948897,0.009481521216404314,1.0,,,,False,1,No solution exists for discriminant 
0.051283,1525,,3.0951714147948897,0.009481521216404314,1.0,,,,False,1,No solution exists for discriminant 
0.076924,-100,-25.925925925925927,3.1878008508191624,0.006602877731508757,3.994558887987185,3.3589865697842045,-87.08483699440531,-12.915163005594692,True,6,
0.076924,-75,-22.562832865202676,3.1878008508191624,0.006038684644453994,3.049031468270632,3.324050683177644,-74.99999999999996,-4.263256414560601e-14,True,5,
0.076924,-50,-15.154769406593612,3.1878008508191624,0.007356794526693141,2.0479418117018393,3.2992913754428868,-50.00000000000002,2.1316282072803006e-14,True,5,
0.076924,-25,-7.680100305503922,3.1878008508191624,0.008771365656063927,1.0378513926356652,3.2551658188739854,-25.00000000000002,2.1316282072803006e-14,True,3,
0.076924,0,0.0,3.1878008508191624,0.007047391121617825,0.0,3.1878008508191624,0.0,0.0,True,1,
0.076924,25,8.018878490013945,3.1878008508191624,0.008749091262751847,1.0836322283802629,3.117642951085113,25.00000000000001,-1.0658141036401503e-14,True,3,
0.076924,50,16.272725107573123,3.1878008508191624,0.007077778485659781,2.1990169064288003,3.0726261071497256,50.00000000000001,-7.105427357601002e-15,True,5,
0.076924,75,24.67963954510425,3.1878008508191624,0.006031634835424266,3.335086425014088,3.0389422772131973,74.99999999999999,1.4210854715202004e-14,True,5,
0.076924,100,34.19266806632933,3.1878008508191624,0.007697476366265902,4.620630819774234,2.9246035964790176,100.00000000000003,-2.842170943040401e-14,True,8,
0.076924,125,47.40180570109764,3.1878008508191624,0.011619188310452258,6.405649419067249,2.6370303441226395,125.00000000000001,-1.4210854715202004e-14,True,12,
0.076924,150,61.49334218642738,3.1878008508191624,0.01217225090701612,8.309911106273969,2.439288460614969,149.99999999999997,2.842170943040401e-14,True,25,
0.076924,175,,3.1878008508191624,0.012410910346179662,10.744343637605084,,,,False,50,Failed to converge after 50 iterations
0.076924,200,,3.1878008508191624,0.012772422570867734,7.773529466277992,,,,False,3,No solution exists for discriminant 
0.076924,225,,3.1878008508191624,0.01277815801740761,7.381334454250019,,,,False,7,No solution exists for discriminant 
0.076924,250,,3.1878008508191624,0.011676409191383259,6.437222325581141,,,,False,9,No solution exists for discriminant 
0.076924,275,,3.1878008508191624,-0.372909504919862,3.1372990112279635,,,,False,50,Failed to converge after 50 iterations
0.076924,300,,3.1878008508191624,0.008785106767704097,1.0,,,,False,1,No solution exists for discriminant 
0.076924,325,,3.1878008508191624,0.008785106767704097,1.0,,,,False,1,No solution exists for discriminant 
0.076924,350,,3.1878008508191624,0.008785106767704097,1.0,,,,False,1,No solution exists for discriminant 
0.076924,375,,3.1878008508191624,0.008785106767704097,1.0,,,,False,1,No solution exists for discriminant 
0.076924,400,,3.1878008508191624,0.008785106767704097,1.0,,,,False,1,No solution exists for discriminant 
0.076924,425,,3.1878008508191624,0.008785106767704097,1.0,,,,False,1,No solution exists for discriminant 
0.076924,450,,3.1878008508191624,0.008785106767704097,1.0,,,,False,1,No solution exists for discriminant 
0.076924,475,,3.1878008508191624,0.008785106767704097,1.0,,,,False,1,No solution exists for discriminant 
0.076924,500,,3.1878008508191624,0.008785106767704097,1.0,,,,False,1,No solution exists for discriminant 
0.076924,525,,3.1878008508191624,0.008785106767704097,1.0,,,,False,1,No solution exists for discriminant 
0.076924,550,,3.1878008508191624,0.008785106767704097,1.0,,,,False,1,No solution exists for discriminant 
0.076924,575,,3.1878008508191624,0.008785106767704097,1.0,,,,False,1,No solution exists for discriminant 
0.076924,600,,3.1878008508191624,0.008785106767704097,1.0,,,,False,1,No solution exists for discriminant 
0.076924,625,,3.1878008508191624,0.008785106767704097,1.0,,,,False,1,No solution exists for discriminant 
0.076924,650,,3.1878008508191624,0.008785106767704097,1.0,,,,False,1,No solution exists for discriminant 
0.076924,675,,3.1878008508191624,0.008785106767704097,1.0,,,,False,1,No solution exists for discriminant 
0.076924,700,,3.1878008508191624,0.008785106767704097,1.0,,,,False,1,No solution exists for discriminant 
0.076924,725,,3.1878008508191624,0.008785106767704097,1.0,,,,False,1,No solution exists for discriminant 
0.076924,750,,3.1878008508191624,0.008785106767704097,1.0,,,,False,1,No solution exists for discriminant 
0.076924,775,,3.1878008508191624,0.008785106767704097,1.0,,,,False,1,No solution exists for discriminant 
0.076924,800,,3.1878008508191624,0.008785106767704097,1.0,,,,False,1,No solution exists for discriminant 
0.076924,825,,3.1878008508191624,0.008785106767704097,1.0,,,,False,1,No solution exists for discriminant 
0.076924,850,,3.1878008508191624,0.008785106767704097,1.0,,,,False,1,No solution exists for discriminant 
0.076924,875,,3.1878008508191624,0.008785106767704097,1.0,,,,False,1,No solution exists for discriminant 
0.076924,900,,3.1878008508191624,0.008785106767704097,1.0,,,,False,1,No solution exists for discriminant 
0.076924,925,,3.1878008508191624,0.008785106767704097,1.0,,,,False,1,No solution exists for discriminant 
0.076924,950,,3.1878008508191624,0.008785106767704097,1.0,,,,False,1,No solution exists for discriminant 
0.076924,975,,3.1878008508191624,0.008785106767704097,1.0,,,,False,1,No solution exists for discriminant 
0.076924,1000,,3.1878008508191624,0.008785106767704097,1.0,,,,False,1,No solution exists for discriminant 
0.076924,1025,,3.1878008508191624,0.008785106767704097,1.0,,,,False,1,No solution exists for discriminant 
0.076924,1050,,3.1878008508191624,0.008785106767704097,1.0,,,,False,1,No solution exists for discriminant 
0.076924,1075,,3.1878008508191624,0.008785106767704097,1.0,,,,False,1,No solution exists for discriminant 
0.076924,1100,,3.1878008508191624,0.008785106767704097,1.0,,,,False,1,No solution exists for discriminant 
0.076924,1125,,3.1878008508191624,0.008785106767704097,1.0,,,,False,1,No solution exists for discriminant 
0.076924,1150,,3.1878008508191624,0.008785106767704097,1.0,,,,False,1,No solution exists for discriminant 
0.076924,1175,,3.1878008508191624,0.008785106767704097,1.0,,,,False,1,No solution exists for discriminant 
0.076924,1200,,3.1878008508191624,0.008785106767704097,1.0,,,,False,1,No solution exists for discriminant 
0.076924,1225,,3.1878008508191624,0.008785106767704097,1.0,,,,False,1,No solution exists for discriminant 
0.076924,1250,,3.1878008508191624,0.008785106767704097,1.0,,,,False,1,No solution exists for discriminant 
0.076924,1275,,3.1878008508191624,0.008785106767704097,1.0,,,,False,1,No solution exists for discriminant 
0.076924,1300,,3.1878008508191624,0.008785106767704097,1.0,,,,False,1,No solution exists for discriminant 
0.076924,1325,,3.1878008508191624,0.008785106767704097,1.0,,,,False,1,No solution exists for discriminant 
0.076924,1350,,3.1878008508191624,0.008785106767704097,1.0,,,,False,1,No solution exists for discriminant 
0.076924,1375,,3.1878008508191624,0.008785106767704097,1.0,,,,False,1,No solution exists for discriminant 
0.076924,1400,,3.1878008508191624,0.008785106767704097,1.0,,,,False,1,No solution exists for discriminant 
0.076924,1425,,3.1878008508191624,0.008785106767704097,1.0,,,,False,1,No solution exists for discriminant 
0.076924,1450,,3.1878008508191624,0.008785106767704097,1.0,,,,False,1,No solution exists for discriminant 
0.076924,1475,,3.1878008508191624,0.008785106767704097,1.0,,,,False,1,No solution exists for discriminant 
0.076924,1500,,3.1878008508191624,0.008785106767704097,1.0,,,,False,1,No solution exists for discriminant 
0.076924,1525,,3.1878008508191624,0.008785106767704097,1.0,,,,False,1,No solution exists for discriminant 
0.102565,-100,-25.925925925925927,3.2477647115702677,0.005768101675124025,3.955262349308391,3.3973080883327422,-88.07835784566369,-11.921642154336311,True,6,
0.102565,-75,-22.285374502618694,3.2477647115702677,0.0052801991510755845,3.011537094948472,3.365435927100396,-75.00000000000007,7.105427357601002e-14,True,5,
0.102565,-50,-14.934161028966662,3.2477647115702677,0.006713735438696394,2.0181298687792784,3.3480287177176398,-50.0,0.0,True,5,
0.102565,-25,-7.554687764852808,3.2477647115702677,0.00813255255305799,1.0209037520071362,3.309203606839877,-25.000000000000004,3.552713678800501e-15,True,3,
0.102565,0,0.0,3.2477647115702677,0.006296674148654589,0.0,3.2477647115702677,0.0,0.0,True,1,
0.102565,25,7.851644210174373,3.2477647115702677,0.008115274180262236,1.0610330013749152,3.184046466038834,24.999999999999986,1.4210854715202004e-14,True,3,
0.102565,50,15.897958768272908,3.2477647115702677,0.006460380513146981,2.1483728065233656,3.1450578485449032,49.99999999999997,2.842170943040401e-14,True,5,
0.102565,75,24.022918155321076,3.2477647115702677,0.005234418177836727,3.246340291259605,3.122018712093371,74.99999999999997,2.842170943040401e-14,True,4,
0.102565,100,33.01004135505729,3.2477647115702677,0.0066156679297696575,4.4608163993320655,3.029381239617245,99.99999999999997,2.842170943040401e-14,True,7,
0.102565,125,44.84283726000496,3.2477647115702677,0.010263657637624659,6.059842872973643,2.787513182433858,125.00000000000001,-1.4210854715202004e-14,True,11,
0.102565,150,59.09679236049987,3.2477647115702677,0.012006673399907398,7.986053021689171,2.538208826715603,150.0,0.0,True,11,
0.102565,175,,3.2477647115702677,0.012203737356581057,10.141208562064142,,,,False,50,Failed to converge after 50 iterations
0.102565,200,,3.2477647115702677,-0.00837487808231604,7.303791388646669,,,,False,50,Failed to converge after 50 iterations
0.102565,225,,3.2477647115702677,0.012181199470131548,7.717815235159871,,,,False,11,No solution exists for discriminant 
0.102565,250,,3.2477647115702677,0.011949047896727108,7.07402016160912,,,,False,15,No solution exists for discriminant 
0.102565,275,,3.2477647115702677,0.010105146170215375,5.987736330311092,,,,False,9,No solution exists for discriminant 
0.102565,300,,3.2477647115702677,-0.3638808055814839,3.3236781983230372,,,,False,50,Failed to converge after 50 iterations
0.102565,325,,3.2477647115702677,0.008139545632868716,1.0,,,,False,1,No solution exists for discriminant 
0.102565,350,,3.2477647115702677,0.008139545632868716,1.0,,,,False,1,No solution exists for discriminant 
0.102565,375,,3.2477647115702677,0.008139545632868716,1.0,,,,False,1,No solution exists for discriminant 
0.102565,400,,3.2477647115702677,0.008139545632868716,1.0,,,,False,1,No solution exists for discriminant 
0.102565,425,,3.2477647115702677,0.008139545632868716,1.0,,,,False,1,No solution exists for discriminant 
0.102565,450,,3.2477647115702677,0.008139545632868716,1.0,,,,False,1,No solution exists for discriminant 
0.102565,475,,3.2477647115702677,0.008139545632868716,1.0,,,,False,1,No solution exists for discriminant 
0.102565,500,,3.2477647115702677,0.008139545632868716,1.0,,,,False,1,No solution exists for discriminant 
0.102565,525,,3.2477647115702677,0.008139545632868716,1.0,,,,False,1,No solution exists for discriminant 
0.102565,550,,3.2477647115702677,0.008139545632868716,1.0,,,,False,1,No solution exists for discriminant 
0.102565,575,,3.2477647115702677,0.008139545632868716,1.0,,,,False,1,No solution exists for discriminant 
0.102565,600,,3.2477647115702677,0.008139545632868716,1.0,,,,False,1,No solution exists for discriminant 
0.102565,625,,3.2477647115702677,0.008139545632868716,1.0,,,,False,1,No solution exists for discriminant 
0.102565,650,,3.2477647115702677,0.008139545632868716,1.0,,,,False,1,No solution exists for discriminant 
0.102565,675,,3.2477647115702677,0.008139545632868716,1.0,,,,False,1,No solution exists for discriminant 
0.102565,700,,3.2477647115702677,0.008139545632868716,1.0,,,,False,1,No solution exists for discriminant 
0.102565,725,,3.2477647115702677,0.008139545632868716,1.0,,,,False,1,No solution exists for discriminant 
0.102565,750,,3.2477647115702677,0.008139545632868716,1.0,,,,False,1,No solution exists for discriminant 
0.102565,775,,3.2477647115702677,0.008139545632868716,1.0,,,,False,1,No solution exists for discriminant 
0.102565,800,,3.2477647115702677,0.008139545632868716,1.0,,,,False,1,No solution exists for discriminant 
0.102565,825,,3.2477647115702677,0.008139545632868716,1.0,,,,False,1,No solution exists for discriminant 
0.102565,850,,3.2477647115702677,0.008139545632868716,1.0,,,,False,1,No solution exists for discriminant 
0.102565,875,,3.2477647115702677,0.008139545632868716,1.0,,,,False,1,No solution exists for discriminant 
0.102565,900,,3.2477647115702677,0.008139545632868716,1.0,,,,False,1,No solution exists for discriminant 
0.102565,925,,3.2477647115702677,0.008139545632868716,1.0,,,,False,1,No solution exists for discriminant 
0.102565,950,,3.2477647115702677,0.008139545632868716,1.0,,,,False,1,No solution exists for discriminant 
0.102565,975,,3.2477647115702677,0.008139545632868716,1.0,,,,False,1,No solution exists for discriminant 
0.102565,1000,,3.2477647115702677,0.008139545632868716,1.0,,,,False,1,No solution exists for discriminant 
0.102565,1025,,3.2477647115702677,0.008139545632868716,1.0,,,,False,1,No solution exists for discriminant 
0.102565,1050,,3.2477647115702677,0.008139545632868716,1.0,,,,False,1,No solution exists for discriminant 
0.102565,1075,,3.2477647115702677,0.008139545632868716,1.0,,,,False,1,No solution exists for discriminant 
0.102565,1100,,3.2477647115702677,0.008139545632868716,1.0,,,,False,1,No solution exists for discriminant 
0.102565,1125,,3.2477647115702677,0.008139545632868716,1.0,,,,False,1,No solution exists for discriminant 
0.102565,1150,,3.2477647115702677,0.008139545632868716,1.0,,,,False,1,No solution exists for discriminant 
0.102565,1175,,3.2477647115702677,0.008139545632868716,1.0,,,,False,1,No solution exists for discriminant 
0.102565,1200,,3.2477647115702677,0.008139545632868716,1.0,,,,False,1,No solution exists for discriminant 
0.102565,1225,,3.2477647115702677,0.008139545632868716,1.0,,,,False,1,No solution exists for discriminant 
0.102565,1250,,3.2477647115702677,0.008139545632868716,1.0,,,,False,1,No solution exists for discriminant 
0.102565,1275,,3.2477647115702677,0.008139545632868716,1.0,,,,False,1,No solution exists for discriminant 
0.102565,1300,,3.2477647115702677,0.008139545632868716,1.0,,,,False,1,No solution exists for discriminant 
0.102565,1325,,3.2477647115702677,0.008139545632868716,1.0,,,,False,1,No solution exists for discriminant 
0.102565,1350,,3.2477647115702677,0.008139545632868716,1.0,,,,False,1,No solution exists for discriminant 
0.102565,1375,,3.2477647115702677,0.008139545632868716,1.0,,,,False,1,No solution exists for discriminant 
0.102565,1400,,3.2477647115702677,0.008139545632868716,1.0,,,,False,1,No solution exists for discriminant 
0.102565,1425,,3.2477647115702677,0.008139545632868716,1.0,,,,False,1,No solution exists for discriminant 
0.102565,1450,,3.2477647115702677,0.008139545632868716,1.0,,,,False,1,No solution exists for discriminant 
0.102565,1475,,3.2477647115702677,0.008139545632868716,1.0,,,,False,1,No solution exists for discriminant 
0.102565,1500,,3.2477647115702677,0.008139545632868716,1.0,,,,False,1,No solution exists for discriminant 
0.102565,1525,,3.2477647115702677,0.008139545632868716,1.0,,,,False,1,No solution exists for discriminant 
0.12820600000000001,-100,-25.925925925925927,3.3117616513599906,0.005020442085941358,3.909043126640815,3.441921260995507,-89.23499565543908,-10.765004344560921,True,6,
0.12820600000000001,-75,-21.97126951690597,3.3117616513599906,0.004632737174292125,2.9690904752575635,3.4135487684173524,-75.00000000000009,8.526512829121202e-14,True,5,
0.12820600000000001,-50,-14.695690479683986,3.3117616513599906,0.006164823902951961,1.985904118876214,3.40235799529953,-50.0,0.0,True,5,
0.12820600000000001,-25,-7.423058455118466,3.3117616513599906,0.007560546053238928,1.0031160074484413,3.3678840266657986,-24.99999999999998,-2.1316282072803006e-14,True,3,
0.12820600000000001,0,0.0,3.3117616513599906,0.005634368462887001,0.0,3.3117616513599906,0.0,0.0,True,1,
0.12820600000000001,25,7.683398617488087,3.3117616513599906,0.007547858128286755,1.038297110471363,3.253768448652116,25.000000000000025,-2.4868995751603507e-14,True,3,
0.12820600000000001,50,15.530128722024742,3.3117616513599906,0.005937704862257192,2.098666043516857,3.219548330535744,49.999999999999964,3.552713678800501e-14,True,5,
0.12820600000000001,75,23.400527323900373,3.3117616513599906,0.004559968729015337,3.162233422148699,3.205055978520536,75.00000000000004,-4.263256414560601e-14,True,4,
0.12820600000000001,100,31.9385255471516,3.3117616513599906,0.005659207136392594,4.316016965831297,3.131014919657693,100.00000000000004,-4.263256414560601e-14,True,7,
0.12820600000000001,125,42.668380256293844,3.3117616513599906,0.00895726079126643,5.7659973319316,2.929569841863443,125.0,0.0,True,10,
0.12820600000000001,150,56.461948197806805,3.3117616513599906,0.011602596121221111,7.629992999703622,2.6566564702035302,150.0,0.0,True,6,
0.12820600000000001,175,,3.3117616513599906,0.00996542097451497,8.90762617238473,,,,False,50,Failed to converge after 50 iterations
0.12820600000000001,200,,3.3117616513599906,-0.017471338479369814,6.5076424101432675,,,,False,50,Failed to converge after 50 iterations
0.12820600000000001,225,,3.3117616513599906,-0.003650114701433227,8.580542737620489,,,,False,50,Failed to converge after 50 iterations
0.12820600000000001,250,,3.3117616513599906,0.011168949411383678,6.917429301614787,,,,False,7,No solution exists for discriminant 
0.12820600000000001,275,,3.3117616513599906,0.01044619023634416,6.457873972225734,,,,False,13,No solution exists for discriminant 
0.12820600000000001,300,,3.3117616513599906,-0.4614062113554357,2.9947688674949027,,,,False,50,Failed to converge after 50 iterations
0.12820600000000001,325,,3.3117616513599906,-0.26328219923246554,3.9734303279615037,,,,False,50,Failed to converge after 50 iterations
0.12820600000000001,350,,3.3117616513599906,-0.2973280248775681,3.9445260784447633,,,,False,50,Failed to converge after 50 iterations
0.12820600000000001,375,,3.3117616513599906,0.007561472501537067,1.0,,,,False,1,No solution exists for discriminant 
0.12820600000000001,400,,3.3117616513599906,0.007561472501537067,1.0,,,,False,1,No solution exists for discriminant 
0.12820600000000001,425,,3.3117616513599906,0.007561472501537067,1.0,,,,False,1,No solution exists for discriminant 
0.12820600000000001,450,,3.3117616513599906,0.007561472501537067,1.0,,,,False,1,No solution exists for discriminant 
0.12820600000000001,475,,3.3117616513599906,0.007561472501537067,1.0,,,,False,1,No solution exists for discriminant 
0.12820600000000001,500,,3.3117616513599906,0.007561472501537067,1.0,,,,False,1,No solution exists for discriminant 
0.12820600000000001,525,,3.3117616513599906,0.007561472501537067,1.0,,,,False,1,No solution exists for discriminant 
0.12820600000000001,550,,3.3117616513599906,0.007561472501537067,1.0,,,,False,1,No solution exists for discriminant 
0.12820600000000001,575,,3.3117616513599906,0.007561472501537067,1.0,,,,False,1,No solution exists for discriminant 
0.12820600000000001,600,,3.3117616513599906,0.007561472501537067,1.0,,,,False,1,No solution exists for discriminant 
0.12820600000000001,625,,3.3117616513599906,0.007561472501537067,1.0,,,,False,1,No solution exists for discriminant 
0.12820600000000001,650,,3.3117616513599906,0.007561472501537067,1.0,,,,False,1,No solution exists for discriminant 
0.12820600000000001,675,,3.3117616513599906,0.007561472501537067,1.0,,,,False,1,No solution exists for discriminant 
0.12820600000000001,700,,3.3117616513599906,0.007561472501537067,1.0,,,,False,1,No solution exists for discriminant 
0.12820600000000001,725,,3.3117616513599906,0.007561472501537067,1.0,,,,False,1,No solution exists for discriminant 
0.12820600000000001,750,,3.3117616513599906,0.007561472501537067,1.0,,,,False,1,No solution exists for discriminant 
0.12820600000000001,775,,3.3117616513599906,0.007561472501537067,1.0,,,,False,1,No solution exists for discriminant 
0.12820600000000001,800,,3.3117616513599906,0.007561472501537067,1.0,,,,False,1,No solution exists for discriminant 
0.12820600000000001,825,,3.3117616513599906,0.007561472501537067,1.0,,,,False,1,No solution exists for discriminant 
0.12820600000000001,850,,3.3117616513599906,0.007561472501537067,1.0,,,,False,1,No solution exists for discriminant 
0.12820600000000001,875,,3.3117616513599906,0.007561472501537067,1.0,,,,False,1,No solution exists for discriminant 
0.12820600000000001,900,,3.3117616513599906,0.007561472501537067,1.0,,,,False,1,No solution exists for discriminant 
0.12820600000000001,925,,3.3117616513599906,0.007561472501537067,1.0,,,,False,1,No solution exists for discriminant 
0.12820600000000001,950,,3.3117616513599906,0.007561472501537067,1.0,,,,False,1,No solution exists for discriminant 
0.12820600000000001,975,,3.3117616513599906,0.007561472501537067,1.0,,,,False,1,No solution exists for discriminant 
0.12820600000000001,1000,,3.3117616513599906,0.007561472501537067,1.0,,,,False,1,No solution exists for discriminant 
0.12820600000000001,1025,,3.3117616513599906,0.007561472501537067,1.0,,,,False,1,No solution exists for discriminant 
0.12820600000000001,1050,,3.3117616513599906,0.007561472501537067,1.0,,,,False,1,No solution exists for discriminant 
0.12820600000000001,1075,,3.3117616513599906,0.007561472501537067,1.0,,,,False,1,No solution exists for discriminant 
0.12820600000000001,1100,,3.3117616513599906,0.007561472501537067,1.0,,,,False,1,No solution exists for discriminant 
0.12820600000000001,1125,,3.3117616513599906,0.007561472501537067,1.0,,,,False,1,No solution exists for discriminant 
0.12820600000000001,1150,,3.3117616513599906,0.007561472501537067,1.0,,,,False,1,No solution exists for discriminant 
0.12820600000000001,1175,,3.3117616513599906,0.007561472501537067,1.0,,,,False,1,No solution exists for discriminant 
0.12820600000000001,1200,,3.3117616513599906,0.007561472501537067,1.0,,,,False,1,No solution exists for discriminant 
0.12820600000000001,1225,,3.3117616513599906,0.007561472501537067,1.0,,,,False,1,No solution exists for discriminant 
0.12820600000000001,1250,,3.3117616513599906,0.007561472501537067,1.0,,,,False,1,No solution exists for discriminant 
0.12820600000000001,1275,,3.3117616513599906,0.007561472501537067,1.0,,,,False,1,No solution exists for discriminant 
0.12820600000000001,1300,,3.3117616513599906,0.007561472501537067,1.0,,,,False,1,No solution exists for discriminant 
0.12820600000000001,1325,,3.3117616513599906,0.007561472501537067,1.0,,,,False,1,No solution exists for discriminant 
0.12820600000000001,1350,,3.3117616513599906,0.007561472501537067,1.0,,,,False,1,No solution exists for discriminant 
0.12820600000000001,1375,,3.3117616513599906,0.007561472501537067,1.0,,,,False,1,No solution exists for discriminant 
0.12820600000000001,1400,,3.3117616513599906,0.007561472501537067,1.0,,,,False,1,No solution exists for discriminant 
0.12820600000000001,1425,,3.3117616513599906,0.007561472501537067,1.0,,,,False,1,No solution exists for discriminant 
0.12820600000000001,1450,,3.3117616513599906,0.007561472501537067,1.0,,,,False,1,No solution exists for discriminant 
0.12820600000000001,1475,,3.3117616513599906,0.007561472501537067,1.0,,,,False,1,No solution exists for discriminant 
0.12820600000000001,1500,,3.3117616513599906,0.007561472501537067,1.0,,,,False,1,No solution exists for discriminant 
0.12820600000000001,1525,,3.3117616513599906,0.007561472501537067,1.0,,,,False,1,No solution exists for discriminant 
0.153847,-100,-25.925925925925927,3.3734268136467844,0.004377882928761746,3.862592331506605,3.486927482170237,-90.40182361182097,-9.598176388179027,True,6,
0.153847,-75,-21.662478022442983,3.3734268136467844,0.004098375489402352,2.927361894924727,3.4622077826136817,-74.99999999999993,-7.105427357601002e-14,True,5,
0.153847,-50,-14.467643241970258,3.3734268136467844,0.005706602378579372,1.9550869245905753,3.4559879009838497,-49.99999999999997,-2.842170943040401e-14,True,5,
0.153847,-25,-7.299311712399927,3.3734268136467844,0.007062809514797469,0.9863934746486387,3.4249804618605952,-24.999999999999954,-4.618527782440651e-14,True,3,
0.153847,0,0.0,3.3734268136467844,0.005067115504265062,0.0,3.3734268136467844,0.0,0.0,True,1,
0.153847,25,7.529405857024131,3.3734268136467844,0.007053904317240549,1.0174872779762338,3.3203151051656654,25.000000000000057,-5.684341886080802e-14,True,3,
0.153847,50,15.198582503687787,3.3734268136467844,0.0055035617000033345,2.0538625004983495,3.2897804770851478,49.999999999999986,1.4210854715202004e-14,True,5,
0.153847,75,22.853375347870447,3.3734268136467844,0.004009730706055708,3.0882939659284387,3.2817909327774117,75.00000000000006,-5.684341886080802e-14,True,5,
0.153847,100,31.029402662789703,3.3734268136467844,0.0048559443693804395,4.193162521998608,3.2227497605011726,99.99999999999996,4.263256414560601e-14,True,7,
0.153847,125,40.933940055381676,3.3734268136467844,0.007810783604927445,5.5316135209975235,3.0537006657771264,125.0,0.0,True,9,
0.153847,150,53.88806084681015,3.3734268136467844,0.010946374363712407,7.282170384704074,2.7835479258830875,150.0,0.0,True,9,
0.153847,175,63.51106943387583,3.3734268136467844,0.00973061291525138,8.58257695052376,2.755425181152085,174.99999999999997,2.842170943040401e-14,True,42,
0.153847,200,,3.3734268136467844,-0.00660470760158677,7.250171246203626,,,,False,50,Failed to converge after 50 iterations
0.153847,225,,3.3734268136467844,-0.009167805534652174,7.792142923076429,,,,False,50,Failed to converge after 50 iterations
0.153847,250,,3.3734268136467844,-0.010951459369291976,8.342658553447688,,,,False,50,Failed to converge after 50 iterations
0.153847,275,,3.3734268136467844,0.010549451316703555,6.878853786137082,,,,False,15,No solution exists for discriminant 
0.153847,300,,3.3734268136467844,-0.3518316373503709,3.351017039299522,,,,False,50,Failed to converge after 50 iterations
0.153847,325,,3.3734268136467844,-0.3546521158840811,3.4982847563533235,,,,False,50,Failed to converge after 50 iterations
0.153847,350,,3.3734268136467844,-0.25155824929820764,4.215310692860417,,,,False,50,Failed to converge after 50 iterations
0.153847,375,,3.3734268136467844,-0.3298100113347039,3.9177201097507846,,,,False,50,Failed to converge after 50 iterations
0.153847,400,,3.3734268136467844,-0.436030280682632,3.603481674671125,,,,False,50,Failed to converge after 50 iterations
0.153847,425,,3.3734268136467844,0.007059321039242668,1.0,,,,False,1,No solution exists for discriminant 
0.153847,450,,3.3734268136467844,0.007059321039242668,1.0,,,,False,1,No solution exists for discriminant 
0.153847,475,,3.3734268136467844,0.007059321039242668,1.0,,,,False,1,No solution exists for discriminant 
0.153847,500,,3.3734268136467844,0.007059321039242668,1.0,,,,False,1,No solution exists for discriminant 
0.153847,525,,3.3734268136467844,0.007059321039242668,1.0,,,,False,1,No solution exists for discriminant 
0.153847,550,,3.3734268136467844,0.007059321039242668,1.0,,,,False,1,No solution exists for discriminant 
0.153847,575,,3.3734268136467844,0.007059321039242668,1.0,,,,False,1,No solution exists for discriminant 
0.153847,600,,3.3734268136467844,0.007059321039242668,1.0,,,,False,1,No solution exists for discriminant 
0.153847,625,,3.3734268136467844,0.007059321039242668,1.0,,,,False,1,No solution exists for discriminant 
0.153847,650,,3.3734268136467844,0.007059321039242668,1.0,,,,False,1,No solution exists for discriminant 
0.153847,675,,3.3734268136467844,0.007059321039242668,1.0,,,,False,1,No solution exists for discriminant 
0.153847,700,,3.3734268136467844,0.007059321039242668,1.0,,,,False,1,No solution exists for discriminant 
0.153847,725,,3.3734268136467844,0.007059321039242668,1.0,,,,False,1,No solution exists for discriminant 
0.153847,750,,3.3734268136467844,0.007059321039242668,1.0,,,,False,1,No solution exists for discriminant 
0.153847,775,,3.3734268136467844,0.007059321039242668,1.0,,,,False,1,No solution exists for discriminant 
0.153847,800,,3.3734268136467844,0.007059321039242668,1.0,,,,False,1,No solution exists for discriminant 
0.153847,825,,3.3734268136467844,0.007059321039242668,1.0,,,,False,1,No solution exists for discriminant 
0.153847,850,,3.3734268136467844,0.007059321039242668,1.0,,,,False,1,No solution exists for discriminant 
0.153847,875,,3.3734268136467844,0.007059321039242668,1.0,,,,False,1,No solution exists for discriminant 
0.153847,900,,3.3734268136467844,0.007059321039242668,1.0,,,,False,1,No solution exists for discriminant 
0.153847,925,,3.3734268136467844,0.007059321039242668,1.0,,,,False,1,No solution exists for discriminant 
0.153847,950,,3.3734268136467844,0.007059321039242668,1.0,,,,False,1,No solution exists for discriminant 
0.153847,975,,3.3734268136467844,0.007059321039242668,1.0,,,,False,1,No solution exists for discriminant 
0.153847,1000,,3.3734268136467844,0.007059321039242668,1.0,,,,False,1,No solution exists for discriminant 
0.153847,1025,,3.3734268136467844,0.007059321039242668,1.0,,,,False,1,No solution exists for discriminant 
0.153847,1050,,3.3734268136467844,0.007059321039242668,1.0,,,,False,1,No solution exists for discriminant 
0.153847,1075,,3.3734268136467844,0.007059321039242668,1.0,,,,False,1,No solution exists for discriminant 
0.153847,1100,,3.3734268136467844,0.007059321039242668,1.0,,,,False,1,No solution exists for discriminant 
0.153847,1125,,3.3734268136467844,0.007059321039242668,1.0,,,,False,1,No solution exists for discriminant 
0.153847,1150,,3.3734268136467844,0.007059321039242668,1.0,,,,False,1,No solution exists for discriminant 
0.153847,1175,,3.3734268136467844,0.007059321039242668,1.0,,,,False,1,No solution exists for discriminant 
0.153847,1200,,3.3734268136467844,0.007059321039242668,1.0,,,,False,1,No solution exists for discriminant 
0.153847,1225,,3.3734268136467844,0.007059321039242668,1.0,,,,False,1,No solution exists for discriminant 
0.153847,1250,,3.3734268136467844,0.007059321039242668,1.0,,,,False,1,No solution exists for discriminant 
0.153847,1275,,3.3734268136467844,0.007059321039242668,1.0,,,,False,1,No solution exists for discriminant 
0.153847,1300,,3.3734268136467844,0.007059321039242668,1.0,,,,False,1,No solution exists for discriminant 
0.153847,1325,,3.3734268136467844,0.007059321039242668,1.0,,,,False,1,No solution exists for discriminant 
0.153847,1350,,3.3734268136467844,0.007059321039242668,1.0,,,,False,1,No solution exists for discriminant 
0.153847,1375,,3.3734268136467844,0.007059321039242668,1.0,,,,False,1,No solution exists for discriminant 
0.153847,1400,,3.3734268136467844,0.007059321039242668,1.0,,,,False,1,No solution exists for discriminant 
0.153847,1425,,3.3734268136467844,0.007059321039242668,1.0,,,,False,1,No solution exists for discriminant 
0.153847,1450,,3.3734268136467844,0.007059321039242668,1.0,,,,False,1,No solution exists for discriminant 
0.153847,1475,,3.3734268136467844,0.007059321039242668,1.0,,,,False,1,No solution exists for discriminant 
0.153847,1500,,3.3734268136467844,0.007059321039242668,1.0,,,,False,1,No solution exists for discriminant 
0.153847,1525,,3.3734268136467844,0.007059321039242668,1.0,,,,False,1,No solution exists for discriminant 
0.179488,-100,-25.925925925925927,3.424090653667371,0.003853804149471642,3.8247606957256752,3.524004094579599,-91.36306911873035,-8.636930881269649,True,6,
0.179488,-75,-21.41224472414341,3.424090653667371,0.0036697728678172685,2.893546584343704,3.502668728395096,-75.0,0.0,True,5,
0.179488,-50,-14.28481369510794,3.424090653667371,0.005329436320746278,1.9303802290686405,3.500220658609173,-50.00000000000005,4.973799150320701e-14,True,5,
0.179488,-25,-7.200606741219762,3.424090653667371,0.00664374435428588,0.9730549650296975,3.471929644051783,-24.999999999999996,-3.552713678800501e-15,True,3,
0.179488,0,0.0,3.424090653667371,0.004597072253067325,0.0,3.424090653667371,0.0,0.0,True,1,
0.179488,25,7.407578361953286,3.424090653667371,0.006637600121422307,1.0010241029666602,3.3749221106326246,24.999999999999943,5.684341886080802e-14,True,2,
0.179488,50,14.937787156829556,3.424090653667371,0.005146322185346738,2.018619886058048,3.3472159882221915,50.0,0.0,True,5,
0.179488,75,22.42875758569837,3.424090653667371,0.003574400557828317,3.0309131872565365,3.3439212900416546,75.00000000000004,-4.263256414560601e-14,True,5,
0.179488,100,30.33918538153494,3.424090653667371,0.004219732601817992,4.09988991642364,3.296067404000308,99.99999999999997,2.842170943040401e-14,True,7,
0.179488,125,39.67298054155304,3.424090653667371,0.0068896176312443266,5.361213586696357,3.150758987444274,125.00000000000004,-4.263256414560601e-14,True,8,
0.179488,150,51.776928779142615,3.424090653667371,0.010179194772874309,6.996882267451705,2.897043210883237,150.0,0.0,True,10,
0.179488,175,62.023566875304255,3.424090653667371,0.009715379570167725,8.38156309125733,2.8215081591781086,175.00000000000003,-2.842170943040401e-14,True,22,
0.179488,200,,3.424090653667371,0.010500823263486867,10.30149877546277,,,,False,50,Failed to converge after 50 iterations
0.179488,225,,3.424090653667371,-0.028364870836576052,6.382597374912655,,,,False,50,Failed to converge after 50 iterations
0.179488,250,,3.424090653667371,-0.014262417312349054,7.928774743758538,,,,False,50,Failed to converge after 50 iterations
0.179488,275,,3.424090653667371,-0.026315467674940026,7.582950353984623,,,,False,50,Failed to converge after 50 iterations
0.179488,300,,3.424090653667371,-0.35608942178384084,3.3261066678078097,,,,False,50,Failed to converge after 50 iterations
0.179488,325,,3.424090653667371,-0.3985328290567691,3.321925287337159,,,,False,50,Failed to converge after 50 iterations
0.179488,350,,3.424090653667371,-0.24663640568615075,4.238310193033113,,,,False,50,Failed to converge after 50 iterations
0.179488,375,,3.424090653667371,-0.2854299549770367,4.1542286851379995,,,,False,50,Failed to converge after 50 iterations
0.179488,400,,3.424090653667371,-0.37005338013817346,3.8614682933084903,,,,False,50,Failed to converge after 50 iterations
0.179488,425,,3.424090653667371,-0.47949767023168316,3.5695103765940788,,,,False,50,Failed to converge after 50 iterations
0.179488,450,,3.424090653667371,0.006637873855476817,1.0,,,,False,1,No solution exists for discriminant 
0.179488,475,,3.424090653667371,0.006637873855476817,1.0,,,,False,1,No solution exists for discriminant 
0.179488,500,,3.424090653667371,0.006637873855476817,1.0,,,,False,1,No solution exists for discriminant 
0.179488,525,,3.424090653667371,0.006637873855476817,1.0,,,,False,1,No solution exists for discriminant 
0.179488,550,,3.424090653667371,0.006637873855476817,1.0,,,,False,1,No solution exists for discriminant 
0.179488,575,,3.424090653667371,0.006637873855476817,1.0,,,,False,1,No solution exists for discriminant 
0.179488,600,,3.424090653667371,0.006637873855476817,1.0,,,,False,1,No solution exists for discriminant 
0.179488,625,,3.424090653667371,0.006637873855476817,1.0,,,,False,1,No solution exists for discriminant 
0.179488,650,,3.424090653667371,0.006637873855476817,1.0,,,,False,1,No solution exists for discriminant 
0.179488,675,,3.424090653667371,0.006637873855476817,1.0,,,,False,1,No solution exists for discriminant 
0.179488,700,,3.424090653667371,0.006637873855476817,1.0,,,,False,1,No solution exists for discriminant 
0.179488,725,,3.424090653667371,0.006637873855476817,1.0,,,,False,1,No solution exists for discriminant 
0.179488,750,,3.424090653667371,0.006637873855476817,1.0,,,,False,1,No solution exists for discriminant 
0.179488,775,,3.424090653667371,0.006637873855476817,1.0,,,,False,1,No solution exists for discriminant 
0.179488,800,,3.424090653667371,0.006637873855476817,1.0,,,,False,1,No solution exists for discriminant 
0.179488,825,,3.424090653667371,0.006637873855476817,1.0,,,,False,1,No solution exists for discriminant 
0.179488,850,,3.424090653667371,0.006637873855476817,1.0,,,,False,1,No solution exists for discriminant 
0.179488,875,,3.424090653667371,0.006637873855476817,1.0,,,,False,1,No solution exists for discriminant 
0.179488,900,,3.424090653667371,0.006637873855476817,1.0,,,,False,1,No solution exists for discriminant 
0.179488,925,,3.424090653667371,0.006637873855476817,1.0,,,,False,1,No solution exists for discriminant 
0.179488,950,,3.424090653667371,0.006637873855476817,1.0,,,,False,1,No solution exists for discriminant 
0.179488,975,,3.424090653667371,0.006637873855476817,1.0,,,,False,1,No solution exists for discriminant 
0.179488,1000,,3.424090653667371,0.006637873855476817,1.0,,,,False,1,No solution exists for discriminant 
0.179488,1025,,3.424090653667371,0.006637873855476817,1.0,,,,False,1,No solution exists for discriminant 
0.179488,1050,,3.424090653667371,0.006637873855476817,1.0,,,,False,1,No solution exists for discriminant 
0.179488,1075,,3.424090653667371,0.006637873855476817,1.0,,,,False,1,No solution exists for discriminant 
0.179488,1100,,3.424090653667371,0.006637873855476817,1.0,,,,False,1,No solution exists for discriminant 
0.179488,1125,,3.424090653667371,0.006637873855476817,1.0,,,,False,1,No solution exists for discriminant 
0.179488,1150,,3.424090653667371,0.006637873855476817,1.0,,,,False,1,No solution exists for discriminant 
0.179488,1175,,3.424090653667371,0.006637873855476817,1.0,,,,False,1,No solution exists for discriminant 
0.179488,1200,,3.424090653667371,0.006637873855476817,1.0,,,,False,1,No solution exists for discriminant 
0.179488,1225,,3.424090653667371,0.006637873855476817,1.0,,,,False,1,No solution exists for discriminant 
0.179488,1250,,3.424090653667371,0.006637873855476817,1.0,,,,False,1,No solution exists for discriminant 
0.179488,1275,,3.424090653667371,0.006637873855476817,1.0,,,,False,1,No solution exists for discriminant 
0.179488,1300,,3.424090653667371,0.006637873855476817,1.0,,,,False,1,No solution exists for discriminant 
0.179488,1325,,3.424090653667371,0.006637873855476817,1.0,,,,False,1,No solution exists for discriminant 
0.179488,1350,,3.424090653667371,0.006637873855476817,1.0,,,,False,1,No solution exists for discriminant 
0.179488,1375,,3.424090653667371,0.006637873855476817,1.0,,,,False,1,No solution exists for discriminant 
0.179488,1400,,3.424090653667371,0.006637873855476817,1.0,,,,False,1,No solution exists for discriminant 
0.179488,1425,,3.424090653667371,0.006637873855476817,1.0,,,,False,1,No solution exists for discriminant 
0.179488,1450,,3.424090653667371,0.006637873855476817,1.0,,,,False,1,No solution exists for discriminant 
0.179488,1475,,3.424090653667371,0.006637873855476817,1.0,,,,False,1,No solution exists for discriminant 
0.179488,1500,,3.424090653667371,0.006637873855476817,1.0,,,,False,1,No solution exists for discriminant 
0.179488,1525,,3.424090653667371,0.006637873855476817,1.0,,,,False,1,No solution exists for discriminant 
0.205129,-100,-25.925925925925927,3.4696067877463745,0.003436870266824272,3.7895587376867406,3.558710831701078,-92.2628734144724,-7.737126585527605,True,6,
0.205129,-75,-21.18397501072923,3.4696067877463745,0.003342396484939083,2.86269932577422,3.5404120313592733,-74.99999999999996,-4.263256414560601e-14,True,5,
0.205129,-50,-14.121436331325018,3.4696067877463745,0.005035573217093164,1.908302206935813,3.540716314323281,-49.99999999999999,-7.105427357601002e-15,True,5,
0.205129,-25,-7.113496727612372,3.4696067877463745,0.0063033971967906615,0.9612833415692393,3.514445983078586,-24.999999999999964,-3.552713678800501e-14,True,3,
0.205129,0,0.0,3.4696067877463745,0.004220098546228885,0.0,3.4696067877463745,0.0,0.0,True,1,
0.205129,25,7.302239927551364,3.4696067877463745,0.006299402848029547,0.9867891793988329,3.4236070367497624,24.999999999999925,7.460698725481052e-14,True,3,
0.205129,50,14.714703735222633,3.4696067877463745,0.004868944013286229,1.9884734777327882,3.3979617190874816,50.000000000000085,-8.526512829121202e-14,True,5,
0.205129,75,22.071797801718866,3.4696067877463745,0.0032442024307137306,2.9826753786106575,3.398001407667816,75.00000000000011,-1.1368683772161603e-13,True,5,
0.205129,100,29.77248513466859,3.4696067877463745,0.0037215853671856416,4.023308801982242,3.35880594272444,99.99999999999991,8.526512829121202e-14,True,6,
0.205129,125,38.67755333088727,3.4696067877463745,0.006147185614058807,5.226696396065847,3.231848688323752,125.0,0.0,True,7,
0.205129,150,50.03161088508138,3.4696067877463745,0.009424086775742748,6.761028497983969,2.9981045452351722,150.0,0.0,True,10,
0.205129,175,60.63223912595867,3.4696067877463745,0.009621176794798326,8.193545827832253,2.886253295651038,175.0,0.0,True,14,
0.205129,200,,3.4696067877463745,0.009166678352806481,9.58631534133685,,,,False,50,Failed to converge after 50 iterations
0.205129,225,,3.4696067877463745,-0.01735288747288672,6.966939935766779,,,,False,50,Failed to converge after 50 iterations
0.205129,250,,3.4696067877463745,-0.01688826306255764,7.636533653718528,,,,False,50,Failed to converge after 50 iterations
0.205129,275,,3.4696067877463745,-0.02219553495489683,7.81763853337345,,,,False,50,Failed to converge after 50 iterations
0.205129,300,,3.4696067877463745,-0.04552019535599983,6.969134353150033,,,,False,50,Failed to converge after 50 iterations
0.205129,325,,3.4696067877463745,-0.4106280253559136,3.2734835892397975,,,,False,50,Failed to converge after 50 iterations
0.205129,350,,3.4696067877463745,-0.27394777224544803,4.049699344448643,,,,False,50,Failed to converge after 50 iterations
0.205129,375,,3.4696067877463745,-0.25573091638997153,4.338639097475815,,,,False,50,Failed to converge after 50 iterations
0.205129,400,,3.4696067877463745,-0.3271444702647596,4.0627152206819055,,,,False,50,Failed to converge after 50 iterations
0.205129,425,,3.4696067877463745,-0.4172907305884737,3.787282254039059,,,,False,50,Failed to converge after 50 iterations
0.205129,450,,3.4696067877463745,-0.5328551557632838,3.511693287515224,,,,False,50,Failed to converge after 50 iterations
0.205129,475,,3.4696067877463745,-0.6902878348010761,3.2214824094466215,,,,False,50,Failed to converge after 50 iterations
0.205129,500,,3.4696067877463745,0.006296416822002125,1.0,,,,False,1,No solution exists for discriminant 
0.205129,525,,3.4696067877463745,0.006296416822002125,1.0,,,,False,1,No solution exists for discriminant 
0.205129,550,,3.4696067877463745,0.006296416822002125,1.0,,,,False,1,No solution exists for discriminant 
0.205129,575,,3.4696067877463745,0.006296416822002125,1.0,,,,False,1,No solution exists for discriminant 
0.205129,600,,3.4696067877463745,0.006296416822002125,1.0,,,,False,1,No solution exists for discriminant 
0.205129,625,,3.4696067877463745,0.006296416822002125,1.0,,,,False,1,No solution exists for discriminant 
0.205129,650,,3.4696067877463745,0.006296416822002125,1.0,,,,False,1,No solution exists for discriminant 
0.205129,675,,3.4696067877463745,0.006296416822002125,1.0,,,,False,1,No solution exists for discriminant 
0.205129,700,,3.4696067877463745,0.006296416822002125,1.0,,,,False,1,No solution exists for discriminant 
0.205129,725,,3.4696067877463745,0.006296416822002125,1.0,,,,False,1,No solution exists for discriminant 
0.205129,750,,3.4696067877463745,0.006296416822002125,1.0,,,,False,1,No solution exists for discriminant 
0.205129,775,,3.4696067877463745,0.006296416822002125,1.0,,,,False,1,No solution exists for discriminant 
0.205129,800,,3.4696067877463745,0.006296416822002125,1.0,,,,False,1,No solution exists for discriminant 
0.205129,825,,3.4696067877463745,0.006296416822002125,1.0,,,,False,1,No solution exists for discriminant 
0.205129,850,,3.4696067877463745,0.006296416822002125,1.0,,,,False,1,No solution exists for discriminant 
0.205129,875,,3.4696067877463745,0.006296416822002125,1.0,,,,False,1,No solution exists for discriminant 
0.205129,900,,3.4696067877463745,0.006296416822002125,1.0,,,,False,1,No solution exists for discriminant 
0.205129,925,,3.4696067877463745,0.006296416822002125,1.0,,,,False,1,No solution exists for discriminant 
0.205129,950,,3.4696067877463745,0.006296416822002125,1.0,,,,False,1,No solution exists for discriminant 
0.205129,975,,3.4696067877463745,0.006296416822002125,1.0,,,,False,1,No solution exists for discriminant 
0.205129,1000,,3.4696067877463745,0.006296416822002125,1.0,,,,False,1,No solution exists for discriminant 
0.205129,1025,,3.4696067877463745,0.006296416822002125,1.0,,,,False,1,No solution exists for discriminant 
0.205129,1050,,3.4696067877463745,0.006296416822002125,1.0,,,,False,1,No solution exists for discriminant 
0.205129,1075,,3.4696067877463745,0.006296416822002125,1.0,,,,False,1,No solution exists for discriminant 
0.205129,1100,,3.4696067877463745,0.006296416822002125,1.0,,,,False,1,No solution exists for discriminant 
0.205129,1125,,3.4696067877463745,0.006296416822002125,1.0,,,,False,1,No solution exists for discriminant 
0.205129,1150,,3.4696067877463745,0.006296416822002125,1.0,,,,False,1,No solution exists for discriminant 
0.205129,1175,,3.4696067877463745,0.006296416822002125,1.0,,,,False,1,No solution exists for discriminant 
0.205129,1200,,3.4696067877463745,0.006296416822002125,1.0,,,,False,1,No solution exists for discriminant 
0.205129,1225,,3.4696067877463745,0.006296416822002125,1.0,,,,False,1,No solution exists for discriminant 
0.205129,1250,,3.4696067877463745,0.006296416822002125,1.0,,,,False,1,No solution exists for discriminant 
0.205129,1275,,3.4696067877463745,0.006296416822002125,1.0,,,,False,1,No solution exists for discriminant 
0.205129,1300,,3.4696067877463745,0.006296416822002125,1.0,,,,False,1,No solution exists for discriminant 
0.205129,1325,,3.4696067877463745,0.006296416822002125,1.0,,,,False,1,No solution exists for discriminant 
0.205129,1350,,3.4696067877463745,0.006296416822002125,1.0,,,,False,1,No solution exists for discriminant 
0.205129,1375,,3.4696067877463745,0.006296416822002125,1.0,,,,False,1,No solution exists for discriminant 
0.205129,1400,,3.4696067877463745,0.006296416822002125,1.0,,,,False,1,No solution exists for discriminant 
0.205129,1425,,3.4696067877463745,0.006296416822002125,1.0,,,,False,1,No solution exists for discriminant 
0.205129,1450,,3.4696067877463745,0.006296416822002125,1.0,,,,False,1,No solution exists for discriminant 
0.205129,1475,,3.4696067877463745,0.006296416822002125,1.0,,,,False,1,No solution exists for discriminant 
0.205129,1500,,3.4696067877463745,0.006296416822002125,1.0,,,,False,1,No solution exists for discriminant 
0.205129,1525,,3.4696067877463745,0.006296416822002125,1.0,,,,False,1,No solution exists for discriminant 
0.23077,-100,-25.925925925925927,3.513384383117836,0.00311687557717691,3.7537901450572293,3.594192268452052,-93.18276251542358,-6.817237484576424,True,6,
0.23077,-75,-20.95821314776474,3.513384383117836,0.00310928057906338,2.832190965914154,3.5785493482300517,-75.00000000000001,1.4210854715202004e-14,True,5,
0.23077,-50,-13.963654703592825,3.513384383117836,0.004822525479531945,1.8869803653503816,3.5807244637132984,-50.00000000000009,9.237055564881302e-14,True,5,
0.23077,-25,-7.0306803373958475,3.513384383117836,0.006039139907352836,0.9500919374859252,3.555843645319244,-24.999999999999982,-1.7763568394002505e-14,True,3,
0.23077,0,0.0,3.513384383117836,0.003929745226394433,0.0,3.513384383117836,0.0,0.0,True,1,
0.23077,25,7.204840432636395,3.513384383117836,0.006036900694384068,0.9736270854914046,3.469889476907127,25.000000000000018,-1.7763568394002505e-14,True,3,
0.23077,50,14.511151539514469,3.513384383117836,0.0046694057478975145,1.960966424258712,3.4456259287106152,50.000000000000014,-1.4210854715202004e-14,True,5,
0.23077,75,21.752230912312186,3.513384383117836,0.003009446573161958,2.939490663825971,3.4479222063401505,74.99999999999986,1.4210854715202004e-13,True,5,
0.23077,100,29.277888223025062,3.513384383117836,0.003341685528140306,3.956471381489873,3.4155468877484436,100.00000000000006,-5.684341886080802e-14,True,6,
0.23077,125,37.841971432862564,3.513384383117836,0.0055539869056632565,5.113779923359806,3.303210569295234,124.99999999999993,7.105427357601002e-14,True,8,
0.23077,150,48.56132233913409,3.513384383117836,0.008741656266510144,6.562340856639741,3.0888779953819254,150.0,0.0,True,10,
0.23077,175,59.30886916226968,3.513384383117836,0.009488118425371735,8.014712048955362,2.9506548088313433,175.0,0.0,True,10,
0.23077,200,,3.513384383117836,0.007330030344849852,8.921373674549637,,,,False,50,Failed to converge after 50 iterations
0.23077,225,,3.513384383117836,-0.01254648964596429,7.260956303992125,,,,False,50,Failed to converge after 50 iterations
0.23077,250,,3.513384383117836,-0.022430368535242846,7.180131061808274,,,,False,50,Failed to converge after 50 iterations
0.23077,275,,3.513384383117836,-0.023196457146419425,7.688911301695476,,,,False,50,Failed to converge after 50 iterations
0.23077,300,,3.513384383117836,-0.036985394102310276,7.340927175116868,,,,False,50,Failed to converge after 50 iterations
0.23077,325,,3.513384383117836,-0.3960048904875335,3.317998874128032,,,,False,50,Failed to converge after 50 iterations
0.23077,350,,3.513384383117836,-0.29623201807969696,3.9122584659407917,,,,False,50,Failed to converge after 50 iterations
0.23077,375,,3.513384383117836,-0.23662383188152805,4.469163350817686,,,,False,50,Failed to converge after 50 iterations
0.23077,400,,3.513384383117836,-0.29612058870668945,4.229268171999427,,,,False,50,Failed to converge after 50 iterations
0.23077,425,,3.513384383117836,-0.3746568534788477,3.9616804219379085,,,,False,50,Failed to converge after 50 iterations
0.23077,450,,3.513384383117836,-0.4719195131899742,3.7001025474998928,,,,False,50,Failed to converge after 50 iterations
0.23077,475,,3.513384383117836,-0.5963925634734297,3.436392936842514,,,,False,50,Failed to converge after 50 iterations
0.23077,500,,3.513384383117836,-0.7660646648129767,3.156391669446363,,,,False,50,Failed to converge after 50 iterations
0.23077,525,,3.513384383117836,0.0060320011413120085,1.0,,,,False,1,No solution exists for discriminant 
0.23077,550,,3.513384383117836,0.0060320011413120085,1.0,,,,False,1,No solution exists for discriminant 
0.23077,575,,3.513384383117836,0.0060320011413120085,1.0,,,,False,1,No solution exists for discriminant 
0.23077,600,,3.513384383117836,0.0060320011413120085,1.0,,,,False,1,No solution exists for discriminant 
0.23077,625,,3.513384383117836,0.0060320011413120085,1.0,,,,False,1,No solution exists for discriminant 
0.23077,650,,3.513384383117836,0.0060320011413120085,1.0,,,,False,1,No solution exists for discriminant 
0.23077,675,,3.513384383117836,0.0060320011413120085,1.0,,,,False,1,No solution exists for discriminant 
0.23077,700,,3.513384383117836,0.0060320011413120085,1.0,,,,False,1,No solution exists for discriminant 
0.23077,725,,3.513384383117836,0.0060320011413120085,1.0,,,,False,1,No solution exists for discriminant 
0.23077,750,,3.513384383117836,0.0060320011413120085,1.0,,,,False,1,No solution exists for discriminant 
0.23077,775,,3.513384383117836,0.0060320011413120085,1.0,,,,False,1,No solution exists for discriminant 
0.23077,800,,3.513384383117836,0.0060320011413120085,1.0,,,,False,1,No solution exists for discriminant 
0.23077,825,,3.513384383117836,0.0060320011413120085,1.0,,,,False,1,No solution exists for discriminant 
0.23077,850,,3.513384383117836,0.0060320011413120085,1.0,,,,False,1,No solution exists for discriminant 
0.23077,875,,3.513384383117836,0.0060320011413120085,1.0,,,,False,1,No solution exists for discriminant 
0.23077,900,,3.513384383117836,0.0060320011413120085,1.0,,,,False,1,No solution exists for discriminant 
0.23077,925,,3.513384383117836,0.0060320011413120085,1.0,,,,False,1,No solution exists for discriminant 
0.23077,950,,3.513384383117836,0.0060320011413120085,1.0,,,,False,1,No solution exists for discriminant 
0.23077,975,,3.513384383117836,0.0060320011413120085,1.0,,,,False,1,No solution exists for discriminant 
0.23077,1000,,3.513384383117836,0.0060320011413120085,1.0,,,,False,1,No solution exists for discriminant 
0.23077,1025,,3.513384383117836,0.0060320011413120085,1.0,,,,False,1,No solution exists for discriminant 
0.23077,1050,,3.513384383117836,0.0060320011413120085,1.0,,,,False,1,No solution exists for discriminant 
0.23077,1075,,3.513384383117836,0.0060320011413120085,1.0,,,,False,1,No solution exists for discriminant 
0.23077,1100,,3.513384383117836,0.0060320011413120085,1.0,,,,False,1,No solution exists for discriminant 
0.23077,1125,,3.513384383117836,0.0060320011413120085,1.0,,,,False,1,No solution exists for discriminant 
0.23077,1150,,3.513384383117836,0.0060320011413120085,1.0,,,,False,1,No solution exists for discriminant 
0.23077,1175,,3.513384383117836,0.0060320011413120085,1.0,,,,False,1,No solution exists for discriminant 
0.23077,1200,,3.513384383117836,0.0060320011413120085,1.0,,,,False,1,No solution exists for discriminant 
0.23077,1225,,3.513384383117836,0.0060320011413120085,1.0,,,,False,1,No solution exists for discriminant 
0.23077,1250,,3.513384383117836,0.0060320011413120085,1.0,,,,False,1,No solution exists for discriminant 
0.23077,1275,,3.513384383117836,0.0060320011413120085,1.0,,,,False,1,No solution exists for discriminant 
0.23077,1300,,3.513384383117836,0.0060320011413120085,1.0,,,,False,1,No solution exists for discriminant 
0.23077,1325,,3.513384383117836,0.0060320011413120085,1.0,,,,False,1,No solution exists for discriminant 
0.23077,1350,,3.513384383117836,0.0060320011413120085,1.0,,,,False,1,No solution exists for discriminant 
0.23077,1375,,3.513384383117836,0.0060320011413120085,1.0,,,,False,1,No solution exists for discriminant 
0.23077,1400,,3.513384383117836,0.0060320011413120085,1.0,,,,False,1,No solution exists for discriminant 
0.23077,1425,,3.513384383117836,0.0060320011413120085,1.0,,,,False,1,No solution exists for discriminant 
0.23077,1450,,3.513384383117836,0.0060320011413120085,1.0,,,,False,1,No solution exists for discriminant 
0.23077,1475,,3.513384383117836,0.0060320011413120085,1.0,,,,False,1,No solution exists for discriminant 
0.23077,1500,,3.513384383117836,0.0060320011413120085,1.0,,,,False,1,No solution exists for discriminant 
0.23077,1525,,3.513384383117836,0.0060320011413120085,1.0,,,,False,1,No solution exists for discriminant 
0.256411,-100,-25.925925925925927,3.5482842770607714,0.0028891243799945656,3.724865241125522,3.623187501727297,-93.93449078552253,-6.065509214477473,True,6,
0.256411,-75,-20.777837157304113,3.5482842770607714,0.002951754565578466,2.807815832068123,3.60961535275269,-75.00000000000023,2.2737367544323206e-13,True,5,
0.256411,-50,-13.839043147681961,3.5482842770607714,0.004673897894614324,1.8701409659029675,3.6129665516921987,-50.00000000000005,4.973799150320701e-14,True,5,
0.256411,-25,-6.965729276085529,3.5482842770607714,0.00584509974759562,0.941314767038585,3.588999659494238,-25.00000000000001,1.0658141036401503e-14,True,3,
0.256411,0,0.0,3.5482842770607714,0.003716633703533909,0.0,3.5482842770607714,0.0,0.0,True,1,
0.256411,25,7.129374073837093,3.5482842770607714,0.005844142587297625,0.9634289288969045,3.5066191984150845,24.999999999999915,8.526512829121202e-14,True,3,
0.256411,50,14.354420103460573,3.5482842770607714,0.004530774007967723,1.939786500467645,3.483247643556563,50.0,0.0,True,5,
0.256411,75,21.508740506535904,3.5482842770607714,0.0028513874966586287,2.906586554937284,3.48695452331156,74.99999999999994,5.684341886080802e-14,True,5,
0.256411,100,28.906523858127013,3.5482842770607714,0.0030739632576880305,3.9062870078550014,3.4594266848134065,99.99999999999997,2.842170943040401e-14,True,6,
0.256411,125,37.22894095307083,3.5482842770607714,0.005121858830231443,5.0309379666311935,3.3576028971001204,124.99999999999994,5.684341886080802e-14,True,8,
0.256411,150,47.484624721568856,3.5482842770607714,0.00819985484459231,6.416841178590386,3.1589172469939673,149.99999999999997,2.842170943040401e-14,True,10,
0.256411,175,58.22784020304886,3.5482842770607714,0.009322844276757681,7.868627054466062,3.0054351902758167,175.0,0.0,True,7,
0.256411,200,,3.5482842770607714,0.007423151018894029,8.821705461485939,,,,False,50,Failed to converge after 50 iterations
0.256411,225,,3.5482842770607714,-0.008767762351102878,7.531765253575831,,,,False,50,Failed to converge after 50 iterations
0.256411,250,,3.5482842770607714,-0.030092547030449453,6.702136363314531,,,,False,50,Failed to converge after 50 iterations
0.256411,275,,3.5482842770607714,-0.025327589616699224,7.5011668338507675,,,,False,50,Failed to converge after 50 iterations
0.256411,300,,3.5482842770607714,-0.03444895914911508,7.444145491225913,,,,False,50,Failed to converge after 50 iterations
0.256411,325,,3.5482842770607714,-0.3598138345447639,3.44933733662501,,,,False,50,Failed to converge after 50 iterations
0.256411,350,,3.5482842770607714,-0.2991516703894552,3.8898172094049683,,,,False,50,Failed to converge after 50 iterations
0.256411,375,,3.5482842770607714,-0.22620248620964567,4.543452281221534,,,,False,50,Failed to converge after 50 iterations
0.256411,400,,3.5482842770607714,-0.2749377491471807,4.355665334044374,,,,False,50,Failed to converge after 50 iterations
0.256411,425,,3.5482842770607714,-0.3463028272525877,4.09211437080469,,,,False,50,Failed to converge after 50 iterations
0.256411,450,,3.5482842770607714,-0.43319811986969964,3.837014348216776,,,,False,50,Failed to converge after 50 iterations
0.256411,475,,3.5482842770607714,-0.5411693623273406,3.5849964365930416,,,,False,50,Failed to converge after 50 iterations
0.256411,500,,3.5482842770607714,-0.6805938300299781,3.327402951639093,,,,False,50,Failed to converge after 50 iterations
0.256411,525,,3.5482842770607714,-0.8749039200311247,3.0475969212826897,,,,False,50,Failed to converge after 50 iterations
0.256411,550,,3.5482842770607714,0.0058386300041908265,1.0,,,,False,1,No solution exists for discriminant 
0.256411,575,,3.5482842770607714,0.0058386300041908265,1.0,,,,False,1,No solution exists for discriminant 
0.256411,600,,3.5482842770607714,0.0058386300041908265,1.0,,,,False,1,No solution exists for discriminant 
0.256411,625,,3.5482842770607714,0.0058386300041908265,1.0,,,,False,1,No solution exists for discriminant 
0.256411,650,,3.5482842770607714,0.0058386300041908265,1.0,,,,False,1,No solution exists for discriminant 
0.256411,675,,3.5482842770607714,0.0058386300041908265,1.0,,,,False,1,No solution exists for discriminant 
0.256411,700,,3.5482842770607714,0.0058386300041908265,1.0,,,,False,1,No solution exists for discriminant 
0.256411,725,,3.5482842770607714,0.0058386300041908265,1.0,,,,False,1,No solution exists for discriminant 
0.256411,750,,3.5482842770607714,0.0058386300041908265,1.0,,,,False,1,No solution exists for discriminant 
0.256411,775,,3.5482842770607714,0.0058386300041908265,1.0,,,,False,1,No solution exists for discriminant 
0.256411,800,,3.5482842770607714,0.0058386300041908265,1.0,,,,False,1,No solution exists for discriminant 
0.256411,825,,3.5482842770607714,0.0058386300041908265,1.0,,,,False,1,No solution exists for discriminant 
0.256411,850,,3.5482842770607714,0.0058386300041908265,1.0,,,,False,1,No solution exists for discriminant 
0.256411,875,,3.5482842770607714,0.0058386300041908265,1.0,,,,False,1,No solution exists for discriminant 
0.256411,900,,3.5482842770607714,0.0058386300041908265,1.0,,,,False,1,No solution exists for discriminant 
0.256411,925,,3.5482842770607714,0.0058386300041908265,1.0,,,,False,1,No solution exists for discriminant 
0.256411,950,,3.5482842770607714,0.0058386300041908265,1.0,,,,False,1,No solution exists for discriminant 
0.256411,975,,3.5482842770607714,0.0058386300041908265,1.0,,,,False,1,No solution exists for discriminant 
0.256411,1000,,3.5482842770607714,0.0058386300041908265,1.0,,,,False,1,No solution exists for discriminant 
0.256411,1025,,3.5482842770607714,0.0058386300041908265,1.0,,,,False,1,No solution exists for discriminant 
0.256411,1050,,3.5482842770607714,0.0058386300041908265,1.0,,,,False,1,No solution exists for discriminant 
0.256411,1075,,3.5482842770607714,0.0058386300041908265,1.0,,,,False,1,No solution exists for discriminant 
0.256411,1100,,3.5482842770607714,0.0058386300041908265,1.0,,,,False,1,No solution exists for discriminant 
0.256411,1125,,3.5482842770607714,0.0058386300041908265,1.0,,,,False,1,No solution exists for discriminant 
0.256411,1150,,3.5482842770607714,0.0058386300041908265,1.0,,,,False,1,No solution exists for discriminant 
0.256411,1175,,3.5482842770607714,0.0058386300041908265,1.0,,,,False,1,No solution exists for discriminant 
0.256411,1200,,3.5482842770607714,0.0058386300041908265,1.0,,,,False,1,No solution exists for discriminant 
0.256411,1225,,3.5482842770607714,0.0058386300041908265,1.0,,,,False,1,No solution exists for discriminant 
0.256411,1250,,3.5482842770607714,0.0058386300041908265,1.0,,,,False,1,No solution exists for discriminant 
0.256411,1275,,3.5482842770607714,0.0058386300041908265,1.0,,,,False,1,No solution exists for discriminant 
0.256411,1300,,3.5482842770607714,0.0058386300041908265,1.0,,,,False,1,No solution exists for discriminant 
0.256411,1325,,3.5482842770607714,0.0058386300041908265,1.0,,,,False,1,No solution exists for discriminant 
0.256411,1350,,3.5482842770607714,0.0058386300041908265,1.0,,,,False,1,No solution exists for discriminant 
0.256411,1375,,3.5482842770607714,0.0058386300041908265,1.0,,,,False,1,No solution exists for discriminant 
0.256411,1400,,3.5482842770607714,0.0058386300041908265,1.0,,,,False,1,No solution exists for discriminant 
0.256411,1425,,3.5482842770607714,0.0058386300041908265,1.0,,,,False,1,No solution exists for discriminant 
0.256411,1450,,3.5482842770607714,0.0058386300041908265,1.0,,,,False,1,No solution exists for discriminant 
0.256411,1475,,3.5482842770607714,0.0058386300041908265,1.0,,,,False,1,No solution exists for discriminant 
0.256411,1500,,3.5482842770607714,0.0058386300041908265,1.0,,,,False,1,No solution exists for discriminant 
0.256411,1525,,3.5482842770607714,0.0058386300041908265,1.0,,,,False,1,No solution exists for discriminant 
0.28205199999999997,-100,-25.925925925925927,3.5714465712366987,0.002742611884077006,3.7057279963554413,3.642551323786843,-94.43651580188113,-5.563484198118871,True,5,
0.28205199999999997,-75,-20.658843062172785,3.5714465712366987,0.002853984554846403,2.791735548942268,3.6304065902571354,-74.99999999999999,-1.4210854715202004e-14,True,5,
0.28205199999999997,-50,-13.757311451256541,3.5714465712366987,0.004578255427277802,1.8590961420616947,3.634431057053165,-49.99999999999992,-7.815970093361102e-14,True,5,
0.28205199999999997,-25,-6.923266931208079,3.5714465712366987,0.005714850201221602,0.935576612325416,3.611012004651624,-24.999999999999982,-1.7763568394002505e-14,True,3,
0.28205199999999997,0,0.0,3.5714465712366987,0.0035707248467387533,0.0,3.5714465712366987,0.0,0.0,True,1,
0.28205199999999997,25,7.080177297553104,3.5714465712366987,0.005714764790742609,0.9567807158855546,3.530985023304427,25.00000000000002,-2.1316282072803006e-14,True,3,
0.28205199999999997,50,14.252563756545882,3.5714465712366987,0.004441713204168328,1.926022129262957,3.5081407706059977,49.999999999999986,1.4210854715202004e-14,True,5,
0.28205199999999997,75,21.351387920675695,3.5714465712366987,0.002753655166060294,2.885322691983202,3.5126522115863725,75.00000000000004,-4.263256414560601e-14,True,5,
0.28205199999999997,100,28.667907421580203,3.5714465712366987,0.002903087926601626,3.874041543456784,3.488221115320176,100.00000000000004,-4.263256414560601e-14,True,6,
0.28205199999999997,125,36.83795955371288,3.5714465712366987,0.004837607771313001,4.978102642393632,3.3932389718203435,125.00000000000009,-8.526512829121202e-14,True,8,
0.28205199999999997,150,46.79476560947846,3.5714465712366987,0.007820529510721357,6.323616974253846,3.2054867258404833,149.99999999999997,2.842170943040401e-14,True,10,
0.28205199999999997,175,57.473884586230135,3.5714465712366987,0.009162168100013999,7.766741160301369,3.0448611792968547,175.0,0.0,True,7,
0.28205199999999997,200,64.76453899284908,3.5714465712366987,0.007462986619320674,8.751964728763388,3.0881096833265937,200.0,0.0,True,39,
0.28205199999999997,225,,3.5714465712366987,-0.00609626979382153,7.754011165502293,,,,False,50,Failed to converge after 50 iterations
0.28205199999999997,250,,3.5714465712366987,-0.027478412843895194,6.815062248898251,,,,False,50,Failed to converge after 50 iterations
0.28205199999999997,275,,3.5714465712366987,-0.02809630904115702,7.301654999876361,,,,False,50,Failed to converge after 50 iterations
0.28205199999999997,300,,3.5714465712366987,-0.034519346693394105,7.416824778100203,,,,False,50,Failed to converge after 50 iterations
0.28205199999999997,325,,3.5714465712366987,-0.0897892128986003,5.875272645815605,,,,False,50,Failed to converge after 50 iterations
0.28205199999999997,350,,3.5714465712366987,-0.288880439893027,3.9419960555777998,,,,False,50,Failed to converge after 50 iterations
0.28205199999999997,375,,3.5714465712366987,-0.21981960075605816,4.590648142730795,,,,False,50,Failed to converge after 50 iterations
0.28205199999999997,400,,3.5714465712366987,-0.2615955920444108,4.441690316210678,,,,False,50,Failed to converge after 50 iterations
0.28205199999999997,425,,3.5714465712366987,-0.32863606462052647,4.180524443922438,,,,False,50,Failed to converge after 50 iterations
0.28205199999999997,450,,3.5714465712366987,-0.40968242862085014,3.928229416556953,,,,False,50,Failed to converge after 50 iterations
0.28205199999999997,475,,3.5714465712366987,-0.5088925156281114,3.6815413190535753,,,,False,50,Failed to converge after 50 iterations
0.28205199999999997,500,,3.5714465712366987,-0.6338914090959848,3.4336556956292728,,,,False,50,Failed to converge after 50 iterations
0.28205199999999997,525,,3.5714465712366987,-0.7997968673975627,3.173650074608243,,,,False,50,Failed to converge after 50 iterations
0.28205199999999997,550,,3.5714465712366987,-1.0474533832699082,2.874756424372892,,,,False,50,Failed to converge after 50 iterations
0.28205199999999997,575,,3.5714465712366987,0.0057094672906574315,1.0,,,,False,1,No solution exists for discriminant 
0.28205199999999997,600,,3.5714465712366987,0.0057094672906574315,1.0,,,,False,1,No solution exists for discriminant 
0.28205199999999997,625,,3.5714465712366987,0.0057094672906574315,1.0,,,,False,1,No solution exists for discriminant 
0.28205199999999997,650,,3.5714465712366987,0.0057094672906574315,1.0,,,,False,1,No solution exists for discriminant 
0.28205199999999997,675,,3.5714465712366987,0.0057094672906574315,1.0,,,,False,1,No solution exists for discriminant 
0.28205199999999997,700,,3.5714465712366987,0.0057094672906574315,1.0,,,,False,1,No solution exists for discriminant 
0.28205199999999997,725,,3.5714465712366987,0.0057094672906574315,1.0,,,,False,1,No solution exists for discriminant 
0.28205199999999997,750,,3.5714465712366987,0.0057094672906574315,1.0,,,,False,1,No solution exists for discriminant 
0.28205199999999997,775,,3.5714465712366987,0.0057094672906574315,1.0,,,,False,1,No solution exists for discriminant 
0.28205199999999997,800,,3.5714465712366987,0.0057094672906574315,1.0,,,,False,1,No solution exists for discriminant 
0.28205199999999997,825,,3.5714465712366987,0.0057094672906574315,1.0,,,,False,1,No solution exists for discriminant 
0.28205199999999997,850,,3.5714465712366987,0.0057094672906574315,1.0,,,,False,1,No solution exists for discriminant 
0.28205199999999997,875,,3.5714465712366987,0.0057094672906574315,1.0,,,,False,1,No solution exists for discriminant 
0.28205199999999997,900,,3.5714465712366987,0.0057094672906574315,1.0,,,,False,1,No solution exists for discriminant 
0.28205199999999997,925,,3.5714465712366987,0.0057094672906574315,1.0,,,,False,1,No solution exists for discriminant 
0.28205199999999997,950,,3.5714465712366987,0.0057094672906574315,1.0,,,,False,1,No solution exists for discriminant 
0.28205199999999997,975,,3.5714465712366987,0.0057094672906574315,1.0,,,,False,1,No solution exists for discriminant 
0.28205199999999997,1000,,3.5714465712366987,0.0057094672906574315,1.0,,,,False,1,No solution exists for discriminant 
0.28205199999999997,1025,,3.5714465712366987,0.0057094672906574315,1.0,,,,False,1,No solution exists for discriminant 
0.28205199999999997,1050,,3.5714465712366987,0.0057094672906574315,1.0,,,,False,1,No solution exists for discriminant 
0.28205199999999997,1075,,3.5714465712366987,0.0057094672906574315,1.0,,,,False,1,No solution exists for discriminant 
0.28205199999999997,1100,,3.5714465712366987,0.0057094672906574315,1.0,,,,False,1,No solution exists for discriminant 
0.28205199999999997,1125,,3.5714465712366987,0.0057094672906574315,1.0,,,,False,1,No solution exists for discriminant 
0.28205199999999997,1150,,3.5714465712366987,0.0057094672906574315,1.0,,,,False,1,No solution exists for discriminant 
0.28205199999999997,1175,,3.5714465712366987,0.0057094672906574315,1.0,,,,False,1,No solution exists for discriminant 
0.28205199999999997,1200,,3.5714465712366987,0.0057094672906574315,1.0,,,,False,1,No solution exists for discriminant 
0.28205199999999997,1225,,3.5714465712366987,0.0057094672906574315,1.0,,,,False,1,No solution exists for discriminant 
0.28205199999999997,1250,,3.5714465712366987,0.0057094672906574315,1.0,,,,False,1,No solution exists for discriminant 
0.28205199999999997,1275,,3.5714465712366987,0.0057094672906574315,1.0,,,,False,1,No solution exists for discriminant 
0.28205199999999997,1300,,3.5714465712366987,0.0057094672906574315,1.0,,,,False,1,No solution exists for discriminant 
0.28205199999999997,1325,,3.5714465712366987,0.0057094672906574315,1.0,,,,False,1,No solution exists for discriminant 
0.28205199999999997,1350,,3.5714465712366987,0.0057094672906574315,1.0,,,,False,1,No solution exists for discriminant 
0.28205199999999997,1375,,3.5714465712366987,0.0057094672906574315,1.0,,,,False,1,No solution exists for discriminant 
0.28205199999999997,1400,,3.5714465712366987,0.0057094672906574315,1.0,,,,False,1,No solution exists for discriminant 
0.28205199999999997,1425,,3.5714465712366987,0.0057094672906574315,1.0,,,,False,1,No solution exists for discriminant 
0.28205199999999997,1450,,3.5714465712366987,0.0057094672906574315,1.0,,,,False,1,No solution exists for discriminant 
0.28205199999999997,1475,,3.5714465712366987,0.0057094672906574315,1.0,,,,False,1,No solution exists for discriminant 
0.28205199999999997,1500,,3.5714465712366987,0.0057094672906574315,1.0,,,,False,1,No solution exists for discriminant 
0.28205199999999997,1525,,3.5714465712366987,0.0057094672906574315,1.0,,,,False,1,No solution exists for discriminant 
0.307693,-100,-25.925925925925927,3.591066731110778,0.002658104456170552,3.6885677856967756,3.6599805503448293,-94.88838463856965,-5.111615361430353,True,5,
0.307693,-75,-20.554422731547806,3.591066731110778,0.0028112201303211798,2.777624693452406,3.6488497380608362,-74.99999999999991,-8.526512829121202e-14,True,5,
0.307693,-50,-13.686848809619441,3.591066731110778,0.004535383310294226,1.8495741634620866,3.653141836772446,-49.999999999999936,-6.394884621840902e-14,True,5,
0.307693,-25,-6.88720991770625,3.591066731110778,0.005640922328307541,0.930704042933277,3.629916947315308,-24.999999999999986,-1.4210854715202004e-14,True,3,
0.307693,0,0.0,3.591066731110778,0.0034814685097718373,0.0,3.591066731110778,0.0,0.0,True,1,
0.307693,25,7.039571432258481,3.591066731110778,0.0056415614735210225,0.9512934367916865,3.551352556128449,24.999999999999964,3.552713678800501e-14,True,3,
0.307693,50,14.169624943724532,3.591066731110778,0.004403209187536669,1.9148141815843962,3.5286749083746214,49.999999999999915,8.526512829121202e-14,True,5,
0.307693,75,21.225126803858863,3.591066731110778,0.002709945500613929,2.8682603788998464,3.5335477942287006,74.99999999999996,4.263256414560601e-14,True,5,
0.307693,100,28.479747984493656,3.591066731110778,0.002801980740524145,3.8486145924991426,3.511267025763245,99.99999999999982,1.8474111129762605e-13,True,6,
0.307693,125,36.536538223684865,3.591066731110778,0.004648333439282457,4.937370030227684,3.4212327187300016,124.99999999999999,1.4210854715202004e-14,True,8,
0.307693,150,46.273449883400886,3.591066731110778,0.007552215346397101,6.2531689031622815,3.2415996727706204,150.00000000000003,-2.842170943040401e-14,True,10,
0.307693,175,56.87974677298566,3.591066731110778,0.009043648418916281,7.686452266619684,3.0766662991389078,175.00000000000003,-2.842170943040401e-14,True,7,
0.307693,200,64.35296109104976,3.591066731110778,0.007508693063128378,8.696346093385102,3.107860098574642,200.0,0.0,True,32,
0.307693,225,,3.591066731110778,-0.003950479413407692,7.952167583727958,,,,False,50,Failed to converge after 50 iterations
0.307693,250,,3.591066731110778,-0.02508961854291436,6.9269557410703095,,,,False,50,Failed to converge after 50 iterations
0.307693,275,,3.591066731110778,-0.03155737258747119,7.084589802869913,,,,False,50,Failed to converge after 50 iterations
0.307693,300,,3.591066731110778,-0.03520092268749805,7.359976045501712,,,,False,50,Failed to converge after 50 iterations
0.307693,325,,3.591066731110778,-0.05533531724999353,6.861538876515047,,,,False,50,Failed to converge after 50 iterations
0.307693,350,,3.591066731110778,-0.2745083398971352,4.021685742127689,,,,False,50,Failed to converge after 50 iterations
0.307693,375,,3.591066731110778,-0.21491134187075042,4.627651672259438,,,,False,50,Failed to converge after 50 iterations
0.307693,400,,3.591066731110778,-0.2522362267779348,4.504738267673051,,,,False,50,Failed to converge after 50 iterations
0.307693,425,,3.591066731110778,-0.31634109756099726,4.245206381961043,,,,False,50,Failed to converge after 50 iterations
0.307693,450,,3.591066731110778,-0.39363158297208756,3.994067907119442,,,,False,50,Failed to converge after 50 iterations
0.307693,475,,3.591066731110778,-0.48741976781987034,3.7500185804279313,,,,False,50,Failed to converge after 50 iterations
0.307693,500,,3.591066731110778,-0.6039787035349687,3.507108911313688,,,,False,50,Failed to converge after 50 iterations
0.307693,525,,3.591066731110778,-0.7549277875713017,3.256708363904248,,,,False,50,Failed to converge after 50 iterations
0.307693,550,,3.591066731110778,-0.9673644758321621,2.9811375540028364,,,,False,50,Failed to converge after 50 iterations
0.307693,575,,3.591066731110778,0.005636835487987687,1.0,,,,False,1,No solution exists for discriminant 
0.307693,600,,3.591066731110778,0.005636835487987687,1.0,,,,False,1,No solution exists for discriminant 
0.307693,625,,3.591066731110778,0.005636835487987687,1.0,,,,False,1,No solution exists for discriminant 
0.307693,650,,3.591066731110778,0.005636835487987687,1.0,,,,False,1,No solution exists for discriminant 
0.307693,675,,3.591066731110778,0.005636835487987687,1.0,,,,False,1,No solution exists for discriminant 
0.307693,700,,3.591066731110778,0.005636835487987687,1.0,,,,False,1,No solution exists for discriminant 
0.307693,725,,3.591066731110778,0.005636835487987687,1.0,,,,False,1,No solution exists for discriminant 
0.307693,750,,3.591066731110778,0.005636835487987687,1.0,,,,False,1,No solution exists for discriminant 
0.307693,775,,3.591066731110778,0.005636835487987687,1.0,,,,False,1,No solution exists for discriminant 
0.307693,800,,3.591066731110778,0.005636835487987687,1.0,,,,False,1,No solution exists for discriminant 
0.307693,825,,3.591066731110778,0.005636835487987687,1.0,,,,False,1,No solution exists for discriminant 
0.307693,850,,3.591066731110778,0.005636835487987687,1.0,,,,False,1,No solution exists for discriminant 
0.307693,875,,3.591066731110778,0.005636835487987687,1.0,,,,False,1,No solution exists for discriminant 
0.307693,900,,3.591066731110778,0.005636835487987687,1.0,,,,False,1,No solution exists for discriminant 
0.307693,925,,3.591066731110778,0.005636835487987687,1.0,,,,False,1,No solution exists for discriminant 
0.307693,950,,3.591066731110778,0.005636835487987687,1.0,,,,False,1,No solution exists for discriminant 
0.307693,975,,3.591066731110778,0.005636835487987687,1.0,,,,False,1,No solution exists for discriminant 
0.307693,1000,,3.591066731110778,0.005636835487987687,1.0,,,,False,1,No solution exists for discriminant 
0.307693,1025,,3.591066731110778,0.005636835487987687,1.0,,,,False,1,No solution exists for discriminant 
0.307693,1050,,3.591066731110778,0.005636835487987687,1.0,,,,False,1,No solution exists for discriminant 
0.307693,1075,,3.591066731110778,0.005636835487987687,1.0,,,,False,1,No solution exists for discriminant 
0.307693,1100,,3.591066731110778,0.005636835487987687,1.0,,,,False,1,No solution exists for discriminant 
0.307693,1125,,3.591066731110778,0.005636835487987687,1.0,,,,False,1,No solution exists for discriminant 
0.307693,1150,,3.591066731110778,0.005636835487987687,1.0,,,,False,1,No solution exists for discriminant 
0.307693,1175,,3.591066731110778,0.005636835487987687,1.0,,,,False,1,No solution exists for discriminant 
0.307693,1200,,3.591066731110778,0.005636835487987687,1.0,,,,False,1,No solution exists for discriminant 
0.307693,1225,,3.591066731110778,0.005636835487987687,1.0,,,,False,1,No solution exists for discriminant 
0.307693,1250,,3.591066731110778,0.005636835487987687,1.0,,,,False,1,No solution exists for discriminant 
0.307693,1275,,3.591066731110778,0.005636835487987687,1.0,,,,False,1,No solution exists for discriminant 
0.307693,1300,,3.591066731110778,0.005636835487987687,1.0,,,,False,1,No solution exists for discriminant 
0.307693,1325,,3.591066731110778,0.005636835487987687,1.0,,,,False,1,No solution exists for discriminant 
0.307693,1350,,3.591066731110778,0.005636835487987687,1.0,,,,False,1,No solution exists for discriminant 
0.307693,1375,,3.591066731110778,0.005636835487987687,1.0,,,,False,1,No solution exists for discriminant 
0.307693,1400,,3.591066731110778,0.005636835487987687,1.0,,,,False,1,No solution exists for discriminant 
0.307693,1425,,3.591066731110778,0.005636835487987687,1.0,,,,False,1,No solution exists for discriminant 
0.307693,1450,,3.591066731110778,0.005636835487987687,1.0,,,,False,1,No solution exists for discriminant 
0.307693,1475,,3.591066731110778,0.005636835487987687,1.0,,,,False,1,No solution exists for discriminant 
0.307693,1500,,3.591066731110778,0.005636835487987687,1.0,,,,False,1,No solution exists for discriminant 
0.307693,1525,,3.591066731110778,0.005636835487987687,1.0,,,,False,1,No solution exists for discriminant 
0.33333399999999996,-100,-25.925925925925927,3.613614042150888,0.00261913131463042,3.6674710028549677,3.6815174466042695,-95.44674861566625,-4.553251384333748,True,5,
0.33333399999999996,-75,-20.42940129301392,3.613614042150888,0.00281777693818902,2.7607299044613405,3.671179537975352,-74.9999999999999,-9.947598300641403e-14,True,5,
0.33333399999999996,-50,-13.603949426261083,3.613614042150888,0.0045420054688577755,1.8383715440893356,3.6754032548430304,-49.999999999999964,-3.552713678800501e-14,True,5,
0.33333399999999996,-25,-6.845472845359274,3.613614042150888,0.005614605251772402,0.9250638980215234,3.6520486699393078,-24.999999999999986,-1.4210854715202004e-14,True,3,
0.33333399999999996,0,0.0,3.613614042150888,0.0034384606315273434,0.0,3.613614042150888,0.0,0.0,True,1,
0.33333399999999996,25,6.994309690453253,3.613614042150888,0.005615978038343857,0.9451769851963855,3.5743341525359273,25.000000000000053,-5.3290705182007514e-14,True,3,
0.33333399999999996,50,14.078613156554319,3.613614042150888,0.0044129251692387956,1.902515291426259,3.551486175804353,49.99999999999995,4.973799150320701e-14,True,5,
0.33333399999999996,75,21.088845739811646,3.613614042150888,0.002713834345266541,2.8498440188934655,3.5563824082801596,75.00000000000013,-1.2789769243681803e-13,True,5,
0.33333399999999996,100,28.281707714692494,3.613614042150888,0.0027494685384878543,3.821852393877364,3.535854376574632,99.99999999999999,1.4210854715202004e-14,True,6,
0.33333399999999996,125,36.23149899015324,3.613614042150888,0.004514783549199793,4.8961485121828705,3.4500366665472955,124.99999999999999,1.4210854715202004e-14,True,8,
0.33333399999999996,150,45.770092342942,3.613614042150888,0.00734900876280044,6.185147613911081,3.277249232448422,150.00000000000009,-8.526512829121202e-14,True,10,
0.33333399999999996,175,56.3010252504313,3.613614042150888,0.008975369603223225,7.608246655463689,3.108291531487864,175.0,0.0,True,5,
0.33333399999999996,200,63.94701151789144,3.613614042150888,0.007600426641459687,8.641488042958303,3.1275894721685766,199.99999999999997,2.842170943040401e-14,True,27,
0.33333399999999996,225,,3.613614042150888,-0.001855271827302411,8.16108407812045,,,,False,50,Failed to converge after 50 iterations
0.33333399999999996,250,,3.613614042150888,-0.022907843322434177,7.030390677816677,,,,False,50,Failed to converge after 50 iterations
0.33333399999999996,275,,3.613614042150888,-0.03602126332512835,6.8364178552686194,,,,False,50,Failed to converge after 50 iterations
0.33333399999999996,300,,3.613614042150888,-0.03598598968256835,7.296030515194891,,,,False,50,Failed to converge after 50 iterations
0.33333399999999996,325,,3.613614042150888,-0.052983980555364546,6.935182478405241,,,,False,50,Failed to converge after 50 iterations
0.33333399999999996,350,,3.613614042150888,-0.2598310739645539,4.108251849009746,,,,False,50,Failed to converge after 50 iterations
0.33333399999999996,375,,3.613614042150888,-0.21115509040531594,4.6547476840373605,,,,False,50,Failed to converge after 50 iterations
0.33333399999999996,400,,3.613614042150888,-0.24448563339041005,4.557828103011374,,,,False,50,Failed to converge after 50 iterations
0.33333399999999996,425,,3.613614042150888,-0.30619121661820975,4.299955524888938,,,,False,50,Failed to converge after 50 iterations
0.33333399999999996,450,,3.613614042150888,-0.3806042484967501,4.0491864126176855,,,,False,50,Failed to converge after 50 iterations
0.33333399999999996,475,,3.613614042150888,-0.4703532581284847,3.8065601158972164,,,,False,50,Failed to converge after 50 iterations
0.33333399999999996,500,,3.613614042150888,-0.5808599535578624,3.566638924972485,,,,False,50,Failed to converge after 50 iterations
0.33333399999999996,525,,3.613614042150888,-0.721733657277073,3.3220465045749847,,,,False,50,Failed to converge after 50 iterations
0.33333399999999996,550,,3.613614042150888,-0.9135219542341294,3.059291791505219,,,,False,50,Failed to converge after 50 iterations
0.33333399999999996,575,,3.613614042150888,-1.2230618971004368,2.7372301048117653,,,,False,50,Failed to converge after 50 iterations
0.33333399999999996,600,,3.613614042150888,0.005612083183569704,1.0,,,,False,1,No solution exists for discriminant 
0.33333399999999996,625,,3.613614042150888,0.005612083183569704,1.0,,,,False,1,No solution exists for discriminant 
0.33333399999999996,650,,3.613614042150888,0.005612083183569704,1.0,,,,False,1,No solution exists for discriminant 
0.33333399999999996,675,,3.613614042150888,0.005612083183569704,1.0,,,,False,1,No solution exists for discriminant 
0.33333399999999996,700,,3.613614042150888,0.005612083183569704,1.0,,,,False,1,No solution exists for discriminant 
0.33333399999999996,725,,3.613614042150888,0.005612083183569704,1.0,,,,False,1,No solution exists for discriminant 
0.33333399999999996,750,,3.613614042150888,0.005612083183569704,1.0,,,,False,1,No solution exists for discriminant 
0.33333399999999996,775,,3.613614042150888,0.005612083183569704,1.0,,,,False,1,No solution exists for discriminant 
0.33333399999999996,800,,3.613614042150888,0.005612083183569704,1.0,,,,False,1,No solution exists for discriminant 
0.33333399999999996,825,,3.613614042150888,0.005612083183569704,1.0,,,,False,1,No solution exists for discriminant 
0.33333399999999996,850,,3.613614042150888,0.005612083183569704,1.0,,,,False,1,No solution exists for discriminant 
0.33333399999999996,875,,3.613614042150888,0.005612083183569704,1.0,,,,False,1,No solution exists for discriminant 
0.33333399999999996,900,,3.613614042150888,0.005612083183569704,1.0,,,,False,1,No solution exists for discriminant 
0.33333399999999996,925,,3.613614042150888,0.005612083183569704,1.0,,,,False,1,No solution exists for discriminant 
0.33333399999999996,950,,3.613614042150888,0.005612083183569704,1.0,,,,False,1,No solution exists for discriminant 
0.33333399999999996,975,,3.613614042150888,0.005612083183569704,1.0,,,,False,1,No solution exists for discriminant 
0.33333399999999996,1000,,3.613614042150888,0.005612083183569704,1.0,,,,False,1,No solution exists for discriminant 
0.33333399999999996,1025,,3.613614042150888,0.005612083183569704,1.0,,,,False,1,No solution exists for discriminant 
0.33333399999999996,1050,,3.613614042150888,0.005612083183569704,1.0,,,,False,1,No solution exists for discriminant 
0.33333399999999996,1075,,3.613614042150888,0.005612083183569704,1.0,,,,False,1,No solution exists for discriminant 
0.33333399999999996,1100,,3.613614042150888,0.005612083183569704,1.0,,,,False,1,No solution exists for discriminant 
0.33333399999999996,1125,,3.613614042150888,0.005612083183569704,1.0,,,,False,1,No solution exists for discriminant 
0.33333399999999996,1150,,3.613614042150888,0.005612083183569704,1.0,,,,False,1,No solution exists for discriminant 
0.33333399999999996,1175,,3.613614042150888,0.005612083183569704,1.0,,,,False,1,No solution exists for discriminant 
0.33333399999999996,1200,,3.613614042150888,0.005612083183569704,1.0,,,,False,1,No solution exists for discriminant 
0.33333399999999996,1225,,3.613614042150888,0.005612083183569704,1.0,,,,False,1,No solution exists for discriminant 
0.33333399999999996,1250,,3.613614042150888,0.005612083183569704,1.0,,,,False,1,No solution exists for discriminant 
0.33333399999999996,1275,,3.613614042150888,0.005612083183569704,1.0,,,,False,1,No solution exists for discriminant 
0.33333399999999996,1300,,3.613614042150888,0.005612083183569704,1.0,,,,False,1,No solution exists for discriminant 
0.33333399999999996,1325,,3.613614042150888,0.005612083183569704,1.0,,,,False,1,No solution exists for discriminant 
0.33333399999999996,1350,,3.613614042150888,0.005612083183569704,1.0,,,,False,1,No solution exists for discriminant 
0.33333399999999996,1375,,3.613614042150888,0.005612083183569704,1.0,,,,False,1,No solution exists for discriminant 
0.33333399999999996,1400,,3.613614042150888,0.005612083183569704,1.0,,,,False,1,No solution exists for discriminant 
0.33333399999999996,1425,,3.613614042150888,0.005612083183569704,1.0,,,,False,1,No solution exists for discriminant 
0.33333399999999996,1450,,3.613614042150888,0.005612083183569704,1.0,,,,False,1,No solution exists for discriminant 
0.33333399999999996,1475,,3.613614042150888,0.005612083183569704,1.0,,,,False,1,No solution exists for discriminant 
0.33333399999999996,1500,,3.613614042150888,0.005612083183569704,1.0,,,,False,1,No solution exists for discriminant 
0.33333399999999996,1525,,3.613614042150888,0.005612083183569704,1.0,,,,False,1,No solution exists for discriminant 
0.358975,-100,-25.925925925925927,3.640431233914334,0.002613172983142059,3.6416211472881312,3.708180163106906,-96.13800422869757,-3.861995771302432,True,5,
0.358975,-75,-20.278555593566132,3.640431233914334,0.002862976904209624,2.7403453504819097,3.698488270229445,-75.00000000000004,4.263256414560601e-14,True,5,
0.358975,-50,-13.504777838165507,3.640431233914334,0.0045881644194236725,1.8249699781304738,3.702393375083626,-50.00000000000015,1.4921397450962104e-13,True,5,
0.358975,-25,-6.795946994057034,3.640431233914334,0.005625698526253595,0.9183712154131126,3.678663182903298,-24.99999999999995,-4.973799150320701e-14,True,3,
0.358975,0,0.0,3.640431233914334,0.003431654322001141,0.0,3.640431233914334,0.0,0.0,True,1,
0.358975,25,6.941814533978126,3.640431233914334,0.005627832843000768,0.9380830451321791,3.601363862089992,24.9999999999999,9.947598300641403e-14,True,3,
0.358975,50,13.97394239256472,3.640431233914334,0.004461369340062045,1.888370593589827,3.5780883157643526,49.999999999999986,1.4210854715202004e-14,True,5,
0.358975,75,20.933565361659845,3.640431233914334,0.00275482924425534,2.828860184008087,3.582762835869503,75.00000000000003,-2.842170943040401e-14,True,5,
0.358975,100,28.060027964814743,3.640431233914334,0.0027313911146180495,3.791895670920911,3.563788322855305,100.00000000000009,-8.526512829121202e-14,True,6,
0.358975,125,35.900768112175335,3.640431233914334,0.00441805533532012,4.851455150293964,3.4818196538142474,124.9999999999999,9.947598300641403e-14,True,7,
0.358975,150,45.246676579286614,3.640431233914334,0.0071888290353551,6.11441575395765,3.315160611567837,149.99999999999994,5.684341886080802e-14,True,9,
0.358975,175,55.6957931956383,3.640431233914334,0.008947941277502498,7.526458539951122,3.1420685469958394,175.0,0.0,True,6,
0.358975,200,63.515910495587576,3.640431233914334,0.007740011838659189,8.583231148052375,3.148817334735269,199.99999999999997,2.842170943040401e-14,True,23,
0.358975,225,,3.640431233914334,0.0006644211837189373,8.448545923579472,,,,False,50,Failed to converge after 50 iterations
0.358975,250,,3.640431233914334,-0.020777988435686578,7.131881274999795,,,,False,50,Failed to converge after 50 iterations
0.358975,275,,3.640431233914334,-0.039658561712072674,6.6467079178639406,,,,False,50,Failed to converge after 50 iterations
0.358975,300,,3.640431233914334,-0.036786668594931064,7.228736002342899,,,,False,50,Failed to converge after 50 iterations
0.358975,325,,3.640431233914334,-0.05137001983125309,6.978684016221391,,,,False,50,Failed to converge after 50 iterations
0.358975,350,,3.640431233914334,-0.24487123904014094,4.202277886854026,,,,False,50,Failed to converge after 50 iterations
0.358975,375,,3.640431233914334,-0.208652821507427,4.6700690282166715,,,,False,50,Failed to converge after 50 iterations
0.358975,400,,3.640431233914334,-0.23759488335027934,4.605271743844462,,,,False,50,Failed to converge after 50 iterations
0.358975,425,,3.640431233914334,-0.2970918671847705,4.349816497046725,,,,False,50,Failed to converge after 50 iterations
0.358975,450,,3.640431233914334,-0.36907758729955,4.099001486146209,,,,False,50,Failed to converge after 50 iterations
0.358975,475,,3.640431233914334,-0.4554966687657325,3.857147289328397,,,,False,50,Failed to converge after 50 iterations
0.358975,500,,3.640431233914334,-0.5611551554247267,3.619185630329288,,,,False,50,Failed to converge after 50 iterations
0.358975,525,,3.640431233914334,-0.6943074825882193,3.378544114909444,,,,False,50,Failed to converge after 50 iterations
0.358975,550,,3.640431233914334,-0.871570971215119,3.124166137835877,,,,False,50,Failed to converge after 50 iterations
0.358975,575,,3.640431233914334,-1.1394859925834273,2.8274226277333008,,,,False,50,Failed to converge after 50 iterations
0.358975,600,,3.640431233914334,0.005625070236356561,1.0,,,,False,1,No solution exists for discriminant 
0.358975,625,,3.640431233914334,0.005625070236356561,1.0,,,,False,1,No solution exists for discriminant 
0.358975,650,,3.640431233914334,0.005625070236356561,1.0,,,,False,1,No solution exists for discriminant 
0.358975,675,,3.640431233914334,0.005625070236356561,1.0,,,,False,1,No solution exists for discriminant 
0.358975,700,,3.640431233914334,0.005625070236356561,1.0,,,,False,1,No solution exists for discriminant 
0.358975,725,,3.640431233914334,0.005625070236356561,1.0,,,,False,1,No solution exists for discriminant 
0.358975,750,,3.640431233914334,0.005625070236356561,1.0,,,,False,1,No solution exists for discriminant 
0.358975,775,,3.640431233914334,0.005625070236356561,1.0,,,,False,1,No solution exists for discriminant 
0.358975,800,,3.640431233914334,0.005625070236356561,1.0,,,,False,1,No solution exists for discriminant 
0.358975,825,,3.640431233914334,0.005625070236356561,1.0,,,,False,1,No solution exists for discriminant 
0.358975,850,,3.640431233914334,0.005625070236356561,1.0,,,,False,1,No solution exists for discriminant 
0.358975,875,,3.640431233914334,0.005625070236356561,1.0,,,,False,1,No solution exists for discriminant 
0.358975,900,,3.640431233914334,0.005625070236356561,1.0,,,,False,1,No solution exists for discriminant 
0.358975,925,,3.640431233914334,0.005625070236356561,1.0,,,,False,1,No solution exists for discriminant 
0.358975,950,,3.640431233914334,0.005625070236356561,1.0,,,,False,1,No solution exists for discriminant 
0.358975,975,,3.640431233914334,0.005625070236356561,1.0,,,,False,1,No solution exists for discriminant 
0.358975,1000,,3.640431233914334,0.005625070236356561,1.0,,,,False,1,No solution exists for discriminant 
0.358975,1025,,3.640431233914334,0.005625070236356561,1.0,,,,False,1,No solution exists for discriminant 
0.358975,1050,,3.640431233914334,0.005625070236356561,1.0,,,,False,1,No solution exists for discriminant 
0.358975,1075,,3.640431233914334,0.005625070236356561,1.0,,,,False,1,No solution exists for discriminant 
0.358975,1100,,3.640431233914334,0.005625070236356561,1.0,,,,False,1,No solution exists for discriminant 
0.358975,1125,,3.640431233914334,0.005625070236356561,1.0,,,,False,1,No solution exists for discriminant 
0.358975,1150,,3.640431233914334,0.005625070236356561,1.0,,,,False,1,No solution exists for discriminant 
0.358975,1175,,3.640431233914334,0.005625070236356561,1.0,,,,False,1,No solution exists for discriminant 
0.358975,1200,,3.640431233914334,0.005625070236356561,1.0,,,,False,1,No solution exists for discriminant 
0.358975,1225,,3.640431233914334,0.005625070236356561,1.0,,,,False,1,No solution exists for discriminant 
0.358975,1250,,3.640431233914334,0.005625070236356561,1.0,,,,False,1,No solution exists for discriminant 
0.358975,1275,,3.640431233914334,0.005625070236356561,1.0,,,,False,1,No solution exists for discriminant 
0.358975,1300,,3.640431233914334,0.005625070236356561,1.0,,,,False,1,No solution exists for discriminant 
0.358975,1325,,3.640431233914334,0.005625070236356561,1.0,,,,False,1,No solution exists for discriminant 
0.358975,1350,,3.640431233914334,0.005625070236356561,1.0,,,,False,1,No solution exists for discriminant 
0.358975,1375,,3.640431233914334,0.005625070236356561,1.0,,,,False,1,No solution exists for discriminant 
0.358975,1400,,3.640431233914334,0.005625070236356561,1.0,,,,False,1,No solution exists for discriminant 
0.358975,1425,,3.640431233914334,0.005625070236356561,1.0,,,,False,1,No solution exists for discriminant 
0.358975,1450,,3.640431233914334,0.005625070236356561,1.0,,,,False,1,No solution exists for discriminant 
0.358975,1475,,3.640431233914334,0.005625070236356561,1.0,,,,False,1,No solution exists for discriminant 
0.358975,1500,,3.640431233914334,0.005625070236356561,1.0,,,,False,1,No solution exists for discriminant 
0.358975,1525,,3.640431233914334,0.005625070236356561,1.0,,,,False,1,No solution exists for discriminant 
0.38461599999999996,-100,-25.925925925925927,3.6702051049181197,0.002629749968283135,3.6127465557291716,3.738383807799534,-96.92106168369163,-3.078938316308367,True,5,
0.38461599999999996,-75,-20.111512789539177,3.6702051049181197,0.002933751446014425,2.717771998586375,3.729207284645968,-75.00000000000004,4.263256414560601e-14,True,5,
0.38461599999999996,-50,-13.395331677541638,3.6702051049181197,0.004661218329883568,1.8101799564245455,3.732643670468347,-49.999999999999936,-6.394884621840902e-14,True,4,
0.38461599999999996,-25,-6.74147229771039,3.6702051049181197,0.00566399138810702,0.9110097699608634,3.7083887459555136,-25.000000000000068,6.750155989720952e-14,True,3,
0.38461599999999996,0,0.0,3.6702051049181197,0.003451545781270231,0.0,3.6702051049181197,0.0,0.0,True,1,
0.38461599999999996,25,6.884795675996376,3.6702051049181197,0.005666875621088486,0.9303777940535642,3.6311898241456406,24.999999999999947,5.3290705182007514e-14,True,3,
0.38461599999999996,50,13.860659805470952,3.6702051049181197,0.004536091742786664,1.8730621358744528,3.607331880424948,50.00000000000002,-2.1316282072803006e-14,True,5,
0.38461599999999996,75,20.766213856411415,3.6702051049181197,0.002820416493080788,2.806245115731272,3.6116357328586544,74.99999999999999,1.4210854715202004e-14,True,5,
0.38461599999999996,100,27.823746801790755,3.6702051049181197,0.0027369731382100807,3.7599657840257774,3.5940522573172595,99.99999999999994,5.684341886080802e-14,True,6,
0.38461599999999996,125,35.556242280838404,3.6702051049181197,0.004349391133315445,4.804897605518703,3.5155571000078254,124.99999999999989,1.1368683772161603e-13,True,7,
0.38461599999999996,150,44.7185118882265,3.6702051049181197,0.007063954883492807,6.043042147057635,3.354315554482751,149.99999999999997,2.842170943040401e-14,True,9,
0.38461599999999996,175,55.07975008867697,3.6702051049181197,0.008950546865199875,7.443209471442833,3.1772112204259195,175.0,0.0,True,7,
0.38461599999999996,200,63.069315118243985,3.6702051049181197,0.007913371438473229,8.522880421384322,3.1711141880173397,200.0,0.0,True,21,
0.38461599999999996,225,,3.6702051049181197,0.004847458533615919,9.092388860639835,,,,False,50,Failed to converge after 50 iterations
0.38461599999999996,250,,3.6702051049181197,-0.018743785487175677,7.229601800391301,,,,False,50,Failed to converge after 50 iterations
0.38461599999999996,275,,3.6702051049181197,-0.040273424775830576,6.594332285923007,,,,False,50,Failed to converge after 50 iterations
0.38461599999999996,300,,3.6702051049181197,-0.037560502404939126,7.16166196183679,,,,False,50,Failed to converge after 50 iterations
0.38461599999999996,325,,3.6702051049181197,-0.049946912398876685,7.0131907661535005,,,,False,50,Failed to converge after 50 iterations
0.38461599999999996,350,,3.6702051049181197,-0.2289165494318122,4.310608843091429,,,,False,50,Failed to converge after 50 iterations
0.38461599999999996,375,,3.6702051049181197,-0.20768899773945973,4.670984687514039,,,,False,50,Failed to converge after 50 iterations
0.38461599999999996,400,,3.6702051049181197,-0.2315836255017602,4.646567423000114,,,,False,50,Failed to converge after 50 iterations
0.38461599999999996,425,,3.6702051049181197,-0.28894622678581816,4.395014075140015,,,,False,50,Failed to converge after 50 iterations
0.38461599999999996,450,,3.6702051049181197,-0.3588500999671738,4.143978170043936,,,,False,50,Failed to converge after 50 iterations
0.38461599999999996,475,,3.6702051049181197,-0.4424696464688408,3.9025210889113193,,,,False,50,Failed to converge after 50 iterations
0.38461599999999996,500,,3.6702051049181197,-0.5441404999545314,3.665889914341745,,,,False,50,Failed to converge after 50 iterations
0.38461599999999996,525,,3.6702051049181197,-0.6711485017889438,3.4280593911061694,,,,False,50,Failed to converge after 50 iterations
0.38461599999999996,550,,3.6702051049181197,-0.8375242259331592,3.1795279098198277,,,,False,50,Failed to converge after 50 iterations
0.38461599999999996,575,,3.6702051049181197,-1.07878516812784,2.8984385607545127,,,,False,50,Failed to converge after 50 iterations
0.38461599999999996,600,,3.6702051049181197,0.005665531174155351,1.0,,,,False,1,No solution exists for discriminant 
0.38461599999999996,625,,3.6702051049181197,0.005665531174155351,1.0,,,,False,1,No solution exists for discriminant 
0.38461599999999996,650,,3.6702051049181197,0.005665531174155351,1.0,,,,False,1,No solution exists for discriminant 
0.38461599999999996,675,,3.6702051049181197,0.005665531174155351,1.0,,,,False,1,No solution exists for discriminant 
0.38461599999999996,700,,3.6702051049181197,0.005665531174155351,1.0,,,,False,1,No solution exists for discriminant 
0.38461599999999996,725,,3.6702051049181197,0.005665531174155351,1.0,,,,False,1,No solution exists for discriminant 
0.38461599999999996,750,,3.6702051049181197,0.005665531174155351,1.0,,,,False,1,No solution exists for discriminant 
0.38461599999999996,775,,3.6702051049181197,0.005665531174155351,1.0,,,,False,1,No solution exists for discriminant 
0.38461599999999996,800,,3.6702051049181197,0.005665531174155351,1.0,,,,False,1,No solution exists for discriminant 
0.38461599999999996,825,,3.6702051049181197,0.005665531174155351,1.0,,,,False,1,No solution exists for discriminant 
0.38461599999999996,850,,3.6702051049181197,0.005665531174155351,1.0,,,,False,1,No solution exists for discriminant 
0.38461599999999996,875,,3.6702051049181197,0.005665531174155351,1.0,,,,False,1,No solution exists for discriminant 
0.38461599999999996,900,,3.6702051049181197,0.005665531174155351,1.0,,,,False,1,No solution exists for discriminant 
0.38461599999999996,925,,3.6702051049181197,0.005665531174155351,1.0,,,,False,1,No solution exists for discriminant 
0.38461599999999996,950,,3.6702051049181197,0.005665531174155351,1.0,,,,False,1,No solution exists for discriminant 
0.38461599999999996,975,,3.6702051049181197,0.005665531174155351,1.0,,,,False,1,No solution exists for discriminant 
0.38461599999999996,1000,,3.6702051049181197,0.005665531174155351,1.0,,,,False,1,No solution exists for discriminant 
0.38461599999999996,1025,,3.6702051049181197,0.005665531174155351,1.0,,,,False,1,No solution exists for discriminant 
0.38461599999999996,1050,,3.6702051049181197,0.005665531174155351,1.0,,,,False,1,No solution exists for discriminant 
0.38461599999999996,1075,,3.6702051049181197,0.005665531174155351,1.0,,,,False,1,No solution exists for discriminant 
0.38461599999999996,1100,,3.6702051049181197,0.005665531174155351,1.0,,,,False,1,No solution exists for discriminant 
0.38461599999999996,1125,,3.6702051049181197,0.005665531174155351,1.0,,,,False,1,No solution exists for discriminant 
0.38461599999999996,1150,,3.6702051049181197,0.005665531174155351,1.0,,,,False,1,No solution exists for discriminant 
0.38461599999999996,1175,,3.6702051049181197,0.005665531174155351,1.0,,,,False,1,No solution exists for discriminant 
0.38461599999999996,1200,,3.6702051049181197,0.005665531174155351,1.0,,,,False,1,No solution exists for discriminant 
0.38461599999999996,1225,,3.6702051049181197,0.005665531174155351,1.0,,,,False,1,No solution exists for discriminant 
0.38461599999999996,1250,,3.6702051049181197,0.005665531174155351,1.0,,,,False,1,No solution exists for discriminant 
0.38461599999999996,1275,,3.6702051049181197,0.005665531174155351,1.0,,,,False,1,No solution exists for discriminant 
0.38461599999999996,1300,,3.6702051049181197,0.005665531174155351,1.0,,,,False,1,No solution exists for discriminant 
0.38461599999999996,1325,,3.6702051049181197,0.005665531174155351,1.0,,,,False,1,No solution exists for discriminant 
0.38461599999999996,1350,,3.6702051049181197,0.005665531174155351,1.0,,,,False,1,No solution exists for discriminant 
0.38461599999999996,1375,,3.6702051049181197,0.005665531174155351,1.0,,,,False,1,No solution exists for discriminant 
0.38461599999999996,1400,,3.6702051049181197,0.005665531174155351,1.0,,,,False,1,No solution exists for discriminant 
0.38461599999999996,1425,,3.6702051049181197,0.005665531174155351,1.0,,,,False,1,No solution exists for discriminant 
0.38461599999999996,1450,,3.6702051049181197,0.005665531174155351,1.0,,,,False,1,No solution exists for discriminant 
0.38461599999999996,1475,,3.6702051049181197,0.005665531174155351,1.0,,,,False,1,No solution exists for discriminant 
0.38461599999999996,1500,,3.6702051049181197,0.005665531174155351,1.0,,,,False,1,No solution exists for discriminant 
0.38461599999999996,1525,,3.6702051049181197,0.005665531174155351,1.0,,,,False,1,No solution exists for discriminant 
0.410257,-100,-25.925925925925927,3.6984933293429294,0.002660102161033604,3.585370351029211,3.767458940925282,-97.67486143139621,-2.3251385686037906,True,5,
0.410257,-75,-19.954052440313998,3.6984933293429294,0.0030140081143512727,2.696493573015405,3.7586350053122266,-75.00000000000006,5.684341886080802e-14,True,5,
0.410257,-50,-13.292298722531001,3.6984933293429294,0.004745852045303448,1.796256584125811,3.7615766124220373,-49.999999999999936,-6.394884621840902e-14,True,4,
0.410257,-25,-6.690289184570331,3.6984933293429294,0.005719621417903175,0.9040931330500448,3.7367592506549636,-25.00000000000004,3.907985046680551e-14,True,3,
0.410257,0,0.0,3.6984933293429294,0.003489418455274961,0.0,3.6984933293429294,0.0,0.0,True,1,
0.410257,25,6.831731693020459,3.6984933293429294,0.0057231509557213196,0.9232069855433053,3.6593942975747877,25.000000000000018,-1.7763568394002505e-14,True,2,
0.410257,50,13.755458596650058,3.6984933293429294,0.004621635511231669,1.858845756304062,3.6349206134193746,50.000000000000036,-3.552713678800501e-14,True,5,
0.410257,75,20.611092268920974,3.6984933293429294,0.00289533353551023,2.7852827390433745,3.638817342693227,74.99999999999993,7.105427357601002e-14,True,5,
0.410257,100,27.606439132477547,3.6984933293429294,0.002758415265406792,3.730599882767236,3.62234330621638,99.99999999999997,2.842170943040401e-14,True,6,
0.410257,125,35.245251358362,3.6984933293429294,0.004310262002064056,4.762871805184053,3.546577061659785,125.00000000000004,-4.263256414560601e-14,True,7,
0.410257,150,44.255036209699206,3.6984933293429294,0.006983353964230482,5.9804102986080006,3.3894447467907627,149.99999999999997,2.842170943040401e-14,True,9,
0.410257,175,54.53734810688506,3.6984933293429294,0.008978858083872835,7.369911906335819,3.2088102204204376,175.0,0.0,True,7,
0.410257,200,62.669768447914045,3.6984933293429294,0.008092608923976197,8.468887628096493,3.191331401937818,199.99999999999997,2.842170943040401e-14,True,19,
0.410257,225,,3.6984933293429294,0.005667133179709142,9.175680770329441,,,,False,50,Failed to converge after 50 iterations
0.410257,250,,3.6984933293429294,-0.01707182776887461,7.309483087684818,,,,False,50,Failed to converge after 50 iterations
0.410257,275,,3.6984933293429294,-0.039219182747462555,6.6146061693550715,,,,False,50,Failed to converge after 50 iterations
0.410257,300,,3.6984933293429294,-0.03807003629369762,7.110363792201838,,,,False,50,Failed to converge after 50 iterations
0.410257,325,,3.6984933293429294,-0.04866678392716649,7.043728244203536,,,,False,50,Failed to converge after 50 iterations
0.410257,350,,3.6984933293429294,-0.21454721632523768,4.416220692372726,,,,False,50,Failed to converge after 50 iterations
0.410257,375,,3.6984933293429294,-0.2088089570926827,4.653700877330747,,,,False,50,Failed to converge after 50 iterations
0.410257,400,,3.6984933293429294,-0.22716783920300537,4.676203710209002,,,,False,50,Failed to converge after 50 iterations
0.410257,425,,3.6984933293429294,-0.28262899368742067,4.430158374327237,,,,False,50,Failed to converge after 50 iterations
0.410257,450,,3.6984933293429294,-0.3509686278086407,4.178911886616521,,,,False,50,Failed to converge after 50 iterations
0.410257,475,,3.6984933293429294,-0.4325281642371474,3.9375999328979994,,,,False,50,Failed to converge after 50 iterations
0.410257,500,,3.6984933293429294,-0.5313174265817455,3.7017530017308986,,,,False,50,Failed to converge after 50 iterations
0.410257,525,,3.6984933293429294,-0.6540008045314869,3.465678528548006,,,,False,50,Failed to converge after 50 iterations
0.410257,550,,3.6984933293429294,-0.8130459303185205,3.220784072566851,,,,False,50,Failed to converge after 50 iterations
0.410257,575,,3.6984933293429294,-1.0381485832795214,2.948713348580178,,,,False,50,Failed to converge after 50 iterations
0.410257,600,,3.6984933293429294,0.005723267668080785,1.0,,,,False,1,No solution exists for discriminant 
0.410257,625,,3.6984933293429294,0.005723267668080785,1.0,,,,False,1,No solution exists for discriminant 
0.410257,650,,3.6984933293429294,0.005723267668080785,1.0,,,,False,1,No solution exists for discriminant 
0.410257,675,,3.6984933293429294,0.005723267668080785,1.0,,,,False,1,No solution exists for discriminant 
0.410257,700,,3.6984933293429294,0.005723267668080785,1.0,,,,False,1,No solution exists for discriminant 
0.410257,725,,3.6984933293429294,0.005723267668080785,1.0,,,,False,1,No solution exists for discriminant 
0.410257,750,,3.6984933293429294,0.005723267668080785,1.0,,,,False,1,No solution exists for discriminant 
0.410257,775,,3.6984933293429294,0.005723267668080785,1.0,,,,False,1,No solution exists for discriminant 
0.410257,800,,3.6984933293429294,0.005723267668080785,1.0,,,,False,1,No solution exists for discriminant 
0.410257,825,,3.6984933293429294,0.005723267668080785,1.0,,,,False,1,No solution exists for discriminant 
0.410257,850,,3.6984933293429294,0.005723267668080785,1.0,,,,False,1,No solution exists for discriminant 
0.410257,875,,3.6984933293429294,0.005723267668080785,1.0,,,,False,1,No solution exists for discriminant 
0.410257,900,,3.6984933293429294,0.005723267668080785,1.0,,,,False,1,No solution exists for discriminant 
0.410257,925,,3.6984933293429294,0.005723267668080785,1.0,,,,False,1,No solution exists for discriminant 
0.410257,950,,3.6984933293429294,0.005723267668080785,1.0,,,,False,1,No solution exists for discriminant 
0.410257,975,,3.6984933293429294,0.005723267668080785,1.0,,,,False,1,No solution exists for discriminant 
0.410257,1000,,3.6984933293429294,0.005723267668080785,1.0,,,,False,1,No solution exists for discriminant 
0.410257,1025,,3.6984933293429294,0.005723267668080785,1.0,,,,False,1,No solution exists for discriminant 
0.410257,1050,,3.6984933293429294,0.005723267668080785,1.0,,,,False,1,No solution exists for discriminant 
0.410257,1075,,3.6984933293429294,0.005723267668080785,1.0,,,,False,1,No solution exists for discriminant 
0.410257,1100,,3.6984933293429294,0.005723267668080785,1.0,,,,False,1,No solution exists for discriminant 
0.410257,1125,,3.6984933293429294,0.005723267668080785,1.0,,,,False,1,No solution exists for discriminant 
0.410257,1150,,3.6984933293429294,0.005723267668080785,1.0,,,,False,1,No solution exists for discriminant 
0.410257,1175,,3.6984933293429294,0.005723267668080785,1.0,,,,False,1,No solution exists for discriminant 
0.410257,1200,,3.6984933293429294,0.005723267668080785,1.0,,,,False,1,No solution exists for discriminant 
0.410257,1225,,3.6984933293429294,0.005723267668080785,1.0,,,,False,1,No solution exists for discriminant 
0.410257,1250,,3.6984933293429294,0.005723267668080785,1.0,,,,False,1,No solution exists for discriminant 
0.410257,1275,,3.6984933293429294,0.005723267668080785,1.0,,,,False,1,No solution exists for discriminant 
0.410257,1300,,3.6984933293429294,0.005723267668080785,1.0,,,,False,1,No solution exists for discriminant 
0.410257,1325,,3.6984933293429294,0.005723267668080785,1.0,,,,False,1,No solution exists for discriminant 
0.410257,1350,,3.6984933293429294,0.005723267668080785,1.0,,,,False,1,No solution exists for discriminant 
0.410257,1375,,3.6984933293429294,0.005723267668080785,1.0,,,,False,1,No solution exists for discriminant 
0.410257,1400,,3.6984933293429294,0.005723267668080785,1.0,,,,False,1,No solution exists for discriminant 
0.410257,1425,,3.6984933293429294,0.005723267668080785,1.0,,,,False,1,No solution exists for discriminant 
0.410257,1450,,3.6984933293429294,0.005723267668080785,1.0,,,,False,1,No solution exists for discriminant 
0.410257,1475,,3.6984933293429294,0.005723267668080785,1.0,,,,False,1,No solution exists for discriminant 
0.410257,1500,,3.6984933293429294,0.005723267668080785,1.0,,,,False,1,No solution exists for discriminant 
0.410257,1525,,3.6984933293429294,0.005723267668080785,1.0,,,,False,1,No solution exists for discriminant 
0.435898,-100,-25.925925925925927,3.7236308327412426,0.002695209670327286,3.5611947456464406,3.793506639008987,-98.35017212245522,-1.64982787754478,True,5,
0.435898,-75,-19.815543061422225,3.7236308327412426,0.003092359907661922,2.6777760893813816,3.7849076236529333,-74.99999999999997,-2.842170943040401e-14,True,5,
0.435898,-50,-13.201616689162819,3.7236308327412426,0.004831535977667508,1.7840022552922727,3.7874149187383086,-49.99999999999989,-1.0658141036401503e-13,True,4,
0.435898,-25,-6.645280213104729,3.7236308327412426,0.005784220051560503,0.8980108396087472,3.7620685957981213,-24.999999999999947,-5.3290705182007514e-14,True,3,
0.435898,0,0.0,3.7236308327412426,0.0035378607031425436,0.0,3.7236308327412426,0.0,0.0,True,1,
0.435898,25,6.785448339462596,3.7236308327412426,0.005788255533105929,0.9169524783057562,3.684354923845744,24.999999999999943,5.684341886080802e-14,True,3,
0.435898,50,13.663784922511033,3.7236308327412426,0.0047075278536452365,1.8464574219609502,3.6593081846323043,50.0000000000001,-9.947598300641403e-14,True,5,
0.435898,75,20.475881908297676,3.7236308327412426,0.00296861144910466,2.767011068688875,3.662845895277755,75.00000000000018,-1.8474111129762605e-13,True,5,
0.435898,100,27.418098227607906,3.7236308327412426,0.0027866578708795175,3.7051484091362035,3.6472259735107313,100.0000000000001,-9.947598300641403e-14,True,5,
0.435898,125,34.98036227731818,3.7236308327412426,0.004293760193853557,4.727075983421376,3.5734335456283173,125.00000000000014,-1.4210854715202004e-13,True,7,
0.435898,150,43.87200265170076,3.7236308327412426,0.006942784050395063,5.928649006986589,3.4190369924721247,150.00000000000006,-5.684341886080802e-14,True,9,
0.435898,175,54.09369770923773,3.7236308327412426,0.009030691567945583,7.30995914989699,3.235127332959432,175.0,0.0,True,8,
0.435898,200,62.339229892582985,3.7236308327412426,0.008267316995063218,8.424220255754458,3.2082526579911383,200.0,0.0,True,17,
0.435898,225,,3.7236308327412426,0.0059116320834631305,9.148875947635188,,,,False,50,Failed to converge after 50 iterations
0.435898,250,,3.7236308327412426,-0.015828607771243133,7.36603534089122,,,,False,50,Failed to converge after 50 iterations
0.435898,275,,3.7236308327412426,-0.038028111940765066,6.644031971795387,,,,False,50,Failed to converge after 50 iterations
0.435898,300,,3.7236308327412426,-0.038063526792756174,7.087534963760688,,,,False,50,Failed to converge after 50 iterations
0.435898,325,,3.7236308327412426,-0.04738482736587363,7.077571881566054,,,,False,50,Failed to converge after 50 iterations
0.435898,350,,3.7236308327412426,-0.20479869942441511,4.4914625867520215,,,,False,50,Failed to converge after 50 iterations
0.435898,375,,3.7236308327412426,-0.21262848416552305,4.613871491614562,,,,False,50,Failed to converge after 50 iterations
0.435898,400,,3.7236308327412426,-0.22442304403616053,4.693140431095029,,,,False,50,Failed to converge after 50 iterations
0.435898,425,,3.7236308327412426,-0.2781777179941078,4.454467735143859,,,,False,50,Failed to converge after 50 iterations
0.435898,450,,3.7236308327412426,-0.3454299507416199,4.203194657561552,,,,False,50,Failed to converge after 50 iterations
0.435898,475,,3.7236308327412426,-0.42559148590491613,3.961964950363577,,,,False,50,Failed to converge after 50 iterations
0.435898,500,,3.7236308327412426,-0.5224525795754177,3.7265924877557803,,,,False,50,Failed to converge after 50 iterations
0.435898,525,,3.7236308327412426,-0.6423004745424408,3.491576186325452,,,,False,50,Failed to converge after 50 iterations
0.435898,550,,3.7236308327412426,-0.7966936282101069,3.248833390558192,,,,False,50,Failed to converge after 50 iterations
0.435898,575,,3.7236308327412426,-1.0122113002690403,2.9818366637971394,,,,False,50,Failed to converge after 50 iterations
0.435898,600,,3.7236308327412426,0.00578960460891815,1.0,,,,False,1,No solution exists for discriminant 
0.435898,625,,3.7236308327412426,0.00578960460891815,1.0,,,,False,1,No solution exists for discriminant 
0.435898,650,,3.7236308327412426,0.00578960460891815,1.0,,,,False,1,No solution exists for discriminant 
0.435898,675,,3.7236308327412426,0.00578960460891815,1.0,,,,False,1,No solution exists for discriminant 
0.435898,700,,3.7236308327412426,0.00578960460891815,1.0,,,,False,1,No solution exists for discriminant 
0.435898,725,,3.7236308327412426,0.00578960460891815,1.0,,,,False,1,No solution exists for discriminant 
0.435898,750,,3.7236308327412426,0.00578960460891815,1.0,,,,False,1,No solution exists for discriminant 
0.435898,775,,3.7236308327412426,0.00578960460891815,1.0,,,,False,1,No solution exists for discriminant 
0.435898,800,,3.7236308327412426,0.00578960460891815,1.0,,,,False,1,No solution exists for discriminant 
0.435898,825,,3.7236308327412426,0.00578960460891815,1.0,,,,False,1,No solution exists for discriminant 
0.435898,850,,3.7236308327412426,0.00578960460891815,1.0,,,,False,1,No solution exists for discriminant 
0.435898,875,,3.7236308327412426,0.00578960460891815,1.0,,,,False,1,No solution exists for discriminant 
0.435898,900,,3.7236308327412426,0.00578960460891815,1.0,,,,False,1,No solution exists for discriminant 
0.435898,925,,3.7236308327412426,0.00578960460891815,1.0,,,,False,1,No solution exists for discriminant 
0.435898,950,,3.7236308327412426,0.00578960460891815,1.0,,,,False,1,No solution exists for discriminant 
0.435898,975,,3.7236308327412426,0.00578960460891815,1.0,,,,False,1,No solution exists for discriminant 
0.435898,1000,,3.7236308327412426,0.00578960460891815,1.0,,,,False,1,No solution exists for discriminant 
0.435898,1025,,3.7236308327412426,0.00578960460891815,1.0,,,,False,1,No solution exists for discriminant 
0.435898,1050,,3.7236308327412426,0.00578960460891815,1.0,,,,False,1,No solution exists for discriminant 
0.435898,1075,,3.7236308327412426,0.00578960460891815,1.0,,,,False,1,No solution exists for discriminant 
0.435898,1100,,3.7236308327412426,0.00578960460891815,1.0,,,,False,1,No solution exists for discriminant 
0.435898,1125,,3.7236308327412426,0.00578960460891815,1.0,,,,False,1,No solution exists for discriminant 
0.435898,1150,,3.7236308327412426,0.00578960460891815,1.0,,,,False,1,No solution exists for discriminant 
0.435898,1175,,3.7236308327412426,0.00578960460891815,1.0,,,,False,1,No solution exists for discriminant 
0.435898,1200,,3.7236308327412426,0.00578960460891815,1.0,,,,False,1,No solution exists for discriminant 
0.435898,1225,,3.7236308327412426,0.00578960460891815,1.0,,,,False,1,No solution exists for discriminant 
0.435898,1250,,3.7236308327412426,0.00578960460891815,1.0,,,,False,1,No solution exists for discriminant 
0.435898,1275,,3.7236308327412426,0.00578960460891815,1.0,,,,False,1,No solution exists for discriminant 
0.435898,1300,,3.7236308327412426,0.00578960460891815,1.0,,,,False,1,No solution exists for discriminant 
0.435898,1325,,3.7236308327412426,0.00578960460891815,1.0,,,,False,1,No solution exists for discriminant 
0.435898,1350,,3.7236308327412426,0.00578960460891815,1.0,,,,False,1,No solution exists for discriminant 
0.435898,1375,,3.7236308327412426,0.00578960460891815,1.0,,,,False,1,No solution exists for discriminant 
0.435898,1400,,3.7236308327412426,0.00578960460891815,1.0,,,,False,1,No solution exists for discriminant 
0.435898,1425,,3.7236308327412426,0.00578960460891815,1.0,,,,False,1,No solution exists for discriminant 
0.435898,1450,,3.7236308327412426,0.00578960460891815,1.0,,,,False,1,No solution exists for discriminant 
0.435898,1475,,3.7236308327412426,0.00578960460891815,1.0,,,,False,1,No solution exists for discriminant 
0.435898,1500,,3.7236308327412426,0.00578960460891815,1.0,,,,False,1,No solution exists for discriminant 
0.435898,1525,,3.7236308327412426,0.00578960460891815,1.0,,,,False,1,No solution exists for discriminant 
0.461539,-100,-25.925925925925927,3.7478410817450802,0.002726901723161876,3.538272796989449,3.8185385338270548,-98.99914717329402,-1.0008528267059802,True,5,
0.461539,-75,-19.684372427151693,3.7478410817450802,0.003164338021378713,2.660050327993472,3.8101290898432953,-74.99999999999994,-5.684341886080802e-14,True,5,
0.461539,-50,-13.115482965469516,3.7478410817450802,0.004913814173170091,1.7723625629012858,3.8122881278287752,-49.99999999999997,-2.842170943040401e-14,True,4,
0.461539,-25,-6.602449805198692,3.7478410817450802,0.005851196789298227,0.8922229466484718,3.7864733148467615,-25.000000000000046,4.618527782440651e-14,True,3,
0.461539,0,0.0,3.7478410817450802,0.003591125893557528,0.0,3.7478410817450802,0.0,0.0,True,1,
0.461539,25,6.741514978332595,3.7478410817450802,0.0058556294505913075,0.9110155376125127,3.7083652680963537,24.999999999999936,6.394884621840902e-14,True,3,
0.461539,50,13.57657757177027,3.7478410817450802,0.004789705986778324,1.8346726448338202,3.682813266869612,49.99999999999998,2.1316282072803006e-14,True,5,
0.461539,75,20.346860621638726,3.7478410817450802,0.0030357876792137715,2.749575759680909,3.6860723329592293,75.00000000000013,-1.2789769243681803e-13,True,5,
0.461539,100,27.238776081044993,3.7478410817450802,0.002812320801846224,3.6809156866277015,3.671236905155526,99.99999999999999,1.4210854715202004e-14,True,5,
0.461539,125,34.73127759055864,3.7478410817450802,0.004283738113587439,4.693415890616032,3.599061384196819,124.99999999999994,5.684341886080802e-14,True,7,
0.461539,150,43.52051502803403,3.7478410817450802,0.006920660146589906,5.881150679464058,3.446650387831498,150.00000000000003,-2.842170943040401e-14,True,9,
0.461539,175,53.691599965683146,3.7478410817450802,0.009097992964887155,7.255621616984208,3.2593552829837593,175.0,0.0,True,8,
0.461539,200,62.03680166477714,3.7478410817450802,0.008445765078566547,8.383351576321234,3.2238928286587463,199.99999999999997,2.842170943040401e-14,True,16,
0.461539,225,,3.7478410817450802,0.006120109589246125,9.117249875753991,,,,False,50,Failed to converge after 50 iterations
0.461539,250,,3.7478410817450802,-0.01481312721911435,7.408773769641807,,,,False,50,Failed to converge after 50 iterations
0.461539,275,,3.7478410817450802,-0.03695198187293762,6.669839058863867,,,,False,50,Failed to converge after 50 iterations
0.461539,300,,3.7478410817450802,-0.03759785197522189,7.087731555904012,,,,False,50,Failed to converge after 50 iterations
0.461539,325,,3.7478410817450802,-0.045977467033018964,7.118413640049326,,,,False,50,Failed to converge after 50 iterations
0.461539,350,,3.7478410817450802,-0.19646724728409787,4.558600878293007,,,,False,50,Failed to converge after 50 iterations
0.461539,375,,3.7478410817450802,-0.2197181672819328,4.547977662372864,,,,False,50,Failed to converge after 50 iterations
0.461539,400,,3.7478410817450802,-0.22276602976860305,4.701274536260897,,,,False,50,Failed to converge after 50 iterations
0.461539,425,,3.7478410817450802,-0.2746062081489829,4.473497743915678,,,,False,50,Failed to converge after 50 iterations
0.461539,450,,3.7478410817450802,-0.3409499792017194,4.222546914220932,,,,False,50,Failed to converge after 50 iterations
0.461539,475,,3.7478410817450802,-0.41996961843257413,3.9815577005210763,,,,False,50,Failed to converge after 50 iterations
0.461539,500,,3.7478410817450802,-0.5152594201500749,3.746720922790305,,,,False,50,Failed to converge after 50 iterations
0.461539,525,,3.7478410817450802,-0.6328110659937026,3.512687040144744,,,,False,50,Failed to converge after 50 iterations
0.461539,550,,3.7478410817450802,-0.7834895396560186,3.2717599366849686,,,,False,50,Failed to converge after 50 iterations
0.461539,575,,3.7478410817450802,-0.991616125898814,3.008728022345179,,,,False,50,Failed to converge after 50 iterations
0.461539,600,,3.7478410817450802,0.0058579073034549555,1.0,,,,False,1,No solution exists for discriminant 
0.461539,625,,3.7478410817450802,0.0058579073034549555,1.0,,,,False,1,No solution exists for discriminant 
0.461539,650,,3.7478410817450802,0.0058579073034549555,1.0,,,,False,1,No solution exists for discriminant 
0.461539,675,,3.7478410817450802,0.0058579073034549555,1.0,,,,False,1,No solution exists for discriminant 
0.461539,700,,3.7478410817450802,0.0058579073034549555,1.0,,,,False,1,No solution exists for discriminant 
0.461539,725,,3.7478410817450802,0.0058579073034549555,1.0,,,,False,1,No solution exists for discriminant 
0.461539,750,,3.7478410817450802,0.0058579073034549555,1.0,,,,False,1,No solution exists for discriminant 
0.461539,775,,3.7478410817450802,0.0058579073034549555,1.0,,,,False,1,No solution exists for discriminant 
0.461539,800,,3.7478410817450802,0.0058579073034549555,1.0,,,,False,1,No solution exists for discriminant 
0.461539,825,,3.7478410817450802,0.0058579073034549555,1.0,,,,False,1,No solution exists for discriminant 
0.461539,850,,3.7478410817450802,0.0058579073034549555,1.0,,,,False,1,No solution exists for discriminant 
0.461539,875,,3.7478410817450802,0.0058579073034549555,1.0,,,,False,1,No solution exists for discriminant 
0.461539,900,,3.7478410817450802,0.0058579073034549555,1.0,,,,False,1,No solution exists for discriminant 
0.461539,925,,3.7478410817450802,0.0058579073034549555,1.0,,,,False,1,No solution exists for discriminant 
0.461539,950,,3.7478410817450802,0.0058579073034549555,1.0,,,,False,1,No solution exists for discriminant 
0.461539,975,,3.7478410817450802,0.0058579073034549555,1.0,,,,False,1,No solution exists for discriminant 
0.461539,1000,,3.7478410817450802,0.0058579073034549555,1.0,,,,False,1,No solution exists for discriminant 
0.461539,1025,,3.7478410817450802,0.0058579073034549555,1.0,,,,False,1,No solution exists for discriminant 
0.461539,1050,,3.7478410817450802,0.0058579073034549555,1.0,,,,False,1,No solution exists for discriminant 
0.461539,1075,,3.7478410817450802,0.0058579073034549555,1.0,,,,False,1,No solution exists for discriminant 
0.461539,1100,,3.7478410817450802,0.0058579073034549555,1.0,,,,False,1,No solution exists for discriminant 
0.461539,1125,,3.7478410817450802,0.0058579073034549555,1.0,,,,False,1,No solution exists for discriminant 
0.461539,1150,,3.7478410817450802,0.0058579073034549555,1.0,,,,False,1,No solution exists for discriminant 
0.461539,1175,,3.7478410817450802,0.0058579073034549555,1.0,,,,False,1,No solution exists for discriminant 
0.461539,1200,,3.7478410817450802,0.0058579073034549555,1.0,,,,False,1,No solution exists for discriminant 
0.461539,1225,,3.7478410817450802,0.0058579073034549555,1.0,,,,False,1,No solution exists for discriminant 
0.461539,1250,,3.7478410817450802,0.0058579073034549555,1.0,,,,False,1,No solution exists for discriminant 
0.461539,1275,,3.7478410817450802,0.0058579073034549555,1.0,,,,False,1,No solution exists for discriminant 
0.461539,1300,,3.7478410817450802,0.0058579073034549555,1.0,,,,False,1,No solution exists for discriminant 
0.461539,1325,,3.7478410817450802,0.0058579073034549555,1.0,,,,False,1,No solution exists for discriminant 
0.461539,1350,,3.7478410817450802,0.0058579073034549555,1.0,,,,False,1,No solution exists for discriminant 
0.461539,1375,,3.7478410817450802,0.0058579073034549555,1.0,,,,False,1,No solution exists for discriminant 
0.461539,1400,,3.7478410817450802,0.0058579073034549555,1.0,,,,False,1,No solution exists for discriminant 
0.461539,1425,,3.7478410817450802,0.0058579073034549555,1.0,,,,False,1,No solution exists for discriminant 
0.461539,1450,,3.7478410817450802,0.0058579073034549555,1.0,,,,False,1,No solution exists for discriminant 
0.461539,1475,,3.7478410817450802,0.0058579073034549555,1.0,,,,False,1,No solution exists for discriminant 
0.461539,1500,,3.7478410817450802,0.0058579073034549555,1.0,,,,False,1,No solution exists for discriminant 
0.461539,1525,,3.7478410817450802,0.0058579073034549555,1.0,,,,False,1,No solution exists for discriminant 
0.48718,-100,-25.925925925925927,3.771959245530401,0.0027504554820874214,3.515921132904429,3.8432673506215567,-99.64026464574407,-0.35973535425593184,True,5,
0.48718,-75,-19.556403748940742,3.771959245530401,0.0032266508655817393,2.6427572633703704,3.835060932614587,-75.00000000000009,8.526512829121202e-14,True,5,
0.48718,-50,-13.031103248050712,3.771959245530401,0.004989172374875945,1.7609598983852313,3.836973665869732,-50.000000000000114,1.1368683772161603e-13,True,4,
0.48718,-25,-6.5603534223603726,3.771959245530401,0.005916001030092379,0.8865342462649152,3.810770303134855,-25.00000000000002,2.1316282072803006e-14,True,3,
0.48718,0,0.0,3.771959245530401,0.003645029320644707,0.0,3.771959245530401,0.0,0.0,True,1,
0.48718,25,6.6982816635251545,3.771959245530401,0.005920734273143353,0.9051731977736694,3.7323004997140004,25.00000000000006,-6.039613253960852e-14,True,3,
0.48718,50,13.49043336175163,3.771959245530401,0.004864861398092054,1.8230315353718418,3.7063301570252825,50.00000000000003,-2.842170943040401e-14,True,5,
0.48718,75,20.218854918447313,3.771959245530401,0.0030936650315093106,2.7322776916820692,3.709408881092041,74.99999999999996,4.263256414560601e-14,True,5,
0.48718,100,27.060877419921923,3.771959245530401,0.002830195278597715,3.656875327016476,3.695371678021827,99.99999999999984,1.5631940186722204e-13,True,5,
0.48718,125,34.486194495447705,3.771959245530401,0.004271866120155323,4.6602965534388785,3.624638839652211,125.00000000000003,-2.842170943040401e-14,True,7,
0.48718,150,43.180783483206774,3.771959245530401,0.006905659751275501,5.835241011244158,3.4737674470018782,150.00000000000006,-5.684341886080802e-14,True,9,
0.48718,175,53.306548840053274,3.771959245530401,0.00917449270456634,7.20358768108828,3.282898702091723,174.99999999999991,8.526512829121202e-14,True,8,
0.48718,200,61.74480693461655,3.771959245530401,0.008629396857782736,8.343892829002236,3.2391388025844194,200.0,0.0,True,16,
0.48718,225,,3.771959245530401,0.0063289730307315925,9.08593706509474,,,,False,50,Failed to converge after 50 iterations
0.48718,250,,3.771959245530401,-0.013934003442917672,7.442413512306264,,,,False,50,Failed to converge after 50 iterations
0.48718,275,,3.771959245530401,-0.035986422600335966,6.6912578129541895,,,,False,50,Failed to converge after 50 iterations
0.48718,300,,3.771959245530401,-0.03676901061392677,7.105700885547127,,,,False,50,Failed to converge after 50 iterations
0.48718,325,,3.771959245530401,-0.04444880747905689,7.165816734577956,,,,False,50,Failed to converge after 50 iterations
0.48718,350,,3.771959245530401,-0.18442516153847724,4.665072319595312,,,,False,50,Failed to converge after 50 iterations
0.48718,375,,3.771959245530401,-0.23082472208781704,4.4534640949143425,,,,False,50,Failed to converge after 50 iterations
0.48718,400,,3.771959245530401,-0.22210777511999205,4.700976728904998,,,,False,50,Failed to converge after 50 iterations
0.48718,425,,3.771959245530401,-0.2714751512014283,4.489834289413977,,,,False,50,Failed to converge after 50 iterations
0.48718,450,,3.771959245530401,-0.3369469741843643,4.239687700797807,,,,False,50,Failed to converge after 50 iterations
0.48718,475,,3.771959245530401,-0.41490081003129536,3.9991915847860784,,,,False,50,Failed to converge after 50 iterations
0.48718,500,,3.771959245530401,-0.5087156512963351,3.7651110168576247,,,,False,50,Failed to converge after 50 iterations
0.48718,525,,3.771959245530401,-0.6241048197139855,3.5322483320158304,,,,False,50,Failed to converge after 50 iterations
0.48718,550,,3.771959245530401,-0.771292646829289,3.2932727800846804,,,,False,50,Failed to converge after 50 iterations
0.48718,575,,3.771959245530401,-0.9725923231283023,3.0341556375865855,,,,False,50,Failed to converge after 50 iterations
0.48718,600,,3.771959245530401,-1.3044036619841142,2.7094562882308795,,,,False,50,Failed to converge after 50 iterations
0.48718,625,,3.771959245530401,0.005923580578965423,1.0,,,,False,1,No solution exists for discriminant 
0.48718,650,,3.771959245530401,0.005923580578965423,1.0,,,,False,1,No solution exists for discriminant 
0.48718,675,,3.771959245530401,0.005923580578965423,1.0,,,,False,1,No solution exists for discriminant 
0.48718,700,,3.771959245530401,0.005923580578965423,1.0,,,,False,1,No solution exists for discriminant 
0.48718,725,,3.771959245530401,0.005923580578965423,1.0,,,,False,1,No solution exists for discriminant 
0.48718,750,,3.771959245530401,0.005923580578965423,1.0,,,,False,1,No solution exists for discriminant 
0.48718,775,,3.771959245530401,0.005923580578965423,1.0,,,,False,1,No solution exists for discriminant 
0.48718,800,,3.771959245530401,0.005923580578965423,1.0,,,,False,1,No solution exists for discriminant 
0.48718,825,,3.771959245530401,0.005923580578965423,1.0,,,,False,1,No solution exists for discriminant 
0.48718,850,,3.771959245530401,0.005923580578965423,1.0,,,,False,1,No solution exists for discriminant 
0.48718,875,,3.771959245530401,0.005923580578965423,1.0,,,,False,1,No solution exists for discriminant 
0.48718,900,,3.771959245530401,0.005923580578965423,1.0,,,,False,1,No solution exists for discriminant 
0.48718,925,,3.771959245530401,0.005923580578965423,1.0,,,,False,1,No solution exists for discriminant 
0.48718,950,,3.771959245530401,0.005923580578965423,1.0,,,,False,1,No solution exists for discriminant 
0.48718,975,,3.771959245530401,0.005923580578965423,1.0,,,,False,1,No solution exists for discriminant 
0.48718,1000,,3.771959245530401,0.005923580578965423,1.0,,,,False,1,No solution exists for discriminant 
0.48718,1025,,3.771959245530401,0.005923580578965423,1.0,,,,False,1,No solution exists for discriminant 
0.48718,1050,,3.771959245530401,0.005923580578965423,1.0,,,,False,1,No solution exists for discriminant 
0.48718,1075,,3.771959245530401,0.005923580578965423,1.0,,,,False,1,No solution exists for discriminant 
0.48718,1100,,3.771959245530401,0.005923580578965423,1.0,,,,False,1,No solution exists for discriminant 
0.48718,1125,,3.771959245530401,0.005923580578965423,1.0,,,,False,1,No solution exists for discriminant 
0.48718,1150,,3.771959245530401,0.005923580578965423,1.0,,,,False,1,No solution exists for discriminant 
0.48718,1175,,3.771959245530401,0.005923580578965423,1.0,,,,False,1,No solution exists for discriminant 
0.48718,1200,,3.771959245530401,0.005923580578965423,1.0,,,,False,1,No solution exists for discriminant 
0.48718,1225,,3.771959245530401,0.005923580578965423,1.0,,,,False,1,No solution exists for discriminant 
0.48718,1250,,3.771959245530401,0.005923580578965423,1.0,,,,False,1,No solution exists for discriminant 
0.48718,1275,,3.771959245530401,0.005923580578965423,1.0,,,,False,1,No solution exists for discriminant 
0.48718,1300,,3.771959245530401,0.005923580578965423,1.0,,,,False,1,No solution exists for discriminant 
0.48718,1325,,3.771959245530401,0.005923580578965423,1.0,,,,False,1,No solution exists for discriminant 
0.48718,1350,,3.771959245530401,0.005923580578965423,1.0,,,,False,1,No solution exists for discriminant 
0.48718,1375,,3.771959245530401,0.005923580578965423,1.0,,,,False,1,No solution exists for discriminant 
0.48718,1400,,3.771959245530401,0.005923580578965423,1.0,,,,False,1,No solution exists for discriminant 
0.48718,1425,,3.771959245530401,0.005923580578965423,1.0,,,,False,1,No solution exists for discriminant 
0.48718,1450,,3.771959245530401,0.005923580578965423,1.0,,,,False,1,No solution exists for discriminant 
0.48718,1475,,3.771959245530401,0.005923580578965423,1.0,,,,False,1,No solution exists for discriminant 
0.48718,1500,,3.771959245530401,0.005923580578965423,1.0,,,,False,1,No solution exists for discriminant 
0.48718,1525,,3.771959245530401,0.005923580578965423,1.0,,,,False,1,No solution exists for discriminant 
0.5128210000000001,-100,-25.86346334525469,3.7949538820504456,0.0027646846687695566,3.4950626142236065,3.8664582026423546,-99.99999999999987,-1.2789769243681803e-13,True,5,
0.5128210000000001,-75,-19.43688302126312,3.7949538820504456,0.0032767341343495114,2.6266058136842054,3.8586433801115767,-75.00000000000004,4.263256414560601e-14,True,5,
0.5128210000000001,-50,-12.95194195746359,3.7949538820504456,0.005054923590295193,1.750262426684269,3.8604249589913624,-49.999999999999886,-1.1368683772161603e-13,True,4,
0.5128210000000001,-25,-6.520733664856978,3.7949538820504456,0.005976403076193128,0.8811802249806727,3.833924414784133,-24.999999999999986,-1.4210854715202004e-14,True,3,
0.5128210000000001,0,0.0,3.7949538820504456,0.0036971108638651252,0.0,3.7949538820504456,0.0,0.0,True,1,
0.5128210000000001,25,6.657554113636281,3.7949538820504456,0.005981334033091637,0.8996694748157136,3.7551328270534037,25.000000000000025,-2.4868995751603507e-14,True,3,
0.5128210000000001,50,13.408981590773292,3.7949538820504456,0.00493027174992596,1.812024539293688,3.728843958918179,50.000000000000064,-6.394884621840902e-14,True,5,
0.5128210000000001,75,20.097260741375344,3.7949538820504456,0.0031398316826448903,2.7158460461318032,3.7318518660402997,75.00000000000003,-2.842170943040401e-14,True,5,
0.5128210000000001,100,26.89185491866632,3.7949538820504456,0.0028393654813748,3.6340344484684213,3.7185980774642453,99.99999999999999,1.4210854715202004e-14,True,5,
0.5128210000000001,125,34.25527158486216,3.7949538820504456,0.004258628979462803,4.629090754711102,3.649073389779783,125.00000000000004,-4.263256414560601e-14,True,7,
0.5128210000000001,150,42.86688150744922,3.7949538820504456,0.006899242820429521,5.792821825330976,3.4992048575759735,150.0,0.0,True,9,
0.5128210000000001,175,52.95687632409045,3.7949538820504456,0.009259955300135686,7.156334638390601,3.304575574454554,174.99999999999997,2.842170943040401e-14,True,9,
0.5128210000000001,200,61.478772472762195,3.7949538820504456,0.00881277343243653,8.307942226048945,3.253155389343677,200.00000000000003,-2.842170943040401e-14,True,15,
0.5128210000000001,225,,3.7949538820504456,0.006532818525675938,9.05701245423416,,,,False,50,Failed to converge after 50 iterations
0.5128210000000001,250,,3.7949538820504456,-0.013239335007816717,7.464028953728247,,,,False,50,Failed to converge after 50 iterations
0.5128210000000001,275,,3.7949538820504456,-0.03520837190336577,6.705522067743485,,,,False,50,Failed to converge after 50 iterations
0.5128210000000001,300,,3.7949538820504456,-0.0355897469100348,7.142431301220213,,,,False,50,Failed to converge after 50 iterations
0.5128210000000001,325,,3.7949538820504456,-0.042852246317678915,7.218697210937846,,,,False,50,Failed to converge after 50 iterations
0.5128210000000001,350,,3.7949538820504456,-0.16545128456763378,4.855883624791025,,,,False,50,Failed to converge after 50 iterations
0.5128210000000001,375,,3.7949538820504456,-0.24667795293883232,4.330967483767413,,,,False,50,Failed to converge after 50 iterations
0.5128210000000001,400,,3.7949538820504456,-0.22284734426039585,4.689096866637408,,,,False,50,Failed to converge after 50 iterations
0.5128210000000001,425,,3.7949538820504456,-0.26896874396680875,4.502310780483242,,,,False,50,Failed to converge after 50 iterations
0.5128210000000001,450,,3.7949538820504456,-0.33363527199669024,4.253539111275993,,,,False,50,Failed to converge after 50 iterations
0.5128210000000001,475,,3.7949538820504456,-0.41065588905434364,4.013774383403629,,,,False,50,Failed to converge after 50 iterations
0.5128210000000001,500,,3.7949538820504456,-0.5031703118763478,3.7806370498127904,,,,False,50,Failed to converge after 50 iterations
0.5128210000000001,525,,3.7949538820504456,-0.6166444125711319,3.5490750484457636,,,,False,50,Failed to converge after 50 iterations
0.5128210000000001,550,,3.7949538820504456,-0.7607441357938137,3.312083790789773,,,,False,50,Failed to converge after 50 iterations
0.5128210000000001,575,,3.7949538820504456,-0.9560929040814915,3.0566402595190247,,,,False,50,Failed to converge after 50 iterations
0.5128210000000001,600,,3.7949538820504456,-1.2693991499971875,2.7428909064427303,,,,False,50,Failed to converge after 50 iterations
0.5128210000000001,625,,3.7949538820504456,0.005984288385853529,1.0,,,,False,1,No solution exists for discriminant 
0.5128210000000001,650,,3.7949538820504456,0.005984288385853529,1.0,,,,False,1,No solution exists for discriminant 
0.5128210000000001,675,,3.7949538820504456,0.005984288385853529,1.0,,,,False,1,No solution exists for discriminant 
0.5128210000000001,700,,3.7949538820504456,0.005984288385853529,1.0,,,,False,1,No solution exists for discriminant 
0.5128210000000001,725,,3.7949538820504456,0.005984288385853529,1.0,,,,False,1,No solution exists for discriminant 
0.5128210000000001,750,,3.7949538820504456,0.005984288385853529,1.0,,,,False,1,No solution exists for discriminant 
0.5128210000000001,775,,3.7949538820504456,0.005984288385853529,1.0,,,,False,1,No solution exists for discriminant 
0.5128210000000001,800,,3.7949538820504456,0.005984288385853529,1.0,,,,False,1,No solution exists for discriminant 
0.5128210000000001,825,,3.7949538820504456,0.005984288385853529,1.0,,,,False,1,No solution exists for discriminant 
0.5128210000000001,850,,3.7949538820504456,0.005984288385853529,1.0,,,,False,1,No solution exists for discriminant 
0.5128210000000001,875,,3.7949538820504456,0.005984288385853529,1.0,,,,False,1,No solution exists for discriminant 
0.5128210000000001,900,,3.7949538820504456,0.005984288385853529,1.0,,,,False,1,No solution exists for discriminant 
0.5128210000000001,925,,3.7949538820504456,0.005984288385853529,1.0,,,,False,1,No solution exists for discriminant 
0.5128210000000001,950,,3.7949538820504456,0.005984288385853529,1.0,,,,False,1,No solution exists for discriminant 
0.5128210000000001,975,,3.7949538820504456,0.005984288385853529,1.0,,,,False,1,No solution exists for discriminant 
0.5128210000000001,1000,,3.7949538820504456,0.005984288385853529,1.0,,,,False,1,No solution exists for discriminant 
0.5128210000000001,1025,,3.7949538820504456,0.005984288385853529,1.0,,,,False,1,No solution exists for discriminant 
0.5128210000000001,1050,,3.7949538820504456,0.005984288385853529,1.0,,,,False,1,No solution exists for discriminant 
0.5128210000000001,1075,,3.7949538820504456,0.005984288385853529,1.0,,,,False,1,No solution exists for discriminant 
0.5128210000000001,1100,,3.7949538820504456,0.005984288385853529,1.0,,,,False,1,No solution exists for discriminant 
0.5128210000000001,1125,,3.7949538820504456,0.005984288385853529,1.0,,,,False,1,No solution exists for discriminant 
0.5128210000000001,1150,,3.7949538820504456,0.005984288385853529,1.0,,,,False,1,No solution exists for discriminant 
0.5128210000000001,1175,,3.7949538820504456,0.005984288385853529,1.0,,,,False,1,No solution exists for discriminant 
0.5128210000000001,1200,,3.7949538820504456,0.005984288385853529,1.0,,,,False,1,No solution exists for discriminant 
0.5128210000000001,1225,,3.7949538820504456,0.005984288385853529,1.0,,,,False,1,No solution exists for discriminant 
0.5128210000000001,1250,,3.7949538820504456,0.005984288385853529,1.0,,,,False,1,No solution exists for discriminant 
0.5128210000000001,1275,,3.7949538820504456,0.005984288385853529,1.0,,,,False,1,No solution exists for discriminant 
0.5128210000000001,1300,,3.7949538820504456,0.005984288385853529,1.0,,,,False,1,No solution exists for discriminant 
0.5128210000000001,1325,,3.7949538820504456,0.005984288385853529,1.0,,,,False,1,No solution exists for discriminant 
0.5128210000000001,1350,,3.7949538820504456,0.005984288385853529,1.0,,,,False,1,No solution exists for discriminant 
0.5128210000000001,1375,,3.7949538820504456,0.005984288385853529,1.0,,,,False,1,No solution exists for discriminant 
0.5128210000000001,1400,,3.7949538820504456,0.005984288385853529,1.0,,,,False,1,No solution exists for discriminant 
0.5128210000000001,1425,,3.7949538820504456,0.005984288385853529,1.0,,,,False,1,No solution exists for discriminant 
0.5128210000000001,1450,,3.7949538820504456,0.005984288385853529,1.0,,,,False,1,No solution exists for discriminant 
0.5128210000000001,1475,,3.7949538820504456,0.005984288385853529,1.0,,,,False,1,No solution exists for discriminant 
0.5128210000000001,1500,,3.7949538820504456,0.005984288385853529,1.0,,,,False,1,No solution exists for discriminant 
0.5128210000000001,1525,,3.7949538820504456,0.005984288385853529,1.0,,,,False,1,No solution exists for discriminant 
0.538462,-100,-25.724686918083712,3.8160478287052735,0.0027704389509081834,3.476309042984285,3.887316503343051,-99.9999999999999,-9.947598300641403e-14,True,5,
0.538462,-75,-19.32931795232004,3.8160478287052735,0.0033145704286159173,2.612069993556762,3.8801162143953483,-75.00000000000007,7.105427357601002e-14,True,5,
0.538462,-50,-12.880364576972605,3.8160478287052735,0.005110870069643433,1.7405898076990005,3.881877698507818,-50.00000000000004,4.263256414560601e-14,True,4,
0.538462,-25,-6.484805967796341,3.8160478287052735,0.006032198077749117,0.8763251307832893,3.855165462798791,-24.999999999999943,-5.684341886080802e-14,True,3,
0.538462,0,0.0,3.8160478287052735,0.0037465641863210267,0.0,3.8160478287052735,0.0,0.0,True,1,
0.538462,25,6.620626675050634,3.8160478287052735,0.006037229343919834,0.8946792804122478,3.7760775870675194,25.00000000000005,-4.973799150320701e-14,True,3,
0.538462,50,13.334882520156603,3.8160478287052735,0.0049856822345546335,1.8020111513725139,3.7495643418246556,50.0000000000001,-9.947598300641403e-14,True,5,
0.538462,75,19.98611074882312,3.8160478287052735,0.003174293643553724,2.700825776867989,3.7526060443959235,74.99999999999997,2.842170943040401e-14,True,5,
0.538462,100,26.73732388289687,3.8160478287052735,0.0028408879778746127,3.6131518760671444,3.740090086725812,99.99999999999987,1.2789769243681803e-13,True,5,
0.538462,125,34.04612542085956,3.8160478287052735,0.004245948456544503,4.600827759575616,3.671489735023254,125.00000000000014,-1.4210854715202004e-13,True,7,
0.538462,150,42.58927146940892,3.8160478287052735,0.006903946978501442,5.75530695532553,3.5220137566274703,150.00000000000006,-5.684341886080802e-14,True,9,
0.538462,175,52.657089475079644,3.8160478287052735,0.00935597999105312,7.115822902037789,3.3233891531893347,174.99999999999997,2.842170943040401e-14,True,9,
0.538462,200,61.25172229281201,3.8160478287052735,0.008992947470125195,8.27725976929892,3.265214307671319,200.00000000000006,-5.684341886080802e-14,True,14,
0.538462,225,,3.8160478287052735,0.00672604710664081,9.031716871236124,,,,False,50,Failed to converge after 50 iterations
0.538462,250,,3.8160478287052735,-0.012763480933710802,7.471439558550431,,,,False,50,Failed to converge after 50 iterations
0.538462,275,,3.8160478287052735,-0.03466187095944528,6.7110879070847025,,,,False,50,Failed to converge after 50 iterations
0.538462,300,,3.8160478287052735,-0.034118431136614225,7.196862143359813,,,,False,50,Failed to converge after 50 iterations
0.538462,325,,3.8160478287052735,-0.04123569568009969,7.275875251131826,,,,False,50,Failed to converge after 50 iterations
0.538462,350,,3.8160478287052735,-0.13792771266386544,5.189949521132183,,,,False,50,Failed to converge after 50 iterations
0.538462,375,,3.8160478287052735,-0.267396626916283,4.187428746824271,,,,False,50,Failed to converge after 50 iterations
0.538462,400,,3.8160478287052735,-0.22541314267989696,4.662499522400279,,,,False,50,Failed to converge after 50 iterations
0.538462,425,,3.8160478287052735,-0.2672446900157568,4.509873334347951,,,,False,50,Failed to converge after 50 iterations
0.538462,450,,3.8160478287052735,-0.33119971525920494,4.263112524824106,,,,False,50,Failed to converge after 50 iterations
0.538462,475,,3.8160478287052735,-0.4074752534989712,4.024272931598776,,,,False,50,Failed to converge after 50 iterations
0.538462,500,,3.8160478287052735,-0.4989420183067609,3.7922015696536655,,,,False,50,Failed to converge after 50 iterations
0.538462,525,,3.8160478287052735,-0.6108632391662854,3.561977961732562,,,,False,50,Failed to converge after 50 iterations
0.538462,550,,3.8160478287052735,-0.7524571416686942,3.326865721855201,,,,False,50,Failed to converge after 50 iterations
0.538462,575,,3.8160478287052735,-0.9430340591440288,3.0746304393634913,,,,False,50,Failed to converge after 50 iterations
0.538462,600,,3.8160478287052735,-1.2422371947052555,2.7695811298847053,,,,False,50,Failed to converge after 50 iterations
0.538462,625,,3.8160478287052735,0.00603978575091806,1.0,,,,False,1,No solution exists for discriminant 
0.538462,650,,3.8160478287052735,0.00603978575091806,1.0,,,,False,1,No solution exists for discriminant 
0.538462,675,,3.8160478287052735,0.00603978575091806,1.0,,,,False,1,No solution exists for discriminant 
0.538462,700,,3.8160478287052735,0.00603978575091806,1.0,,,,False,1,No solution exists for discriminant 
0.538462,725,,3.8160478287052735,0.00603978575091806,1.0,,,,False,1,No solution exists for discriminant 
0.538462,750,,3.8160478287052735,0.00603978575091806,1.0,,,,False,1,No solution exists for discriminant 
0.538462,775,,3.8160478287052735,0.00603978575091806,1.0,,,,False,1,No solution exists for discriminant 
0.538462,800,,3.8160478287052735,0.00603978575091806,1.0,,,,False,1,No solution exists for discriminant 
0.538462,825,,3.8160478287052735,0.00603978575091806,1.0,,,,False,1,No solution exists for discriminant 
0.538462,850,,3.8160478287052735,0.00603978575091806,1.0,,,,False,1,No solution exists for discriminant 
0.538462,875,,3.8160478287052735,0.00603978575091806,1.0,,,,False,1,No solution exists for discriminant 
0.538462,900,,3.8160478287052735,0.00603978575091806,1.0,,,,False,1,No solution exists for discriminant 
0.538462,925,,3.8160478287052735,0.00603978575091806,1.0,,,,False,1,No solution exists for discriminant 
0.538462,950,,3.8160478287052735,0.00603978575091806,1.0,,,,False,1,No solution exists for discriminant 
0.538462,975,,3.8160478287052735,0.00603978575091806,1.0,,,,False,1,No solution exists for discriminant 
0.538462,1000,,3.8160478287052735,0.00603978575091806,1.0,,,,False,1,No solution exists for discriminant 
0.538462,1025,,3.8160478287052735,0.00603978575091806,1.0,,,,False,1,No solution exists for discriminant 
0.538462,1050,,3.8160478287052735,0.00603978575091806,1.0,,,,False,1,No solution exists for discriminant 
0.538462,1075,,3.8160478287052735,0.00603978575091806,1.0,,,,False,1,No solution exists for discriminant 
0.538462,1100,,3.8160478287052735,0.00603978575091806,1.0,,,,False,1,No solution exists for discriminant 
0.538462,1125,,3.8160478287052735,0.00603978575091806,1.0,,,,False,1,No solution exists for discriminant 
0.538462,1150,,3.8160478287052735,0.00603978575091806,1.0,,,,False,1,No solution exists for discriminant 
0.538462,1175,,3.8160478287052735,0.00603978575091806,1.0,,,,False,1,No solution exists for discriminant 
0.538462,1200,,3.8160478287052735,0.00603978575091806,1.0,,,,False,1,No solution exists for discriminant 
0.538462,1225,,3.8160478287052735,0.00603978575091806,1.0,,,,False,1,No solution exists for discriminant 
0.538462,1250,,3.8160478287052735,0.00603978575091806,1.0,,,,False,1,No solution exists for discriminant 
0.538462,1275,,3.8160478287052735,0.00603978575091806,1.0,,,,False,1,No solution exists for discriminant 
0.538462,1300,,3.8160478287052735,0.00603978575091806,1.0,,,,False,1,No solution exists for discriminant 
0.538462,1325,,3.8160478287052735,0.00603978575091806,1.0,,,,False,1,No solution exists for discriminant 
0.538462,1350,,3.8160478287052735,0.00603978575091806,1.0,,,,False,1,No solution exists for discriminant 
0.538462,1375,,3.8160478287052735,0.00603978575091806,1.0,,,,False,1,No solution exists for discriminant 
0.538462,1400,,3.8160478287052735,0.00603978575091806,1.0,,,,False,1,No solution exists for discriminant 
0.538462,1425,,3.8160478287052735,0.00603978575091806,1.0,,,,False,1,No solution exists for discriminant 
0.538462,1450,,3.8160478287052735,0.00603978575091806,1.0,,,,False,1,No solution exists for discriminant 
0.538462,1475,,3.8160478287052735,0.00603978575091806,1.0,,,,False,1,No solution exists for discriminant 
0.538462,1500,,3.8160478287052735,0.00603978575091806,1.0,,,,False,1,No solution exists for discriminant 
0.538462,1525,,3.8160478287052735,0.00603978575091806,1.0,,,,False,1,No solution exists for discriminant 
0.564103,-100,-25.60304632119713,3.8348498279618917,0.0027705842003927423,3.4598711244860985,3.905785223581324,-99.99999999999993,-7.105427357601002e-14,True,5,
0.564103,-75,-19.234969349507278,3.8348498279618917,0.0033427957582871405,2.5993201823658483,3.899148401914208,-75.00000000000007,7.105427357601002e-14,True,5,
0.564103,-50,-12.817297252015695,3.8348498279618917,0.005159324315946411,1.7320671962183372,3.9009784213389294,-49.999999999999986,-1.4210854715202004e-14,True,4,
0.564103,-25,-6.453082245552738,3.8348498279618917,0.00608513075706684,0.8720381412909105,3.874117677212187,-24.99999999999998,-2.1316282072803006e-14,True,3,
0.564103,0,0.0,3.8348498279618917,0.0037942140064421955,0.0,3.8348498279618917,0.0,0.0,True,1,
0.564103,25,6.588088925086171,3.8348498279618917,0.006090182578602732,0.8902822871738069,3.7947271635640463,24.999999999999954,4.618527782440651e-14,True,3,
0.564103,50,13.269426984928517,3.8348498279618917,0.0050333450971591105,1.7931658087741238,3.768060222705191,50.000000000000014,-1.4210854715202004e-14,True,5,
0.564103,75,19.887472722523032,3.8348498279618917,0.0031995811005977163,2.6874963138544636,3.771218246100254,74.99999999999996,4.263256414560601e-14,True,5,
0.564103,100,26.600233266925272,3.8348498279618917,0.002837730724727791,3.5946261171520635,3.7593655287354117,99.99999999999982,1.8474111129762605e-13,True,5,
0.564103,125,33.86269936821484,3.8348498279618917,0.004236889665788482,4.576040455164168,3.691377306953,124.99999999999996,4.263256414560601e-14,True,7,
0.564103,150,42.35316093055882,3.8348498279618917,0.006922778163064195,5.7234001257511915,3.5416482903350754,149.99999999999997,2.842170943040401e-14,True,9,
0.564103,175,52.415213595186934,3.8348498279618917,0.009465277137678469,7.083136972322558,3.338725305052835,175.0,0.0,True,9,
0.564103,200,61.07160225359779,3.8348498279618917,0.009169652007129585,8.25291922345916,3.274844487778569,199.99999999999994,5.684341886080802e-14,True,14,
0.564103,225,,3.8348498279618917,0.006906660614348817,9.010846178880392,,,,False,50,Failed to converge after 50 iterations
0.564103,250,,3.8348498279618917,-0.012518834810185973,7.463885943660107,,,,False,50,Failed to converge after 50 iterations
0.564103,275,,3.8348498279618917,-0.03434993944370598,6.708021413763918,,,,False,50,Failed to converge after 50 iterations
0.564103,300,,3.8348498279618917,-0.03245366254949498,7.2656567850586695,,,,False,50,Failed to converge after 50 iterations
0.564103,325,,3.8348498279618917,-0.039643294342070375,7.3358421941915894,,,,False,50,Failed to converge after 50 iterations
0.564103,350,,3.8348498279618917,-0.10658647824003524,5.685368072279205,,,,False,50,Failed to converge after 50 iterations
0.564103,375,,3.8348498279618917,-0.29194585059189343,4.0363214296000764,,,,False,50,Failed to converge after 50 iterations
0.564103,400,,3.8348498279618917,-0.2302132884201829,4.618732509384928,,,,False,50,Failed to converge after 50 iterations
0.564103,425,,3.8348498279618917,-0.26640064805356545,4.511827119937456,,,,False,50,Failed to converge after 50 iterations
0.564103,450,,3.8348498279618917,-0.329756010731392,4.2677372083099545,,,,False,50,Failed to converge after 50 iterations
0.564103,475,,3.8348498279618917,-0.40551779774237656,4.029947781777765,,,,False,50,Failed to converge after 50 iterations
0.564103,500,,3.8348498279618917,-0.49625174405684136,3.798981164796162,,,,False,50,Failed to converge after 50 iterations
0.564103,525,,3.8348498279618917,-0.6070744453823529,3.5700269874198205,,,,False,50,Failed to converge after 50 iterations
0.564103,550,,3.8348498279618917,-0.7468884987277041,3.3365437107136504,,,,False,50,Failed to converge after 50 iterations
0.564103,575,,3.8348498279618917,-0.9341038770454436,3.0868414752002917,,,,False,50,Failed to converge after 50 iterations
0.564103,600,,3.8348498279618917,-1.2237828639164339,2.787959356446505,,,,False,50,Failed to converge after 50 iterations
0.564103,625,,3.8348498279618917,0.006091866944130618,1.0,,,,False,1,No solution exists for discriminant 
0.564103,650,,3.8348498279618917,0.006091866944130618,1.0,,,,False,1,No solution exists for discriminant 
0.564103,675,,3.8348498279618917,0.006091866944130618,1.0,,,,False,1,No solution exists for discriminant 
0.564103,700,,3.8348498279618917,0.006091866944130618,1.0,,,,False,1,No solution exists for discriminant 
0.564103,725,,3.8348498279618917,0.006091866944130618,1.0,,,,False,1,No solution exists for discriminant 
0.564103,750,,3.8348498279618917,0.006091866944130618,1.0,,,,False,1,No solution exists for discriminant 
0.564103,775,,3.8348498279618917,0.006091866944130618,1.0,,,,False,1,No solution exists for discriminant 
0.564103,800,,3.8348498279618917,0.006091866944130618,1.0,,,,False,1,No solution exists for discriminant 
0.564103,825,,3.8348498279618917,0.006091866944130618,1.0,,,,False,1,No solution exists for discriminant 
0.564103,850,,3.8348498279618917,0.006091866944130618,1.0,,,,False,1,No solution exists for discriminant 
0.564103,875,,3.8348498279618917,0.006091866944130618,1.0,,,,False,1,No solution exists for discriminant 
0.564103,900,,3.8348498279618917,0.006091866944130618,1.0,,,,False,1,No solution exists for discriminant 
0.564103,925,,3.8348498279618917,0.006091866944130618,1.0,,,,False,1,No solution exists for discriminant 
0.564103,950,,3.8348498279618917,0.006091866944130618,1.0,,,,False,1,No solution exists for discriminant 
0.564103,975,,3.8348498279618917,0.006091866944130618,1.0,,,,False,1,No solution exists for discriminant 
0.564103,1000,,3.8348498279618917,0.006091866944130618,1.0,,,,False,1,No solution exists for discriminant 
0.564103,1025,,3.8348498279618917,0.006091866944130618,1.0,,,,False,1,No solution exists for discriminant 
0.564103,1050,,3.8348498279618917,0.006091866944130618,1.0,,,,False,1,No solution exists for discriminant 
0.564103,1075,,3.8348498279618917,0.006091866944130618,1.0,,,,False,1,No solution exists for discriminant 
0.564103,1100,,3.8348498279618917,0.006091866944130618,1.0,,,,False,1,No solution exists for discriminant 
0.564103,1125,,3.8348498279618917,0.006091866944130618,1.0,,,,False,1,No solution exists for discriminant 
0.564103,1150,,3.8348498279618917,0.006091866944130618,1.0,,,,False,1,No solution exists for discriminant 
0.564103,1175,,3.8348498279618917,0.006091866944130618,1.0,,,,False,1,No solution exists for discriminant 
0.564103,1200,,3.8348498279618917,0.006091866944130618,1.0,,,,False,1,No solution exists for discriminant 
0.564103,1225,,3.8348498279618917,0.006091866944130618,1.0,,,,False,1,No solution exists for discriminant 
0.564103,1250,,3.8348498279618917,0.006091866944130618,1.0,,,,False,1,No solution exists for discriminant 
0.564103,1275,,3.8348498279618917,0.006091866944130618,1.0,,,,False,1,No solution exists for discriminant 
0.564103,1300,,3.8348498279618917,0.006091866944130618,1.0,,,,False,1,No solution exists for discriminant 
0.564103,1325,,3.8348498279618917,0.006091866944130618,1.0,,,,False,1,No solution exists for discriminant 
0.564103,1350,,3.8348498279618917,0.006091866944130618,1.0,,,,False,1,No solution exists for discriminant 
0.564103,1375,,3.8348498279618917,0.006091866944130618,1.0,,,,False,1,No solution exists for discriminant 
0.564103,1400,,3.8348498279618917,0.006091866944130618,1.0,,,,False,1,No solution exists for discriminant 
0.564103,1425,,3.8348498279618917,0.006091866944130618,1.0,,,,False,1,No solution exists for discriminant 
0.564103,1450,,3.8348498279618917,0.006091866944130618,1.0,,,,False,1,No solution exists for discriminant 
0.564103,1475,,3.8348498279618917,0.006091866944130618,1.0,,,,False,1,No solution exists for discriminant 
0.564103,1500,,3.8348498279618917,0.006091866944130618,1.0,,,,False,1,No solution exists for discriminant 
0.564103,1525,,3.8348498279618917,0.006091866944130618,1.0,,,,False,1,No solution exists for discriminant 
0.589744,-100,-25.49635695201208,3.851522070796853,0.002769293286800855,3.4454536421637942,3.9221289609419383,-99.9999999999999,-9.947598300641403e-14,True,5,
0.589744,-75,-19.152251729403066,3.851522070796853,0.0033660041402487815,2.5881421255950086,3.9159886294131105,-74.99999999999999,-1.4210854715202004e-14,True,5,
0.589744,-50,-12.761811826280558,3.851522070796853,0.005204347889958677,1.7245691657135889,3.9179389792470056,-50.000000000000014,1.4210854715202004e-14,True,4,
0.589744,-25,-6.425148204293419,3.851522070796853,0.00613818693807494,0.868263270850462,3.8909608315796422,-24.999999999999964,-3.552713678800501e-14,True,3,
0.589744,0,0.0,3.851522070796853,0.0038421930273597796,0.0,3.851522070796853,0.0,0.0,True,1,
0.589744,25,6.559570244755811,3.851522070796853,0.006143204595030699,0.8864284114534879,3.8112252887278424,25.00000000000003,-2.842170943040401e-14,True,2,
0.589744,50,13.211991077867253,3.851522070796853,0.005077291182358991,1.7854041997117909,3.784440944995792,49.99999999999992,7.815970093361102e-14,True,5,
0.589744,75,19.800609441140622,3.851522070796853,0.003220096324870187,2.6757580325865704,3.787762201105246,75.00000000000011,-1.1368683772161603e-13,True,5,
0.589744,100,26.47970330005936,3.851522070796853,0.002834046530161943,3.578338283791805,3.776477359539602,100.00000000000026,-2.5579538487363607e-13,True,5,
0.589744,125,33.70372415590552,3.851522070796853,0.004234935935445836,4.55455731836561,3.708788958210655,125.00000000000011,-1.1368683772161603e-13,True,7,
0.589744,150,42.156471898297625,3.851522070796853,0.006958588657868501,5.696820526796976,3.558172523589607,150.0,0.0,True,9,
0.589744,175,52.230078273456954,3.851522070796853,0.009591451881954571,7.058118685602291,3.3505597882462697,175.00000000000003,-2.842170943040401e-14,True,9,
0.589744,200,60.938787008221325,3.851522070796853,0.009346101762259293,8.234971217327205,3.281981966149372,200.00000000000003,-2.842170943040401e-14,True,14,
0.589744,225,,3.851522070796853,0.007077770304416866,8.99454195798716,,,,False,50,Failed to converge after 50 iterations
0.589744,250,,3.851522070796853,-0.012491311459577985,7.4422594517247385,,,,False,50,Failed to converge after 50 iterations
0.589744,275,,3.851522070796853,-0.03420860845874519,6.699081024405607,,,,False,50,Failed to converge after 50 iterations
0.589744,300,,3.851522070796853,-0.03069637999106646,7.344501497692135,,,,False,50,Failed to converge after 50 iterations
0.589744,325,,3.851522070796853,-0.038103533547302434,7.397157129066674,,,,False,50,Failed to converge after 50 iterations
0.589744,350,,3.851522070796853,-0.08086043849574956,6.236891051317681,,,,False,50,Failed to converge after 50 iterations
0.589744,375,,3.851522070796853,-0.31839743116128216,3.8917981057201803,,,,False,50,Failed to converge after 50 iterations
0.589744,400,,3.851522070796853,-0.2376422529379831,4.556201376919168,,,,False,50,Failed to converge after 50 iterations
0.589744,425,,3.851522070796853,-0.26644965447048174,4.508009230745317,,,,False,50,Failed to converge after 50 iterations
0.589744,450,,3.851522070796853,-0.32931499967192507,4.2672620474364615,,,,False,50,Failed to converge after 50 iterations
0.589744,475,,3.851522070796853,-0.4048112433910947,4.030580874258775,,,,False,50,Failed to converge after 50 iterations
0.589744,500,,3.851522070796853,-0.49515278338995883,3.8006857065625144,,,,False,50,Failed to converge after 50 iterations
0.589744,525,,3.851522070796853,-0.605370137962135,3.572850414684009,,,,False,50,Failed to converge after 50 iterations
0.589744,550,,3.851522070796853,-0.7441891217043166,3.3406485181839827,,,,False,50,Failed to converge after 50 iterations
0.589744,575,,3.851522070796853,-0.929530416369795,3.0926877117884146,,,,False,50,Failed to converge after 50 iterations
0.589744,600,,3.851522070796853,-1.2140924644947402,2.797414695306556,,,,False,50,Failed to converge after 50 iterations
0.589744,625,,3.851522070796853,0.006143634071646049,1.0,,,,False,1,No solution exists for discriminant 
0.589744,650,,3.851522070796853,0.006143634071646049,1.0,,,,False,1,No solution exists for discriminant 
0.589744,675,,3.851522070796853,0.006143634071646049,1.0,,,,False,1,No solution exists for discriminant 
0.589744,700,,3.851522070796853,0.006143634071646049,1.0,,,,False,1,No solution exists for discriminant 
0.589744,725,,3.851522070796853,0.006143634071646049,1.0,,,,False,1,No solution exists for discriminant 
0.589744,750,,3.851522070796853,0.006143634071646049,1.0,,,,False,1,No solution exists for discriminant 
0.589744,775,,3.851522070796853,0.006143634071646049,1.0,,,,False,1,No solution exists for discriminant 
0.589744,800,,3.851522070796853,0.006143634071646049,1.0,,,,False,1,No solution exists for discriminant 
0.589744,825,,3.851522070796853,0.006143634071646049,1.0,,,,False,1,No solution exists for discriminant 
0.589744,850,,3.851522070796853,0.006143634071646049,1.0,,,,False,1,No solution exists for discriminant 
0.589744,875,,3.851522070796853,0.006143634071646049,1.0,,,,False,1,No solution exists for discriminant 
0.589744,900,,3.851522070796853,0.006143634071646049,1.0,,,,False,1,No solution exists for discriminant 
0.589744,925,,3.851522070796853,0.006143634071646049,1.0,,,,False,1,No solution exists for discriminant 
0.589744,950,,3.851522070796853,0.006143634071646049,1.0,,,,False,1,No solution exists for discriminant 
0.589744,975,,3.851522070796853,0.006143634071646049,1.0,,,,False,1,No solution exists for discriminant 
0.589744,1000,,3.851522070796853,0.006143634071646049,1.0,,,,False,1,No solution exists for discriminant 
0.589744,1025,,3.851522070796853,0.006143634071646049,1.0,,,,False,1,No solution exists for discriminant 
0.589744,1050,,3.851522070796853,0.006143634071646049,1.0,,,,False,1,No solution exists for discriminant 
0.589744,1075,,3.851522070796853,0.006143634071646049,1.0,,,,False,1,No solution exists for discriminant 
0.589744,1100,,3.851522070796853,0.006143634071646049,1.0,,,,False,1,No solution exists for discriminant 
0.589744,1125,,3.851522070796853,0.006143634071646049,1.0,,,,False,1,No solution exists for discriminant 
0.589744,1150,,3.851522070796853,0.006143634071646049,1.0,,,,False,1,No solution exists for discriminant 
0.589744,1175,,3.851522070796853,0.006143634071646049,1.0,,,,False,1,No solution exists for discriminant 
0.589744,1200,,3.851522070796853,0.006143634071646049,1.0,,,,False,1,No solution exists for discriminant 
0.589744,1225,,3.851522070796853,0.006143634071646049,1.0,,,,False,1,No solution exists for discriminant 
0.589744,1250,,3.851522070796853,0.006143634071646049,1.0,,,,False,1,No solution exists for discriminant 
0.589744,1275,,3.851522070796853,0.006143634071646049,1.0,,,,False,1,No solution exists for discriminant 
0.589744,1300,,3.851522070796853,0.006143634071646049,1.0,,,,False,1,No solution exists for discriminant 
0.589744,1325,,3.851522070796853,0.006143634071646049,1.0,,,,False,1,No solution exists for discriminant 
0.589744,1350,,3.851522070796853,0.006143634071646049,1.0,,,,False,1,No solution exists for discriminant 
0.589744,1375,,3.851522070796853,0.006143634071646049,1.0,,,,False,1,No solution exists for discriminant 
0.589744,1400,,3.851522070796853,0.006143634071646049,1.0,,,,False,1,No solution exists for discriminant 
0.589744,1425,,3.851522070796853,0.006143634071646049,1.0,,,,False,1,No solution exists for discriminant 
0.589744,1450,,3.851522070796853,0.006143634071646049,1.0,,,,False,1,No solution exists for discriminant 
0.589744,1475,,3.851522070796853,0.006143634071646049,1.0,,,,False,1,No solution exists for discriminant 
0.589744,1500,,3.851522070796853,0.006143634071646049,1.0,,,,False,1,No solution exists for discriminant 
0.589744,1525,,3.851522070796853,0.006143634071646049,1.0,,,,False,1,No solution exists for discriminant 
0.6153850000000001,-100,-25.398952349303755,3.8667689384521076,0.002771820171013564,3.432290858014021,3.93717026689652,-100.00000000000026,2.5579538487363607e-13,True,5,
0.6153850000000001,-75,-19.076929321406027,3.8667689384521076,0.003390555496264634,2.577963421811625,3.9314503260146525,-75.00000000000021,2.1316282072803006e-13,True,5,
0.6153850000000001,-50,-12.711252997365822,3.8667689384521076,0.005251534813624384,1.717736891535922,3.9335225260925615,-50.00000000000005,4.973799150320701e-14,True,4,
0.6153850000000001,-25,-6.399725255664881,3.8667689384521076,0.0061953846137520335,0.864827737252011,3.906417697833294,-24.999999999999996,-3.552713678800501e-15,True,3,
0.6153850000000001,0,0.0,3.8667689384521076,0.0038937701099161144,0.0,3.8667689384521076,0.0,0.0,True,1,
0.6153850000000001,25,6.533800309454233,3.8667689384521076,0.006200344302145812,0.8829459877640855,3.8262571269320245,24.999999999999925,7.460698725481052e-14,True,3,
0.6153850000000001,50,13.160152954471608,3.8667689384521076,0.005123116731775431,1.7783990479015686,3.79934793865833,50.000000000000036,-3.552713678800501e-14,True,5,
0.6153850000000001,75,19.722148815799073,3.8667689384521076,0.0032419328869018227,2.665155245378253,3.8028310556057967,74.9999999999998,1.9895196601282805e-13,True,5,
0.6153850000000001,100,26.37125317561835,3.8667689384521076,0.002834945012600963,3.563682861570047,3.792007885785851,99.99999999999994,5.684341886080802e-14,True,5,
0.6153850000000001,125,33.56298757533638,3.8667689384521076,0.004243610829147416,4.5355388615319425,3.72434068091887,124.99999999999986,1.4210854715202004e-13,True,7,
0.6153850000000001,150,41.99002948062191,3.8667689384521076,0.0070133871318486625,5.674328308192149,3.572276606026768,149.99999999999994,5.684341886080802e-14,True,9,
0.6153850000000001,175,52.09098694101008,3.8667689384521076,0.009738011222930412,7.0393225595959565,3.3595063230070297,174.99999999999997,2.842170943040401e-14,True,9,
0.6153850000000001,200,60.84568518431174,3.8667689384521076,0.009528450713261506,8.222389889771856,3.2870038260587675,199.99999999999994,5.684341886080802e-14,True,14,
0.6153850000000001,225,,3.8667689384521076,0.007247582396219947,8.982319725936522,,,,False,50,Failed to converge after 50 iterations
0.6153850000000001,250,,3.8667689384521076,-0.012638906639426104,7.4091597130247955,,,,False,50,Failed to converge after 50 iterations
0.6153850000000001,275,,3.8667689384521076,-0.03402484176790425,6.693401610555753,,,,False,50,Failed to converge after 50 iterations
0.6153850000000001,300,,3.8667689384521076,-0.028930014855106982,7.428874236510182,,,,False,50,Failed to converge after 50 iterations
0.6153850000000001,325,,3.8667689384521076,-0.036631212799246915,7.458393214438374,,,,False,50,Failed to converge after 50 iterations
0.6153850000000001,350,,3.8667689384521076,-0.06566701437654361,6.659094445644545,,,,False,50,Failed to converge after 50 iterations
0.6153850000000001,375,,3.8667689384521076,-0.34495834619604027,3.7620673148493378,,,,False,50,Failed to converge after 50 iterations
0.6153850000000001,400,,3.8667689384521076,-0.24810108684475887,4.4742243235343615,,,,False,50,Failed to converge after 50 iterations
0.6153850000000001,425,,3.8667689384521076,-0.2673198605858224,4.498804273056116,,,,False,50,Failed to converge after 50 iterations
0.6153850000000001,450,,3.8667689384521076,-0.3297765354080464,4.262106155139586,,,,False,50,Failed to converge after 50 iterations
0.6153850000000001,475,,3.8667689384521076,-0.4052454510199106,4.026525973274024,,,,False,50,Failed to converge after 50 iterations
0.6153850000000001,500,,3.8667689384521076,-0.495524256372828,3.7976078401160054,,,,False,50,Failed to converge after 50 iterations
0.6153850000000001,525,,3.8667689384521076,-0.6056170927604445,3.5706820558533465,,,,False,50,Failed to converge after 50 iterations
0.6153850000000001,550,,3.8667689384521076,-0.7442081639874754,3.3393569758475845,,,,False,50,Failed to converge after 50 iterations
0.6153850000000001,575,,3.8667689384521076,-0.9291183959381657,3.0922998941349684,,,,False,50,Failed to converge after 50 iterations
0.6153850000000001,600,,3.8667689384521076,-1.2126550422173752,2.7981652150014846,,,,False,50,Failed to converge after 50 iterations
0.6153850000000001,625,,3.8667689384521076,0.006199277728926459,1.0,,,,False,1,No solution exists for discriminant 
0.6153850000000001,650,,3.8667689384521076,0.006199277728926459,1.0,,,,False,1,No solution exists for discriminant 
0.6153850000000001,675,,3.8667689384521076,0.006199277728926459,1.0,,,,False,1,No solution exists for discriminant 
0.6153850000000001,700,,3.8667689384521076,0.006199277728926459,1.0,,,,False,1,No solution exists for discriminant 
0.6153850000000001,725,,3.8667689384521076,0.006199277728926459,1.0,,,,False,1,No solution exists for discriminant 
0.6153850000000001,750,,3.8667689384521076,0.006199277728926459,1.0,,,,False,1,No solution exists for discriminant 
0.6153850000000001,775,,3.8667689384521076,0.006199277728926459,1.0,,,,False,1,No solution exists for discriminant 
0.6153850000000001,800,,3.8667689384521076,0.006199277728926459,1.0,,,,False,1,No solution exists for discriminant 
0.6153850000000001,825,,3.8667689384521076,0.006199277728926459,1.0,,,,False,1,No solution exists for discriminant 
0.6153850000000001,850,,3.8667689384521076,0.006199277728926459,1.0,,,,False,1,No solution exists for discriminant 
0.6153850000000001,875,,3.8667689384521076,0.006199277728926459,1.0,,,,False,1,No solution exists for discriminant 
0.6153850000000001,900,,3.8667689384521076,0.006199277728926459,1.0,,,,False,1,No solution exists for discriminant 
0.6153850000000001,925,,3.8667689384521076,0.006199277728926459,1.0,,,,False,1,No solution exists for discriminant 
0.6153850000000001,950,,3.8667689384521076,0.006199277728926459,1.0,,,,False,1,No solution exists for discriminant 
0.6153850000000001,975,,3.8667689384521076,0.006199277728926459,1.0,,,,False,1,No solution exists for discriminant 
0.6153850000000001,1000,,3.8667689384521076,0.006199277728926459,1.0,,,,False,1,No solution exists for discriminant 
0.6153850000000001,1025,,3.8667689384521076,0.006199277728926459,1.0,,,,False,1,No solution exists for discriminant 
0.6153850000000001,1050,,3.8667689384521076,0.006199277728926459,1.0,,,,False,1,No solution exists for discriminant 
0.6153850000000001,1075,,3.8667689384521076,0.006199277728926459,1.0,,,,False,1,No solution exists for discriminant 
0.6153850000000001,1100,,3.8667689384521076,0.006199277728926459,1.0,,,,False,1,No solution exists for discriminant 
0.6153850000000001,1125,,3.8667689384521076,0.006199277728926459,1.0,,,,False,1,No solution exists for discriminant 
0.6153850000000001,1150,,3.8667689384521076,0.006199277728926459,1.0,,,,False,1,No solution exists for discriminant 
0.6153850000000001,1175,,3.8667689384521076,0.006199277728926459,1.0,,,,False,1,No solution exists for discriminant 
0.6153850000000001,1200,,3.8667689384521076,0.006199277728926459,1.0,,,,False,1,No solution exists for discriminant 
0.6153850000000001,1225,,3.8667689384521076,0.006199277728926459,1.0,,,,False,1,No solution exists for discriminant 
0.6153850000000001,1250,,3.8667689384521076,0.006199277728926459,1.0,,,,False,1,No solution exists for discriminant 
0.6153850000000001,1275,,3.8667689384521076,0.006199277728926459,1.0,,,,False,1,No solution exists for discriminant 
0.6153850000000001,1300,,3.8667689384521076,0.006199277728926459,1.0,,,,False,1,No solution exists for discriminant 
0.6153850000000001,1325,,3.8667689384521076,0.006199277728926459,1.0,,,,False,1,No solution exists for discriminant 
0.6153850000000001,1350,,3.8667689384521076,0.006199277728926459,1.0,,,,False,1,No solution exists for discriminant 
0.6153850000000001,1375,,3.8667689384521076,0.006199277728926459,1.0,,,,False,1,No solution exists for discriminant 
0.6153850000000001,1400,,3.8667689384521076,0.006199277728926459,1.0,,,,False,1,No solution exists for discriminant 
0.6153850000000001,1425,,3.8667689384521076,0.006199277728926459,1.0,,,,False,1,No solution exists for discriminant 
0.6153850000000001,1450,,3.8667689384521076,0.006199277728926459,1.0,,,,False,1,No solution exists for discriminant 
0.6153850000000001,1475,,3.8667689384521076,0.006199277728926459,1.0,,,,False,1,No solution exists for discriminant 
0.6153850000000001,1500,,3.8667689384521076,0.006199277728926459,1.0,,,,False,1,No solution exists for discriminant 
0.6153850000000001,1525,,3.8667689384521076,0.006199277728926459,1.0,,,,False,1,No solution exists for discriminant 
0.6410260000000001,-100,-25.29869289645766,3.8823596117710704,0.002783296956892959,3.418742283305089,3.9527733867231505,-99.99999999999986,-1.4210854715202004e-13,True,5,
0.6410260000000001,-75,-18.999730392672102,3.8823596117710704,0.0034245129448901247,2.5675311341448785,3.9474244344501983,-74.99999999999991,-8.526512829121202e-14,True,5,
0.6410260000000001,-50,-12.65965788520328,3.8823596117710704,0.005307741818005592,1.7107645790815242,3.949553807330008,-49.99999999999997,-2.842170943040401e-14,True,4,
0.6410260000000001,-25,-6.3738664291799605,3.8823596117710704,0.006260949140322976,0.8613333012405352,3.922266065311378,-24.999999999999968,-3.197442310920451e-14,True,3,
0.6410260000000001,0,0.0,3.8823596117710704,0.003952968299792295,0.0,3.8823596117710704,0.0,0.0,True,1,
0.6410260000000001,25,6.507733930531966,3.8823596117710704,0.006265870385397859,0.8794235041259413,3.841582994459701,24.99999999999999,1.0658141036401503e-14,True,3,
0.6410260000000001,50,13.107913948550538,3.8823596117710704,0.005177797281143543,1.7713397227770995,3.814489490566802,50.000000000000014,-1.4210854715202004e-14,True,5,
0.6410260000000001,75,19.643429577007705,3.8823596117710704,0.003272802233412198,2.6545175104064467,3.8180705515795643,75.00000000000014,-1.4210854715202004e-13,True,5,
0.6410260000000001,100,26.262978042552312,3.8823596117710704,0.002845005092719127,3.5490510868313936,3.8076413054900384,100.0000000000001,-9.947598300641403e-14,True,5,
0.6410260000000001,125,33.42343692064211,3.8823596117710704,0.004262546041653563,4.516680664951636,3.7398906730265296,124.99999999999999,1.4210854715202004e-14,True,7,
0.6410260000000001,150,41.82727077711773,3.8823596117710704,0.0070810865974518635,5.652333888799693,3.586177085263232,150.00000000000003,-2.842170943040401e-14,True,9,
0.6410260000000001,175,51.96138388633316,3.8823596117710704,0.00990108243538084,7.0218086332882645,3.367885666456016,175.00000000000003,-2.842170943040401e-14,True,9,
0.6410260000000001,200,60.76356347246258,3.8823596117710704,0.009724798538490948,8.211292361143592,3.291446198520564,199.99999999999997,2.842170943040401e-14,True,14,
0.6410260000000001,225,,3.8823596117710704,0.007431194446419998,8.971813735475374,,,,False,50,Failed to converge after 50 iterations
0.6410260000000001,250,,3.8823596117710704,-0.012831330389238473,7.372518573640277,,,,False,50,Failed to converge after 50 iterations
0.6410260000000001,275,,3.8823596117710704,-0.033270951207320966,6.713668797335504,,,,False,50,Failed to converge after 50 iterations
0.6410260000000001,300,,3.8823596117710704,-0.02725850577292394,7.511069066960261,,,,False,50,Failed to converge after 50 iterations
0.6410260000000001,325,,3.8823596117710704,-0.0352280059801467,7.517642634635519,,,,False,50,Failed to converge after 50 iterations
0.6410260000000001,350,,3.8823596117710704,-0.058882113578708706,6.876127768844688,,,,False,50,Failed to converge after 50 iterations
0.6410260000000001,375,,3.8823596117710704,-0.370720130123659,3.648203752731545,,,,False,50,Failed to converge after 50 iterations
0.6410260000000001,400,,3.8823596117710704,-0.2619719243170166,4.373218161632717,,,,False,50,Failed to converge after 50 iterations
0.6410260000000001,425,,3.8823596117710704,-0.2686381435352259,4.486498640951453,,,,False,50,Failed to converge after 50 iterations
0.6410260000000001,450,,3.8823596117710704,-0.33062192288141473,4.254820914358375,,,,False,50,Failed to converge after 50 iterations
0.6410260000000001,475,,3.8823596117710704,-0.40618457581316914,4.0202754030235415,,,,False,50,Failed to converge after 50 iterations
0.6410260000000001,500,,3.8823596117710704,-0.49657435036186864,3.792217143981809,,,,False,50,Failed to converge after 50 iterations
0.6410260000000001,525,,3.8823596117710704,-0.6068027234210743,3.5660191497242213,,,,False,50,Failed to converge after 50 iterations
0.6410260000000001,550,,3.8823596117710704,-0.7455912162991087,3.335274521746203,,,,False,50,Failed to converge after 50 iterations
0.6410260000000001,575,,3.8823596117710704,-0.9308888201655112,3.0885657289648223,,,,False,50,Failed to converge after 50 iterations
0.6410260000000001,600,,3.8823596117710704,-1.215760208606491,2.794040379799474,,,,False,50,Failed to converge after 50 iterations
0.6410260000000001,625,,3.8823596117710704,0.006263264462989546,1.0,,,,False,1,No solution exists for discriminant 
0.6410260000000001,650,,3.8823596117710704,0.006263264462989546,1.0,,,,False,1,No solution exists for discriminant 
0.6410260000000001,675,,3.8823596117710704,0.006263264462989546,1.0,,,,False,1,No solution exists for discriminant 
0.6410260000000001,700,,3.8823596117710704,0.006263264462989546,1.0,,,,False,1,No solution exists for discriminant 
0.6410260000000001,725,,3.8823596117710704,0.006263264462989546,1.0,,,,False,1,No solution exists for discriminant 
0.6410260000000001,750,,3.8823596117710704,0.006263264462989546,1.0,,,,False,1,No solution exists for discriminant 
0.6410260000000001,775,,3.8823596117710704,0.006263264462989546,1.0,,,,False,1,No solution exists for discriminant 
0.6410260000000001,800,,3.8823596117710704,0.006263264462989546,1.0,,,,False,1,No solution exists for discriminant 
0.6410260000000001,825,,3.8823596117710704,0.006263264462989546,1.0,,,,False,1,No solution exists for discriminant 
0.6410260000000001,850,,3.8823596117710704,0.006263264462989546,1.0,,,,False,1,No solution exists for discriminant 
0.6410260000000001,875,,3.8823596117710704,0.006263264462989546,1.0,,,,False,1,No solution exists for discriminant 
0.6410260000000001,900,,3.8823596117710704,0.006263264462989546,1.0,,,,False,1,No solution exists for discriminant 
0.6410260000000001,925,,3.8823596117710704,0.006263264462989546,1.0,,,,False,1,No solution exists for discriminant 
0.6410260000000001,950,,3.8823596117710704,0.006263264462989546,1.0,,,,False,1,No solution exists for discriminant 
0.6410260000000001,975,,3.8823596117710704,0.006263264462989546,1.0,,,,False,1,No solution exists for discriminant 
0.6410260000000001,1000,,3.8823596117710704,0.006263264462989546,1.0,,,,False,1,No solution exists for discriminant 
0.6410260000000001,1025,,3.8823596117710704,0.006263264462989546,1.0,,,,False,1,No solution exists for discriminant 
0.6410260000000001,1050,,3.8823596117710704,0.006263264462989546,1.0,,,,False,1,No solution exists for discriminant 
0.6410260000000001,1075,,3.8823596117710704,0.006263264462989546,1.0,,,,False,1,No solution exists for discriminant 
0.6410260000000001,1100,,3.8823596117710704,0.006263264462989546,1.0,,,,False,1,No solution exists for discriminant 
0.6410260000000001,1125,,3.8823596117710704,0.006263264462989546,1.0,,,,False,1,No solution exists for discriminant 
0.6410260000000001,1150,,3.8823596117710704,0.006263264462989546,1.0,,,,False,1,No solution exists for discriminant 
0.6410260000000001,1175,,3.8823596117710704,0.006263264462989546,1.0,,,,False,1,No solution exists for discriminant 
0.6410260000000001,1200,,3.8823596117710704,0.006263264462989546,1.0,,,,False,1,No solution exists for discriminant 
0.6410260000000001,1225,,3.8823596117710704,0.006263264462989546,1.0,,,,False,1,No solution exists for discriminant 
0.6410260000000001,1250,,3.8823596117710704,0.006263264462989546,1.0,,,,False,1,No solution exists for discriminant 
0.6410260000000001,1275,,3.8823596117710704,0.006263264462989546,1.0,,,,False,1,No solution exists for discriminant 
0.6410260000000001,1300,,3.8823596117710704,0.006263264462989546,1.0,,,,False,1,No solution exists for discriminant 
0.6410260000000001,1325,,3.8823596117710704,0.006263264462989546,1.0,,,,False,1,No solution exists for discriminant 
0.6410260000000001,1350,,3.8823596117710704,0.006263264462989546,1.0,,,,False,1,No solution exists for discriminant 
0.6410260000000001,1375,,3.8823596117710704,0.006263264462989546,1.0,,,,False,1,No solution exists for discriminant 
0.6410260000000001,1400,,3.8823596117710704,0.006263264462989546,1.0,,,,False,1,No solution exists for discriminant 
0.6410260000000001,1425,,3.8823596117710704,0.006263264462989546,1.0,,,,False,1,No solution exists for discriminant 
0.6410260000000001,1450,,3.8823596117710704,0.006263264462989546,1.0,,,,False,1,No solution exists for discriminant 
0.6410260000000001,1475,,3.8823596117710704,0.006263264462989546,1.0,,,,False,1,No solution exists for discriminant 
0.6410260000000001,1500,,3.8823596117710704,0.006263264462989546,1.0,,,,False,1,No solution exists for discriminant 
0.6410260000000001,1525,,3.8823596117710704,0.006263264462989546,1.0,,,,False,1,No solution exists for discriminant 
0.666667,-100,-25.179837796364147,3.900707019568485,0.0028087727058163725,3.402680783292452,3.9714314607077963,-99.99999999999984,-1.5631940186722204e-13,True,5,
0.666667,-75,-18.9085831522234,3.900707019568485,0.0034770264394849036,2.5552139394896485,3.9664526631219648,-74.99999999999962,-3.836930773104541e-13,True,5,
0.666667,-50,-12.599226498211777,3.900707019568485,0.005380534345974672,1.7025981754340238,3.968497590474828,-50.00000000000004,4.263256414560601e-14,True,4,
0.666667,-25,-6.343695215377157,3.900707019568485,0.006339162327904173,0.8572561101861023,3.94092073329751,-25.000000000000053,5.3290705182007514e-14,True,3,
0.666667,0,0.0,3.900707019568485,0.0040243625456123505,0.0,3.900707019568485,0.0,0.0,True,1,
0.666667,25,6.477331515964179,3.900707019568485,0.006344113635718075,0.875315069724889,3.8596140923749904,25.000000000000007,-7.105427357601002e-15,True,3,
0.666667,50,13.047265526436687,3.900707019568485,0.0052490997659264335,1.7631439900590118,3.8322206211476866,50.0,0.0,True,5,
0.666667,75,19.552823826207053,3.900707019568485,0.0033214602129356782,2.64227349002798,3.8357630931791977,74.99999999999989,1.1368683772161603e-13,True,5,
0.666667,100,26.138807397824603,3.900707019568485,0.0028684464929103546,3.5322712699762975,3.8257292491593358,100.00000000000001,-1.4210854715202004e-14,True,5,
0.666667,125,33.261831996149795,3.900707019568485,0.004288573989899315,4.494842161641864,3.7580611920133964,125.00000000000003,-2.842170943040401e-14,True,7,
0.666667,150,41.63112428207862,3.900707019568485,0.00714930333826216,5.6258276056863,3.603073483763014,150.00000000000003,-2.842170943040401e-14,True,9,
0.666667,175,51.78736603856047,3.900707019568485,0.010070109708169697,6.998292707913577,3.37920256206304,175.0,0.0,True,10,
0.666667,200,60.64987557381762,3.900707019568485,0.00994381299797027,8.195929131596975,3.2976159985122777,199.99999999999997,2.842170943040401e-14,True,14,
0.666667,225,,3.900707019568485,0.007644908966679215,8.958887211167854,,,,False,50,Failed to converge after 50 iterations
0.666667,250,,3.900707019568485,-0.012882414328912612,7.343139456766419,,,,False,50,Failed to converge after 50 iterations
0.666667,275,,3.900707019568485,-0.03150291767826004,6.779878506186148,,,,False,50,Failed to converge after 50 iterations
0.666667,300,,3.900707019568485,-0.02575619650985042,7.583273519183393,,,,False,50,Failed to converge after 50 iterations
0.666667,325,,3.900707019568485,-0.03386131804619614,7.574088522668339,,,,False,50,Failed to converge after 50 iterations
0.666667,350,,3.900707019568485,-0.0570537000381082,6.928914128324367,,,,False,50,Failed to converge after 50 iterations
0.666667,375,,3.900707019568485,-0.39586140149302346,3.54638397911507,,,,False,50,Failed to converge after 50 iterations
0.666667,400,,3.900707019568485,-0.27982831949023923,4.253417012488404,,,,False,50,Failed to converge after 50 iterations
0.666667,425,,3.900707019568485,-0.26989741817826407,4.4741169078577,,,,False,50,Failed to converge after 50 iterations
0.666667,450,,3.900707019568485,-0.3310649746380015,4.24926520758145,,,,False,50,Failed to converge after 50 iterations
0.666667,475,,3.900707019568485,-0.40665598685222865,4.015641112227698,,,,False,50,Failed to converge after 50 iterations
0.666667,500,,3.900707019568485,-0.49708180982001254,3.788329132758406,,,,False,50,Failed to converge after 50 iterations
0.666667,525,,3.900707019568485,-0.6073513835185771,3.562762158725133,,,,False,50,Failed to converge after 50 iterations
0.666667,550,,3.900707019568485,-0.7462108720883726,3.3325190581409574,,,,False,50,Failed to converge after 50 iterations
0.666667,575,,3.900707019568485,-0.9317048266515823,3.0861068796920152,,,,False,50,Failed to converge after 50 iterations
0.666667,600,,3.900707019568485,0.006340148809206545,1.0,,,,False,1,No solution exists for discriminant 
0.666667,625,,3.900707019568485,0.006340148809206545,1.0,,,,False,1,No solution exists for discriminant 
0.666667,650,,3.900707019568485,0.006340148809206545,1.0,,,,False,1,No solution exists for discriminant 
0.666667,675,,3.900707019568485,0.006340148809206545,1.0,,,,False,1,No solution exists for discriminant 
0.666667,700,,3.900707019568485,0.006340148809206545,1.0,,,,False,1,No solution exists for discriminant 
0.666667,725,,3.900707019568485,0.006340148809206545,1.0,,,,False,1,No solution exists for discriminant 
0.666667,750,,3.900707019568485,0.006340148809206545,1.0,,,,False,1,No solution exists for discriminant 
0.666667,775,,3.900707019568485,0.006340148809206545,1.0,,,,False,1,No solution exists for discriminant 
0.666667,800,,3.900707019568485,0.006340148809206545,1.0,,,,False,1,No solution exists for discriminant 
0.666667,825,,3.900707019568485,0.006340148809206545,1.0,,,,False,1,No solution exists for discriminant 
0.666667,850,,3.900707019568485,0.006340148809206545,1.0,,,,False,1,No solution exists for discriminant 
0.666667,875,,3.900707019568485,0.006340148809206545,1.0,,,,False,1,No solution exists for discriminant 
0.666667,900,,3.900707019568485,0.006340148809206545,1.0,,,,False,1,No solution exists for discriminant 
0.666667,925,,3.900707019568485,0.006340148809206545,1.0,,,,False,1,No solution exists for discriminant 
0.666667,950,,3.900707019568485,0.006340148809206545,1.0,,,,False,1,No solution exists for discriminant 
0.666667,975,,3.900707019568485,0.006340148809206545,1.0,,,,False,1,No solution exists for discriminant 
0.666667,1000,,3.900707019568485,0.006340148809206545,1.0,,,,False,1,No solution exists for discriminant 
0.666667,1025,,3.900707019568485,0.006340148809206545,1.0,,,,False,1,No solution exists for discriminant 
0.666667,1050,,3.900707019568485,0.006340148809206545,1.0,,,,False,1,No solution exists for discriminant 
0.666667,1075,,3.900707019568485,0.006340148809206545,1.0,,,,False,1,No solution exists for discriminant 
0.666667,1100,,3.900707019568485,0.006340148809206545,1.0,,,,False,1,No solution exists for discriminant 
0.666667,1125,,3.900707019568485,0.006340148809206545,1.0,,,,False,1,No solution exists for discriminant 
0.666667,1150,,3.900707019568485,0.006340148809206545,1.0,,,,False,1,No solution exists for discriminant 
0.666667,1175,,3.900707019568485,0.006340148809206545,1.0,,,,False,1,No solution exists for discriminant 
0.666667,1200,,3.900707019568485,0.006340148809206545,1.0,,,,False,1,No solution exists for discriminant 
0.666667,1225,,3.900707019568485,0.006340148809206545,1.0,,,,False,1,No solution exists for discriminant 
0.666667,1250,,3.900707019568485,0.006340148809206545,1.0,,,,False,1,No solution exists for discriminant 
0.666667,1275,,3.900707019568485,0.006340148809206545,1.0,,,,False,1,No solution exists for discriminant 
0.666667,1300,,3.900707019568485,0.006340148809206545,1.0,,,,False,1,No solution exists for discriminant 
0.666667,1325,,3.900707019568485,0.006340148809206545,1.0,,,,False,1,No solution exists for discriminant 
0.666667,1350,,3.900707019568485,0.006340148809206545,1.0,,,,False,1,No solution exists for discriminant 
0.666667,1375,,3.900707019568485,0.006340148809206545,1.0,,,,False,1,No solution exists for discriminant 
0.666667,1400,,3.900707019568485,0.006340148809206545,1.0,,,,False,1,No solution exists for discriminant 
0.666667,1425,,3.900707019568485,0.006340148809206545,1.0,,,,False,1,No solution exists for discriminant 
0.666667,1450,,3.900707019568485,0.006340148809206545,1.0,,,,False,1,No solution exists for discriminant 
0.666667,1475,,3.900707019568485,0.006340148809206545,1.0,,,,False,1,No solution exists for discriminant 
0.666667,1500,,3.900707019568485,0.006340148809206545,1.0,,,,False,1,No solution exists for discriminant 
0.666667,1525,,3.900707019568485,0.006340148809206545,1.0,,,,False,1,No solution exists for discriminant 
0.692308,-100,-25.03969214323527,3.9222237115085026,0.002852895002298007,3.3837421815182798,3.993659324083019,-99.99999999999986,-1.4210854715202004e-13,True,5,
0.692308,-75,-18.80149342019816,3.9222237115085026,0.003554032139707324,2.540742354080832,3.9890448233983826,-75.00000000000023,2.2737367544323206e-13,True,5,
0.692308,-50,-12.528777802259484,3.9222237115085026,0.005474480040949369,1.6930780813864166,3.9908122555244616,-49.99999999999998,-2.1316282072803006e-14,True,4,
0.692308,-25,-6.3086560266799205,3.9222237115085026,0.006433298278643445,0.8525210846864757,3.962809177465496,-25.000000000000203,2.0250467969162855e-13,True,2,
0.692308,0,0.0,3.9222237115085026,0.004112539403075314,0.0,3.9222237115085026,0.0,0.0,True,1,
0.692308,25,6.442057999497088,3.9222237115085026,0.00643835952172011,0.8705483783104172,3.880747426047967,25.00000000000004,-3.907985046680551e-14,True,3,
0.692308,50,12.977224171486354,3.9222237115085026,0.005341637572826078,1.7536789420927503,3.8529040832831045,49.99999999999997,2.842170943040401e-14,True,5,
0.692308,75,19.449093886658826,3.9222237115085026,0.00339362500820948,2.628255930629571,3.856220780107723,74.99999999999984,1.5631940186722204e-13,True,5,
0.692308,100,25.997096537272935,3.9222237115085026,0.0029095676494723583,3.5131211536855314,3.8465834004434436,99.9999999999998,1.9895196601282805e-13,True,5,
0.692308,125,33.07510583476351,3.9222237115085026,0.004321870101845334,4.469608896589664,3.779277400485868,125.00000000000001,-1.4210854715202004e-14,True,7,
0.692308,150,41.39379914322509,3.9222237115085026,0.007211044951634484,5.593756640976363,3.6237311651677775,150.0,0.0,True,9,
0.692308,175,51.550935832978624,3.9222237115085026,0.010233043559165704,6.966342680132247,3.394700739613876,175.0,0.0,True,10,
0.692308,200,60.48970287726421,3.9222237115085026,0.010181498942753072,8.17428417260327,3.3063478656161895,200.0,0.0,True,14,
0.692308,225,,3.9222237115085026,0.007884658068432868,8.941384320255779,,,,False,50,Failed to converge after 50 iterations
0.692308,250,,3.9222237115085026,-0.012707350446007347,7.326513395948829,,,,False,50,Failed to converge after 50 iterations
0.692308,275,,3.9222237115085026,-0.029220083370405103,6.871619607446656,,,,False,50,Failed to converge after 50 iterations
0.692308,300,,3.9222237115085026,-0.024460147560663892,7.641428861611313,,,,False,50,Failed to converge after 50 iterations
0.692308,325,,3.9222237115085026,-0.03254374682966613,7.626358918965322,,,,False,50,Failed to converge after 50 iterations
0.692308,350,,3.9222237115085026,-0.05608975584504411,6.94888602608925,,,,False,50,Failed to converge after 50 iterations
0.692308,375,,3.9222237115085026,-0.4199971695921951,3.455959361710192,,,,False,50,Failed to converge after 50 iterations
0.692308,400,,3.9222237115085026,-0.30105592187190544,4.123530688424797,,,,False,50,Failed to converge after 50 iterations
0.692308,425,,3.9222237115085026,-0.270985216550193,4.462332259772641,,,,False,50,Failed to converge after 50 iterations
0.692308,450,,3.9222237115085026,-0.3308060891279658,4.246965968140657,,,,False,50,Failed to converge after 50 iterations
0.692308,475,,3.9222237115085026,-0.40630591121467585,4.014050879704872,,,,False,50,Failed to converge after 50 iterations
0.692308,500,,3.9222237115085026,-0.49662876351626034,3.7872776412005793,,,,False,50,Failed to converge after 50 iterations
0.692308,525,,3.9222237115085026,-0.6067619212702069,3.562169329612769,,,,False,50,Failed to converge after 50 iterations
0.692308,550,,3.9222237115085026,-0.7454486595661277,3.332296272311732,,,,False,50,Failed to converge after 50 iterations
0.692308,575,,3.9222237115085026,-0.9307548431056726,3.086118727502008,,,,False,50,Failed to converge after 50 iterations
0.692308,600,,3.9222237115085026,0.006433298787381937,1.0,,,,False,1,No solution exists for discriminant 
0.692308,625,,3.9222237115085026,0.006433298787381937,1.0,,,,False,1,No solution exists for discriminant 
0.692308,650,,3.9222237115085026,0.006433298787381937,1.0,,,,False,1,No solution exists for discriminant 
0.692308,675,,3.9222237115085026,0.006433298787381937,1.0,,,,False,1,No solution exists for discriminant 
0.692308,700,,3.9222237115085026,0.006433298787381937,1.0,,,,False,1,No solution exists for discriminant 
0.692308,725,,3.9222237115085026,0.006433298787381937,1.0,,,,False,1,No solution exists for discriminant 
0.692308,750,,3.9222237115085026,0.006433298787381937,1.0,,,,False,1,No solution exists for discriminant 
0.692308,775,,3.9222237115085026,0.006433298787381937,1.0,,,,False,1,No solution exists for discriminant 
0.692308,800,,3.9222237115085026,0.006433298787381937,1.0,,,,False,1,No solution exists for discriminant 
0.692308,825,,3.9222237115085026,0.006433298787381937,1.0,,,,False,1,No solution exists for discriminant 
0.692308,850,,3.9222237115085026,0.006433298787381937,1.0,,,,False,1,No solution exists for discriminant 
0.692308,875,,3.9222237115085026,0.006433298787381937,1.0,,,,False,1,No solution exists for discriminant 
0.692308,900,,3.9222237115085026,0.006433298787381937,1.0,,,,False,1,No solution exists for discriminant 
0.692308,925,,3.9222237115085026,0.006433298787381937,1.0,,,,False,1,No solution exists for discriminant 
0.692308,950,,3.9222237115085026,0.006433298787381937,1.0,,,,False,1,No solution exists for discriminant 
0.692308,975,,3.9222237115085026,0.006433298787381937,1.0,,,,False,1,No solution exists for discriminant 
0.692308,1000,,3.9222237115085026,0.006433298787381937,1.0,,,,False,1,No solution exists for discriminant 
0.692308,1025,,3.9222237115085026,0.006433298787381937,1.0,,,,False,1,No solution exists for discriminant 
0.692308,1050,,3.9222237115085026,0.006433298787381937,1.0,,,,False,1,No solution exists for discriminant 
0.692308,1075,,3.9222237115085026,0.006433298787381937,1.0,,,,False,1,No solution exists for discriminant 
0.692308,1100,,3.9222237115085026,0.006433298787381937,1.0,,,,False,1,No solution exists for discriminant 
0.692308,1125,,3.9222237115085026,0.006433298787381937,1.0,,,,False,1,No solution exists for discriminant 
0.692308,1150,,3.9222237115085026,0.006433298787381937,1.0,,,,False,1,No solution exists for discriminant 
0.692308,1175,,3.9222237115085026,0.006433298787381937,1.0,,,,False,1,No solution exists for discriminant 
0.692308,1200,,3.9222237115085026,0.006433298787381937,1.0,,,,False,1,No solution exists for discriminant 
0.692308,1225,,3.9222237115085026,0.006433298787381937,1.0,,,,False,1,No solution exists for discriminant 
0.692308,1250,,3.9222237115085026,0.006433298787381937,1.0,,,,False,1,No solution exists for discriminant 
0.692308,1275,,3.9222237115085026,0.006433298787381937,1.0,,,,False,1,No solution exists for discriminant 
0.692308,1300,,3.9222237115085026,0.006433298787381937,1.0,,,,False,1,No solution exists for discriminant 
0.692308,1325,,3.9222237115085026,0.006433298787381937,1.0,,,,False,1,No solution exists for discriminant 
0.692308,1350,,3.9222237115085026,0.006433298787381937,1.0,,,,False,1,No solution exists for discriminant 
0.692308,1375,,3.9222237115085026,0.006433298787381937,1.0,,,,False,1,No solution exists for discriminant 
0.692308,1400,,3.9222237115085026,0.006433298787381937,1.0,,,,False,1,No solution exists for discriminant 
0.692308,1425,,3.9222237115085026,0.006433298787381937,1.0,,,,False,1,No solution exists for discriminant 
0.692308,1450,,3.9222237115085026,0.006433298787381937,1.0,,,,False,1,No solution exists for discriminant 
0.692308,1475,,3.9222237115085026,0.006433298787381937,1.0,,,,False,1,No solution exists for discriminant 
0.692308,1500,,3.9222237115085026,0.006433298787381937,1.0,,,,False,1,No solution exists for discriminant 
0.692308,1525,,3.9222237115085026,0.006433298787381937,1.0,,,,False,1,No solution exists for discriminant 
0.7179490000000001,-100,-24.883310958166216,3.9460944778669824,0.0029201629210997594,3.3626095889413805,4.0187577998812145,-100.00000000000018,1.8474111129762605e-13,True,5,
0.7179490000000001,-75,-18.68246530884488,3.9460944778669824,0.0036593138362345924,2.524657474168227,4.014459481666611,-74.99999999999986,-1.4210854715202004e-13,True,5,
0.7179490000000001,-50,-12.451062394614588,3.9460944778669824,0.005592061446885904,1.6825759992722416,4.015721583856678,-50.000000000000014,1.4210854715202004e-14,True,4,
0.7179490000000001,-25,-6.27016216038159,3.9460944778669824,0.006545800808060133,0.8473192108623769,3.9871377104030765,-24.99999999999986,-1.3855583347321954e-13,True,2,
0.7179490000000001,0,0.0,3.9460944778669824,0.004222050309547904,0.0,3.9460944778669824,0.0,0.0,True,1,
0.7179490000000001,25,6.403450307494971,3.9460944778669824,0.006551037600315202,0.8653311226344556,3.9041452341308327,25.000000000000107,-1.0658141036401503e-13,True,3,
0.7179490000000001,50,12.90095208366586,3.9460944778669824,0.005457855334368366,1.7433719031980892,3.8756829477187162,50.000000000000014,-1.4210854715202004e-14,True,5,
0.7179490000000001,75,19.337122939481645,3.9460944778669824,0.0034929903378048133,2.6131247215515736,3.8785500942784292,75.00000000000011,-1.1368683772161603e-13,True,5,
0.7179490000000001,100,25.844715365307493,3.9460944778669824,0.002972813278608419,3.4925291034199315,3.8692629648471413,100.00000000000014,-1.4210854715202004e-13,True,5,
0.7179490000000001,125,32.872214433964345,3.9460944778669824,0.004365112272874628,4.442191139724911,3.802603571204718,125.0000000000001,-9.947598300641403e-14,True,7,
0.7179490000000001,150,41.12546524631321,3.9460944778669824,0.007263609673157045,5.557495303555839,3.647375150690778,150.0,0.0,True,9,
0.7179490000000001,175,51.256778205570676,3.9460944778669824,0.010377395965583585,6.926591649401442,3.4141825945076807,175.00000000000003,-2.842170943040401e-14,True,10,
0.7179490000000001,200,60.28445541336072,3.9460944778669824,0.010425401557941194,8.146548028832528,3.317604822480895,200.00000000000003,-2.842170943040401e-14,True,13,
0.7179490000000001,225,,3.9460944778669824,0.00813717412888601,8.91907395690292,,,,False,50,Failed to converge after 50 iterations
0.7179490000000001,250,,3.9460944778669824,-0.012283079224205098,7.325307929185355,,,,False,50,Failed to converge after 50 iterations
0.7179490000000001,275,,3.9460944778669824,-0.02747195099299536,6.937779165050071,,,,False,50,Failed to converge after 50 iterations
0.7179490000000001,300,,3.9460944778669824,-0.023405918587636177,7.682809036826376,,,,False,50,Failed to converge after 50 iterations
0.7179490000000001,325,,3.9460944778669824,-0.031323687602352046,7.67214765759198,,,,False,50,Failed to converge after 50 iterations
0.7179490000000001,350,,3.9460944778669824,-0.05505654186736965,6.97002761004667,,,,False,50,Failed to converge after 50 iterations
0.7179490000000001,375,,3.9460944778669824,-0.4417697245732585,3.379632023757543,,,,False,50,Failed to converge after 50 iterations
0.7179490000000001,400,,3.9460944778669824,-0.32303555375464915,4.000965086489335,,,,False,50,Failed to converge after 50 iterations
0.7179490000000001,425,,3.9460944778669824,-0.271955249055592,4.450933153090301,,,,False,50,Failed to converge after 50 iterations
0.7179490000000001,450,,3.9460944778669824,-0.329843937921657,4.248061608370473,,,,False,50,Failed to converge after 50 iterations
0.7179490000000001,475,,3.9460944778669824,-0.4051599866591662,4.015507467579832,,,,False,50,Failed to converge after 50 iterations
0.7179490000000001,500,,3.9460944778669824,-0.49528852033887566,3.788912587803363,,,,False,50,Failed to converge after 50 iterations
0.7179490000000001,525,,3.9460944778669824,-0.6051882871926348,3.5639186813069137,,,,False,50,Failed to converge after 50 iterations
0.7179490000000001,550,,3.9460944778669824,-0.7436038424301324,3.3340695454734197,,,,False,50,Failed to converge after 50 iterations
0.7179490000000001,575,,3.9460944778669824,-0.928640704013753,3.0877432555569317,,,,False,50,Failed to converge after 50 iterations
0.7179490000000001,600,,3.9460944778669824,0.006545138998857845,1.0,,,,False,1,No solution exists for discriminant 
0.7179490000000001,625,,3.9460944778669824,0.006545138998857845,1.0,,,,False,1,No solution exists for discriminant 
0.7179490000000001,650,,3.9460944778669824,0.006545138998857845,1.0,,,,False,1,No solution exists for discriminant 
0.7179490000000001,675,,3.9460944778669824,0.006545138998857845,1.0,,,,False,1,No solution exists for discriminant 
0.7179490000000001,700,,3.9460944778669824,0.006545138998857845,1.0,,,,False,1,No solution exists for discriminant 
0.7179490000000001,725,,3.9460944778669824,0.006545138998857845,1.0,,,,False,1,No solution exists for discriminant 
0.7179490000000001,750,,3.9460944778669824,0.006545138998857845,1.0,,,,False,1,No solution exists for discriminant 
0.7179490000000001,775,,3.9460944778669824,0.006545138998857845,1.0,,,,False,1,No solution exists for discriminant 
0.7179490000000001,800,,3.9460944778669824,0.006545138998857845,1.0,,,,False,1,No solution exists for discriminant 
0.7179490000000001,825,,3.9460944778669824,0.006545138998857845,1.0,,,,False,1,No solution exists for discriminant 
0.7179490000000001,850,,3.9460944778669824,0.006545138998857845,1.0,,,,False,1,No solution exists for discriminant 
0.7179490000000001,875,,3.9460944778669824,0.006545138998857845,1.0,,,,False,1,No solution exists for discriminant 
0.7179490000000001,900,,3.9460944778669824,0.006545138998857845,1.0,,,,False,1,No solution exists for discriminant 
0.7179490000000001,925,,3.9460944778669824,0.006545138998857845,1.0,,,,False,1,No solution exists for discriminant 
0.7179490000000001,950,,3.9460944778669824,0.006545138998857845,1.0,,,,False,1,No solution exists for discriminant 
0.7179490000000001,975,,3.9460944778669824,0.006545138998857845,1.0,,,,False,1,No solution exists for discriminant 
0.7179490000000001,1000,,3.9460944778669824,0.006545138998857845,1.0,,,,False,1,No solution exists for discriminant 
0.7179490000000001,1025,,3.9460944778669824,0.006545138998857845,1.0,,,,False,1,No solution exists for discriminant 
0.7179490000000001,1050,,3.9460944778669824,0.006545138998857845,1.0,,,,False,1,No solution exists for discriminant 
0.7179490000000001,1075,,3.9460944778669824,0.006545138998857845,1.0,,,,False,1,No solution exists for discriminant 
0.7179490000000001,1100,,3.9460944778669824,0.006545138998857845,1.0,,,,False,1,No solution exists for discriminant 
0.7179490000000001,1125,,3.9460944778669824,0.006545138998857845,1.0,,,,False,1,No solution exists for discriminant 
0.7179490000000001,1150,,3.9460944778669824,0.006545138998857845,1.0,,,,False,1,No solution exists for discriminant 
0.7179490000000001,1175,,3.9460944778669824,0.006545138998857845,1.0,,,,False,1,No solution exists for discriminant 
0.7179490000000001,1200,,3.9460944778669824,0.006545138998857845,1.0,,,,False,1,No solution exists for discriminant 
0.7179490000000001,1225,,3.9460944778669824,0.006545138998857845,1.0,,,,False,1,No solution exists for discriminant 
0.7179490000000001,1250,,3.9460944778669824,0.006545138998857845,1.0,,,,False,1,No solution exists for discriminant 
0.7179490000000001,1275,,3.9460944778669824,0.006545138998857845,1.0,,,,False,1,No solution exists for discriminant 
0.7179490000000001,1300,,3.9460944778669824,0.006545138998857845,1.0,,,,False,1,No solution exists for discriminant 
0.7179490000000001,1325,,3.9460944778669824,0.006545138998857845,1.0,,,,False,1,No solution exists for discriminant 
0.7179490000000001,1350,,3.9460944778669824,0.006545138998857845,1.0,,,,False,1,No solution exists for discriminant 
0.7179490000000001,1375,,3.9460944778669824,0.006545138998857845,1.0,,,,False,1,No solution exists for discriminant 
0.7179490000000001,1400,,3.9460944778669824,0.006545138998857845,1.0,,,,False,1,No solution exists for discriminant 
0.7179490000000001,1425,,3.9460944778669824,0.006545138998857845,1.0,,,,False,1,No solution exists for discriminant 
0.7179490000000001,1450,,3.9460944778669824,0.006545138998857845,1.0,,,,False,1,No solution exists for discriminant 
0.7179490000000001,1475,,3.9460944778669824,0.006545138998857845,1.0,,,,False,1,No solution exists for discriminant 
0.7179490000000001,1500,,3.9460944778669824,0.006545138998857845,1.0,,,,False,1,No solution exists for discriminant 
0.7179490000000001,1525,,3.9460944778669824,0.006545138998857845,1.0,,,,False,1,No solution exists for discriminant 
0.7435900000000001,-100,-24.707281699745554,3.972876114391045,0.0030158594155811473,3.3388218513169665,4.047389802538638,-99.99999999999966,-3.410605131648481e-13,True,4,
0.7435900000000001,-75,-18.54906615698907,3.972876114391045,0.003798256944152275,2.5066305617552795,4.043330233729368,-75.00000000000014,1.4210854715202004e-13,True,5,
0.7435900000000001,-50,-12.36461502126512,3.972876114391045,0.005735839019150732,1.6708939217925838,4.043797555686795,-50.00000000000012,1.2079226507921703e-13,True,4,
0.7435900000000001,-25,-6.227486751609185,3.972876114391045,0.006677565916074087,0.8415522637309709,4.014460567666394,-24.999999999999957,-4.263256414560601e-14,True,3,
0.7435900000000001,0,0.0,3.972876114391045,0.004357102195818663,0.0,3.972876114391045,0.0,0.0,True,1,
0.7435900000000001,25,6.360729023026376,3.972876114391045,0.006683043321252376,0.8595579760846455,3.930367086775412,24.999999999999993,7.105427357601002e-15,True,3,
0.7435900000000001,50,12.816915588701399,3.972876114391045,0.005600530709131927,1.7320156200947836,3.901094585040171,49.99999999999998,2.1316282072803006e-14,True,5,
0.7435900000000001,75,19.21488689322756,3.972876114391045,0.00362492448758936,2.596606336922643,3.9032236003655245,75.00000000000001,-1.4210854715202004e-14,True,5,
0.7435900000000001,100,25.679083932028988,3.972876114391045,0.0030630454509984243,3.4701464773012143,3.8942199131672366,100.0000000000001,-9.947598300641403e-14,True,5,
0.7435900000000001,125,32.648983722036576,3.972876114391045,0.004418913142990426,4.41202482730224,3.828603091116457,125.00000000000011,-1.1368683772161603e-13,True,7,
0.7435900000000001,150,40.8168651688965,3.972876114391045,0.007299056656183157,5.515792590391419,3.6749515029954805,150.00000000000006,-5.684341886080802e-14,True,9,
0.7435900000000001,175,50.88172757759829,3.972876114391045,0.01048564014037852,6.875909132107877,3.4393486292915756,175.00000000000003,-2.842170943040401e-14,True,10,
0.7435900000000001,200,60.011129080244835,3.972876114391045,0.010667370510175297,8.109612037870923,3.3327151657581178,199.99999999999997,2.842170943040401e-14,True,12,
0.7435900000000001,225,,3.972876114391045,0.00840466529512211,8.890662892713776,,,,False,50,Failed to converge after 50 iterations
0.7435900000000001,250,,3.972876114391045,-0.011497781582368838,7.347456907878266,,,,False,50,Failed to converge after 50 iterations
0.7435900000000001,275,,3.972876114391045,-0.027345675348607067,6.916997363738528,,,,False,50,Failed to converge after 50 iterations
0.7435900000000001,300,,3.972876114391045,-0.02265541837574043,7.701437127652568,,,,False,50,Failed to converge after 50 iterations
0.7435900000000001,325,,3.972876114391045,-0.03021565930716554,7.7095402398263175,,,,False,50,Failed to converge after 50 iterations
0.7435900000000001,350,,3.972876114391045,-0.05371819279462995,7.000938075439407,,,,False,50,Failed to converge after 50 iterations
0.7435900000000001,375,,3.972876114391045,-0.4597661590431151,3.319418371064475,,,,False,50,Failed to converge after 50 iterations
0.7435900000000001,400,,3.972876114391045,-0.34327186564180395,3.896770825691613,,,,False,50,Failed to converge after 50 iterations
0.7435900000000001,425,,3.972876114391045,-0.272593791204112,4.441220108672324,,,,False,50,Failed to converge after 50 iterations
0.7435900000000001,450,,3.972876114391045,-0.32776573888118554,4.254719330657534,,,,False,50,Failed to converge after 50 iterations
0.7435900000000001,475,,3.972876114391045,-0.4027161698467074,4.022098301324024,,,,False,50,Failed to converge after 50 iterations
0.7435900000000001,500,,3.972876114391045,-0.49244708933423287,3.795251688456693,,,,False,50,Failed to converge after 50 iterations
0.7435900000000001,525,,3.972876114391045,-0.6018590283594453,3.570002601189093,,,,False,50,Failed to converge after 50 iterations
0.7435900000000001,550,,3.972876114391045,-0.73966088957622,3.3398728646462277,,,,False,50,Failed to converge after 50 iterations
0.7435900000000001,575,,3.972876114391045,-0.9238961351510205,3.0931951851890793,,,,False,50,Failed to converge after 50 iterations
0.7435900000000001,600,,3.972876114391045,0.006676633876166636,1.0,,,,False,1,No solution exists for discriminant 
0.7435900000000001,625,,3.972876114391045,0.006676633876166636,1.0,,,,False,1,No solution exists for discriminant 
0.7435900000000001,650,,3.972876114391045,0.006676633876166636,1.0,,,,False,1,No solution exists for discriminant 
0.7435900000000001,675,,3.972876114391045,0.006676633876166636,1.0,,,,False,1,No solution exists for discriminant 
0.7435900000000001,700,,3.972876114391045,0.006676633876166636,1.0,,,,False,1,No solution exists for discriminant 
0.7435900000000001,725,,3.972876114391045,0.006676633876166636,1.0,,,,False,1,No solution exists for discriminant 
0.7435900000000001,750,,3.972876114391045,0.006676633876166636,1.0,,,,False,1,No solution exists for discriminant 
0.7435900000000001,775,,3.972876114391045,0.006676633876166636,1.0,,,,False,1,No solution exists for discriminant 
0.7435900000000001,800,,3.972876114391045,0.006676633876166636,1.0,,,,False,1,No solution exists for discriminant 
0.7435900000000001,825,,3.972876114391045,0.006676633876166636,1.0,,,,False,1,No solution exists for discriminant 
0.7435900000000001,850,,3.972876114391045,0.006676633876166636,1.0,,,,False,1,No solution exists for discriminant 
0.7435900000000001,875,,3.972876114391045,0.006676633876166636,1.0,,,,False,1,No solution exists for discriminant 
0.7435900000000001,900,,3.972876114391045,0.006676633876166636,1.0,,,,False,1,No solution exists for discriminant 
0.7435900000000001,925,,3.972876114391045,0.006676633876166636,1.0,,,,False,1,No solution exists for discriminant 
0.7435900000000001,950,,3.972876114391045,0.006676633876166636,1.0,,,,False,1,No solution exists for discriminant 
0.7435900000000001,975,,3.972876114391045,0.006676633876166636,1.0,,,,False,1,No solution exists for discriminant 
0.7435900000000001,1000,,3.972876114391045,0.006676633876166636,1.0,,,,False,1,No solution exists for discriminant 
0.7435900000000001,1025,,3.972876114391045,0.006676633876166636,1.0,,,,False,1,No solution exists for discriminant 
0.7435900000000001,1050,,3.972876114391045,0.006676633876166636,1.0,,,,False,1,No solution exists for discriminant 
0.7435900000000001,1075,,3.972876114391045,0.006676633876166636,1.0,,,,False,1,No solution exists for discriminant 
0.7435900000000001,1100,,3.972876114391045,0.006676633876166636,1.0,,,,False,1,No solution exists for discriminant 
0.7435900000000001,1125,,3.972876114391045,0.006676633876166636,1.0,,,,False,1,No solution exists for discriminant 
0.7435900000000001,1150,,3.972876114391045,0.006676633876166636,1.0,,,,False,1,No solution exists for discriminant 
0.7435900000000001,1175,,3.972876114391045,0.006676633876166636,1.0,,,,False,1,No solution exists for discriminant 
0.7435900000000001,1200,,3.972876114391045,0.006676633876166636,1.0,,,,False,1,No solution exists for discriminant 
0.7435900000000001,1225,,3.972876114391045,0.006676633876166636,1.0,,,,False,1,No solution exists for discriminant 
0.7435900000000001,1250,,3.972876114391045,0.006676633876166636,1.0,,,,False,1,No solution exists for discriminant 
0.7435900000000001,1275,,3.972876114391045,0.006676633876166636,1.0,,,,False,1,No solution exists for discriminant 
0.7435900000000001,1300,,3.972876114391045,0.006676633876166636,1.0,,,,False,1,No solution exists for discriminant 
0.7435900000000001,1325,,3.972876114391045,0.006676633876166636,1.0,,,,False,1,No solution exists for discriminant 
0.7435900000000001,1350,,3.972876114391045,0.006676633876166636,1.0,,,,False,1,No solution exists for discriminant 
0.7435900000000001,1375,,3.972876114391045,0.006676633876166636,1.0,,,,False,1,No solution exists for discriminant 
0.7435900000000001,1400,,3.972876114391045,0.006676633876166636,1.0,,,,False,1,No solution exists for discriminant 
0.7435900000000001,1425,,3.972876114391045,0.006676633876166636,1.0,,,,False,1,No solution exists for discriminant 
0.7435900000000001,1450,,3.972876114391045,0.006676633876166636,1.0,,,,False,1,No solution exists for discriminant 
0.7435900000000001,1475,,3.972876114391045,0.006676633876166636,1.0,,,,False,1,No solution exists for discriminant 
0.7435900000000001,1500,,3.972876114391045,0.006676633876166636,1.0,,,,False,1,No solution exists for discriminant 
0.7435900000000001,1525,,3.972876114391045,0.006676633876166636,1.0,,,,False,1,No solution exists for discriminant 
0.769231,-100,-24.507262928992358,4.003316858600892,0.003146257877392002,3.3117922877016697,4.080423027644551,-100.00000000000007,7.105427357601002e-14,True,4,
0.769231,-75,-18.398247531238525,4.003316858600892,0.003976376173054396,2.4862496663835842,4.076475211710065,-74.99999999999974,-2.5579538487363607e-13,True,5,
0.769231,-50,-12.267560514726465,4.003316858600892,0.005907702918916589,1.6577784479360087,4.075789961661727,-49.99999999999989,-1.0658141036401503e-13,True,4,
0.769231,-25,-6.1796824381054565,4.003316858600892,0.006828581515438613,0.8350922213656022,4.045515323869019,-24.999999999999883,-1.1723955140041653e-13,True,2,
0.769231,0,0.0,4.003316858600892,0.004521722848719433,0.0,4.003316858600892,0.0,0.0,True,1,
0.769231,25,6.31285625684483,4.003316858600892,0.006834357764794787,0.8530886833574094,3.9601725404238906,25.000000000000043,-4.263256414560601e-14,True,3,
0.769231,50,12.72303099816688,4.003316858600892,0.005771870263489203,1.7193285132657945,3.929881174321121,50.000000000000085,-8.526512829121202e-14,True,4,
0.769231,75,19.079558729998286,4.003316858600892,0.003795073986340418,2.5783187472970654,3.930908521593821,75.00000000000004,-4.263256414560601e-14,True,5,
0.769231,100,25.496659217841426,4.003316858600892,0.003186079958754774,3.4454944888974897,3.922082463651727,100.00000000000001,-1.4210854715202004e-14,True,5,
0.769231,125,32.400261629049524,4.003316858600892,0.004485251449241707,4.378413733655341,3.8579935381733867,125.0000000000002,-1.9895196601282805e-13,True,7,
0.769231,150,40.45829510927002,4.003316858600892,0.007311117098916368,5.467337176928381,3.707521525434503,150.00000000000006,-5.684341886080802e-14,True,8,
0.769231,175,50.40168337204908,4.003316858600892,0.010539540944225356,6.811038293520145,3.472106253043298,175.00000000000003,-2.842170943040401e-14,True,10,
0.769231,200,59.64150194140622,4.003316858600892,0.010897566781619173,8.059662424514354,3.3533696082383475,200.0,0.0,True,11,
0.769231,225,,4.003316858600892,0.008696044996718326,8.855643085344012,,,,False,50,Failed to converge after 50 iterations
0.769231,250,,4.003316858600892,-0.010225667920044269,7.403035637576334,,,,False,50,Failed to converge after 50 iterations
0.769231,275,,4.003316858600892,-0.02949717836545023,6.7779508001185675,,,,False,50,Failed to converge after 50 iterations
0.769231,300,,4.003316858600892,-0.022304572629276813,7.689142984792161,,,,False,50,Failed to converge after 50 iterations
0.769231,325,,4.003316858600892,-0.0292703909919855,7.7341817782724265,,,,False,50,Failed to converge after 50 iterations
0.769231,350,,4.003316858600892,-0.051816434211404916,7.051690311866463,,,,False,50,Failed to converge after 50 iterations
0.769231,375,,4.003316858600892,-0.4722906595077657,3.2779466205676955,,,,False,50,Failed to converge after 50 iterations
0.769231,400,,4.003316858600892,-0.3598496844608725,3.8160333051378608,,,,False,50,Failed to converge after 50 iterations
0.769231,425,,4.003316858600892,-0.27267100094215696,4.434536089452624,,,,False,50,Failed to converge after 50 iterations
0.769231,450,,4.003316858600892,-0.32412623271621827,4.269363496124672,,,,False,50,Failed to converge after 50 iterations
0.769231,475,,4.003316858600892,-0.39842597836440713,4.036187749725838,,,,False,50,Failed to converge after 50 iterations
0.769231,500,,4.003316858600892,-0.4874295778045674,3.808591775384531,,,,False,50,Failed to converge after 50 iterations
0.769231,525,,4.003316858600892,-0.5959191707064917,3.582705494167093,,,,False,50,Failed to converge after 50 iterations
0.769231,550,,4.003316858600892,-0.7324816244942584,3.3520623776808995,,,,False,50,Failed to converge after 50 iterations
0.769231,575,,4.003316858600892,-0.9148515667269337,3.1050784742865267,,,,False,50,Failed to converge after 50 iterations
0.769231,600,,4.003316858600892,0.00682784549615464,1.0,,,,False,1,No solution exists for discriminant 
0.769231,625,,4.003316858600892,0.00682784549615464,1.0,,,,False,1,No solution exists for discriminant 
0.769231,650,,4.003316858600892,0.00682784549615464,1.0,,,,False,1,No solution exists for discriminant 
0.769231,675,,4.003316858600892,0.00682784549615464,1.0,,,,False,1,No solution exists for discriminant 
0.769231,700,,4.003316858600892,0.00682784549615464,1.0,,,,False,1,No solution exists for discriminant 
0.769231,725,,4.003316858600892,0.00682784549615464,1.0,,,,False,1,No solution exists for discriminant 
0.769231,750,,4.003316858600892,0.00682784549615464,1.0,,,,False,1,No solution exists for discriminant 
0.769231,775,,4.003316858600892,0.00682784549615464,1.0,,,,False,1,No solution exists for discriminant 
0.769231,800,,4.003316858600892,0.00682784549615464,1.0,,,,False,1,No solution exists for discriminant 
0.769231,825,,4.003316858600892,0.00682784549615464,1.0,,,,False,1,No solution exists for discriminant 
0.769231,850,,4.003316858600892,0.00682784549615464,1.0,,,,False,1,No solution exists for discriminant 
0.769231,875,,4.003316858600892,0.00682784549615464,1.0,,,,False,1,No solution exists for discriminant 
0.769231,900,,4.003316858600892,0.00682784549615464,1.0,,,,False,1,No solution exists for discriminant 
0.769231,925,,4.003316858600892,0.00682784549615464,1.0,,,,False,1,No solution exists for discriminant 
0.769231,950,,4.003316858600892,0.00682784549615464,1.0,,,,False,1,No solution exists for discriminant 
0.769231,975,,4.003316858600892,0.00682784549615464,1.0,,,,False,1,No solution exists for discriminant 
0.769231,1000,,4.003316858600892,0.00682784549615464,1.0,,,,False,1,No solution exists for discriminant 
0.769231,1025,,4.003316858600892,0.00682784549615464,1.0,,,,False,1,No solution exists for discriminant 
0.769231,1050,,4.003316858600892,0.00682784549615464,1.0,,,,False,1,No solution exists for discriminant 
0.769231,1075,,4.003316858600892,0.00682784549615464,1.0,,,,False,1,No solution exists for discriminant 
0.769231,1100,,4.003316858600892,0.00682784549615464,1.0,,,,False,1,No solution exists for discriminant 
0.769231,1125,,4.003316858600892,0.00682784549615464,1.0,,,,False,1,No solution exists for discriminant 
0.769231,1150,,4.003316858600892,0.00682784549615464,1.0,,,,False,1,No solution exists for discriminant 
0.769231,1175,,4.003316858600892,0.00682784549615464,1.0,,,,False,1,No solution exists for discriminant 
0.769231,1200,,4.003316858600892,0.00682784549615464,1.0,,,,False,1,No solution exists for discriminant 
0.769231,1225,,4.003316858600892,0.00682784549615464,1.0,,,,False,1,No solution exists for discriminant 
0.769231,1250,,4.003316858600892,0.00682784549615464,1.0,,,,False,1,No solution exists for discriminant 
0.769231,1275,,4.003316858600892,0.00682784549615464,1.0,,,,False,1,No solution exists for discriminant 
0.769231,1300,,4.003316858600892,0.00682784549615464,1.0,,,,False,1,No solution exists for discriminant 
0.769231,1325,,4.003316858600892,0.00682784549615464,1.0,,,,False,1,No solution exists for discriminant 
0.769231,1350,,4.003316858600892,0.00682784549615464,1.0,,,,False,1,No solution exists for discriminant 
0.769231,1375,,4.003316858600892,0.00682784549615464,1.0,,,,False,1,No solution exists for discriminant 
0.769231,1400,,4.003316858600892,0.00682784549615464,1.0,,,,False,1,No solution exists for discriminant 
0.769231,1425,,4.003316858600892,0.00682784549615464,1.0,,,,False,1,No solution exists for discriminant 
0.769231,1450,,4.003316858600892,0.00682784549615464,1.0,,,,False,1,No solution exists for discriminant 
0.769231,1475,,4.003316858600892,0.00682784549615464,1.0,,,,False,1,No solution exists for discriminant 
0.769231,1500,,4.003316858600892,0.00682784549615464,1.0,,,,False,1,No solution exists for discriminant 
0.769231,1525,,4.003316858600892,0.00682784549615464,1.0,,,,False,1,No solution exists for discriminant 
0.794872,-100,-24.31096586570374,4.032666301036869,0.0033196457737633234,3.2852656575275323,4.1133700961290565,-100.0,0.0,True,4,
0.794872,-75,-18.251769234822827,4.032666301036869,0.004192710096053685,2.4664553020030846,4.109190678178553,-75.00000000000007,7.105427357601002e-14,True,5,
0.794872,-50,-12.17438173938553,4.032666301036869,0.006104493739266065,1.645186721538585,4.106984738144384,-50.00000000000004,4.263256414560601e-14,True,4,
0.794872,-25,-6.134070065982644,4.032666301036869,0.00699879468120778,0.8289283872949518,4.075597397988824,-24.999999999999996,-3.552713678800501e-15,True,2,
0.794872,0,0.0,4.032666301036869,0.004720146926185599,0.0,4.032666301036869,0.0,0.0,True,1,
0.794872,25,6.26760779890686,4.032666301036869,0.0070048470475631685,0.8469740268793053,3.9887626670514127,24.99999999999996,3.907985046680551e-14,True,3,
0.794872,50,12.635022713927071,4.032666301036869,0.005968476805039061,1.7074355018820366,3.9572544610376537,49.999999999999986,1.4210854715202004e-14,True,4,
0.794872,75,18.954751362983167,4.032666301036869,0.004002941052829164,2.561452886889617,3.9567915486598144,74.99999999999989,1.1368683772161603e-13,True,5,
0.794872,100,25.330748700449732,4.032666301036869,0.0033514646449009505,3.423074148709423,3.947771192338441,99.99999999999986,1.4210854715202004e-13,True,5,
0.794872,125,32.17334620962514,4.032666301036869,0.004583381416607407,4.347749487787181,3.885203583909597,124.99999999999983,1.7053025658242404e-13,True,7,
0.794872,150,40.120724895414966,4.032666301036869,0.007326642391153436,5.421719580461482,3.7387160972543168,149.99999999999994,5.684341886080802e-14,True,8,
0.794872,175,49.912557491842065,4.032666301036869,0.010549140907658097,6.744940201600278,3.5061316989938414,175.0,0.0,True,10,
0.794872,200,59.24371269751923,4.032666301036869,0.011086081771501836,8.005907121286382,3.375885657624809,199.99999999999994,5.684341886080802e-14,True,10,
0.794872,225,,4.032666301036869,0.008973021643360817,8.820954813376991,,,,False,50,Failed to converge after 50 iterations
0.794872,250,,4.032666301036869,-0.008685361254717177,7.48468798780465,,,,False,50,Failed to converge after 50 iterations
0.794872,275,,4.032666301036869,-0.030231233991021157,6.714346164261285,,,,False,50,Failed to converge after 50 iterations
0.794872,300,,4.032666301036869,-0.022441052287047503,7.645766661104575,,,,False,50,Failed to converge after 50 iterations
0.794872,325,,4.032666301036869,-0.028713214752371114,7.736864886858236,,,,False,50,Failed to converge after 50 iterations
0.794872,350,,4.032666301036869,-0.049795181245911146,7.109717725062109,,,,False,50,Failed to converge after 50 iterations
0.794872,375,,4.032666301036869,-0.47606165263679073,3.2633197125630904,,,,False,50,Failed to converge after 50 iterations
0.794872,400,,4.032666301036869,-0.3681956734620856,3.775113887507256,,,,False,50,Failed to converge after 50 iterations
0.794872,425,,4.032666301036869,-0.2719389927955779,4.433456107898324,,,,False,50,Failed to converge after 50 iterations
0.794872,450,,4.032666301036869,-0.3201679894153886,4.286176246135744,,,,False,50,Failed to converge after 50 iterations
0.794872,475,,4.032666301036869,-0.3939195278741663,4.051574363747632,,,,False,50,Failed to converge after 50 iterations
0.794872,500,,4.032666301036869,-0.48238263441577045,3.822340614457967,,,,False,50,Failed to converge after 50 iterations
0.794872,525,,4.032666301036869,-0.5902795333070868,3.5948725538681634,,,,False,50,Failed to converge after 50 iterations
0.794872,550,,4.032666301036869,-0.7262106738724339,3.362607544877911,,,,False,50,Failed to converge after 50 iterations
0.794872,575,,4.032666301036869,-0.9079962943894918,3.1137643804354207,,,,False,50,Failed to converge after 50 iterations
0.794872,600,,4.032666301036869,0.0069983911475039635,1.0,,,,False,1,No solution exists for discriminant 
0.794872,625,,4.032666301036869,0.0069983911475039635,1.0,,,,False,1,No solution exists for discriminant 
0.794872,650,,4.032666301036869,0.0069983911475039635,1.0,,,,False,1,No solution exists for discriminant 
0.794872,675,,4.032666301036869,0.0069983911475039635,1.0,,,,False,1,No solution exists for discriminant 
0.794872,700,,4.032666301036869,0.0069983911475039635,1.0,,,,False,1,No solution exists for discriminant 
0.794872,725,,4.032666301036869,0.0069983911475039635,1.0,,,,False,1,No solution exists for discriminant 
0.794872,750,,4.032666301036869,0.0069983911475039635,1.0,,,,False,1,No solution exists for discriminant 
0.794872,775,,4.032666301036869,0.0069983911475039635,1.0,,,,False,1,No solution exists for discriminant 
0.794872,800,,4.032666301036869,0.0069983911475039635,1.0,,,,False,1,No solution exists for discriminant 
0.794872,825,,4.032666301036869,0.0069983911475039635,1.0,,,,False,1,No solution exists for discriminant 
0.794872,850,,4.032666301036869,0.0069983911475039635,1.0,,,,False,1,No solution exists for discriminant 
0.794872,875,,4.032666301036869,0.0069983911475039635,1.0,,,,False,1,No solution exists for discriminant 
0.794872,900,,4.032666301036869,0.0069983911475039635,1.0,,,,False,1,No solution exists for discriminant 
0.794872,925,,4.032666301036869,0.0069983911475039635,1.0,,,,False,1,No solution exists for discriminant 
0.794872,950,,4.032666301036869,0.0069983911475039635,1.0,,,,False,1,No solution exists for discriminant 
0.794872,975,,4.032666301036869,0.0069983911475039635,1.0,,,,False,1,No solution exists for discriminant 
0.794872,1000,,4.032666301036869,0.0069983911475039635,1.0,,,,False,1,No solution exists for discriminant 
0.794872,1025,,4.032666301036869,0.0069983911475039635,1.0,,,,False,1,No solution exists for discriminant 
0.794872,1050,,4.032666301036869,0.0069983911475039635,1.0,,,,False,1,No solution exists for discriminant 
0.794872,1075,,4.032666301036869,0.0069983911475039635,1.0,,,,False,1,No solution exists for discriminant 
0.794872,1100,,4.032666301036869,0.0069983911475039635,1.0,,,,False,1,No solution exists for discriminant 
0.794872,1125,,4.032666301036869,0.0069983911475039635,1.0,,,,False,1,No solution exists for discriminant 
0.794872,1150,,4.032666301036869,0.0069983911475039635,1.0,,,,False,1,No solution exists for discriminant 
0.794872,1175,,4.032666301036869,0.0069983911475039635,1.0,,,,False,1,No solution exists for discriminant 
0.794872,1200,,4.032666301036869,0.0069983911475039635,1.0,,,,False,1,No solution exists for discriminant 
0.794872,1225,,4.032666301036869,0.0069983911475039635,1.0,,,,False,1,No solution exists for discriminant 
0.794872,1250,,4.032666301036869,0.0069983911475039635,1.0,,,,False,1,No solution exists for discriminant 
0.794872,1275,,4.032666301036869,0.0069983911475039635,1.0,,,,False,1,No solution exists for discriminant 
0.794872,1300,,4.032666301036869,0.0069983911475039635,1.0,,,,False,1,No solution exists for discriminant 
0.794872,1325,,4.032666301036869,0.0069983911475039635,1.0,,,,False,1,No solution exists for discriminant 
0.794872,1350,,4.032666301036869,0.0069983911475039635,1.0,,,,False,1,No solution exists for discriminant 
0.794872,1375,,4.032666301036869,0.0069983911475039635,1.0,,,,False,1,No solution exists for discriminant 
0.794872,1400,,4.032666301036869,0.0069983911475039635,1.0,,,,False,1,No solution exists for discriminant 
0.794872,1425,,4.032666301036869,0.0069983911475039635,1.0,,,,False,1,No solution exists for discriminant 
0.794872,1450,,4.032666301036869,0.0069983911475039635,1.0,,,,False,1,No solution exists for discriminant 
0.794872,1475,,4.032666301036869,0.0069983911475039635,1.0,,,,False,1,No solution exists for discriminant 
0.794872,1500,,4.032666301036869,0.0069983911475039635,1.0,,,,False,1,No solution exists for discriminant 
0.794872,1525,,4.032666301036869,0.0069983911475039635,1.0,,,,False,1,No solution exists for discriminant 
0.820513,-100,-24.155478569604366,4.054239414807349,0.003544048429439927,3.264253860757347,4.134615384615385,-99.87361331663345,-0.12638668336654746,True,4,
0.820513,-75,-18.13851512130825,4.054239414807349,0.004444047419877303,2.451150692068682,4.134615384615385,-74.99578367463988,-0.004216325360118844,True,5,
0.820513,-50,-12.104309984005264,4.054239414807349,0.006321766859415009,1.6357175654061167,4.13076004052032,-50.0000000000001,9.947598300641403e-14,True,4,
0.820513,-25,-6.100401369116104,4.054239414807349,0.0071883128995408685,0.824378563394068,4.098091008661344,-25.000000000000057,5.684341886080802e-14,True,2,
0.820513,0,0.0,4.054239414807349,0.004956775886025404,0.0,4.054239414807349,0.0,0.0,True,1,
0.820513,25,6.235379775611341,4.054239414807349,0.007194514751799897,0.8426188885961272,4.0093788830286385,24.999999999999964,3.552713678800501e-14,True,3,
0.820513,50,12.573986497139995,4.054239414807349,0.006185451529538679,1.6991873644783775,3.976463630796216,49.99999999999989,1.0658141036401503e-13,True,4,
0.820513,75,18.872142444344004,4.054239414807349,0.004245825607875993,2.5502895195059465,3.9741115891416703,74.99999999999991,8.526512829121202e-14,True,5,
0.820513,100,25.2257267067071,4.054239414807349,0.003569074961883026,3.408881987392851,3.9642069052231372,100.0,0.0,True,5,
0.820513,125,32.030637025030636,4.054239414807349,0.004736893267346721,4.3284644628419775,3.902513705934655,125.00000000000009,-8.526512829121202e-14,True,7,
0.820513,150,39.89671635491526,4.054239414807349,0.0073823495587036535,5.39144815606963,3.759707908430916,149.99999999999997,2.842170943040401e-14,True,8,
0.820513,175,49.54823868744113,4.054239414807349,0.010541803463713008,6.695707930735288,3.5319116205912033,174.99999999999994,5.684341886080802e-14,True,10,
0.820513,200,58.927242267139725,4.054239414807349,0.011204044884048001,7.963140846910774,3.3940159475531453,200.0,0.0,True,10,
0.820513,225,,4.054239414807349,0.009181166037635574,8.796299357173211,,,,False,50,Failed to converge after 50 iterations
0.820513,250,,4.054239414807349,-0.007210974389885053,7.57726631723703,,,,False,50,Failed to converge after 50 iterations
0.820513,275,,4.054239414807349,-0.02888508629014979,6.758222609366742,,,,False,50,Failed to converge after 50 iterations
0.820513,300,,4.054239414807349,-0.023160169272116116,7.574320973919692,,,,False,50,Failed to converge after 50 iterations
0.820513,325,,4.054239414807349,-0.028755463294319335,7.711580948297758,,,,False,50,Failed to converge after 50 iterations
0.820513,350,,4.054239414807349,-0.048403002324026036,7.149816381393083,,,,False,50,Failed to converge after 50 iterations
0.820513,375,,4.054239414807349,-0.46779795427076404,3.2850545996787575,,,,False,50,Failed to converge after 50 iterations
0.820513,400,,4.054239414807349,-0.3632781422404907,3.7930310216740577,,,,False,50,Failed to converge after 50 iterations
0.820513,425,,4.054239414807349,-0.2693382444702336,4.4464492754689156,,,,False,50,Failed to converge after 50 iterations
0.820513,450,,4.054239414807349,-0.31766057118907287,4.296428784457108,,,,False,50,Failed to converge after 50 iterations
0.820513,475,,4.054239414807349,-0.3915567345869763,4.058818623453475,,,,False,50,Failed to converge after 50 iterations
0.820513,500,,4.054239414807349,-0.4804149750621441,3.82650991838251,,,,False,50,Failed to converge after 50 iterations
0.820513,525,,4.054239414807349,-0.589164431778395,3.5956940953533616,,,,False,50,Failed to converge after 50 iterations
0.820513,550,,4.054239414807349,-0.7268963085463468,3.3593768969091067,,,,False,50,Failed to converge after 50 iterations
0.820513,575,,4.054239414807349,0.007187853391906482,1.0,,,,False,1,No solution exists for discriminant 
0.820513,600,,4.054239414807349,0.007187853391906482,1.0,,,,False,1,No solution exists for discriminant 
0.820513,625,,4.054239414807349,0.007187853391906482,1.0,,,,False,1,No solution exists for discriminant 
0.820513,650,,4.054239414807349,0.007187853391906482,1.0,,,,False,1,No solution exists for discriminant 
0.820513,675,,4.054239414807349,0.007187853391906482,1.0,,,,False,1,No solution exists for discriminant 
0.820513,700,,4.054239414807349,0.007187853391906482,1.0,,,,False,1,No solution exists for discriminant 
0.820513,725,,4.054239414807349,0.007187853391906482,1.0,,,,False,1,No solution exists for discriminant 
0.820513,750,,4.054239414807349,0.007187853391906482,1.0,,,,False,1,No solution exists for discriminant 
0.820513,775,,4.054239414807349,0.007187853391906482,1.0,,,,False,1,No solution exists for discriminant 
0.820513,800,,4.054239414807349,0.007187853391906482,1.0,,,,False,1,No solution exists for discriminant 
0.820513,825,,4.054239414807349,0.007187853391906482,1.0,,,,False,1,No solution exists for discriminant 
0.820513,850,,4.054239414807349,0.007187853391906482,1.0,,,,False,1,No solution exists for discriminant 
0.820513,875,,4.054239414807349,0.007187853391906482,1.0,,,,False,1,No solution exists for discriminant 
0.820513,900,,4.054239414807349,0.007187853391906482,1.0,,,,False,1,No solution exists for discriminant 
0.820513,925,,4.054239414807349,0.007187853391906482,1.0,,,,False,1,No solution exists for discriminant 
0.820513,950,,4.054239414807349,0.007187853391906482,1.0,,,,False,1,No solution exists for discriminant 
0.820513,975,,4.054239414807349,0.007187853391906482,1.0,,,,False,1,No solution exists for discriminant 
0.820513,1000,,4.054239414807349,0.007187853391906482,1.0,,,,False,1,No solution exists for discriminant 
0.820513,1025,,4.054239414807349,0.007187853391906482,1.0,,,,False,1,No solution exists for discriminant 
0.820513,1050,,4.054239414807349,0.007187853391906482,1.0,,,,False,1,No solution exists for discriminant 
0.820513,1075,,4.054239414807349,0.007187853391906482,1.0,,,,False,1,No solution exists for discriminant 
0.820513,1100,,4.054239414807349,0.007187853391906482,1.0,,,,False,1,No solution exists for discriminant 
0.820513,1125,,4.054239414807349,0.007187853391906482,1.0,,,,False,1,No solution exists for discriminant 
0.820513,1150,,4.054239414807349,0.007187853391906482,1.0,,,,False,1,No solution exists for discriminant 
0.820513,1175,,4.054239414807349,0.007187853391906482,1.0,,,,False,1,No solution exists for discriminant 
0.820513,1200,,4.054239414807349,0.007187853391906482,1.0,,,,False,1,No solution exists for discriminant 
0.820513,1225,,4.054239414807349,0.007187853391906482,1.0,,,,False,1,No solution exists for discriminant 
0.820513,1250,,4.054239414807349,0.007187853391906482,1.0,,,,False,1,No solution exists for discriminant 
0.820513,1275,,4.054239414807349,0.007187853391906482,1.0,,,,False,1,No solution exists for discriminant 
0.820513,1300,,4.054239414807349,0.007187853391906482,1.0,,,,False,1,No solution exists for discriminant 
0.820513,1325,,4.054239414807349,0.007187853391906482,1.0,,,,False,1,No solution exists for discriminant 
0.820513,1350,,4.054239414807349,0.007187853391906482,1.0,,,,False,1,No solution exists for discriminant 
0.820513,1375,,4.054239414807349,0.007187853391906482,1.0,,,,False,1,No solution exists for discriminant 
0.820513,1400,,4.054239414807349,0.007187853391906482,1.0,,,,False,1,No solution exists for discriminant 
0.820513,1425,,4.054239414807349,0.007187853391906482,1.0,,,,False,1,No solution exists for discriminant 
0.820513,1450,,4.054239414807349,0.007187853391906482,1.0,,,,False,1,No solution exists for discriminant 
0.820513,1475,,4.054239414807349,0.007187853391906482,1.0,,,,False,1,No solution exists for discriminant 
0.820513,1500,,4.054239414807349,0.007187853391906482,1.0,,,,False,1,No solution exists for discriminant 
0.820513,1525,,4.054239414807349,0.007187853391906482,1.0,,,,False,1,No solution exists for discriminant 
0.8461540000000001,-100,-24.03850512955107,4.067993989738147,0.0038271292694841827,3.2484466391285225,4.134615384615385,-99.3899731317977,-0.6100268682022971,True,4,
0.8461540000000001,-75,-18.05701625206906,4.067993989738147,0.004735895646787971,2.440137331360684,4.134615384615385,-74.65881719605478,-0.34118280394521605,True,5,
0.8461540000000001,-50,-12.056591882960891,4.067993989738147,0.006561966464234248,1.6292691733730933,4.134615384615385,-49.849370285319075,-0.15062971468092456,True,4,
0.8461540000000001,-25,-6.078343673138791,4.067993989738147,0.007398163081370796,0.8213977936674042,4.112962567496647,-24.999999999999922,-7.815970093361102e-14,True,3,
0.8461540000000001,0,0.0,4.067993989738147,0.005236447624871664,0.0,4.067993989738147,0.0,0.0,True,1,
0.8461540000000001,25,6.215860237836332,4.067993989738147,0.007404371251754177,0.8399811132211259,4.0219694528881895,25.000000000000043,-4.263256414560601e-14,True,3,
0.8461540000000001,50,12.53943094631239,4.067993989738147,0.006425508079078141,1.6945176954476202,3.9874217748855743,50.00000000000004,-4.263256414560601e-14,True,4,
0.8461540000000001,75,18.83147037666528,4.067993989738147,0.004529606167536195,2.5447932941439566,3.982694845376229,74.99999999999996,4.263256414560601e-14,True,5,
0.8461540000000001,100,25.18175518455096,4.067993989738147,0.0038466310586542573,3.4029398898041836,3.971129068133825,99.99999999999997,2.842170943040401e-14,True,5,
0.8461540000000001,125,31.972404906062742,4.067993989738147,0.004953413454668517,4.320595257576046,3.909621449098346,125.00000000000009,-8.526512829121202e-14,True,7,
0.8461540000000001,150,39.785565040948676,4.067993989738147,0.007484683452967898,5.3764277082363074,3.7702116294091805,150.00000000000003,-2.842170943040401e-14,True,7,
0.8461540000000001,175,49.31056305172047,4.067993989738147,0.01052631757910836,6.663589601583848,3.548935343051091,175.00000000000003,-2.842170943040401e-14,True,10,
0.8461540000000001,200,58.69768401838024,4.067993989738147,0.011256057920995498,7.932119461943275,3.4072894585989673,200.00000000000006,-5.684341886080802e-14,True,9,
0.8461540000000001,225,64.98819192647339,4.067993989738147,0.009322102426099328,8.78218809817208,3.4621674081125606,225.00000000000003,-2.842170943040401e-14,True,49,
0.8461540000000001,250,,4.067993989738147,-0.005757039951539767,7.68610171550364,,,,False,50,Failed to converge after 50 iterations
0.8461540000000001,275,,4.067993989738147,-0.02731656588493466,6.822388950404228,,,,False,50,Failed to converge after 50 iterations
0.8461540000000001,300,,4.067993989738147,-0.024692562616821095,7.4635863346445905,,,,False,50,Failed to converge after 50 iterations
0.8461540000000001,325,,4.067993989738147,-0.02945489477167434,7.655785509333283,,,,False,50,Failed to converge after 50 iterations
0.8461540000000001,350,,4.067993989738147,-0.04776649544070209,7.165421022292046,,,,False,50,Failed to converge after 50 iterations
0.8461540000000001,375,,4.067993989738147,-0.4471356257210879,3.3467531393238192,,,,False,50,Failed to converge after 50 iterations
0.8461540000000001,400,,4.067993989738147,-0.3443936402338938,3.875968151652132,,,,False,50,Failed to converge after 50 iterations
0.8461540000000001,425,,4.067993989738147,-0.264875731628467,4.4739043227958195,,,,False,50,Failed to converge after 50 iterations
0.8461540000000001,450,,4.067993989738147,-0.31668076577331467,4.2995158712723525,,,,False,50,Failed to converge after 50 iterations
0.8461540000000001,475,,4.067993989738147,-0.3915060821714759,4.05701836761772,,,,False,50,Failed to converge after 50 iterations
0.8461540000000001,500,,4.067993989738147,-0.4818453189773381,3.8198837799634457,,,,False,50,Failed to converge after 50 iterations
0.8461540000000001,525,,4.067993989738147,-0.5931671934866507,3.5835409003681007,,,,False,50,Failed to converge after 50 iterations
0.8461540000000001,550,,4.067993989738147,-0.7357091846479804,3.3400833856625156,,,,False,50,Failed to converge after 50 iterations
0.8461540000000001,575,,4.067993989738147,0.007397206876445128,1.0,,,,False,1,No solution exists for discriminant 
0.8461540000000001,600,,4.067993989738147,0.007397206876445128,1.0,,,,False,1,No solution exists for discriminant 
0.8461540000000001,625,,4.067993989738147,0.007397206876445128,1.0,,,,False,1,No solution exists for discriminant 
0.8461540000000001,650,,4.067993989738147,0.007397206876445128,1.0,,,,False,1,No solution exists for discriminant 
0.8461540000000001,675,,4.067993989738147,0.007397206876445128,1.0,,,,False,1,No solution exists for discriminant 
0.8461540000000001,700,,4.067993989738147,0.007397206876445128,1.0,,,,False,1,No solution exists for discriminant 
0.8461540000000001,725,,4.067993989738147,0.007397206876445128,1.0,,,,False,1,No solution exists for discriminant 
0.8461540000000001,750,,4.067993989738147,0.007397206876445128,1.0,,,,False,1,No solution exists for discriminant 
0.8461540000000001,775,,4.067993989738147,0.007397206876445128,1.0,,,,False,1,No solution exists for discriminant 
0.8461540000000001,800,,4.067993989738147,0.007397206876445128,1.0,,,,False,1,No solution exists for discriminant 
0.8461540000000001,825,,4.067993989738147,0.007397206876445128,1.0,,,,False,1,No solution exists for discriminant 
0.8461540000000001,850,,4.067993989738147,0.007397206876445128,1.0,,,,False,1,No solution exists for discriminant 
0.8461540000000001,875,,4.067993989738147,0.007397206876445128,1.0,,,,False,1,No solution exists for discriminant 
0.8461540000000001,900,,4.067993989738147,0.007397206876445128,1.0,,,,False,1,No solution exists for discriminant 
0.8461540000000001,925,,4.067993989738147,0.007397206876445128,1.0,,,,False,1,No solution exists for discriminant 
0.8461540000000001,950,,4.067993989738147,0.007397206876445128,1.0,,,,False,1,No solution exists for discriminant 
0.8461540000000001,975,,4.067993989738147,0.007397206876445128,1.0,,,,False,1,No solution exists for discriminant 
0.8461540000000001,1000,,4.067993989738147,0.007397206876445128,1.0,,,,False,1,No solution exists for discriminant 
0.8461540000000001,1025,,4.067993989738147,0.007397206876445128,1.0,,,,False,1,No solution exists for discriminant 
0.8461540000000001,1050,,4.067993989738147,0.007397206876445128,1.0,,,,False,1,No solution exists for discriminant 
0.8461540000000001,1075,,4.067993989738147,0.007397206876445128,1.0,,,,False,1,No solution exists for discriminant 
0.8461540000000001,1100,,4.067993989738147,0.007397206876445128,1.0,,,,False,1,No solution exists for discriminant 
0.8461540000000001,1125,,4.067993989738147,0.007397206876445128,1.0,,,,False,1,No solution exists for discriminant 
0.8461540000000001,1150,,4.067993989738147,0.007397206876445128,1.0,,,,False,1,No solution exists for discriminant 
0.8461540000000001,1175,,4.067993989738147,0.007397206876445128,1.0,,,,False,1,No solution exists for discriminant 
0.8461540000000001,1200,,4.067993989738147,0.007397206876445128,1.0,,,,False,1,No solution exists for discriminant 
0.8461540000000001,1225,,4.067993989738147,0.007397206876445128,1.0,,,,False,1,No solution exists for discriminant 
0.8461540000000001,1250,,4.067993989738147,0.007397206876445128,1.0,,,,False,1,No solution exists for discriminant 
0.8461540000000001,1275,,4.067993989738147,0.007397206876445128,1.0,,,,False,1,No solution exists for discriminant 
0.8461540000000001,1300,,4.067993989738147,0.007397206876445128,1.0,,,,False,1,No solution exists for discriminant 
0.8461540000000001,1325,,4.067993989738147,0.007397206876445128,1.0,,,,False,1,No solution exists for discriminant 
0.8461540000000001,1350,,4.067993989738147,0.007397206876445128,1.0,,,,False,1,No solution exists for discriminant 
0.8461540000000001,1375,,4.067993989738147,0.007397206876445128,1.0,,,,False,1,No solution exists for discriminant 
0.8461540000000001,1400,,4.067993989738147,0.007397206876445128,1.0,,,,False,1,No solution exists for discriminant 
0.8461540000000001,1425,,4.067993989738147,0.007397206876445128,1.0,,,,False,1,No solution exists for discriminant 
0.8461540000000001,1450,,4.067993989738147,0.007397206876445128,1.0,,,,False,1,No solution exists for discriminant 
0.8461540000000001,1475,,4.067993989738147,0.007397206876445128,1.0,,,,False,1,No solution exists for discriminant 
0.8461540000000001,1500,,4.067993989738147,0.007397206876445128,1.0,,,,False,1,No solution exists for discriminant 
0.8461540000000001,1525,,4.067993989738147,0.007397206876445128,1.0,,,,False,1,No solution exists for discriminant 
0.8717950000000001,-100,-23.94144871376683,4.076858932141213,0.004176762630984856,3.235330907265788,4.134615384615385,-98.98868218192057,-1.0113178180794336,True,4,
0.8717950000000001,-75,-17.993294391318265,4.076858932141213,0.0050774769334591624,2.4315262690970627,4.134615384615385,-74.39535181025822,-0.6046481897417806,True,5,
0.8717950000000001,-50,-12.022189764169237,4.076858932141213,0.00683046748418433,1.6246202384012483,4.134615384615385,-49.70713075569974,-0.2928692443002632,True,4,
0.8717950000000001,-25,-6.063366435636606,4.076858932141213,0.007629943434546913,0.8193738426535954,4.12312207506805,-24.999999999999968,-3.197442310920451e-14,True,3,
0.8717950000000001,0,0.0,4.076858932141213,0.005564082043022561,0.0,4.076858932141213,0.0,0.0,True,1,
0.8717950000000001,25,6.204269984226179,4.076858932141213,0.0076360315368856424,0.8384148627332674,4.0294829308783084,25.000000000000018,-1.7763568394002505e-14,True,3,
0.8717950000000001,50,12.521820766863945,4.076858932141213,0.006694666135670896,1.6921379414681006,3.9930295226963484,49.99999999999996,4.263256414560601e-14,True,4,
0.8717950000000001,75,18.819056201482844,4.076858932141213,0.004864051737209872,2.543115702903087,3.98532206913174,75.00000000000011,-1.1368683772161603e-13,True,5,
0.8717950000000001,100,25.180540373896292,4.076858932141213,0.004191263538616578,3.4027757262022016,3.971320651389439,99.99999999999989,1.1368683772161603e-13,True,5,
0.8717950000000001,125,31.9733282767788,4.076858932141213,0.005234062251443044,4.32072003740254,3.9095085415547284,125.00000000000004,-4.263256414560601e-14,True,7,
0.8717950000000001,150,39.749058730456966,4.076858932141213,0.007627467833210826,5.371494423034725,3.773674265274244,149.99999999999997,2.842170943040401e-14,True,4,
0.8717950000000001,175,49.146130815119825,4.076858932141213,0.01050031033523643,6.641369029070247,3.5608093068063287,174.99999999999997,2.842170943040401e-14,True,10,
0.8717950000000001,200,58.511135947281566,4.076858932141213,0.011257791797134981,7.906910263146157,3.418152745832857,200.00000000000006,-5.684341886080802e-14,True,8,
0.8717950000000001,225,64.9328981937663,4.076858932141213,0.009421161319107842,8.774715972130581,3.4651156233405342,224.99999999999997,2.842170943040401e-14,True,41,
0.8717950000000001,250,,4.076858932141213,-0.004088002245162999,7.831606263802081,,,,False,50,Failed to converge after 50 iterations
0.8717950000000001,275,,4.076858932141213,-0.025616721316767694,6.901001934542598,,,,False,50,Failed to converge after 50 iterations
0.8717950000000001,300,,4.076858932141213,-0.027708291385014103,7.279170741294439,,,,False,50,Failed to converge after 50 iterations
0.8717950000000001,325,,4.076858932141213,-0.03093731434332499,7.561769731431868,,,,False,50,Failed to converge after 50 iterations
0.8717950000000001,350,,4.076858932141213,-0.047839542079037706,7.155441998098842,,,,False,50,Failed to converge after 50 iterations
0.8717950000000001,375,,4.076858932141213,-0.41453449473669124,3.4539174752130384,,,,False,50,Failed to converge after 50 iterations
0.8717950000000001,400,,4.076858932141213,-0.31257729983945454,4.032549542802138,,,,False,50,Failed to converge after 50 iterations
0.8717950000000001,425,,4.076858932141213,-0.25992652795228693,4.506382031984095,,,,False,50,Failed to converge after 50 iterations
0.8717950000000001,450,,4.076858932141213,-0.31659909035120876,4.298403494489439,,,,False,50,Failed to converge after 50 iterations
0.8717950000000001,475,,4.076858932141213,-0.3930114981583581,4.049086702245785,,,,False,50,Failed to converge after 50 iterations
0.8717950000000001,500,,4.076858932141213,-0.4858584611065474,3.8050481692157043,,,,False,50,Failed to converge after 50 iterations
0.8717950000000001,525,,4.076858932141213,-0.6014961556965851,3.5605934317495493,,,,False,50,Failed to converge after 50 iterations
0.8717950000000001,550,,4.076858932141213,0.007628237958688308,1.0,,,,False,1,No solution exists for discriminant 
0.8717950000000001,575,,4.076858932141213,0.007628237958688308,1.0,,,,False,1,No solution exists for discriminant 
0.8717950000000001,600,,4.076858932141213,0.007628237958688308,1.0,,,,False,1,No solution exists for discriminant 
0.8717950000000001,625,,4.076858932141213,0.007628237958688308,1.0,,,,False,1,No solution exists for discriminant 
0.8717950000000001,650,,4.076858932141213,0.007628237958688308,1.0,,,,False,1,No solution exists for discriminant 
0.8717950000000001,675,,4.076858932141213,0.007628237958688308,1.0,,,,False,1,No solution exists for discriminant 
0.8717950000000001,700,,4.076858932141213,0.007628237958688308,1.0,,,,False,1,No solution exists for discriminant 
0.8717950000000001,725,,4.076858932141213,0.007628237958688308,1.0,,,,False,1,No solution exists for discriminant 
0.8717950000000001,750,,4.076858932141213,0.007628237958688308,1.0,,,,False,1,No solution exists for discriminant 
0.8717950000000001,775,,4.076858932141213,0.007628237958688308,1.0,,,,False,1,No solution exists for discriminant 
0.8717950000000001,800,,4.076858932141213,0.007628237958688308,1.0,,,,False,1,No solution exists for discriminant 
0.8717950000000001,825,,4.076858932141213,0.007628237958688308,1.0,,,,False,1,No solution exists for discriminant 
0.8717950000000001,850,,4.076858932141213,0.007628237958688308,1.0,,,,False,1,No solution exists for discriminant 
0.8717950000000001,875,,4.076858932141213,0.007628237958688308,1.0,,,,False,1,No solution exists for discriminant 
0.8717950000000001,900,,4.076858932141213,0.007628237958688308,1.0,,,,False,1,No solution exists for discriminant 
0.8717950000000001,925,,4.076858932141213,0.007628237958688308,1.0,,,,False,1,No solution exists for discriminant 
0.8717950000000001,950,,4.076858932141213,0.007628237958688308,1.0,,,,False,1,No solution exists for discriminant 
0.8717950000000001,975,,4.076858932141213,0.007628237958688308,1.0,,,,False,1,No solution exists for discriminant 
0.8717950000000001,1000,,4.076858932141213,0.007628237958688308,1.0,,,,False,1,No solution exists for discriminant 
0.8717950000000001,1025,,4.076858932141213,0.007628237958688308,1.0,,,,False,1,No solution exists for discriminant 
0.8717950000000001,1050,,4.076858932141213,0.007628237958688308,1.0,,,,False,1,No solution exists for discriminant 
0.8717950000000001,1075,,4.076858932141213,0.007628237958688308,1.0,,,,False,1,No solution exists for discriminant 
0.8717950000000001,1100,,4.076858932141213,0.007628237958688308,1.0,,,,False,1,No solution exists for discriminant 
0.8717950000000001,1125,,4.076858932141213,0.007628237958688308,1.0,,,,False,1,No solution exists for discriminant 
0.8717950000000001,1150,,4.076858932141213,0.007628237958688308,1.0,,,,False,1,No solution exists for discriminant 
0.8717950000000001,1175,,4.076858932141213,0.007628237958688308,1.0,,,,False,1,No solution exists for discriminant 
0.8717950000000001,1200,,4.076858932141213,0.007628237958688308,1.0,,,,False,1,No solution exists for discriminant 
0.8717950000000001,1225,,4.076858932141213,0.007628237958688308,1.0,,,,False,1,No solution exists for discriminant 
0.8717950000000001,1250,,4.076858932141213,0.007628237958688308,1.0,,,,False,1,No solution exists for discriminant 
0.8717950000000001,1275,,4.076858932141213,0.007628237958688308,1.0,,,,False,1,No solution exists for discriminant 
0.8717950000000001,1300,,4.076858932141213,0.007628237958688308,1.0,,,,False,1,No solution exists for discriminant 
0.8717950000000001,1325,,4.076858932141213,0.007628237958688308,1.0,,,,False,1,No solution exists for discriminant 
0.8717950000000001,1350,,4.076858932141213,0.007628237958688308,1.0,,,,False,1,No solution exists for discriminant 
0.8717950000000001,1375,,4.076858932141213,0.007628237958688308,1.0,,,,False,1,No solution exists for discriminant 
0.8717950000000001,1400,,4.076858932141213,0.007628237958688308,1.0,,,,False,1,No solution exists for discriminant 
0.8717950000000001,1425,,4.076858932141213,0.007628237958688308,1.0,,,,False,1,No solution exists for discriminant 
0.8717950000000001,1450,,4.076858932141213,0.007628237958688308,1.0,,,,False,1,No solution exists for discriminant 
0.8717950000000001,1475,,4.076858932141213,0.007628237958688308,1.0,,,,False,1,No solution exists for discriminant 
0.8717950000000001,1500,,4.076858932141213,0.007628237958688308,1.0,,,,False,1,No solution exists for discriminant 
0.8717950000000001,1525,,4.076858932141213,0.007628237958688308,1.0,,,,False,1,No solution exists for discriminant 
0.897436,-100,-23.847290766400878,4.083672151690497,0.004599109766608738,3.2226068603244427,4.134615384615385,-98.59937528415749,-1.4006247158425111,True,4,
0.897436,-75,-17.934469165277324,4.083672151690497,0.00547655553608182,2.423576914226665,4.134615384615385,-74.15213212566587,-0.8478678743341277,True,5,
0.897436,-50,-11.992667786469084,4.083672151690497,0.0071328565521125,1.6206307819552817,4.134615384615385,-49.58506873251641,-0.41493126748358833,True,4,
0.897436,-25,-6.0512252176108285,4.083672151690497,0.007886433057221543,0.8177331375149768,4.131394734283355,-25.00000000000003,2.842170943040401e-14,True,3,
0.897436,0,0.0,4.083672151690497,0.005943885647073984,0.0,4.083672151690497,0.0,0.0,True,1,
0.897436,25,6.196139445682936,4.083672151690497,0.00789229437373759,0.8373161413085048,4.03477039520444,24.99999999999996,3.907985046680551e-14,True,3,
0.897436,50,12.512206610159142,4.083672151690497,0.006999121654329326,1.6908387311025868,3.996097695461889,49.999999999999964,3.552713678800501e-14,True,4,
0.897436,75,18.821935307810513,4.083672151690497,0.0052576792787206285,2.543504771325745,3.984712452437201,74.99999999999997,2.842170943040401e-14,True,5,
0.897436,100,25.204658691062853,4.083672151690497,0.004608340671817816,3.4060349582517366,3.967520497925185,100.00000000000003,-2.842170943040401e-14,True,5,
0.897436,125,32.00944607119458,4.083672151690497,0.005578818698629713,4.3256008204317,3.905097255415737,125.0,0.0,True,7,
0.897436,150,39.75209734197864,4.083672151690497,0.007805533874717443,5.371905046213329,3.773385809296617,149.99999999999997,2.842170943040401e-14,True,7,
0.897436,175,49.007693192676776,4.083672151690497,0.010463749406695848,6.622661242253618,3.570867931122093,175.0,0.0,True,10,
0.897436,200,58.32638472923346,4.083672151690497,0.011224633067046047,7.881943882328845,3.428979884977493,199.99999999999997,2.842170943040401e-14,True,8,
0.897436,225,64.89908286530468,4.083672151690497,0.009503232106016118,8.770146333149281,3.4669211037539327,225.00000000000003,-2.842170943040401e-14,True,34,
0.897436,250,,4.083672151690497,-0.0019334335636816418,8.046074871434952,,,,False,50,Failed to converge after 50 iterations
0.897436,275,,4.083672151690497,-0.02351333798273477,7.007747390319657,,,,False,50,Failed to converge after 50 iterations
0.897436,300,,4.083672151690497,-0.03456047490436167,6.9245513831225125,,,,False,50,Failed to converge after 50 iterations
0.897436,325,,4.083672151690497,-0.03359631666361457,7.411036884583515,,,,False,50,Failed to converge after 50 iterations
0.897436,350,,4.083672151690497,-0.04884527913256432,7.108923979780952,,,,False,50,Failed to converge after 50 iterations
0.897436,375,,4.083672151690497,-0.36903588171608,3.624459165203081,,,,False,50,Failed to converge after 50 iterations
0.897436,400,,4.083672151690497,-0.27218629724630666,4.264944998003154,,,,False,50,Failed to converge after 50 iterations
0.897436,425,,4.083672151690497,-0.25556974373629276,4.535838253166856,,,,False,50,Failed to converge after 50 iterations
0.897436,450,,4.083672151690497,-0.3168073924720517,4.296019645549993,,,,False,50,Failed to converge after 50 iterations
0.897436,475,,4.083672151690497,-0.3954004619839249,4.037645952117803,,,,False,50,Failed to converge after 50 iterations
0.897436,500,,4.083672151690497,-0.4918237556922184,3.7840715793195447,,,,False,50,Failed to converge after 50 iterations
0.897436,525,,4.083672151690497,-0.6137850626860836,3.5281477847700624,,,,False,50,Failed to converge after 50 iterations
0.897436,550,,4.083672151690497,0.00788391563872843,1.0,,,,False,1,No solution exists for discriminant 
0.897436,575,,4.083672151690497,0.00788391563872843,1.0,,,,False,1,No solution exists for discriminant 
0.897436,600,,4.083672151690497,0.00788391563872843,1.0,,,,False,1,No solution exists for discriminant 
0.897436,625,,4.083672151690497,0.00788391563872843,1.0,,,,False,1,No solution exists for discriminant 
0.897436,650,,4.083672151690497,0.00788391563872843,1.0,,,,False,1,No solution exists for discriminant 
0.897436,675,,4.083672151690497,0.00788391563872843,1.0,,,,False,1,No solution exists for discriminant 
0.897436,700,,4.083672151690497,0.00788391563872843,1.0,,,,False,1,No solution exists for discriminant 
0.897436,725,,4.083672151690497,0.00788391563872843,1.0,,,,False,1,No solution exists for discriminant 
0.897436,750,,4.083672151690497,0.00788391563872843,1.0,,,,False,1,No solution exists for discriminant 
0.897436,775,,4.083672151690497,0.00788391563872843,1.0,,,,False,1,No solution exists for discriminant 
0.897436,800,,4.083672151690497,0.00788391563872843,1.0,,,,False,1,No solution exists for discriminant 
0.897436,825,,4.083672151690497,0.00788391563872843,1.0,,,,False,1,No solution exists for discriminant 
0.897436,850,,4.083672151690497,0.00788391563872843,1.0,,,,False,1,No solution exists for discriminant 
0.897436,875,,4.083672151690497,0.00788391563872843,1.0,,,,False,1,No solution exists for discriminant 
0.897436,900,,4.083672151690497,0.00788391563872843,1.0,,,,False,1,No solution exists for discriminant 
0.897436,925,,4.083672151690497,0.00788391563872843,1.0,,,,False,1,No solution exists for discriminant 
0.897436,950,,4.083672151690497,0.00788391563872843,1.0,,,,False,1,No solution exists for discriminant 
0.897436,975,,4.083672151690497,0.00788391563872843,1.0,,,,False,1,No solution exists for discriminant 
0.897436,1000,,4.083672151690497,0.00788391563872843,1.0,,,,False,1,No solution exists for discriminant 
0.897436,1025,,4.083672151690497,0.00788391563872843,1.0,,,,False,1,No solution exists for discriminant 
0.897436,1050,,4.083672151690497,0.00788391563872843,1.0,,,,False,1,No solution exists for discriminant 
0.897436,1075,,4.083672151690497,0.00788391563872843,1.0,,,,False,1,No solution exists for discriminant 
0.897436,1100,,4.083672151690497,0.00788391563872843,1.0,,,,False,1,No solution exists for discriminant 
0.897436,1125,,4.083672151690497,0.00788391563872843,1.0,,,,False,1,No solution exists for discriminant 
0.897436,1150,,4.083672151690497,0.00788391563872843,1.0,,,,False,1,No solution exists for discriminant 
0.897436,1175,,4.083672151690497,0.00788391563872843,1.0,,,,False,1,No solution exists for discriminant 
0.897436,1200,,4.083672151690497,0.00788391563872843,1.0,,,,False,1,No solution exists for discriminant 
0.897436,1225,,4.083672151690497,0.00788391563872843,1.0,,,,False,1,No solution exists for discriminant 
0.897436,1250,,4.083672151690497,0.00788391563872843,1.0,,,,False,1,No solution exists for discriminant 
0.897436,1275,,4.083672151690497,0.00788391563872843,1.0,,,,False,1,No solution exists for discriminant 
0.897436,1300,,4.083672151690497,0.00788391563872843,1.0,,,,False,1,No solution exists for discriminant 
0.897436,1325,,4.083672151690497,0.00788391563872843,1.0,,,,False,1,No solution exists for discriminant 
0.897436,1350,,4.083672151690497,0.00788391563872843,1.0,,,,False,1,No solution exists for discriminant 
0.897436,1375,,4.083672151690497,0.00788391563872843,1.0,,,,False,1,No solution exists for discriminant 
0.897436,1400,,4.083672151690497,0.00788391563872843,1.0,,,,False,1,No solution exists for discriminant 
0.897436,1425,,4.083672151690497,0.00788391563872843,1.0,,,,False,1,No solution exists for discriminant 
0.897436,1450,,4.083672151690497,0.00788391563872843,1.0,,,,False,1,No solution exists for discriminant 
0.897436,1475,,4.083672151690497,0.00788391563872843,1.0,,,,False,1,No solution exists for discriminant 
0.897436,1500,,4.083672151690497,0.00788391563872843,1.0,,,,False,1,No solution exists for discriminant 
0.897436,1525,,4.083672151690497,0.00788391563872843,1.0,,,,False,1,No solution exists for discriminant 
0.923077,-100,-23.73770037635603,4.091702217757163,0.005097619763154469,3.20779734815622,4.134615384615385,-98.14626117147206,-1.8537388285279377,True,4,
0.923077,-75,-17.866493441761367,4.091702217757163,0.005938472263006975,2.4143910056434277,4.134615384615385,-73.87107865343643,-1.1289213465635726,True,5,
0.923077,-50,-11.958643224080863,4.091702217757163,0.007473598824942698,1.6160328681190355,4.134615384615385,-49.444390253411264,-0.5556097465887362,True,4,
0.923077,-25,-6.037151997679447,4.091702217757163,0.00816994851434953,0.815831351037763,4.134615384615385,-24.961301528866947,-0.03869847113305269,True,3,
0.923077,0,0.0,4.091702217757163,0.006378163540745142,0.0,4.091702217757163,0.0,0.0,True,1,
0.923077,25,6.186395595060061,4.091702217757163,0.008175500156418235,0.8359994047378461,4.041125339602084,24.999999999999925,7.460698725481052e-14,True,3,
0.923077,50,12.500313095810213,4.091702217757163,0.007344008522292794,1.6892314994338125,3.999899811850205,49.99999999999992,7.815970093361102e-14,True,4,
0.923077,75,18.824911007055942,4.091702217757163,0.005716873690468619,2.5439068928453974,3.984082579295512,74.99999999999991,8.526512829121202e-14,True,5,
0.923077,100,25.233384262288318,4.091702217757163,0.005100319719142752,3.4099167922011238,3.963003890423508,99.99999999999993,7.105427357601002e-14,True,5,
0.923077,125,32.052291431386266,4.091702217757163,0.005984752624349144,4.331390733971117,3.8998771824967706,125.00000000000006,-5.684341886080802e-14,True,6,
0.923077,150,39.754240471690856,4.091702217757163,0.008012222743530924,5.372194658336602,3.773182388098084,150.0,0.0,True,7,
0.923077,175,48.84271901622724,4.091702217757163,0.010416559794249635,6.600367434625302,3.5829291146108986,174.99999999999997,2.842170943040401e-14,True,9,
0.923077,200,58.09292449317724,4.091702217757163,0.011170760761270968,7.850395201780708,3.4427600563213017,200.0,0.0,True,7,
0.923077,225,64.85009255655682,4.091702217757163,0.009593850078116552,8.763526021156325,3.469540152217575,224.99999999999994,5.684341886080802e-14,True,28,
0.923077,250,,4.091702217757163,0.0011962563149346675,8.409663757747607,,,,False,50,Failed to converge after 50 iterations
0.923077,275,,4.091702217757163,-0.020677224591429122,7.163397851561765,,,,False,50,Failed to converge after 50 iterations
0.923077,300,,4.091702217757163,-0.04317144905951659,6.5540932494193616,,,,False,50,Failed to converge after 50 iterations
0.923077,325,,4.091702217757163,-0.03875715703279655,7.150142027503111,,,,False,50,Failed to converge after 50 iterations
0.923077,350,,4.091702217757163,-0.05215770380870257,6.972903792032405,,,,False,50,Failed to converge after 50 iterations
0.923077,375,,4.091702217757163,-0.29828323991947076,3.9534413649858617,,,,False,50,Failed to converge after 50 iterations
0.923077,400,,4.091702217757163,-0.23418144575819524,4.527832022644105,,,,False,50,Failed to converge after 50 iterations
0.923077,425,,4.091702217757163,-0.2515534926609429,4.563182538252047,,,,False,50,Failed to converge after 50 iterations
0.923077,450,,4.091702217757163,-0.3163831014984949,4.296988226045622,,,,False,50,Failed to converge after 50 iterations
0.923077,475,,4.091702217757163,-0.39767311192162963,4.026626577011898,,,,False,50,Failed to converge after 50 iterations
0.923077,500,,4.091702217757163,-0.49877631629780844,3.7600523384362083,,,,False,50,Failed to converge after 50 iterations
0.923077,525,,4.091702217757163,0.008166741160892646,1.0,,,,False,1,No solution exists for discriminant 
0.923077,550,,4.091702217757163,0.008166741160892646,1.0,,,,False,1,No solution exists for discriminant 
0.923077,575,,4.091702217757163,0.008166741160892646,1.0,,,,False,1,No solution exists for discriminant 
0.923077,600,,4.091702217757163,0.008166741160892646,1.0,,,,False,1,No solution exists for discriminant 
0.923077,625,,4.091702217757163,0.008166741160892646,1.0,,,,False,1,No solution exists for discriminant 
0.923077,650,,4.091702217757163,0.008166741160892646,1.0,,,,False,1,No solution exists for discriminant 
0.923077,675,,4.091702217757163,0.008166741160892646,1.0,,,,False,1,No solution exists for discriminant 
0.923077,700,,4.091702217757163,0.008166741160892646,1.0,,,,False,1,No solution exists for discriminant 
0.923077,725,,4.091702217757163,0.008166741160892646,1.0,,,,False,1,No solution exists for discriminant 
0.923077,750,,4.091702217757163,0.008166741160892646,1.0,,,,False,1,No solution exists for discriminant 
0.923077,775,,4.091702217757163,0.008166741160892646,1.0,,,,False,1,No solution exists for discriminant 
0.923077,800,,4.091702217757163,0.008166741160892646,1.0,,,,False,1,No solution exists for discriminant 
0.923077,825,,4.091702217757163,0.008166741160892646,1.0,,,,False,1,No solution exists for discriminant 
0.923077,850,,4.091702217757163,0.008166741160892646,1.0,,,,False,1,No solution exists for discriminant 
0.923077,875,,4.091702217757163,0.008166741160892646,1.0,,,,False,1,No solution exists for discriminant 
0.923077,900,,4.091702217757163,0.008166741160892646,1.0,,,,False,1,No solution exists for discriminant 
0.923077,925,,4.091702217757163,0.008166741160892646,1.0,,,,False,1,No solution exists for discriminant 
0.923077,950,,4.091702217757163,0.008166741160892646,1.0,,,,False,1,No solution exists for discriminant 
0.923077,975,,4.091702217757163,0.008166741160892646,1.0,,,,False,1,No solution exists for discriminant 
0.923077,1000,,4.091702217757163,0.008166741160892646,1.0,,,,False,1,No solution exists for discriminant 
0.923077,1025,,4.091702217757163,0.008166741160892646,1.0,,,,False,1,No solution exists for discriminant 
0.923077,1050,,4.091702217757163,0.008166741160892646,1.0,,,,False,1,No solution exists for discriminant 
0.923077,1075,,4.091702217757163,0.008166741160892646,1.0,,,,False,1,No solution exists for discriminant 
0.923077,1100,,4.091702217757163,0.008166741160892646,1.0,,,,False,1,No solution exists for discriminant 
0.923077,1125,,4.091702217757163,0.008166741160892646,1.0,,,,False,1,No solution exists for discriminant 
0.923077,1150,,4.091702217757163,0.008166741160892646,1.0,,,,False,1,No solution exists for discriminant 
0.923077,1175,,4.091702217757163,0.008166741160892646,1.0,,,,False,1,No solution exists for discriminant 
0.923077,1200,,4.091702217757163,0.008166741160892646,1.0,,,,False,1,No solution exists for discriminant 
0.923077,1225,,4.091702217757163,0.008166741160892646,1.0,,,,False,1,No solution exists for discriminant 
0.923077,1250,,4.091702217757163,0.008166741160892646,1.0,,,,False,1,No solution exists for discriminant 
0.923077,1275,,4.091702217757163,0.008166741160892646,1.0,,,,False,1,No solution exists for discriminant 
0.923077,1300,,4.091702217757163,0.008166741160892646,1.0,,,,False,1,No solution exists for discriminant 
0.923077,1325,,4.091702217757163,0.008166741160892646,1.0,,,,False,1,No solution exists for discriminant 
0.923077,1350,,4.091702217757163,0.008166741160892646,1.0,,,,False,1,No solution exists for discriminant 
0.923077,1375,,4.091702217757163,0.008166741160892646,1.0,,,,False,1,No solution exists for discriminant 
0.923077,1400,,4.091702217757163,0.008166741160892646,1.0,,,,False,1,No solution exists for discriminant 
0.923077,1425,,4.091702217757163,0.008166741160892646,1.0,,,,False,1,No solution exists for discriminant 
0.923077,1450,,4.091702217757163,0.008166741160892646,1.0,,,,False,1,No solution exists for discriminant 
0.923077,1475,,4.091702217757163,0.008166741160892646,1.0,,,,False,1,No solution exists for discriminant 
0.923077,1500,,4.091702217757163,0.008166741160892646,1.0,,,,False,1,No solution exists for discriminant 
0.923077,1525,,4.091702217757163,0.008166741160892646,1.0,,,,False,1,No solution exists for discriminant 
0.9487180000000001,-100,-23.58296569373892,4.106768017979938,0.00566429056831259,3.1868872559106647,4.134615384615385,-97.50649277218977,-2.493507227810227,True,4,
0.9487180000000001,-75,-17.7660555351592,4.106768017979938,0.006459822234577666,2.400818315562054,4.134615384615385,-73.45580653960054,-1.5441934603994554,True,5,
0.9487180000000001,-50,-11.904104307119887,4.106768017979938,0.007851409301602231,1.60866274420539,4.134615384615385,-49.21889280828415,-0.7811071917158472,True,4,
0.9487180000000001,-25,-6.0128768570973605,4.106768017979938,0.008477728431366455,0.8125509266347785,4.134615384615385,-24.86093315915255,-0.13906684084744825,True,3,
0.9487180000000001,0,0.0,4.106768017979938,0.006860438896613849,0.0,4.106768017979938,0.0,0.0,True,1,
0.9487180000000001,25,6.1660464558138735,4.106768017979938,0.008482937630315537,0.8332495210559288,4.054461830469641,24.99999999999996,3.907985046680551e-14,True,3,
0.9487180000000001,50,12.467558876347969,4.106768017979938,0.007728846291718566,1.6848052535605362,4.010408171791694,49.99999999999996,4.263256414560601e-14,True,4,
0.9487180000000001,75,18.799496843294534,4.106768017979938,0.006239504390673919,2.540472546391153,3.9894684748837412,74.99999999999996,4.263256414560601e-14,True,5,
0.9487180000000001,100,25.226713556876405,4.106768017979938,0.005657343721949976,3.409015345523838,3.9640518284135133,99.99999999999987,1.2789769243681803e-13,True,5,
0.9487180000000001,125,32.04665481990327,4.106768017979938,0.006434521678683169,4.330629029716658,3.9005631228119944,124.99999999999994,5.684341886080802e-14,True,6,
0.9487180000000001,150,39.679174649386965,4.106768017979938,0.008227173424921462,5.362050628295536,3.7803205667816844,149.99999999999997,2.842170943040401e-14,True,7,
0.9487180000000001,175,48.553036198300404,4.106768017979938,0.010348724835594183,6.561221107878433,3.6043060064310835,174.99999999999997,2.842170943040401e-14,True,9,
0.9487180000000001,200,57.70615719853271,4.106768017979938,0.011106845164202551,7.798129351153068,3.465834664954703,200.00000000000003,-2.842170943040401e-14,True,6,
0.9487180000000001,225,64.7001661558966,4.106768017979938,0.009724674825594882,8.743265696742784,3.477579940951885,225.00000000000003,-2.842170943040401e-14,True,22,
0.9487180000000001,250,,4.106768017979938,0.0068130587363896,9.284660175596006,,,,False,50,Failed to converge after 50 iterations
0.9487180000000001,275,,4.106768017979938,-0.016550608892381406,7.411041670109063,,,,False,50,Failed to converge after 50 iterations
0.9487180000000001,300,,4.106768017979938,-0.04035060363768323,6.653210706930647,,,,False,50,Failed to converge after 50 iterations
0.9487180000000001,325,,4.106768017979938,-0.053563751989318724,6.551532150755166,,,,False,50,Failed to converge after 50 iterations
0.9487180000000001,350,,4.106768017979938,-0.06625335706185181,6.489421931512476,,,,False,50,Failed to converge after 50 iterations
0.9487180000000001,375,,4.106768017979938,-0.1987846140316289,4.637189196249965,,,,False,50,Failed to converge after 50 iterations
0.9487180000000001,400,,4.106768017979938,-0.20654066853346253,4.7533469637055035,,,,False,50,Failed to converge after 50 iterations
0.9487180000000001,425,,4.106768017979938,-0.24577090435112622,4.602759001355362,,,,False,50,Failed to converge after 50 iterations
0.9487180000000001,450,,4.106768017979938,-0.31296001085024533,4.3137450314124814,,,,False,50,Failed to converge after 50 iterations
0.9487180000000001,475,,4.106768017979938,-0.39691993608732673,4.027696410594372,,,,False,50,Failed to converge after 50 iterations
0.9487180000000001,500,,4.106768017979938,0.008474204892583947,1.0,,,,False,1,No solution exists for discriminant 
0.9487180000000001,525,,4.106768017979938,0.008474204892583947,1.0,,,,False,1,No solution exists for discriminant 
0.9487180000000001,550,,4.106768017979938,0.008474204892583947,1.0,,,,False,1,No solution exists for discriminant 
0.9487180000000001,575,,4.106768017979938,0.008474204892583947,1.0,,,,False,1,No solution exists for discriminant 
0.9487180000000001,600,,4.106768017979938,0.008474204892583947,1.0,,,,False,1,No solution exists for discriminant 
0.9487180000000001,625,,4.106768017979938,0.008474204892583947,1.0,,,,False,1,No solution exists for discriminant 
0.9487180000000001,650,,4.106768017979938,0.008474204892583947,1.0,,,,False,1,No solution exists for discriminant 
0.9487180000000001,675,,4.106768017979938,0.008474204892583947,1.0,,,,False,1,No solution exists for discriminant 
0.9487180000000001,700,,4.106768017979938,0.008474204892583947,1.0,,,,False,1,No solution exists for discriminant 
0.9487180000000001,725,,4.106768017979938,0.008474204892583947,1.0,,,,False,1,No solution exists for discriminant 
0.9487180000000001,750,,4.106768017979938,0.008474204892583947,1.0,,,,False,1,No solution exists for discriminant 
0.9487180000000001,775,,4.106768017979938,0.008474204892583947,1.0,,,,False,1,No solution exists for discriminant 
0.9487180000000001,800,,4.106768017979938,0.008474204892583947,1.0,,,,False,1,No solution exists for discriminant 
0.9487180000000001,825,,4.106768017979938,0.008474204892583947,1.0,,,,False,1,No solution exists for discriminant 
0.9487180000000001,850,,4.106768017979938,0.008474204892583947,1.0,,,,False,1,No solution exists for discriminant 
0.9487180000000001,875,,4.106768017979938,0.008474204892583947,1.0,,,,False,1,No solution exists for discriminant 
0.9487180000000001,900,,4.106768017979938,0.008474204892583947,1.0,,,,False,1,No solution exists for discriminant 
0.9487180000000001,925,,4.106768017979938,0.008474204892583947,1.0,,,,False,1,No solution exists for discriminant 
0.9487180000000001,950,,4.106768017979938,0.008474204892583947,1.0,,,,False,1,No solution exists for discriminant 
0.9487180000000001,975,,4.106768017979938,0.008474204892583947,1.0,,,,False,1,No solution exists for discriminant 
0.9487180000000001,1000,,4.106768017979938,0.008474204892583947,1.0,,,,False,1,No solution exists for discriminant 
0.9487180000000001,1025,,4.106768017979938,0.008474204892583947,1.0,,,,False,1,No solution exists for discriminant 
0.9487180000000001,1050,,4.106768017979938,0.008474204892583947,1.0,,,,False,1,No solution exists for discriminant 
0.9487180000000001,1075,,4.106768017979938,0.008474204892583947,1.0,,,,False,1,No solution exists for discriminant 
0.9487180000000001,1100,,4.106768017979938,0.008474204892583947,1.0,,,,False,1,No solution exists for discriminant 
0.9487180000000001,1125,,4.106768017979938,0.008474204892583947,1.0,,,,False,1,No solution exists for discriminant 
0.9487180000000001,1150,,4.106768017979938,0.008474204892583947,1.0,,,,False,1,No solution exists for discriminant 
0.9487180000000001,1175,,4.106768017979938,0.008474204892583947,1.0,,,,False,1,No solution exists for discriminant 
0.9487180000000001,1200,,4.106768017979938,0.008474204892583947,1.0,,,,False,1,No solution exists for discriminant 
0.9487180000000001,1225,,4.106768017979938,0.008474204892583947,1.0,,,,False,1,No solution exists for discriminant 
0.9487180000000001,1250,,4.106768017979938,0.008474204892583947,1.0,,,,False,1,No solution exists for discriminant 
0.9487180000000001,1275,,4.106768017979938,0.008474204892583947,1.0,,,,False,1,No solution exists for discriminant 
0.9487180000000001,1300,,4.106768017979938,0.008474204892583947,1.0,,,,False,1,No solution exists for discriminant 
0.9487180000000001,1325,,4.106768017979938,0.008474204892583947,1.0,,,,False,1,No solution exists for discriminant 
0.9487180000000001,1350,,4.106768017979938,0.008474204892583947,1.0,,,,False,1,No solution exists for discriminant 
0.9487180000000001,1375,,4.106768017979938,0.008474204892583947,1.0,,,,False,1,No solution exists for discriminant 
0.9487180000000001,1400,,4.106768017979938,0.008474204892583947,1.0,,,,False,1,No solution exists for discriminant 
0.9487180000000001,1425,,4.106768017979938,0.008474204892583947,1.0,,,,False,1,No solution exists for discriminant 
0.9487180000000001,1450,,4.106768017979938,0.008474204892583947,1.0,,,,False,1,No solution exists for discriminant 
0.9487180000000001,1475,,4.106768017979938,0.008474204892583947,1.0,,,,False,1,No solution exists for discriminant 
0.9487180000000001,1500,,4.106768017979938,0.008474204892583947,1.0,,,,False,1,No solution exists for discriminant 
0.9487180000000001,1525,,4.106768017979938,0.008474204892583947,1.0,,,,False,1,No solution exists for discriminant 
0.9743590000000001,-100,-23.35153923572219,4.135546759843622,0.00628764511920632,3.155613410232728,4.134615384615385,-96.54963337846675,-3.4503666215332487,True,5,
0.9743590000000001,-75,-17.608232356893204,4.135546759843622,0.007032197412260084,2.379490859039622,4.134615384615385,-72.80326839869306,-2.1967316013069365,True,5,
0.9743590000000001,-50,-11.81159358711409,4.135546759843622,0.008261568981530227,1.5961612955559579,4.134615384615385,-48.83639656210634,-1.1636034378936628,True,4,
0.9743590000000001,-25,-5.969281370340163,4.135546759843622,0.00880542635465534,0.8066596446405625,4.134615384615385,-24.680682588906443,-0.31931741109355727,True,3,
0.9743590000000001,0,0.0,4.135546759843622,0.007381279608494722,0.0,4.135546759843622,0.0,0.0,True,1,
0.9743590000000001,25,6.125074464264113,4.135546759843622,0.00881029751733334,0.8277127654410963,4.081583031497635,24.999999999999872,1.2789769243681803e-13,True,3,
0.9743590000000001,50,12.392955426775021,4.135546759843622,0.008149518865382236,1.6747237063209488,4.034550135795278,49.99999999999999,7.105427357601002e-15,True,4,
0.9743590000000001,75,18.712792747140895,4.135546759843622,0.00681851350615593,2.5287557766406614,4.007953329759346,74.99999999999989,1.1368683772161603e-13,True,5,
0.9743590000000001,100,25.138131217681867,4.135546759843622,0.006266428908955335,3.397044759146198,3.9780204476640284,99.9999999999999,9.947598300641403e-14,True,4,
0.9743590000000001,125,31.929567174176636,4.135546759843622,0.006911463470590957,4.314806374888734,3.9148667226875205,124.99999999999991,8.526512829121202e-14,True,6,
0.9743590000000001,150,39.44478358761014,4.135546759843622,0.008436161248508635,5.330376160487856,3.8027842050860166,149.99999999999997,2.842170943040401e-14,True,7,
0.9743590000000001,175,48.039070408127905,4.135546759843622,0.010255789635276725,6.491766271368635,3.6428681594636156,174.99999999999994,5.684341886080802e-14,True,8,
0.9743590000000001,200,57.0428475723542,4.135546759843622,0.011033993933316394,7.708492915182999,3.506136325791174,199.99999999999994,5.684341886080802e-14,True,6,
0.9743590000000001,225,64.32953650713812,4.135546759843622,0.009916611337291405,8.693180609072718,3.497615748794235,224.99999999999997,2.842170943040401e-14,True,17,
0.9743590000000001,250,,4.135546759843622,0.007749625969215645,9.392427914696972,,,,False,50,Failed to converge after 50 iterations
0.9743590000000001,275,,4.135546759843622,-0.010407220800559683,7.841085237257663,,,,False,50,Failed to converge after 50 iterations
0.9743590000000001,300,,4.135546759843622,-0.03358107581869155,6.923008161266937,,,,False,50,Failed to converge after 50 iterations
0.9743590000000001,325,,4.135546759843622,-0.060329543905722316,6.314929891734148,,,,False,50,Failed to converge after 50 iterations
0.9743590000000001,350,,4.135546759843622,-0.08553565182560088,5.974162428457546,,,,False,50,Failed to converge after 50 iterations
0.9743590000000001,375,,4.135546759843622,-0.14062633954936446,5.2686687517494555,,,,False,50,Failed to converge after 50 iterations
0.9743590000000001,400,,4.135546759843622,-0.18529960195073564,4.9491446201412765,,,,False,50,Failed to converge after 50 iterations
0.9743590000000001,425,,4.135546759843622,-0.2351353006585156,4.678426520174831,,,,False,50,Failed to converge after 50 iterations
0.9743590000000001,450,,4.135546759843622,-0.30316938271376787,4.365595483009991,,,,False,50,Failed to converge after 50 iterations
0.9743590000000001,475,,4.135546759843622,-0.38876043308822805,4.059214364651275,,,,False,50,Failed to converge after 50 iterations
0.9743590000000001,500,,4.135546759843622,0.008802110485246865,1.0,,,,False,1,No solution exists for discriminant 
0.9743590000000001,525,,4.135546759843622,0.008802110485246865,1.0,,,,False,1,No solution exists for discriminant 
0.9743590000000001,550,,4.135546759843622,0.008802110485246865,1.0,,,,False,1,No solution exists for discriminant 
0.9743590000000001,575,,4.135546759843622,0.008802110485246865,1.0,,,,False,1,No solution exists for discriminant 
0.9743590000000001,600,,4.135546759843622,0.008802110485246865,1.0,,,,False,1,No solution exists for discriminant 
0.9743590000000001,625,,4.135546759843622,0.008802110485246865,1.0,,,,False,1,No solution exists for discriminant 
0.9743590000000001,650,,4.135546759843622,0.008802110485246865,1.0,,,,False,1,No solution exists for discriminant 
0.9743590000000001,675,,4.135546759843622,0.008802110485246865,1.0,,,,False,1,No solution exists for discriminant 
0.9743590000000001,700,,4.135546759843622,0.008802110485246865,1.0,,,,False,1,No solution exists for discriminant 
0.9743590000000001,725,,4.135546759843622,0.008802110485246865,1.0,,,,False,1,No solution exists for discriminant 
0.9743590000000001,750,,4.135546759843622,0.008802110485246865,1.0,,,,False,1,No solution exists for discriminant 
0.9743590000000001,775,,4.135546759843622,0.008802110485246865,1.0,,,,False,1,No solution exists for discriminant 
0.9743590000000001,800,,4.135546759843622,0.008802110485246865,1.0,,,,False,1,No solution exists for discriminant 
0.9743590000000001,825,,4.135546759843622,0.008802110485246865,1.0,,,,False,1,No solution exists for discriminant 
0.9743590000000001,850,,4.135546759843622,0.008802110485246865,1.0,,,,False,1,No solution exists for discriminant 
0.9743590000000001,875,,4.135546759843622,0.008802110485246865,1.0,,,,False,1,No solution exists for discriminant 
0.9743590000000001,900,,4.135546759843622,0.008802110485246865,1.0,,,,False,1,No solution exists for discriminant 
0.9743590000000001,925,,4.135546759843622,0.008802110485246865,1.0,,,,False,1,No solution exists for discriminant 
0.9743590000000001,950,,4.135546759843622,0.008802110485246865,1.0,,,,False,1,No solution exists for discriminant 
0.9743590000000001,975,,4.135546759843622,0.008802110485246865,1.0,,,,False,1,No solution exists for discriminant 
0.9743590000000001,1000,,4.135546759843622,0.008802110485246865,1.0,,,,False,1,No solution exists for discriminant 
0.9743590000000001,1025,,4.135546759843622,0.008802110485246865,1.0,,,,False,1,No solution exists for discriminant 
0.9743590000000001,1050,,4.135546759843622,0.008802110485246865,1.0,,,,False,1,No solution exists for discriminant 
0.9743590000000001,1075,,4.135546759843622,0.008802110485246865,1.0,,,,False,1,No solution exists for discriminant 
0.9743590000000001,1100,,4.135546759843622,0.008802110485246865,1.0,,,,False,1,No solution exists for discriminant 
0.9743590000000001,1125,,4.135546759843622,0.008802110485246865,1.0,,,,False,1,No solution exists for discriminant 
0.9743590000000001,1150,,4.135546759843622,0.008802110485246865,1.0,,,,False,1,No solution exists for discriminant 
0.9743590000000001,1175,,4.135546759843622,0.008802110485246865,1.0,,,,False,1,No solution exists for discriminant 
0.9743590000000001,1200,,4.135546759843622,0.008802110485246865,1.0,,,,False,1,No solution exists for discriminant 
0.9743590000000001,1225,,4.135546759843622,0.008802110485246865,1.0,,,,False,1,No solution exists for discriminant 
0.9743590000000001,1250,,4.135546759843622,0.008802110485246865,1.0,,,,False,1,No solution exists for discriminant 
0.9743590000000001,1275,,4.135546759843622,0.008802110485246865,1.0,,,,False,1,No solution exists for discriminant 
0.9743590000000001,1300,,4.135546759843622,0.008802110485246865,1.0,,,,False,1,No solution exists for discriminant 
0.9743590000000001,1325,,4.135546759843622,0.008802110485246865,1.0,,,,False,1,No solution exists for discriminant 
0.9743590000000001,1350,,4.135546759843622,0.008802110485246865,1.0,,,,False,1,No solution exists for discriminant 
0.9743590000000001,1375,,4.135546759843622,0.008802110485246865,1.0,,,,False,1,No solution exists for discriminant 
0.9743590000000001,1400,,4.135546759843622,0.008802110485246865,1.0,,,,False,1,No solution exists for discriminant 
0.9743590000000001,1425,,4.135546759843622,0.008802110485246865,1.0,,,,False,1,No solution exists for discriminant 
0.9743590000000001,1450,,4.135546759843622,0.008802110485246865,1.0,,,,False,1,No solution exists for discriminant 
0.9743590000000001,1475,,4.135546759843622,0.008802110485246865,1.0,,,,False,1,No solution exists for discriminant 
0.9743590000000001,1500,,4.135546759843622,0.008802110485246865,1.0,,,,False,1,No solution exists for discriminant 
0.9743590000000001,1525,,4.135546759843622,0.008802110485246865,1.0,,,,False,1,No solution exists for discriminant 
1.0,-100,-23.015882086760087,4.18471629757626,0.006956482296382622,3.1102543360486603,4.134615384615385,-95.1618201664119,-4.8381798335881,True,5,
1.0,-75,-17.371151276941927,4.18471629757626,0.007644100827679633,2.347452875262422,4.134615384615385,-71.82302931812528,-3.176970681874721,True,5,
1.0,-50,-11.665420907091296,4.18471629757626,0.008697128357628004,1.5764082306880127,4.134615384615385,-48.23202875047363,-1.7679712495263686,True,4,
1.0,-25,-5.8980668985479205,4.18471629757626,0.009148864761035474,0.7970360673713406,4.134615384615385,-24.386238138226982,-0.6137618617730176,True,3,
1.0,0,0.0,4.18471629757626,0.007931251343402453,0.0,4.18471629757626,0.0,0.0,True,1,
1.0,25,6.054296512189679,4.18471629757626,0.00915339801775621,0.8181481773229295,4.129298911882675,24.999999999999915,8.526512829121202e-14,True,3,
1.0,50,12.256955484678121,4.18471629757626,0.008599187519958248,1.6563453357673137,4.079316438939733,49.99999999999998,2.1316282072803006e-14,True,4,
1.0,75,18.53334497472645,4.18471629757626,0.007443677854091572,2.504506077665736,4.04676004802565,74.99999999999994,5.684341886080802e-14,True,5,
1.0,100,24.923131622857092,4.18471629757626,0.006916443215313095,3.367990759845553,4.012336872958995,99.99999999999987,1.2789769243681803e-13,True,4,
1.0,125,31.643013818693948,4.18471629757626,0.007407551568945595,4.276082948472155,3.950319040917427,124.99999999999997,2.842170943040401e-14,True,6,
1.0,150,38.98229219562331,4.18471629757626,0.008640213476006015,5.267877323732879,3.847900971222032,149.99999999999997,2.842170943040401e-14,True,7,
1.0,175,47.226211858054654,4.18471629757626,0.010145785486788681,6.381920521358737,3.705569282710802,174.99999999999994,5.684341886080802e-14,True,8,
1.0,200,55.989754952940295,4.18471629757626,0.010941898638470341,7.566183101748688,3.572082074088395,199.99999999999994,5.684341886080802e-14,True,5,
1.0,225,63.58883250842733,4.18471629757626,0.010164664528265512,8.5930854741118,3.5383571473840325,224.99999999999997,2.842170943040401e-14,True,13,
1.0,250,69.22388312725768,4.18471629757626,0.008281043222057206,9.354578800980766,3.6114703294008033,250.0,0.0,True,40,
1.0,275,,4.18471629757626,-0.0009070496296629538,8.75743666864714,,,,False,50,Failed to converge after 50 iterations
1.0,300,,4.18471629757626,-0.023743524276350795,7.39295299724017,,,,False,50,Failed to converge after 50 iterations
1.0,325,,4.18471629757626,-0.04940269321050448,6.641563001802861,,,,False,50,Failed to converge after 50 iterations
1.0,350,,4.18471629757626,-0.0798615960232361,6.080701233490576,,,,False,50,Failed to converge after 50 iterations
1.0,375,,4.18471629757626,-0.11706138115272234,5.605437295951225,,,,False,50,Failed to converge after 50 iterations
1.0,400,,4.18471629757626,-0.16331412390048705,5.176982907913901,,,,False,50,Failed to converge after 50 iterations
1.0,425,,4.18471629757626,-0.21636865491342328,4.8232638600113065,,,,False,50,Failed to converge after 50 iterations
1.0,450,,4.18471629757626,-0.2831010495544547,4.480733639050188,,,,False,50,Failed to converge after 50 iterations
1.0,475,,4.18471629757626,-0.3678418875890318,4.147850545839709,,,,False,50,Failed to converge after 50 iterations
1.0,500,,4.18471629757626,0.009146260319386982,1.0,,,,False,1,No solution exists for discriminant 
1.0,525,,4.18471629757626,0.009146260319386982,1.0,,,,False,1,No solution exists for discriminant 
1.0,550,,4.18471629757626,0.009146260319386982,1.0,,,,False,1,No solution exists for discriminant 
1.0,575,,4.18471629757626,0.009146260319386982,1.0,,,,False,1,No solution exists for discriminant 
1.0,600,,4.18471629757626,0.009146260319386982,1.0,,,,False,1,No solution exists for discriminant 
1.0,625,,4.18471629757626,0.009146260319386982,1.0,,,,False,1,No solution exists for discriminant 
1.0,650,,4.18471629757626,0.009146260319386982,1.0,,,,False,1,No solution exists for discriminant 
1.0,675,,4.18471629757626,0.009146260319386982,1.0,,,,False,1,No solution exists for discriminant 
1.0,700,,4.18471629757626,0.009146260319386982,1.0,,,,False,1,No solution exists for discriminant 
1.0,725,,4.18471629757626,0.009146260319386982,1.0,,,,False,1,No solution exists for discriminant 
1.0,750,,4.18471629757626,0.009146260319386982,1.0,,,,False,1,No solution exists for discriminant 
1.0,775,,4.18471629757626,0.009146260319386982,1.0,,,,False,1,No solution exists for discriminant 
1.0,800,,4.18471629757626,0.009146260319386982,1.0,,,,False,1,No solution exists for discriminant 
1.0,825,,4.18471629757626,0.009146260319386982,1.0,,,,False,1,No solution exists for discriminant 
1.0,850,,4.18471629757626,0.009146260319386982,1.0,,,,False,1,No solution exists for discriminant 
1.0,875,,4.18471629757626,0.009146260319386982,1.0,,,,False,1,No solution exists for discriminant 
1.0,900,,4.18471629757626,0.009146260319386982,1.0,,,,False,1,No solution exists for discriminant 
1.0,925,,4.18471629757626,0.009146260319386982,1.0,,,,False,1,No solution exists for discriminant 
1.0,950,,4.18471629757626,0.009146260319386982,1.0,,,,False,1,No solution exists for discriminant 
1.0,975,,4.18471629757626,0.009146260319386982,1.0,,,,False,1,No solution exists for discriminant 
1.0,1000,,4.18471629757626,0.009146260319386982,1.0,,,,False,1,No solution exists for discriminant 
1.0,1025,,4.18471629757626,0.009146260319386982,1.0,,,,False,1,No solution exists for discriminant 
1.0,1050,,4.18471629757626,0.009146260319386982,1.0,,,,False,1,No solution exists for discriminant 
1.0,1075,,4.18471629757626,0.009146260319386982,1.0,,,,False,1,No solution exists for discriminant 
1.0,1100,,4.18471629757626,0.009146260319386982,1.0,,,,False,1,No solution exists for discriminant 
1.0,1125,,4.18471629757626,0.009146260319386982,1.0,,,,False,1,No solution exists for discriminant 
1.0,1150,,4.18471629757626,0.009146260319386982,1.0,,,,False,1,No solution exists for discriminant 
1.0,1175,,4.18471629757626,0.009146260319386982,1.0,,,,False,1,No solution exists for discriminant 
1.0,1200,,4.18471629757626,0.009146260319386982,1.0,,,,False,1,No solution exists for discriminant 
1.0,1225,,4.18471629757626,0.009146260319386982,1.0,,,,False,1,No solution exists for discriminant 
1.0,1250,,4.18471629757626,0.009146260319386982,1.0,,,,False,1,No solution exists for discriminant 
1.0,1275,,4.18471629757626,0.009146260319386982,1.0,,,,False,1,No solution exists for discriminant 
1.0,1300,,4.18471629757626,0.009146260319386982,1.0,,,,False,1,No solution exists for discriminant 
1.0,1325,,4.18471629757626,0.009146260319386982,1.0,,,,False,1,No solution exists for discriminant 
1.0,1350,,4.18471629757626,0.009146260319386982,1.0,,,,False,1,No solution exists for discriminant 
1.0,1375,,4.18471629757626,0.009146260319386982,1.0,,,,False,1,No solution exists for discriminant 
1.0,1400,,4.18471629757626,0.009146260319386982,1.0,,,,False,1,No solution exists for discriminant 
1.0,1425,,4.18471629757626,0.009146260319386982,1.0,,,,False,1,No solution exists for discriminant 
1.0,1450,,4.18471629757626,0.009146260319386982,1.0,,,,False,1,No solution exists for discriminant 
1.0,1475,,4.18471629757626,0.009146260319386982,1.0,,,,False,1,No solution exists for discriminant 
1.0,1500,,4.18471629757626,0.009146260319386982,1.0,,,,False,1,No solution exists for discriminant 
1.0,1525,,4.18471629757626,0.009146260319386982,1.0,,,,False,1,No solution exists for discriminant 
