soc,power,ocv,line_voltage,c_rate,current,ir0
1e-06,-100,2.5,3.1767254974824843,5.281735467537292,-25.925925925925927,0.026102269188610108
1e-06,-75,2.5,3.1262116589408984,4.172295315822746,-23.990698065980787,0.026102269188610108
1e-06,-50,2.5,2.9434029229425898,2.954285363425473,-16.98714083969647,0.026102269188610108
1e-06,-25,2.5,2.738306665212265,1.5877790980067212,-9.129729813538647,0.02610226918861011
1e-06,0,2.5,2.5,0.0,0.0,0.026102269188610104
1e-06,25,2.5,2.203909466503372,1.972778897245083,11.343478659159228,0.026102269188610104
1e-06,50,2.5,1.757332771038393,4.948210331714725,28.452209407359668,0.026102269188610108
1e-06,75,2.5,1.0,1.0,1e-06,0.026102269188610104
1e-06,100,2.5,1.0,1.0,1e-06,0.026102269188610104
1e-06,125,2.5,1.0,1.0,1e-06,0.026102269188610104
1e-06,150,2.5,1.0,1.0,1e-06,0.026102269188610104
1e-06,175,2.5,1.0,1.0,1e-06,0.026102269188610104
1e-06,200,2.5,1.0,1.0,1e-06,0.026102269188610104
1e-06,225,2.5,1.0,1.0,1e-06,0.026102269188610104
1e-06,250,2.5,1.0,1.0,1e-06,0.026102269188610104
1e-06,275,2.5,1.0,1.0,1e-06,0.026102269188610104
1e-06,300,2.5,1.0,1.0,1e-06,0.026102269188610104
1e-06,325,2.5,1.0,1.0,1e-06,0.026102269188610104
1e-06,350,2.5,1.0,1.0,1e-06,0.026102269188610104
1e-06,375,2.5,1.0,1.0,1e-06,0.026102269188610104
1e-06,400,2.5,1.0,1.0,1e-06,0.026102269188610104
1e-06,425,2.5,1.0,1.0,1e-06,0.026102269188610104
1e-06,450,2.5,1.0,1.0,1e-06,0.026102269188610104
1e-06,475,2.5,1.0,1.0,1e-06,0.026102269188610104
1e-06,500,2.5,1.0,1.0,1e-06,0.026102269188610104
1e-06,525,2.5,1.0,1.0,1e-06,0.026102269188610104
1e-06,550,2.5,1.0,1.0,1e-06,0.026102269188610104
1e-06,575,2.5,1.0,1.0,1e-06,0.026102269188610104
1e-06,600,2.5,1.0,1.0,1e-06,0.026102269188610104
1e-06,625,2.5,1.0,1.0,1e-06,0.026102269188610104
1e-06,650,2.5,1.0,1.0,1e-06,0.026102269188610104
1e-06,675,2.5,1.0,1.0,1e-06,0.026102269188610104
1e-06,700,2.5,1.0,1.0,1e-06,0.026102269188610104
1e-06,725,2.5,1.0,1.0,1e-06,0.026102269188610104
1e-06,750,2.5,1.0,1.0,1e-06,0.026102269188610104
1e-06,775,2.5,1.0,1.0,1e-06,0.026102269188610104
1e-06,800,2.5,1.0,1.0,1e-06,0.026102269188610104
1e-06,825,2.5,1.0,1.0,1e-06,0.026102269188610104
1e-06,850,2.5,1.0,1.0,1e-06,0.026102269188610104
1e-06,875,2.5,1.0,1.0,1e-06,0.026102269188610104
1e-06,900,2.5,1.0,1.0,1e-06,0.026102269188610104
1e-06,925,2.5,1.0,1.0,1e-06,0.026102269188610104
1e-06,950,2.5,1.0,1.0,1e-06,0.026102269188610104
1e-06,975,2.5,1.0,1.0,1e-06,0.026102269188610104
1e-06,1000,2.5,1.0,1.0,1e-06,0.026102269188610104
1e-06,1025,2.5,1.0,1.0,1e-06,0.026102269188610104
1e-06,1050,2.5,1.0,1.0,1e-06,0.026102269188610104
1e-06,1075,2.5,1.0,1.0,1e-06,0.026102269188610104
1e-06,1100,2.5,1.0,1.0,1e-06,0.026102269188610104
1e-06,1125,2.5,1.0,1.0,1e-06,0.026102269188610104
1e-06,1150,2.5,1.0,1.0,1e-06,0.026102269188610104
1e-06,1175,2.5,1.0,1.0,1e-06,0.026102269188610104
1e-06,1200,2.5,1.0,1.0,1e-06,0.026102269188610104
1e-06,1225,2.5,1.0,1.0,1e-06,0.026102269188610104
1e-06,1250,2.5,1.0,1.0,1e-06,0.026102269188610104
1e-06,1275,2.5,1.0,1.0,1e-06,0.026102269188610104
1e-06,1300,2.5,1.0,1.0,1e-06,0.026102269188610104
1e-06,1325,2.5,1.0,1.0,1e-06,0.026102269188610104
1e-06,1350,2.5,1.0,1.0,1e-06,0.026102269188610104
1e-06,1375,2.5,1.0,1.0,1e-06,0.026102269188610104
1e-06,1400,2.5,1.0,1.0,1e-06,0.026102269188610104
1e-06,1425,2.5,1.0,1.0,1e-06,0.026102269188610104
1e-06,1450,2.5,1.0,1.0,1e-06,0.026102269188610104
1e-06,1475,2.5,1.0,1.0,1e-06,0.026102269188610104
1e-06,1500,2.5,1.0,1.0,1e-06,0.026102269188610104
1e-06,1525,2.5,1.0,1.0,1e-06,0.026102269188610104
0.025642,-100,2.862901562815912,3.5331207788289714,4.852259796456046,-25.925925925925927,0.025851312617646564
0.025642,-75,2.862901562815912,3.42842343668317,3.804512045189051,-21.875944259837045,0.025851312617646564
0.025642,-50,2.862901562815912,3.259459799568363,2.6678200403221943,-15.339965231852618,0.025851312617646578
0.025642,-25,2.862901562815912,3.0731980686097997,1.4147562213337324,-8.134848272668961,0.025851312617646567
0.025642,0,2.862901562815912,2.862901562815912,0.0,0.0,0.02585131261764656
0.025642,25,2.862901562815912,2.6158360752005985,1.6621171824091083,9.557173798852373,0.02585131261764657
0.025642,50,2.862901562815912,2.3012126503761925,3.77872604363248,21.72767475088676,0.025851312617646564
0.025642,75,2.862901562815912,1.7634189926420374,7.396698297621946,42.53101521132619,0.025851312617646564
0.025642,100,2.862901562815912,1.0,1.0,1e-06,0.025851312617646564
0.025642,125,2.862901562815912,1.0,1.0,1e-06,0.025851312617646564
0.025642,150,2.862901562815912,1.0,1.0,1e-06,0.025851312617646564
0.025642,175,2.862901562815912,1.0,1.0,1e-06,0.025851312617646564
0.025642,200,2.862901562815912,1.0,1.0,1e-06,0.025851312617646564
0.025642,225,2.862901562815912,1.0,1.0,1e-06,0.025851312617646564
0.025642,250,2.862901562815912,1.0,1.0,1e-06,0.025851312617646564
0.025642,275,2.862901562815912,1.0,1.0,1e-06,0.025851312617646564
0.025642,300,2.862901562815912,1.0,1.0,1e-06,0.025851312617646564
0.025642,325,2.862901562815912,1.0,1.0,1e-06,0.025851312617646564
0.025642,350,2.862901562815912,1.0,1.0,1e-06,0.025851312617646564
0.025642,375,2.862901562815912,1.0,1.0,1e-06,0.025851312617646564
0.025642,400,2.862901562815912,1.0,1.0,1e-06,0.025851312617646564
0.025642,425,2.862901562815912,1.0,1.0,1e-06,0.025851312617646564
0.025642,450,2.862901562815912,1.0,1.0,1e-06,0.025851312617646564
0.025642,475,2.862901562815912,1.0,1.0,1e-06,0.025851312617646564
0.025642,500,2.862901562815912,1.0,1.0,1e-06,0.025851312617646564
0.025642,525,2.862901562815912,1.0,1.0,1e-06,0.025851312617646564
0.025642,550,2.862901562815912,1.0,1.0,1e-06,0.025851312617646564
0.025642,575,2.862901562815912,1.0,1.0,1e-06,0.025851312617646564
0.025642,600,2.862901562815912,1.0,1.0,1e-06,0.025851312617646564
0.025642,625,2.862901562815912,1.0,1.0,1e-06,0.025851312617646564
0.025642,650,2.862901562815912,1.0,1.0,1e-06,0.025851312617646564
0.025642,675,2.862901562815912,1.0,1.0,1e-06,0.025851312617646564
0.025642,700,2.862901562815912,1.0,1.0,1e-06,0.025851312617646564
0.025642,725,2.862901562815912,1.0,1.0,1e-06,0.025851312617646564
0.025642,750,2.862901562815912,1.0,1.0,1e-06,0.025851312617646564
0.025642,775,2.862901562815912,1.0,1.0,1e-06,0.025851312617646564
0.025642,800,2.862901562815912,1.0,1.0,1e-06,0.025851312617646564
0.025642,825,2.862901562815912,1.0,1.0,1e-06,0.025851312617646564
0.025642,850,2.862901562815912,1.0,1.0,1e-06,0.025851312617646564
0.025642,875,2.862901562815912,1.0,1.0,1e-06,0.025851312617646564
0.025642,900,2.862901562815912,1.0,1.0,1e-06,0.025851312617646564
0.025642,925,2.862901562815912,1.0,1.0,1e-06,0.025851312617646564
0.025642,950,2.862901562815912,1.0,1.0,1e-06,0.025851312617646564
0.025642,975,2.862901562815912,1.0,1.0,1e-06,0.025851312617646564
0.025642,1000,2.862901562815912,1.0,1.0,1e-06,0.025851312617646564
0.025642,1025,2.862901562815912,1.0,1.0,1e-06,0.025851312617646564
0.025642,1050,2.862901562815912,1.0,1.0,1e-06,0.025851312617646564
0.025642,1075,2.862901562815912,1.0,1.0,1e-06,0.025851312617646564
0.025642,1100,2.862901562815912,1.0,1.0,1e-06,0.025851312617646564
0.025642,1125,2.862901562815912,1.0,1.0,1e-06,0.025851312617646564
0.025642,1150,2.862901562815912,1.0,1.0,1e-06,0.025851312617646564
0.025642,1175,2.862901562815912,1.0,1.0,1e-06,0.025851312617646564
0.025642,1200,2.862901562815912,1.0,1.0,1e-06,0.025851312617646564
0.025642,1225,2.862901562815912,1.0,1.0,1e-06,0.025851312617646564
0.025642,1250,2.862901562815912,1.0,1.0,1e-06,0.025851312617646564
0.025642,1275,2.862901562815912,1.0,1.0,1e-06,0.025851312617646564
0.025642,1300,2.862901562815912,1.0,1.0,1e-06,0.025851312617646564
0.025642,1325,2.862901562815912,1.0,1.0,1e-06,0.025851312617646564
0.025642,1350,2.862901562815912,1.0,1.0,1e-06,0.025851312617646564
0.025642,1375,2.862901562815912,1.0,1.0,1e-06,0.025851312617646564
0.025642,1400,2.862901562815912,1.0,1.0,1e-06,0.025851312617646564
0.025642,1425,2.862901562815912,1.0,1.0,1e-06,0.025851312617646564
0.025642,1450,2.862901562815912,1.0,1.0,1e-06,0.025851312617646564
0.025642,1475,2.862901562815912,1.0,1.0,1e-06,0.025851312617646564
0.025642,1500,2.862901562815912,1.0,1.0,1e-06,0.025851312617646564
0.025642,1525,2.862901562815912,1.0,1.0,1e-06,0.025851312617646564
0.051283,-100,2.923361221276485,3.5632173096050237,4.820878839995965,-25.925925925925927,0.02468016340695792
0.051283,-75,2.923361221276485,3.458558789956558,3.7713623081229746,-21.685333271707105,0.02468016340695792
0.051283,-50,2.923361221276485,3.297577769485568,2.636981682245386,-15.16264467291097,0.02468016340695793
0.051283,-25,2.923361221276485,3.1210522666242464,1.393064170520656,-8.010118980493772,0.02468016340695791
0.051283,0,2.923361221276485,2.923361221276485,0.0,0.0,0.024680163406957906
0.051283,25,2.923361221276485,2.6943631011206204,1.6136748922772157,9.278630630593991,0.02468016340695791
0.051283,50,2.923361221276485,2.4116816828312633,3.605638437202265,20.732421013913022,0.024680163406957917
0.051283,75,2.923361221276485,1.9960006944774533,6.534806474245395,37.57513722691102,0.02468016340695792
0.051283,100,2.923361221276485,1.0,1.0,1e-06,0.02468016340695791
0.051283,125,2.923361221276485,1.0,1.0,1e-06,0.02468016340695791
0.051283,150,2.923361221276485,1.0,1.0,1e-06,0.02468016340695791
0.051283,175,2.923361221276485,1.0,1.0,1e-06,0.02468016340695791
0.051283,200,2.923361221276485,1.0,1.0,1e-06,0.02468016340695791
0.051283,225,2.923361221276485,1.0,1.0,1e-06,0.02468016340695791
0.051283,250,2.923361221276485,1.0,1.0,1e-06,0.02468016340695791
0.051283,275,2.923361221276485,1.0,1.0,1e-06,0.02468016340695791
0.051283,300,2.923361221276485,1.0,1.0,1e-06,0.02468016340695791
0.051283,325,2.923361221276485,1.0,1.0,1e-06,0.02468016340695791
0.051283,350,2.923361221276485,1.0,1.0,1e-06,0.02468016340695791
0.051283,375,2.923361221276485,1.0,1.0,1e-06,0.02468016340695791
0.051283,400,2.923361221276485,1.0,1.0,1e-06,0.02468016340695791
0.051283,425,2.923361221276485,1.0,1.0,1e-06,0.02468016340695791
0.051283,450,2.923361221276485,1.0,1.0,1e-06,0.02468016340695791
0.051283,475,2.923361221276485,1.0,1.0,1e-06,0.02468016340695791
0.051283,500,2.923361221276485,1.0,1.0,1e-06,0.02468016340695791
0.051283,525,2.923361221276485,1.0,1.0,1e-06,0.02468016340695791
0.051283,550,2.923361221276485,1.0,1.0,1e-06,0.02468016340695791
0.051283,575,2.923361221276485,1.0,1.0,1e-06,0.02468016340695791
0.051283,600,2.923361221276485,1.0,1.0,1e-06,0.02468016340695791
0.051283,625,2.923361221276485,1.0,1.0,1e-06,0.02468016340695791
0.051283,650,2.923361221276485,1.0,1.0,1e-06,0.02468016340695791
0.051283,675,2.923361221276485,1.0,1.0,1e-06,0.02468016340695791
0.051283,700,2.923361221276485,1.0,1.0,1e-06,0.02468016340695791
0.051283,725,2.923361221276485,1.0,1.0,1e-06,0.02468016340695791
0.051283,750,2.923361221276485,1.0,1.0,1e-06,0.02468016340695791
0.051283,775,2.923361221276485,1.0,1.0,1e-06,0.02468016340695791
0.051283,800,2.923361221276485,1.0,1.0,1e-06,0.02468016340695791
0.051283,825,2.923361221276485,1.0,1.0,1e-06,0.02468016340695791
0.051283,850,2.923361221276485,1.0,1.0,1e-06,0.02468016340695791
0.051283,875,2.923361221276485,1.0,1.0,1e-06,0.02468016340695791
0.051283,900,2.923361221276485,1.0,1.0,1e-06,0.02468016340695791
0.051283,925,2.923361221276485,1.0,1.0,1e-06,0.02468016340695791
0.051283,950,2.923361221276485,1.0,1.0,1e-06,0.02468016340695791
0.051283,975,2.923361221276485,1.0,1.0,1e-06,0.02468016340695791
0.051283,1000,2.923361221276485,1.0,1.0,1e-06,0.02468016340695791
0.051283,1025,2.923361221276485,1.0,1.0,1e-06,0.02468016340695791
0.051283,1050,2.923361221276485,1.0,1.0,1e-06,0.02468016340695791
0.051283,1075,2.923361221276485,1.0,1.0,1e-06,0.02468016340695791
0.051283,1100,2.923361221276485,1.0,1.0,1e-06,0.02468016340695791
0.051283,1125,2.923361221276485,1.0,1.0,1e-06,0.02468016340695791
0.051283,1150,2.923361221276485,1.0,1.0,1e-06,0.02468016340695791
0.051283,1175,2.923361221276485,1.0,1.0,1e-06,0.02468016340695791
0.051283,1200,2.923361221276485,1.0,1.0,1e-06,0.02468016340695791
0.051283,1225,2.923361221276485,1.0,1.0,1e-06,0.02468016340695791
0.051283,1250,2.923361221276485,1.0,1.0,1e-06,0.02468016340695791
0.051283,1275,2.923361221276485,1.0,1.0,1e-06,0.02468016340695791
0.051283,1300,2.923361221276485,1.0,1.0,1e-06,0.02468016340695791
0.051283,1325,2.923361221276485,1.0,1.0,1e-06,0.02468016340695791
0.051283,1350,2.923361221276485,1.0,1.0,1e-06,0.02468016340695791
0.051283,1375,2.923361221276485,1.0,1.0,1e-06,0.02468016340695791
0.051283,1400,2.923361221276485,1.0,1.0,1e-06,0.02468016340695791
0.051283,1425,2.923361221276485,1.0,1.0,1e-06,0.02468016340695791
0.051283,1450,2.923361221276485,1.0,1.0,1e-06,0.02468016340695791
0.051283,1475,2.923361221276485,1.0,1.0,1e-06,0.02468016340695791
0.051283,1500,2.923361221276485,1.0,1.0,1e-06,0.02468016340695791
0.051283,1525,2.923361221276485,1.0,1.0,1e-06,0.02468016340695791
0.076924,-100,2.9609597105772654,3.563416675063071,4.823588679167385,-25.925925925925927,0.023237625773023927
0.076924,-75,2.9609597105772654,3.464073194381161,3.7653587349212216,-21.650812725797024,0.023237625773023924
0.076924,-50,2.9609597105772654,3.311791377276808,2.6256642352463735,-15.097569352666648,0.02323762577302392
0.076924,-25,2.9609597105772654,3.1456408824091477,1.3821749683093696,-7.947506067778876,0.023237625773023917
0.076924,0,2.9609597105772654,2.9609597105772654,0.0,0.0,0.02323762577302392
0.076924,25,2.9609597105772654,2.749684313833375,1.5812091828443953,9.091952801355273,0.023237625773023917
0.076924,50,2.9609597105772654,2.4953391131486837,3.4847576940917837,20.037356741027757,0.02323762577302393
0.076924,75,2.9609597105772654,2.1505534847791954,6.065172688420155,34.874742958415894,0.023237625773023927
0.076924,100,2.9609597105772654,1.0,1.0,1e-06,0.023237625773023917
0.076924,125,2.9609597105772654,1.0,1.0,1e-06,0.023237625773023917
0.076924,150,2.9609597105772654,1.0,1.0,1e-06,0.023237625773023917
0.076924,175,2.9609597105772654,1.0,1.0,1e-06,0.023237625773023917
0.076924,200,2.9609597105772654,1.0,1.0,1e-06,0.023237625773023917
0.076924,225,2.9609597105772654,1.0,1.0,1e-06,0.023237625773023917
0.076924,250,2.9609597105772654,1.0,1.0,1e-06,0.023237625773023917
0.076924,275,2.9609597105772654,1.0,1.0,1e-06,0.023237625773023917
0.076924,300,2.9609597105772654,1.0,1.0,1e-06,0.023237625773023917
0.076924,325,2.9609597105772654,1.0,1.0,1e-06,0.023237625773023917
0.076924,350,2.9609597105772654,1.0,1.0,1e-06,0.023237625773023917
0.076924,375,2.9609597105772654,1.0,1.0,1e-06,0.023237625773023917
0.076924,400,2.9609597105772654,1.0,1.0,1e-06,0.023237625773023917
0.076924,425,2.9609597105772654,1.0,1.0,1e-06,0.023237625773023917
0.076924,450,2.9609597105772654,1.0,1.0,1e-06,0.023237625773023917
0.076924,475,2.9609597105772654,1.0,1.0,1e-06,0.023237625773023917
0.076924,500,2.9609597105772654,1.0,1.0,1e-06,0.023237625773023917
0.076924,525,2.9609597105772654,1.0,1.0,1e-06,0.023237625773023917
0.076924,550,2.9609597105772654,1.0,1.0,1e-06,0.023237625773023917
0.076924,575,2.9609597105772654,1.0,1.0,1e-06,0.023237625773023917
0.076924,600,2.9609597105772654,1.0,1.0,1e-06,0.023237625773023917
0.076924,625,2.9609597105772654,1.0,1.0,1e-06,0.023237625773023917
0.076924,650,2.9609597105772654,1.0,1.0,1e-06,0.023237625773023917
0.076924,675,2.9609597105772654,1.0,1.0,1e-06,0.023237625773023917
0.076924,700,2.9609597105772654,1.0,1.0,1e-06,0.023237625773023917
0.076924,725,2.9609597105772654,1.0,1.0,1e-06,0.023237625773023917
0.076924,750,2.9609597105772654,1.0,1.0,1e-06,0.023237625773023917
0.076924,775,2.9609597105772654,1.0,1.0,1e-06,0.023237625773023917
0.076924,800,2.9609597105772654,1.0,1.0,1e-06,0.023237625773023917
0.076924,825,2.9609597105772654,1.0,1.0,1e-06,0.023237625773023917
0.076924,850,2.9609597105772654,1.0,1.0,1e-06,0.023237625773023917
0.076924,875,2.9609597105772654,1.0,1.0,1e-06,0.023237625773023917
0.076924,900,2.9609597105772654,1.0,1.0,1e-06,0.023237625773023917
0.076924,925,2.9609597105772654,1.0,1.0,1e-06,0.023237625773023917
0.076924,950,2.9609597105772654,1.0,1.0,1e-06,0.023237625773023917
0.076924,975,2.9609597105772654,1.0,1.0,1e-06,0.023237625773023917
0.076924,1000,2.9609597105772654,1.0,1.0,1e-06,0.023237625773023917
0.076924,1025,2.9609597105772654,1.0,1.0,1e-06,0.023237625773023917
0.076924,1050,2.9609597105772654,1.0,1.0,1e-06,0.023237625773023917
0.076924,1075,2.9609597105772654,1.0,1.0,1e-06,0.023237625773023917
0.076924,1100,2.9609597105772654,1.0,1.0,1e-06,0.023237625773023917
0.076924,1125,2.9609597105772654,1.0,1.0,1e-06,0.023237625773023917
0.076924,1150,2.9609597105772654,1.0,1.0,1e-06,0.023237625773023917
0.076924,1175,2.9609597105772654,1.0,1.0,1e-06,0.023237625773023917
0.076924,1200,2.9609597105772654,1.0,1.0,1e-06,0.023237625773023917
0.076924,1225,2.9609597105772654,1.0,1.0,1e-06,0.023237625773023917
0.076924,1250,2.9609597105772654,1.0,1.0,1e-06,0.023237625773023917
0.076924,1275,2.9609597105772654,1.0,1.0,1e-06,0.023237625773023917
0.076924,1300,2.9609597105772654,1.0,1.0,1e-06,0.023237625773023917
0.076924,1325,2.9609597105772654,1.0,1.0,1e-06,0.023237625773023917
0.076924,1350,2.9609597105772654,1.0,1.0,1e-06,0.023237625773023917
0.076924,1375,2.9609597105772654,1.0,1.0,1e-06,0.023237625773023917
0.076924,1400,2.9609597105772654,1.0,1.0,1e-06,0.023237625773023917
0.076924,1425,2.9609597105772654,1.0,1.0,1e-06,0.023237625773023917
0.076924,1450,2.9609597105772654,1.0,1.0,1e-06,0.023237625773023917
0.076924,1475,2.9609597105772654,1.0,1.0,1e-06,0.023237625773023917
0.076924,1500,2.9609597105772654,1.0,1.0,1e-06,0.023237625773023917
0.076924,1525,2.9609597105772654,1.0,1.0,1e-06,0.023237625773023917
0.102565,-100,2.9976141406550347,3.560098171970178,4.83060108951762,-25.925925925925927,0.02169581263644125
0.102565,-75,2.9976141406550347,3.4669555865215695,3.7622282533928324,-21.632812457008786,0.021695812636441245
0.102565,-50,2.9976141406550347,3.323968231947449,2.6160455116078016,-15.04226169174486,0.021695812636441252
0.102565,-25,2.9976141406550347,3.168782504271019,1.3720809431055419,-7.8894654228568655,0.02169581263644124
0.102565,0,2.9976141406550347,2.9976141406550347,0.0,0.0,0.021695812636441242
0.102565,25,2.9976141406550347,2.8041910437823487,1.5504742790605615,8.915227104598229,0.02169581263644125
0.102565,50,2.9976141406550347,2.5765974034822055,3.37485870402613,19.405437548150246,0.021695812636441245
0.102565,75,2.9976141406550347,2.28572300378589,5.706499973647456,32.81237484847287,0.021695812636441245
0.102565,100,2.9976141406550347,1.776009830810946,9.792346892519745,56.30599463198854,0.021695812636441224
0.102565,125,2.9976141406550347,1.0,1.0,1e-06,0.02169581263644124
0.102565,150,2.9976141406550347,1.0,1.0,1e-06,0.02169581263644124
0.102565,175,2.9976141406550347,1.0,1.0,1e-06,0.02169581263644124
0.102565,200,2.9976141406550347,1.0,1.0,1e-06,0.02169581263644124
0.102565,225,2.9976141406550347,1.0,1.0,1e-06,0.02169581263644124
0.102565,250,2.9976141406550347,1.0,1.0,1e-06,0.02169581263644124
0.102565,275,2.9976141406550347,1.0,1.0,1e-06,0.02169581263644124
0.102565,300,2.9976141406550347,1.0,1.0,1e-06,0.02169581263644124
0.102565,325,2.9976141406550347,1.0,1.0,1e-06,0.02169581263644124
0.102565,350,2.9976141406550347,1.0,1.0,1e-06,0.02169581263644124
0.102565,375,2.9976141406550347,1.0,1.0,1e-06,0.02169581263644124
0.102565,400,2.9976141406550347,1.0,1.0,1e-06,0.02169581263644124
0.102565,425,2.9976141406550347,1.0,1.0,1e-06,0.02169581263644124
0.102565,450,2.9976141406550347,1.0,1.0,1e-06,0.02169581263644124
0.102565,475,2.9976141406550347,1.0,1.0,1e-06,0.02169581263644124
0.102565,500,2.9976141406550347,1.0,1.0,1e-06,0.02169581263644124
0.102565,525,2.9976141406550347,1.0,1.0,1e-06,0.02169581263644124
0.102565,550,2.9976141406550347,1.0,1.0,1e-06,0.02169581263644124
0.102565,575,2.9976141406550347,1.0,1.0,1e-06,0.02169581263644124
0.102565,600,2.9976141406550347,1.0,1.0,1e-06,0.02169581263644124
0.102565,625,2.9976141406550347,1.0,1.0,1e-06,0.02169581263644124
0.102565,650,2.9976141406550347,1.0,1.0,1e-06,0.02169581263644124
0.102565,675,2.9976141406550347,1.0,1.0,1e-06,0.02169581263644124
0.102565,700,2.9976141406550347,1.0,1.0,1e-06,0.02169581263644124
0.102565,725,2.9976141406550347,1.0,1.0,1e-06,0.02169581263644124
0.102565,750,2.9976141406550347,1.0,1.0,1e-06,0.02169581263644124
0.102565,775,2.9976141406550347,1.0,1.0,1e-06,0.02169581263644124
0.102565,800,2.9976141406550347,1.0,1.0,1e-06,0.02169581263644124
0.102565,825,2.9976141406550347,1.0,1.0,1e-06,0.02169581263644124
0.102565,850,2.9976141406550347,1.0,1.0,1e-06,0.02169581263644124
0.102565,875,2.9976141406550347,1.0,1.0,1e-06,0.02169581263644124
0.102565,900,2.9976141406550347,1.0,1.0,1e-06,0.02169581263644124
0.102565,925,2.9976141406550347,1.0,1.0,1e-06,0.02169581263644124
0.102565,950,2.9976141406550347,1.0,1.0,1e-06,0.02169581263644124
0.102565,975,2.9976141406550347,1.0,1.0,1e-06,0.02169581263644124
0.102565,1000,2.9976141406550347,1.0,1.0,1e-06,0.02169581263644124
0.102565,1025,2.9976141406550347,1.0,1.0,1e-06,0.02169581263644124
0.102565,1050,2.9976141406550347,1.0,1.0,1e-06,0.02169581263644124
0.102565,1075,2.9976141406550347,1.0,1.0,1e-06,0.02169581263644124
0.102565,1100,2.9976141406550347,1.0,1.0,1e-06,0.02169581263644124
0.102565,1125,2.9976141406550347,1.0,1.0,1e-06,0.02169581263644124
0.102565,1150,2.9976141406550347,1.0,1.0,1e-06,0.02169581263644124
0.102565,1175,2.9976141406550347,1.0,1.0,1e-06,0.02169581263644124
0.102565,1200,2.9976141406550347,1.0,1.0,1e-06,0.02169581263644124
0.102565,1225,2.9976141406550347,1.0,1.0,1e-06,0.02169581263644124
0.102565,1250,2.9976141406550347,1.0,1.0,1e-06,0.02169581263644124
0.102565,1275,2.9976141406550347,1.0,1.0,1e-06,0.02169581263644124
0.102565,1300,2.9976141406550347,1.0,1.0,1e-06,0.02169581263644124
0.102565,1325,2.9976141406550347,1.0,1.0,1e-06,0.02169581263644124
0.102565,1350,2.9976141406550347,1.0,1.0,1e-06,0.02169581263644124
0.102565,1375,2.9976141406550347,1.0,1.0,1e-06,0.02169581263644124
0.102565,1400,2.9976141406550347,1.0,1.0,1e-06,0.02169581263644124
0.102565,1425,2.9976141406550347,1.0,1.0,1e-06,0.02169581263644124
0.102565,1450,2.9976141406550347,1.0,1.0,1e-06,0.02169581263644124
0.102565,1475,2.9976141406550347,1.0,1.0,1e-06,0.02169581263644124
0.102565,1500,2.9976141406550347,1.0,1.0,1e-06,0.02169581263644124
0.102565,1525,2.9976141406550347,1.0,1.0,1e-06,0.02169581263644124
0.12820600000000001,-100,3.0332849837053715,3.562876468424684,4.830101408836227,-25.925925925925927,0.020427100124887774
0.12820600000000001,-75,3.0332849837053715,3.4742525034381666,3.754326505618566,-21.587377407306754,0.020427100124887777
0.12820600000000001,-50,3.0332849837053715,3.3391570883203006,2.6041458799074433,-14.9738388094678,0.020427100124887774
0.12820600000000001,-25,3.0332849837053715,3.1932109966312163,1.3615843398833982,-7.82910995432954,0.020427100124887777
0.12820600000000001,0,3.0332849837053715,3.0332849837053715,0.0,0.0,0.020427100124887774
0.12820600000000001,25,3.0332849837053715,2.8543745072320474,1.5232150076805129,8.75848629416295,0.02042710012488777
0.12820600000000001,50,3.0332849837053715,2.647504747765728,3.2844708517525585,18.88570739757721,0.020427100124887774
0.12820600000000001,75,3.0332849837053715,2.393096677036681,5.4504602283853485,31.340146313215755,0.020427100124887777
0.12820600000000001,100,3.0332849837053715,2.024081587315724,8.59219532296122,49.40512310702702,0.020427100124887774
0.12820600000000001,125,3.0332849837053715,1.0,1.0,1e-06,0.02042710012488777
0.12820600000000001,150,3.0332849837053715,1.0,1.0,1e-06,0.02042710012488777
0.12820600000000001,175,3.0332849837053715,1.0,1.0,1e-06,0.02042710012488777
0.12820600000000001,200,3.0332849837053715,1.0,1.0,1e-06,0.02042710012488777
0.12820600000000001,225,3.0332849837053715,1.0,1.0,1e-06,0.02042710012488777
0.12820600000000001,250,3.0332849837053715,1.0,1.0,1e-06,0.02042710012488777
0.12820600000000001,275,3.0332849837053715,1.0,1.0,1e-06,0.02042710012488777
0.12820600000000001,300,3.0332849837053715,1.0,1.0,1e-06,0.02042710012488777
0.12820600000000001,325,3.0332849837053715,1.0,1.0,1e-06,0.02042710012488777
0.12820600000000001,350,3.0332849837053715,1.0,1.0,1e-06,0.02042710012488777
0.12820600000000001,375,3.0332849837053715,1.0,1.0,1e-06,0.02042710012488777
0.12820600000000001,400,3.0332849837053715,1.0,1.0,1e-06,0.02042710012488777
0.12820600000000001,425,3.0332849837053715,1.0,1.0,1e-06,0.02042710012488777
0.12820600000000001,450,3.0332849837053715,1.0,1.0,1e-06,0.02042710012488777
0.12820600000000001,475,3.0332849837053715,1.0,1.0,1e-06,0.02042710012488777
0.12820600000000001,500,3.0332849837053715,1.0,1.0,1e-06,0.02042710012488777
0.12820600000000001,525,3.0332849837053715,1.0,1.0,1e-06,0.02042710012488777
0.12820600000000001,550,3.0332849837053715,1.0,1.0,1e-06,0.02042710012488777
0.12820600000000001,575,3.0332849837053715,1.0,1.0,1e-06,0.02042710012488777
0.12820600000000001,600,3.0332849837053715,1.0,1.0,1e-06,0.02042710012488777
0.12820600000000001,625,3.0332849837053715,1.0,1.0,1e-06,0.02042710012488777
0.12820600000000001,650,3.0332849837053715,1.0,1.0,1e-06,0.02042710012488777
0.12820600000000001,675,3.0332849837053715,1.0,1.0,1e-06,0.02042710012488777
0.12820600000000001,700,3.0332849837053715,1.0,1.0,1e-06,0.02042710012488777
0.12820600000000001,725,3.0332849837053715,1.0,1.0,1e-06,0.02042710012488777
0.12820600000000001,750,3.0332849837053715,1.0,1.0,1e-06,0.02042710012488777
0.12820600000000001,775,3.0332849837053715,1.0,1.0,1e-06,0.02042710012488777
0.12820600000000001,800,3.0332849837053715,1.0,1.0,1e-06,0.02042710012488777
0.12820600000000001,825,3.0332849837053715,1.0,1.0,1e-06,0.02042710012488777
0.12820600000000001,850,3.0332849837053715,1.0,1.0,1e-06,0.02042710012488777
0.12820600000000001,875,3.0332849837053715,1.0,1.0,1e-06,0.02042710012488777
0.12820600000000001,900,3.0332849837053715,1.0,1.0,1e-06,0.02042710012488777
0.12820600000000001,925,3.0332849837053715,1.0,1.0,1e-06,0.02042710012488777
0.12820600000000001,950,3.0332849837053715,1.0,1.0,1e-06,0.02042710012488777
0.12820600000000001,975,3.0332849837053715,1.0,1.0,1e-06,0.02042710012488777
0.12820600000000001,1000,3.0332849837053715,1.0,1.0,1e-06,0.02042710012488777
0.12820600000000001,1025,3.0332849837053715,1.0,1.0,1e-06,0.02042710012488777
0.12820600000000001,1050,3.0332849837053715,1.0,1.0,1e-06,0.02042710012488777
0.12820600000000001,1075,3.0332849837053715,1.0,1.0,1e-06,0.02042710012488777
0.12820600000000001,1100,3.0332849837053715,1.0,1.0,1e-06,0.02042710012488777
0.12820600000000001,1125,3.0332849837053715,1.0,1.0,1e-06,0.02042710012488777
0.12820600000000001,1150,3.0332849837053715,1.0,1.0,1e-06,0.02042710012488777
0.12820600000000001,1175,3.0332849837053715,1.0,1.0,1e-06,0.02042710012488777
0.12820600000000001,1200,3.0332849837053715,1.0,1.0,1e-06,0.02042710012488777
0.12820600000000001,1225,3.0332849837053715,1.0,1.0,1e-06,0.02042710012488777
0.12820600000000001,1250,3.0332849837053715,1.0,1.0,1e-06,0.02042710012488777
0.12820600000000001,1275,3.0332849837053715,1.0,1.0,1e-06,0.02042710012488777
0.12820600000000001,1300,3.0332849837053715,1.0,1.0,1e-06,0.02042710012488777
0.12820600000000001,1325,3.0332849837053715,1.0,1.0,1e-06,0.02042710012488777
0.12820600000000001,1350,3.0332849837053715,1.0,1.0,1e-06,0.02042710012488777
0.12820600000000001,1375,3.0332849837053715,1.0,1.0,1e-06,0.02042710012488777
0.12820600000000001,1400,3.0332849837053715,1.0,1.0,1e-06,0.02042710012488777
0.12820600000000001,1425,3.0332849837053715,1.0,1.0,1e-06,0.02042710012488777
0.12820600000000001,1450,3.0332849837053715,1.0,1.0,1e-06,0.02042710012488777
0.12820600000000001,1475,3.0332849837053715,1.0,1.0,1e-06,0.02042710012488777
0.12820600000000001,1500,3.0332849837053715,1.0,1.0,1e-06,0.02042710012488777
0.12820600000000001,1525,3.0332849837053715,1.0,1.0,1e-06,0.02042710012488777
0.153847,-100,3.070382373487227,3.576651472736223,4.816014744423,-25.925925925925927,0.019527522399604137
0.153847,-75,3.070382373487227,3.4900252359215926,3.737359296608422,-21.489815955498425,0.019527522399604143
0.153847,-50,3.070382373487227,3.3608932708294788,2.5873038722729005,-14.876997265569178,0.01952752239960414
0.153847,-25,3.070382373487227,3.2219039778984584,1.3494586172591228,-7.759387049239956,0.01952752239960414
0.153847,0,3.070382373487227,3.070382373487227,0.0,0.0,0.019527522399604137
0.153847,25,3.070382373487227,2.9021673825367813,1.498130711935744,8.614251593630529,0.019527522399604137
0.153847,50,3.070382373487227,2.7101106988273376,3.2085966738095406,18.449430874404857,0.01952752239960414
0.153847,75,3.070382373487227,2.4797798802419813,5.259933901712583,30.24461993484735,0.01952752239960414
0.153847,100,3.070382373487227,2.170848122436799,8.011294833608247,46.06494529324742,0.019527522399604137
0.153847,125,3.070382373487227,1.0,1.0,1e-06,0.019527522399604137
0.153847,150,3.070382373487227,1.0,1.0,1e-06,0.019527522399604137
0.153847,175,3.070382373487227,1.0,1.0,1e-06,0.019527522399604137
0.153847,200,3.070382373487227,1.0,1.0,1e-06,0.019527522399604137
0.153847,225,3.070382373487227,1.0,1.0,1e-06,0.019527522399604137
0.153847,250,3.070382373487227,1.0,1.0,1e-06,0.019527522399604137
0.153847,275,3.070382373487227,1.0,1.0,1e-06,0.019527522399604137
0.153847,300,3.070382373487227,1.0,1.0,1e-06,0.019527522399604137
0.153847,325,3.070382373487227,1.0,1.0,1e-06,0.019527522399604137
0.153847,350,3.070382373487227,1.0,1.0,1e-06,0.019527522399604137
0.153847,375,3.070382373487227,1.0,1.0,1e-06,0.019527522399604137
0.153847,400,3.070382373487227,1.0,1.0,1e-06,0.019527522399604137
0.153847,425,3.070382373487227,1.0,1.0,1e-06,0.019527522399604137
0.153847,450,3.070382373487227,1.0,1.0,1e-06,0.019527522399604137
0.153847,475,3.070382373487227,1.0,1.0,1e-06,0.019527522399604137
0.153847,500,3.070382373487227,1.0,1.0,1e-06,0.019527522399604137
0.153847,525,3.070382373487227,1.0,1.0,1e-06,0.019527522399604137
0.153847,550,3.070382373487227,1.0,1.0,1e-06,0.019527522399604137
0.153847,575,3.070382373487227,1.0,1.0,1e-06,0.019527522399604137
0.153847,600,3.070382373487227,1.0,1.0,1e-06,0.019527522399604137
0.153847,625,3.070382373487227,1.0,1.0,1e-06,0.019527522399604137
0.153847,650,3.070382373487227,1.0,1.0,1e-06,0.019527522399604137
0.153847,675,3.070382373487227,1.0,1.0,1e-06,0.019527522399604137
0.153847,700,3.070382373487227,1.0,1.0,1e-06,0.019527522399604137
0.153847,725,3.070382373487227,1.0,1.0,1e-06,0.019527522399604137
0.153847,750,3.070382373487227,1.0,1.0,1e-06,0.019527522399604137
0.153847,775,3.070382373487227,1.0,1.0,1e-06,0.019527522399604137
0.153847,800,3.070382373487227,1.0,1.0,1e-06,0.019527522399604137
0.153847,825,3.070382373487227,1.0,1.0,1e-06,0.019527522399604137
0.153847,850,3.070382373487227,1.0,1.0,1e-06,0.019527522399604137
0.153847,875,3.070382373487227,1.0,1.0,1e-06,0.019527522399604137
0.153847,900,3.070382373487227,1.0,1.0,1e-06,0.019527522399604137
0.153847,925,3.070382373487227,1.0,1.0,1e-06,0.019527522399604137
0.153847,950,3.070382373487227,1.0,1.0,1e-06,0.019527522399604137
0.153847,975,3.070382373487227,1.0,1.0,1e-06,0.019527522399604137
0.153847,1000,3.070382373487227,1.0,1.0,1e-06,0.019527522399604137
0.153847,1025,3.070382373487227,1.0,1.0,1e-06,0.019527522399604137
0.153847,1050,3.070382373487227,1.0,1.0,1e-06,0.019527522399604137
0.153847,1075,3.070382373487227,1.0,1.0,1e-06,0.019527522399604137
0.153847,1100,3.070382373487227,1.0,1.0,1e-06,0.019527522399604137
0.153847,1125,3.070382373487227,1.0,1.0,1e-06,0.019527522399604137
0.153847,1150,3.070382373487227,1.0,1.0,1e-06,0.019527522399604137
0.153847,1175,3.070382373487227,1.0,1.0,1e-06,0.019527522399604137
0.153847,1200,3.070382373487227,1.0,1.0,1e-06,0.019527522399604137
0.153847,1225,3.070382373487227,1.0,1.0,1e-06,0.019527522399604137
0.153847,1250,3.070382373487227,1.0,1.0,1e-06,0.019527522399604137
0.153847,1275,3.070382373487227,1.0,1.0,1e-06,0.019527522399604137
0.153847,1300,3.070382373487227,1.0,1.0,1e-06,0.019527522399604137
0.153847,1325,3.070382373487227,1.0,1.0,1e-06,0.019527522399604137
0.153847,1350,3.070382373487227,1.0,1.0,1e-06,0.019527522399604137
0.153847,1375,3.070382373487227,1.0,1.0,1e-06,0.019527522399604137
0.153847,1400,3.070382373487227,1.0,1.0,1e-06,0.019527522399604137
0.153847,1425,3.070382373487227,1.0,1.0,1e-06,0.019527522399604137
0.153847,1450,3.070382373487227,1.0,1.0,1e-06,0.019527522399604137
0.153847,1475,3.070382373487227,1.0,1.0,1e-06,0.019527522399604137
0.153847,1500,3.070382373487227,1.0,1.0,1e-06,0.019527522399604137
0.153847,1525,3.070382373487227,1.0,1.0,1e-06,0.019527522399604137
0.179488,-100,3.1178956294524225,3.6069574457830633,4.78227854859512,-25.925925925925927,0.01886381291561044
0.179488,-75,3.1178956294524225,3.51984155425174,3.7057004015177597,-21.30777730872712,0.018863812915610435
0.179488,-50,3.1178956294524225,3.3956592604411204,2.5608141179581763,-14.724681178259514,0.018863812915610435
0.179488,-25,3.1178956294524225,3.2624482144707754,1.3326881535380373,-7.662956882843714,0.018863812915610432
0.179488,0,3.1178956294524225,3.1178956294524225,0.0,0.0,0.01886381291561043
0.179488,25,3.1178956294524225,2.9584916568938544,1.4696090410886418,8.45025198625969,0.01886381291561044
0.179488,50,3.1178956294524225,2.77842624555601,3.1297041581799854,17.995798909534916,0.018863812915610435
0.179488,75,3.1178956294524225,2.566684050240667,5.0818402286976205,29.220581315011316,0.018863812915610432
0.179488,100,3.1178956294524225,2.2964686601798063,7.573064091571101,43.545118526533834,0.018863812915610435
0.179488,125,3.1178956294524225,1.8279118914880148,11.892876530873616,68.38404005252329,0.0188638129156104
0.179488,150,3.1178956294524225,1.0,1.0,1e-06,0.01886381291561044
0.179488,175,3.1178956294524225,1.0,1.0,1e-06,0.01886381291561044
0.179488,200,3.1178956294524225,1.0,1.0,1e-06,0.01886381291561044
0.179488,225,3.1178956294524225,1.0,1.0,1e-06,0.01886381291561044
0.179488,250,3.1178956294524225,1.0,1.0,1e-06,0.01886381291561044
0.179488,275,3.1178956294524225,1.0,1.0,1e-06,0.01886381291561044
0.179488,300,3.1178956294524225,1.0,1.0,1e-06,0.01886381291561044
0.179488,325,3.1178956294524225,1.0,1.0,1e-06,0.01886381291561044
0.179488,350,3.1178956294524225,1.0,1.0,1e-06,0.01886381291561044
0.179488,375,3.1178956294524225,1.0,1.0,1e-06,0.01886381291561044
0.179488,400,3.1178956294524225,1.0,1.0,1e-06,0.01886381291561044
0.179488,425,3.1178956294524225,1.0,1.0,1e-06,0.01886381291561044
0.179488,450,3.1178956294524225,1.0,1.0,1e-06,0.01886381291561044
0.179488,475,3.1178956294524225,1.0,1.0,1e-06,0.01886381291561044
0.179488,500,3.1178956294524225,1.0,1.0,1e-06,0.01886381291561044
0.179488,525,3.1178956294524225,1.0,1.0,1e-06,0.01886381291561044
0.179488,550,3.1178956294524225,1.0,1.0,1e-06,0.01886381291561044
0.179488,575,3.1178956294524225,1.0,1.0,1e-06,0.01886381291561044
0.179488,600,3.1178956294524225,1.0,1.0,1e-06,0.01886381291561044
0.179488,625,3.1178956294524225,1.0,1.0,1e-06,0.01886381291561044
0.179488,650,3.1178956294524225,1.0,1.0,1e-06,0.01886381291561044
0.179488,675,3.1178956294524225,1.0,1.0,1e-06,0.01886381291561044
0.179488,700,3.1178956294524225,1.0,1.0,1e-06,0.01886381291561044
0.179488,725,3.1178956294524225,1.0,1.0,1e-06,0.01886381291561044
0.179488,750,3.1178956294524225,1.0,1.0,1e-06,0.01886381291561044
0.179488,775,3.1178956294524225,1.0,1.0,1e-06,0.01886381291561044
0.179488,800,3.1178956294524225,1.0,1.0,1e-06,0.01886381291561044
0.179488,825,3.1178956294524225,1.0,1.0,1e-06,0.01886381291561044
0.179488,850,3.1178956294524225,1.0,1.0,1e-06,0.01886381291561044
0.179488,875,3.1178956294524225,1.0,1.0,1e-06,0.01886381291561044
0.179488,900,3.1178956294524225,1.0,1.0,1e-06,0.01886381291561044
0.179488,925,3.1178956294524225,1.0,1.0,1e-06,0.01886381291561044
0.179488,950,3.1178956294524225,1.0,1.0,1e-06,0.01886381291561044
0.179488,975,3.1178956294524225,1.0,1.0,1e-06,0.01886381291561044
0.179488,1000,3.1178956294524225,1.0,1.0,1e-06,0.01886381291561044
0.179488,1025,3.1178956294524225,1.0,1.0,1e-06,0.01886381291561044
0.179488,1050,3.1178956294524225,1.0,1.0,1e-06,0.01886381291561044
0.179488,1075,3.1178956294524225,1.0,1.0,1e-06,0.01886381291561044
0.179488,1100,3.1178956294524225,1.0,1.0,1e-06,0.01886381291561044
0.179488,1125,3.1178956294524225,1.0,1.0,1e-06,0.01886381291561044
0.179488,1150,3.1178956294524225,1.0,1.0,1e-06,0.01886381291561044
0.179488,1175,3.1178956294524225,1.0,1.0,1e-06,0.01886381291561044
0.179488,1200,3.1178956294524225,1.0,1.0,1e-06,0.01886381291561044
0.179488,1225,3.1178956294524225,1.0,1.0,1e-06,0.01886381291561044
0.179488,1250,3.1178956294524225,1.0,1.0,1e-06,0.01886381291561044
0.179488,1275,3.1178956294524225,1.0,1.0,1e-06,0.01886381291561044
0.179488,1300,3.1178956294524225,1.0,1.0,1e-06,0.01886381291561044
0.179488,1325,3.1178956294524225,1.0,1.0,1e-06,0.01886381291561044
0.179488,1350,3.1178956294524225,1.0,1.0,1e-06,0.01886381291561044
0.179488,1375,3.1178956294524225,1.0,1.0,1e-06,0.01886381291561044
0.179488,1400,3.1178956294524225,1.0,1.0,1e-06,0.01886381291561044
0.179488,1425,3.1178956294524225,1.0,1.0,1e-06,0.01886381291561044
0.179488,1450,3.1178956294524225,1.0,1.0,1e-06,0.01886381291561044
0.179488,1475,3.1178956294524225,1.0,1.0,1e-06,0.01886381291561044
0.179488,1500,3.1178956294524225,1.0,1.0,1e-06,0.01886381291561044
0.179488,1525,3.1178956294524225,1.0,1.0,1e-06,0.01886381291561044
0.205129,-100,3.164070861108049,3.6392830084053918,4.746155287908153,-25.925925925925927,0.018329611395754647
0.205129,-75,3.164070861108049,3.5511867599875586,3.6729913525908904,-21.11970027739762,0.01832961139575464
0.205129,-50,3.164070861108049,3.431174871839075,2.534307489041577,-14.572268061989067,0.018329611395754647
0.205129,-25,3.164070861108049,3.3028132745600787,1.3164008151613218,-7.569304687177601,0.01832961139575465
0.205129,0,3.164070861108049,3.164070861108049,0.0,0.0,0.018329611395754643
0.205129,25,3.164070861108049,3.0119290694777003,1.4435353511530338,8.300328269129944,0.01832961139575465
0.205129,50,3.164070861108049,2.841541497923502,3.0601883450470524,17.59608298402055,0.01832961139575464
0.205129,75,3.164070861108049,2.644163129489826,4.93293250911725,28.364361927424184,0.018329611395754643
0.205129,100,3.164070861108049,2.4004943262554477,7.244884587981899,41.65808638089592,0.018329611395754647
0.205129,125,3.164070861108049,2.042073123638983,10.645618015893273,61.21230359138632,0.018329611395754623
0.205129,150,3.164070861108049,1.0,1.0,1e-06,0.018329611395754637
0.205129,175,3.164070861108049,1.0,1.0,1e-06,0.018329611395754637
0.205129,200,3.164070861108049,1.0,1.0,1e-06,0.018329611395754637
0.205129,225,3.164070861108049,1.0,1.0,1e-06,0.018329611395754637
0.205129,250,3.164070861108049,1.0,1.0,1e-06,0.018329611395754637
0.205129,275,3.164070861108049,1.0,1.0,1e-06,0.018329611395754637
0.205129,300,3.164070861108049,1.0,1.0,1e-06,0.018329611395754637
0.205129,325,3.164070861108049,1.0,1.0,1e-06,0.018329611395754637
0.205129,350,3.164070861108049,1.0,1.0,1e-06,0.018329611395754637
0.205129,375,3.164070861108049,1.0,1.0,1e-06,0.018329611395754637
0.205129,400,3.164070861108049,1.0,1.0,1e-06,0.018329611395754637
0.205129,425,3.164070861108049,1.0,1.0,1e-06,0.018329611395754637
0.205129,450,3.164070861108049,1.0,1.0,1e-06,0.018329611395754637
0.205129,475,3.164070861108049,1.0,1.0,1e-06,0.018329611395754637
0.205129,500,3.164070861108049,1.0,1.0,1e-06,0.018329611395754637
0.205129,525,3.164070861108049,1.0,1.0,1e-06,0.018329611395754637
0.205129,550,3.164070861108049,1.0,1.0,1e-06,0.018329611395754637
0.205129,575,3.164070861108049,1.0,1.0,1e-06,0.018329611395754637
0.205129,600,3.164070861108049,1.0,1.0,1e-06,0.018329611395754637
0.205129,625,3.164070861108049,1.0,1.0,1e-06,0.018329611395754637
0.205129,650,3.164070861108049,1.0,1.0,1e-06,0.018329611395754637
0.205129,675,3.164070861108049,1.0,1.0,1e-06,0.018329611395754637
0.205129,700,3.164070861108049,1.0,1.0,1e-06,0.018329611395754637
0.205129,725,3.164070861108049,1.0,1.0,1e-06,0.018329611395754637
0.205129,750,3.164070861108049,1.0,1.0,1e-06,0.018329611395754637
0.205129,775,3.164070861108049,1.0,1.0,1e-06,0.018329611395754637
0.205129,800,3.164070861108049,1.0,1.0,1e-06,0.018329611395754637
0.205129,825,3.164070861108049,1.0,1.0,1e-06,0.018329611395754637
0.205129,850,3.164070861108049,1.0,1.0,1e-06,0.018329611395754637
0.205129,875,3.164070861108049,1.0,1.0,1e-06,0.018329611395754637
0.205129,900,3.164070861108049,1.0,1.0,1e-06,0.018329611395754637
0.205129,925,3.164070861108049,1.0,1.0,1e-06,0.018329611395754637
0.205129,950,3.164070861108049,1.0,1.0,1e-06,0.018329611395754637
0.205129,975,3.164070861108049,1.0,1.0,1e-06,0.018329611395754637
0.205129,1000,3.164070861108049,1.0,1.0,1e-06,0.018329611395754637
0.205129,1025,3.164070861108049,1.0,1.0,1e-06,0.018329611395754637
0.205129,1050,3.164070861108049,1.0,1.0,1e-06,0.018329611395754637
0.205129,1075,3.164070861108049,1.0,1.0,1e-06,0.018329611395754637
0.205129,1100,3.164070861108049,1.0,1.0,1e-06,0.018329611395754637
0.205129,1125,3.164070861108049,1.0,1.0,1e-06,0.018329611395754637
0.205129,1150,3.164070861108049,1.0,1.0,1e-06,0.018329611395754637
0.205129,1175,3.164070861108049,1.0,1.0,1e-06,0.018329611395754637
0.205129,1200,3.164070861108049,1.0,1.0,1e-06,0.018329611395754637
0.205129,1225,3.164070861108049,1.0,1.0,1e-06,0.018329611395754637
0.205129,1250,3.164070861108049,1.0,1.0,1e-06,0.018329611395754637
0.205129,1275,3.164070861108049,1.0,1.0,1e-06,0.018329611395754637
0.205129,1300,3.164070861108049,1.0,1.0,1e-06,0.018329611395754637
0.205129,1325,3.164070861108049,1.0,1.0,1e-06,0.018329611395754637
0.205129,1350,3.164070861108049,1.0,1.0,1e-06,0.018329611395754637
0.205129,1375,3.164070861108049,1.0,1.0,1e-06,0.018329611395754637
0.205129,1400,3.164070861108049,1.0,1.0,1e-06,0.018329611395754637
0.205129,1425,3.164070861108049,1.0,1.0,1e-06,0.018329611395754637
0.205129,1450,3.164070861108049,1.0,1.0,1e-06,0.018329611395754637
0.205129,1475,3.164070861108049,1.0,1.0,1e-06,0.018329611395754637
0.205129,1500,3.164070861108049,1.0,1.0,1e-06,0.018329611395754637
0.205129,1525,3.164070861108049,1.0,1.0,1e-06,0.018329611395754637
0.23077,-100,3.2100869028199215,3.6719023036451217,4.709906459939548,-25.925925925925927,0.017812879746114868
0.23077,-75,3.2100869028199215,3.5829540818158483,3.640425738936377,-20.932447998884168,0.01781287974611487
0.23077,-50,3.2100869028199215,3.466980203348582,2.508134360131146,-14.42177257075409,0.017812879746114865
0.23077,-25,3.2100869028199215,3.3432858034906108,1.300464974432371,-7.477673602986133,0.01781287974611487
0.23077,0,3.2100869028199215,3.2100869028199215,0.0,0.0,0.017812879746114858
0.23077,25,3.2100869028199215,3.0647840061871197,1.4186402951004775,8.157181696827745,0.017812879746114865
0.23077,50,3.2100869028199215,2.90331942115147,2.9950725058231114,17.22166690848289,0.017812879746114868
0.23077,75,3.2100869028199215,2.718685449520388,4.797715110135528,27.586861883279287,0.017812879746114868
0.23077,100,3.2100869028199215,2.4966019218999853,6.965990130533428,40.05444325056721,0.017812879746114868
0.23077,125,3.2100869028199215,2.1962748043079974,9.898183229230359,56.91455356807457,0.01781287974611485
0.23077,150,3.2100869028199215,1.0,1.0,1e-06,0.01781287974611487
0.23077,175,3.2100869028199215,1.0,1.0,1e-06,0.01781287974611487
0.23077,200,3.2100869028199215,1.0,1.0,1e-06,0.01781287974611487
0.23077,225,3.2100869028199215,1.0,1.0,1e-06,0.01781287974611487
0.23077,250,3.2100869028199215,1.0,1.0,1e-06,0.01781287974611487
0.23077,275,3.2100869028199215,1.0,1.0,1e-06,0.01781287974611487
0.23077,300,3.2100869028199215,1.0,1.0,1e-06,0.01781287974611487
0.23077,325,3.2100869028199215,1.0,1.0,1e-06,0.01781287974611487
0.23077,350,3.2100869028199215,1.0,1.0,1e-06,0.01781287974611487
0.23077,375,3.2100869028199215,1.0,1.0,1e-06,0.01781287974611487
0.23077,400,3.2100869028199215,1.0,1.0,1e-06,0.01781287974611487
0.23077,425,3.2100869028199215,1.0,1.0,1e-06,0.01781287974611487
0.23077,450,3.2100869028199215,1.0,1.0,1e-06,0.01781287974611487
0.23077,475,3.2100869028199215,1.0,1.0,1e-06,0.01781287974611487
0.23077,500,3.2100869028199215,1.0,1.0,1e-06,0.01781287974611487
0.23077,525,3.2100869028199215,1.0,1.0,1e-06,0.01781287974611487
0.23077,550,3.2100869028199215,1.0,1.0,1e-06,0.01781287974611487
0.23077,575,3.2100869028199215,1.0,1.0,1e-06,0.01781287974611487
0.23077,600,3.2100869028199215,1.0,1.0,1e-06,0.01781287974611487
0.23077,625,3.2100869028199215,1.0,1.0,1e-06,0.01781287974611487
0.23077,650,3.2100869028199215,1.0,1.0,1e-06,0.01781287974611487
0.23077,675,3.2100869028199215,1.0,1.0,1e-06,0.01781287974611487
0.23077,700,3.2100869028199215,1.0,1.0,1e-06,0.01781287974611487
0.23077,725,3.2100869028199215,1.0,1.0,1e-06,0.01781287974611487
0.23077,750,3.2100869028199215,1.0,1.0,1e-06,0.01781287974611487
0.23077,775,3.2100869028199215,1.0,1.0,1e-06,0.01781287974611487
0.23077,800,3.2100869028199215,1.0,1.0,1e-06,0.01781287974611487
0.23077,825,3.2100869028199215,1.0,1.0,1e-06,0.01781287974611487
0.23077,850,3.2100869028199215,1.0,1.0,1e-06,0.01781287974611487
0.23077,875,3.2100869028199215,1.0,1.0,1e-06,0.01781287974611487
0.23077,900,3.2100869028199215,1.0,1.0,1e-06,0.01781287974611487
0.23077,925,3.2100869028199215,1.0,1.0,1e-06,0.01781287974611487
0.23077,950,3.2100869028199215,1.0,1.0,1e-06,0.01781287974611487
0.23077,975,3.2100869028199215,1.0,1.0,1e-06,0.01781287974611487
0.23077,1000,3.2100869028199215,1.0,1.0,1e-06,0.01781287974611487
0.23077,1025,3.2100869028199215,1.0,1.0,1e-06,0.01781287974611487
0.23077,1050,3.2100869028199215,1.0,1.0,1e-06,0.01781287974611487
0.23077,1075,3.2100869028199215,1.0,1.0,1e-06,0.01781287974611487
0.23077,1100,3.2100869028199215,1.0,1.0,1e-06,0.01781287974611487
0.23077,1125,3.2100869028199215,1.0,1.0,1e-06,0.01781287974611487
0.23077,1150,3.2100869028199215,1.0,1.0,1e-06,0.01781287974611487
0.23077,1175,3.2100869028199215,1.0,1.0,1e-06,0.01781287974611487
0.23077,1200,3.2100869028199215,1.0,1.0,1e-06,0.01781287974611487
0.23077,1225,3.2100869028199215,1.0,1.0,1e-06,0.01781287974611487
0.23077,1250,3.2100869028199215,1.0,1.0,1e-06,0.01781287974611487
0.23077,1275,3.2100869028199215,1.0,1.0,1e-06,0.01781287974611487
0.23077,1300,3.2100869028199215,1.0,1.0,1e-06,0.01781287974611487
0.23077,1325,3.2100869028199215,1.0,1.0,1e-06,0.01781287974611487
0.23077,1350,3.2100869028199215,1.0,1.0,1e-06,0.01781287974611487
0.23077,1375,3.2100869028199215,1.0,1.0,1e-06,0.01781287974611487
0.23077,1400,3.2100869028199215,1.0,1.0,1e-06,0.01781287974611487
0.23077,1425,3.2100869028199215,1.0,1.0,1e-06,0.01781287974611487
0.23077,1450,3.2100869028199215,1.0,1.0,1e-06,0.01781287974611487
0.23077,1475,3.2100869028199215,1.0,1.0,1e-06,0.01781287974611487
0.23077,1500,3.2100869028199215,1.0,1.0,1e-06,0.01781287974611487
0.23077,1525,3.2100869028199215,1.0,1.0,1e-06,0.01781287974611487
0.256411,-100,3.253935546076155,3.7032797219147247,4.675254479899608,-25.925925925925927,0.01733184678234482
0.256411,-75,3.253935546076155,3.6136516037419826,3.609500774054388,-20.75462945081273,0.01733184678234482
0.256411,-50,3.253935546076155,3.5014320894820377,2.4834558979549928,-14.279871413241208,0.017331846782344822
0.256411,-25,3.253935546076155,3.382051903233295,1.2855586523672,-7.3919622511114005,0.017331846782344826
0.256411,0,3.253935546076155,3.253935546076155,0.0,0.0,0.017331846782344815
0.256411,25,3.253935546076155,3.1148279697453694,1.3958479020951997,8.026125437047398,0.01733184678234482
0.256411,50,3.253935546076155,2.9612959918010775,2.9364346549580476,16.884499266008774,0.017331846782344822
0.256411,75,3.253935546076155,2.787629491984912,4.679057349038897,26.904579756973654,0.01733184678234482
0.256411,100,3.253935546076155,2.582917278121897,6.733202218722132,38.71591275765226,0.017331846782344822
0.256411,125,3.253935546076155,2.3201800685950587,9.369587614786438,53.87512878502202,0.01733184678234482
0.256411,150,3.253935546076155,1.8443317929511145,14.144394528924431,81.33026854131548,0.017331846782344843
0.256411,175,3.253935546076155,1.0,1.0,1e-06,0.01733184678234482
0.256411,200,3.253935546076155,1.0,1.0,1e-06,0.01733184678234482
0.256411,225,3.253935546076155,1.0,1.0,1e-06,0.01733184678234482
0.256411,250,3.253935546076155,1.0,1.0,1e-06,0.01733184678234482
0.256411,275,3.253935546076155,1.0,1.0,1e-06,0.01733184678234482
0.256411,300,3.253935546076155,1.0,1.0,1e-06,0.01733184678234482
0.256411,325,3.253935546076155,1.0,1.0,1e-06,0.01733184678234482
0.256411,350,3.253935546076155,1.0,1.0,1e-06,0.01733184678234482
0.256411,375,3.253935546076155,1.0,1.0,1e-06,0.01733184678234482
0.256411,400,3.253935546076155,1.0,1.0,1e-06,0.01733184678234482
0.256411,425,3.253935546076155,1.0,1.0,1e-06,0.01733184678234482
0.256411,450,3.253935546076155,1.0,1.0,1e-06,0.01733184678234482
0.256411,475,3.253935546076155,1.0,1.0,1e-06,0.01733184678234482
0.256411,500,3.253935546076155,1.0,1.0,1e-06,0.01733184678234482
0.256411,525,3.253935546076155,1.0,1.0,1e-06,0.01733184678234482
0.256411,550,3.253935546076155,1.0,1.0,1e-06,0.01733184678234482
0.256411,575,3.253935546076155,1.0,1.0,1e-06,0.01733184678234482
0.256411,600,3.253935546076155,1.0,1.0,1e-06,0.01733184678234482
0.256411,625,3.253935546076155,1.0,1.0,1e-06,0.01733184678234482
0.256411,650,3.253935546076155,1.0,1.0,1e-06,0.01733184678234482
0.256411,675,3.253935546076155,1.0,1.0,1e-06,0.01733184678234482
0.256411,700,3.253935546076155,1.0,1.0,1e-06,0.01733184678234482
0.256411,725,3.253935546076155,1.0,1.0,1e-06,0.01733184678234482
0.256411,750,3.253935546076155,1.0,1.0,1e-06,0.01733184678234482
0.256411,775,3.253935546076155,1.0,1.0,1e-06,0.01733184678234482
0.256411,800,3.253935546076155,1.0,1.0,1e-06,0.01733184678234482
0.256411,825,3.253935546076155,1.0,1.0,1e-06,0.01733184678234482
0.256411,850,3.253935546076155,1.0,1.0,1e-06,0.01733184678234482
0.256411,875,3.253935546076155,1.0,1.0,1e-06,0.01733184678234482
0.256411,900,3.253935546076155,1.0,1.0,1e-06,0.01733184678234482
0.256411,925,3.253935546076155,1.0,1.0,1e-06,0.01733184678234482
0.256411,950,3.253935546076155,1.0,1.0,1e-06,0.01733184678234482
0.256411,975,3.253935546076155,1.0,1.0,1e-06,0.01733184678234482
0.256411,1000,3.253935546076155,1.0,1.0,1e-06,0.01733184678234482
0.256411,1025,3.253935546076155,1.0,1.0,1e-06,0.01733184678234482
0.256411,1050,3.253935546076155,1.0,1.0,1e-06,0.01733184678234482
0.256411,1075,3.253935546076155,1.0,1.0,1e-06,0.01733184678234482
0.256411,1100,3.253935546076155,1.0,1.0,1e-06,0.01733184678234482
0.256411,1125,3.253935546076155,1.0,1.0,1e-06,0.01733184678234482
0.256411,1150,3.253935546076155,1.0,1.0,1e-06,0.01733184678234482
0.256411,1175,3.253935546076155,1.0,1.0,1e-06,0.01733184678234482
0.256411,1200,3.253935546076155,1.0,1.0,1e-06,0.01733184678234482
0.256411,1225,3.253935546076155,1.0,1.0,1e-06,0.01733184678234482
0.256411,1250,3.253935546076155,1.0,1.0,1e-06,0.01733184678234482
0.256411,1275,3.253935546076155,1.0,1.0,1e-06,0.01733184678234482
0.256411,1300,3.253935546076155,1.0,1.0,1e-06,0.01733184678234482
0.256411,1325,3.253935546076155,1.0,1.0,1e-06,0.01733184678234482
0.256411,1350,3.253935546076155,1.0,1.0,1e-06,0.01733184678234482
0.256411,1375,3.253935546076155,1.0,1.0,1e-06,0.01733184678234482
0.256411,1400,3.253935546076155,1.0,1.0,1e-06,0.01733184678234482
0.256411,1425,3.253935546076155,1.0,1.0,1e-06,0.01733184678234482
0.256411,1450,3.253935546076155,1.0,1.0,1e-06,0.01733184678234482
0.256411,1475,3.253935546076155,1.0,1.0,1e-06,0.01733184678234482
0.256411,1500,3.253935546076155,1.0,1.0,1e-06,0.01733184678234482
0.256411,1525,3.253935546076155,1.0,1.0,1e-06,0.01733184678234482
0.28205199999999997,-100,3.290810676467262,3.728023265194677,4.648176427660202,-25.925925925925927,0.01686391413662887
0.28205199999999997,-75,3.290810676467262,3.638431250592749,3.584918159095245,-20.61327941479766,0.01686391413662886
0.28205199999999997,-50,3.290810676467262,3.5296968321164575,2.463569135680984,-14.165522530165656,0.01686391413662886
0.28205199999999997,-25,3.290810676467262,3.4142910271642224,1.2734198849380631,-7.322164338393863,0.016863914136628858
0.28205199999999997,0,3.290810676467262,3.290810676467262,0.0,0.0,0.016863914136628858
0.28205199999999997,25,3.290810676467262,3.1572786377108093,1.3770802598876482,7.918211494353977,0.016863914136628858
0.28205199999999997,50,3.290810676467262,3.0107488921629297,2.8882023992595625,16.607163795742483,0.01686391413662886
0.28205199999999997,75,3.290810676467262,2.8464736821843677,4.582328774900204,26.34839045567617,0.01686391413662887
0.28205199999999997,100,3.290810676467262,2.6558346100903227,6.548338620843043,37.6529470698475,0.016863914136628865
0.28205199999999997,125,3.290810676467262,2.419594888672749,8.984615786945824,51.66154077493849,0.016863914136628855
0.28205199999999997,150,3.290810676467262,2.067035041401476,12.620471351105802,72.56771026885836,0.016863914136628834
0.28205199999999997,175,3.290810676467262,1.0,1.0,1e-06,0.016863914136628855
0.28205199999999997,200,3.290810676467262,1.0,1.0,1e-06,0.016863914136628855
0.28205199999999997,225,3.290810676467262,1.0,1.0,1e-06,0.016863914136628855
0.28205199999999997,250,3.290810676467262,1.0,1.0,1e-06,0.016863914136628855
0.28205199999999997,275,3.290810676467262,1.0,1.0,1e-06,0.016863914136628855
0.28205199999999997,300,3.290810676467262,1.0,1.0,1e-06,0.016863914136628855
0.28205199999999997,325,3.290810676467262,1.0,1.0,1e-06,0.016863914136628855
0.28205199999999997,350,3.290810676467262,1.0,1.0,1e-06,0.016863914136628855
0.28205199999999997,375,3.290810676467262,1.0,1.0,1e-06,0.016863914136628855
0.28205199999999997,400,3.290810676467262,1.0,1.0,1e-06,0.016863914136628855
0.28205199999999997,425,3.290810676467262,1.0,1.0,1e-06,0.016863914136628855
0.28205199999999997,450,3.290810676467262,1.0,1.0,1e-06,0.016863914136628855
0.28205199999999997,475,3.290810676467262,1.0,1.0,1e-06,0.016863914136628855
0.28205199999999997,500,3.290810676467262,1.0,1.0,1e-06,0.016863914136628855
0.28205199999999997,525,3.290810676467262,1.0,1.0,1e-06,0.016863914136628855
0.28205199999999997,550,3.290810676467262,1.0,1.0,1e-06,0.016863914136628855
0.28205199999999997,575,3.290810676467262,1.0,1.0,1e-06,0.016863914136628855
0.28205199999999997,600,3.290810676467262,1.0,1.0,1e-06,0.016863914136628855
0.28205199999999997,625,3.290810676467262,1.0,1.0,1e-06,0.016863914136628855
0.28205199999999997,650,3.290810676467262,1.0,1.0,1e-06,0.016863914136628855
0.28205199999999997,675,3.290810676467262,1.0,1.0,1e-06,0.016863914136628855
0.28205199999999997,700,3.290810676467262,1.0,1.0,1e-06,0.016863914136628855
0.28205199999999997,725,3.290810676467262,1.0,1.0,1e-06,0.016863914136628855
0.28205199999999997,750,3.290810676467262,1.0,1.0,1e-06,0.016863914136628855
0.28205199999999997,775,3.290810676467262,1.0,1.0,1e-06,0.016863914136628855
0.28205199999999997,800,3.290810676467262,1.0,1.0,1e-06,0.016863914136628855
0.28205199999999997,825,3.290810676467262,1.0,1.0,1e-06,0.016863914136628855
0.28205199999999997,850,3.290810676467262,1.0,1.0,1e-06,0.016863914136628855
0.28205199999999997,875,3.290810676467262,1.0,1.0,1e-06,0.016863914136628855
0.28205199999999997,900,3.290810676467262,1.0,1.0,1e-06,0.016863914136628855
0.28205199999999997,925,3.290810676467262,1.0,1.0,1e-06,0.016863914136628855
0.28205199999999997,950,3.290810676467262,1.0,1.0,1e-06,0.016863914136628855
0.28205199999999997,975,3.290810676467262,1.0,1.0,1e-06,0.016863914136628855
0.28205199999999997,1000,3.290810676467262,1.0,1.0,1e-06,0.016863914136628855
0.28205199999999997,1025,3.290810676467262,1.0,1.0,1e-06,0.016863914136628855
0.28205199999999997,1050,3.290810676467262,1.0,1.0,1e-06,0.016863914136628855
0.28205199999999997,1075,3.290810676467262,1.0,1.0,1e-06,0.016863914136628855
0.28205199999999997,1100,3.290810676467262,1.0,1.0,1e-06,0.016863914136628855
0.28205199999999997,1125,3.290810676467262,1.0,1.0,1e-06,0.016863914136628855
0.28205199999999997,1150,3.290810676467262,1.0,1.0,1e-06,0.016863914136628855
0.28205199999999997,1175,3.290810676467262,1.0,1.0,1e-06,0.016863914136628855
0.28205199999999997,1200,3.290810676467262,1.0,1.0,1e-06,0.016863914136628855
0.28205199999999997,1225,3.290810676467262,1.0,1.0,1e-06,0.016863914136628855
0.28205199999999997,1250,3.290810676467262,1.0,1.0,1e-06,0.016863914136628855
0.28205199999999997,1275,3.290810676467262,1.0,1.0,1e-06,0.016863914136628855
0.28205199999999997,1300,3.290810676467262,1.0,1.0,1e-06,0.016863914136628855
0.28205199999999997,1325,3.290810676467262,1.0,1.0,1e-06,0.016863914136628855
0.28205199999999997,1350,3.290810676467262,1.0,1.0,1e-06,0.016863914136628855
0.28205199999999997,1375,3.290810676467262,1.0,1.0,1e-06,0.016863914136628855
0.28205199999999997,1400,3.290810676467262,1.0,1.0,1e-06,0.016863914136628855
0.28205199999999997,1425,3.290810676467262,1.0,1.0,1e-06,0.016863914136628855
0.28205199999999997,1450,3.290810676467262,1.0,1.0,1e-06,0.016863914136628855
0.28205199999999997,1475,3.290810676467262,1.0,1.0,1e-06,0.016863914136628855
0.28205199999999997,1500,3.290810676467262,1.0,1.0,1e-06,0.016863914136628855
0.28205199999999997,1525,3.290810676467262,1.0,1.0,1e-06,0.016863914136628855
0.307693,-100,3.3273980618286063,3.7520540414176837,4.622013794991731,-25.925925925925927,0.01637958778415012
0.307693,-75,3.3273980618286063,3.6627897115179744,3.5610775633264353,-20.476195989127003,0.016379587784150117
0.307693,-50,3.3273980618286063,3.5576034251941984,2.4442443787669705,-14.05440517791008,0.016379587784150114
0.307693,-25,3.3273980618286063,3.446220884937121,1.2616214201359448,-7.254323165781683,0.01637958778415012
0.307693,0,3.3273980618286063,3.3273980618286063,0.0,0.0,0.016379587784150114
0.307693,25,3.3273980618286063,3.1994088898594875,1.3589466794122305,7.813943406620325,0.016379587784150117
0.307693,50,3.3273980618286063,3.059734516228944,2.8419629637117163,16.34128704134237,0.016379587784150117
0.307693,75,3.3273980618286063,2.9044348535832274,4.490883396739888,25.82257953125436,0.016379587784150124
0.307693,100,3.3273980618286063,2.726683361490337,6.378189926064768,36.674592074872415,0.016379587784150128
0.307693,125,3.3273980618286063,2.5124899312227518,8.652424897162808,49.75144315868614,0.016379587784150114
0.307693,150,3.3273980618286063,2.221333586732614,11.743826626288376,67.52700310115816,0.01637958778415004
0.307693,175,3.3273980618286063,1.0,1.0,1e-06,0.016379587784150114
0.307693,200,3.3273980618286063,1.0,1.0,1e-06,0.016379587784150114
0.307693,225,3.3273980618286063,1.0,1.0,1e-06,0.016379587784150114
0.307693,250,3.3273980618286063,1.0,1.0,1e-06,0.016379587784150114
0.307693,275,3.3273980618286063,1.0,1.0,1e-06,0.016379587784150114
0.307693,300,3.3273980618286063,1.0,1.0,1e-06,0.016379587784150114
0.307693,325,3.3273980618286063,1.0,1.0,1e-06,0.016379587784150114
0.307693,350,3.3273980618286063,1.0,1.0,1e-06,0.016379587784150114
0.307693,375,3.3273980618286063,1.0,1.0,1e-06,0.016379587784150114
0.307693,400,3.3273980618286063,1.0,1.0,1e-06,0.016379587784150114
0.307693,425,3.3273980618286063,1.0,1.0,1e-06,0.016379587784150114
0.307693,450,3.3273980618286063,1.0,1.0,1e-06,0.016379587784150114
0.307693,475,3.3273980618286063,1.0,1.0,1e-06,0.016379587784150114
0.307693,500,3.3273980618286063,1.0,1.0,1e-06,0.016379587784150114
0.307693,525,3.3273980618286063,1.0,1.0,1e-06,0.016379587784150114
0.307693,550,3.3273980618286063,1.0,1.0,1e-06,0.016379587784150114
0.307693,575,3.3273980618286063,1.0,1.0,1e-06,0.016379587784150114
0.307693,600,3.3273980618286063,1.0,1.0,1e-06,0.016379587784150114
0.307693,625,3.3273980618286063,1.0,1.0,1e-06,0.016379587784150114
0.307693,650,3.3273980618286063,1.0,1.0,1e-06,0.016379587784150114
0.307693,675,3.3273980618286063,1.0,1.0,1e-06,0.016379587784150114
0.307693,700,3.3273980618286063,1.0,1.0,1e-06,0.016379587784150114
0.307693,725,3.3273980618286063,1.0,1.0,1e-06,0.016379587784150114
0.307693,750,3.3273980618286063,1.0,1.0,1e-06,0.016379587784150114
0.307693,775,3.3273980618286063,1.0,1.0,1e-06,0.016379587784150114
0.307693,800,3.3273980618286063,1.0,1.0,1e-06,0.016379587784150114
0.307693,825,3.3273980618286063,1.0,1.0,1e-06,0.016379587784150114
0.307693,850,3.3273980618286063,1.0,1.0,1e-06,0.016379587784150114
0.307693,875,3.3273980618286063,1.0,1.0,1e-06,0.016379587784150114
0.307693,900,3.3273980618286063,1.0,1.0,1e-06,0.016379587784150114
0.307693,925,3.3273980618286063,1.0,1.0,1e-06,0.016379587784150114
0.307693,950,3.3273980618286063,1.0,1.0,1e-06,0.016379587784150114
0.307693,975,3.3273980618286063,1.0,1.0,1e-06,0.016379587784150114
0.307693,1000,3.3273980618286063,1.0,1.0,1e-06,0.016379587784150114
0.307693,1025,3.3273980618286063,1.0,1.0,1e-06,0.016379587784150114
0.307693,1050,3.3273980618286063,1.0,1.0,1e-06,0.016379587784150114
0.307693,1075,3.3273980618286063,1.0,1.0,1e-06,0.016379587784150114
0.307693,1100,3.3273980618286063,1.0,1.0,1e-06,0.016379587784150114
0.307693,1125,3.3273980618286063,1.0,1.0,1e-06,0.016379587784150114
0.307693,1150,3.3273980618286063,1.0,1.0,1e-06,0.016379587784150114
0.307693,1175,3.3273980618286063,1.0,1.0,1e-06,0.016379587784150114
0.307693,1200,3.3273980618286063,1.0,1.0,1e-06,0.016379587784150114
0.307693,1225,3.3273980618286063,1.0,1.0,1e-06,0.016379587784150114
0.307693,1250,3.3273980618286063,1.0,1.0,1e-06,0.016379587784150114
0.307693,1275,3.3273980618286063,1.0,1.0,1e-06,0.016379587784150114
0.307693,1300,3.3273980618286063,1.0,1.0,1e-06,0.016379587784150114
0.307693,1325,3.3273980618286063,1.0,1.0,1e-06,0.016379587784150114
0.307693,1350,3.3273980618286063,1.0,1.0,1e-06,0.016379587784150114
0.307693,1375,3.3273980618286063,1.0,1.0,1e-06,0.016379587784150114
0.307693,1400,3.3273980618286063,1.0,1.0,1e-06,0.016379587784150114
0.307693,1425,3.3273980618286063,1.0,1.0,1e-06,0.016379587784150114
0.307693,1450,3.3273980618286063,1.0,1.0,1e-06,0.016379587784150114
0.307693,1475,3.3273980618286063,1.0,1.0,1e-06,0.016379587784150114
0.307693,1500,3.3273980618286063,1.0,1.0,1e-06,0.016379587784150114
0.307693,1525,3.3273980618286063,1.0,1.0,1e-06,0.016379587784150114
0.33333399999999996,-100,3.360152080936638,3.772959482464201,4.5993588272718195,-25.925925925925927,0.015922571201777442
0.33333399999999996,-75,3.360152080936638,3.6842836998412225,3.540302355497673,-20.35673854411162,0.015922571201777435
0.33333399999999996,-50,3.360152080936638,3.5823862312218084,2.4273351929859617,-13.957177359669279,0.01592257120177744
0.33333399999999996,-25,3.360152080936638,3.474712433111726,1.2512765216265356,-7.194839999352579,0.015922571201777435
0.33333399999999996,0,3.360152080936638,3.360152080936638,0.0,0.0,0.01592257120177744
0.33333399999999996,25,3.360152080936638,3.237185934377952,1.3430881559146493,7.722756896509233,0.015922571201777435
0.33333399999999996,50,3.360152080936638,3.1036373990569937,2.8017616286474465,16.110129364722816,0.01592257120177743
0.33333399999999996,75,3.360152080936638,2.9561883637464845,4.412262229575619,25.37050782005981,0.015922571201777435
0.33333399999999996,100,3.360152080936638,2.78930928085465,6.234986011482152,35.85116956602238,0.01592257120177745
0.33333399999999996,125,3.360152080936638,2.59239950368382,8.385717712062178,48.21787684435753,0.015922571201777435
0.33333399999999996,150,3.360152080936638,2.3390675589942385,11.152716141707383,64.12811781481746,0.015922571201777383
0.33333399999999996,175,3.360152080936638,1.8703535784088419,16.272208078745894,93.5651964527889,0.01592257120177713
0.33333399999999996,200,3.360152080936638,1.0,1.0,1e-06,0.015922571201777435
0.33333399999999996,225,3.360152080936638,1.0,1.0,1e-06,0.015922571201777435
0.33333399999999996,250,3.360152080936638,1.0,1.0,1e-06,0.015922571201777435
0.33333399999999996,275,3.360152080936638,1.0,1.0,1e-06,0.015922571201777435
0.33333399999999996,300,3.360152080936638,1.0,1.0,1e-06,0.015922571201777435
0.33333399999999996,325,3.360152080936638,1.0,1.0,1e-06,0.015922571201777435
0.33333399999999996,350,3.360152080936638,1.0,1.0,1e-06,0.015922571201777435
0.33333399999999996,375,3.360152080936638,1.0,1.0,1e-06,0.015922571201777435
0.33333399999999996,400,3.360152080936638,1.0,1.0,1e-06,0.015922571201777435
0.33333399999999996,425,3.360152080936638,1.0,1.0,1e-06,0.015922571201777435
0.33333399999999996,450,3.360152080936638,1.0,1.0,1e-06,0.015922571201777435
0.33333399999999996,475,3.360152080936638,1.0,1.0,1e-06,0.015922571201777435
0.33333399999999996,500,3.360152080936638,1.0,1.0,1e-06,0.015922571201777435
0.33333399999999996,525,3.360152080936638,1.0,1.0,1e-06,0.015922571201777435
0.33333399999999996,550,3.360152080936638,1.0,1.0,1e-06,0.015922571201777435
0.33333399999999996,575,3.360152080936638,1.0,1.0,1e-06,0.015922571201777435
0.33333399999999996,600,3.360152080936638,1.0,1.0,1e-06,0.015922571201777435
0.33333399999999996,625,3.360152080936638,1.0,1.0,1e-06,0.015922571201777435
0.33333399999999996,650,3.360152080936638,1.0,1.0,1e-06,0.015922571201777435
0.33333399999999996,675,3.360152080936638,1.0,1.0,1e-06,0.015922571201777435
0.33333399999999996,700,3.360152080936638,1.0,1.0,1e-06,0.015922571201777435
0.33333399999999996,725,3.360152080936638,1.0,1.0,1e-06,0.015922571201777435
0.33333399999999996,750,3.360152080936638,1.0,1.0,1e-06,0.015922571201777435
0.33333399999999996,775,3.360152080936638,1.0,1.0,1e-06,0.015922571201777435
0.33333399999999996,800,3.360152080936638,1.0,1.0,1e-06,0.015922571201777435
0.33333399999999996,825,3.360152080936638,1.0,1.0,1e-06,0.015922571201777435
0.33333399999999996,850,3.360152080936638,1.0,1.0,1e-06,0.015922571201777435
0.33333399999999996,875,3.360152080936638,1.0,1.0,1e-06,0.015922571201777435
0.33333399999999996,900,3.360152080936638,1.0,1.0,1e-06,0.015922571201777435
0.33333399999999996,925,3.360152080936638,1.0,1.0,1e-06,0.015922571201777435
0.33333399999999996,950,3.360152080936638,1.0,1.0,1e-06,0.015922571201777435
0.33333399999999996,975,3.360152080936638,1.0,1.0,1e-06,0.015922571201777435
0.33333399999999996,1000,3.360152080936638,1.0,1.0,1e-06,0.015922571201777435
0.33333399999999996,1025,3.360152080936638,1.0,1.0,1e-06,0.015922571201777435
0.33333399999999996,1050,3.360152080936638,1.0,1.0,1e-06,0.015922571201777435
0.33333399999999996,1075,3.360152080936638,1.0,1.0,1e-06,0.015922571201777435
0.33333399999999996,1100,3.360152080936638,1.0,1.0,1e-06,0.015922571201777435
0.33333399999999996,1125,3.360152080936638,1.0,1.0,1e-06,0.015922571201777435
0.33333399999999996,1150,3.360152080936638,1.0,1.0,1e-06,0.015922571201777435
0.33333399999999996,1175,3.360152080936638,1.0,1.0,1e-06,0.015922571201777435
0.33333399999999996,1200,3.360152080936638,1.0,1.0,1e-06,0.015922571201777435
0.33333399999999996,1225,3.360152080936638,1.0,1.0,1e-06,0.015922571201777435
0.33333399999999996,1250,3.360152080936638,1.0,1.0,1e-06,0.015922571201777435
0.33333399999999996,1275,3.360152080936638,1.0,1.0,1e-06,0.015922571201777435
0.33333399999999996,1300,3.360152080936638,1.0,1.0,1e-06,0.015922571201777435
0.33333399999999996,1325,3.360152080936638,1.0,1.0,1e-06,0.015922571201777435
0.33333399999999996,1350,3.360152080936638,1.0,1.0,1e-06,0.015922571201777435
0.33333399999999996,1375,3.360152080936638,1.0,1.0,1e-06,0.015922571201777435
0.33333399999999996,1400,3.360152080936638,1.0,1.0,1e-06,0.015922571201777435
0.33333399999999996,1425,3.360152080936638,1.0,1.0,1e-06,0.015922571201777435
0.33333399999999996,1450,3.360152080936638,1.0,1.0,1e-06,0.015922571201777435
0.33333399999999996,1475,3.360152080936638,1.0,1.0,1e-06,0.015922571201777435
0.33333399999999996,1500,3.360152080936638,1.0,1.0,1e-06,0.015922571201777435
0.33333399999999996,1525,3.360152080936638,1.0,1.0,1e-06,0.015922571201777435
0.358975,-100,3.3940586548079943,3.7962090541567224,4.574206229686145,-25.925925925925927,0.015511515403450943
0.358975,-75,3.3940586548079943,3.7078182753863764,3.51783105106745,-20.22752854363784,0.015511515403450941
0.358975,-50,3.3940586548079943,3.6089614151732805,2.4094611090474984,-13.854401377023116,0.015511515403450941
0.358975,-25,3.3940586548079943,3.5047064067396665,1.2405678485922558,-7.133265129405471,0.01551151540345094
0.358975,0,3.3940586548079943,3.3940586548079943,0.0,0.0,0.015511515403450941
0.358975,25,3.3940586548079943,3.2756745228114355,1.3273071108496115,7.632015887385266,0.01551151540345094
0.358975,50,3.3940586548079943,3.147661178666307,2.7625756650204254,15.884810073867445,0.015511515403450945
0.358975,75,3.3940586548079943,3.007199118999896,4.337417558571057,24.94015096178358,0.015511515403450948
0.358975,100,3.3940586548079943,2.849746551064756,6.102754766499549,35.090839907372406,0.015511515403450948
0.358975,125,3.3940586548079943,2.667064951820902,8.15095651117927,46.86799993928081,0.015511515403450943
0.358975,150,3.3940586548079943,2.4407908668449814,10.687911396300695,61.455490528729,0.015511515403450934
0.358975,175,3.3940586548079943,2.1037151305313784,14.4671596296444,83.1861678704553,0.015511515403450856
0.358975,200,3.3940586548079943,1.0,1.0,1e-06,0.015511515403450941
0.358975,225,3.3940586548079943,1.0,1.0,1e-06,0.015511515403450941
0.358975,250,3.3940586548079943,1.0,1.0,1e-06,0.015511515403450941
0.358975,275,3.3940586548079943,1.0,1.0,1e-06,0.015511515403450941
0.358975,300,3.3940586548079943,1.0,1.0,1e-06,0.015511515403450941
0.358975,325,3.3940586548079943,1.0,1.0,1e-06,0.015511515403450941
0.358975,350,3.3940586548079943,1.0,1.0,1e-06,0.015511515403450941
0.358975,375,3.3940586548079943,1.0,1.0,1e-06,0.015511515403450941
0.358975,400,3.3940586548079943,1.0,1.0,1e-06,0.015511515403450941
0.358975,425,3.3940586548079943,1.0,1.0,1e-06,0.015511515403450941
0.358975,450,3.3940586548079943,1.0,1.0,1e-06,0.015511515403450941
0.358975,475,3.3940586548079943,1.0,1.0,1e-06,0.015511515403450941
0.358975,500,3.3940586548079943,1.0,1.0,1e-06,0.015511515403450941
0.358975,525,3.3940586548079943,1.0,1.0,1e-06,0.015511515403450941
0.358975,550,3.3940586548079943,1.0,1.0,1e-06,0.015511515403450941
0.358975,575,3.3940586548079943,1.0,1.0,1e-06,0.015511515403450941
0.358975,600,3.3940586548079943,1.0,1.0,1e-06,0.015511515403450941
0.358975,625,3.3940586548079943,1.0,1.0,1e-06,0.015511515403450941
0.358975,650,3.3940586548079943,1.0,1.0,1e-06,0.015511515403450941
0.358975,675,3.3940586548079943,1.0,1.0,1e-06,0.015511515403450941
0.358975,700,3.3940586548079943,1.0,1.0,1e-06,0.015511515403450941
0.358975,725,3.3940586548079943,1.0,1.0,1e-06,0.015511515403450941
0.358975,750,3.3940586548079943,1.0,1.0,1e-06,0.015511515403450941
0.358975,775,3.3940586548079943,1.0,1.0,1e-06,0.015511515403450941
0.358975,800,3.3940586548079943,1.0,1.0,1e-06,0.015511515403450941
0.358975,825,3.3940586548079943,1.0,1.0,1e-06,0.015511515403450941
0.358975,850,3.3940586548079943,1.0,1.0,1e-06,0.015511515403450941
0.358975,875,3.3940586548079943,1.0,1.0,1e-06,0.015511515403450941
0.358975,900,3.3940586548079943,1.0,1.0,1e-06,0.015511515403450941
0.358975,925,3.3940586548079943,1.0,1.0,1e-06,0.015511515403450941
0.358975,950,3.3940586548079943,1.0,1.0,1e-06,0.015511515403450941
0.358975,975,3.3940586548079943,1.0,1.0,1e-06,0.015511515403450941
0.358975,1000,3.3940586548079943,1.0,1.0,1e-06,0.015511515403450941
0.358975,1025,3.3940586548079943,1.0,1.0,1e-06,0.015511515403450941
0.358975,1050,3.3940586548079943,1.0,1.0,1e-06,0.015511515403450941
0.358975,1075,3.3940586548079943,1.0,1.0,1e-06,0.015511515403450941
0.358975,1100,3.3940586548079943,1.0,1.0,1e-06,0.015511515403450941
0.358975,1125,3.3940586548079943,1.0,1.0,1e-06,0.015511515403450941
0.358975,1150,3.3940586548079943,1.0,1.0,1e-06,0.015511515403450941
0.358975,1175,3.3940586548079943,1.0,1.0,1e-06,0.015511515403450941
0.358975,1200,3.3940586548079943,1.0,1.0,1e-06,0.015511515403450941
0.358975,1225,3.3940586548079943,1.0,1.0,1e-06,0.015511515403450941
0.358975,1250,3.3940586548079943,1.0,1.0,1e-06,0.015511515403450941
0.358975,1275,3.3940586548079943,1.0,1.0,1e-06,0.015511515403450941
0.358975,1300,3.3940586548079943,1.0,1.0,1e-06,0.015511515403450941
0.358975,1325,3.3940586548079943,1.0,1.0,1e-06,0.015511515403450941
0.358975,1350,3.3940586548079943,1.0,1.0,1e-06,0.015511515403450941
0.358975,1375,3.3940586548079943,1.0,1.0,1e-06,0.015511515403450941
0.358975,1400,3.3940586548079943,1.0,1.0,1e-06,0.015511515403450941
0.358975,1425,3.3940586548079943,1.0,1.0,1e-06,0.015511515403450941
0.358975,1450,3.3940586548079943,1.0,1.0,1e-06,0.015511515403450941
0.358975,1475,3.3940586548079943,1.0,1.0,1e-06,0.015511515403450941
0.358975,1500,3.3940586548079943,1.0,1.0,1e-06,0.015511515403450941
0.358975,1525,3.3940586548079943,1.0,1.0,1e-06,0.015511515403450941
0.38461599999999996,-100,3.42804657493109,3.8217501206402718,4.546683178080127,-25.925925925925927,0.015185708191639873
0.38461599999999996,-75,3.42804657493109,3.733132978479677,3.4939763292818844,-20.090363893370835,0.015185708191639872
0.38461599999999996,-50,3.42804657493109,3.6368236514025263,2.391001876200293,-13.748260788151685,0.015185708191639873
0.38461599999999996,-25,3.42804657493109,3.5354289355201436,1.2297874363346122,-7.07127775892402,0.015185708191639878
0.38461599999999996,0,3.42804657493109,3.42804657493109,0.0,0.0,0.01518570819163987
0.38461599999999996,25,3.42804657493109,3.3134710437812043,1.3121666160676493,7.544958042388983,0.01518570819163987
0.38461599999999996,50,3.42804657493109,3.190028172414169,2.725885698787512,15.673842768028194,0.015185708191639877
0.38461599999999996,75,3.42804657493109,3.055271853392534,4.269171087471728,24.547733752962436,0.01518570819163987
0.38461599999999996,100,3.42804657493109,2.905369169571244,5.985918942752666,34.41903392082783,0.015185708191639878
0.38461599999999996,125,3.42804657493109,2.7336616086457615,7.95238531573483,45.72621556547527,0.015185708191639873
0.38461599999999996,150,3.42804657493109,2.526439191561601,10.325582586301906,59.37209987123595,0.015185708191639877
0.38461599999999996,175,3.42804657493109,2.243529563573032,13.565581262154353,78.00209225738753,0.015185708191639863
0.38461599999999996,200,3.42804657493109,1.0,1.0,1e-06,0.015185708191639873
0.38461599999999996,225,3.42804657493109,1.0,1.0,1e-06,0.015185708191639873
0.38461599999999996,250,3.42804657493109,1.0,1.0,1e-06,0.015185708191639873
0.38461599999999996,275,3.42804657493109,1.0,1.0,1e-06,0.015185708191639873
0.38461599999999996,300,3.42804657493109,1.0,1.0,1e-06,0.015185708191639873
0.38461599999999996,325,3.42804657493109,1.0,1.0,1e-06,0.015185708191639873
0.38461599999999996,350,3.42804657493109,1.0,1.0,1e-06,0.015185708191639873
0.38461599999999996,375,3.42804657493109,1.0,1.0,1e-06,0.015185708191639873
0.38461599999999996,400,3.42804657493109,1.0,1.0,1e-06,0.015185708191639873
0.38461599999999996,425,3.42804657493109,1.0,1.0,1e-06,0.015185708191639873
0.38461599999999996,450,3.42804657493109,1.0,1.0,1e-06,0.015185708191639873
0.38461599999999996,475,3.42804657493109,1.0,1.0,1e-06,0.015185708191639873
0.38461599999999996,500,3.42804657493109,1.0,1.0,1e-06,0.015185708191639873
0.38461599999999996,525,3.42804657493109,1.0,1.0,1e-06,0.015185708191639873
0.38461599999999996,550,3.42804657493109,1.0,1.0,1e-06,0.015185708191639873
0.38461599999999996,575,3.42804657493109,1.0,1.0,1e-06,0.015185708191639873
0.38461599999999996,600,3.42804657493109,1.0,1.0,1e-06,0.015185708191639873
0.38461599999999996,625,3.42804657493109,1.0,1.0,1e-06,0.015185708191639873
0.38461599999999996,650,3.42804657493109,1.0,1.0,1e-06,0.015185708191639873
0.38461599999999996,675,3.42804657493109,1.0,1.0,1e-06,0.015185708191639873
0.38461599999999996,700,3.42804657493109,1.0,1.0,1e-06,0.015185708191639873
0.38461599999999996,725,3.42804657493109,1.0,1.0,1e-06,0.015185708191639873
0.38461599999999996,750,3.42804657493109,1.0,1.0,1e-06,0.015185708191639873
0.38461599999999996,775,3.42804657493109,1.0,1.0,1e-06,0.015185708191639873
0.38461599999999996,800,3.42804657493109,1.0,1.0,1e-06,0.015185708191639873
0.38461599999999996,825,3.42804657493109,1.0,1.0,1e-06,0.015185708191639873
0.38461599999999996,850,3.42804657493109,1.0,1.0,1e-06,0.015185708191639873
0.38461599999999996,875,3.42804657493109,1.0,1.0,1e-06,0.015185708191639873
0.38461599999999996,900,3.42804657493109,1.0,1.0,1e-06,0.015185708191639873
0.38461599999999996,925,3.42804657493109,1.0,1.0,1e-06,0.015185708191639873
0.38461599999999996,950,3.42804657493109,1.0,1.0,1e-06,0.015185708191639873
0.38461599999999996,975,3.42804657493109,1.0,1.0,1e-06,0.015185708191639873
0.38461599999999996,1000,3.42804657493109,1.0,1.0,1e-06,0.015185708191639873
0.38461599999999996,1025,3.42804657493109,1.0,1.0,1e-06,0.015185708191639873
0.38461599999999996,1050,3.42804657493109,1.0,1.0,1e-06,0.015185708191639873
0.38461599999999996,1075,3.42804657493109,1.0,1.0,1e-06,0.015185708191639873
0.38461599999999996,1100,3.42804657493109,1.0,1.0,1e-06,0.015185708191639873
0.38461599999999996,1125,3.42804657493109,1.0,1.0,1e-06,0.015185708191639873
0.38461599999999996,1150,3.42804657493109,1.0,1.0,1e-06,0.015185708191639873
0.38461599999999996,1175,3.42804657493109,1.0,1.0,1e-06,0.015185708191639873
0.38461599999999996,1200,3.42804657493109,1.0,1.0,1e-06,0.015185708191639873
0.38461599999999996,1225,3.42804657493109,1.0,1.0,1e-06,0.015185708191639873
0.38461599999999996,1250,3.42804657493109,1.0,1.0,1e-06,0.015185708191639873
0.38461599999999996,1275,3.42804657493109,1.0,1.0,1e-06,0.015185708191639873
0.38461599999999996,1300,3.42804657493109,1.0,1.0,1e-06,0.015185708191639873
0.38461599999999996,1325,3.42804657493109,1.0,1.0,1e-06,0.015185708191639873
0.38461599999999996,1350,3.42804657493109,1.0,1.0,1e-06,0.015185708191639873
0.38461599999999996,1375,3.42804657493109,1.0,1.0,1e-06,0.015185708191639873
0.38461599999999996,1400,3.42804657493109,1.0,1.0,1e-06,0.015185708191639873
0.38461599999999996,1425,3.42804657493109,1.0,1.0,1e-06,0.015185708191639873
0.38461599999999996,1450,3.42804657493109,1.0,1.0,1e-06,0.015185708191639873
0.38461599999999996,1475,3.42804657493109,1.0,1.0,1e-06,0.015185708191639873
0.38461599999999996,1500,3.42804657493109,1.0,1.0,1e-06,0.015185708191639873
0.38461599999999996,1525,3.42804657493109,1.0,1.0,1e-06,0.015185708191639873
0.410257,-100,3.4645174078560284,3.853626816634571,4.512592978682488,-25.925925925925927,0.015008505767172347
0.410257,-75,3.4645174078560284,3.763602630955707,3.4656895373562264,-19.927714839798302,0.015008505767172347
0.410257,-50,3.4645174078560284,3.669046122746347,2.3700035058169804,-13.627520158447636,0.015008505767172347
0.410257,-25,3.4645174078560284,3.569629886219081,1.218004730334019,-7.003527199420608,0.015008505767172348
0.410257,0,3.4645174078560284,3.4645174078560284,0.0,0.0,0.015008505767172347
0.410257,25,3.4645174078560284,3.352600511435015,1.2968518235700923,7.456897985528031,0.015008505767172348
0.410257,50,3.4645174078560284,3.2323570103652113,2.6901892786064985,15.468588351987366,0.015008505767172341
0.410257,75,3.4645174078560284,3.101595143520724,4.205409686727674,24.181105698684128,0.015008505767172343
0.410257,100,3.4645174078560284,2.9569503551680842,5.881500282015218,33.818626621587505,0.015008505767172347
0.410257,125,3.4645174078560284,2.7927571699513365,7.784110508670329,44.75863542485439,0.015008505767172348
0.410257,150,3.4645174078560284,2.5979632448994194,10.041310851089076,57.73753739376219,0.015008505767172347
0.410257,175,3.4645174078560284,2.344003510264125,12.984102828952771,74.65859126647844,0.015008505767172333
0.410257,200,3.4645174078560284,1.0,1.0,1e-06,0.015008505767172347
0.410257,225,3.4645174078560284,1.0,1.0,1e-06,0.015008505767172347
0.410257,250,3.4645174078560284,1.0,1.0,1e-06,0.015008505767172347
0.410257,275,3.4645174078560284,1.0,1.0,1e-06,0.015008505767172347
0.410257,300,3.4645174078560284,1.0,1.0,1e-06,0.015008505767172347
0.410257,325,3.4645174078560284,1.0,1.0,1e-06,0.015008505767172347
0.410257,350,3.4645174078560284,1.0,1.0,1e-06,0.015008505767172347
0.410257,375,3.4645174078560284,1.0,1.0,1e-06,0.015008505767172347
0.410257,400,3.4645174078560284,1.0,1.0,1e-06,0.015008505767172347
0.410257,425,3.4645174078560284,1.0,1.0,1e-06,0.015008505767172347
0.410257,450,3.4645174078560284,1.0,1.0,1e-06,0.015008505767172347
0.410257,475,3.4645174078560284,1.0,1.0,1e-06,0.015008505767172347
0.410257,500,3.4645174078560284,1.0,1.0,1e-06,0.015008505767172347
0.410257,525,3.4645174078560284,1.0,1.0,1e-06,0.015008505767172347
0.410257,550,3.4645174078560284,1.0,1.0,1e-06,0.015008505767172347
0.410257,575,3.4645174078560284,1.0,1.0,1e-06,0.015008505767172347
0.410257,600,3.4645174078560284,1.0,1.0,1e-06,0.015008505767172347
0.410257,625,3.4645174078560284,1.0,1.0,1e-06,0.015008505767172347
0.410257,650,3.4645174078560284,1.0,1.0,1e-06,0.015008505767172347
0.410257,675,3.4645174078560284,1.0,1.0,1e-06,0.015008505767172347
0.410257,700,3.4645174078560284,1.0,1.0,1e-06,0.015008505767172347
0.410257,725,3.4645174078560284,1.0,1.0,1e-06,0.015008505767172347
0.410257,750,3.4645174078560284,1.0,1.0,1e-06,0.015008505767172347
0.410257,775,3.4645174078560284,1.0,1.0,1e-06,0.015008505767172347
0.410257,800,3.4645174078560284,1.0,1.0,1e-06,0.015008505767172347
0.410257,825,3.4645174078560284,1.0,1.0,1e-06,0.015008505767172347
0.410257,850,3.4645174078560284,1.0,1.0,1e-06,0.015008505767172347
0.410257,875,3.4645174078560284,1.0,1.0,1e-06,0.015008505767172347
0.410257,900,3.4645174078560284,1.0,1.0,1e-06,0.015008505767172347
0.410257,925,3.4645174078560284,1.0,1.0,1e-06,0.015008505767172347
0.410257,950,3.4645174078560284,1.0,1.0,1e-06,0.015008505767172347
0.410257,975,3.4645174078560284,1.0,1.0,1e-06,0.015008505767172347
0.410257,1000,3.4645174078560284,1.0,1.0,1e-06,0.015008505767172347
0.410257,1025,3.4645174078560284,1.0,1.0,1e-06,0.015008505767172347
0.410257,1050,3.4645174078560284,1.0,1.0,1e-06,0.015008505767172347
0.410257,1075,3.4645174078560284,1.0,1.0,1e-06,0.015008505767172347
0.410257,1100,3.4645174078560284,1.0,1.0,1e-06,0.015008505767172347
0.410257,1125,3.4645174078560284,1.0,1.0,1e-06,0.015008505767172347
0.410257,1150,3.4645174078560284,1.0,1.0,1e-06,0.015008505767172347
0.410257,1175,3.4645174078560284,1.0,1.0,1e-06,0.015008505767172347
0.410257,1200,3.4645174078560284,1.0,1.0,1e-06,0.015008505767172347
0.410257,1225,3.4645174078560284,1.0,1.0,1e-06,0.015008505767172347
0.410257,1250,3.4645174078560284,1.0,1.0,1e-06,0.015008505767172347
0.410257,1275,3.4645174078560284,1.0,1.0,1e-06,0.015008505767172347
0.410257,1300,3.4645174078560284,1.0,1.0,1e-06,0.015008505767172347
0.410257,1325,3.4645174078560284,1.0,1.0,1e-06,0.015008505767172347
0.410257,1350,3.4645174078560284,1.0,1.0,1e-06,0.015008505767172347
0.410257,1375,3.4645174078560284,1.0,1.0,1e-06,0.015008505767172347
0.410257,1400,3.4645174078560284,1.0,1.0,1e-06,0.015008505767172347
0.410257,1425,3.4645174078560284,1.0,1.0,1e-06,0.015008505767172347
0.410257,1450,3.4645174078560284,1.0,1.0,1e-06,0.015008505767172347
0.410257,1475,3.4645174078560284,1.0,1.0,1e-06,0.015008505767172347
0.410257,1500,3.4645174078560284,1.0,1.0,1e-06,0.015008505767172347
0.410257,1525,3.4645174078560284,1.0,1.0,1e-06,0.015008505767172347
0.435898,-100,3.5051798212507874,3.889504620476378,4.471341737523388,-25.710214990759482,0.014948330823515899
0.435898,-75,3.5051798212507874,3.800197345313405,3.432316028786093,-19.735817165520036,0.0149483308235159
0.435898,-50,3.5051798212507874,3.706813013549346,2.3458567082095088,-13.488676072204674,0.014948330823515906
0.435898,-25,3.5051798212507874,3.6087363664348007,1.2048056841713517,-6.927632683985273,0.014948330823515902
0.435898,0,3.5051798212507874,3.5051798212507874,0.0,0.0,0.014948330823515897
0.435898,25,3.5051798212507874,3.3951072238486146,1.280615250209368,7.3635376887038655,0.014948330823515899
0.435898,50,3.5051798212507874,3.2771078192280214,2.653453182984214,15.25735580215923,0.014948330823515902
0.435898,75,3.5051798212507874,3.1491738082349263,4.141873092797085,23.815770283583237,0.0149483308235159
0.435898,100,3.5051798212507874,3.008272319705944,5.781160247329628,33.24167142214536,0.014948330823515897
0.435898,125,3.5051798212507874,2.8494171722698325,7.629325269162087,43.868620297682,0.014948330823515897
0.435898,150,3.5051798212507874,2.6632609661105997,9.795118410733993,56.32193086172046,0.014948330823515908
0.435898,175,3.5051798212507874,2.4275813925795253,12.537080199134309,72.08821114502227,0.014948330823515946
0.435898,200,3.5051798212507874,2.0387808086684602,17.06049446206476,98.09784315687237,0.014948330823516143
0.435898,225,3.5051798212507874,1.0,1.0,1e-06,0.014948330823515902
0.435898,250,3.5051798212507874,1.0,1.0,1e-06,0.014948330823515902
0.435898,275,3.5051798212507874,1.0,1.0,1e-06,0.014948330823515902
0.435898,300,3.5051798212507874,1.0,1.0,1e-06,0.014948330823515902
0.435898,325,3.5051798212507874,1.0,1.0,1e-06,0.014948330823515902
0.435898,350,3.5051798212507874,1.0,1.0,1e-06,0.014948330823515902
0.435898,375,3.5051798212507874,1.0,1.0,1e-06,0.014948330823515902
0.435898,400,3.5051798212507874,1.0,1.0,1e-06,0.014948330823515902
0.435898,425,3.5051798212507874,1.0,1.0,1e-06,0.014948330823515902
0.435898,450,3.5051798212507874,1.0,1.0,1e-06,0.014948330823515902
0.435898,475,3.5051798212507874,1.0,1.0,1e-06,0.014948330823515902
0.435898,500,3.5051798212507874,1.0,1.0,1e-06,0.014948330823515902
0.435898,525,3.5051798212507874,1.0,1.0,1e-06,0.014948330823515902
0.435898,550,3.5051798212507874,1.0,1.0,1e-06,0.014948330823515902
0.435898,575,3.5051798212507874,1.0,1.0,1e-06,0.014948330823515902
0.435898,600,3.5051798212507874,1.0,1.0,1e-06,0.014948330823515902
0.435898,625,3.5051798212507874,1.0,1.0,1e-06,0.014948330823515902
0.435898,650,3.5051798212507874,1.0,1.0,1e-06,0.014948330823515902
0.435898,675,3.5051798212507874,1.0,1.0,1e-06,0.014948330823515902
0.435898,700,3.5051798212507874,1.0,1.0,1e-06,0.014948330823515902
0.435898,725,3.5051798212507874,1.0,1.0,1e-06,0.014948330823515902
0.435898,750,3.5051798212507874,1.0,1.0,1e-06,0.014948330823515902
0.435898,775,3.5051798212507874,1.0,1.0,1e-06,0.014948330823515902
0.435898,800,3.5051798212507874,1.0,1.0,1e-06,0.014948330823515902
0.435898,825,3.5051798212507874,1.0,1.0,1e-06,0.014948330823515902
0.435898,850,3.5051798212507874,1.0,1.0,1e-06,0.014948330823515902
0.435898,875,3.5051798212507874,1.0,1.0,1e-06,0.014948330823515902
0.435898,900,3.5051798212507874,1.0,1.0,1e-06,0.014948330823515902
0.435898,925,3.5051798212507874,1.0,1.0,1e-06,0.014948330823515902
0.435898,950,3.5051798212507874,1.0,1.0,1e-06,0.014948330823515902
0.435898,975,3.5051798212507874,1.0,1.0,1e-06,0.014948330823515902
0.435898,1000,3.5051798212507874,1.0,1.0,1e-06,0.014948330823515902
0.435898,1025,3.5051798212507874,1.0,1.0,1e-06,0.014948330823515902
0.435898,1050,3.5051798212507874,1.0,1.0,1e-06,0.014948330823515902
0.435898,1075,3.5051798212507874,1.0,1.0,1e-06,0.014948330823515902
0.435898,1100,3.5051798212507874,1.0,1.0,1e-06,0.014948330823515902
0.435898,1125,3.5051798212507874,1.0,1.0,1e-06,0.014948330823515902
0.435898,1150,3.5051798212507874,1.0,1.0,1e-06,0.014948330823515902
0.435898,1175,3.5051798212507874,1.0,1.0,1e-06,0.014948330823515902
0.435898,1200,3.5051798212507874,1.0,1.0,1e-06,0.014948330823515902
0.435898,1225,3.5051798212507874,1.0,1.0,1e-06,0.014948330823515902
0.435898,1250,3.5051798212507874,1.0,1.0,1e-06,0.014948330823515902
0.435898,1275,3.5051798212507874,1.0,1.0,1e-06,0.014948330823515902
0.435898,1300,3.5051798212507874,1.0,1.0,1e-06,0.014948330823515902
0.435898,1325,3.5051798212507874,1.0,1.0,1e-06,0.014948330823515902
0.435898,1350,3.5051798212507874,1.0,1.0,1e-06,0.014948330823515902
0.435898,1375,3.5051798212507874,1.0,1.0,1e-06,0.014948330823515902
0.435898,1400,3.5051798212507874,1.0,1.0,1e-06,0.014948330823515902
0.435898,1425,3.5051798212507874,1.0,1.0,1e-06,0.014948330823515902
0.435898,1450,3.5051798212507874,1.0,1.0,1e-06,0.014948330823515902
0.435898,1475,3.5051798212507874,1.0,1.0,1e-06,0.014948330823515902
0.435898,1500,3.5051798212507874,1.0,1.0,1e-06,0.014948330823515902
0.435898,1525,3.5051798212507874,1.0,1.0,1e-06,0.014948330823515902
0.461539,-100,3.544706793322121,3.9255625890834622,4.430270554388639,-25.474055687734673,0.014950732636763317
0.461539,-75,3.544706793322121,3.836945731823924,3.3994429873443215,-19.54679717722985,0.014950732636763317
0.461539,-50,3.544706793322121,3.74435065692644,2.322339163888804,-13.353450192360622,0.014950732636763322
0.461539,-25,3.544706793322121,3.6471880236548873,1.1921036312790694,-6.8545958798546485,0.014950732636763314
0.461539,0,3.544706793322121,3.544706793322121,0.0,0.0,0.014950732636763317
0.461539,25,3.544706793322121,3.435924328944056,1.2654021656794512,7.276062452656845,0.014950732636763315
0.461539,50,3.544706793322121,3.319512060411431,2.619557337241689,15.062454689139713,0.014950732636763319
0.461539,75,3.544706793322121,3.193596379017966,4.084260098290958,23.48449556517301,0.014950732636763315
0.461539,100,3.544706793322121,3.055382351509573,5.692022256799896,32.7291279765994,0.014950732636763317
0.461539,125,3.544706793322121,2.900358265028473,7.495325904011792,43.0981239480678,0.014950732636763315
0.461539,150,3.544706793322121,2.720312608410965,9.589690699914629,55.14072152450911,0.014950732636763322
0.461539,175,3.544706793322121,2.4968244804335,12.189396109818484,70.08902763145628,0.014950732636763345
0.461539,200,3.544706793322121,2.1610564135046593,16.095187741649017,92.54732951448185,0.014950732636763418
0.461539,225,3.544706793322121,1.0,1.0,1e-06,0.014950732636763315
0.461539,250,3.544706793322121,1.0,1.0,1e-06,0.014950732636763315
0.461539,275,3.544706793322121,1.0,1.0,1e-06,0.014950732636763315
0.461539,300,3.544706793322121,1.0,1.0,1e-06,0.014950732636763315
0.461539,325,3.544706793322121,1.0,1.0,1e-06,0.014950732636763315
0.461539,350,3.544706793322121,1.0,1.0,1e-06,0.014950732636763315
0.461539,375,3.544706793322121,1.0,1.0,1e-06,0.014950732636763315
0.461539,400,3.544706793322121,1.0,1.0,1e-06,0.014950732636763315
0.461539,425,3.544706793322121,1.0,1.0,1e-06,0.014950732636763315
0.461539,450,3.544706793322121,1.0,1.0,1e-06,0.014950732636763315
0.461539,475,3.544706793322121,1.0,1.0,1e-06,0.014950732636763315
0.461539,500,3.544706793322121,1.0,1.0,1e-06,0.014950732636763315
0.461539,525,3.544706793322121,1.0,1.0,1e-06,0.014950732636763315
0.461539,550,3.544706793322121,1.0,1.0,1e-06,0.014950732636763315
0.461539,575,3.544706793322121,1.0,1.0,1e-06,0.014950732636763315
0.461539,600,3.544706793322121,1.0,1.0,1e-06,0.014950732636763315
0.461539,625,3.544706793322121,1.0,1.0,1e-06,0.014950732636763315
0.461539,650,3.544706793322121,1.0,1.0,1e-06,0.014950732636763315
0.461539,675,3.544706793322121,1.0,1.0,1e-06,0.014950732636763315
0.461539,700,3.544706793322121,1.0,1.0,1e-06,0.014950732636763315
0.461539,725,3.544706793322121,1.0,1.0,1e-06,0.014950732636763315
0.461539,750,3.544706793322121,1.0,1.0,1e-06,0.014950732636763315
0.461539,775,3.544706793322121,1.0,1.0,1e-06,0.014950732636763315
0.461539,800,3.544706793322121,1.0,1.0,1e-06,0.014950732636763315
0.461539,825,3.544706793322121,1.0,1.0,1e-06,0.014950732636763315
0.461539,850,3.544706793322121,1.0,1.0,1e-06,0.014950732636763315
0.461539,875,3.544706793322121,1.0,1.0,1e-06,0.014950732636763315
0.461539,900,3.544706793322121,1.0,1.0,1e-06,0.014950732636763315
0.461539,925,3.544706793322121,1.0,1.0,1e-06,0.014950732636763315
0.461539,950,3.544706793322121,1.0,1.0,1e-06,0.014950732636763315
0.461539,975,3.544706793322121,1.0,1.0,1e-06,0.014950732636763315
0.461539,1000,3.544706793322121,1.0,1.0,1e-06,0.014950732636763315
0.461539,1025,3.544706793322121,1.0,1.0,1e-06,0.014950732636763315
0.461539,1050,3.544706793322121,1.0,1.0,1e-06,0.014950732636763315
0.461539,1075,3.544706793322121,1.0,1.0,1e-06,0.014950732636763315
0.461539,1100,3.544706793322121,1.0,1.0,1e-06,0.014950732636763315
0.461539,1125,3.544706793322121,1.0,1.0,1e-06,0.014950732636763315
0.461539,1150,3.544706793322121,1.0,1.0,1e-06,0.014950732636763315
0.461539,1175,3.544706793322121,1.0,1.0,1e-06,0.014950732636763315
0.461539,1200,3.544706793322121,1.0,1.0,1e-06,0.014950732636763315
0.461539,1225,3.544706793322121,1.0,1.0,1e-06,0.014950732636763315
0.461539,1250,3.544706793322121,1.0,1.0,1e-06,0.014950732636763315
0.461539,1275,3.544706793322121,1.0,1.0,1e-06,0.014950732636763315
0.461539,1300,3.544706793322121,1.0,1.0,1e-06,0.014950732636763315
0.461539,1325,3.544706793322121,1.0,1.0,1e-06,0.014950732636763315
0.461539,1350,3.544706793322121,1.0,1.0,1e-06,0.014950732636763315
0.461539,1375,3.544706793322121,1.0,1.0,1e-06,0.014950732636763315
0.461539,1400,3.544706793322121,1.0,1.0,1e-06,0.014950732636763315
0.461539,1425,3.544706793322121,1.0,1.0,1e-06,0.014950732636763315
0.461539,1450,3.544706793322121,1.0,1.0,1e-06,0.014950732636763315
0.461539,1475,3.544706793322121,1.0,1.0,1e-06,0.014950732636763315
0.461539,1500,3.544706793322121,1.0,1.0,1e-06,0.014950732636763315
0.461539,1525,3.544706793322121,1.0,1.0,1e-06,0.014950732636763315
0.48718,-100,3.584532078803474,3.9601315765143372,4.3915976052325325,-25.251686230087063,0.014874234310077146
0.48718,-75,3.584532078803474,3.8725989765174704,3.3681458730847535,-19.366838770237333,0.014874234310077145
0.48718,-50,3.584532078803474,3.7812178416072717,2.2996961662004667,-13.223252955652683,0.014874234310077143
0.48718,-25,3.584532078803474,3.685430959250168,1.1797334246741982,-6.783467191876639,0.014874234310077143
0.48718,0,3.584532078803474,3.584532078803474,0.0,0.0,0.014874234310077141
0.48718,25,3.584532078803474,3.477603304829894,1.2502363570100186,7.188859052807607,0.014874234310077143
0.48718,50,3.584532078803474,3.363413976576633,2.585364821122524,14.865847721454513,0.014874234310077148
0.48718,75,3.584532078803474,3.240247386911781,4.025457535605349,23.146380829730756,0.014874234310077145
0.48718,100,3.584532078803474,3.105580215440766,5.600017755573507,32.20010209454767,0.014874234310077146
0.48718,125,3.584532078803474,2.9554247849017417,7.355670340805296,42.29510445963045,0.014874234310077146
0.48718,150,3.584532078803474,2.782762081534777,9.374483249876466,53.903278686789676,0.01487423431007714
0.48718,175,3.584532078803474,2.572795700420004,11.829459526742538,68.01939227876959,0.014874234310077126
0.48718,200,3.584532078803474,2.2794730733999864,15.259056622139251,87.7395755773007,0.014874234310077084
0.48718,225,3.584532078803474,1.0,1.0,1e-06,0.014874234310077145
0.48718,250,3.584532078803474,1.0,1.0,1e-06,0.014874234310077145
0.48718,275,3.584532078803474,1.0,1.0,1e-06,0.014874234310077145
0.48718,300,3.584532078803474,1.0,1.0,1e-06,0.014874234310077145
0.48718,325,3.584532078803474,1.0,1.0,1e-06,0.014874234310077145
0.48718,350,3.584532078803474,1.0,1.0,1e-06,0.014874234310077145
0.48718,375,3.584532078803474,1.0,1.0,1e-06,0.014874234310077145
0.48718,400,3.584532078803474,1.0,1.0,1e-06,0.014874234310077145
0.48718,425,3.584532078803474,1.0,1.0,1e-06,0.014874234310077145
0.48718,450,3.584532078803474,1.0,1.0,1e-06,0.014874234310077145
0.48718,475,3.584532078803474,1.0,1.0,1e-06,0.014874234310077145
0.48718,500,3.584532078803474,1.0,1.0,1e-06,0.014874234310077145
0.48718,525,3.584532078803474,1.0,1.0,1e-06,0.014874234310077145
0.48718,550,3.584532078803474,1.0,1.0,1e-06,0.014874234310077145
0.48718,575,3.584532078803474,1.0,1.0,1e-06,0.014874234310077145
0.48718,600,3.584532078803474,1.0,1.0,1e-06,0.014874234310077145
0.48718,625,3.584532078803474,1.0,1.0,1e-06,0.014874234310077145
0.48718,650,3.584532078803474,1.0,1.0,1e-06,0.014874234310077145
0.48718,675,3.584532078803474,1.0,1.0,1e-06,0.014874234310077145
0.48718,700,3.584532078803474,1.0,1.0,1e-06,0.014874234310077145
0.48718,725,3.584532078803474,1.0,1.0,1e-06,0.014874234310077145
0.48718,750,3.584532078803474,1.0,1.0,1e-06,0.014874234310077145
0.48718,775,3.584532078803474,1.0,1.0,1e-06,0.014874234310077145
0.48718,800,3.584532078803474,1.0,1.0,1e-06,0.014874234310077145
0.48718,825,3.584532078803474,1.0,1.0,1e-06,0.014874234310077145
0.48718,850,3.584532078803474,1.0,1.0,1e-06,0.014874234310077145
0.48718,875,3.584532078803474,1.0,1.0,1e-06,0.014874234310077145
0.48718,900,3.584532078803474,1.0,1.0,1e-06,0.014874234310077145
0.48718,925,3.584532078803474,1.0,1.0,1e-06,0.014874234310077145
0.48718,950,3.584532078803474,1.0,1.0,1e-06,0.014874234310077145
0.48718,975,3.584532078803474,1.0,1.0,1e-06,0.014874234310077145
0.48718,1000,3.584532078803474,1.0,1.0,1e-06,0.014874234310077145
0.48718,1025,3.584532078803474,1.0,1.0,1e-06,0.014874234310077145
0.48718,1050,3.584532078803474,1.0,1.0,1e-06,0.014874234310077145
0.48718,1075,3.584532078803474,1.0,1.0,1e-06,0.014874234310077145
0.48718,1100,3.584532078803474,1.0,1.0,1e-06,0.014874234310077145
0.48718,1125,3.584532078803474,1.0,1.0,1e-06,0.014874234310077145
0.48718,1150,3.584532078803474,1.0,1.0,1e-06,0.014874234310077145
0.48718,1175,3.584532078803474,1.0,1.0,1e-06,0.014874234310077145
0.48718,1200,3.584532078803474,1.0,1.0,1e-06,0.014874234310077145
0.48718,1225,3.584532078803474,1.0,1.0,1e-06,0.014874234310077145
0.48718,1250,3.584532078803474,1.0,1.0,1e-06,0.014874234310077145
0.48718,1275,3.584532078803474,1.0,1.0,1e-06,0.014874234310077145
0.48718,1300,3.584532078803474,1.0,1.0,1e-06,0.014874234310077145
0.48718,1325,3.584532078803474,1.0,1.0,1e-06,0.014874234310077145
0.48718,1350,3.584532078803474,1.0,1.0,1e-06,0.014874234310077145
0.48718,1375,3.584532078803474,1.0,1.0,1e-06,0.014874234310077145
0.48718,1400,3.584532078803474,1.0,1.0,1e-06,0.014874234310077145
0.48718,1425,3.584532078803474,1.0,1.0,1e-06,0.014874234310077145
0.48718,1450,3.584532078803474,1.0,1.0,1e-06,0.014874234310077145
0.48718,1475,3.584532078803474,1.0,1.0,1e-06,0.014874234310077145
0.48718,1500,3.584532078803474,1.0,1.0,1e-06,0.014874234310077145
0.48718,1525,3.584532078803474,1.0,1.0,1e-06,0.014874234310077145
0.5128210000000001,-100,3.622207731199622,3.9932992027498058,4.355121783975101,-25.041950257856833,0.014818792774886009
0.5128210000000001,-75,3.622207731199622,3.9066960659353223,3.3387491734007626,-19.197807747054384,0.014818792774886007
0.5128210000000001,-50,3.622207731199622,3.816356181577748,2.2785221714599273,-13.101502485894583,0.014818792774886003
0.5128210000000001,-25,3.622207731199622,3.721749576181113,1.168221020237966,-6.717270866368304,0.014818792774886005
0.5128210000000001,0,3.622207731199622,3.622207731199622,0.0,0.0,0.014818792774886003
0.5128210000000001,25,3.622207731199622,3.51686685986907,1.23627827273461,7.108600068224008,0.014818792774886012
0.5128210000000001,50,3.622207731199622,3.4045772959544807,2.5541062569634496,14.686110977539835,0.014818792774886014
0.5128210000000001,75,3.622207731199622,3.283750379150883,3.972128436949696,22.83973851246075,0.014818792774886007
0.5128210000000001,100,3.622207731199622,3.1520803510394244,5.517405145491029,31.72507958657342,0.014818792774886007
0.5128210000000001,125,3.622207731199622,3.005988008573442,7.231941835023952,41.583665551387725,0.014818792774886007
0.5128210000000001,150,3.622207731199622,2.839344253718114,9.18766947247708,52.8290994667432,0.014818792774886
0.5128210000000001,175,3.622207731199622,2.639842953845038,11.529012574163232,66.29182230143859,0.014818792774885991
0.5128210000000001,200,3.622207731199622,2.3735437797358716,14.654294137149975,84.26219128861236,0.014818792774885996
0.5128210000000001,225,3.622207731199622,1.0,1.0,1e-06,0.014818792774886005
0.5128210000000001,250,3.622207731199622,1.0,1.0,1e-06,0.014818792774886005
0.5128210000000001,275,3.622207731199622,1.0,1.0,1e-06,0.014818792774886005
0.5128210000000001,300,3.622207731199622,1.0,1.0,1e-06,0.014818792774886005
0.5128210000000001,325,3.622207731199622,1.0,1.0,1e-06,0.014818792774886005
0.5128210000000001,350,3.622207731199622,1.0,1.0,1e-06,0.014818792774886005
0.5128210000000001,375,3.622207731199622,1.0,1.0,1e-06,0.014818792774886005
0.5128210000000001,400,3.622207731199622,1.0,1.0,1e-06,0.014818792774886005
0.5128210000000001,425,3.622207731199622,1.0,1.0,1e-06,0.014818792774886005
0.5128210000000001,450,3.622207731199622,1.0,1.0,1e-06,0.014818792774886005
0.5128210000000001,475,3.622207731199622,1.0,1.0,1e-06,0.014818792774886005
0.5128210000000001,500,3.622207731199622,1.0,1.0,1e-06,0.014818792774886005
0.5128210000000001,525,3.622207731199622,1.0,1.0,1e-06,0.014818792774886005
0.5128210000000001,550,3.622207731199622,1.0,1.0,1e-06,0.014818792774886005
0.5128210000000001,575,3.622207731199622,1.0,1.0,1e-06,0.014818792774886005
0.5128210000000001,600,3.622207731199622,1.0,1.0,1e-06,0.014818792774886005
0.5128210000000001,625,3.622207731199622,1.0,1.0,1e-06,0.014818792774886005
0.5128210000000001,650,3.622207731199622,1.0,1.0,1e-06,0.014818792774886005
0.5128210000000001,675,3.622207731199622,1.0,1.0,1e-06,0.014818792774886005
0.5128210000000001,700,3.622207731199622,1.0,1.0,1e-06,0.014818792774886005
0.5128210000000001,725,3.622207731199622,1.0,1.0,1e-06,0.014818792774886005
0.5128210000000001,750,3.622207731199622,1.0,1.0,1e-06,0.014818792774886005
0.5128210000000001,775,3.622207731199622,1.0,1.0,1e-06,0.014818792774886005
0.5128210000000001,800,3.622207731199622,1.0,1.0,1e-06,0.014818792774886005
0.5128210000000001,825,3.622207731199622,1.0,1.0,1e-06,0.014818792774886005
0.5128210000000001,850,3.622207731199622,1.0,1.0,1e-06,0.014818792774886005
0.5128210000000001,875,3.622207731199622,1.0,1.0,1e-06,0.014818792774886005
0.5128210000000001,900,3.622207731199622,1.0,1.0,1e-06,0.014818792774886005
0.5128210000000001,925,3.622207731199622,1.0,1.0,1e-06,0.014818792774886005
0.5128210000000001,950,3.622207731199622,1.0,1.0,1e-06,0.014818792774886005
0.5128210000000001,975,3.622207731199622,1.0,1.0,1e-06,0.014818792774886005
0.5128210000000001,1000,3.622207731199622,1.0,1.0,1e-06,0.014818792774886005
0.5128210000000001,1025,3.622207731199622,1.0,1.0,1e-06,0.014818792774886005
0.5128210000000001,1050,3.622207731199622,1.0,1.0,1e-06,0.014818792774886005
0.5128210000000001,1075,3.622207731199622,1.0,1.0,1e-06,0.014818792774886005
0.5128210000000001,1100,3.622207731199622,1.0,1.0,1e-06,0.014818792774886005
0.5128210000000001,1125,3.622207731199622,1.0,1.0,1e-06,0.014818792774886005
0.5128210000000001,1150,3.622207731199622,1.0,1.0,1e-06,0.014818792774886005
0.5128210000000001,1175,3.622207731199622,1.0,1.0,1e-06,0.014818792774886005
0.5128210000000001,1200,3.622207731199622,1.0,1.0,1e-06,0.014818792774886005
0.5128210000000001,1225,3.622207731199622,1.0,1.0,1e-06,0.014818792774886005
0.5128210000000001,1250,3.622207731199622,1.0,1.0,1e-06,0.014818792774886005
0.5128210000000001,1275,3.622207731199622,1.0,1.0,1e-06,0.014818792774886005
0.5128210000000001,1300,3.622207731199622,1.0,1.0,1e-06,0.014818792774886005
0.5128210000000001,1325,3.622207731199622,1.0,1.0,1e-06,0.014818792774886005
0.5128210000000001,1350,3.622207731199622,1.0,1.0,1e-06,0.014818792774886005
0.5128210000000001,1375,3.622207731199622,1.0,1.0,1e-06,0.014818792774886005
0.5128210000000001,1400,3.622207731199622,1.0,1.0,1e-06,0.014818792774886005
0.5128210000000001,1425,3.622207731199622,1.0,1.0,1e-06,0.014818792774886005
0.5128210000000001,1450,3.622207731199622,1.0,1.0,1e-06,0.014818792774886005
0.5128210000000001,1475,3.622207731199622,1.0,1.0,1e-06,0.014818792774886005
0.5128210000000001,1500,3.622207731199622,1.0,1.0,1e-06,0.014818792774886005
0.5128210000000001,1525,3.622207731199622,1.0,1.0,1e-06,0.014818792774886005
0.538462,-100,3.6578345497129265,4.0197773391925145,4.3264347450945175,-24.876999784293478,0.014549294232341753
0.538462,-75,3.6578345497129265,3.9351308123910655,3.3146238035589195,-19.059086870463787,0.014549294232341754
0.538462,-50,3.6578345497129265,3.8469368758230837,2.2604093736403015,-12.997353898431733,0.014549294232341754
0.538462,-25,3.6578345497129265,3.754708217320607,1.157966434488795,-6.658306998310571,0.014549294232341747
0.538462,0,3.6578345497129265,3.6578345497129265,0.0,0.0,0.014549294232341747
0.538462,25,3.6578345497129265,3.55553421050254,1.2228334279877442,7.0312922109295295,0.014549294232341754
0.538462,50,3.6578345497129265,3.4467781114710663,2.522834917911729,14.50630077799244,0.01454929423234175
0.538462,75,3.6578345497129265,3.3301638671399427,3.9167676971018683,22.521414258335742,0.014549294232341756
0.538462,100,3.6578345497129265,3.203693247527726,5.428517340493464,31.21397470783742,0.014549294232341753
0.538462,125,3.6578345497129265,3.0643429582650903,7.0942223931391934,40.791778760550365,0.014549294232341753
0.538462,150,3.6578345497129265,2.9071307339716475,8.97343769817321,51.597266764495956,0.014549294232341744
0.538462,175,3.6578345497129265,2.7226800552454145,11.178244226699032,64.27490430351943,0.014549294232341733
0.538462,200,3.6578345497129265,2.4885228780770916,13.977210738978247,80.36896174912492,0.014549294232341716
0.538462,225,3.6578345497129265,2.0960262338816382,18.668866901604996,107.34598468422874,0.014549294232341687
0.538462,250,3.6578345497129265,1.0,1.0,1e-06,0.01454929423234175
0.538462,275,3.6578345497129265,1.0,1.0,1e-06,0.01454929423234175
0.538462,300,3.6578345497129265,1.0,1.0,1e-06,0.01454929423234175
0.538462,325,3.6578345497129265,1.0,1.0,1e-06,0.01454929423234175
0.538462,350,3.6578345497129265,1.0,1.0,1e-06,0.01454929423234175
0.538462,375,3.6578345497129265,1.0,1.0,1e-06,0.01454929423234175
0.538462,400,3.6578345497129265,1.0,1.0,1e-06,0.01454929423234175
0.538462,425,3.6578345497129265,1.0,1.0,1e-06,0.01454929423234175
0.538462,450,3.6578345497129265,1.0,1.0,1e-06,0.01454929423234175
0.538462,475,3.6578345497129265,1.0,1.0,1e-06,0.01454929423234175
0.538462,500,3.6578345497129265,1.0,1.0,1e-06,0.01454929423234175
0.538462,525,3.6578345497129265,1.0,1.0,1e-06,0.01454929423234175
0.538462,550,3.6578345497129265,1.0,1.0,1e-06,0.01454929423234175
0.538462,575,3.6578345497129265,1.0,1.0,1e-06,0.01454929423234175
0.538462,600,3.6578345497129265,1.0,1.0,1e-06,0.01454929423234175
0.538462,625,3.6578345497129265,1.0,1.0,1e-06,0.01454929423234175
0.538462,650,3.6578345497129265,1.0,1.0,1e-06,0.01454929423234175
0.538462,675,3.6578345497129265,1.0,1.0,1e-06,0.01454929423234175
0.538462,700,3.6578345497129265,1.0,1.0,1e-06,0.01454929423234175
0.538462,725,3.6578345497129265,1.0,1.0,1e-06,0.01454929423234175
0.538462,750,3.6578345497129265,1.0,1.0,1e-06,0.01454929423234175
0.538462,775,3.6578345497129265,1.0,1.0,1e-06,0.01454929423234175
0.538462,800,3.6578345497129265,1.0,1.0,1e-06,0.01454929423234175
0.538462,825,3.6578345497129265,1.0,1.0,1e-06,0.01454929423234175
0.538462,850,3.6578345497129265,1.0,1.0,1e-06,0.01454929423234175
0.538462,875,3.6578345497129265,1.0,1.0,1e-06,0.01454929423234175
0.538462,900,3.6578345497129265,1.0,1.0,1e-06,0.01454929423234175
0.538462,925,3.6578345497129265,1.0,1.0,1e-06,0.01454929423234175
0.538462,950,3.6578345497129265,1.0,1.0,1e-06,0.01454929423234175
0.538462,975,3.6578345497129265,1.0,1.0,1e-06,0.01454929423234175
0.538462,1000,3.6578345497129265,1.0,1.0,1e-06,0.01454929423234175
0.538462,1025,3.6578345497129265,1.0,1.0,1e-06,0.01454929423234175
0.538462,1050,3.6578345497129265,1.0,1.0,1e-06,0.01454929423234175
0.538462,1075,3.6578345497129265,1.0,1.0,1e-06,0.01454929423234175
0.538462,1100,3.6578345497129265,1.0,1.0,1e-06,0.01454929423234175
0.538462,1125,3.6578345497129265,1.0,1.0,1e-06,0.01454929423234175
0.538462,1150,3.6578345497129265,1.0,1.0,1e-06,0.01454929423234175
0.538462,1175,3.6578345497129265,1.0,1.0,1e-06,0.01454929423234175
0.538462,1200,3.6578345497129265,1.0,1.0,1e-06,0.01454929423234175
0.538462,1225,3.6578345497129265,1.0,1.0,1e-06,0.01454929423234175
0.538462,1250,3.6578345497129265,1.0,1.0,1e-06,0.01454929423234175
0.538462,1275,3.6578345497129265,1.0,1.0,1e-06,0.01454929423234175
0.538462,1300,3.6578345497129265,1.0,1.0,1e-06,0.01454929423234175
0.538462,1325,3.6578345497129265,1.0,1.0,1e-06,0.01454929423234175
0.538462,1350,3.6578345497129265,1.0,1.0,1e-06,0.01454929423234175
0.538462,1375,3.6578345497129265,1.0,1.0,1e-06,0.01454929423234175
0.538462,1400,3.6578345497129265,1.0,1.0,1e-06,0.01454929423234175
0.538462,1425,3.6578345497129265,1.0,1.0,1e-06,0.01454929423234175
0.538462,1450,3.6578345497129265,1.0,1.0,1e-06,0.01454929423234175
0.538462,1475,3.6578345497129265,1.0,1.0,1e-06,0.01454929423234175
0.538462,1500,3.6578345497129265,1.0,1.0,1e-06,0.01454929423234175
0.538462,1525,3.6578345497129265,1.0,1.0,1e-06,0.01454929423234175
0.564103,-100,3.69354026137757,4.046794688682944,4.297550453068868,-24.71091510514599,0.014295481401731253
0.564103,-75,3.69354026137757,3.9640138626984265,3.2904724132297707,-18.92021637607118,0.014295481401731251
0.564103,-50,3.69354026137757,3.8778619517768504,2.2423831178231244,-12.893702927482966,0.014295481401731256
0.564103,-25,3.69354026137757,3.787890155480542,1.1478226422869817,-6.599980193150144,0.014295481401731258
0.564103,0,3.69354026137757,3.69354026137757,0.0,0.0,0.01429548140173125
0.564103,25,3.69354026137757,3.594103207283225,1.2097109727249709,6.955838093168582,0.01429548140173125
0.564103,50,3.69354026137757,3.4886549760776777,2.4925514943554665,14.332171092543932,0.014295481401731258
0.564103,75,3.69354026137757,3.3759525300363666,3.8636438589760207,22.21595218911212,0.014295481401731253
0.564103,100,3.69354026137757,3.2542543314637515,5.344174909649284,30.729005730483383,0.014295481401731253
0.564103,125,3.69354026137757,3.120985473708898,6.965469919008752,40.051452034300326,0.014295481401731251
0.564103,150,3.69354026137757,2.9720424112256265,8.777450962074681,50.47034303192942,0.01429548140173125
0.564103,175,3.69354026137757,2.800106729326067,10.869150911265704,62.4976177397778,0.014295481401731251
0.564103,200,3.69354026137757,2.5893761064646483,13.432814417655958,77.23868290152176,0.014295481401731248
0.564103,225,3.69354026137757,2.287311388932246,17.107611570489063,98.3687665303121,0.01429548140173129
0.564103,250,3.69354026137757,1.0,1.0,1e-06,0.014295481401731255
0.564103,275,3.69354026137757,1.0,1.0,1e-06,0.014295481401731255
0.564103,300,3.69354026137757,1.0,1.0,1e-06,0.014295481401731255
0.564103,325,3.69354026137757,1.0,1.0,1e-06,0.014295481401731255
0.564103,350,3.69354026137757,1.0,1.0,1e-06,0.014295481401731255
0.564103,375,3.69354026137757,1.0,1.0,1e-06,0.014295481401731255
0.564103,400,3.69354026137757,1.0,1.0,1e-06,0.014295481401731255
0.564103,425,3.69354026137757,1.0,1.0,1e-06,0.014295481401731255
0.564103,450,3.69354026137757,1.0,1.0,1e-06,0.014295481401731255
0.564103,475,3.69354026137757,1.0,1.0,1e-06,0.014295481401731255
0.564103,500,3.69354026137757,1.0,1.0,1e-06,0.014295481401731255
0.564103,525,3.69354026137757,1.0,1.0,1e-06,0.014295481401731255
0.564103,550,3.69354026137757,1.0,1.0,1e-06,0.014295481401731255
0.564103,575,3.69354026137757,1.0,1.0,1e-06,0.014295481401731255
0.564103,600,3.69354026137757,1.0,1.0,1e-06,0.014295481401731255
0.564103,625,3.69354026137757,1.0,1.0,1e-06,0.014295481401731255
0.564103,650,3.69354026137757,1.0,1.0,1e-06,0.014295481401731255
0.564103,675,3.69354026137757,1.0,1.0,1e-06,0.014295481401731255
0.564103,700,3.69354026137757,1.0,1.0,1e-06,0.014295481401731255
0.564103,725,3.69354026137757,1.0,1.0,1e-06,0.014295481401731255
0.564103,750,3.69354026137757,1.0,1.0,1e-06,0.014295481401731255
0.564103,775,3.69354026137757,1.0,1.0,1e-06,0.014295481401731255
0.564103,800,3.69354026137757,1.0,1.0,1e-06,0.014295481401731255
0.564103,825,3.69354026137757,1.0,1.0,1e-06,0.014295481401731255
0.564103,850,3.69354026137757,1.0,1.0,1e-06,0.014295481401731255
0.564103,875,3.69354026137757,1.0,1.0,1e-06,0.014295481401731255
0.564103,900,3.69354026137757,1.0,1.0,1e-06,0.014295481401731255
0.564103,925,3.69354026137757,1.0,1.0,1e-06,0.014295481401731255
0.564103,950,3.69354026137757,1.0,1.0,1e-06,0.014295481401731255
0.564103,975,3.69354026137757,1.0,1.0,1e-06,0.014295481401731255
0.564103,1000,3.69354026137757,1.0,1.0,1e-06,0.014295481401731255
0.564103,1025,3.69354026137757,1.0,1.0,1e-06,0.014295481401731255
0.564103,1050,3.69354026137757,1.0,1.0,1e-06,0.014295481401731255
0.564103,1075,3.69354026137757,1.0,1.0,1e-06,0.014295481401731255
0.564103,1100,3.69354026137757,1.0,1.0,1e-06,0.014295481401731255
0.564103,1125,3.69354026137757,1.0,1.0,1e-06,0.014295481401731255
0.564103,1150,3.69354026137757,1.0,1.0,1e-06,0.014295481401731255
0.564103,1175,3.69354026137757,1.0,1.0,1e-06,0.014295481401731255
0.564103,1200,3.69354026137757,1.0,1.0,1e-06,0.014295481401731255
0.564103,1225,3.69354026137757,1.0,1.0,1e-06,0.014295481401731255
0.564103,1250,3.69354026137757,1.0,1.0,1e-06,0.014295481401731255
0.564103,1275,3.69354026137757,1.0,1.0,1e-06,0.014295481401731255
0.564103,1300,3.69354026137757,1.0,1.0,1e-06,0.014295481401731255
0.564103,1325,3.69354026137757,1.0,1.0,1e-06,0.014295481401731255
0.564103,1350,3.69354026137757,1.0,1.0,1e-06,0.014295481401731255
0.564103,1375,3.69354026137757,1.0,1.0,1e-06,0.014295481401731255
0.564103,1400,3.69354026137757,1.0,1.0,1e-06,0.014295481401731255
0.564103,1425,3.69354026137757,1.0,1.0,1e-06,0.014295481401731255
0.564103,1450,3.69354026137757,1.0,1.0,1e-06,0.014295481401731255
0.564103,1475,3.69354026137757,1.0,1.0,1e-06,0.014295481401731255
0.564103,1500,3.69354026137757,1.0,1.0,1e-06,0.014295481401731255
0.564103,1525,3.69354026137757,1.0,1.0,1e-06,0.014295481401731255
0.589744,-100,3.7304750797142723,4.072816101408102,4.270093202050876,-24.553035911792538,0.013942920253271304
0.589744,-75,3.7304750797142723,3.992402342849055,3.2670750943306737,-18.785681792401373,0.013942920253271306
0.589744,-50,3.7304750797142723,3.9088268069937264,2.224619458287245,-12.79156188515166,0.013942920253271306
0.589744,-25,3.7304750797142723,3.8216843411845027,1.1376727376727689,-6.541618241618421,0.013942920253271297
0.589744,0,3.7304750797142723,3.7304750797142723,0.0,0.0,0.013942920253271297
0.589744,25,3.7304750797142723,3.6345702032532876,1.1962421534917116,6.878392382577342,0.013942920253271303
0.589744,50,3.7304750797142723,3.5331599203739086,2.4611544254676105,14.151637946438761,0.013942920253271303
0.589744,75,3.7304750797142723,3.425170891349101,3.8081248132212218,21.896717676022025,0.013942920253271304
0.589744,100,3.7304750797142723,3.3091277901065004,5.255555376199709,30.219443413148326,0.013942920253271304
0.589744,125,3.7304750797142723,3.182904435712606,6.829966426533799,39.272306952569345,0.013942920253271299
0.589744,150,3.7304750797142723,3.0432328887875157,8.57211967505145,49.28968813154584,0.0139429202532713
0.589744,175,3.7304750797142723,2.884600103310309,10.550780530642465,60.666988051194174,0.0139429202532713
0.589744,200,3.7304750797142723,2.6962171000377957,12.90052225214527,74.1780029498353,0.013942920253271296
0.589744,225,3.7304750797142723,2.4500058898097095,15.97156763800594,91.83651391853415,0.013942920253271318
0.589744,250,3.7304750797142723,1.0,1.0,1e-06,0.013942920253271297
0.589744,275,3.7304750797142723,1.0,1.0,1e-06,0.013942920253271297
0.589744,300,3.7304750797142723,1.0,1.0,1e-06,0.013942920253271297
0.589744,325,3.7304750797142723,1.0,1.0,1e-06,0.013942920253271297
0.589744,350,3.7304750797142723,1.0,1.0,1e-06,0.013942920253271297
0.589744,375,3.7304750797142723,1.0,1.0,1e-06,0.013942920253271297
0.589744,400,3.7304750797142723,1.0,1.0,1e-06,0.013942920253271297
0.589744,425,3.7304750797142723,1.0,1.0,1e-06,0.013942920253271297
0.589744,450,3.7304750797142723,1.0,1.0,1e-06,0.013942920253271297
0.589744,475,3.7304750797142723,1.0,1.0,1e-06,0.013942920253271297
0.589744,500,3.7304750797142723,1.0,1.0,1e-06,0.013942920253271297
0.589744,525,3.7304750797142723,1.0,1.0,1e-06,0.013942920253271297
0.589744,550,3.7304750797142723,1.0,1.0,1e-06,0.013942920253271297
0.589744,575,3.7304750797142723,1.0,1.0,1e-06,0.013942920253271297
0.589744,600,3.7304750797142723,1.0,1.0,1e-06,0.013942920253271297
0.589744,625,3.7304750797142723,1.0,1.0,1e-06,0.013942920253271297
0.589744,650,3.7304750797142723,1.0,1.0,1e-06,0.013942920253271297
0.589744,675,3.7304750797142723,1.0,1.0,1e-06,0.013942920253271297
0.589744,700,3.7304750797142723,1.0,1.0,1e-06,0.013942920253271297
0.589744,725,3.7304750797142723,1.0,1.0,1e-06,0.013942920253271297
0.589744,750,3.7304750797142723,1.0,1.0,1e-06,0.013942920253271297
0.589744,775,3.7304750797142723,1.0,1.0,1e-06,0.013942920253271297
0.589744,800,3.7304750797142723,1.0,1.0,1e-06,0.013942920253271297
0.589744,825,3.7304750797142723,1.0,1.0,1e-06,0.013942920253271297
0.589744,850,3.7304750797142723,1.0,1.0,1e-06,0.013942920253271297
0.589744,875,3.7304750797142723,1.0,1.0,1e-06,0.013942920253271297
0.589744,900,3.7304750797142723,1.0,1.0,1e-06,0.013942920253271297
0.589744,925,3.7304750797142723,1.0,1.0,1e-06,0.013942920253271297
0.589744,950,3.7304750797142723,1.0,1.0,1e-06,0.013942920253271297
0.589744,975,3.7304750797142723,1.0,1.0,1e-06,0.013942920253271297
0.589744,1000,3.7304750797142723,1.0,1.0,1e-06,0.013942920253271297
0.589744,1025,3.7304750797142723,1.0,1.0,1e-06,0.013942920253271297
0.589744,1050,3.7304750797142723,1.0,1.0,1e-06,0.013942920253271297
0.589744,1075,3.7304750797142723,1.0,1.0,1e-06,0.013942920253271297
0.589744,1100,3.7304750797142723,1.0,1.0,1e-06,0.013942920253271297
0.589744,1125,3.7304750797142723,1.0,1.0,1e-06,0.013942920253271297
0.589744,1150,3.7304750797142723,1.0,1.0,1e-06,0.013942920253271297
0.589744,1175,3.7304750797142723,1.0,1.0,1e-06,0.013942920253271297
0.589744,1200,3.7304750797142723,1.0,1.0,1e-06,0.013942920253271297
0.589744,1225,3.7304750797142723,1.0,1.0,1e-06,0.013942920253271297
0.589744,1250,3.7304750797142723,1.0,1.0,1e-06,0.013942920253271297
0.589744,1275,3.7304750797142723,1.0,1.0,1e-06,0.013942920253271297
0.589744,1300,3.7304750797142723,1.0,1.0,1e-06,0.013942920253271297
0.589744,1325,3.7304750797142723,1.0,1.0,1e-06,0.013942920253271297
0.589744,1350,3.7304750797142723,1.0,1.0,1e-06,0.013942920253271297
0.589744,1375,3.7304750797142723,1.0,1.0,1e-06,0.013942920253271297
0.589744,1400,3.7304750797142723,1.0,1.0,1e-06,0.013942920253271297
0.589744,1425,3.7304750797142723,1.0,1.0,1e-06,0.013942920253271297
0.589744,1450,3.7304750797142723,1.0,1.0,1e-06,0.013942920253271297
0.589744,1475,3.7304750797142723,1.0,1.0,1e-06,0.013942920253271297
0.589744,1500,3.7304750797142723,1.0,1.0,1e-06,0.013942920253271297
0.589744,1525,3.7304750797142723,1.0,1.0,1e-06,0.013942920253271297
0.6153850000000001,-100,3.7600675724606014,4.095744616505946,4.246188660723311,-24.41558479915904,0.013748474460333485
0.6153850000000001,-75,3.7600675724606014,4.016774908100812,3.24725147893256,-18.67169600386222,0.013748474460333487
0.6153850000000001,-50,3.7600675724606014,3.9347723974371167,2.2099504864822386,-12.707215297272871,0.013748474460333487
0.6153850000000001,-25,3.7600675724606014,3.8493582640337367,1.1294937464200687,-6.494589041915395,0.013748474460333483
0.6153850000000001,0,3.7600675724606014,3.7600675724606014,0.0,0.0,0.013748474460333482
0.6153850000000001,25,3.7600675724606014,3.666319087031688,1.1858831661257798,6.818828205223234,0.013748474460333483
0.6153850000000001,50,3.7600675724606014,3.5673699454916274,2.437552680764843,14.015927914397846,0.013748474460333487
0.6153850000000001,75,3.7600675724606014,3.4622447243932335,3.767347284543979,21.66224688612788,0.013748474460333485
0.6153850000000001,100,3.7600675724606014,3.3496186226157647,5.1920252145735235,29.85414498379776,0.013748474460333483
0.6153850000000001,125,3.7600675724606014,3.227612255123951,6.73535998640201,38.728319921811554,0.013748474460333485
0.6153850000000001,150,3.7600675724606014,3.0933992993043367,8.433103520649833,48.49034524373654,0.013748474460333478
0.6153850000000001,175,3.7600675724606014,2.9423633051692604,10.343652177563056,59.47600002098757,0.013748474460333478
0.6153850000000001,200,3.7600675724606014,2.7659413126125667,12.575324189651118,72.30811409049393,0.013748474460333475
0.6153850000000001,225,3.7600675724606014,2.544202653155282,15.3802350351611,88.43635145217632,0.01374847446033345
0.6153850000000001,250,3.7600675724606014,2.192137009994564,19.83373332567066,114.04396662260629,0.013748474460333577
0.6153850000000001,275,3.7600675724606014,1.0,1.0,1e-06,0.013748474460333483
0.6153850000000001,300,3.7600675724606014,1.0,1.0,1e-06,0.013748474460333483
0.6153850000000001,325,3.7600675724606014,1.0,1.0,1e-06,0.013748474460333483
0.6153850000000001,350,3.7600675724606014,1.0,1.0,1e-06,0.013748474460333483
0.6153850000000001,375,3.7600675724606014,1.0,1.0,1e-06,0.013748474460333483
0.6153850000000001,400,3.7600675724606014,1.0,1.0,1e-06,0.013748474460333483
0.6153850000000001,425,3.7600675724606014,1.0,1.0,1e-06,0.013748474460333483
0.6153850000000001,450,3.7600675724606014,1.0,1.0,1e-06,0.013748474460333483
0.6153850000000001,475,3.7600675724606014,1.0,1.0,1e-06,0.013748474460333483
0.6153850000000001,500,3.7600675724606014,1.0,1.0,1e-06,0.013748474460333483
0.6153850000000001,525,3.7600675724606014,1.0,1.0,1e-06,0.013748474460333483
0.6153850000000001,550,3.7600675724606014,1.0,1.0,1e-06,0.013748474460333483
0.6153850000000001,575,3.7600675724606014,1.0,1.0,1e-06,0.013748474460333483
0.6153850000000001,600,3.7600675724606014,1.0,1.0,1e-06,0.013748474460333483
0.6153850000000001,625,3.7600675724606014,1.0,1.0,1e-06,0.013748474460333483
0.6153850000000001,650,3.7600675724606014,1.0,1.0,1e-06,0.013748474460333483
0.6153850000000001,675,3.7600675724606014,1.0,1.0,1e-06,0.013748474460333483
0.6153850000000001,700,3.7600675724606014,1.0,1.0,1e-06,0.013748474460333483
0.6153850000000001,725,3.7600675724606014,1.0,1.0,1e-06,0.013748474460333483
0.6153850000000001,750,3.7600675724606014,1.0,1.0,1e-06,0.013748474460333483
0.6153850000000001,775,3.7600675724606014,1.0,1.0,1e-06,0.013748474460333483
0.6153850000000001,800,3.7600675724606014,1.0,1.0,1e-06,0.013748474460333483
0.6153850000000001,825,3.7600675724606014,1.0,1.0,1e-06,0.013748474460333483
0.6153850000000001,850,3.7600675724606014,1.0,1.0,1e-06,0.013748474460333483
0.6153850000000001,875,3.7600675724606014,1.0,1.0,1e-06,0.013748474460333483
0.6153850000000001,900,3.7600675724606014,1.0,1.0,1e-06,0.013748474460333483
0.6153850000000001,925,3.7600675724606014,1.0,1.0,1e-06,0.013748474460333483
0.6153850000000001,950,3.7600675724606014,1.0,1.0,1e-06,0.013748474460333483
0.6153850000000001,975,3.7600675724606014,1.0,1.0,1e-06,0.013748474460333483
0.6153850000000001,1000,3.7600675724606014,1.0,1.0,1e-06,0.013748474460333483
0.6153850000000001,1025,3.7600675724606014,1.0,1.0,1e-06,0.013748474460333483
0.6153850000000001,1050,3.7600675724606014,1.0,1.0,1e-06,0.013748474460333483
0.6153850000000001,1075,3.7600675724606014,1.0,1.0,1e-06,0.013748474460333483
0.6153850000000001,1100,3.7600675724606014,1.0,1.0,1e-06,0.013748474460333483
0.6153850000000001,1125,3.7600675724606014,1.0,1.0,1e-06,0.013748474460333483
0.6153850000000001,1150,3.7600675724606014,1.0,1.0,1e-06,0.013748474460333483
0.6153850000000001,1175,3.7600675724606014,1.0,1.0,1e-06,0.013748474460333483
0.6153850000000001,1200,3.7600675724606014,1.0,1.0,1e-06,0.013748474460333483
0.6153850000000001,1225,3.7600675724606014,1.0,1.0,1e-06,0.013748474460333483
0.6153850000000001,1250,3.7600675724606014,1.0,1.0,1e-06,0.013748474460333483
0.6153850000000001,1275,3.7600675724606014,1.0,1.0,1e-06,0.013748474460333483
0.6153850000000001,1300,3.7600675724606014,1.0,1.0,1e-06,0.013748474460333483
0.6153850000000001,1325,3.7600675724606014,1.0,1.0,1e-06,0.013748474460333483
0.6153850000000001,1350,3.7600675724606014,1.0,1.0,1e-06,0.013748474460333483
0.6153850000000001,1375,3.7600675724606014,1.0,1.0,1e-06,0.013748474460333483
0.6153850000000001,1400,3.7600675724606014,1.0,1.0,1e-06,0.013748474460333483
0.6153850000000001,1425,3.7600675724606014,1.0,1.0,1e-06,0.013748474460333483
0.6153850000000001,1450,3.7600675724606014,1.0,1.0,1e-06,0.013748474460333483
0.6153850000000001,1475,3.7600675724606014,1.0,1.0,1e-06,0.013748474460333483
0.6153850000000001,1500,3.7600675724606014,1.0,1.0,1e-06,0.013748474460333483
0.6153850000000001,1525,3.7600675724606014,1.0,1.0,1e-06,0.013748474460333483
0.6410260000000001,-100,3.784746240637158,4.123329727931993,4.217781621977755,-24.252244326372093,0.013960913585496755
0.6410260000000001,-75,3.784746240637158,4.043685404812983,3.2256412047645013,-18.547436927395882,0.013960913585496759
0.6410260000000001,-50,3.784746240637158,3.9609769262174064,2.1953301763403825,-12.623148513957199,0.013960913585496755
0.6410260000000001,-25,3.784746240637158,3.874820816007344,1.1220715210868941,-6.451911246249641,0.013960913585496757
0.6410260000000001,0,3.784746240637158,3.784746240637158,0.0,0.0,0.013960913585496754
0.6410260000000001,25,3.784746240637158,3.6901643170004563,1.1782201857316306,6.774766067956875,0.013960913585496757
0.6410260000000001,50,3.784746240637158,3.590321985046088,2.4219700099687334,13.926327557320217,0.013960913585496764
0.6410260000000001,75,3.784746240637158,3.4842297431310794,3.743575832387026,21.525561036225398,0.013960913585496755
0.6410260000000001,100,3.784746240637158,3.370542484077211,5.15979384030446,29.668814581750645,0.013960913585496754
0.6410260000000001,125,3.784746240637158,3.2473498095339988,6.6944221318436306,38.49292725810088,0.013960913585496755
0.6410260000000001,150,3.784746240637158,3.1117741981759677,8.383306390621323,48.2040117460726,0.013960913585496757
0.6410260000000001,175,3.784746240637158,2.95910464654359,10.285132242364352,59.139510393595025,0.013960913585496759
0.6410260000000001,200,3.784746240637158,2.7805697817651986,12.509165899649172,71.92770392298274,0.013960913585496771
0.6410260000000001,225,3.784746240637158,2.5556004341164216,15.311640372348633,88.04193214100464,0.013960913585496771
0.6410260000000001,250,3.784746240637158,2.19378252649239,19.818856401906913,113.95842431096474,0.013960913585496905
0.6410260000000001,275,3.784746240637158,1.0,1.0,1e-06,0.013960913585496757
0.6410260000000001,300,3.784746240637158,1.0,1.0,1e-06,0.013960913585496757
0.6410260000000001,325,3.784746240637158,1.0,1.0,1e-06,0.013960913585496757
0.6410260000000001,350,3.784746240637158,1.0,1.0,1e-06,0.013960913585496757
0.6410260000000001,375,3.784746240637158,1.0,1.0,1e-06,0.013960913585496757
0.6410260000000001,400,3.784746240637158,1.0,1.0,1e-06,0.013960913585496757
0.6410260000000001,425,3.784746240637158,1.0,1.0,1e-06,0.013960913585496757
0.6410260000000001,450,3.784746240637158,1.0,1.0,1e-06,0.013960913585496757
0.6410260000000001,475,3.784746240637158,1.0,1.0,1e-06,0.013960913585496757
0.6410260000000001,500,3.784746240637158,1.0,1.0,1e-06,0.013960913585496757
0.6410260000000001,525,3.784746240637158,1.0,1.0,1e-06,0.013960913585496757
0.6410260000000001,550,3.784746240637158,1.0,1.0,1e-06,0.013960913585496757
0.6410260000000001,575,3.784746240637158,1.0,1.0,1e-06,0.013960913585496757
0.6410260000000001,600,3.784746240637158,1.0,1.0,1e-06,0.013960913585496757
0.6410260000000001,625,3.784746240637158,1.0,1.0,1e-06,0.013960913585496757
0.6410260000000001,650,3.784746240637158,1.0,1.0,1e-06,0.013960913585496757
0.6410260000000001,675,3.784746240637158,1.0,1.0,1e-06,0.013960913585496757
0.6410260000000001,700,3.784746240637158,1.0,1.0,1e-06,0.013960913585496757
0.6410260000000001,725,3.784746240637158,1.0,1.0,1e-06,0.013960913585496757
0.6410260000000001,750,3.784746240637158,1.0,1.0,1e-06,0.013960913585496757
0.6410260000000001,775,3.784746240637158,1.0,1.0,1e-06,0.013960913585496757
0.6410260000000001,800,3.784746240637158,1.0,1.0,1e-06,0.013960913585496757
0.6410260000000001,825,3.784746240637158,1.0,1.0,1e-06,0.013960913585496757
0.6410260000000001,850,3.784746240637158,1.0,1.0,1e-06,0.013960913585496757
0.6410260000000001,875,3.784746240637158,1.0,1.0,1e-06,0.013960913585496757
0.6410260000000001,900,3.784746240637158,1.0,1.0,1e-06,0.013960913585496757
0.6410260000000001,925,3.784746240637158,1.0,1.0,1e-06,0.013960913585496757
0.6410260000000001,950,3.784746240637158,1.0,1.0,1e-06,0.013960913585496757
0.6410260000000001,975,3.784746240637158,1.0,1.0,1e-06,0.013960913585496757
0.6410260000000001,1000,3.784746240637158,1.0,1.0,1e-06,0.013960913585496757
0.6410260000000001,1025,3.784746240637158,1.0,1.0,1e-06,0.013960913585496757
0.6410260000000001,1050,3.784746240637158,1.0,1.0,1e-06,0.013960913585496757
0.6410260000000001,1075,3.784746240637158,1.0,1.0,1e-06,0.013960913585496757
0.6410260000000001,1100,3.784746240637158,1.0,1.0,1e-06,0.013960913585496757
0.6410260000000001,1125,3.784746240637158,1.0,1.0,1e-06,0.013960913585496757
0.6410260000000001,1150,3.784746240637158,1.0,1.0,1e-06,0.013960913585496757
0.6410260000000001,1175,3.784746240637158,1.0,1.0,1e-06,0.013960913585496757
0.6410260000000001,1200,3.784746240637158,1.0,1.0,1e-06,0.013960913585496757
0.6410260000000001,1225,3.784746240637158,1.0,1.0,1e-06,0.013960913585496757
0.6410260000000001,1250,3.784746240637158,1.0,1.0,1e-06,0.013960913585496757
0.6410260000000001,1275,3.784746240637158,1.0,1.0,1e-06,0.013960913585496757
0.6410260000000001,1300,3.784746240637158,1.0,1.0,1e-06,0.013960913585496757
0.6410260000000001,1325,3.784746240637158,1.0,1.0,1e-06,0.013960913585496757
0.6410260000000001,1350,3.784746240637158,1.0,1.0,1e-06,0.013960913585496757
0.6410260000000001,1375,3.784746240637158,1.0,1.0,1e-06,0.013960913585496757
0.6410260000000001,1400,3.784746240637158,1.0,1.0,1e-06,0.013960913585496757
0.6410260000000001,1425,3.784746240637158,1.0,1.0,1e-06,0.013960913585496757
0.6410260000000001,1450,3.784746240637158,1.0,1.0,1e-06,0.013960913585496757
0.6410260000000001,1475,3.784746240637158,1.0,1.0,1e-06,0.013960913585496757
0.6410260000000001,1500,3.784746240637158,1.0,1.0,1e-06,0.013960913585496757
0.6410260000000001,1525,3.784746240637158,1.0,1.0,1e-06,0.013960913585496757
0.666667,-100,3.8111360710047864,4.134615384615385,4.18772084662579,-24.07939486809829,0.014194385468572275
0.666667,-75,3.8111360710047864,4.072540219927327,3.202786849604719,-18.416024385227136,0.014194385468572275
0.666667,-50,3.8111360710047864,3.989052811390392,2.1798789299262653,-12.534303847076025,0.014194385468572272
0.666667,-25,3.8111360710047864,3.902077282824518,1.1142337200992973,-6.4068438905709595,0.014194385468572273
0.666667,0,3.8111360710047864,3.8111360710047864,0.0,0.0,0.01419438546857227
0.666667,25,3.8111360710047864,3.71563154301094,1.1701445734399416,6.728331297279664,0.014194385468572268
0.666667,50,3.8111360710047864,3.614798934035367,2.405570083591259,13.832027980649737,0.014194385468572279
0.666667,75,3.8111360710047864,3.507632524774136,3.7185988465851225,21.381943367864455,0.014194385468572275
0.666667,100,3.8111360710047864,3.3927637156572352,5.125999275330349,29.474495833149504,0.014194385468572273
0.666667,125,3.8111360710047864,3.2682460438216423,6.651619903550009,38.246814445412554,0.014194385468572273
0.666667,150,3.8111360710047864,3.13114207147191,8.331450929492952,47.90584284458448,0.01419438546857227
0.666667,175,3.8111360710047864,2.9766292293322802,10.22457963819794,58.79133291963815,0.014194385468572266
0.666667,200,3.8111360710047864,2.7956873781829117,12.441522956783357,71.53875700150431,0.014194385468572258
0.666667,225,3.8111360710047864,2.5669701881294404,15.243821281431854,87.65197236823316,0.014194385468572258
0.666667,250,3.8111360710047864,2.192958311582477,19.826305242524445,114.00125514451555,0.014194385468572253
0.666667,275,3.8111360710047864,1.0,1.0,1e-06,0.01419438546857227
0.666667,300,3.8111360710047864,1.0,1.0,1e-06,0.01419438546857227
0.666667,325,3.8111360710047864,1.0,1.0,1e-06,0.01419438546857227
0.666667,350,3.8111360710047864,1.0,1.0,1e-06,0.01419438546857227
0.666667,375,3.8111360710047864,1.0,1.0,1e-06,0.01419438546857227
0.666667,400,3.8111360710047864,1.0,1.0,1e-06,0.01419438546857227
0.666667,425,3.8111360710047864,1.0,1.0,1e-06,0.01419438546857227
0.666667,450,3.8111360710047864,1.0,1.0,1e-06,0.01419438546857227
0.666667,475,3.8111360710047864,1.0,1.0,1e-06,0.01419438546857227
0.666667,500,3.8111360710047864,1.0,1.0,1e-06,0.01419438546857227
0.666667,525,3.8111360710047864,1.0,1.0,1e-06,0.01419438546857227
0.666667,550,3.8111360710047864,1.0,1.0,1e-06,0.01419438546857227
0.666667,575,3.8111360710047864,1.0,1.0,1e-06,0.01419438546857227
0.666667,600,3.8111360710047864,1.0,1.0,1e-06,0.01419438546857227
0.666667,625,3.8111360710047864,1.0,1.0,1e-06,0.01419438546857227
0.666667,650,3.8111360710047864,1.0,1.0,1e-06,0.01419438546857227
0.666667,675,3.8111360710047864,1.0,1.0,1e-06,0.01419438546857227
0.666667,700,3.8111360710047864,1.0,1.0,1e-06,0.01419438546857227
0.666667,725,3.8111360710047864,1.0,1.0,1e-06,0.01419438546857227
0.666667,750,3.8111360710047864,1.0,1.0,1e-06,0.01419438546857227
0.666667,775,3.8111360710047864,1.0,1.0,1e-06,0.01419438546857227
0.666667,800,3.8111360710047864,1.0,1.0,1e-06,0.01419438546857227
0.666667,825,3.8111360710047864,1.0,1.0,1e-06,0.01419438546857227
0.666667,850,3.8111360710047864,1.0,1.0,1e-06,0.01419438546857227
0.666667,875,3.8111360710047864,1.0,1.0,1e-06,0.01419438546857227
0.666667,900,3.8111360710047864,1.0,1.0,1e-06,0.01419438546857227
0.666667,925,3.8111360710047864,1.0,1.0,1e-06,0.01419438546857227
0.666667,950,3.8111360710047864,1.0,1.0,1e-06,0.01419438546857227
0.666667,975,3.8111360710047864,1.0,1.0,1e-06,0.01419438546857227
0.666667,1000,3.8111360710047864,1.0,1.0,1e-06,0.01419438546857227
0.666667,1025,3.8111360710047864,1.0,1.0,1e-06,0.01419438546857227
0.666667,1050,3.8111360710047864,1.0,1.0,1e-06,0.01419438546857227
0.666667,1075,3.8111360710047864,1.0,1.0,1e-06,0.01419438546857227
0.666667,1100,3.8111360710047864,1.0,1.0,1e-06,0.01419438546857227
0.666667,1125,3.8111360710047864,1.0,1.0,1e-06,0.01419438546857227
0.666667,1150,3.8111360710047864,1.0,1.0,1e-06,0.01419438546857227
0.666667,1175,3.8111360710047864,1.0,1.0,1e-06,0.01419438546857227
0.666667,1200,3.8111360710047864,1.0,1.0,1e-06,0.01419438546857227
0.666667,1225,3.8111360710047864,1.0,1.0,1e-06,0.01419438546857227
0.666667,1250,3.8111360710047864,1.0,1.0,1e-06,0.01419438546857227
0.666667,1275,3.8111360710047864,1.0,1.0,1e-06,0.01419438546857227
0.666667,1300,3.8111360710047864,1.0,1.0,1e-06,0.01419438546857227
0.666667,1325,3.8111360710047864,1.0,1.0,1e-06,0.01419438546857227
0.666667,1350,3.8111360710047864,1.0,1.0,1e-06,0.01419438546857227
0.666667,1375,3.8111360710047864,1.0,1.0,1e-06,0.01419438546857227
0.666667,1400,3.8111360710047864,1.0,1.0,1e-06,0.01419438546857227
0.666667,1425,3.8111360710047864,1.0,1.0,1e-06,0.01419438546857227
0.666667,1450,3.8111360710047864,1.0,1.0,1e-06,0.01419438546857227
0.666667,1475,3.8111360710047864,1.0,1.0,1e-06,0.01419438546857227
0.666667,1500,3.8111360710047864,1.0,1.0,1e-06,0.01419438546857227
0.666667,1525,3.8111360710047864,1.0,1.0,1e-06,0.01419438546857227
0.692308,-100,3.8347281319168336,4.134615384615385,4.162727805700769,-23.93568488277942,0.014335681553127819
0.692308,-75,3.8347281319168336,4.097148706218362,3.1835501213497817,-18.305413197761244,0.014335681553127822
0.692308,-50,3.8347281319168336,4.013329008195043,2.166693076036601,-12.458485187210455,0.014335681553127828
0.692308,-25,3.8347281319168336,3.9260146080529816,1.1074401195651018,-6.3677806874993355,0.01433568155312782
0.692308,0,3.8347281319168336,3.8347281319168336,0.0,0.0,0.014335681553127816
0.692308,25,3.8347281319168336,3.738872485538298,1.1628709199828597,6.686507789901444,0.014335681553127822
0.692308,50,3.8347281319168336,3.637684060544366,2.390436340590768,13.745008958396914,0.014335681553127819
0.692308,75,3.8347281319168336,3.530159417186838,3.6948694717202972,21.24549946239171,0.014335681553127819
0.692308,100,3.8347281319168336,3.414934366851103,5.092719941163184,29.283139661688306,0.014335681553127819
0.692308,125,3.8347281319168336,3.290071160457318,6.607495514401241,37.993099207807134,0.014335681553127822
0.692308,150,3.8347281319168336,3.152650562468202,8.274610840890569,47.579012335120765,0.014335681553127817
0.692308,175,3.8347281319168336,2.9978920339588866,10.152060936132113,58.374350382759644,0.014335681553127819
0.692308,200,3.8347281319168336,2.8168909698379103,12.34787184455834,71.00026310621045,0.014335681553127822
0.692308,225,3.8347281319168336,2.5887481676281143,15.115581836784505,86.91459556151091,0.014335681553127845
0.692308,250,3.8347281319168336,2.221279470547644,19.57352122776604,112.54774705965472,0.014335681553127835
0.692308,275,3.8347281319168336,1.0,1.0,1e-06,0.014335681553127819
0.692308,300,3.8347281319168336,1.0,1.0,1e-06,0.014335681553127819
0.692308,325,3.8347281319168336,1.0,1.0,1e-06,0.014335681553127819
0.692308,350,3.8347281319168336,1.0,1.0,1e-06,0.014335681553127819
0.692308,375,3.8347281319168336,1.0,1.0,1e-06,0.014335681553127819
0.692308,400,3.8347281319168336,1.0,1.0,1e-06,0.014335681553127819
0.692308,425,3.8347281319168336,1.0,1.0,1e-06,0.014335681553127819
0.692308,450,3.8347281319168336,1.0,1.0,1e-06,0.014335681553127819
0.692308,475,3.8347281319168336,1.0,1.0,1e-06,0.014335681553127819
0.692308,500,3.8347281319168336,1.0,1.0,1e-06,0.014335681553127819
0.692308,525,3.8347281319168336,1.0,1.0,1e-06,0.014335681553127819
0.692308,550,3.8347281319168336,1.0,1.0,1e-06,0.014335681553127819
0.692308,575,3.8347281319168336,1.0,1.0,1e-06,0.014335681553127819
0.692308,600,3.8347281319168336,1.0,1.0,1e-06,0.014335681553127819
0.692308,625,3.8347281319168336,1.0,1.0,1e-06,0.014335681553127819
0.692308,650,3.8347281319168336,1.0,1.0,1e-06,0.014335681553127819
0.692308,675,3.8347281319168336,1.0,1.0,1e-06,0.014335681553127819
0.692308,700,3.8347281319168336,1.0,1.0,1e-06,0.014335681553127819
0.692308,725,3.8347281319168336,1.0,1.0,1e-06,0.014335681553127819
0.692308,750,3.8347281319168336,1.0,1.0,1e-06,0.014335681553127819
0.692308,775,3.8347281319168336,1.0,1.0,1e-06,0.014335681553127819
0.692308,800,3.8347281319168336,1.0,1.0,1e-06,0.014335681553127819
0.692308,825,3.8347281319168336,1.0,1.0,1e-06,0.014335681553127819
0.692308,850,3.8347281319168336,1.0,1.0,1e-06,0.014335681553127819
0.692308,875,3.8347281319168336,1.0,1.0,1e-06,0.014335681553127819
0.692308,900,3.8347281319168336,1.0,1.0,1e-06,0.014335681553127819
0.692308,925,3.8347281319168336,1.0,1.0,1e-06,0.014335681553127819
0.692308,950,3.8347281319168336,1.0,1.0,1e-06,0.014335681553127819
0.692308,975,3.8347281319168336,1.0,1.0,1e-06,0.014335681553127819
0.692308,1000,3.8347281319168336,1.0,1.0,1e-06,0.014335681553127819
0.692308,1025,3.8347281319168336,1.0,1.0,1e-06,0.014335681553127819
0.692308,1050,3.8347281319168336,1.0,1.0,1e-06,0.014335681553127819
0.692308,1075,3.8347281319168336,1.0,1.0,1e-06,0.014335681553127819
0.692308,1100,3.8347281319168336,1.0,1.0,1e-06,0.014335681553127819
0.692308,1125,3.8347281319168336,1.0,1.0,1e-06,0.014335681553127819
0.692308,1150,3.8347281319168336,1.0,1.0,1e-06,0.014335681553127819
0.692308,1175,3.8347281319168336,1.0,1.0,1e-06,0.014335681553127819
0.692308,1200,3.8347281319168336,1.0,1.0,1e-06,0.014335681553127819
0.692308,1225,3.8347281319168336,1.0,1.0,1e-06,0.014335681553127819
0.692308,1250,3.8347281319168336,1.0,1.0,1e-06,0.014335681553127819
0.692308,1275,3.8347281319168336,1.0,1.0,1e-06,0.014335681553127819
0.692308,1300,3.8347281319168336,1.0,1.0,1e-06,0.014335681553127819
0.692308,1325,3.8347281319168336,1.0,1.0,1e-06,0.014335681553127819
0.692308,1350,3.8347281319168336,1.0,1.0,1e-06,0.014335681553127819
0.692308,1375,3.8347281319168336,1.0,1.0,1e-06,0.014335681553127819
0.692308,1400,3.8347281319168336,1.0,1.0,1e-06,0.014335681553127819
0.692308,1425,3.8347281319168336,1.0,1.0,1e-06,0.014335681553127819
0.692308,1450,3.8347281319168336,1.0,1.0,1e-06,0.014335681553127819
0.692308,1475,3.8347281319168336,1.0,1.0,1e-06,0.014335681553127819
0.692308,1500,3.8347281319168336,1.0,1.0,1e-06,0.014335681553127819
0.692308,1525,3.8347281319168336,1.0,1.0,1e-06,0.014335681553127819
0.7179490000000001,-100,3.874872097499105,4.134615384615385,4.125280706654666,-23.72036406326433,0.014372241428121936
0.7179490000000001,-75,3.874872097499105,4.134615384615385,3.154011044457639,-18.135563505631424,0.014372241428121936
0.7179490000000001,-50,3.874872097499105,4.052210389997426,2.145903429737412,-12.338944720990119,0.014372241428121938
0.7179490000000001,-25,3.874872097499105,3.9654805449816566,1.0964184636988663,-6.304406166268481,0.014372241428121936
0.7179490000000001,0,3.874872097499105,3.874872097499105,0.0,0.0,0.014372241428121933
0.7179490000000001,25,3.874872097499105,3.7798128851462844,1.1502754816362437,6.614084019408401,0.014372241428121935
0.7179490000000001,50,3.874872097499105,3.679574496631403,2.3632222100337366,13.588527707693986,0.014372241428121936
0.7179490000000001,75,3.874872097499105,3.5732050837557585,3.650358139298206,20.989559300964686,0.014372241428121938
0.7179490000000001,100,3.874872097499105,3.459419721520744,5.027231659586235,28.90658204262085,0.014372241428121936
0.7179490000000001,125,3.874872097499105,3.336410052968014,6.515725012710546,37.46541882308564,0.01437224142812194
0.7179490000000001,150,3.874872097499105,3.2014859800323276,8.148390055256687,46.853242817725956,0.014372241428121935
0.7179490000000001,175,3.874872097499105,3.0503224729065463,9.9775623328426,57.370983413844954,0.014372241428121933
0.7179490000000001,200,3.874872097499105,2.8750981186712785,12.097885797277376,69.56284333434492,0.014372241428121916
0.7179490000000001,225,3.874872097499105,2.6584798211149008,14.719101672999855,84.63483461974917,0.014372241428121896
0.7179490000000001,250,3.874872097499105,2.3381829588609087,18.594892544570804,106.92063213128213,0.014372241428121917
0.7179490000000001,275,3.874872097499105,1.0,1.0,1e-06,0.014372241428121933
0.7179490000000001,300,3.874872097499105,1.0,1.0,1e-06,0.014372241428121933
0.7179490000000001,325,3.874872097499105,1.0,1.0,1e-06,0.014372241428121933
0.7179490000000001,350,3.874872097499105,1.0,1.0,1e-06,0.014372241428121933
0.7179490000000001,375,3.874872097499105,1.0,1.0,1e-06,0.014372241428121933
0.7179490000000001,400,3.874872097499105,1.0,1.0,1e-06,0.014372241428121933
0.7179490000000001,425,3.874872097499105,1.0,1.0,1e-06,0.014372241428121933
0.7179490000000001,450,3.874872097499105,1.0,1.0,1e-06,0.014372241428121933
0.7179490000000001,475,3.874872097499105,1.0,1.0,1e-06,0.014372241428121933
0.7179490000000001,500,3.874872097499105,1.0,1.0,1e-06,0.014372241428121933
0.7179490000000001,525,3.874872097499105,1.0,1.0,1e-06,0.014372241428121933
0.7179490000000001,550,3.874872097499105,1.0,1.0,1e-06,0.014372241428121933
0.7179490000000001,575,3.874872097499105,1.0,1.0,1e-06,0.014372241428121933
0.7179490000000001,600,3.874872097499105,1.0,1.0,1e-06,0.014372241428121933
0.7179490000000001,625,3.874872097499105,1.0,1.0,1e-06,0.014372241428121933
0.7179490000000001,650,3.874872097499105,1.0,1.0,1e-06,0.014372241428121933
0.7179490000000001,675,3.874872097499105,1.0,1.0,1e-06,0.014372241428121933
0.7179490000000001,700,3.874872097499105,1.0,1.0,1e-06,0.014372241428121933
0.7179490000000001,725,3.874872097499105,1.0,1.0,1e-06,0.014372241428121933
0.7179490000000001,750,3.874872097499105,1.0,1.0,1e-06,0.014372241428121933
0.7179490000000001,775,3.874872097499105,1.0,1.0,1e-06,0.014372241428121933
0.7179490000000001,800,3.874872097499105,1.0,1.0,1e-06,0.014372241428121933
0.7179490000000001,825,3.874872097499105,1.0,1.0,1e-06,0.014372241428121933
0.7179490000000001,850,3.874872097499105,1.0,1.0,1e-06,0.014372241428121933
0.7179490000000001,875,3.874872097499105,1.0,1.0,1e-06,0.014372241428121933
0.7179490000000001,900,3.874872097499105,1.0,1.0,1e-06,0.014372241428121933
0.7179490000000001,925,3.874872097499105,1.0,1.0,1e-06,0.014372241428121933
0.7179490000000001,950,3.874872097499105,1.0,1.0,1e-06,0.014372241428121933
0.7179490000000001,975,3.874872097499105,1.0,1.0,1e-06,0.014372241428121933
0.7179490000000001,1000,3.874872097499105,1.0,1.0,1e-06,0.014372241428121933
0.7179490000000001,1025,3.874872097499105,1.0,1.0,1e-06,0.014372241428121933
0.7179490000000001,1050,3.874872097499105,1.0,1.0,1e-06,0.014372241428121933
0.7179490000000001,1075,3.874872097499105,1.0,1.0,1e-06,0.014372241428121933
0.7179490000000001,1100,3.874872097499105,1.0,1.0,1e-06,0.014372241428121933
0.7179490000000001,1125,3.874872097499105,1.0,1.0,1e-06,0.014372241428121933
0.7179490000000001,1150,3.874872097499105,1.0,1.0,1e-06,0.014372241428121933
0.7179490000000001,1175,3.874872097499105,1.0,1.0,1e-06,0.014372241428121933
0.7179490000000001,1200,3.874872097499105,1.0,1.0,1e-06,0.014372241428121933
0.7179490000000001,1225,3.874872097499105,1.0,1.0,1e-06,0.014372241428121933
0.7179490000000001,1250,3.874872097499105,1.0,1.0,1e-06,0.014372241428121933
0.7179490000000001,1275,3.874872097499105,1.0,1.0,1e-06,0.014372241428121933
0.7179490000000001,1300,3.874872097499105,1.0,1.0,1e-06,0.014372241428121933
0.7179490000000001,1325,3.874872097499105,1.0,1.0,1e-06,0.014372241428121933
0.7179490000000001,1350,3.874872097499105,1.0,1.0,1e-06,0.014372241428121933
0.7179490000000001,1375,3.874872097499105,1.0,1.0,1e-06,0.014372241428121933
0.7179490000000001,1400,3.874872097499105,1.0,1.0,1e-06,0.014372241428121933
0.7179490000000001,1425,3.874872097499105,1.0,1.0,1e-06,0.014372241428121933
0.7179490000000001,1450,3.874872097499105,1.0,1.0,1e-06,0.014372241428121933
0.7179490000000001,1475,3.874872097499105,1.0,1.0,1e-06,0.014372241428121933
0.7179490000000001,1500,3.874872097499105,1.0,1.0,1e-06,0.014372241428121933
0.7179490000000001,1525,3.874872097499105,1.0,1.0,1e-06,0.014372241428121933
0.7435900000000001,-100,3.92233077846133,4.134615384615385,4.078508965958043,-23.451426554258745,0.014574897656337023
0.7435900000000001,-75,3.92233077846133,4.134615384615385,3.1177522164733005,-17.92707524472148,0.014574897656337023
0.7435900000000001,-50,3.92233077846133,4.10007038168197,2.120854366979383,-12.194912610131452,0.014574897656337026
0.7435900000000001,-25,3.92233077846133,4.0131259457045685,1.0834013548989618,-6.2295577906690305,0.014574897656337025
0.7435900000000001,0,3.92233077846133,3.92233077846133,0.0,0.0,0.014574897656337025
0.7435900000000001,25,3.92233077846133,3.8271228492248204,1.1360560552262304,6.5323223175508245,0.014574897656337026
0.7435900000000001,50,3.92233077846133,3.7267884523727997,2.333283008960874,13.416377301525026,0.01457489765633702
0.7435900000000001,75,3.92233077846133,3.6203978502472007,3.6027748331523717,20.715955290626137,0.014574897656337023
0.7435900000000001,100,3.92233077846133,3.5067008686948418,4.959449065953252,28.5168321292312,0.014574897656337025
0.7435900000000001,125,3.92233077846133,3.3839469876758157,6.424193556800847,36.93911295160487,0.014574897656337025
0.7435900000000001,150,3.92233077846133,3.249550050527792,8.027867278887452,46.160236853602854,0.014574897656337023
0.7435900000000001,175,3.92233077846133,3.099393219701036,9.819593853157928,56.46266465565808,0.01457489765633702
0.7435900000000001,200,3.92233077846133,2.926147333439397,11.886827535361544,68.34925832832887,0.014574897656337012
0.7435900000000001,225,3.92233077846133,2.714038360747396,14.417789869349122,82.90229174875745,0.014574897656337038
0.7435900000000001,250,3.92233077846133,2.4111045738234385,18.032507317017377,103.68691707284991,0.014574897656337025
0.7435900000000001,275,3.92233077846133,1.0,1.0,1e-06,0.014574897656337023
0.7435900000000001,300,3.92233077846133,1.0,1.0,1e-06,0.014574897656337023
0.7435900000000001,325,3.92233077846133,1.0,1.0,1e-06,0.014574897656337023
0.7435900000000001,350,3.92233077846133,1.0,1.0,1e-06,0.014574897656337023
0.7435900000000001,375,3.92233077846133,1.0,1.0,1e-06,0.014574897656337023
0.7435900000000001,400,3.92233077846133,1.0,1.0,1e-06,0.014574897656337023
0.7435900000000001,425,3.92233077846133,1.0,1.0,1e-06,0.014574897656337023
0.7435900000000001,450,3.92233077846133,1.0,1.0,1e-06,0.014574897656337023
0.7435900000000001,475,3.92233077846133,1.0,1.0,1e-06,0.014574897656337023
0.7435900000000001,500,3.92233077846133,1.0,1.0,1e-06,0.014574897656337023
0.7435900000000001,525,3.92233077846133,1.0,1.0,1e-06,0.014574897656337023
0.7435900000000001,550,3.92233077846133,1.0,1.0,1e-06,0.014574897656337023
0.7435900000000001,575,3.92233077846133,1.0,1.0,1e-06,0.014574897656337023
0.7435900000000001,600,3.92233077846133,1.0,1.0,1e-06,0.014574897656337023
0.7435900000000001,625,3.92233077846133,1.0,1.0,1e-06,0.014574897656337023
0.7435900000000001,650,3.92233077846133,1.0,1.0,1e-06,0.014574897656337023
0.7435900000000001,675,3.92233077846133,1.0,1.0,1e-06,0.014574897656337023
0.7435900000000001,700,3.92233077846133,1.0,1.0,1e-06,0.014574897656337023
0.7435900000000001,725,3.92233077846133,1.0,1.0,1e-06,0.014574897656337023
0.7435900000000001,750,3.92233077846133,1.0,1.0,1e-06,0.014574897656337023
0.7435900000000001,775,3.92233077846133,1.0,1.0,1e-06,0.014574897656337023
0.7435900000000001,800,3.92233077846133,1.0,1.0,1e-06,0.014574897656337023
0.7435900000000001,825,3.92233077846133,1.0,1.0,1e-06,0.014574897656337023
0.7435900000000001,850,3.92233077846133,1.0,1.0,1e-06,0.014574897656337023
0.7435900000000001,875,3.92233077846133,1.0,1.0,1e-06,0.014574897656337023
0.7435900000000001,900,3.92233077846133,1.0,1.0,1e-06,0.014574897656337023
0.7435900000000001,925,3.92233077846133,1.0,1.0,1e-06,0.014574897656337023
0.7435900000000001,950,3.92233077846133,1.0,1.0,1e-06,0.014574897656337023
0.7435900000000001,975,3.92233077846133,1.0,1.0,1e-06,0.014574897656337023
0.7435900000000001,1000,3.92233077846133,1.0,1.0,1e-06,0.014574897656337023
0.7435900000000001,1025,3.92233077846133,1.0,1.0,1e-06,0.014574897656337023
0.7435900000000001,1050,3.92233077846133,1.0,1.0,1e-06,0.014574897656337023
0.7435900000000001,1075,3.92233077846133,1.0,1.0,1e-06,0.014574897656337023
0.7435900000000001,1100,3.92233077846133,1.0,1.0,1e-06,0.014574897656337023
0.7435900000000001,1125,3.92233077846133,1.0,1.0,1e-06,0.014574897656337023
0.7435900000000001,1150,3.92233077846133,1.0,1.0,1e-06,0.014574897656337023
0.7435900000000001,1175,3.92233077846133,1.0,1.0,1e-06,0.014574897656337023
0.7435900000000001,1200,3.92233077846133,1.0,1.0,1e-06,0.014574897656337023
0.7435900000000001,1225,3.92233077846133,1.0,1.0,1e-06,0.014574897656337023
0.7435900000000001,1250,3.92233077846133,1.0,1.0,1e-06,0.014574897656337023
0.7435900000000001,1275,3.92233077846133,1.0,1.0,1e-06,0.014574897656337023
0.7435900000000001,1300,3.92233077846133,1.0,1.0,1e-06,0.014574897656337023
0.7435900000000001,1325,3.92233077846133,1.0,1.0,1e-06,0.014574897656337023
0.7435900000000001,1350,3.92233077846133,1.0,1.0,1e-06,0.014574897656337023
0.7435900000000001,1375,3.92233077846133,1.0,1.0,1e-06,0.014574897656337023
0.7435900000000001,1400,3.92233077846133,1.0,1.0,1e-06,0.014574897656337023
0.7435900000000001,1425,3.92233077846133,1.0,1.0,1e-06,0.014574897656337023
0.7435900000000001,1450,3.92233077846133,1.0,1.0,1e-06,0.014574897656337023
0.7435900000000001,1475,3.92233077846133,1.0,1.0,1e-06,0.014574897656337023
0.7435900000000001,1500,3.92233077846133,1.0,1.0,1e-06,0.014574897656337023
0.7435900000000001,1525,3.92233077846133,1.0,1.0,1e-06,0.014574897656337023
0.769231,-100,3.9633006794154246,4.134615384615385,4.0353302413371015,-23.203148887688332,0.01493155929459692
0.769231,-75,3.9633006794154246,4.134615384615385,3.0849066021158817,-17.73821296216632,0.014931559294596919
0.769231,-50,3.9633006794154246,4.134615384615385,2.0986340038319398,-12.067145522033654,0.01493155929459692
0.769231,-25,3.9633006794154246,4.055349221230441,1.0721212526395798,-6.164697202677584,0.014931559294596917
0.769231,0,3.9633006794154246,3.9633006794154246,0.0,0.0,0.014931559294596919
0.769231,25,3.9633006794154246,3.866762826138898,1.1244098183539177,6.4653564555350265,0.014931559294596917
0.769231,50,3.9633006794154246,3.765006755047575,2.309598027216066,13.28018865649238,0.014931559294596924
0.769231,75,3.9633006794154246,3.6570819622363437,3.566635474829048,20.508153980267025,0.014931559294596919
0.769231,100,3.9633006794154246,3.5417087166295502,4.9104276323368685,28.234958885936994,0.01493155929459692
0.769231,125,3.9633006794154246,3.417092138262804,6.361880088441057,36.58081050853608,0.014931559294596922
0.769231,150,3.9633006794154246,3.280574577172759,7.951947412889241,45.723697624113136,0.01493155929459692
0.769231,175,3.9633006794154246,3.127911737604907,9.73006438858152,55.94787023434374,0.014931559294596915
0.769231,200,3.9633006794154246,2.9515092005448498,11.784685844527026,67.7619436060304,0.014931559294596906
0.769231,225,3.9633006794154246,2.7348682547757157,14.307977985512778,82.27087341669848,0.014931559294596896
0.769231,250,3.9633006794154246,2.422159414772551,17.950206169088165,103.21368547225694,0.014931559294596846
0.769231,275,3.9633006794154246,1.0,1.0,1e-06,0.014931559294596915
0.769231,300,3.9633006794154246,1.0,1.0,1e-06,0.014931559294596915
0.769231,325,3.9633006794154246,1.0,1.0,1e-06,0.014931559294596915
0.769231,350,3.9633006794154246,1.0,1.0,1e-06,0.014931559294596915
0.769231,375,3.9633006794154246,1.0,1.0,1e-06,0.014931559294596915
0.769231,400,3.9633006794154246,1.0,1.0,1e-06,0.014931559294596915
0.769231,425,3.9633006794154246,1.0,1.0,1e-06,0.014931559294596915
0.769231,450,3.9633006794154246,1.0,1.0,1e-06,0.014931559294596915
0.769231,475,3.9633006794154246,1.0,1.0,1e-06,0.014931559294596915
0.769231,500,3.9633006794154246,1.0,1.0,1e-06,0.014931559294596915
0.769231,525,3.9633006794154246,1.0,1.0,1e-06,0.014931559294596915
0.769231,550,3.9633006794154246,1.0,1.0,1e-06,0.014931559294596915
0.769231,575,3.9633006794154246,1.0,1.0,1e-06,0.014931559294596915
0.769231,600,3.9633006794154246,1.0,1.0,1e-06,0.014931559294596915
0.769231,625,3.9633006794154246,1.0,1.0,1e-06,0.014931559294596915
0.769231,650,3.9633006794154246,1.0,1.0,1e-06,0.014931559294596915
0.769231,675,3.9633006794154246,1.0,1.0,1e-06,0.014931559294596915
0.769231,700,3.9633006794154246,1.0,1.0,1e-06,0.014931559294596915
0.769231,725,3.9633006794154246,1.0,1.0,1e-06,0.014931559294596915
0.769231,750,3.9633006794154246,1.0,1.0,1e-06,0.014931559294596915
0.769231,775,3.9633006794154246,1.0,1.0,1e-06,0.014931559294596915
0.769231,800,3.9633006794154246,1.0,1.0,1e-06,0.014931559294596915
0.769231,825,3.9633006794154246,1.0,1.0,1e-06,0.014931559294596915
0.769231,850,3.9633006794154246,1.0,1.0,1e-06,0.014931559294596915
0.769231,875,3.9633006794154246,1.0,1.0,1e-06,0.014931559294596915
0.769231,900,3.9633006794154246,1.0,1.0,1e-06,0.014931559294596915
0.769231,925,3.9633006794154246,1.0,1.0,1e-06,0.014931559294596915
0.769231,950,3.9633006794154246,1.0,1.0,1e-06,0.014931559294596915
0.769231,975,3.9633006794154246,1.0,1.0,1e-06,0.014931559294596915
0.769231,1000,3.9633006794154246,1.0,1.0,1e-06,0.014931559294596915
0.769231,1025,3.9633006794154246,1.0,1.0,1e-06,0.014931559294596915
0.769231,1050,3.9633006794154246,1.0,1.0,1e-06,0.014931559294596915
0.769231,1075,3.9633006794154246,1.0,1.0,1e-06,0.014931559294596915
0.769231,1100,3.9633006794154246,1.0,1.0,1e-06,0.014931559294596915
0.769231,1125,3.9633006794154246,1.0,1.0,1e-06,0.014931559294596915
0.769231,1150,3.9633006794154246,1.0,1.0,1e-06,0.014931559294596915
0.769231,1175,3.9633006794154246,1.0,1.0,1e-06,0.014931559294596915
0.769231,1200,3.9633006794154246,1.0,1.0,1e-06,0.014931559294596915
0.769231,1225,3.9633006794154246,1.0,1.0,1e-06,0.014931559294596915
0.769231,1250,3.9633006794154246,1.0,1.0,1e-06,0.014931559294596915
0.769231,1275,3.9633006794154246,1.0,1.0,1e-06,0.014931559294596915
0.769231,1300,3.9633006794154246,1.0,1.0,1e-06,0.014931559294596915
0.769231,1325,3.9633006794154246,1.0,1.0,1e-06,0.014931559294596915
0.769231,1350,3.9633006794154246,1.0,1.0,1e-06,0.014931559294596915
0.769231,1375,3.9633006794154246,1.0,1.0,1e-06,0.014931559294596915
0.769231,1400,3.9633006794154246,1.0,1.0,1e-06,0.014931559294596915
0.769231,1425,3.9633006794154246,1.0,1.0,1e-06,0.014931559294596915
0.769231,1450,3.9633006794154246,1.0,1.0,1e-06,0.014931559294596915
0.769231,1475,3.9633006794154246,1.0,1.0,1e-06,0.014931559294596915
0.769231,1500,3.9633006794154246,1.0,1.0,1e-06,0.014931559294596915
0.769231,1525,3.9633006794154246,1.0,1.0,1e-06,0.014931559294596915
0.794872,-100,4.006832448485201,4.134615384615385,3.996881584760711,-22.982069112374088,0.014984980819691998
0.794872,-75,4.006832448485201,4.134615384615385,3.0546553756251207,-17.564268409844445,0.014984980819692
0.794872,-50,4.006832448485201,4.134615384615385,2.0774026205024394,-11.945065067889027,0.014984980819692004
0.794872,-25,4.006832448485201,4.0982434457696595,1.06089990614015,-6.100174460305863,0.014984980819691998
0.794872,0,4.006832448485201,4.006832448485201,0.0,0.0,0.014984980819692
0.794872,25,4.006832448485201,3.911046179728249,1.1116785348872114,6.392151575601465,0.014984980819692
0.794872,50,4.006832448485201,3.8101889068382495,2.2822102490264267,13.122708931901954,0.014984980819691997
0.794872,75,4.006832448485201,3.703358283867451,3.522067610279431,20.251888759106727,0.014984980819692002
0.794872,100,4.006832448485201,3.58934764949064,4.8452549170861365,27.860215773245283,0.014984980819692002
0.794872,125,4.006832448485201,3.4664794371958134,6.271241710398935,36.05963983479388,0.014984980819692002
0.794872,150,4.006832448485201,3.3322990048536965,7.828516133678847,45.01396776865337,0.014984980819692
0.794872,175,4.006832448485201,3.1829521177669893,9.561809754790557,54.980406090045705,0.014984980819692
0.794872,200,4.006832448485201,3.011721933648273,11.549077060217838,66.40719309625257,0.014984980819692009
0.794872,225,4.006832448485201,2.8047001209532336,13.951735691910416,80.2224802284849,0.014984980819692007
0.794872,250,4.006832448485201,2.520553887380248,17.24948674465936,99.18454878179134,0.014984980819692042
0.794872,275,4.006832448485201,1.0,1.0,1e-06,0.014984980819692
0.794872,300,4.006832448485201,1.0,1.0,1e-06,0.014984980819692
0.794872,325,4.006832448485201,1.0,1.0,1e-06,0.014984980819692
0.794872,350,4.006832448485201,1.0,1.0,1e-06,0.014984980819692
0.794872,375,4.006832448485201,1.0,1.0,1e-06,0.014984980819692
0.794872,400,4.006832448485201,1.0,1.0,1e-06,0.014984980819692
0.794872,425,4.006832448485201,1.0,1.0,1e-06,0.014984980819692
0.794872,450,4.006832448485201,1.0,1.0,1e-06,0.014984980819692
0.794872,475,4.006832448485201,1.0,1.0,1e-06,0.014984980819692
0.794872,500,4.006832448485201,1.0,1.0,1e-06,0.014984980819692
0.794872,525,4.006832448485201,1.0,1.0,1e-06,0.014984980819692
0.794872,550,4.006832448485201,1.0,1.0,1e-06,0.014984980819692
0.794872,575,4.006832448485201,1.0,1.0,1e-06,0.014984980819692
0.794872,600,4.006832448485201,1.0,1.0,1e-06,0.014984980819692
0.794872,625,4.006832448485201,1.0,1.0,1e-06,0.014984980819692
0.794872,650,4.006832448485201,1.0,1.0,1e-06,0.014984980819692
0.794872,675,4.006832448485201,1.0,1.0,1e-06,0.014984980819692
0.794872,700,4.006832448485201,1.0,1.0,1e-06,0.014984980819692
0.794872,725,4.006832448485201,1.0,1.0,1e-06,0.014984980819692
0.794872,750,4.006832448485201,1.0,1.0,1e-06,0.014984980819692
0.794872,775,4.006832448485201,1.0,1.0,1e-06,0.014984980819692
0.794872,800,4.006832448485201,1.0,1.0,1e-06,0.014984980819692
0.794872,825,4.006832448485201,1.0,1.0,1e-06,0.014984980819692
0.794872,850,4.006832448485201,1.0,1.0,1e-06,0.014984980819692
0.794872,875,4.006832448485201,1.0,1.0,1e-06,0.014984980819692
0.794872,900,4.006832448485201,1.0,1.0,1e-06,0.014984980819692
0.794872,925,4.006832448485201,1.0,1.0,1e-06,0.014984980819692
0.794872,950,4.006832448485201,1.0,1.0,1e-06,0.014984980819692
0.794872,975,4.006832448485201,1.0,1.0,1e-06,0.014984980819692
0.794872,1000,4.006832448485201,1.0,1.0,1e-06,0.014984980819692
0.794872,1025,4.006832448485201,1.0,1.0,1e-06,0.014984980819692
0.794872,1050,4.006832448485201,1.0,1.0,1e-06,0.014984980819692
0.794872,1075,4.006832448485201,1.0,1.0,1e-06,0.014984980819692
0.794872,1100,4.006832448485201,1.0,1.0,1e-06,0.014984980819692
0.794872,1125,4.006832448485201,1.0,1.0,1e-06,0.014984980819692
0.794872,1150,4.006832448485201,1.0,1.0,1e-06,0.014984980819692
0.794872,1175,4.006832448485201,1.0,1.0,1e-06,0.014984980819692
0.794872,1200,4.006832448485201,1.0,1.0,1e-06,0.014984980819692
0.794872,1225,4.006832448485201,1.0,1.0,1e-06,0.014984980819692
0.794872,1250,4.006832448485201,1.0,1.0,1e-06,0.014984980819692
0.794872,1275,4.006832448485201,1.0,1.0,1e-06,0.014984980819692
0.794872,1300,4.006832448485201,1.0,1.0,1e-06,0.014984980819692
0.794872,1325,4.006832448485201,1.0,1.0,1e-06,0.014984980819692
0.794872,1350,4.006832448485201,1.0,1.0,1e-06,0.014984980819692
0.794872,1375,4.006832448485201,1.0,1.0,1e-06,0.014984980819692
0.794872,1400,4.006832448485201,1.0,1.0,1e-06,0.014984980819692
0.794872,1425,4.006832448485201,1.0,1.0,1e-06,0.014984980819692
0.794872,1450,4.006832448485201,1.0,1.0,1e-06,0.014984980819692
0.794872,1475,4.006832448485201,1.0,1.0,1e-06,0.014984980819692
0.794872,1500,4.006832448485201,1.0,1.0,1e-06,0.014984980819692
0.794872,1525,4.006832448485201,1.0,1.0,1e-06,0.014984980819692
0.820513,-100,4.02186196130738,4.134615384615385,3.9860262139982297,-22.91965073048982,0.014887062421196572
0.820513,-75,4.02186196130738,4.134615384615385,3.04570821916164,-17.51282226017943,0.014887062421196568
0.820513,-50,4.02186196130738,4.134615384615385,2.070824406263482,-11.907240336015022,0.014887062421196575
0.820513,-25,4.02186196130738,4.112363817906102,1.057257159015252,-6.079228664337699,0.01488706242119657
0.820513,0,4.02186196130738,4.02186196130738,0.0,0.0,0.01488706242119657
0.820513,25,4.02186196130738,3.9270903812315483,1.1071367513556005,6.366036320294703,0.014887062421196568
0.820513,50,4.02186196130738,3.827380894054272,2.271958922986081,13.063763807169966,0.014887062421196574
0.820513,75,4.02186196130738,3.7218704089687513,3.504549279694998,20.15115835824624,0.014887062421196568
0.820513,100,4.02186196130738,3.6094106229491913,4.818322481030417,27.705354265924896,0.014887062421196574
0.820513,125,4.02186196130738,3.48841553431347,6.231806452226721,35.832887100303644,0.014887062421196568
0.820513,150,4.02186196130738,3.3565847421292507,7.771874844783707,44.688280357506315,0.01488706242119657
0.820513,175,4.02186196130738,3.210350625833562,9.480205172540401,54.51117974210731,0.014887062421196574
0.820513,200,4.02186196130738,3.0436124052535014,11.428067724922794,65.71138941830607,0.014887062421196577
0.820513,225,4.02186196130738,2.8441502580252433,13.758216420597211,79.10974441843396,0.01488706242119661
0.820513,250,4.02186196130738,2.578449970339198,16.862169663833193,96.95747556704086,0.014887062421196605
0.820513,275,4.02186196130738,1.0,1.0,1e-06,0.014887062421196568
0.820513,300,4.02186196130738,1.0,1.0,1e-06,0.014887062421196568
0.820513,325,4.02186196130738,1.0,1.0,1e-06,0.014887062421196568
0.820513,350,4.02186196130738,1.0,1.0,1e-06,0.014887062421196568
0.820513,375,4.02186196130738,1.0,1.0,1e-06,0.014887062421196568
0.820513,400,4.02186196130738,1.0,1.0,1e-06,0.014887062421196568
0.820513,425,4.02186196130738,1.0,1.0,1e-06,0.014887062421196568
0.820513,450,4.02186196130738,1.0,1.0,1e-06,0.014887062421196568
0.820513,475,4.02186196130738,1.0,1.0,1e-06,0.014887062421196568
0.820513,500,4.02186196130738,1.0,1.0,1e-06,0.014887062421196568
0.820513,525,4.02186196130738,1.0,1.0,1e-06,0.014887062421196568
0.820513,550,4.02186196130738,1.0,1.0,1e-06,0.014887062421196568
0.820513,575,4.02186196130738,1.0,1.0,1e-06,0.014887062421196568
0.820513,600,4.02186196130738,1.0,1.0,1e-06,0.014887062421196568
0.820513,625,4.02186196130738,1.0,1.0,1e-06,0.014887062421196568
0.820513,650,4.02186196130738,1.0,1.0,1e-06,0.014887062421196568
0.820513,675,4.02186196130738,1.0,1.0,1e-06,0.014887062421196568
0.820513,700,4.02186196130738,1.0,1.0,1e-06,0.014887062421196568
0.820513,725,4.02186196130738,1.0,1.0,1e-06,0.014887062421196568
0.820513,750,4.02186196130738,1.0,1.0,1e-06,0.014887062421196568
0.820513,775,4.02186196130738,1.0,1.0,1e-06,0.014887062421196568
0.820513,800,4.02186196130738,1.0,1.0,1e-06,0.014887062421196568
0.820513,825,4.02186196130738,1.0,1.0,1e-06,0.014887062421196568
0.820513,850,4.02186196130738,1.0,1.0,1e-06,0.014887062421196568
0.820513,875,4.02186196130738,1.0,1.0,1e-06,0.014887062421196568
0.820513,900,4.02186196130738,1.0,1.0,1e-06,0.014887062421196568
0.820513,925,4.02186196130738,1.0,1.0,1e-06,0.014887062421196568
0.820513,950,4.02186196130738,1.0,1.0,1e-06,0.014887062421196568
0.820513,975,4.02186196130738,1.0,1.0,1e-06,0.014887062421196568
0.820513,1000,4.02186196130738,1.0,1.0,1e-06,0.014887062421196568
0.820513,1025,4.02186196130738,1.0,1.0,1e-06,0.014887062421196568
0.820513,1050,4.02186196130738,1.0,1.0,1e-06,0.014887062421196568
0.820513,1075,4.02186196130738,1.0,1.0,1e-06,0.014887062421196568
0.820513,1100,4.02186196130738,1.0,1.0,1e-06,0.014887062421196568
0.820513,1125,4.02186196130738,1.0,1.0,1e-06,0.014887062421196568
0.820513,1150,4.02186196130738,1.0,1.0,1e-06,0.014887062421196568
0.820513,1175,4.02186196130738,1.0,1.0,1e-06,0.014887062421196568
0.820513,1200,4.02186196130738,1.0,1.0,1e-06,0.014887062421196568
0.820513,1225,4.02186196130738,1.0,1.0,1e-06,0.014887062421196568
0.820513,1250,4.02186196130738,1.0,1.0,1e-06,0.014887062421196568
0.820513,1275,4.02186196130738,1.0,1.0,1e-06,0.014887062421196568
0.820513,1300,4.02186196130738,1.0,1.0,1e-06,0.014887062421196568
0.820513,1325,4.02186196130738,1.0,1.0,1e-06,0.014887062421196568
0.820513,1350,4.02186196130738,1.0,1.0,1e-06,0.014887062421196568
0.820513,1375,4.02186196130738,1.0,1.0,1e-06,0.014887062421196568
0.820513,1400,4.02186196130738,1.0,1.0,1e-06,0.014887062421196568
0.820513,1425,4.02186196130738,1.0,1.0,1e-06,0.014887062421196568
0.820513,1450,4.02186196130738,1.0,1.0,1e-06,0.014887062421196568
0.820513,1475,4.02186196130738,1.0,1.0,1e-06,0.014887062421196568
0.820513,1500,4.02186196130738,1.0,1.0,1e-06,0.014887062421196568
0.820513,1525,4.02186196130738,1.0,1.0,1e-06,0.014887062421196568
0.8461540000000001,-100,4.029783159520712,4.134615384615385,3.9787264581164483,-22.877677134169577,0.014918034611119171
0.8461540000000001,-75,4.029783159520712,4.134615384615385,3.0400450487004265,-17.48025903002745,0.01491803461111917
0.8461540000000001,-50,4.029783159520712,4.134615384615385,2.066909185705177,-11.884727817804768,0.01491803461111917
0.8461540000000001,-25,4.029783159520712,4.120298652862173,1.0552211024645712,-6.067521339171285,0.01491803461111917
0.8461540000000001,0,4.029783159520712,4.029783159520712,0.0,0.0,0.014918034611119168
0.8461540000000001,25,4.029783159520712,3.9350054339135947,1.1049098050755055,6.353231379184157,0.014918034611119168
0.8461540000000001,50,4.029783159520712,3.8352998712250006,2.2672678710610548,13.036790258601066,0.01491803461111917
0.8461540000000001,75,4.029783159520712,3.7298071702064997,3.49709185103728,20.10827814346436,0.01491803461111917
0.8461540000000001,100,4.029783159520712,3.6173848300042586,4.807700912431153,27.644280246479134,0.014918034611119171
0.8461540000000001,125,4.029783159520712,3.4964562094000105,6.217475390178855,35.750483493528414,0.014918034611119175
0.8461540000000001,150,4.029783159520712,3.3647370844464692,7.753044552076995,44.58000617444272,0.01491803461111917
0.8461540000000001,175,4.029783159520712,3.2186905751259984,9.455641012495978,54.369935821851875,0.014918034611119162
0.8461540000000001,200,4.029783159520712,3.052283095035739,11.395603753866386,65.52472158473172,0.014918034611119142
0.8461540000000001,225,4.029783159520712,2.8534798522083964,13.713233248282597,78.85109117762494,0.014918034611119086
0.8461540000000001,250,4.029783159520712,2.5895910015535533,16.789624633187884,96.54034164083033,0.014918034611118994
0.8461540000000001,275,4.029783159520712,1.0,1.0,1e-06,0.014918034611119166
0.8461540000000001,300,4.029783159520712,1.0,1.0,1e-06,0.014918034611119166
0.8461540000000001,325,4.029783159520712,1.0,1.0,1e-06,0.014918034611119166
0.8461540000000001,350,4.029783159520712,1.0,1.0,1e-06,0.014918034611119166
0.8461540000000001,375,4.029783159520712,1.0,1.0,1e-06,0.014918034611119166
0.8461540000000001,400,4.029783159520712,1.0,1.0,1e-06,0.014918034611119166
0.8461540000000001,425,4.029783159520712,1.0,1.0,1e-06,0.014918034611119166
0.8461540000000001,450,4.029783159520712,1.0,1.0,1e-06,0.014918034611119166
0.8461540000000001,475,4.029783159520712,1.0,1.0,1e-06,0.014918034611119166
0.8461540000000001,500,4.029783159520712,1.0,1.0,1e-06,0.014918034611119166
0.8461540000000001,525,4.029783159520712,1.0,1.0,1e-06,0.014918034611119166
0.8461540000000001,550,4.029783159520712,1.0,1.0,1e-06,0.014918034611119166
0.8461540000000001,575,4.029783159520712,1.0,1.0,1e-06,0.014918034611119166
0.8461540000000001,600,4.029783159520712,1.0,1.0,1e-06,0.014918034611119166
0.8461540000000001,625,4.029783159520712,1.0,1.0,1e-06,0.014918034611119166
0.8461540000000001,650,4.029783159520712,1.0,1.0,1e-06,0.014918034611119166
0.8461540000000001,675,4.029783159520712,1.0,1.0,1e-06,0.014918034611119166
0.8461540000000001,700,4.029783159520712,1.0,1.0,1e-06,0.014918034611119166
0.8461540000000001,725,4.029783159520712,1.0,1.0,1e-06,0.014918034611119166
0.8461540000000001,750,4.029783159520712,1.0,1.0,1e-06,0.014918034611119166
0.8461540000000001,775,4.029783159520712,1.0,1.0,1e-06,0.014918034611119166
0.8461540000000001,800,4.029783159520712,1.0,1.0,1e-06,0.014918034611119166
0.8461540000000001,825,4.029783159520712,1.0,1.0,1e-06,0.014918034611119166
0.8461540000000001,850,4.029783159520712,1.0,1.0,1e-06,0.014918034611119166
0.8461540000000001,875,4.029783159520712,1.0,1.0,1e-06,0.014918034611119166
0.8461540000000001,900,4.029783159520712,1.0,1.0,1e-06,0.014918034611119166
0.8461540000000001,925,4.029783159520712,1.0,1.0,1e-06,0.014918034611119166
0.8461540000000001,950,4.029783159520712,1.0,1.0,1e-06,0.014918034611119166
0.8461540000000001,975,4.029783159520712,1.0,1.0,1e-06,0.014918034611119166
0.8461540000000001,1000,4.029783159520712,1.0,1.0,1e-06,0.014918034611119166
0.8461540000000001,1025,4.029783159520712,1.0,1.0,1e-06,0.014918034611119166
0.8461540000000001,1050,4.029783159520712,1.0,1.0,1e-06,0.014918034611119166
0.8461540000000001,1075,4.029783159520712,1.0,1.0,1e-06,0.014918034611119166
0.8461540000000001,1100,4.029783159520712,1.0,1.0,1e-06,0.014918034611119166
0.8461540000000001,1125,4.029783159520712,1.0,1.0,1e-06,0.014918034611119166
0.8461540000000001,1150,4.029783159520712,1.0,1.0,1e-06,0.014918034611119166
0.8461540000000001,1175,4.029783159520712,1.0,1.0,1e-06,0.014918034611119166
0.8461540000000001,1200,4.029783159520712,1.0,1.0,1e-06,0.014918034611119166
0.8461540000000001,1225,4.029783159520712,1.0,1.0,1e-06,0.014918034611119166
0.8461540000000001,1250,4.029783159520712,1.0,1.0,1e-06,0.014918034611119166
0.8461540000000001,1275,4.029783159520712,1.0,1.0,1e-06,0.014918034611119166
0.8461540000000001,1300,4.029783159520712,1.0,1.0,1e-06,0.014918034611119166
0.8461540000000001,1325,4.029783159520712,1.0,1.0,1e-06,0.014918034611119166
0.8461540000000001,1350,4.029783159520712,1.0,1.0,1e-06,0.014918034611119166
0.8461540000000001,1375,4.029783159520712,1.0,1.0,1e-06,0.014918034611119166
0.8461540000000001,1400,4.029783159520712,1.0,1.0,1e-06,0.014918034611119166
0.8461540000000001,1425,4.029783159520712,1.0,1.0,1e-06,0.014918034611119166
0.8461540000000001,1450,4.029783159520712,1.0,1.0,1e-06,0.014918034611119166
0.8461540000000001,1475,4.029783159520712,1.0,1.0,1e-06,0.014918034611119166
0.8461540000000001,1500,4.029783159520712,1.0,1.0,1e-06,0.014918034611119166
0.8461540000000001,1525,4.029783159520712,1.0,1.0,1e-06,0.014918034611119166
0.8717950000000001,-100,4.049088363183473,4.134615384615385,3.9603995871875464,-22.772297626328392,0.015027559216263918
0.8717950000000001,-75,4.049088363183473,4.134615384615385,3.0259393161292207,-17.39915106774302,0.015027559216263921
0.8717950000000001,-50,4.049088363183473,4.134615384615385,2.0572410387258704,-11.829135972673754,0.015027559216263914
0.8717950000000001,-25,4.049088363183473,4.134615384615385,1.0502406231655244,-6.038883583201765,0.015027559216263914
0.8717950000000001,0,4.049088363183473,4.049088363183473,0.0,0.0,0.01502755921626391
0.8717950000000001,25,4.049088363183473,3.9540752548865816,1.0995810162144297,6.322590843232971,0.015027559216263914
0.8717950000000001,50,4.049088363183473,3.8541346227571243,2.2561879708530914,12.973080832405275,0.015027559216263912
0.8717950000000001,75,4.049088363183473,3.7484096641619864,3.479736589513255,20.008485389701217,0.015027559216263918
0.8717950000000001,100,4.049088363183473,3.6357621127204096,4.783399960899332,27.504549775171157,0.01502755921626392
0.8717950000000001,125,4.049088363183473,3.5146227839426203,6.1853381632028706,35.56569443841651,0.015027559216263925
0.8717950000000001,150,4.049088363183473,3.382721364722629,7.711825394131496,44.3429960162561,0.015027559216263918
0.8717950000000001,175,4.049088363183473,3.2365492477407076,9.403466556222131,54.069932698277256,0.0150275592162639
0.8717950000000001,200,4.049088363183473,3.0701384145349837,11.329329169975058,65.14364272735658,0.015027559216263885
0.8717950000000001,225,4.049088363183473,2.871644128208187,13.626491666648407,78.35232708322835,0.015027559216263826
0.8717950000000001,250,4.049088363183473,2.609257221595991,16.663079634199917,95.81270789664953,0.01502755921626375
0.8717950000000001,275,4.049088363183473,1.0,1.0,1e-06,0.015027559216263909
0.8717950000000001,300,4.049088363183473,1.0,1.0,1e-06,0.015027559216263909
0.8717950000000001,325,4.049088363183473,1.0,1.0,1e-06,0.015027559216263909
0.8717950000000001,350,4.049088363183473,1.0,1.0,1e-06,0.015027559216263909
0.8717950000000001,375,4.049088363183473,1.0,1.0,1e-06,0.015027559216263909
0.8717950000000001,400,4.049088363183473,1.0,1.0,1e-06,0.015027559216263909
0.8717950000000001,425,4.049088363183473,1.0,1.0,1e-06,0.015027559216263909
0.8717950000000001,450,4.049088363183473,1.0,1.0,1e-06,0.015027559216263909
0.8717950000000001,475,4.049088363183473,1.0,1.0,1e-06,0.015027559216263909
0.8717950000000001,500,4.049088363183473,1.0,1.0,1e-06,0.015027559216263909
0.8717950000000001,525,4.049088363183473,1.0,1.0,1e-06,0.015027559216263909
0.8717950000000001,550,4.049088363183473,1.0,1.0,1e-06,0.015027559216263909
0.8717950000000001,575,4.049088363183473,1.0,1.0,1e-06,0.015027559216263909
0.8717950000000001,600,4.049088363183473,1.0,1.0,1e-06,0.015027559216263909
0.8717950000000001,625,4.049088363183473,1.0,1.0,1e-06,0.015027559216263909
0.8717950000000001,650,4.049088363183473,1.0,1.0,1e-06,0.015027559216263909
0.8717950000000001,675,4.049088363183473,1.0,1.0,1e-06,0.015027559216263909
0.8717950000000001,700,4.049088363183473,1.0,1.0,1e-06,0.015027559216263909
0.8717950000000001,725,4.049088363183473,1.0,1.0,1e-06,0.015027559216263909
0.8717950000000001,750,4.049088363183473,1.0,1.0,1e-06,0.015027559216263909
0.8717950000000001,775,4.049088363183473,1.0,1.0,1e-06,0.015027559216263909
0.8717950000000001,800,4.049088363183473,1.0,1.0,1e-06,0.015027559216263909
0.8717950000000001,825,4.049088363183473,1.0,1.0,1e-06,0.015027559216263909
0.8717950000000001,850,4.049088363183473,1.0,1.0,1e-06,0.015027559216263909
0.8717950000000001,875,4.049088363183473,1.0,1.0,1e-06,0.015027559216263909
0.8717950000000001,900,4.049088363183473,1.0,1.0,1e-06,0.015027559216263909
0.8717950000000001,925,4.049088363183473,1.0,1.0,1e-06,0.015027559216263909
0.8717950000000001,950,4.049088363183473,1.0,1.0,1e-06,0.015027559216263909
0.8717950000000001,975,4.049088363183473,1.0,1.0,1e-06,0.015027559216263909
0.8717950000000001,1000,4.049088363183473,1.0,1.0,1e-06,0.015027559216263909
0.8717950000000001,1025,4.049088363183473,1.0,1.0,1e-06,0.015027559216263909
0.8717950000000001,1050,4.049088363183473,1.0,1.0,1e-06,0.015027559216263909
0.8717950000000001,1075,4.049088363183473,1.0,1.0,1e-06,0.015027559216263909
0.8717950000000001,1100,4.049088363183473,1.0,1.0,1e-06,0.015027559216263909
0.8717950000000001,1125,4.049088363183473,1.0,1.0,1e-06,0.015027559216263909
0.8717950000000001,1150,4.049088363183473,1.0,1.0,1e-06,0.015027559216263909
0.8717950000000001,1175,4.049088363183473,1.0,1.0,1e-06,0.015027559216263909
0.8717950000000001,1200,4.049088363183473,1.0,1.0,1e-06,0.015027559216263909
0.8717950000000001,1225,4.049088363183473,1.0,1.0,1e-06,0.015027559216263909
0.8717950000000001,1250,4.049088363183473,1.0,1.0,1e-06,0.015027559216263909
0.8717950000000001,1275,4.049088363183473,1.0,1.0,1e-06,0.015027559216263909
0.8717950000000001,1300,4.049088363183473,1.0,1.0,1e-06,0.015027559216263909
0.8717950000000001,1325,4.049088363183473,1.0,1.0,1e-06,0.015027559216263909
0.8717950000000001,1350,4.049088363183473,1.0,1.0,1e-06,0.015027559216263909
0.8717950000000001,1375,4.049088363183473,1.0,1.0,1e-06,0.015027559216263909
0.8717950000000001,1400,4.049088363183473,1.0,1.0,1e-06,0.015027559216263909
0.8717950000000001,1425,4.049088363183473,1.0,1.0,1e-06,0.015027559216263909
0.8717950000000001,1450,4.049088363183473,1.0,1.0,1e-06,0.015027559216263909
0.8717950000000001,1475,4.049088363183473,1.0,1.0,1e-06,0.015027559216263909
0.8717950000000001,1500,4.049088363183473,1.0,1.0,1e-06,0.015027559216263909
0.8717950000000001,1525,4.049088363183473,1.0,1.0,1e-06,0.015027559216263909
0.897436,-100,4.070548387150913,4.134615384615385,3.941585571900426,-22.66411703842745,0.015077252961127115
0.897436,-75,4.070548387150913,4.134615384615385,3.0112344879279247,-17.314598305585566,0.015077252961127116
0.897436,-50,4.070548387150913,4.134615384615385,2.046993851361455,-11.770214645328366,0.015077252961127118
0.897436,-25,4.070548387150913,4.134615384615385,1.0448661211726955,-6.0079801967429995,0.015077252961127116
0.897436,0,4.070548387150913,4.070548387150913,0.0,0.0,0.01507725296112711
0.897436,25,4.070548387150913,3.975740559943615,1.0935889858512764,6.28813666864484,0.015077252961127116
0.897436,50,4.070548387150913,3.8760561999460825,2.2434277846729893,12.899709761869689,0.015077252961127122
0.897436,75,4.070548387150913,3.770655152025125,3.459207414887632,19.890442635603883,0.015077252961127116
0.897436,100,4.070548387150913,3.658424139489731,4.753769296485068,27.334173454789138,0.015077252961127115
0.897436,125,4.070548387150913,3.537833484549804,6.144757951362132,35.33235822033226,0.015077252961127118
0.897436,150,4.070548387150913,3.4066797130572604,7.657590005233538,44.03114253009284,0.015077252961127115
0.897436,175,4.070548387150913,3.2615783054649095,9.33130520205537,53.65500491181838,0.01507725296112711
0.897436,200,4.070548387150913,3.096825158347663,11.231699213594199,64.58227047816665,0.015077252961127108
0.897436,225,4.070548387150913,2.9012759988741665,13.487318958207759,77.55208400969461,0.01507725296112711
0.897436,250,4.070548387150913,2.646034214166556,16.431480982667466,94.48101565033792,0.015077252961127137
0.897436,275,4.070548387150913,1.0,1.0,1e-06,0.015077252961127111
0.897436,300,4.070548387150913,1.0,1.0,1e-06,0.015077252961127111
0.897436,325,4.070548387150913,1.0,1.0,1e-06,0.015077252961127111
0.897436,350,4.070548387150913,1.0,1.0,1e-06,0.015077252961127111
0.897436,375,4.070548387150913,1.0,1.0,1e-06,0.015077252961127111
0.897436,400,4.070548387150913,1.0,1.0,1e-06,0.015077252961127111
0.897436,425,4.070548387150913,1.0,1.0,1e-06,0.015077252961127111
0.897436,450,4.070548387150913,1.0,1.0,1e-06,0.015077252961127111
0.897436,475,4.070548387150913,1.0,1.0,1e-06,0.015077252961127111
0.897436,500,4.070548387150913,1.0,1.0,1e-06,0.015077252961127111
0.897436,525,4.070548387150913,1.0,1.0,1e-06,0.015077252961127111
0.897436,550,4.070548387150913,1.0,1.0,1e-06,0.015077252961127111
0.897436,575,4.070548387150913,1.0,1.0,1e-06,0.015077252961127111
0.897436,600,4.070548387150913,1.0,1.0,1e-06,0.015077252961127111
0.897436,625,4.070548387150913,1.0,1.0,1e-06,0.015077252961127111
0.897436,650,4.070548387150913,1.0,1.0,1e-06,0.015077252961127111
0.897436,675,4.070548387150913,1.0,1.0,1e-06,0.015077252961127111
0.897436,700,4.070548387150913,1.0,1.0,1e-06,0.015077252961127111
0.897436,725,4.070548387150913,1.0,1.0,1e-06,0.015077252961127111
0.897436,750,4.070548387150913,1.0,1.0,1e-06,0.015077252961127111
0.897436,775,4.070548387150913,1.0,1.0,1e-06,0.015077252961127111
0.897436,800,4.070548387150913,1.0,1.0,1e-06,0.015077252961127111
0.897436,825,4.070548387150913,1.0,1.0,1e-06,0.015077252961127111
0.897436,850,4.070548387150913,1.0,1.0,1e-06,0.015077252961127111
0.897436,875,4.070548387150913,1.0,1.0,1e-06,0.015077252961127111
0.897436,900,4.070548387150913,1.0,1.0,1e-06,0.015077252961127111
0.897436,925,4.070548387150913,1.0,1.0,1e-06,0.015077252961127111
0.897436,950,4.070548387150913,1.0,1.0,1e-06,0.015077252961127111
0.897436,975,4.070548387150913,1.0,1.0,1e-06,0.015077252961127111
0.897436,1000,4.070548387150913,1.0,1.0,1e-06,0.015077252961127111
0.897436,1025,4.070548387150913,1.0,1.0,1e-06,0.015077252961127111
0.897436,1050,4.070548387150913,1.0,1.0,1e-06,0.015077252961127111
0.897436,1075,4.070548387150913,1.0,1.0,1e-06,0.015077252961127111
0.897436,1100,4.070548387150913,1.0,1.0,1e-06,0.015077252961127111
0.897436,1125,4.070548387150913,1.0,1.0,1e-06,0.015077252961127111
0.897436,1150,4.070548387150913,1.0,1.0,1e-06,0.015077252961127111
0.897436,1175,4.070548387150913,1.0,1.0,1e-06,0.015077252961127111
0.897436,1200,4.070548387150913,1.0,1.0,1e-06,0.015077252961127111
0.897436,1225,4.070548387150913,1.0,1.0,1e-06,0.015077252961127111
0.897436,1250,4.070548387150913,1.0,1.0,1e-06,0.015077252961127111
0.897436,1275,4.070548387150913,1.0,1.0,1e-06,0.015077252961127111
0.897436,1300,4.070548387150913,1.0,1.0,1e-06,0.015077252961127111
0.897436,1325,4.070548387150913,1.0,1.0,1e-06,0.015077252961127111
0.897436,1350,4.070548387150913,1.0,1.0,1e-06,0.015077252961127111
0.897436,1375,4.070548387150913,1.0,1.0,1e-06,0.015077252961127111
0.897436,1400,4.070548387150913,1.0,1.0,1e-06,0.015077252961127111
0.897436,1425,4.070548387150913,1.0,1.0,1e-06,0.015077252961127111
0.897436,1450,4.070548387150913,1.0,1.0,1e-06,0.015077252961127111
0.897436,1475,4.070548387150913,1.0,1.0,1e-06,0.015077252961127111
0.897436,1500,4.070548387150913,1.0,1.0,1e-06,0.015077252961127111
0.897436,1525,4.070548387150913,1.0,1.0,1e-06,0.015077252961127111
0.923077,-100,4.076605263869379,4.134615384615385,3.93808513853632,-22.64398954658384,0.014996370710013035
0.923077,-75,4.076605263869379,4.134615384615385,3.0081834291713974,-17.297054717735534,0.014996370710013035
0.923077,-50,4.076605263869379,4.134615384615385,2.0446347069203816,-11.756649564792195,0.014996370710013035
0.923077,-25,4.076605263869379,4.134615384615385,1.0434986517308646,-6.000117247452472,0.01499637071001304
0.923077,0,4.076605263869379,4.076605263869379,0.0,0.0,0.014996370710013036
0.923077,25,4.076605263869379,3.982465267004491,1.091742374498309,6.277518653365276,0.014996370710013035
0.923077,50,4.076605263869379,3.8835286570739482,2.2391111130527372,12.87488890005324,0.014996370710013038
0.923077,75,4.076605263869379,3.7789777354795477,3.4515890735234422,19.84663717275979,0.014996370710013035
0.923077,100,4.076605263869379,3.6677321481613276,4.741705131478737,27.264804506002736,0.01499637071001304
0.923077,125,4.076605263869379,3.5483129897138177,6.126610165958314,35.228008454260305,0.014996370710013038
0.923077,150,4.076605263869379,3.4186004305455273,7.630887859443777,43.87760519180172,0.014996370710013036
0.923077,175,4.076605263869379,3.2753607328740104,9.29203989753832,53.42922941084534,0.014996370710013038
0.923077,200,4.076605263869379,3.113199593205524,11.172624065467662,64.24258837643906,0.014996370710013033
0.923077,225,4.076605263869379,2.9217584653519295,13.392768514797606,77.00841896008623,0.014996370710013028
0.923077,250,4.076605263869379,2.6751581429013673,16.252594630689938,93.45241912646713,0.01499637071001301
0.923077,275,4.076605263869379,2.2134473552302714,21.60705871025618,124.24058758397302,0.014996370710013075
0.923077,300,4.076605263869379,1.0,1.0,1e-06,0.014996370710013033
0.923077,325,4.076605263869379,1.0,1.0,1e-06,0.014996370710013033
0.923077,350,4.076605263869379,1.0,1.0,1e-06,0.014996370710013033
0.923077,375,4.076605263869379,1.0,1.0,1e-06,0.014996370710013033
0.923077,400,4.076605263869379,1.0,1.0,1e-06,0.014996370710013033
0.923077,425,4.076605263869379,1.0,1.0,1e-06,0.014996370710013033
0.923077,450,4.076605263869379,1.0,1.0,1e-06,0.014996370710013033
0.923077,475,4.076605263869379,1.0,1.0,1e-06,0.014996370710013033
0.923077,500,4.076605263869379,1.0,1.0,1e-06,0.014996370710013033
0.923077,525,4.076605263869379,1.0,1.0,1e-06,0.014996370710013033
0.923077,550,4.076605263869379,1.0,1.0,1e-06,0.014996370710013033
0.923077,575,4.076605263869379,1.0,1.0,1e-06,0.014996370710013033
0.923077,600,4.076605263869379,1.0,1.0,1e-06,0.014996370710013033
0.923077,625,4.076605263869379,1.0,1.0,1e-06,0.014996370710013033
0.923077,650,4.076605263869379,1.0,1.0,1e-06,0.014996370710013033
0.923077,675,4.076605263869379,1.0,1.0,1e-06,0.014996370710013033
0.923077,700,4.076605263869379,1.0,1.0,1e-06,0.014996370710013033
0.923077,725,4.076605263869379,1.0,1.0,1e-06,0.014996370710013033
0.923077,750,4.076605263869379,1.0,1.0,1e-06,0.014996370710013033
0.923077,775,4.076605263869379,1.0,1.0,1e-06,0.014996370710013033
0.923077,800,4.076605263869379,1.0,1.0,1e-06,0.014996370710013033
0.923077,825,4.076605263869379,1.0,1.0,1e-06,0.014996370710013033
0.923077,850,4.076605263869379,1.0,1.0,1e-06,0.014996370710013033
0.923077,875,4.076605263869379,1.0,1.0,1e-06,0.014996370710013033
0.923077,900,4.076605263869379,1.0,1.0,1e-06,0.014996370710013033
0.923077,925,4.076605263869379,1.0,1.0,1e-06,0.014996370710013033
0.923077,950,4.076605263869379,1.0,1.0,1e-06,0.014996370710013033
0.923077,975,4.076605263869379,1.0,1.0,1e-06,0.014996370710013033
0.923077,1000,4.076605263869379,1.0,1.0,1e-06,0.014996370710013033
0.923077,1025,4.076605263869379,1.0,1.0,1e-06,0.014996370710013033
0.923077,1050,4.076605263869379,1.0,1.0,1e-06,0.014996370710013033
0.923077,1075,4.076605263869379,1.0,1.0,1e-06,0.014996370710013033
0.923077,1100,4.076605263869379,1.0,1.0,1e-06,0.014996370710013033
0.923077,1125,4.076605263869379,1.0,1.0,1e-06,0.014996370710013033
0.923077,1150,4.076605263869379,1.0,1.0,1e-06,0.014996370710013033
0.923077,1175,4.076605263869379,1.0,1.0,1e-06,0.014996370710013033
0.923077,1200,4.076605263869379,1.0,1.0,1e-06,0.014996370710013033
0.923077,1225,4.076605263869379,1.0,1.0,1e-06,0.014996370710013033
0.923077,1250,4.076605263869379,1.0,1.0,1e-06,0.014996370710013033
0.923077,1275,4.076605263869379,1.0,1.0,1e-06,0.014996370710013033
0.923077,1300,4.076605263869379,1.0,1.0,1e-06,0.014996370710013033
0.923077,1325,4.076605263869379,1.0,1.0,1e-06,0.014996370710013033
0.923077,1350,4.076605263869379,1.0,1.0,1e-06,0.014996370710013033
0.923077,1375,4.076605263869379,1.0,1.0,1e-06,0.014996370710013033
0.923077,1400,4.076605263869379,1.0,1.0,1e-06,0.014996370710013033
0.923077,1425,4.076605263869379,1.0,1.0,1e-06,0.014996370710013033
0.923077,1450,4.076605263869379,1.0,1.0,1e-06,0.014996370710013033
0.923077,1475,4.076605263869379,1.0,1.0,1e-06,0.014996370710013033
0.923077,1500,4.076605263869379,1.0,1.0,1e-06,0.014996370710013033
0.923077,1525,4.076605263869379,1.0,1.0,1e-06,0.014996370710013033
0.9487180000000001,-100,4.080009771783083,4.134615384615385,3.940884470452519,-22.660085705101984,0.014697040731918529
0.9487180000000001,-75,4.080009771783083,4.134615384615385,3.0093457962389754,-17.30373832837411,0.014697040731918532
0.9487180000000001,-50,4.080009771783083,4.134615384615385,2.0446876569337618,-11.75695402736913,0.014697040731918529
0.9487180000000001,-25,4.080009771783083,4.134615384615385,1.043104308587193,-5.997849774376359,0.014697040731918526
0.9487180000000001,0,4.080009771783083,4.080009771783083,0.0,0.0,0.014697040731918526
0.9487180000000001,25,4.080009771783083,3.987873956482119,1.0902616618284333,6.269004555513491,0.014697040731918529
0.9487180000000001,50,4.080009771783083,3.891158012422525,2.23472090985567,12.849645231670104,0.014697040731918536
0.9487180000000001,75,4.080009771783083,3.7891023330246254,3.442366321750328,19.793606350064387,0.014697040731918532
0.9487180000000001,100,4.080009771783083,3.6807107892360467,4.72498529324434,27.168665436154956,0.014697040731918532
0.9487180000000001,125,4.080009771783083,3.564632657831809,6.098561204341726,35.066726924964925,0.014697040731918536
0.9487180000000001,150,4.080009771783083,3.438955858825755,7.585720082678417,43.6178904754009,0.014697040731918529
0.9487180000000001,175,4.080009771783083,3.3008132798894634,9.220389045973192,53.01723701434585,0.014697040731918527
0.9487180000000001,200,4.080009771783083,3.1455417636471665,11.057748174776332,63.582052004963906,0.014697040731918529
0.9487180000000001,225,4.080009771783083,2.964551136643601,13.199446721944998,75.89681865118374,0.014697040731918541
0.9487180000000001,250,4.080009771783083,2.7381164468055013,15.87889401865663,91.30364060727563,0.014697040731918545
0.9487180000000001,275,4.080009771783083,2.3863193862863636,20.04177949999795,115.24023212498822,0.014697040731918715
0.9487180000000001,300,4.080009771783083,1.0,1.0,1e-06,0.014697040731918526
0.9487180000000001,325,4.080009771783083,1.0,1.0,1e-06,0.014697040731918526
0.9487180000000001,350,4.080009771783083,1.0,1.0,1e-06,0.014697040731918526
0.9487180000000001,375,4.080009771783083,1.0,1.0,1e-06,0.014697040731918526
0.9487180000000001,400,4.080009771783083,1.0,1.0,1e-06,0.014697040731918526
0.9487180000000001,425,4.080009771783083,1.0,1.0,1e-06,0.014697040731918526
0.9487180000000001,450,4.080009771783083,1.0,1.0,1e-06,0.014697040731918526
0.9487180000000001,475,4.080009771783083,1.0,1.0,1e-06,0.014697040731918526
0.9487180000000001,500,4.080009771783083,1.0,1.0,1e-06,0.014697040731918526
0.9487180000000001,525,4.080009771783083,1.0,1.0,1e-06,0.014697040731918526
0.9487180000000001,550,4.080009771783083,1.0,1.0,1e-06,0.014697040731918526
0.9487180000000001,575,4.080009771783083,1.0,1.0,1e-06,0.014697040731918526
0.9487180000000001,600,4.080009771783083,1.0,1.0,1e-06,0.014697040731918526
0.9487180000000001,625,4.080009771783083,1.0,1.0,1e-06,0.014697040731918526
0.9487180000000001,650,4.080009771783083,1.0,1.0,1e-06,0.014697040731918526
0.9487180000000001,675,4.080009771783083,1.0,1.0,1e-06,0.014697040731918526
0.9487180000000001,700,4.080009771783083,1.0,1.0,1e-06,0.014697040731918526
0.9487180000000001,725,4.080009771783083,1.0,1.0,1e-06,0.014697040731918526
0.9487180000000001,750,4.080009771783083,1.0,1.0,1e-06,0.014697040731918526
0.9487180000000001,775,4.080009771783083,1.0,1.0,1e-06,0.014697040731918526
0.9487180000000001,800,4.080009771783083,1.0,1.0,1e-06,0.014697040731918526
0.9487180000000001,825,4.080009771783083,1.0,1.0,1e-06,0.014697040731918526
0.9487180000000001,850,4.080009771783083,1.0,1.0,1e-06,0.014697040731918526
0.9487180000000001,875,4.080009771783083,1.0,1.0,1e-06,0.014697040731918526
0.9487180000000001,900,4.080009771783083,1.0,1.0,1e-06,0.014697040731918526
0.9487180000000001,925,4.080009771783083,1.0,1.0,1e-06,0.014697040731918526
0.9487180000000001,950,4.080009771783083,1.0,1.0,1e-06,0.014697040731918526
0.9487180000000001,975,4.080009771783083,1.0,1.0,1e-06,0.014697040731918526
0.9487180000000001,1000,4.080009771783083,1.0,1.0,1e-06,0.014697040731918526
0.9487180000000001,1025,4.080009771783083,1.0,1.0,1e-06,0.014697040731918526
0.9487180000000001,1050,4.080009771783083,1.0,1.0,1e-06,0.014697040731918526
0.9487180000000001,1075,4.080009771783083,1.0,1.0,1e-06,0.014697040731918526
0.9487180000000001,1100,4.080009771783083,1.0,1.0,1e-06,0.014697040731918526
0.9487180000000001,1125,4.080009771783083,1.0,1.0,1e-06,0.014697040731918526
0.9487180000000001,1150,4.080009771783083,1.0,1.0,1e-06,0.014697040731918526
0.9487180000000001,1175,4.080009771783083,1.0,1.0,1e-06,0.014697040731918526
0.9487180000000001,1200,4.080009771783083,1.0,1.0,1e-06,0.014697040731918526
0.9487180000000001,1225,4.080009771783083,1.0,1.0,1e-06,0.014697040731918526
0.9487180000000001,1250,4.080009771783083,1.0,1.0,1e-06,0.014697040731918526
0.9487180000000001,1275,4.080009771783083,1.0,1.0,1e-06,0.014697040731918526
0.9487180000000001,1300,4.080009771783083,1.0,1.0,1e-06,0.014697040731918526
0.9487180000000001,1325,4.080009771783083,1.0,1.0,1e-06,0.014697040731918526
0.9487180000000001,1350,4.080009771783083,1.0,1.0,1e-06,0.014697040731918526
0.9487180000000001,1375,4.080009771783083,1.0,1.0,1e-06,0.014697040731918526
0.9487180000000001,1400,4.080009771783083,1.0,1.0,1e-06,0.014697040731918526
0.9487180000000001,1425,4.080009771783083,1.0,1.0,1e-06,0.014697040731918526
0.9487180000000001,1450,4.080009771783083,1.0,1.0,1e-06,0.014697040731918526
0.9487180000000001,1475,4.080009771783083,1.0,1.0,1e-06,0.014697040731918526
0.9487180000000001,1500,4.080009771783083,1.0,1.0,1e-06,0.014697040731918526
0.9487180000000001,1525,4.080009771783083,1.0,1.0,1e-06,0.014697040731918526
0.9743590000000001,-100,4.1178030259783,4.134615384615385,3.9240782212470293,-22.56344977217042,0.013922665978191563
0.9743590000000001,-75,4.1178030259783,4.134615384615385,2.9933816018666004,-17.211944210732952,0.013922665978191561
0.9743590000000001,-50,4.1178030259783,4.134615384615385,2.0314882069607756,-11.68105719002446,0.01392266597819156
0.9743590000000001,-25,4.1178030259783,4.134615384615385,1.0350333101869935,-5.951441533575212,0.013922665978191556
0.9743590000000001,0,4.1178030259783,4.1178030259783,0.0,0.0,0.013922665978191555
0.9743590000000001,25,4.1178030259783,4.031465527345648,1.0784728425593586,6.201218844716312,0.01392266597819156
0.9743590000000001,50,4.1178030259783,3.941171988048309,2.206362016243594,12.686581593400666,0.013922665978191558
0.9743590000000001,75,4.1178030259783,3.8463229775085406,3.3911552246500363,19.499142541737708,0.013922665978191558
0.9743590000000001,100,4.1178030259783,3.7461504105646837,4.642446896627566,26.6940696556085,0.01392266597819156
0.9743590000000001,125,4.1178030259783,3.6396425395064806,5.972875137823382,34.34403204248445,0.013922665978191563
0.9743590000000001,150,4.1178030259783,3.525419683166484,7.399674043434222,42.548125749746774,0.01392266597819156
0.9743590000000001,175,4.1178030259783,3.401514224833295,8.947421823640099,51.44767548593057,0.013922665978191556
0.9743590000000001,200,4.1178030259783,3.2649455605059474,10.65335027830055,61.25676410022817,0.013922665978191556
0.9743590000000001,225,4.1178030259783,3.110792949923547,12.578926149221983,72.3288253580264,0.013922665978191553
0.9743590000000001,250,4.1178030259783,2.929768291343402,14.840170466050374,85.33098017978965,0.013922665978191582
0.9743590000000001,275,4.1178030259783,2.6994811693835206,17.716769984894455,101.87142741314312,0.013922665978191565
0.9743590000000001,300,4.1178030259783,2.308452403052715,22.601251372773845,129.9571953934496,0.013922665978191643
0.9743590000000001,325,4.1178030259783,1.0,1.0,1e-06,0.013922665978191558
0.9743590000000001,350,4.1178030259783,1.0,1.0,1e-06,0.013922665978191558
0.9743590000000001,375,4.1178030259783,1.0,1.0,1e-06,0.013922665978191558
0.9743590000000001,400,4.1178030259783,1.0,1.0,1e-06,0.013922665978191558
0.9743590000000001,425,4.1178030259783,1.0,1.0,1e-06,0.013922665978191558
0.9743590000000001,450,4.1178030259783,1.0,1.0,1e-06,0.013922665978191558
0.9743590000000001,475,4.1178030259783,1.0,1.0,1e-06,0.013922665978191558
0.9743590000000001,500,4.1178030259783,1.0,1.0,1e-06,0.013922665978191558
0.9743590000000001,525,4.1178030259783,1.0,1.0,1e-06,0.013922665978191558
0.9743590000000001,550,4.1178030259783,1.0,1.0,1e-06,0.013922665978191558
0.9743590000000001,575,4.1178030259783,1.0,1.0,1e-06,0.013922665978191558
0.9743590000000001,600,4.1178030259783,1.0,1.0,1e-06,0.013922665978191558
0.9743590000000001,625,4.1178030259783,1.0,1.0,1e-06,0.013922665978191558
0.9743590000000001,650,4.1178030259783,1.0,1.0,1e-06,0.013922665978191558
0.9743590000000001,675,4.1178030259783,1.0,1.0,1e-06,0.013922665978191558
0.9743590000000001,700,4.1178030259783,1.0,1.0,1e-06,0.013922665978191558
0.9743590000000001,725,4.1178030259783,1.0,1.0,1e-06,0.013922665978191558
0.9743590000000001,750,4.1178030259783,1.0,1.0,1e-06,0.013922665978191558
0.9743590000000001,775,4.1178030259783,1.0,1.0,1e-06,0.013922665978191558
0.9743590000000001,800,4.1178030259783,1.0,1.0,1e-06,0.013922665978191558
0.9743590000000001,825,4.1178030259783,1.0,1.0,1e-06,0.013922665978191558
0.9743590000000001,850,4.1178030259783,1.0,1.0,1e-06,0.013922665978191558
0.9743590000000001,875,4.1178030259783,1.0,1.0,1e-06,0.013922665978191558
0.9743590000000001,900,4.1178030259783,1.0,1.0,1e-06,0.013922665978191558
0.9743590000000001,925,4.1178030259783,1.0,1.0,1e-06,0.013922665978191558
0.9743590000000001,950,4.1178030259783,1.0,1.0,1e-06,0.013922665978191558
0.9743590000000001,975,4.1178030259783,1.0,1.0,1e-06,0.013922665978191558
0.9743590000000001,1000,4.1178030259783,1.0,1.0,1e-06,0.013922665978191558
0.9743590000000001,1025,4.1178030259783,1.0,1.0,1e-06,0.013922665978191558
0.9743590000000001,1050,4.1178030259783,1.0,1.0,1e-06,0.013922665978191558
0.9743590000000001,1075,4.1178030259783,1.0,1.0,1e-06,0.013922665978191558
0.9743590000000001,1100,4.1178030259783,1.0,1.0,1e-06,0.013922665978191558
0.9743590000000001,1125,4.1178030259783,1.0,1.0,1e-06,0.013922665978191558
0.9743590000000001,1150,4.1178030259783,1.0,1.0,1e-06,0.013922665978191558
0.9743590000000001,1175,4.1178030259783,1.0,1.0,1e-06,0.013922665978191558
0.9743590000000001,1200,4.1178030259783,1.0,1.0,1e-06,0.013922665978191558
0.9743590000000001,1225,4.1178030259783,1.0,1.0,1e-06,0.013922665978191558
0.9743590000000001,1250,4.1178030259783,1.0,1.0,1e-06,0.013922665978191558
0.9743590000000001,1275,4.1178030259783,1.0,1.0,1e-06,0.013922665978191558
0.9743590000000001,1300,4.1178030259783,1.0,1.0,1e-06,0.013922665978191558
0.9743590000000001,1325,4.1178030259783,1.0,1.0,1e-06,0.013922665978191558
0.9743590000000001,1350,4.1178030259783,1.0,1.0,1e-06,0.013922665978191558
0.9743590000000001,1375,4.1178030259783,1.0,1.0,1e-06,0.013922665978191558
0.9743590000000001,1400,4.1178030259783,1.0,1.0,1e-06,0.013922665978191558
0.9743590000000001,1425,4.1178030259783,1.0,1.0,1e-06,0.013922665978191558
0.9743590000000001,1450,4.1178030259783,1.0,1.0,1e-06,0.013922665978191558
0.9743590000000001,1475,4.1178030259783,1.0,1.0,1e-06,0.013922665978191558
0.9743590000000001,1500,4.1178030259783,1.0,1.0,1e-06,0.013922665978191558
0.9743590000000001,1525,4.1178030259783,1.0,1.0,1e-06,0.013922665978191558
1.0,-100,4.157,4.134615384615385,3.8987697548904348,-22.41792609062,0.013547904807717856
1.0,-75,4.157,4.134615384615385,2.9721723766016668,-17.089991165459583,0.013547904807717854
1.0,-50,4.157,4.134615384615385,2.015671843997624,-11.590113102986338,0.013547904807717859
1.0,-25,4.157,4.134615384615385,1.0261714554552974,-5.9004858688679604,0.013547904807717852
1.0,0,4.157,4.157,0.0,0.0,0.01354790480771785
1.0,25,4.157,4.0738607768539135,1.0672495514964995,6.136684921104872,0.013547904807717852
1.0,50,4.157,3.987103418632092,2.1809447262585366,12.540432175986586,0.01354790480771785
1.0,75,4.157,3.8962099299451385,3.3477349771687552,19.24947611872034,0.013547904807717854
1.0,100,4.157,3.800525484488605,4.576026241320218,26.31215088759125,0.013547904807717854
1.0,125,4.157,3.6992017458604987,5.8767085247808515,33.7910740174899,0.013547904807717857
1.0,150,4.157,3.59110587359772,7.264323982629931,41.76986290012211,0.013547904807717854
1.0,175,4.157,3.4746657883823744,8.75905323339443,50.36455609201798,0.013547904807717849
1.0,200,4.157,3.3475867931140213,10.390353064840596,59.744530122833424,0.013547904807717844
1.0,225,4.157,3.206278199941588,12.20431676306865,70.17482138764474,0.01354790480771783
1.0,250,4.157,3.0445155527063426,14.28084702372972,82.11487038644589,0.013547904807717837
1.0,275,4.157,2.8495307567649935,16.783846548411216,96.50711765336449,0.013547904807717823
1.0,300,4.157,2.5842576570697413,20.189129710323712,116.08749583436135,0.013547904807717753
1.0,325,4.157,1.0,1.0,1e-06,0.01354790480771785
1.0,350,4.157,1.0,1.0,1e-06,0.01354790480771785
1.0,375,4.157,1.0,1.0,1e-06,0.01354790480771785
1.0,400,4.157,1.0,1.0,1e-06,0.01354790480771785
1.0,425,4.157,1.0,1.0,1e-06,0.01354790480771785
1.0,450,4.157,1.0,1.0,1e-06,0.01354790480771785
1.0,475,4.157,1.0,1.0,1e-06,0.01354790480771785
1.0,500,4.157,1.0,1.0,1e-06,0.01354790480771785
1.0,525,4.157,1.0,1.0,1e-06,0.01354790480771785
1.0,550,4.157,1.0,1.0,1e-06,0.01354790480771785
1.0,575,4.157,1.0,1.0,1e-06,0.01354790480771785
1.0,600,4.157,1.0,1.0,1e-06,0.01354790480771785
1.0,625,4.157,1.0,1.0,1e-06,0.01354790480771785
1.0,650,4.157,1.0,1.0,1e-06,0.01354790480771785
1.0,675,4.157,1.0,1.0,1e-06,0.01354790480771785
1.0,700,4.157,1.0,1.0,1e-06,0.01354790480771785
1.0,725,4.157,1.0,1.0,1e-06,0.01354790480771785
1.0,750,4.157,1.0,1.0,1e-06,0.01354790480771785
1.0,775,4.157,1.0,1.0,1e-06,0.01354790480771785
1.0,800,4.157,1.0,1.0,1e-06,0.01354790480771785
1.0,825,4.157,1.0,1.0,1e-06,0.01354790480771785
1.0,850,4.157,1.0,1.0,1e-06,0.01354790480771785
1.0,875,4.157,1.0,1.0,1e-06,0.01354790480771785
1.0,900,4.157,1.0,1.0,1e-06,0.01354790480771785
1.0,925,4.157,1.0,1.0,1e-06,0.01354790480771785
1.0,950,4.157,1.0,1.0,1e-06,0.01354790480771785
1.0,975,4.157,1.0,1.0,1e-06,0.01354790480771785
1.0,1000,4.157,1.0,1.0,1e-06,0.01354790480771785
1.0,1025,4.157,1.0,1.0,1e-06,0.01354790480771785
1.0,1050,4.157,1.0,1.0,1e-06,0.01354790480771785
1.0,1075,4.157,1.0,1.0,1e-06,0.01354790480771785
1.0,1100,4.157,1.0,1.0,1e-06,0.01354790480771785
1.0,1125,4.157,1.0,1.0,1e-06,0.01354790480771785
1.0,1150,4.157,1.0,1.0,1e-06,0.01354790480771785
1.0,1175,4.157,1.0,1.0,1e-06,0.01354790480771785
1.0,1200,4.157,1.0,1.0,1e-06,0.01354790480771785
1.0,1225,4.157,1.0,1.0,1e-06,0.01354790480771785
1.0,1250,4.157,1.0,1.0,1e-06,0.01354790480771785
1.0,1275,4.157,1.0,1.0,1e-06,0.01354790480771785
1.0,1300,4.157,1.0,1.0,1e-06,0.01354790480771785
1.0,1325,4.157,1.0,1.0,1e-06,0.01354790480771785
1.0,1350,4.157,1.0,1.0,1e-06,0.01354790480771785
1.0,1375,4.157,1.0,1.0,1e-06,0.01354790480771785
1.0,1400,4.157,1.0,1.0,1e-06,0.01354790480771785
1.0,1425,4.157,1.0,1.0,1e-06,0.01354790480771785
1.0,1450,4.157,1.0,1.0,1e-06,0.01354790480771785
1.0,1475,4.157,1.0,1.0,1e-06,0.01354790480771785
1.0,1500,4.157,1.0,1.0,1e-06,0.01354790480771785
1.0,1525,4.157,1.0,1.0,1e-06,0.01354790480771785
