soc,power,current,ocv,ir0,c_rate,line_voltage,power_out,deltaP,converged,iterations,error
1e-06,-100,-25.925925925925927,2.60711586998087,0.009672228744361739,4.864884923958625,2.8578773559458037,-74.09311663563196,-25.906883364368042,True,7,
1e-06,-75,-25.925925925925927,2.60711586998087,0.008431701802375569,3.785258993198904,2.825715546338755,-73.25929194211587,-1.7407080578841345,True,5,
1e-06,-50,-18.08243379094495,2.60711586998087,0.008737686475180338,2.58320482727785,2.7651145071543537,-49.99999999999998,-2.1316282072803006e-14,True,5,
1e-06,-25,-9.253402064710453,2.60711586998087,0.01022252879393557,1.321914580672922,2.7017090390292355,-25.00000000000002,2.1316282072803006e-14,True,4,
1e-06,0,0.0,2.60711586998087,0.00911753976340771,0.0,2.60711586998087,0.0,0.0,True,1,
1e-06,25,9.97618885970949,2.60711586998087,0.010139029867970484,1.4251698371013557,2.505966993163761,25.0,0.0,True,4,
1e-06,50,20.541045969589952,2.60711586998087,0.008420468930350733,2.93443513851285,2.4341506305970313,49.99999999999999,7.105427357601002e-15,True,5,
1e-06,75,32.57544536951507,2.60711586998087,0.009355765344593737,4.653635052787868,2.3023476471080544,75.0,0.0,True,8,
1e-06,100,53.199542635895575,2.60711586998087,0.01367305855982142,7.599934662270797,1.8797154081645533,100.0,0.0,True,11,
1e-06,125,,2.60711586998087,0.013784928357256693,7.937924794104393,,,,False,4,No solution exists for discriminant 
1e-06,150,,2.60711586998087,0.012497235976869006,6.5334487656972,,,,False,3,No solution exists for discriminant 
1e-06,175,,2.60711586998087,0.010369188310951072,1.0,,,,False,1,No solution exists for discriminant 
1e-06,200,,2.60711586998087,0.010369188310951072,1.0,,,,False,1,No solution exists for discriminant 
1e-06,225,,2.60711586998087,0.010369188310951072,1.0,,,,False,1,No solution exists for discriminant 
1e-06,250,,2.60711586998087,0.010369188310951072,1.0,,,,False,1,No solution exists for discriminant 
1e-06,275,,2.60711586998087,0.010369188310951072,1.0,,,,False,1,No solution exists for discriminant 
1e-06,300,,2.60711586998087,0.010369188310951072,1.0,,,,False,1,No solution exists for discriminant 
1e-06,325,,2.60711586998087,0.010369188310951072,1.0,,,,False,1,No solution exists for discriminant 
1e-06,350,,2.60711586998087,0.010369188310951072,1.0,,,,False,1,No solution exists for discriminant 
1e-06,375,,2.60711586998087,0.010369188310951072,1.0,,,,False,1,No solution exists for discriminant 
1e-06,400,,2.60711586998087,0.010369188310951072,1.0,,,,False,1,No solution exists for discriminant 
1e-06,425,,2.60711586998087,0.010369188310951072,1.0,,,,False,1,No solution exists for discriminant 
1e-06,450,,2.60711586998087,0.010369188310951072,1.0,,,,False,1,No solution exists for discriminant 
1e-06,475,,2.60711586998087,0.010369188310951072,1.0,,,,False,1,No solution exists for discriminant 
1e-06,500,,2.60711586998087,0.010369188310951072,1.0,,,,False,1,No solution exists for discriminant 
1e-06,525,,2.60711586998087,0.010369188310951072,1.0,,,,False,1,No solution exists for discriminant 
1e-06,550,,2.60711586998087,0.010369188310951072,1.0,,,,False,1,No solution exists for discriminant 
1e-06,575,,2.60711586998087,0.010369188310951072,1.0,,,,False,1,No solution exists for discriminant 
1e-06,600,,2.60711586998087,0.010369188310951072,1.0,,,,False,1,No solution exists for discriminant 
1e-06,625,,2.60711586998087,0.010369188310951072,1.0,,,,False,1,No solution exists for discriminant 
1e-06,650,,2.60711586998087,0.010369188310951072,1.0,,,,False,1,No solution exists for discriminant 
1e-06,675,,2.60711586998087,0.010369188310951072,1.0,,,,False,1,No solution exists for discriminant 
1e-06,700,,2.60711586998087,0.010369188310951072,1.0,,,,False,1,No solution exists for discriminant 
1e-06,725,,2.60711586998087,0.010369188310951072,1.0,,,,False,1,No solution exists for discriminant 
1e-06,750,,2.60711586998087,0.010369188310951072,1.0,,,,False,1,No solution exists for discriminant 
1e-06,775,,2.60711586998087,0.010369188310951072,1.0,,,,False,1,No solution exists for discriminant 
1e-06,800,,2.60711586998087,0.010369188310951072,1.0,,,,False,1,No solution exists for discriminant 
1e-06,825,,2.60711586998087,0.010369188310951072,1.0,,,,False,1,No solution exists for discriminant 
1e-06,850,,2.60711586998087,0.010369188310951072,1.0,,,,False,1,No solution exists for discriminant 
1e-06,875,,2.60711586998087,0.010369188310951072,1.0,,,,False,1,No solution exists for discriminant 
1e-06,900,,2.60711586998087,0.010369188310951072,1.0,,,,False,1,No solution exists for discriminant 
1e-06,925,,2.60711586998087,0.010369188310951072,1.0,,,,False,1,No solution exists for discriminant 
1e-06,950,,2.60711586998087,0.010369188310951072,1.0,,,,False,1,No solution exists for discriminant 
1e-06,975,,2.60711586998087,0.010369188310951072,1.0,,,,False,1,No solution exists for discriminant 
1e-06,1000,,2.60711586998087,0.010369188310951072,1.0,,,,False,1,No solution exists for discriminant 
1e-06,1025,,2.60711586998087,0.010369188310951072,1.0,,,,False,1,No solution exists for discriminant 
1e-06,1050,,2.60711586998087,0.010369188310951072,1.0,,,,False,1,No solution exists for discriminant 
1e-06,1075,,2.60711586998087,0.010369188310951072,1.0,,,,False,1,No solution exists for discriminant 
1e-06,1100,,2.60711586998087,0.010369188310951072,1.0,,,,False,1,No solution exists for discriminant 
1e-06,1125,,2.60711586998087,0.010369188310951072,1.0,,,,False,1,No solution exists for discriminant 
1e-06,1150,,2.60711586998087,0.010369188310951072,1.0,,,,False,1,No solution exists for discriminant 
1e-06,1175,,2.60711586998087,0.010369188310951072,1.0,,,,False,1,No solution exists for discriminant 
1e-06,1200,,2.60711586998087,0.010369188310951072,1.0,,,,False,1,No solution exists for discriminant 
1e-06,1225,,2.60711586998087,0.010369188310951072,1.0,,,,False,1,No solution exists for discriminant 
1e-06,1250,,2.60711586998087,0.010369188310951072,1.0,,,,False,1,No solution exists for discriminant 
1e-06,1275,,2.60711586998087,0.010369188310951072,1.0,,,,False,1,No solution exists for discriminant 
1e-06,1300,,2.60711586998087,0.010369188310951072,1.0,,,,False,1,No solution exists for discriminant 
1e-06,1325,,2.60711586998087,0.010369188310951072,1.0,,,,False,1,No solution exists for discriminant 
1e-06,1350,,2.60711586998087,0.010369188310951072,1.0,,,,False,1,No solution exists for discriminant 
1e-06,1375,,2.60711586998087,0.010369188310951072,1.0,,,,False,1,No solution exists for discriminant 
1e-06,1400,,2.60711586998087,0.010369188310951072,1.0,,,,False,1,No solution exists for discriminant 
1e-06,1425,,2.60711586998087,0.010369188310951072,1.0,,,,False,1,No solution exists for discriminant 
1e-06,1450,,2.60711586998087,0.010369188310951072,1.0,,,,False,1,No solution exists for discriminant 
1e-06,1475,,2.60711586998087,0.010369188310951072,1.0,,,,False,1,No solution exists for discriminant 
1e-06,1500,,2.60711586998087,0.010369188310951072,1.0,,,,False,1,No solution exists for discriminant 
1e-06,1525,,2.60711586998087,0.010369188310951072,1.0,,,,False,1,No solution exists for discriminant 
0.025642,-100,-25.925925925925927,2.9186791508459864,0.008265563924183972,4.4941886732895835,3.1329715488803855,-81.2251883043063,-18.7748116956937,True,6,
0.025642,-75,-24.212644693351066,2.9186791508459864,0.007387706211893709,3.458949241907295,3.097555056453431,-74.99999999999993,-7.105427357601002e-14,True,4,
0.025642,-50,-16.376694139419474,2.9186791508459864,0.008209232594052306,2.339527734202782,3.053119242158134,-49.99999999999994,-5.684341886080802e-14,True,5,
0.025642,-25,-8.336861018783544,2.9186791508459864,0.009602105587376753,1.1909801455405062,2.9987305706156313,-24.999999999999993,-7.105427357601002e-15,True,3,
0.025642,0,0.0,2.9186791508459864,0.008267236620694255,0.0,2.9186791508459864,0.0,0.0,True,1,
0.025642,25,8.820326726637274,2.9186791508459864,0.00955939943322701,1.2600466752338964,2.834362124534493,24.999999999999996,3.552713678800501e-15,True,4,
0.025642,50,18.00875626212718,2.9186791508459864,0.007899045830649664,2.5726794660181684,2.7764271597784447,50.00000000000004,-4.263256414560601e-14,True,5,
0.025642,75,27.70911587690395,2.9186791508459864,0.007650503080566769,3.958445125271993,2.7066904744699514,75.00000000000001,-1.4210854715202004e-14,True,6,
0.025642,100,39.922720599434435,2.9186791508459864,0.010366022971846554,5.7032457999192046,2.5048393120136376,100.00000000000003,-2.842170943040401e-14,True,9,
0.025642,125,58.059527934593106,2.9186791508459864,0.013188471281641766,8.294218276370444,2.1529627340549276,125.00000000000001,-1.4210854715202004e-14,True,10,
0.025642,150,,2.9186791508459864,0.013248216102757107,11.666561430894133,,,,False,50,Failed to converge after 50 iterations
0.025642,175,,2.9186791508459864,0.013243378741545993,7.854666320273722,,,,False,3,No solution exists for discriminant 
0.025642,200,,2.9186791508459864,0.013057651489122848,7.484206409585569,,,,False,13,No solution exists for discriminant 
0.025642,225,,2.9186791508459864,0.009669257841475737,1.0,,,,False,1,No solution exists for discriminant 
0.025642,250,,2.9186791508459864,0.009669257841475737,1.0,,,,False,1,No solution exists for discriminant 
0.025642,275,,2.9186791508459864,0.009669257841475737,1.0,,,,False,1,No solution exists for discriminant 
0.025642,300,,2.9186791508459864,0.009669257841475737,1.0,,,,False,1,No solution exists for discriminant 
0.025642,325,,2.9186791508459864,0.009669257841475737,1.0,,,,False,1,No solution exists for discriminant 
0.025642,350,,2.9186791508459864,0.009669257841475737,1.0,,,,False,1,No solution exists for discriminant 
0.025642,375,,2.9186791508459864,0.009669257841475737,1.0,,,,False,1,No solution exists for discriminant 
0.025642,400,,2.9186791508459864,0.009669257841475737,1.0,,,,False,1,No solution exists for discriminant 
0.025642,425,,2.9186791508459864,0.009669257841475737,1.0,,,,False,1,No solution exists for discriminant 
0.025642,450,,2.9186791508459864,0.009669257841475737,1.0,,,,False,1,No solution exists for discriminant 
0.025642,475,,2.9186791508459864,0.009669257841475737,1.0,,,,False,1,No solution exists for discriminant 
0.025642,500,,2.9186791508459864,0.009669257841475737,1.0,,,,False,1,No solution exists for discriminant 
0.025642,525,,2.9186791508459864,0.009669257841475737,1.0,,,,False,1,No solution exists for discriminant 
0.025642,550,,2.9186791508459864,0.009669257841475737,1.0,,,,False,1,No solution exists for discriminant 
0.025642,575,,2.9186791508459864,0.009669257841475737,1.0,,,,False,1,No solution exists for discriminant 
0.025642,600,,2.9186791508459864,0.009669257841475737,1.0,,,,False,1,No solution exists for discriminant 
0.025642,625,,2.9186791508459864,0.009669257841475737,1.0,,,,False,1,No solution exists for discriminant 
0.025642,650,,2.9186791508459864,0.009669257841475737,1.0,,,,False,1,No solution exists for discriminant 
0.025642,675,,2.9186791508459864,0.009669257841475737,1.0,,,,False,1,No solution exists for discriminant 
0.025642,700,,2.9186791508459864,0.009669257841475737,1.0,,,,False,1,No solution exists for discriminant 
0.025642,725,,2.9186791508459864,0.009669257841475737,1.0,,,,False,1,No solution exists for discriminant 
0.025642,750,,2.9186791508459864,0.009669257841475737,1.0,,,,False,1,No solution exists for discriminant 
0.025642,775,,2.9186791508459864,0.009669257841475737,1.0,,,,False,1,No solution exists for discriminant 
0.025642,800,,2.9186791508459864,0.009669257841475737,1.0,,,,False,1,No solution exists for discriminant 
0.025642,825,,2.9186791508459864,0.009669257841475737,1.0,,,,False,1,No solution exists for discriminant 
0.025642,850,,2.9186791508459864,0.009669257841475737,1.0,,,,False,1,No solution exists for discriminant 
0.025642,875,,2.9186791508459864,0.009669257841475737,1.0,,,,False,1,No solution exists for discriminant 
0.025642,900,,2.9186791508459864,0.009669257841475737,1.0,,,,False,1,No solution exists for discriminant 
0.025642,925,,2.9186791508459864,0.009669257841475737,1.0,,,,False,1,No solution exists for discriminant 
0.025642,950,,2.9186791508459864,0.009669257841475737,1.0,,,,False,1,No solution exists for discriminant 
0.025642,975,,2.9186791508459864,0.009669257841475737,1.0,,,,False,1,No solution exists for discriminant 
0.025642,1000,,2.9186791508459864,0.009669257841475737,1.0,,,,False,1,No solution exists for discriminant 
0.025642,1025,,2.9186791508459864,0.009669257841475737,1.0,,,,False,1,No solution exists for discriminant 
0.025642,1050,,2.9186791508459864,0.009669257841475737,1.0,,,,False,1,No solution exists for discriminant 
0.025642,1075,,2.9186791508459864,0.009669257841475737,1.0,,,,False,1,No solution exists for discriminant 
0.025642,1100,,2.9186791508459864,0.009669257841475737,1.0,,,,False,1,No solution exists for discriminant 
0.025642,1125,,2.9186791508459864,0.009669257841475737,1.0,,,,False,1,No solution exists for discriminant 
0.025642,1150,,2.9186791508459864,0.009669257841475737,1.0,,,,False,1,No solution exists for discriminant 
0.025642,1175,,2.9186791508459864,0.009669257841475737,1.0,,,,False,1,No solution exists for discriminant 
0.025642,1200,,2.9186791508459864,0.009669257841475737,1.0,,,,False,1,No solution exists for discriminant 
0.025642,1225,,2.9186791508459864,0.009669257841475737,1.0,,,,False,1,No solution exists for discriminant 
0.025642,1250,,2.9186791508459864,0.009669257841475737,1.0,,,,False,1,No solution exists for discriminant 
0.025642,1275,,2.9186791508459864,0.009669257841475737,1.0,,,,False,1,No solution exists for discriminant 
0.025642,1300,,2.9186791508459864,0.009669257841475737,1.0,,,,False,1,No solution exists for discriminant 
0.025642,1325,,2.9186791508459864,0.009669257841475737,1.0,,,,False,1,No solution exists for discriminant 
0.025642,1350,,2.9186791508459864,0.009669257841475737,1.0,,,,False,1,No solution exists for discriminant 
0.025642,1375,,2.9186791508459864,0.009669257841475737,1.0,,,,False,1,No solution exists for discriminant 
0.025642,1400,,2.9186791508459864,0.009669257841475737,1.0,,,,False,1,No solution exists for discriminant 
0.025642,1425,,2.9186791508459864,0.009669257841475737,1.0,,,,False,1,No solution exists for discriminant 
0.025642,1450,,2.9186791508459864,0.009669257841475737,1.0,,,,False,1,No solution exists for discriminant 
0.025642,1475,,2.9186791508459864,0.009669257841475737,1.0,,,,False,1,No solution exists for discriminant 
0.025642,1500,,2.9186791508459864,0.009669257841475737,1.0,,,,False,1,No solution exists for discriminant 
0.025642,1525,,2.9186791508459864,0.009669257841475737,1.0,,,,False,1,No solution exists for discriminant 
0.051283,-100,-25.925925925925927,3.0951714147948897,0.007170100675596992,4.313735240222448,3.281062913791849,-85.06459406127016,-14.935405938729843,True,6,
0.051283,-75,-23.108329266898483,3.0951714147948897,0.006508975890585611,3.3011898952712118,3.2455829728648458,-75.0000000000001,9.947598300641403e-14,True,4,
0.051283,-50,-15.559984501445442,3.0951714147948897,0.007596369721965038,2.2228549287779202,3.213370809935915,-50.00000000000002,2.1316282072803006e-14,True,5,
0.051283,-25,-7.896903136335427,3.0951714147948897,0.008943577543240978,1.1281290194764897,3.165797980346168,-25.000000000000018,1.7763568394002505e-14,True,3,
0.051283,0,0.0,3.0951714147948897,0.007443449320197145,0.0,3.0951714147948897,0.0,0.0,True,1,
0.051283,25,8.274329129038335,3.0951714147948897,0.008916545010393255,1.182047018434048,3.0213929866850116,24.999999999999925,7.460698725481052e-14,True,3,
0.051283,50,16.823581405609904,3.0951714147948897,0.007320238476597051,2.403368772229986,2.9720187868753816,49.99999999999997,2.842170943040401e-14,True,5,
0.051283,75,25.62621766719959,3.0951714147948897,0.006574564427030059,3.66088823817137,2.92669019572079,74.99999999999994,5.684341886080802e-14,True,5,
0.051283,100,35.826341378114186,3.0951714147948897,0.008483397673168068,5.118048768302026,2.791242313709671,99.99999999999997,2.842170943040401e-14,True,8,
0.051283,125,50.405057855342406,3.0951714147948897,0.012206345560642764,7.200722550763201,2.479909860608389,124.99999999999997,2.842170943040401e-14,True,11,
0.051283,150,,3.0951714147948897,0.011554643765636566,9.075627005158992,,,,False,50,Failed to converge after 50 iterations
0.051283,175,,3.0951714147948897,0.0006796316651126999,8.179943104785586,,,,False,50,Failed to converge after 50 iterations
0.051283,200,,3.0951714147948897,0.012520142009008901,7.531054777037661,,,,False,3,No solution exists for discriminant 
0.051283,225,,3.0951714147948897,0.011989352903934236,7.0264390073803185,,,,False,11,No solution exists for discriminant 
0.051283,250,,3.0951714147948897,0.010121466165846976,5.947271400223099,,,,False,5,No solution exists for discriminant 
0.051283,275,,3.0951714147948897,0.008980586466675333,1.0,,,,False,1,No solution exists for discriminant 
0.051283,300,,3.0951714147948897,0.008980586466675333,1.0,,,,False,1,No solution exists for discriminant 
0.051283,325,,3.0951714147948897,0.008980586466675333,1.0,,,,False,1,No solution exists for discriminant 
0.051283,350,,3.0951714147948897,0.008980586466675333,1.0,,,,False,1,No solution exists for discriminant 
0.051283,375,,3.0951714147948897,0.008980586466675333,1.0,,,,False,1,No solution exists for discriminant 
0.051283,400,,3.0951714147948897,0.008980586466675333,1.0,,,,False,1,No solution exists for discriminant 
0.051283,425,,3.0951714147948897,0.008980586466675333,1.0,,,,False,1,No solution exists for discriminant 
0.051283,450,,3.0951714147948897,0.008980586466675333,1.0,,,,False,1,No solution exists for discriminant 
0.051283,475,,3.0951714147948897,0.008980586466675333,1.0,,,,False,1,No solution exists for discriminant 
0.051283,500,,3.0951714147948897,0.008980586466675333,1.0,,,,False,1,No solution exists for discriminant 
0.051283,525,,3.0951714147948897,0.008980586466675333,1.0,,,,False,1,No solution exists for discriminant 
0.051283,550,,3.0951714147948897,0.008980586466675333,1.0,,,,False,1,No solution exists for discriminant 
0.051283,575,,3.0951714147948897,0.008980586466675333,1.0,,,,False,1,No solution exists for discriminant 
0.051283,600,,3.0951714147948897,0.008980586466675333,1.0,,,,False,1,No solution exists for discriminant 
0.051283,625,,3.0951714147948897,0.008980586466675333,1.0,,,,False,1,No solution exists for discriminant 
0.051283,650,,3.0951714147948897,0.008980586466675333,1.0,,,,False,1,No solution exists for discriminant 
0.051283,675,,3.0951714147948897,0.008980586466675333,1.0,,,,False,1,No solution exists for discriminant 
0.051283,700,,3.0951714147948897,0.008980586466675333,1.0,,,,False,1,No solution exists for discriminant 
0.051283,725,,3.0951714147948897,0.008980586466675333,1.0,,,,False,1,No solution exists for discriminant 
0.051283,750,,3.0951714147948897,0.008980586466675333,1.0,,,,False,1,No solution exists for discriminant 
0.051283,775,,3.0951714147948897,0.008980586466675333,1.0,,,,False,1,No solution exists for discriminant 
0.051283,800,,3.0951714147948897,0.008980586466675333,1.0,,,,False,1,No solution exists for discriminant 
0.051283,825,,3.0951714147948897,0.008980586466675333,1.0,,,,False,1,No solution exists for discriminant 
0.051283,850,,3.0951714147948897,0.008980586466675333,1.0,,,,False,1,No solution exists for discriminant 
0.051283,875,,3.0951714147948897,0.008980586466675333,1.0,,,,False,1,No solution exists for discriminant 
0.051283,900,,3.0951714147948897,0.008980586466675333,1.0,,,,False,1,No solution exists for discriminant 
0.051283,925,,3.0951714147948897,0.008980586466675333,1.0,,,,False,1,No solution exists for discriminant 
0.051283,950,,3.0951714147948897,0.008980586466675333,1.0,,,,False,1,No solution exists for discriminant 
0.051283,975,,3.0951714147948897,0.008980586466675333,1.0,,,,False,1,No solution exists for discriminant 
0.051283,1000,,3.0951714147948897,0.008980586466675333,1.0,,,,False,1,No solution exists for discriminant 
0.051283,1025,,3.0951714147948897,0.008980586466675333,1.0,,,,False,1,No solution exists for discriminant 
0.051283,1050,,3.0951714147948897,0.008980586466675333,1.0,,,,False,1,No solution exists for discriminant 
0.051283,1075,,3.0951714147948897,0.008980586466675333,1.0,,,,False,1,No solution exists for discriminant 
0.051283,1100,,3.0951714147948897,0.008980586466675333,1.0,,,,False,1,No solution exists for discriminant 
0.051283,1125,,3.0951714147948897,0.008980586466675333,1.0,,,,False,1,No solution exists for discriminant 
0.051283,1150,,3.0951714147948897,0.008980586466675333,1.0,,,,False,1,No solution exists for discriminant 
0.051283,1175,,3.0951714147948897,0.008980586466675333,1.0,,,,False,1,No solution exists for discriminant 
0.051283,1200,,3.0951714147948897,0.008980586466675333,1.0,,,,False,1,No solution exists for discriminant 
0.051283,1225,,3.0951714147948897,0.008980586466675333,1.0,,,,False,1,No solution exists for discriminant 
0.051283,1250,,3.0951714147948897,0.008980586466675333,1.0,,,,False,1,No solution exists for discriminant 
0.051283,1275,,3.0951714147948897,0.008980586466675333,1.0,,,,False,1,No solution exists for discriminant 
0.051283,1300,,3.0951714147948897,0.008980586466675333,1.0,,,,False,1,No solution exists for discriminant 
0.051283,1325,,3.0951714147948897,0.008980586466675333,1.0,,,,False,1,No solution exists for discriminant 
0.051283,1350,,3.0951714147948897,0.008980586466675333,1.0,,,,False,1,No solution exists for discriminant 
0.051283,1375,,3.0951714147948897,0.008980586466675333,1.0,,,,False,1,No solution exists for discriminant 
0.051283,1400,,3.0951714147948897,0.008980586466675333,1.0,,,,False,1,No solution exists for discriminant 
0.051283,1425,,3.0951714147948897,0.008980586466675333,1.0,,,,False,1,No solution exists for discriminant 
0.051283,1450,,3.0951714147948897,0.008980586466675333,1.0,,,,False,1,No solution exists for discriminant 
0.051283,1475,,3.0951714147948897,0.008980586466675333,1.0,,,,False,1,No solution exists for discriminant 
0.051283,1500,,3.0951714147948897,0.008980586466675333,1.0,,,,False,1,No solution exists for discriminant 
0.051283,1525,,3.0951714147948897,0.008980586466675333,1.0,,,,False,1,No solution exists for discriminant 
0.076924,-100,-25.925925925925927,3.1878008508191624,0.0062609324932524765,4.23481428836537,3.350121322866449,-86.85499725950054,-13.145002740499464,True,6,
0.076924,-75,-22.61135649784722,3.1878008508191624,0.005710248712949486,3.2301937854067453,3.3169173201590363,-75.00000000000001,1.4210854715202004e-14,True,5,
0.076924,-50,-15.182079715888634,3.1878008508191624,0.006952643566126292,2.1688685308412334,3.293356439676252,-50.000000000000036,3.552713678800501e-14,True,5,
0.076924,-25,-7.688543872226792,3.1878008508191624,0.008296777997542795,1.0983634103181132,3.251590992451396,-25.000000000000014,1.4210854715202004e-14,True,3,
0.076924,0,0.0,3.1878008508191624,0.006666393367716416,0.0,3.1878008508191624,0.0,0.0,True,1,
0.076924,25,8.008939380562852,3.1878008508191624,0.008276863586824775,1.1441341972232646,3.1215119520910948,24.999999999999993,7.105427357601002e-15,True,3,
0.076924,50,16.239307939448388,3.1878008508191624,0.006702989386125994,2.3199011342069125,3.0789489420630085,50.00000000000003,-2.842170943040401e-14,True,5,
0.076924,75,24.610835147210498,3.1878008508191624,0.005703285398878224,3.5158335924586424,3.047438234069878,75.00000000000004,-4.263256414560601e-14,True,5,
0.076924,100,33.98917481544289,3.1878008508191624,0.007228408711609043,4.855596402206126,2.9421132034828124,100.0,0.0,True,8,
0.076924,125,46.53787554161566,3.1878008508191624,0.010782972164816338,6.648267934516523,2.6859842342442337,125.0,0.0,True,11,
0.076924,150,60.52008984602082,3.1878008508191624,0.011719827820165394,8.645727120860117,2.4785158181628586,150.0,0.0,True,16,
0.076924,175,,3.1878008508191624,0.012072559735628317,11.121093407479306,,,,False,50,Failed to converge after 50 iterations
0.076924,200,,3.1878008508191624,-0.018693035200181014,6.9691191353625355,,,,False,50,Failed to converge after 50 iterations
0.076924,225,,3.1878008508191624,0.011942783300386393,8.440097058104683,,,,False,7,No solution exists for discriminant 
0.076924,250,,3.1878008508191624,0.011132811323638605,6.86043808368799,,,,False,13,No solution exists for discriminant 
0.076924,275,,3.1878008508191624,0.009311299671267198,5.890215591921618,,,,False,17,No solution exists for discriminant 
0.076924,300,,3.1878008508191624,-0.23731946967450368,4.209568154609078,,,,False,50,Failed to converge after 50 iterations
0.076924,325,,3.1878008508191624,0.008321522461160413,1.0,,,,False,1,No solution exists for discriminant 
0.076924,350,,3.1878008508191624,0.008321522461160413,1.0,,,,False,1,No solution exists for discriminant 
0.076924,375,,3.1878008508191624,0.008321522461160413,1.0,,,,False,1,No solution exists for discriminant 
0.076924,400,,3.1878008508191624,0.008321522461160413,1.0,,,,False,1,No solution exists for discriminant 
0.076924,425,,3.1878008508191624,0.008321522461160413,1.0,,,,False,1,No solution exists for discriminant 
0.076924,450,,3.1878008508191624,0.008321522461160413,1.0,,,,False,1,No solution exists for discriminant 
0.076924,475,,3.1878008508191624,0.008321522461160413,1.0,,,,False,1,No solution exists for discriminant 
0.076924,500,,3.1878008508191624,0.008321522461160413,1.0,,,,False,1,No solution exists for discriminant 
0.076924,525,,3.1878008508191624,0.008321522461160413,1.0,,,,False,1,No solution exists for discriminant 
0.076924,550,,3.1878008508191624,0.008321522461160413,1.0,,,,False,1,No solution exists for discriminant 
0.076924,575,,3.1878008508191624,0.008321522461160413,1.0,,,,False,1,No solution exists for discriminant 
0.076924,600,,3.1878008508191624,0.008321522461160413,1.0,,,,False,1,No solution exists for discriminant 
0.076924,625,,3.1878008508191624,0.008321522461160413,1.0,,,,False,1,No solution exists for discriminant 
0.076924,650,,3.1878008508191624,0.008321522461160413,1.0,,,,False,1,No solution exists for discriminant 
0.076924,675,,3.1878008508191624,0.008321522461160413,1.0,,,,False,1,No solution exists for discriminant 
0.076924,700,,3.1878008508191624,0.008321522461160413,1.0,,,,False,1,No solution exists for discriminant 
0.076924,725,,3.1878008508191624,0.008321522461160413,1.0,,,,False,1,No solution exists for discriminant 
0.076924,750,,3.1878008508191624,0.008321522461160413,1.0,,,,False,1,No solution exists for discriminant 
0.076924,775,,3.1878008508191624,0.008321522461160413,1.0,,,,False,1,No solution exists for discriminant 
0.076924,800,,3.1878008508191624,0.008321522461160413,1.0,,,,False,1,No solution exists for discriminant 
0.076924,825,,3.1878008508191624,0.008321522461160413,1.0,,,,False,1,No solution exists for discriminant 
0.076924,850,,3.1878008508191624,0.008321522461160413,1.0,,,,False,1,No solution exists for discriminant 
0.076924,875,,3.1878008508191624,0.008321522461160413,1.0,,,,False,1,No solution exists for discriminant 
0.076924,900,,3.1878008508191624,0.008321522461160413,1.0,,,,False,1,No solution exists for discriminant 
0.076924,925,,3.1878008508191624,0.008321522461160413,1.0,,,,False,1,No solution exists for discriminant 
0.076924,950,,3.1878008508191624,0.008321522461160413,1.0,,,,False,1,No solution exists for discriminant 
0.076924,975,,3.1878008508191624,0.008321522461160413,1.0,,,,False,1,No solution exists for discriminant 
0.076924,1000,,3.1878008508191624,0.008321522461160413,1.0,,,,False,1,No solution exists for discriminant 
0.076924,1025,,3.1878008508191624,0.008321522461160413,1.0,,,,False,1,No solution exists for discriminant 
0.076924,1050,,3.1878008508191624,0.008321522461160413,1.0,,,,False,1,No solution exists for discriminant 
0.076924,1075,,3.1878008508191624,0.008321522461160413,1.0,,,,False,1,No solution exists for discriminant 
0.076924,1100,,3.1878008508191624,0.008321522461160413,1.0,,,,False,1,No solution exists for discriminant 
0.076924,1125,,3.1878008508191624,0.008321522461160413,1.0,,,,False,1,No solution exists for discriminant 
0.076924,1150,,3.1878008508191624,0.008321522461160413,1.0,,,,False,1,No solution exists for discriminant 
0.076924,1175,,3.1878008508191624,0.008321522461160413,1.0,,,,False,1,No solution exists for discriminant 
0.076924,1200,,3.1878008508191624,0.008321522461160413,1.0,,,,False,1,No solution exists for discriminant 
0.076924,1225,,3.1878008508191624,0.008321522461160413,1.0,,,,False,1,No solution exists for discriminant 
0.076924,1250,,3.1878008508191624,0.008321522461160413,1.0,,,,False,1,No solution exists for discriminant 
0.076924,1275,,3.1878008508191624,0.008321522461160413,1.0,,,,False,1,No solution exists for discriminant 
0.076924,1300,,3.1878008508191624,0.008321522461160413,1.0,,,,False,1,No solution exists for discriminant 
0.076924,1325,,3.1878008508191624,0.008321522461160413,1.0,,,,False,1,No solution exists for discriminant 
0.076924,1350,,3.1878008508191624,0.008321522461160413,1.0,,,,False,1,No solution exists for discriminant 
0.076924,1375,,3.1878008508191624,0.008321522461160413,1.0,,,,False,1,No solution exists for discriminant 
0.076924,1400,,3.1878008508191624,0.008321522461160413,1.0,,,,False,1,No solution exists for discriminant 
0.076924,1425,,3.1878008508191624,0.008321522461160413,1.0,,,,False,1,No solution exists for discriminant 
0.076924,1450,,3.1878008508191624,0.008321522461160413,1.0,,,,False,1,No solution exists for discriminant 
0.076924,1475,,3.1878008508191624,0.008321522461160413,1.0,,,,False,1,No solution exists for discriminant 
0.076924,1500,,3.1878008508191624,0.008321522461160413,1.0,,,,False,1,No solution exists for discriminant 
0.076924,1525,,3.1878008508191624,0.008321522461160413,1.0,,,,False,1,No solution exists for discriminant 
0.102565,-100,-25.925925925925927,3.2477647115702677,0.005468778225432744,4.191543234872479,3.3895478507481536,-87.87716650087806,-12.122833499121938,True,6,
0.102565,-75,-22.326557510214244,3.2477647115702677,0.004992413937487631,3.1895082157448917,3.3592281284603804,-75.00000000000004,4.263256414560601e-14,True,5,
0.102565,-50,-14.958091173398342,3.2477647115702677,0.006344913006531457,2.136870167628335,3.342672498809246,-49.999999999999964,-3.552713678800501e-14,True,5,
0.102565,-25,-7.562151734755597,3.2477647115702677,0.007692606304510287,1.080307390679371,3.305937367680712,-25.000000000000046,4.618527782440651e-14,True,3,
0.102565,0,0.0,3.2477647115702677,0.005956281617116277,0.0,3.2477647115702677,0.0,0.0,True,1,
0.102565,25,7.8430075809846445,3.2477647115702677,0.007677158256797347,1.1204296544263779,3.1875527011617875,24.99999999999998,2.1316282072803006e-14,True,3,
0.102565,50,15.869636185881681,3.2477647115702677,0.0061182164912544,2.267090883697383,3.1506708417475986,49.999999999999986,1.4210854715202004e-14,True,5,
0.102565,75,23.968601240182135,3.2477647115702677,0.004951101419595891,3.424085891454591,3.129093735944274,75.00000000000009,-8.526512829121202e-14,True,4,
0.102565,100,32.8581905011029,3.2477647115702677,0.006220168707850621,4.694027214443271,3.043381223218713,100.00000000000003,-2.842170943040401e-14,True,7,
0.102565,125,44.233665443804995,3.2477647115702677,0.009537143027611907,6.319095063400714,2.8259019175971654,125.0,0.0,True,11,
0.102565,150,58.097141181391244,3.2477647115702677,0.011461529127432084,8.299591597341607,2.581882635699218,150.0,0.0,True,9,
0.102565,175,,3.2477647115702677,0.01124923479849791,10.239916636036515,,,,False,50,Failed to converge after 50 iterations
0.102565,200,,3.2477647115702677,-0.028494978962790418,6.333592269549626,,,,False,50,Failed to converge after 50 iterations
0.102565,225,,3.2477647115702677,-0.006075439405467231,8.867303159877512,,,,False,50,Failed to converge after 50 iterations
0.102565,250,,3.2477647115702677,0.011485765049081016,7.753102161211104,,,,False,11,No solution exists for discriminant 
0.102565,275,,3.2477647115702677,0.009968157331625356,6.542393810111818,,,,False,13,No solution exists for discriminant 
0.102565,300,,3.2477647115702677,-0.3875195422856689,3.420995304841871,,,,False,50,Failed to converge after 50 iterations
0.102565,325,,3.2477647115702677,-0.24547571004641394,4.338210144346157,,,,False,50,Failed to converge after 50 iterations
0.102565,350,,3.2477647115702677,0.007710412130548754,1.0,,,,False,1,No solution exists for discriminant 
0.102565,375,,3.2477647115702677,0.007710412130548754,1.0,,,,False,1,No solution exists for discriminant 
0.102565,400,,3.2477647115702677,0.007710412130548754,1.0,,,,False,1,No solution exists for discriminant 
0.102565,425,,3.2477647115702677,0.007710412130548754,1.0,,,,False,1,No solution exists for discriminant 
0.102565,450,,3.2477647115702677,0.007710412130548754,1.0,,,,False,1,No solution exists for discriminant 
0.102565,475,,3.2477647115702677,0.007710412130548754,1.0,,,,False,1,No solution exists for discriminant 
0.102565,500,,3.2477647115702677,0.007710412130548754,1.0,,,,False,1,No solution exists for discriminant 
0.102565,525,,3.2477647115702677,0.007710412130548754,1.0,,,,False,1,No solution exists for discriminant 
0.102565,550,,3.2477647115702677,0.007710412130548754,1.0,,,,False,1,No solution exists for discriminant 
0.102565,575,,3.2477647115702677,0.007710412130548754,1.0,,,,False,1,No solution exists for discriminant 
0.102565,600,,3.2477647115702677,0.007710412130548754,1.0,,,,False,1,No solution exists for discriminant 
0.102565,625,,3.2477647115702677,0.007710412130548754,1.0,,,,False,1,No solution exists for discriminant 
0.102565,650,,3.2477647115702677,0.007710412130548754,1.0,,,,False,1,No solution exists for discriminant 
0.102565,675,,3.2477647115702677,0.007710412130548754,1.0,,,,False,1,No solution exists for discriminant 
0.102565,700,,3.2477647115702677,0.007710412130548754,1.0,,,,False,1,No solution exists for discriminant 
0.102565,725,,3.2477647115702677,0.007710412130548754,1.0,,,,False,1,No solution exists for discriminant 
0.102565,750,,3.2477647115702677,0.007710412130548754,1.0,,,,False,1,No solution exists for discriminant 
0.102565,775,,3.2477647115702677,0.007710412130548754,1.0,,,,False,1,No solution exists for discriminant 
0.102565,800,,3.2477647115702677,0.007710412130548754,1.0,,,,False,1,No solution exists for discriminant 
0.102565,825,,3.2477647115702677,0.007710412130548754,1.0,,,,False,1,No solution exists for discriminant 
0.102565,850,,3.2477647115702677,0.007710412130548754,1.0,,,,False,1,No solution exists for discriminant 
0.102565,875,,3.2477647115702677,0.007710412130548754,1.0,,,,False,1,No solution exists for discriminant 
0.102565,900,,3.2477647115702677,0.007710412130548754,1.0,,,,False,1,No solution exists for discriminant 
0.102565,925,,3.2477647115702677,0.007710412130548754,1.0,,,,False,1,No solution exists for discriminant 
0.102565,950,,3.2477647115702677,0.007710412130548754,1.0,,,,False,1,No solution exists for discriminant 
0.102565,975,,3.2477647115702677,0.007710412130548754,1.0,,,,False,1,No solution exists for discriminant 
0.102565,1000,,3.2477647115702677,0.007710412130548754,1.0,,,,False,1,No solution exists for discriminant 
0.102565,1025,,3.2477647115702677,0.007710412130548754,1.0,,,,False,1,No solution exists for discriminant 
0.102565,1050,,3.2477647115702677,0.007710412130548754,1.0,,,,False,1,No solution exists for discriminant 
0.102565,1075,,3.2477647115702677,0.007710412130548754,1.0,,,,False,1,No solution exists for discriminant 
0.102565,1100,,3.2477647115702677,0.007710412130548754,1.0,,,,False,1,No solution exists for discriminant 
0.102565,1125,,3.2477647115702677,0.007710412130548754,1.0,,,,False,1,No solution exists for discriminant 
0.102565,1150,,3.2477647115702677,0.007710412130548754,1.0,,,,False,1,No solution exists for discriminant 
0.102565,1175,,3.2477647115702677,0.007710412130548754,1.0,,,,False,1,No solution exists for discriminant 
0.102565,1200,,3.2477647115702677,0.007710412130548754,1.0,,,,False,1,No solution exists for discriminant 
0.102565,1225,,3.2477647115702677,0.007710412130548754,1.0,,,,False,1,No solution exists for discriminant 
0.102565,1250,,3.2477647115702677,0.007710412130548754,1.0,,,,False,1,No solution exists for discriminant 
0.102565,1275,,3.2477647115702677,0.007710412130548754,1.0,,,,False,1,No solution exists for discriminant 
0.102565,1300,,3.2477647115702677,0.007710412130548754,1.0,,,,False,1,No solution exists for discriminant 
0.102565,1325,,3.2477647115702677,0.007710412130548754,1.0,,,,False,1,No solution exists for discriminant 
0.102565,1350,,3.2477647115702677,0.007710412130548754,1.0,,,,False,1,No solution exists for discriminant 
0.102565,1375,,3.2477647115702677,0.007710412130548754,1.0,,,,False,1,No solution exists for discriminant 
0.102565,1400,,3.2477647115702677,0.007710412130548754,1.0,,,,False,1,No solution exists for discriminant 
0.102565,1425,,3.2477647115702677,0.007710412130548754,1.0,,,,False,1,No solution exists for discriminant 
0.102565,1450,,3.2477647115702677,0.007710412130548754,1.0,,,,False,1,No solution exists for discriminant 
0.102565,1475,,3.2477647115702677,0.007710412130548754,1.0,,,,False,1,No solution exists for discriminant 
0.102565,1500,,3.2477647115702677,0.007710412130548754,1.0,,,,False,1,No solution exists for discriminant 
0.102565,1525,,3.2477647115702677,0.007710412130548754,1.0,,,,False,1,No solution exists for discriminant 
0.12820600000000001,-100,-25.925925925925927,3.3117616513599906,0.004759151418870513,4.141123688004141,3.4351470585158927,-89.05936818374538,-10.940631816254623,True,6,
0.12820600000000001,-75,-22.006129227432872,3.3117616513599906,0.004379677329527425,3.1437327467761245,3.408141396648029,-75.00000000000009,8.526512829121202e-14,True,5,
0.12820600000000001,-50,-14.71668340220257,3.3117616513599906,0.005826243351513475,2.1023833431717955,3.397504630188402,-50.000000000000036,3.552713678800501e-14,True,5,
0.12820600000000001,-25,-7.429650511772587,3.3117616513599906,0.007151638577650192,1.061378644538941,3.364895826578442,-24.99999999999996,-3.907985046680551e-14,True,3,
0.12820600000000001,0,0.0,3.3117616513599906,0.005329811180078611,0.0,3.3117616513599906,0.0,0.0,True,1,
0.12820600000000001,25,7.675884652755993,3.3117616513599906,0.0071402937601534435,1.0965549503937133,3.2569535800702596,24.999999999999993,7.105427357601002e-15,True,3,
0.12820600000000001,50,15.505936226864922,3.3117616513599906,0.005623017696759466,2.2151337466949887,3.2245714975515054,49.99999999999996,4.263256414560601e-14,True,5,
0.12820600000000001,75,23.357288740348007,3.3117616513599906,0.004314393389103466,3.33675553433543,3.210989119231252,75.00000000000009,-8.526512829121202e-14,True,4,
0.12820600000000001,100,31.824441625646784,3.3117616513599906,0.005326808386822996,4.546348803663826,3.1422389488025364,100.00000000000003,-2.842170943040401e-14,True,7,
0.12820600000000001,125,42.238498146509386,3.3117616513599906,0.008342534467824196,6.034071163787055,2.9593855247036074,125.00000000000003,-2.842170943040401e-14,True,10,
0.12820600000000001,150,55.49713660426317,3.3117616513599906,0.01097208863282413,7.928162372037596,2.702842149670067,150.00000000000003,-2.842170943040401e-14,True,7,
0.12820600000000001,175,,3.3117616513599906,0.009326994699905266,9.227434865988553,,,,False,50,Failed to converge after 50 iterations
0.12820600000000001,200,,3.3117616513599906,-0.00970316266694723,7.479810666852707,,,,False,50,Failed to converge after 50 iterations
0.12820600000000001,225,,3.3117616513599906,-0.00952936346692643,8.313549953891634,,,,False,50,Failed to converge after 50 iterations
0.12820600000000001,250,,3.3117616513599906,-0.014738667792150786,8.521750682985205,,,,False,50,Failed to converge after 50 iterations
0.12820600000000001,275,,3.3117616513599906,0.010003681030091954,6.902033866707784,,,,False,35,No solution exists for discriminant 
0.12820600000000001,300,,3.3117616513599906,-0.4638147110708062,3.1588122242694885,,,,False,50,Failed to converge after 50 iterations
0.12820600000000001,325,,3.3117616513599906,-0.27941796508987327,4.098513328551264,,,,False,50,Failed to converge after 50 iterations
0.12820600000000001,350,,3.3117616513599906,-0.273889674223657,4.315627142041255,,,,False,50,Failed to converge after 50 iterations
0.12820600000000001,375,,3.3117616513599906,-0.3675868644805691,3.9644890616909505,,,,False,50,Failed to converge after 50 iterations
0.12820600000000001,400,,3.3117616513599906,0.0071629914340990974,1.0,,,,False,1,No solution exists for discriminant 
0.12820600000000001,425,,3.3117616513599906,0.0071629914340990974,1.0,,,,False,1,No solution exists for discriminant 
0.12820600000000001,450,,3.3117616513599906,0.0071629914340990974,1.0,,,,False,1,No solution exists for discriminant 
0.12820600000000001,475,,3.3117616513599906,0.0071629914340990974,1.0,,,,False,1,No solution exists for discriminant 
0.12820600000000001,500,,3.3117616513599906,0.0071629914340990974,1.0,,,,False,1,No solution exists for discriminant 
0.12820600000000001,525,,3.3117616513599906,0.0071629914340990974,1.0,,,,False,1,No solution exists for discriminant 
0.12820600000000001,550,,3.3117616513599906,0.0071629914340990974,1.0,,,,False,1,No solution exists for discriminant 
0.12820600000000001,575,,3.3117616513599906,0.0071629914340990974,1.0,,,,False,1,No solution exists for discriminant 
0.12820600000000001,600,,3.3117616513599906,0.0071629914340990974,1.0,,,,False,1,No solution exists for discriminant 
0.12820600000000001,625,,3.3117616513599906,0.0071629914340990974,1.0,,,,False,1,No solution exists for discriminant 
0.12820600000000001,650,,3.3117616513599906,0.0071629914340990974,1.0,,,,False,1,No solution exists for discriminant 
0.12820600000000001,675,,3.3117616513599906,0.0071629914340990974,1.0,,,,False,1,No solution exists for discriminant 
0.12820600000000001,700,,3.3117616513599906,0.0071629914340990974,1.0,,,,False,1,No solution exists for discriminant 
0.12820600000000001,725,,3.3117616513599906,0.0071629914340990974,1.0,,,,False,1,No solution exists for discriminant 
0.12820600000000001,750,,3.3117616513599906,0.0071629914340990974,1.0,,,,False,1,No solution exists for discriminant 
0.12820600000000001,775,,3.3117616513599906,0.0071629914340990974,1.0,,,,False,1,No solution exists for discriminant 
0.12820600000000001,800,,3.3117616513599906,0.0071629914340990974,1.0,,,,False,1,No solution exists for discriminant 
0.12820600000000001,825,,3.3117616513599906,0.0071629914340990974,1.0,,,,False,1,No solution exists for discriminant 
0.12820600000000001,850,,3.3117616513599906,0.0071629914340990974,1.0,,,,False,1,No solution exists for discriminant 
0.12820600000000001,875,,3.3117616513599906,0.0071629914340990974,1.0,,,,False,1,No solution exists for discriminant 
0.12820600000000001,900,,3.3117616513599906,0.0071629914340990974,1.0,,,,False,1,No solution exists for discriminant 
0.12820600000000001,925,,3.3117616513599906,0.0071629914340990974,1.0,,,,False,1,No solution exists for discriminant 
0.12820600000000001,950,,3.3117616513599906,0.0071629914340990974,1.0,,,,False,1,No solution exists for discriminant 
0.12820600000000001,975,,3.3117616513599906,0.0071629914340990974,1.0,,,,False,1,No solution exists for discriminant 
0.12820600000000001,1000,,3.3117616513599906,0.0071629914340990974,1.0,,,,False,1,No solution exists for discriminant 
0.12820600000000001,1025,,3.3117616513599906,0.0071629914340990974,1.0,,,,False,1,No solution exists for discriminant 
0.12820600000000001,1050,,3.3117616513599906,0.0071629914340990974,1.0,,,,False,1,No solution exists for discriminant 
0.12820600000000001,1075,,3.3117616513599906,0.0071629914340990974,1.0,,,,False,1,No solution exists for discriminant 
0.12820600000000001,1100,,3.3117616513599906,0.0071629914340990974,1.0,,,,False,1,No solution exists for discriminant 
0.12820600000000001,1125,,3.3117616513599906,0.0071629914340990974,1.0,,,,False,1,No solution exists for discriminant 
0.12820600000000001,1150,,3.3117616513599906,0.0071629914340990974,1.0,,,,False,1,No solution exists for discriminant 
0.12820600000000001,1175,,3.3117616513599906,0.0071629914340990974,1.0,,,,False,1,No solution exists for discriminant 
0.12820600000000001,1200,,3.3117616513599906,0.0071629914340990974,1.0,,,,False,1,No solution exists for discriminant 
0.12820600000000001,1225,,3.3117616513599906,0.0071629914340990974,1.0,,,,False,1,No solution exists for discriminant 
0.12820600000000001,1250,,3.3117616513599906,0.0071629914340990974,1.0,,,,False,1,No solution exists for discriminant 
0.12820600000000001,1275,,3.3117616513599906,0.0071629914340990974,1.0,,,,False,1,No solution exists for discriminant 
0.12820600000000001,1300,,3.3117616513599906,0.0071629914340990974,1.0,,,,False,1,No solution exists for discriminant 
0.12820600000000001,1325,,3.3117616513599906,0.0071629914340990974,1.0,,,,False,1,No solution exists for discriminant 
0.12820600000000001,1350,,3.3117616513599906,0.0071629914340990974,1.0,,,,False,1,No solution exists for discriminant 
0.12820600000000001,1375,,3.3117616513599906,0.0071629914340990974,1.0,,,,False,1,No solution exists for discriminant 
0.12820600000000001,1400,,3.3117616513599906,0.0071629914340990974,1.0,,,,False,1,No solution exists for discriminant 
0.12820600000000001,1425,,3.3117616513599906,0.0071629914340990974,1.0,,,,False,1,No solution exists for discriminant 
0.12820600000000001,1450,,3.3117616513599906,0.0071629914340990974,1.0,,,,False,1,No solution exists for discriminant 
0.12820600000000001,1475,,3.3117616513599906,0.0071629914340990974,1.0,,,,False,1,No solution exists for discriminant 
0.12820600000000001,1500,,3.3117616513599906,0.0071629914340990974,1.0,,,,False,1,No solution exists for discriminant 
0.12820600000000001,1525,,3.3117616513599906,0.0071629914340990974,1.0,,,,False,1,No solution exists for discriminant 
0.153847,-100,-25.925925925925927,3.3734268136467844,0.004149276717500104,4.090701185964148,3.4810006544708614,-90.24816511591122,-9.75183488408878,True,6,
0.153847,-75,-21.69220503149967,3.3734268136467844,0.00387403482029498,3.0988864330713817,3.457463171267792,-75.00000000000001,1.4210854715202004e-14,True,5,
0.153847,-50,-14.486222915567447,3.3734268136467844,0.0053932983512231004,2.0694604165096355,3.4515553358127646,-49.999999999999964,-3.552713678800501e-14,True,5,
0.153847,-25,-7.305174294719497,3.3734268136467844,0.00668088331048505,1.043596327817071,3.42223183067256,-25.000000000000032,3.197442310920451e-14,True,3,
0.153847,0,0.0,3.3734268136467844,0.004793228564721921,0.0,3.3734268136467844,0.0,0.0,True,1,
0.153847,25,7.52280676265857,3.3734268136467844,0.006672920187068698,1.0746866803797956,3.323227724536823,25.000000000000064,-6.394884621840902e-14,True,3,
0.153847,50,15.177607039640554,3.3734268136467844,0.0052116158578728545,2.1682295770915077,3.294326956114431,50.00000000000003,-2.842170943040401e-14,True,5,
0.153847,75,22.818270869784296,3.3734268136467844,0.0037946368468106707,3.2597529813977566,3.2868397622237944,74.99999999999994,5.684341886080802e-14,True,5,
0.153847,100,30.941824455575706,3.3734268136467844,0.004574886453694383,4.4202606365108155,3.231871480092382,100.00000000000011,-1.1368683772161603e-13,True,7,
0.153847,125,40.62063852630774,3.3734268136467844,0.007291204065991598,5.802948360901105,3.0772534488605947,125.00000000000003,-2.842170943040401e-14,True,9,
0.153847,150,53.0307174292994,3.3734268136467844,0.010274752348280064,7.5758167756142,2.8285493252091136,150.0,0.0,True,9,
0.153847,175,62.91372239927593,3.3734268136467844,0.009407163802117154,8.98767462846799,2.7815871216358685,175.0,0.0,True,27,
0.153847,200,,3.3734268136467844,-0.003486734986160482,8.005833236278303,,,,False,50,Failed to converge after 50 iterations
0.153847,225,,3.3734268136467844,-0.01460899066590942,7.721069133204148,,,,False,50,Failed to converge after 50 iterations
0.153847,250,,3.3734268136467844,-0.015032552872968435,8.390782994713097,,,,False,50,Failed to converge after 50 iterations
0.153847,275,,3.3734268136467844,0.010413846027074517,7.831398044281337,,,,False,15,No solution exists for discriminant 
0.153847,300,,3.3734268136467844,-0.4479590240494687,3.1979720713222717,,,,False,50,Failed to converge after 50 iterations
0.153847,325,,3.3734268136467844,-0.3528510366619847,3.706146754149546,,,,False,50,Failed to converge after 50 iterations
0.153847,350,,3.3734268136467844,-0.23857919203024247,4.55412362625115,,,,False,50,Failed to converge after 50 iterations
0.153847,375,,3.3734268136467844,-0.30561298574383383,4.277452775201212,,,,False,50,Failed to converge after 50 iterations
0.153847,400,,3.3734268136467844,-0.399786106436389,3.9560467096845526,,,,False,50,Failed to converge after 50 iterations
0.153847,425,,3.3734268136467844,-0.5257138402635629,3.6292620011553636,,,,False,50,Failed to converge after 50 iterations
0.153847,450,,3.3734268136467844,0.006687236383018645,1.0,,,,False,1,No solution exists for discriminant 
0.153847,475,,3.3734268136467844,0.006687236383018645,1.0,,,,False,1,No solution exists for discriminant 
0.153847,500,,3.3734268136467844,0.006687236383018645,1.0,,,,False,1,No solution exists for discriminant 
0.153847,525,,3.3734268136467844,0.006687236383018645,1.0,,,,False,1,No solution exists for discriminant 
0.153847,550,,3.3734268136467844,0.006687236383018645,1.0,,,,False,1,No solution exists for discriminant 
0.153847,575,,3.3734268136467844,0.006687236383018645,1.0,,,,False,1,No solution exists for discriminant 
0.153847,600,,3.3734268136467844,0.006687236383018645,1.0,,,,False,1,No solution exists for discriminant 
0.153847,625,,3.3734268136467844,0.006687236383018645,1.0,,,,False,1,No solution exists for discriminant 
0.153847,650,,3.3734268136467844,0.006687236383018645,1.0,,,,False,1,No solution exists for discriminant 
0.153847,675,,3.3734268136467844,0.006687236383018645,1.0,,,,False,1,No solution exists for discriminant 
0.153847,700,,3.3734268136467844,0.006687236383018645,1.0,,,,False,1,No solution exists for discriminant 
0.153847,725,,3.3734268136467844,0.006687236383018645,1.0,,,,False,1,No solution exists for discriminant 
0.153847,750,,3.3734268136467844,0.006687236383018645,1.0,,,,False,1,No solution exists for discriminant 
0.153847,775,,3.3734268136467844,0.006687236383018645,1.0,,,,False,1,No solution exists for discriminant 
0.153847,800,,3.3734268136467844,0.006687236383018645,1.0,,,,False,1,No solution exists for discriminant 
0.153847,825,,3.3734268136467844,0.006687236383018645,1.0,,,,False,1,No solution exists for discriminant 
0.153847,850,,3.3734268136467844,0.006687236383018645,1.0,,,,False,1,No solution exists for discriminant 
0.153847,875,,3.3734268136467844,0.006687236383018645,1.0,,,,False,1,No solution exists for discriminant 
0.153847,900,,3.3734268136467844,0.006687236383018645,1.0,,,,False,1,No solution exists for discriminant 
0.153847,925,,3.3734268136467844,0.006687236383018645,1.0,,,,False,1,No solution exists for discriminant 
0.153847,950,,3.3734268136467844,0.006687236383018645,1.0,,,,False,1,No solution exists for discriminant 
0.153847,975,,3.3734268136467844,0.006687236383018645,1.0,,,,False,1,No solution exists for discriminant 
0.153847,1000,,3.3734268136467844,0.006687236383018645,1.0,,,,False,1,No solution exists for discriminant 
0.153847,1025,,3.3734268136467844,0.006687236383018645,1.0,,,,False,1,No solution exists for discriminant 
0.153847,1050,,3.3734268136467844,0.006687236383018645,1.0,,,,False,1,No solution exists for discriminant 
0.153847,1075,,3.3734268136467844,0.006687236383018645,1.0,,,,False,1,No solution exists for discriminant 
0.153847,1100,,3.3734268136467844,0.006687236383018645,1.0,,,,False,1,No solution exists for discriminant 
0.153847,1125,,3.3734268136467844,0.006687236383018645,1.0,,,,False,1,No solution exists for discriminant 
0.153847,1150,,3.3734268136467844,0.006687236383018645,1.0,,,,False,1,No solution exists for discriminant 
0.153847,1175,,3.3734268136467844,0.006687236383018645,1.0,,,,False,1,No solution exists for discriminant 
0.153847,1200,,3.3734268136467844,0.006687236383018645,1.0,,,,False,1,No solution exists for discriminant 
0.153847,1225,,3.3734268136467844,0.006687236383018645,1.0,,,,False,1,No solution exists for discriminant 
0.153847,1250,,3.3734268136467844,0.006687236383018645,1.0,,,,False,1,No solution exists for discriminant 
0.153847,1275,,3.3734268136467844,0.006687236383018645,1.0,,,,False,1,No solution exists for discriminant 
0.153847,1300,,3.3734268136467844,0.006687236383018645,1.0,,,,False,1,No solution exists for discriminant 
0.153847,1325,,3.3734268136467844,0.006687236383018645,1.0,,,,False,1,No solution exists for discriminant 
0.153847,1350,,3.3734268136467844,0.006687236383018645,1.0,,,,False,1,No solution exists for discriminant 
0.153847,1375,,3.3734268136467844,0.006687236383018645,1.0,,,,False,1,No solution exists for discriminant 
0.153847,1400,,3.3734268136467844,0.006687236383018645,1.0,,,,False,1,No solution exists for discriminant 
0.153847,1425,,3.3734268136467844,0.006687236383018645,1.0,,,,False,1,No solution exists for discriminant 
0.153847,1450,,3.3734268136467844,0.006687236383018645,1.0,,,,False,1,No solution exists for discriminant 
0.153847,1475,,3.3734268136467844,0.006687236383018645,1.0,,,,False,1,No solution exists for discriminant 
0.153847,1500,,3.3734268136467844,0.006687236383018645,1.0,,,,False,1,No solution exists for discriminant 
0.153847,1525,,3.3734268136467844,0.006687236383018645,1.0,,,,False,1,No solution exists for discriminant 
0.179488,-100,-25.925925925925927,3.424090653667371,0.003651945338205013,4.049680515479979,3.5187707179912047,-91.22738898495716,-8.772611015042841,True,6,
0.179488,-75,-21.438066099965358,3.424090653667371,0.003468560852829085,3.0625808714236227,3.498449890502073,-75.0,0.0,True,5,
0.179488,-50,-14.301542074045434,3.424090653667371,0.005036927448975802,2.043077439149348,3.4961264835028127,-49.999999999999986,-1.4210854715202004e-14,True,5,
0.179488,-25,-7.205906683342671,3.424090653667371,0.006284481495780707,1.0294152404775245,3.4693760408791605,-25.000000000000078,7.815970093361102e-14,True,3,
0.179488,0,0.0,3.424090653667371,0.004348560774746713,0.0,3.424090653667371,0.0,0.0,True,1,
0.179488,25,7.4016710507502745,3.424090653667371,0.0062789875777695256,1.0573815786786107,3.3776156530849737,25.000000000000032,-3.197442310920451e-14,True,3,
0.179488,50,14.919190392311174,3.424090653667371,0.004873076904228934,2.1313129131873105,3.3513882915368054,50.000000000000064,-6.394884621840902e-14,True,5,
0.179488,75,22.39936344334801,3.424090653667371,0.0033831861724980387,3.19990906333543,3.3483094369930777,74.99999999999991,8.526512829121202e-14,True,5,
0.179488,100,30.269314221932348,3.424090653667371,0.003978117303132385,4.3241877459903355,3.3036757710071507,100.00000000000006,-5.684341886080802e-14,True,6,
0.179488,125,39.431516462139975,3.424090653667371,0.006442500866885727,5.63307378030571,3.1700530746774156,124.99999999999996,4.263256414560601e-14,True,8,
0.179488,150,51.05079822129752,3.424090653667371,0.009516811192540288,7.292971174471075,2.938249845766811,150.00000000000003,-2.842170943040401e-14,True,10,
0.179488,175,61.40342812517813,3.424090653667371,0.009349427679033418,8.771918303596875,2.8500037431662912,175.0,0.0,True,17,
0.179488,200,,3.424090653667371,0.00951467495946313,10.480967645781204,,,,False,50,Failed to converge after 50 iterations
0.179488,225,,3.424090653667371,-0.01932896923354996,7.288275119925999,,,,False,50,Failed to converge after 50 iterations
0.179488,250,,3.424090653667371,-0.017681494014376218,8.073934805638661,,,,False,50,Failed to converge after 50 iterations
0.179488,275,,3.424090653667371,-0.024065782829510572,8.18073746946823,,,,False,50,Failed to converge after 50 iterations
0.179488,300,,3.424090653667371,-0.049866135749636865,7.212804961984298,,,,False,50,Failed to converge after 50 iterations
0.179488,325,,3.424090653667371,-0.3778828821345729,3.591995354712634,,,,False,50,Failed to converge after 50 iterations
0.179488,350,,3.424090653667371,-0.2397668896952868,4.532535250305358,,,,False,50,Failed to converge after 50 iterations
0.179488,375,,3.424090653667371,-0.26702166750705414,4.515422682888402,,,,False,50,Failed to converge after 50 iterations
0.179488,400,,3.424090653667371,-0.34415362921342635,4.211212163048594,,,,False,50,Failed to converge after 50 iterations
0.179488,425,,3.424090653667371,-0.4416364361627072,3.9123044394100845,,,,False,50,Failed to converge after 50 iterations
0.179488,450,,3.424090653667371,-0.5694720366570306,3.609218414858052,,,,False,50,Failed to converge after 50 iterations
0.179488,475,,3.424090653667371,0.006287700420591171,1.0,,,,False,1,No solution exists for discriminant 
0.179488,500,,3.424090653667371,0.006287700420591171,1.0,,,,False,1,No solution exists for discriminant 
0.179488,525,,3.424090653667371,0.006287700420591171,1.0,,,,False,1,No solution exists for discriminant 
0.179488,550,,3.424090653667371,0.006287700420591171,1.0,,,,False,1,No solution exists for discriminant 
0.179488,575,,3.424090653667371,0.006287700420591171,1.0,,,,False,1,No solution exists for discriminant 
0.179488,600,,3.424090653667371,0.006287700420591171,1.0,,,,False,1,No solution exists for discriminant 
0.179488,625,,3.424090653667371,0.006287700420591171,1.0,,,,False,1,No solution exists for discriminant 
0.179488,650,,3.424090653667371,0.006287700420591171,1.0,,,,False,1,No solution exists for discriminant 
0.179488,675,,3.424090653667371,0.006287700420591171,1.0,,,,False,1,No solution exists for discriminant 
0.179488,700,,3.424090653667371,0.006287700420591171,1.0,,,,False,1,No solution exists for discriminant 
0.179488,725,,3.424090653667371,0.006287700420591171,1.0,,,,False,1,No solution exists for discriminant 
0.179488,750,,3.424090653667371,0.006287700420591171,1.0,,,,False,1,No solution exists for discriminant 
0.179488,775,,3.424090653667371,0.006287700420591171,1.0,,,,False,1,No solution exists for discriminant 
0.179488,800,,3.424090653667371,0.006287700420591171,1.0,,,,False,1,No solution exists for discriminant 
0.179488,825,,3.424090653667371,0.006287700420591171,1.0,,,,False,1,No solution exists for discriminant 
0.179488,850,,3.424090653667371,0.006287700420591171,1.0,,,,False,1,No solution exists for discriminant 
0.179488,875,,3.424090653667371,0.006287700420591171,1.0,,,,False,1,No solution exists for discriminant 
0.179488,900,,3.424090653667371,0.006287700420591171,1.0,,,,False,1,No solution exists for discriminant 
0.179488,925,,3.424090653667371,0.006287700420591171,1.0,,,,False,1,No solution exists for discriminant 
0.179488,950,,3.424090653667371,0.006287700420591171,1.0,,,,False,1,No solution exists for discriminant 
0.179488,975,,3.424090653667371,0.006287700420591171,1.0,,,,False,1,No solution exists for discriminant 
0.179488,1000,,3.424090653667371,0.006287700420591171,1.0,,,,False,1,No solution exists for discriminant 
0.179488,1025,,3.424090653667371,0.006287700420591171,1.0,,,,False,1,No solution exists for discriminant 
0.179488,1050,,3.424090653667371,0.006287700420591171,1.0,,,,False,1,No solution exists for discriminant 
0.179488,1075,,3.424090653667371,0.006287700420591171,1.0,,,,False,1,No solution exists for discriminant 
0.179488,1100,,3.424090653667371,0.006287700420591171,1.0,,,,False,1,No solution exists for discriminant 
0.179488,1125,,3.424090653667371,0.006287700420591171,1.0,,,,False,1,No solution exists for discriminant 
0.179488,1150,,3.424090653667371,0.006287700420591171,1.0,,,,False,1,No solution exists for discriminant 
0.179488,1175,,3.424090653667371,0.006287700420591171,1.0,,,,False,1,No solution exists for discriminant 
0.179488,1200,,3.424090653667371,0.006287700420591171,1.0,,,,False,1,No solution exists for discriminant 
0.179488,1225,,3.424090653667371,0.006287700420591171,1.0,,,,False,1,No solution exists for discriminant 
0.179488,1250,,3.424090653667371,0.006287700420591171,1.0,,,,False,1,No solution exists for discriminant 
0.179488,1275,,3.424090653667371,0.006287700420591171,1.0,,,,False,1,No solution exists for discriminant 
0.179488,1300,,3.424090653667371,0.006287700420591171,1.0,,,,False,1,No solution exists for discriminant 
0.179488,1325,,3.424090653667371,0.006287700420591171,1.0,,,,False,1,No solution exists for discriminant 
0.179488,1350,,3.424090653667371,0.006287700420591171,1.0,,,,False,1,No solution exists for discriminant 
0.179488,1375,,3.424090653667371,0.006287700420591171,1.0,,,,False,1,No solution exists for discriminant 
0.179488,1400,,3.424090653667371,0.006287700420591171,1.0,,,,False,1,No solution exists for discriminant 
0.179488,1425,,3.424090653667371,0.006287700420591171,1.0,,,,False,1,No solution exists for discriminant 
0.179488,1450,,3.424090653667371,0.006287700420591171,1.0,,,,False,1,No solution exists for discriminant 
0.179488,1475,,3.424090653667371,0.006287700420591171,1.0,,,,False,1,No solution exists for discriminant 
0.179488,1500,,3.424090653667371,0.006287700420591171,1.0,,,,False,1,No solution exists for discriminant 
0.179488,1525,,3.424090653667371,0.006287700420591171,1.0,,,,False,1,No solution exists for discriminant 
0.205129,-100,-25.925925925925927,3.4696067877463745,0.0032563034063465965,4.011658960493583,3.5540294686516565,-92.14150474282073,-7.858495257179271,True,6,
0.205129,-75,-21.206825747113815,3.4696067877463745,0.0031589067941627863,3.0295465353019737,3.5365971736815585,-75.00000000000001,1.4210854715202004e-14,True,5,
0.205129,-50,-14.136721354468824,3.4696067877463745,0.004759321643402861,2.019531622066975,3.5368879916554534,-50.0,0.0,True,5,
0.205129,-25,-7.118348964184626,3.4696067877463745,0.005962557684227032,1.0169069948835179,3.512050354061783,-24.99999999999994,-6.039613253960852e-14,True,3,
0.205129,0,0.0,3.4696067877463745,0.003991946132875495,0.0,3.4696067877463745,0.0,0.0,True,1,
0.205129,25,7.296873684291949,3.4696067877463745,0.0059589866642840005,1.0424105263274213,3.4261248147707137,25.00000000000005,-4.973799150320701e-14,True,3,
0.205129,50,14.6979014421081,3.4696067877463745,0.0046102227245556245,2.099700206015443,3.401846188514689,49.99999999999999,7.105427357601002e-15,True,5,
0.205129,75,22.04649408929874,3.4696067877463745,0.0030710255784191457,3.1494991556141056,3.4019014404836714,75.00000000000013,-1.2789769243681803e-13,True,5,
0.205129,100,29.715046783154627,3.4696067877463745,0.0035102878402574265,4.245006683307804,3.3652984203507863,99.99999999999999,1.4210854715202004e-14,True,6,
0.205129,125,38.484199193992694,3.4696067877463745,0.0057561413973457555,5.497742741998956,3.2480862956221332,125.00000000000001,-1.4210854715202004e-14,True,7,
0.205129,150,49.42558410928495,3.4696067877463745,0.008795875581451434,7.06079772989785,3.0348654993805413,150.0,0.0,True,10,
0.205129,175,60.00211500433132,3.4696067877463745,0.009217057267503128,8.571730714904474,2.916563857580144,175.0,0.0,True,12,
0.205129,200,,3.4696067877463745,0.007000862721460944,9.512986992664057,,,,False,50,Failed to converge after 50 iterations
0.205129,225,,3.4696067877463745,-0.014016881542111054,7.621466384482494,,,,False,50,Failed to converge after 50 iterations
0.205129,250,,3.4696067877463745,-0.023655434905443043,7.563365590052876,,,,False,50,Failed to converge after 50 iterations
0.205129,275,,3.4696067877463745,-0.024816410664782296,8.06566746186652,,,,False,50,Failed to converge after 50 iterations
0.205129,300,,3.4696067877463745,-0.040328961781499195,7.6234736611902205,,,,False,50,Failed to converge after 50 iterations
0.205129,325,,3.4696067877463745,-0.3686995643674747,3.622142918605981,,,,False,50,Failed to converge after 50 iterations
0.205129,350,,3.4696067877463745,-0.255697047280011,4.404247226051412,,,,False,50,Failed to converge after 50 iterations
0.205129,375,,3.4696067877463745,-0.2410330024797939,4.699655620810261,,,,False,50,Failed to converge after 50 iterations
0.205129,400,,3.4696067877463745,-0.3064349274588514,4.415573511453902,,,,False,50,Failed to converge after 50 iterations
0.205129,425,,3.4696067877463745,-0.38877456930984383,4.128681324887876,,,,False,50,Failed to converge after 50 iterations
0.205129,450,,3.4696067877463745,-0.49167603125426224,3.8470846126710065,,,,False,50,Failed to converge after 50 iterations
0.205129,475,,3.4696067877463745,-0.6253364004560477,3.560822715940134,,,,False,50,Failed to converge after 50 iterations
0.205129,500,,3.4696067877463745,-0.8129411833861243,3.2511246957140516,,,,False,50,Failed to converge after 50 iterations
0.205129,525,,3.4696067877463745,0.005963818268295161,1.0,,,,False,1,No solution exists for discriminant 
0.205129,550,,3.4696067877463745,0.005963818268295161,1.0,,,,False,1,No solution exists for discriminant 
0.205129,575,,3.4696067877463745,0.005963818268295161,1.0,,,,False,1,No solution exists for discriminant 
0.205129,600,,3.4696067877463745,0.005963818268295161,1.0,,,,False,1,No solution exists for discriminant 
0.205129,625,,3.4696067877463745,0.005963818268295161,1.0,,,,False,1,No solution exists for discriminant 
0.205129,650,,3.4696067877463745,0.005963818268295161,1.0,,,,False,1,No solution exists for discriminant 
0.205129,675,,3.4696067877463745,0.005963818268295161,1.0,,,,False,1,No solution exists for discriminant 
0.205129,700,,3.4696067877463745,0.005963818268295161,1.0,,,,False,1,No solution exists for discriminant 
0.205129,725,,3.4696067877463745,0.005963818268295161,1.0,,,,False,1,No solution exists for discriminant 
0.205129,750,,3.4696067877463745,0.005963818268295161,1.0,,,,False,1,No solution exists for discriminant 
0.205129,775,,3.4696067877463745,0.005963818268295161,1.0,,,,False,1,No solution exists for discriminant 
0.205129,800,,3.4696067877463745,0.005963818268295161,1.0,,,,False,1,No solution exists for discriminant 
0.205129,825,,3.4696067877463745,0.005963818268295161,1.0,,,,False,1,No solution exists for discriminant 
0.205129,850,,3.4696067877463745,0.005963818268295161,1.0,,,,False,1,No solution exists for discriminant 
0.205129,875,,3.4696067877463745,0.005963818268295161,1.0,,,,False,1,No solution exists for discriminant 
0.205129,900,,3.4696067877463745,0.005963818268295161,1.0,,,,False,1,No solution exists for discriminant 
0.205129,925,,3.4696067877463745,0.005963818268295161,1.0,,,,False,1,No solution exists for discriminant 
0.205129,950,,3.4696067877463745,0.005963818268295161,1.0,,,,False,1,No solution exists for discriminant 
0.205129,975,,3.4696067877463745,0.005963818268295161,1.0,,,,False,1,No solution exists for discriminant 
0.205129,1000,,3.4696067877463745,0.005963818268295161,1.0,,,,False,1,No solution exists for discriminant 
0.205129,1025,,3.4696067877463745,0.005963818268295161,1.0,,,,False,1,No solution exists for discriminant 
0.205129,1050,,3.4696067877463745,0.005963818268295161,1.0,,,,False,1,No solution exists for discriminant 
0.205129,1075,,3.4696067877463745,0.005963818268295161,1.0,,,,False,1,No solution exists for discriminant 
0.205129,1100,,3.4696067877463745,0.005963818268295161,1.0,,,,False,1,No solution exists for discriminant 
0.205129,1125,,3.4696067877463745,0.005963818268295161,1.0,,,,False,1,No solution exists for discriminant 
0.205129,1150,,3.4696067877463745,0.005963818268295161,1.0,,,,False,1,No solution exists for discriminant 
0.205129,1175,,3.4696067877463745,0.005963818268295161,1.0,,,,False,1,No solution exists for discriminant 
0.205129,1200,,3.4696067877463745,0.005963818268295161,1.0,,,,False,1,No solution exists for discriminant 
0.205129,1225,,3.4696067877463745,0.005963818268295161,1.0,,,,False,1,No solution exists for discriminant 
0.205129,1250,,3.4696067877463745,0.005963818268295161,1.0,,,,False,1,No solution exists for discriminant 
0.205129,1275,,3.4696067877463745,0.005963818268295161,1.0,,,,False,1,No solution exists for discriminant 
0.205129,1300,,3.4696067877463745,0.005963818268295161,1.0,,,,False,1,No solution exists for discriminant 
0.205129,1325,,3.4696067877463745,0.005963818268295161,1.0,,,,False,1,No solution exists for discriminant 
0.205129,1350,,3.4696067877463745,0.005963818268295161,1.0,,,,False,1,No solution exists for discriminant 
0.205129,1375,,3.4696067877463745,0.005963818268295161,1.0,,,,False,1,No solution exists for discriminant 
0.205129,1400,,3.4696067877463745,0.005963818268295161,1.0,,,,False,1,No solution exists for discriminant 
0.205129,1425,,3.4696067877463745,0.005963818268295161,1.0,,,,False,1,No solution exists for discriminant 
0.205129,1450,,3.4696067877463745,0.005963818268295161,1.0,,,,False,1,No solution exists for discriminant 
0.205129,1475,,3.4696067877463745,0.005963818268295161,1.0,,,,False,1,No solution exists for discriminant 
0.205129,1500,,3.4696067877463745,0.005963818268295161,1.0,,,,False,1,No solution exists for discriminant 
0.205129,1525,,3.4696067877463745,0.005963818268295161,1.0,,,,False,1,No solution exists for discriminant 
0.23077,-100,-25.925925925925927,3.513384383117836,0.002952627557547485,3.9732156695835767,3.5899339864616597,-93.07236261196896,-6.9276373880310445,True,6,
0.23077,-75,-20.978847486632688,3.513384383117836,0.0029384446268875355,2.9969782123760984,3.575029564793225,-74.9999999999999,-9.947598300641403e-14,True,5,
0.23077,-50,-13.977813087074596,3.513384383117836,0.004558159323924307,1.9968304410106565,3.5770974821687562,-50.00000000000003,2.842170943040401e-14,True,5,
0.23077,-25,-7.035170762401652,3.513384383117836,0.005712673008636293,1.0050243946288073,3.553574013243355,-24.999999999999954,-4.618527782440651e-14,True,2,
0.23077,0,0.0,3.513384383117836,0.003717317656128246,0.0,3.513384383117836,0.0,0.0,True,1,
0.23077,25,7.199904895339891,3.513384383117836,0.005710672067421471,1.028557842191413,3.4722680873439273,25.000000000000025,-2.4868995751603507e-14,True,3,
0.23077,50,14.495708507974967,3.513384383117836,0.004421146439237312,2.0708155011392813,3.4492967330635804,50.0,0.0,True,5,
0.23077,75,21.72984732884773,3.513384383117836,0.0028491007735971384,3.104263904121104,3.451473858283068,75.0000000000001,-9.947598300641403e-14,True,5,
0.23077,100,29.229373369212954,3.513384383117836,0.0031532792887646157,4.175624767030422,3.4212160054491285,99.99999999999987,1.2789769243681803e-13,True,6,
0.23077,125,37.68248655090908,3.513384383117836,0.005206490872714592,5.383212364415583,3.3171908608293377,125.00000000000004,-4.263256414560601e-14,True,8,
0.23077,150,48.053965288874615,3.513384383117836,0.008155285424706758,6.864852184124945,3.1214905803981123,149.99999999999997,2.842170943040401e-14,True,10,
0.23077,175,58.67971385973155,3.513384383117836,0.009050710209818551,8.382816265675936,2.9822912977783327,175.00000000000003,-2.842170943040401e-14,True,9,
0.23077,200,,3.513384383117836,0.0071074519376148025,9.377402225249039,,,,False,50,Failed to converge after 50 iterations
0.23077,225,,3.513384383117836,-0.00931143247913785,7.970195417001119,,,,False,50,Failed to converge after 50 iterations
0.23077,250,,3.513384383117836,-0.031044914886821356,7.0718551814654145,,,,False,50,Failed to converge after 50 iterations
0.23077,275,,3.513384383117836,-0.02761527171821071,7.818449822750829,,,,False,50,Failed to converge after 50 iterations
0.23077,300,,3.513384383117836,-0.036944266041707696,7.762711953365754,,,,False,50,Failed to converge after 50 iterations
0.23077,325,,3.513384383117836,-0.3107455161025904,3.8824525894274293,,,,False,50,Failed to converge after 50 iterations
0.23077,350,,3.513384383117836,-0.2593426164002538,4.3688662433115,,,,False,50,Failed to converge after 50 iterations
0.23077,375,,3.513384383117836,-0.223641802339109,4.834321307321798,,,,False,50,Failed to converge after 50 iterations
0.23077,400,,3.513384383117836,-0.2785196289355257,4.587256201902801,,,,False,50,Failed to converge after 50 iterations
0.23077,425,,3.513384383117836,-0.3511887342535623,4.30617649734499,,,,False,50,Failed to converge after 50 iterations
0.23077,450,,3.513384383117836,-0.43975728134138725,4.034671922334046,,,,False,50,Failed to converge after 50 iterations
0.23077,475,,3.513384383117836,-0.5500936270702702,3.76639459453842,,,,False,50,Failed to converge after 50 iterations
0.23077,500,,3.513384383117836,-0.693098014085661,3.4919481879424867,,,,False,50,Failed to converge after 50 iterations
0.23077,525,,3.513384383117836,-0.8937159205227784,3.193003893994742,,,,False,50,Failed to converge after 50 iterations
0.23077,550,,3.513384383117836,0.0057128759268991755,1.0,,,,False,1,No solution exists for discriminant 
0.23077,575,,3.513384383117836,0.0057128759268991755,1.0,,,,False,1,No solution exists for discriminant 
0.23077,600,,3.513384383117836,0.0057128759268991755,1.0,,,,False,1,No solution exists for discriminant 
0.23077,625,,3.513384383117836,0.0057128759268991755,1.0,,,,False,1,No solution exists for discriminant 
0.23077,650,,3.513384383117836,0.0057128759268991755,1.0,,,,False,1,No solution exists for discriminant 
0.23077,675,,3.513384383117836,0.0057128759268991755,1.0,,,,False,1,No solution exists for discriminant 
0.23077,700,,3.513384383117836,0.0057128759268991755,1.0,,,,False,1,No solution exists for discriminant 
0.23077,725,,3.513384383117836,0.0057128759268991755,1.0,,,,False,1,No solution exists for discriminant 
0.23077,750,,3.513384383117836,0.0057128759268991755,1.0,,,,False,1,No solution exists for discriminant 
0.23077,775,,3.513384383117836,0.0057128759268991755,1.0,,,,False,1,No solution exists for discriminant 
0.23077,800,,3.513384383117836,0.0057128759268991755,1.0,,,,False,1,No solution exists for discriminant 
0.23077,825,,3.513384383117836,0.0057128759268991755,1.0,,,,False,1,No solution exists for discriminant 
0.23077,850,,3.513384383117836,0.0057128759268991755,1.0,,,,False,1,No solution exists for discriminant 
0.23077,875,,3.513384383117836,0.0057128759268991755,1.0,,,,False,1,No solution exists for discriminant 
0.23077,900,,3.513384383117836,0.0057128759268991755,1.0,,,,False,1,No solution exists for discriminant 
0.23077,925,,3.513384383117836,0.0057128759268991755,1.0,,,,False,1,No solution exists for discriminant 
0.23077,950,,3.513384383117836,0.0057128759268991755,1.0,,,,False,1,No solution exists for discriminant 
0.23077,975,,3.513384383117836,0.0057128759268991755,1.0,,,,False,1,No solution exists for discriminant 
0.23077,1000,,3.513384383117836,0.0057128759268991755,1.0,,,,False,1,No solution exists for discriminant 
0.23077,1025,,3.513384383117836,0.0057128759268991755,1.0,,,,False,1,No solution exists for discriminant 
0.23077,1050,,3.513384383117836,0.0057128759268991755,1.0,,,,False,1,No solution exists for discriminant 
0.23077,1075,,3.513384383117836,0.0057128759268991755,1.0,,,,False,1,No solution exists for discriminant 
0.23077,1100,,3.513384383117836,0.0057128759268991755,1.0,,,,False,1,No solution exists for discriminant 
0.23077,1125,,3.513384383117836,0.0057128759268991755,1.0,,,,False,1,No solution exists for discriminant 
0.23077,1150,,3.513384383117836,0.0057128759268991755,1.0,,,,False,1,No solution exists for discriminant 
0.23077,1175,,3.513384383117836,0.0057128759268991755,1.0,,,,False,1,No solution exists for discriminant 
0.23077,1200,,3.513384383117836,0.0057128759268991755,1.0,,,,False,1,No solution exists for discriminant 
0.23077,1225,,3.513384383117836,0.0057128759268991755,1.0,,,,False,1,No solution exists for discriminant 
0.23077,1250,,3.513384383117836,0.0057128759268991755,1.0,,,,False,1,No solution exists for discriminant 
0.23077,1275,,3.513384383117836,0.0057128759268991755,1.0,,,,False,1,No solution exists for discriminant 
0.23077,1300,,3.513384383117836,0.0057128759268991755,1.0,,,,False,1,No solution exists for discriminant 
0.23077,1325,,3.513384383117836,0.0057128759268991755,1.0,,,,False,1,No solution exists for discriminant 
0.23077,1350,,3.513384383117836,0.0057128759268991755,1.0,,,,False,1,No solution exists for discriminant 
0.23077,1375,,3.513384383117836,0.0057128759268991755,1.0,,,,False,1,No solution exists for discriminant 
0.23077,1400,,3.513384383117836,0.0057128759268991755,1.0,,,,False,1,No solution exists for discriminant 
0.23077,1425,,3.513384383117836,0.0057128759268991755,1.0,,,,False,1,No solution exists for discriminant 
0.23077,1450,,3.513384383117836,0.0057128759268991755,1.0,,,,False,1,No solution exists for discriminant 
0.23077,1475,,3.513384383117836,0.0057128759268991755,1.0,,,,False,1,No solution exists for discriminant 
0.23077,1500,,3.513384383117836,0.0057128759268991755,1.0,,,,False,1,No solution exists for discriminant 
0.23077,1525,,3.513384383117836,0.0057128759268991755,1.0,,,,False,1,No solution exists for discriminant 
0.256411,-100,-25.925925925925927,3.5482842770607714,0.0027364967431451922,3.9421929367239157,3.619230488920091,-93.83190156459496,-6.168098435405042,True,5,
0.256411,-75,-20.796955546562998,3.5482842770607714,0.0027894852158623124,2.970993649509,3.6062970770928544,-75.00000000000017,1.7053025658242404e-13,True,5,
0.256411,-50,-13.85240234699082,3.5482842770607714,0.0044178578673140945,1.9789146209986885,3.609482221750625,-49.99999999999999,-7.105427357601002e-15,True,5,
0.256411,-25,-6.969957065313586,3.5482842770607714,0.005529215033827944,0.9957081521876551,3.586822668451439,-25.000000000000036,3.552713678800501e-14,True,2,
0.256411,0,0.0,3.5482842770607714,0.0035157661195262748,0.0,3.5482842770607714,0.0,0.0,True,1,
0.256411,25,7.1247478677605685,3.5482842770607714,0.005528360964879128,1.0178211239657955,3.508896099064038,24.99999999999988,1.2079226507921703e-13,True,3,
0.256411,50,14.339922991774127,3.5482842770607714,0.0042897862060524775,2.048560427396304,3.486769073214804,49.99999999999993,7.105427357601002e-14,True,5,
0.256411,75,21.48828938270261,3.5482842770607714,0.002699661264345371,3.069755626100373,3.4902731745772453,74.99999999999996,4.263256414560601e-14,True,5,
0.256411,100,28.86390316590188,3.5482842770607714,0.0029015262427645435,4.123414737985983,3.4645349045562925,99.99999999999994,5.684341886080802e-14,True,6,
0.256411,125,37.091449144698565,3.5482842770607714,0.004805293694114803,5.298778449242652,3.3700489703801715,124.99999999999989,1.1368683772161603e-13,True,8,
0.256411,150,47.04670118787021,3.5482842770607714,0.007651183976237267,6.720957312552888,3.188321310797316,150.0,0.0,True,10,
0.256411,175,57.609804605909275,3.5482842770607714,0.008863194486883946,8.229972086558467,3.037677374487215,174.99999999999994,5.684341886080802e-14,True,7,
0.256411,200,64.89707279544555,3.5482842770607714,0.007188015712356249,9.271010399349365,3.0818030981211813,199.99999999999994,5.684341886080802e-14,True,37,
0.256411,225,,3.5482842770607714,-0.005516791572028736,8.30757471633886,,,,False,50,Failed to converge after 50 iterations
0.256411,250,,3.5482842770607714,-0.026849467116034385,7.2675724509885855,,,,False,50,Failed to converge after 50 iterations
0.256411,275,,3.5482842770607714,-0.0327870467039553,7.4661589421043475,,,,False,50,Failed to converge after 50 iterations
0.256411,300,,3.5482842770607714,-0.03735276257178096,7.704334302661473,,,,False,50,Failed to converge after 50 iterations
0.256411,325,,3.5482842770607714,-0.06356774881265972,6.978178573851751,,,,False,50,Failed to converge after 50 iterations
0.256411,350,,3.5482842770607714,-0.24234168469656844,4.483008821088275,,,,False,50,Failed to converge after 50 iterations
0.256411,375,,3.5482842770607714,-0.21228806813605092,4.927851606034304,,,,False,50,Failed to converge after 50 iterations
0.256411,400,,3.5482842770607714,-0.2592136793687895,4.718592140658646,,,,False,50,Failed to converge after 50 iterations
0.256411,425,,3.5482842770607714,-0.3256815535715043,4.440731788267988,,,,False,50,Failed to converge after 50 iterations
0.256411,450,,3.5482842770607714,-0.40572876971344285,4.173785208548849,,,,False,50,Failed to converge after 50 iterations
0.256411,475,,3.5482842770607714,-0.5033199334834091,3.913847613589622,,,,False,50,Failed to converge after 50 iterations
0.256411,500,,3.5482842770607714,-0.6254347678515008,3.654246142153768,,,,False,50,Failed to converge after 50 iterations
0.256411,525,,3.5482842770607714,-0.7853699298964474,3.3849126774665987,,,,False,50,Failed to converge after 50 iterations
0.256411,550,,3.5482842770607714,-1.0160016837364503,3.083700029571311,,,,False,50,Failed to converge after 50 iterations
0.256411,575,,3.5482842770607714,0.005529169777306845,1.0,,,,False,1,No solution exists for discriminant 
0.256411,600,,3.5482842770607714,0.005529169777306845,1.0,,,,False,1,No solution exists for discriminant 
0.256411,625,,3.5482842770607714,0.005529169777306845,1.0,,,,False,1,No solution exists for discriminant 
0.256411,650,,3.5482842770607714,0.005529169777306845,1.0,,,,False,1,No solution exists for discriminant 
0.256411,675,,3.5482842770607714,0.005529169777306845,1.0,,,,False,1,No solution exists for discriminant 
0.256411,700,,3.5482842770607714,0.005529169777306845,1.0,,,,False,1,No solution exists for discriminant 
0.256411,725,,3.5482842770607714,0.005529169777306845,1.0,,,,False,1,No solution exists for discriminant 
0.256411,750,,3.5482842770607714,0.005529169777306845,1.0,,,,False,1,No solution exists for discriminant 
0.256411,775,,3.5482842770607714,0.005529169777306845,1.0,,,,False,1,No solution exists for discriminant 
0.256411,800,,3.5482842770607714,0.005529169777306845,1.0,,,,False,1,No solution exists for discriminant 
0.256411,825,,3.5482842770607714,0.005529169777306845,1.0,,,,False,1,No solution exists for discriminant 
0.256411,850,,3.5482842770607714,0.005529169777306845,1.0,,,,False,1,No solution exists for discriminant 
0.256411,875,,3.5482842770607714,0.005529169777306845,1.0,,,,False,1,No solution exists for discriminant 
0.256411,900,,3.5482842770607714,0.005529169777306845,1.0,,,,False,1,No solution exists for discriminant 
0.256411,925,,3.5482842770607714,0.005529169777306845,1.0,,,,False,1,No solution exists for discriminant 
0.256411,950,,3.5482842770607714,0.005529169777306845,1.0,,,,False,1,No solution exists for discriminant 
0.256411,975,,3.5482842770607714,0.005529169777306845,1.0,,,,False,1,No solution exists for discriminant 
0.256411,1000,,3.5482842770607714,0.005529169777306845,1.0,,,,False,1,No solution exists for discriminant 
0.256411,1025,,3.5482842770607714,0.005529169777306845,1.0,,,,False,1,No solution exists for discriminant 
0.256411,1050,,3.5482842770607714,0.005529169777306845,1.0,,,,False,1,No solution exists for discriminant 
0.256411,1075,,3.5482842770607714,0.005529169777306845,1.0,,,,False,1,No solution exists for discriminant 
0.256411,1100,,3.5482842770607714,0.005529169777306845,1.0,,,,False,1,No solution exists for discriminant 
0.256411,1125,,3.5482842770607714,0.005529169777306845,1.0,,,,False,1,No solution exists for discriminant 
0.256411,1150,,3.5482842770607714,0.005529169777306845,1.0,,,,False,1,No solution exists for discriminant 
0.256411,1175,,3.5482842770607714,0.005529169777306845,1.0,,,,False,1,No solution exists for discriminant 
0.256411,1200,,3.5482842770607714,0.005529169777306845,1.0,,,,False,1,No solution exists for discriminant 
0.256411,1225,,3.5482842770607714,0.005529169777306845,1.0,,,,False,1,No solution exists for discriminant 
0.256411,1250,,3.5482842770607714,0.005529169777306845,1.0,,,,False,1,No solution exists for discriminant 
0.256411,1275,,3.5482842770607714,0.005529169777306845,1.0,,,,False,1,No solution exists for discriminant 
0.256411,1300,,3.5482842770607714,0.005529169777306845,1.0,,,,False,1,No solution exists for discriminant 
0.256411,1325,,3.5482842770607714,0.005529169777306845,1.0,,,,False,1,No solution exists for discriminant 
0.256411,1350,,3.5482842770607714,0.005529169777306845,1.0,,,,False,1,No solution exists for discriminant 
0.256411,1375,,3.5482842770607714,0.005529169777306845,1.0,,,,False,1,No solution exists for discriminant 
0.256411,1400,,3.5482842770607714,0.005529169777306845,1.0,,,,False,1,No solution exists for discriminant 
0.256411,1425,,3.5482842770607714,0.005529169777306845,1.0,,,,False,1,No solution exists for discriminant 
0.256411,1450,,3.5482842770607714,0.005529169777306845,1.0,,,,False,1,No solution exists for discriminant 
0.256411,1475,,3.5482842770607714,0.005529169777306845,1.0,,,,False,1,No solution exists for discriminant 
0.256411,1500,,3.5482842770607714,0.005529169777306845,1.0,,,,False,1,No solution exists for discriminant 
0.256411,1525,,3.5482842770607714,0.005529169777306845,1.0,,,,False,1,No solution exists for discriminant 
0.28205199999999997,-100,-25.925925925925927,3.5714465712366987,0.0025974449440358855,3.9216828321400667,3.6387877364524437,-94.33894131543373,-5.661058684566271,True,5,
0.28205199999999997,-75,-20.677033870358425,3.5714465712366987,0.0026970084890995225,2.953861981479775,3.6272127071144538,-75.00000000000003,2.842170943040401e-14,True,5,
0.28205199999999997,-50,-13.770168352260523,3.5714465712366987,0.004327550438274608,1.967166907465789,3.631037669324639,-49.99999999999995,-4.973799150320701e-14,True,5,
0.28205199999999997,-25,-6.927326140530424,3.5714465712366987,0.005406052184256473,0.9896180200757748,3.60889605784977,-24.999999999999908,-9.237055564881302e-14,True,2,
0.28205199999999997,0,0.0,3.5714465712366987,0.0033777580062712836,0.0,3.5714465712366987,0.0,0.0,True,1,
0.28205199999999997,25,7.075748252604412,3.5714465712366987,0.005405977757720021,1.0108211789434873,3.5331952335638928,24.99999999999995,4.973799150320701e-14,True,2,
0.28205199999999997,50,14.238654254068225,3.5714465712366987,0.004205366300417045,2.0340934648668894,3.5115678144733504,50.00000000000003,-2.842170943040401e-14,True,5,
0.28205199999999997,75,21.332094318533915,3.5714465712366987,0.0026072159254369536,3.047442045504845,3.5158291952064937,75.00000000000011,-1.1368683772161603e-13,True,5,
0.28205199999999997,100,28.6288332025541,3.5714465712366987,0.0027407522255978637,4.089833314650586,3.4929820329205286,100.00000000000016,-1.5631940186722204e-13,True,6,
0.28205199999999997,125,36.713643566221016,3.5714465712366987,0.004541030097391772,5.24480622374586,3.4047288108175753,125.0,0.0,True,8,
0.28205199999999997,150,46.40031109657666,3.5714465712366987,0.0072997274580492615,6.628615870939522,3.2327369462629902,149.99999999999997,2.842170943040401e-14,True,10,
0.28205199999999997,175,56.87037184340879,3.5714465712366987,0.008691223141645285,8.124338834772685,3.077173479397292,175.0,0.0,True,6,
0.28205199999999997,200,64.37188891573781,3.5714465712366987,0.007215887424465058,9.195984130819687,3.1069462675205646,200.0,0.0,True,29,
0.28205199999999997,225,,3.5714465712366987,-0.002726489026027531,8.604322975222955,,,,False,50,Failed to converge after 50 iterations
0.28205199999999997,250,,3.5714465712366987,-0.023827971066332554,7.425122075782108,,,,False,50,Failed to converge after 50 iterations
0.28205199999999997,275,,3.5714465712366987,-0.0400200736043676,7.074352538904551,,,,False,50,Failed to converge after 50 iterations
0.28205199999999997,300,,3.5714465712366987,-0.039151216469827395,7.585067855364039,,,,False,50,Failed to converge after 50 iterations
0.28205199999999997,325,,3.5714465712366987,-0.05820673145043228,7.156703036485877,,,,False,50,Failed to converge after 50 iterations
0.28205199999999997,350,,3.5714465712366987,-0.21480418124816078,4.699945246824704,,,,False,50,Failed to converge after 50 iterations
0.28205199999999997,375,,3.5714465712366987,-0.20407042701105946,5.000104778964016,,,,False,50,Failed to converge after 50 iterations
0.28205199999999997,400,,3.5714465712366987,-0.24692706684985508,4.808697544170204,,,,False,50,Failed to converge after 50 iterations
0.28205199999999997,425,,3.5714465712366987,-0.3095996156941659,4.532705202242003,,,,False,50,Failed to converge after 50 iterations
0.28205199999999997,450,,3.5714465712366987,-0.38471018556032216,4.2675515042963825,,,,False,50,Failed to converge after 50 iterations
0.28205199999999997,475,,3.5714465712366987,-0.47524637272832576,4.011374181633423,,,,False,50,Failed to converge after 50 iterations
0.28205199999999997,500,,3.5714465712366987,-0.5865891056637468,3.758525041057886,,,,False,50,Failed to converge after 50 iterations
0.28205199999999997,525,,3.5714465712366987,-0.7281736208334395,3.5015040648228477,,,,False,50,Failed to converge after 50 iterations
0.28205199999999997,550,,3.5714465712366987,-0.9198035639136755,3.226945992894745,,,,False,50,Failed to converge after 50 iterations
0.28205199999999997,575,,3.5714465712366987,-1.2226696003110324,2.8963728013393557,,,,False,50,Failed to converge after 50 iterations
0.28205199999999997,600,,3.5714465712366987,0.005406193616646512,1.0,,,,False,1,No solution exists for discriminant 
0.28205199999999997,625,,3.5714465712366987,0.005406193616646512,1.0,,,,False,1,No solution exists for discriminant 
0.28205199999999997,650,,3.5714465712366987,0.005406193616646512,1.0,,,,False,1,No solution exists for discriminant 
0.28205199999999997,675,,3.5714465712366987,0.005406193616646512,1.0,,,,False,1,No solution exists for discriminant 
0.28205199999999997,700,,3.5714465712366987,0.005406193616646512,1.0,,,,False,1,No solution exists for discriminant 
0.28205199999999997,725,,3.5714465712366987,0.005406193616646512,1.0,,,,False,1,No solution exists for discriminant 
0.28205199999999997,750,,3.5714465712366987,0.005406193616646512,1.0,,,,False,1,No solution exists for discriminant 
0.28205199999999997,775,,3.5714465712366987,0.005406193616646512,1.0,,,,False,1,No solution exists for discriminant 
0.28205199999999997,800,,3.5714465712366987,0.005406193616646512,1.0,,,,False,1,No solution exists for discriminant 
0.28205199999999997,825,,3.5714465712366987,0.005406193616646512,1.0,,,,False,1,No solution exists for discriminant 
0.28205199999999997,850,,3.5714465712366987,0.005406193616646512,1.0,,,,False,1,No solution exists for discriminant 
0.28205199999999997,875,,3.5714465712366987,0.005406193616646512,1.0,,,,False,1,No solution exists for discriminant 
0.28205199999999997,900,,3.5714465712366987,0.005406193616646512,1.0,,,,False,1,No solution exists for discriminant 
0.28205199999999997,925,,3.5714465712366987,0.005406193616646512,1.0,,,,False,1,No solution exists for discriminant 
0.28205199999999997,950,,3.5714465712366987,0.005406193616646512,1.0,,,,False,1,No solution exists for discriminant 
0.28205199999999997,975,,3.5714465712366987,0.005406193616646512,1.0,,,,False,1,No solution exists for discriminant 
0.28205199999999997,1000,,3.5714465712366987,0.005406193616646512,1.0,,,,False,1,No solution exists for discriminant 
0.28205199999999997,1025,,3.5714465712366987,0.005406193616646512,1.0,,,,False,1,No solution exists for discriminant 
0.28205199999999997,1050,,3.5714465712366987,0.005406193616646512,1.0,,,,False,1,No solution exists for discriminant 
0.28205199999999997,1075,,3.5714465712366987,0.005406193616646512,1.0,,,,False,1,No solution exists for discriminant 
0.28205199999999997,1100,,3.5714465712366987,0.005406193616646512,1.0,,,,False,1,No solution exists for discriminant 
0.28205199999999997,1125,,3.5714465712366987,0.005406193616646512,1.0,,,,False,1,No solution exists for discriminant 
0.28205199999999997,1150,,3.5714465712366987,0.005406193616646512,1.0,,,,False,1,No solution exists for discriminant 
0.28205199999999997,1175,,3.5714465712366987,0.005406193616646512,1.0,,,,False,1,No solution exists for discriminant 
0.28205199999999997,1200,,3.5714465712366987,0.005406193616646512,1.0,,,,False,1,No solution exists for discriminant 
0.28205199999999997,1225,,3.5714465712366987,0.005406193616646512,1.0,,,,False,1,No solution exists for discriminant 
0.28205199999999997,1250,,3.5714465712366987,0.005406193616646512,1.0,,,,False,1,No solution exists for discriminant 
0.28205199999999997,1275,,3.5714465712366987,0.005406193616646512,1.0,,,,False,1,No solution exists for discriminant 
0.28205199999999997,1300,,3.5714465712366987,0.005406193616646512,1.0,,,,False,1,No solution exists for discriminant 
0.28205199999999997,1325,,3.5714465712366987,0.005406193616646512,1.0,,,,False,1,No solution exists for discriminant 
0.28205199999999997,1350,,3.5714465712366987,0.005406193616646512,1.0,,,,False,1,No solution exists for discriminant 
0.28205199999999997,1375,,3.5714465712366987,0.005406193616646512,1.0,,,,False,1,No solution exists for discriminant 
0.28205199999999997,1400,,3.5714465712366987,0.005406193616646512,1.0,,,,False,1,No solution exists for discriminant 
0.28205199999999997,1425,,3.5714465712366987,0.005406193616646512,1.0,,,,False,1,No solution exists for discriminant 
0.28205199999999997,1450,,3.5714465712366987,0.005406193616646512,1.0,,,,False,1,No solution exists for discriminant 
0.28205199999999997,1475,,3.5714465712366987,0.005406193616646512,1.0,,,,False,1,No solution exists for discriminant 
0.28205199999999997,1500,,3.5714465712366987,0.005406193616646512,1.0,,,,False,1,No solution exists for discriminant 
0.28205199999999997,1525,,3.5714465712366987,0.005406193616646512,1.0,,,,False,1,No solution exists for discriminant 
0.307693,-100,-25.925925925925927,3.591066731110778,0.0025171506394366105,3.9033667146189557,3.6563261921332084,-94.79364201826837,-5.206357981731628,True,5,
0.307693,-75,-20.572089474114858,3.591066731110778,0.0026564863810680612,2.938869924873551,3.6457162066288777,-74.99999999999989,-1.1368683772161603e-13,True,5,
0.307693,-50,-13.69939318007524,3.591066731110778,0.004287048821106267,1.9570561685821772,3.6497966984932906,-50.000000000000114,1.1368683772161603e-13,True,5,
0.307693,-25,-6.891155479301163,3.591066731110778,0.005336099481086266,0.9844507827573089,3.6278386222879613,-25.000000000000064,6.394884621840902e-14,True,3,
0.307693,0,0.0,3.591066731110778,0.003293296535922378,0.0,3.591066731110778,0.0,0.0,True,1,
0.307693,25,7.035274185243462,3.591066731110778,0.005336672970304683,1.0050391693204945,3.5535217735277067,25.00000000000004,-3.907985046680551e-14,True,2,
0.307693,50,14.15607191227227,3.591066731110778,0.0041687741980772726,2.022295987467467,3.5320532637767705,49.999999999999936,6.394884621840902e-14,True,5,
0.307693,75,21.206484400023324,3.591066731110778,0.002565848731972899,3.0294977714319034,3.536654100003375,75.0000000000001,-9.947598300641403e-14,True,5,
0.307693,100,28.442893062388023,3.591066731110778,0.0026456512554347057,4.063270437484003,3.515816755372076,99.99999999999999,1.4210854715202004e-14,True,6,
0.307693,125,36.421009679443344,3.591066731110778,0.004365111239981196,5.203001382777621,3.4320849723875755,124.99999999999993,7.105427357601002e-14,True,7,
0.307693,150,45.90901131314918,3.591066731110778,0.007051651176206742,6.55843018759274,3.2673323974859207,149.99999999999997,2.842170943040401e-14,True,9,
0.307693,175,56.288893687375435,3.591066731110778,0.008564838622197046,8.041270526767919,3.108961440456401,174.99999999999994,5.684341886080802e-14,True,5,
0.307693,200,63.95238713040701,3.591066731110778,0.007251334530434621,9.13605530434386,3.1273265780083346,200.00000000000003,-2.842170943040401e-14,True,25,
0.307693,225,,3.591066731110778,-0.00023102745168572002,8.91499096375703,,,,False,50,Failed to converge after 50 iterations
0.307693,250,,3.591066731110778,-0.021506131505775496,7.553479932065984,,,,False,50,Failed to converge after 50 iterations
0.307693,275,,3.591066731110778,-0.04299320144543376,6.923094554516675,,,,False,50,Failed to converge after 50 iterations
0.307693,300,,3.591066731110778,-0.041505686345514395,7.44722326773033,,,,False,50,Failed to converge after 50 iterations
0.307693,325,,3.591066731110778,-0.05768253372305308,7.161773622862927,,,,False,50,Failed to converge after 50 iterations
0.307693,350,,3.591066731110778,-0.18894186528166287,4.939045353044203,,,,False,50,Failed to converge after 50 iterations
0.307693,375,,3.591066731110778,-0.19742924484386587,5.060929275071154,,,,False,50,Failed to converge after 50 iterations
0.307693,400,,3.591066731110778,-0.238193949940845,4.875534553414973,,,,False,50,Failed to converge after 50 iterations
0.307693,425,,3.591066731110778,-0.29828166369009096,4.6006095483428355,,,,False,50,Failed to converge after 50 iterations
0.307693,450,,3.591066731110778,-0.37015936154512247,4.335982937100424,,,,False,50,Failed to converge after 50 iterations
0.307693,475,,3.591066731110778,-0.456211224934229,4.0815400170405045,,,,False,50,Failed to converge after 50 iterations
0.307693,500,,3.591066731110778,-0.5609812472426565,3.832136065486561,,,,False,50,Failed to converge after 50 iterations
0.307693,525,,3.591066731110778,-0.6920810935349713,3.5814121508382497,,,,False,50,Failed to converge after 50 iterations
0.307693,550,,3.591066731110778,-0.8642215785356526,3.3192804493344035,,,,False,50,Failed to converge after 50 iterations
0.307693,575,,3.591066731110778,-1.1149246083272484,3.022323763123154,,,,False,50,Failed to converge after 50 iterations
0.307693,600,,3.591066731110778,-1.6175566396648529,2.5973531781642274,,,,False,50,Failed to converge after 50 iterations
0.307693,625,,3.591066731110778,0.005336657187893488,1.0,,,,False,1,No solution exists for discriminant 
0.307693,650,,3.591066731110778,0.005336657187893488,1.0,,,,False,1,No solution exists for discriminant 
0.307693,675,,3.591066731110778,0.005336657187893488,1.0,,,,False,1,No solution exists for discriminant 
0.307693,700,,3.591066731110778,0.005336657187893488,1.0,,,,False,1,No solution exists for discriminant 
0.307693,725,,3.591066731110778,0.005336657187893488,1.0,,,,False,1,No solution exists for discriminant 
0.307693,750,,3.591066731110778,0.005336657187893488,1.0,,,,False,1,No solution exists for discriminant 
0.307693,775,,3.591066731110778,0.005336657187893488,1.0,,,,False,1,No solution exists for discriminant 
0.307693,800,,3.591066731110778,0.005336657187893488,1.0,,,,False,1,No solution exists for discriminant 
0.307693,825,,3.591066731110778,0.005336657187893488,1.0,,,,False,1,No solution exists for discriminant 
0.307693,850,,3.591066731110778,0.005336657187893488,1.0,,,,False,1,No solution exists for discriminant 
0.307693,875,,3.591066731110778,0.005336657187893488,1.0,,,,False,1,No solution exists for discriminant 
0.307693,900,,3.591066731110778,0.005336657187893488,1.0,,,,False,1,No solution exists for discriminant 
0.307693,925,,3.591066731110778,0.005336657187893488,1.0,,,,False,1,No solution exists for discriminant 
0.307693,950,,3.591066731110778,0.005336657187893488,1.0,,,,False,1,No solution exists for discriminant 
0.307693,975,,3.591066731110778,0.005336657187893488,1.0,,,,False,1,No solution exists for discriminant 
0.307693,1000,,3.591066731110778,0.005336657187893488,1.0,,,,False,1,No solution exists for discriminant 
0.307693,1025,,3.591066731110778,0.005336657187893488,1.0,,,,False,1,No solution exists for discriminant 
0.307693,1050,,3.591066731110778,0.005336657187893488,1.0,,,,False,1,No solution exists for discriminant 
0.307693,1075,,3.591066731110778,0.005336657187893488,1.0,,,,False,1,No solution exists for discriminant 
0.307693,1100,,3.591066731110778,0.005336657187893488,1.0,,,,False,1,No solution exists for discriminant 
0.307693,1125,,3.591066731110778,0.005336657187893488,1.0,,,,False,1,No solution exists for discriminant 
0.307693,1150,,3.591066731110778,0.005336657187893488,1.0,,,,False,1,No solution exists for discriminant 
0.307693,1175,,3.591066731110778,0.005336657187893488,1.0,,,,False,1,No solution exists for discriminant 
0.307693,1200,,3.591066731110778,0.005336657187893488,1.0,,,,False,1,No solution exists for discriminant 
0.307693,1225,,3.591066731110778,0.005336657187893488,1.0,,,,False,1,No solution exists for discriminant 
0.307693,1250,,3.591066731110778,0.005336657187893488,1.0,,,,False,1,No solution exists for discriminant 
0.307693,1275,,3.591066731110778,0.005336657187893488,1.0,,,,False,1,No solution exists for discriminant 
0.307693,1300,,3.591066731110778,0.005336657187893488,1.0,,,,False,1,No solution exists for discriminant 
0.307693,1325,,3.591066731110778,0.005336657187893488,1.0,,,,False,1,No solution exists for discriminant 
0.307693,1350,,3.591066731110778,0.005336657187893488,1.0,,,,False,1,No solution exists for discriminant 
0.307693,1375,,3.591066731110778,0.005336657187893488,1.0,,,,False,1,No solution exists for discriminant 
0.307693,1400,,3.591066731110778,0.005336657187893488,1.0,,,,False,1,No solution exists for discriminant 
0.307693,1425,,3.591066731110778,0.005336657187893488,1.0,,,,False,1,No solution exists for discriminant 
0.307693,1450,,3.591066731110778,0.005336657187893488,1.0,,,,False,1,No solution exists for discriminant 
0.307693,1475,,3.591066731110778,0.005336657187893488,1.0,,,,False,1,No solution exists for discriminant 
0.307693,1500,,3.591066731110778,0.005336657187893488,1.0,,,,False,1,No solution exists for discriminant 
0.307693,1525,,3.591066731110778,0.005336657187893488,1.0,,,,False,1,No solution exists for discriminant 
0.33333399999999996,-100,-25.925925925925927,3.613614042150888,0.002479967428274202,3.8809473122522222,3.6779094939950343,-95.35320910357497,-4.646790896425031,True,5,
0.33333399999999996,-75,-20.446805096538174,3.613614042150888,0.0026625519422837775,2.9209721566483107,3.6680547227741735,-74.99999999999989,-1.1368683772161603e-13,True,5,
0.33333399999999996,-50,-13.616287691101888,3.613614042150888,0.004293298114493048,1.9451839558716983,3.6720728244214906,-50.000000000000085,8.526512829121202e-14,True,5,
0.33333399999999996,-25,-6.8493305211464435,3.613614042150888,0.005311135597331872,0.9784757887352062,3.6499917652996405,-25.000000000000014,1.4210854715202004e-14,True,3,
0.33333399999999996,0,0.0,3.613614042150888,0.0032525528280532828,0.0,3.613614042150888,0.0,0.0,True,1,
0.33333399999999996,25,6.990113167062491,3.613614042150888,0.005312365142311241,0.9985875952946416,3.576480008621375,25.000000000000043,-4.263256414560601e-14,True,2,
0.33333399999999996,50,14.065282480604541,3.613614042150888,0.004177795115277006,2.0093260686577916,3.5548521737084275,50.000000000000114,-1.1368683772161603e-13,True,5,
0.33333399999999996,75,21.07053686281504,3.613614042150888,0.0025695300269977213,3.010076694687863,3.559472664996923,75.00000000000016,-1.5631940186722204e-13,True,5,
0.33333399999999996,100,28.24638947233774,3.613614042150888,0.002596387191449088,4.035198496048248,3.540275478320228,99.99999999999994,5.684341886080802e-14,True,6,
0.33333399999999996,125,36.12290771510216,3.613614042150888,0.004241242462076047,5.160415387871737,3.4604080320959425,125.0,0.0,True,7,
0.33333399999999996,150,45.43008362037389,3.613614042150888,0.006864111440924285,6.490011945767699,3.301776885410133,150.0,0.0,True,9,
0.33333399999999996,175,55.72037397207682,3.613614042150888,0.008487588469909102,7.960053424582403,3.1406824384864658,175.00000000000003,-2.842170943040401e-14,True,6,
0.33333399999999996,200,63.53640437307739,3.613614042150888,0.007331424770782478,9.076629196153913,3.1478016732836567,200.00000000000006,-5.684341886080802e-14,True,22,
0.33333399999999996,225,,3.613614042150888,0.0037406908314711667,9.556734166239949,,,,False,50,Failed to converge after 50 iterations
0.33333399999999996,250,,3.613614042150888,-0.019367265532675666,7.673930855403287,,,,False,50,Failed to converge after 50 iterations
0.33333399999999996,275,,3.613614042150888,-0.041920724852443254,6.949605584926266,,,,False,50,Failed to converge after 50 iterations
0.33333399999999996,300,,3.613614042150888,-0.04434757107108127,7.291991835309447,,,,False,50,Failed to converge after 50 iterations
0.33333399999999996,325,,3.613614042150888,-0.057691464935405765,7.144237031779862,,,,False,50,Failed to converge after 50 iterations
0.33333399999999996,350,,3.613614042150888,-0.16737304378216017,5.170110244782199,,,,False,50,Failed to converge after 50 iterations
0.33333399999999996,375,,3.613614042150888,-0.19172397558813722,5.113556612182023,,,,False,50,Failed to converge after 50 iterations
0.33333399999999996,400,,3.613614042150888,-0.2308553242761529,4.93262542215344,,,,False,50,Failed to converge after 50 iterations
0.33333399999999996,425,,3.613614042150888,-0.2888311394595256,4.658657440099772,,,,False,50,Failed to converge after 50 iterations
0.33333399999999996,450,,3.613614042150888,-0.3581880670384383,4.39392761096654,,,,False,50,Failed to converge after 50 iterations
0.33333399999999996,475,,3.613614042150888,-0.440825904795352,4.1402648056610225,,,,False,50,Failed to converge after 50 iterations
0.33333399999999996,500,,3.613614042150888,-0.5407374034511419,3.892847207907367,,,,False,50,Failed to converge after 50 iterations
0.33333399999999996,525,,3.613614042150888,-0.6644136666776547,3.6459716855677278,,,,False,50,Failed to converge after 50 iterations
0.33333399999999996,550,,3.613614042150888,-0.8237488459567235,3.39128869667804,,,,False,50,Failed to converge after 50 iterations
0.33333399999999996,575,,3.613614042150888,-1.0459147164801061,3.1118544273999365,,,,False,50,Failed to converge after 50 iterations
0.33333399999999996,600,,3.613614042150888,-1.430744090498035,2.750627420498361,,,,False,50,Failed to converge after 50 iterations
0.33333399999999996,625,,3.613614042150888,0.005312402876800552,1.0,,,,False,1,No solution exists for discriminant 
0.33333399999999996,650,,3.613614042150888,0.005312402876800552,1.0,,,,False,1,No solution exists for discriminant 
0.33333399999999996,675,,3.613614042150888,0.005312402876800552,1.0,,,,False,1,No solution exists for discriminant 
0.33333399999999996,700,,3.613614042150888,0.005312402876800552,1.0,,,,False,1,No solution exists for discriminant 
0.33333399999999996,725,,3.613614042150888,0.005312402876800552,1.0,,,,False,1,No solution exists for discriminant 
0.33333399999999996,750,,3.613614042150888,0.005312402876800552,1.0,,,,False,1,No solution exists for discriminant 
0.33333399999999996,775,,3.613614042150888,0.005312402876800552,1.0,,,,False,1,No solution exists for discriminant 
0.33333399999999996,800,,3.613614042150888,0.005312402876800552,1.0,,,,False,1,No solution exists for discriminant 
0.33333399999999996,825,,3.613614042150888,0.005312402876800552,1.0,,,,False,1,No solution exists for discriminant 
0.33333399999999996,850,,3.613614042150888,0.005312402876800552,1.0,,,,False,1,No solution exists for discriminant 
0.33333399999999996,875,,3.613614042150888,0.005312402876800552,1.0,,,,False,1,No solution exists for discriminant 
0.33333399999999996,900,,3.613614042150888,0.005312402876800552,1.0,,,,False,1,No solution exists for discriminant 
0.33333399999999996,925,,3.613614042150888,0.005312402876800552,1.0,,,,False,1,No solution exists for discriminant 
0.33333399999999996,950,,3.613614042150888,0.005312402876800552,1.0,,,,False,1,No solution exists for discriminant 
0.33333399999999996,975,,3.613614042150888,0.005312402876800552,1.0,,,,False,1,No solution exists for discriminant 
0.33333399999999996,1000,,3.613614042150888,0.005312402876800552,1.0,,,,False,1,No solution exists for discriminant 
0.33333399999999996,1025,,3.613614042150888,0.005312402876800552,1.0,,,,False,1,No solution exists for discriminant 
0.33333399999999996,1050,,3.613614042150888,0.005312402876800552,1.0,,,,False,1,No solution exists for discriminant 
0.33333399999999996,1075,,3.613614042150888,0.005312402876800552,1.0,,,,False,1,No solution exists for discriminant 
0.33333399999999996,1100,,3.613614042150888,0.005312402876800552,1.0,,,,False,1,No solution exists for discriminant 
0.33333399999999996,1125,,3.613614042150888,0.005312402876800552,1.0,,,,False,1,No solution exists for discriminant 
0.33333399999999996,1150,,3.613614042150888,0.005312402876800552,1.0,,,,False,1,No solution exists for discriminant 
0.33333399999999996,1175,,3.613614042150888,0.005312402876800552,1.0,,,,False,1,No solution exists for discriminant 
0.33333399999999996,1200,,3.613614042150888,0.005312402876800552,1.0,,,,False,1,No solution exists for discriminant 
0.33333399999999996,1225,,3.613614042150888,0.005312402876800552,1.0,,,,False,1,No solution exists for discriminant 
0.33333399999999996,1250,,3.613614042150888,0.005312402876800552,1.0,,,,False,1,No solution exists for discriminant 
0.33333399999999996,1275,,3.613614042150888,0.005312402876800552,1.0,,,,False,1,No solution exists for discriminant 
0.33333399999999996,1300,,3.613614042150888,0.005312402876800552,1.0,,,,False,1,No solution exists for discriminant 
0.33333399999999996,1325,,3.613614042150888,0.005312402876800552,1.0,,,,False,1,No solution exists for discriminant 
0.33333399999999996,1350,,3.613614042150888,0.005312402876800552,1.0,,,,False,1,No solution exists for discriminant 
0.33333399999999996,1375,,3.613614042150888,0.005312402876800552,1.0,,,,False,1,No solution exists for discriminant 
0.33333399999999996,1400,,3.613614042150888,0.005312402876800552,1.0,,,,False,1,No solution exists for discriminant 
0.33333399999999996,1425,,3.613614042150888,0.005312402876800552,1.0,,,,False,1,No solution exists for discriminant 
0.33333399999999996,1450,,3.613614042150888,0.005312402876800552,1.0,,,,False,1,No solution exists for discriminant 
0.33333399999999996,1475,,3.613614042150888,0.005312402876800552,1.0,,,,False,1,No solution exists for discriminant 
0.33333399999999996,1500,,3.613614042150888,0.005312402876800552,1.0,,,,False,1,No solution exists for discriminant 
0.33333399999999996,1525,,3.613614042150888,0.005312402876800552,1.0,,,,False,1,No solution exists for discriminant 
0.358975,-100,-25.925925925925927,3.640431233914334,0.0024740689022032555,3.853537726556189,3.7045737610084926,-96.04450491503499,-3.9554950849650083,True,5,
0.358975,-75,-20.295859597116106,3.640431233914334,0.002705169980304859,2.8994085138737296,3.695334984020935,-75.00000000000018,1.8474111129762605e-13,True,5,
0.358975,-50,-13.516970039151197,3.640431233914334,0.004336963920646714,1.9309957198787424,3.6990538452905954,-50.00000000000001,7.105427357601002e-15,True,5,
0.358975,-25,-6.7997299291671895,3.640431233914334,0.005321590166414054,0.9713899898810271,3.6766166098396615,-24.999999999999954,-4.618527782440651e-14,True,3,
0.358975,0,0.0,3.640431233914334,0.003246081657550256,0.0,3.640431233914334,0.0,0.0,True,1,
0.358975,25,6.9377026007542995,3.640431233914334,0.0053235008713774425,0.9911003715363285,3.6034983680738613,24.9999999999999,9.947598300641403e-14,True,2,
0.358975,50,13.960756293889863,3.640431233914334,0.004223508409635837,1.9943937562699805,3.5814678623022136,49.9999999999999,9.947598300641403e-14,True,5,
0.358975,75,20.91539280147265,3.640431233914334,0.002608388816309161,2.9879132573532354,3.5858757572422597,75.00000000000004,-4.263256414560601e-14,True,5,
0.358975,100,28.025855558427573,3.640431233914334,0.002579672284383044,4.003693651203939,3.568133711084136,100.00000000000014,-1.4210854715202004e-13,True,6,
0.358975,125,35.79813308338163,3.640431233914334,0.004151865393595102,5.114019011911661,3.49180220401013,124.99999999999991,8.526512829121202e-14,True,7,
0.358975,150,44.92814117150718,3.640431233914334,0.00671664803015646,6.4183058816438825,3.338664723016139,150.0,0.0,True,9,
0.358975,175,55.123958692963235,3.640431233914334,0.008449467367924604,7.874851241851891,3.1746631437473174,174.99999999999994,5.684341886080802e-14,True,7,
0.358975,200,63.0927629905618,3.640431233914334,0.00745720333659423,9.013251855794543,3.1699356712261677,200.00000000000003,-2.842170943040401e-14,True,19,
0.358975,225,,3.640431233914334,0.005009400609463048,9.74394480379838,,,,False,50,Failed to converge after 50 iterations
0.358975,250,,3.640431233914334,-0.01726363808123387,7.793969819222894,,,,False,50,Failed to converge after 50 iterations
0.358975,275,,3.640431233914334,-0.039711517861612554,7.024094501695738,,,,False,50,Failed to converge after 50 iterations
0.358975,300,,3.640431233914334,-0.047590111455543635,7.1258915347493765,,,,False,50,Failed to converge after 50 iterations
0.358975,325,,3.640431233914334,-0.05770795021645782,7.123237326440112,,,,False,50,Failed to converge after 50 iterations
0.358975,350,,3.640431233914334,-0.14907340245499998,5.394149895408944,,,,False,50,Failed to converge after 50 iterations
0.358975,375,,3.640431233914334,-0.18669489646490095,5.159460367995389,,,,False,50,Failed to converge after 50 iterations
0.358975,400,,3.640431233914334,-0.22423020840632632,4.984487238779829,,,,False,50,Failed to converge after 50 iterations
0.358975,425,,3.640431233914334,-0.2802839810644812,4.711939764826144,,,,False,50,Failed to converge after 50 iterations
0.358975,450,,3.640431233914334,-0.34748382885092166,4.446774458853857,,,,False,50,Failed to converge after 50 iterations
0.358975,475,,3.640431233914334,-0.42725927944869435,4.193367385671382,,,,False,50,Failed to converge after 50 iterations
0.358975,500,,3.640431233914334,-0.5231890094765426,3.9471584510400497,,,,False,50,Failed to converge after 50 iterations
0.358975,525,,3.640431233914334,-0.640972825759622,3.7028754973825717,,,,False,50,Failed to converge after 50 iterations
0.358975,550,,3.640431233914334,-0.7906544934943025,3.4532639066463178,,,,False,50,Failed to converge after 50 iterations
0.358975,575,,3.640431233914334,-0.9935362309582656,3.184947815016131,,,,False,50,Failed to converge after 50 iterations
0.358975,600,,3.640431233914334,-1.3165186248263607,2.858624135116433,,,,False,50,Failed to converge after 50 iterations
0.358975,625,,3.640431233914334,0.005323953320467245,1.0,,,,False,1,No solution exists for discriminant 
0.358975,650,,3.640431233914334,0.005323953320467245,1.0,,,,False,1,No solution exists for discriminant 
0.358975,675,,3.640431233914334,0.005323953320467245,1.0,,,,False,1,No solution exists for discriminant 
0.358975,700,,3.640431233914334,0.005323953320467245,1.0,,,,False,1,No solution exists for discriminant 
0.358975,725,,3.640431233914334,0.005323953320467245,1.0,,,,False,1,No solution exists for discriminant 
0.358975,750,,3.640431233914334,0.005323953320467245,1.0,,,,False,1,No solution exists for discriminant 
0.358975,775,,3.640431233914334,0.005323953320467245,1.0,,,,False,1,No solution exists for discriminant 
0.358975,800,,3.640431233914334,0.005323953320467245,1.0,,,,False,1,No solution exists for discriminant 
0.358975,825,,3.640431233914334,0.005323953320467245,1.0,,,,False,1,No solution exists for discriminant 
0.358975,850,,3.640431233914334,0.005323953320467245,1.0,,,,False,1,No solution exists for discriminant 
0.358975,875,,3.640431233914334,0.005323953320467245,1.0,,,,False,1,No solution exists for discriminant 
0.358975,900,,3.640431233914334,0.005323953320467245,1.0,,,,False,1,No solution exists for discriminant 
0.358975,925,,3.640431233914334,0.005323953320467245,1.0,,,,False,1,No solution exists for discriminant 
0.358975,950,,3.640431233914334,0.005323953320467245,1.0,,,,False,1,No solution exists for discriminant 
0.358975,975,,3.640431233914334,0.005323953320467245,1.0,,,,False,1,No solution exists for discriminant 
0.358975,1000,,3.640431233914334,0.005323953320467245,1.0,,,,False,1,No solution exists for discriminant 
0.358975,1025,,3.640431233914334,0.005323953320467245,1.0,,,,False,1,No solution exists for discriminant 
0.358975,1050,,3.640431233914334,0.005323953320467245,1.0,,,,False,1,No solution exists for discriminant 
0.358975,1075,,3.640431233914334,0.005323953320467245,1.0,,,,False,1,No solution exists for discriminant 
0.358975,1100,,3.640431233914334,0.005323953320467245,1.0,,,,False,1,No solution exists for discriminant 
0.358975,1125,,3.640431233914334,0.005323953320467245,1.0,,,,False,1,No solution exists for discriminant 
0.358975,1150,,3.640431233914334,0.005323953320467245,1.0,,,,False,1,No solution exists for discriminant 
0.358975,1175,,3.640431233914334,0.005323953320467245,1.0,,,,False,1,No solution exists for discriminant 
0.358975,1200,,3.640431233914334,0.005323953320467245,1.0,,,,False,1,No solution exists for discriminant 
0.358975,1225,,3.640431233914334,0.005323953320467245,1.0,,,,False,1,No solution exists for discriminant 
0.358975,1250,,3.640431233914334,0.005323953320467245,1.0,,,,False,1,No solution exists for discriminant 
0.358975,1275,,3.640431233914334,0.005323953320467245,1.0,,,,False,1,No solution exists for discriminant 
0.358975,1300,,3.640431233914334,0.005323953320467245,1.0,,,,False,1,No solution exists for discriminant 
0.358975,1325,,3.640431233914334,0.005323953320467245,1.0,,,,False,1,No solution exists for discriminant 
0.358975,1350,,3.640431233914334,0.005323953320467245,1.0,,,,False,1,No solution exists for discriminant 
0.358975,1375,,3.640431233914334,0.005323953320467245,1.0,,,,False,1,No solution exists for discriminant 
0.358975,1400,,3.640431233914334,0.005323953320467245,1.0,,,,False,1,No solution exists for discriminant 
0.358975,1425,,3.640431233914334,0.005323953320467245,1.0,,,,False,1,No solution exists for discriminant 
0.358975,1450,,3.640431233914334,0.005323953320467245,1.0,,,,False,1,No solution exists for discriminant 
0.358975,1475,,3.640431233914334,0.005323953320467245,1.0,,,,False,1,No solution exists for discriminant 
0.358975,1500,,3.640431233914334,0.005323953320467245,1.0,,,,False,1,No solution exists for discriminant 
0.358975,1525,,3.640431233914334,0.005323953320467245,1.0,,,,False,1,No solution exists for discriminant 
0.38461599999999996,-100,-25.925925925925927,3.6702051049181197,0.002489556262971056,3.8229527751635364,3.734749156180332,-96.82682997504565,-3.173170024954345,True,5,
0.38461599999999996,-75,-20.128810707927176,3.6702051049181197,0.002772018903138191,2.8755443868467396,3.726002548698184,-74.99999999999996,-4.263256414560601e-14,True,5,
0.38461599999999996,-50,-13.407414222166128,3.6702051049181197,0.004406126828694597,1.9153448888808755,3.7292798724258276,-49.99999999999993,-7.105427357601002e-14,True,4,
0.38461599999999996,-25,-6.745190100142243,3.6702051049181197,0.00535784122990003,0.9635985857346061,3.7063447625401755,-25.000000000000043,4.263256414560601e-14,True,3,
0.38461599999999996,0,0.0,3.6702051049181197,0.0032649177193428626,0.0,3.6702051049181197,0.0,0.0,True,1,
0.38461599999999996,25,6.880756657354438,3.6702051049181197,0.0053604227759732614,0.9829652367649198,3.6333213402161073,24.99999999999993,7.105427357601002e-14,True,3,
0.38461599999999996,50,13.847571792103516,3.6702051049181197,0.004294165117020101,1.9782245417290736,3.6107413451730372,50.00000000000006,-5.684341886080802e-14,True,5,
0.38461599999999996,75,20.74806225974759,3.6702051049181197,0.002670596654716566,2.964008894249656,3.614795399255387,74.99999999999991,8.526512829121202e-14,True,5,
0.38461599999999996,100,27.79045953377219,3.6702051049181197,0.002585344455925652,3.9700656476817415,3.598357194434856,99.99999999999989,1.1368683772161603e-13,True,6,
0.38461599999999996,125,35.45875243398719,3.6702051049181197,0.004088761352115996,5.065536061998171,3.5252227283717836,124.99999999999996,4.263256414560601e-14,True,7,
0.38461599999999996,150,44.41877187460231,3.6702051049181197,0.006602039070808963,6.345538839228901,3.376950637524645,150.00000000000003,-2.842170943040401e-14,True,9,
0.38461599999999996,175,54.51602179510447,3.6702051049181197,0.00844044748202294,7.788003113586353,3.2100654860277222,174.99999999999994,5.684341886080802e-14,True,7,
0.38461599999999996,200,62.632058137458245,3.6702051049181197,0.007615145335231909,8.947436876779749,3.193252879556681,200.0,0.0,True,17,
0.38461599999999996,225,,3.6702051049181197,0.005298885390120617,9.710803450458894,,,,False,50,Failed to converge after 50 iterations
0.38461599999999996,250,,3.6702051049181197,-0.01524155717571117,7.9114027869349925,,,,False,50,Failed to converge after 50 iterations
0.38461599999999996,275,,3.6702051049181197,-0.037395930198305,7.104243929436875,,,,False,50,Failed to converge after 50 iterations
0.38461599999999996,300,,3.6702051049181197,-0.0505015270300837,6.981850951116414,,,,False,50,Failed to converge after 50 iterations
0.38461599999999996,325,,3.6702051049181197,-0.057567998382852766,7.105970874820305,,,,False,50,Failed to converge after 50 iterations
0.38461599999999996,350,,3.6702051049181197,-0.13348972766009176,5.610122571872169,,,,False,50,Failed to converge after 50 iterations
0.38461599999999996,375,,3.6702051049181197,-0.1824096693374877,5.197631372934539,,,,False,50,Failed to converge after 50 iterations
0.38461599999999996,400,,3.6702051049181197,-0.21834046400647197,5.0306433518296485,,,,False,50,Failed to converge after 50 iterations
0.38461599999999996,425,,3.6702051049181197,-0.27258947657835114,4.760482959648146,,,,False,50,Failed to converge after 50 iterations
0.38461599999999996,450,,3.6702051049181197,-0.3379194388539234,4.49477731531843,,,,False,50,Failed to converge after 50 iterations
0.38461599999999996,475,,3.6702051049181197,-0.4152592703652181,4.241338721628161,,,,False,50,Failed to converge after 50 iterations
0.38461599999999996,500,,3.6702051049181197,-0.5078596918247008,3.9958706428592103,,,,False,50,Failed to converge after 50 iterations
0.38461599999999996,525,,3.6702051049181197,-0.6208351750397985,3.753397804006217,,,,False,50,Failed to converge after 50 iterations
0.38461599999999996,550,,3.6702051049181197,-0.7629334526836176,3.5074018355392367,,,,False,50,Failed to converge after 50 iterations
0.38461599999999996,575,,3.6702051049181197,-0.9517404708771467,3.2467068706695996,,,,False,50,Failed to converge after 50 iterations
0.38461599999999996,600,,3.6702051049181197,-1.2362409435316395,2.9422882305201066,,,,False,50,Failed to converge after 50 iterations
0.38461599999999996,625,,3.6702051049181197,-1.8805816614799897,2.4686550250456705,,,,False,50,Failed to converge after 50 iterations
0.38461599999999996,650,,3.6702051049181197,0.00536168536588809,1.0,,,,False,1,No solution exists for discriminant 
0.38461599999999996,675,,3.6702051049181197,0.00536168536588809,1.0,,,,False,1,No solution exists for discriminant 
0.38461599999999996,700,,3.6702051049181197,0.00536168536588809,1.0,,,,False,1,No solution exists for discriminant 
0.38461599999999996,725,,3.6702051049181197,0.00536168536588809,1.0,,,,False,1,No solution exists for discriminant 
0.38461599999999996,750,,3.6702051049181197,0.00536168536588809,1.0,,,,False,1,No solution exists for discriminant 
0.38461599999999996,775,,3.6702051049181197,0.00536168536588809,1.0,,,,False,1,No solution exists for discriminant 
0.38461599999999996,800,,3.6702051049181197,0.00536168536588809,1.0,,,,False,1,No solution exists for discriminant 
0.38461599999999996,825,,3.6702051049181197,0.00536168536588809,1.0,,,,False,1,No solution exists for discriminant 
0.38461599999999996,850,,3.6702051049181197,0.00536168536588809,1.0,,,,False,1,No solution exists for discriminant 
0.38461599999999996,875,,3.6702051049181197,0.00536168536588809,1.0,,,,False,1,No solution exists for discriminant 
0.38461599999999996,900,,3.6702051049181197,0.00536168536588809,1.0,,,,False,1,No solution exists for discriminant 
0.38461599999999996,925,,3.6702051049181197,0.00536168536588809,1.0,,,,False,1,No solution exists for discriminant 
0.38461599999999996,950,,3.6702051049181197,0.00536168536588809,1.0,,,,False,1,No solution exists for discriminant 
0.38461599999999996,975,,3.6702051049181197,0.00536168536588809,1.0,,,,False,1,No solution exists for discriminant 
0.38461599999999996,1000,,3.6702051049181197,0.00536168536588809,1.0,,,,False,1,No solution exists for discriminant 
0.38461599999999996,1025,,3.6702051049181197,0.00536168536588809,1.0,,,,False,1,No solution exists for discriminant 
0.38461599999999996,1050,,3.6702051049181197,0.00536168536588809,1.0,,,,False,1,No solution exists for discriminant 
0.38461599999999996,1075,,3.6702051049181197,0.00536168536588809,1.0,,,,False,1,No solution exists for discriminant 
0.38461599999999996,1100,,3.6702051049181197,0.00536168536588809,1.0,,,,False,1,No solution exists for discriminant 
0.38461599999999996,1125,,3.6702051049181197,0.00536168536588809,1.0,,,,False,1,No solution exists for discriminant 
0.38461599999999996,1150,,3.6702051049181197,0.00536168536588809,1.0,,,,False,1,No solution exists for discriminant 
0.38461599999999996,1175,,3.6702051049181197,0.00536168536588809,1.0,,,,False,1,No solution exists for discriminant 
0.38461599999999996,1200,,3.6702051049181197,0.00536168536588809,1.0,,,,False,1,No solution exists for discriminant 
0.38461599999999996,1225,,3.6702051049181197,0.00536168536588809,1.0,,,,False,1,No solution exists for discriminant 
0.38461599999999996,1250,,3.6702051049181197,0.00536168536588809,1.0,,,,False,1,No solution exists for discriminant 
0.38461599999999996,1275,,3.6702051049181197,0.00536168536588809,1.0,,,,False,1,No solution exists for discriminant 
0.38461599999999996,1300,,3.6702051049181197,0.00536168536588809,1.0,,,,False,1,No solution exists for discriminant 
0.38461599999999996,1325,,3.6702051049181197,0.00536168536588809,1.0,,,,False,1,No solution exists for discriminant 
0.38461599999999996,1350,,3.6702051049181197,0.00536168536588809,1.0,,,,False,1,No solution exists for discriminant 
0.38461599999999996,1375,,3.6702051049181197,0.00536168536588809,1.0,,,,False,1,No solution exists for discriminant 
0.38461599999999996,1400,,3.6702051049181197,0.00536168536588809,1.0,,,,False,1,No solution exists for discriminant 
0.38461599999999996,1425,,3.6702051049181197,0.00536168536588809,1.0,,,,False,1,No solution exists for discriminant 
0.38461599999999996,1450,,3.6702051049181197,0.00536168536588809,1.0,,,,False,1,No solution exists for discriminant 
0.38461599999999996,1475,,3.6702051049181197,0.00536168536588809,1.0,,,,False,1,No solution exists for discriminant 
0.38461599999999996,1500,,3.6702051049181197,0.00536168536588809,1.0,,,,False,1,No solution exists for discriminant 
0.38461599999999996,1525,,3.6702051049181197,0.00536168536588809,1.0,,,,False,1,No solution exists for discriminant 
0.410257,-100,-25.925925925925927,3.6984933293429294,0.002518136997749299,3.7939740259941543,3.763778362617911,-97.57943903083473,-2.4205609691652654,True,5,
0.410257,-75,-19.971404995901697,3.6984933293429294,0.0028478672686808866,2.853057856557385,3.7553692399403276,-74.99999999999982,-1.8474111129762605e-13,True,5,
0.410257,-50,-13.304312181420233,3.6984933293429294,0.004486265302780602,1.900616025917176,3.7581800034597963,-50.0000000000001,9.947598300641403e-14,True,4,
0.410257,-25,-6.693958088557847,3.6984933293429294,0.005410525951617738,0.9562797269368353,3.734711163300113,-25.000000000000075,7.460698725481052e-14,True,3,
0.410257,0,0.0,3.6984933293429294,0.0033007836391836486,0.0,3.6984933293429294,0.0,0.0,True,1,
0.410257,25,6.827746760338987,3.6984933293429294,0.0054136849798092634,0.9753923943341409,3.661530059260541,24.999999999999975,2.4868995751603507e-14,True,3,
0.410257,50,13.742422853062196,3.6984933293429294,0.004375117486772829,1.963203264723171,3.63836861480787,49.99999999999992,7.815970093361102e-14,True,5,
0.410257,75,20.59288548264648,3.6984933293429294,0.002741665290035201,2.9418407832352114,3.642034529993488,75.0000000000001,-9.947598300641403e-14,True,5,
0.410257,100,27.573755226077054,3.6984933293429294,0.002605969428103754,3.9391078894395792,3.6266369662057567,100.00000000000021,-2.1316282072803006e-13,True,5,
0.410257,125,35.15167186015056,3.6984933293429294,0.004053141489371449,5.021667408592937,3.5560186297057825,124.9999999999999,9.947598300641403e-14,True,7,
0.410257,150,43.96965552094987,3.6984933293429294,0.006528359709637887,6.281379360135696,3.4114436017933034,150.00000000000003,-2.842170943040401e-14,True,9,
0.410257,175,53.97986181630119,3.6984933293429294,0.008457664675238579,7.71140883090017,3.241949758884939,174.99999999999994,5.684341886080802e-14,True,8,
0.410257,200,62.21894076765565,3.6984933293429294,0.007779593902261588,8.888420109665093,3.2144552371417006,199.99999999999997,2.842170943040401e-14,True,16,
0.410257,225,,3.6984933293429294,0.005523944751128702,9.668031892045772,,,,False,50,Failed to converge after 50 iterations
0.410257,250,,3.6984933293429294,-0.013569250191504578,8.009065719943584,,,,False,50,Failed to converge after 50 iterations
0.410257,275,,3.6984933293429294,-0.03548090169609059,7.1699005823728905,,,,False,50,Failed to converge after 50 iterations
0.410257,300,,3.6984933293429294,-0.052011662923351305,6.900414077075916,,,,False,50,Failed to converge after 50 iterations
0.410257,325,,3.6984933293429294,-0.05705283756181086,7.103951927338663,,,,False,50,Failed to converge after 50 iterations
0.410257,350,,3.6984933293429294,-0.1216556016324626,5.792725346420263,,,,False,50,Failed to converge after 50 iterations
0.410257,375,,3.6984933293429294,-0.17956103629230555,5.220953322527327,,,,False,50,Failed to converge after 50 iterations
0.410257,400,,3.6984933293429294,-0.2138861087547097,5.065021834986068,,,,False,50,Failed to converge after 50 iterations
0.410257,425,,3.6984933293429294,-0.2665967766842595,4.798370699759954,,,,False,50,Failed to converge after 50 iterations
0.410257,450,,3.6984933293429294,-0.3305085010208785,4.532238689808353,,,,False,50,Failed to converge after 50 iterations
0.410257,475,,3.6984933293429294,-0.4060384569995115,4.278635737690187,,,,False,50,Failed to converge after 50 iterations
0.410257,500,,3.6984933293429294,-0.4962010232892133,4.033544542455945,,,,False,50,Failed to converge after 50 iterations
0.410257,525,,3.6984933293429294,-0.6057251150916284,3.792171349663949,,,,False,50,Failed to converge after 50 iterations
0.410257,550,,3.6984933293429294,-0.7425399173691225,3.548442210016977,,,,False,50,Failed to converge after 50 iterations
0.410257,575,,3.6984933293429294,-0.9220455697260711,3.2924385237479337,,,,False,50,Failed to converge after 50 iterations
0.410257,600,,3.6984933293429294,-1.183935967361897,3.000577215004352,,,,False,50,Failed to converge after 50 iterations
0.410257,625,,3.6984933293429294,-1.7093588656232583,2.581472192881275,,,,False,50,Failed to converge after 50 iterations
0.410257,650,,3.6984933293429294,0.005415985617323056,1.0,,,,False,1,No solution exists for discriminant 
0.410257,675,,3.6984933293429294,0.005415985617323056,1.0,,,,False,1,No solution exists for discriminant 
0.410257,700,,3.6984933293429294,0.005415985617323056,1.0,,,,False,1,No solution exists for discriminant 
0.410257,725,,3.6984933293429294,0.005415985617323056,1.0,,,,False,1,No solution exists for discriminant 
0.410257,750,,3.6984933293429294,0.005415985617323056,1.0,,,,False,1,No solution exists for discriminant 
0.410257,775,,3.6984933293429294,0.005415985617323056,1.0,,,,False,1,No solution exists for discriminant 
0.410257,800,,3.6984933293429294,0.005415985617323056,1.0,,,,False,1,No solution exists for discriminant 
0.410257,825,,3.6984933293429294,0.005415985617323056,1.0,,,,False,1,No solution exists for discriminant 
0.410257,850,,3.6984933293429294,0.005415985617323056,1.0,,,,False,1,No solution exists for discriminant 
0.410257,875,,3.6984933293429294,0.005415985617323056,1.0,,,,False,1,No solution exists for discriminant 
0.410257,900,,3.6984933293429294,0.005415985617323056,1.0,,,,False,1,No solution exists for discriminant 
0.410257,925,,3.6984933293429294,0.005415985617323056,1.0,,,,False,1,No solution exists for discriminant 
0.410257,950,,3.6984933293429294,0.005415985617323056,1.0,,,,False,1,No solution exists for discriminant 
0.410257,975,,3.6984933293429294,0.005415985617323056,1.0,,,,False,1,No solution exists for discriminant 
0.410257,1000,,3.6984933293429294,0.005415985617323056,1.0,,,,False,1,No solution exists for discriminant 
0.410257,1025,,3.6984933293429294,0.005415985617323056,1.0,,,,False,1,No solution exists for discriminant 
0.410257,1050,,3.6984933293429294,0.005415985617323056,1.0,,,,False,1,No solution exists for discriminant 
0.410257,1075,,3.6984933293429294,0.005415985617323056,1.0,,,,False,1,No solution exists for discriminant 
0.410257,1100,,3.6984933293429294,0.005415985617323056,1.0,,,,False,1,No solution exists for discriminant 
0.410257,1125,,3.6984933293429294,0.005415985617323056,1.0,,,,False,1,No solution exists for discriminant 
0.410257,1150,,3.6984933293429294,0.005415985617323056,1.0,,,,False,1,No solution exists for discriminant 
0.410257,1175,,3.6984933293429294,0.005415985617323056,1.0,,,,False,1,No solution exists for discriminant 
0.410257,1200,,3.6984933293429294,0.005415985617323056,1.0,,,,False,1,No solution exists for discriminant 
0.410257,1225,,3.6984933293429294,0.005415985617323056,1.0,,,,False,1,No solution exists for discriminant 
0.410257,1250,,3.6984933293429294,0.005415985617323056,1.0,,,,False,1,No solution exists for discriminant 
0.410257,1275,,3.6984933293429294,0.005415985617323056,1.0,,,,False,1,No solution exists for discriminant 
0.410257,1300,,3.6984933293429294,0.005415985617323056,1.0,,,,False,1,No solution exists for discriminant 
0.410257,1325,,3.6984933293429294,0.005415985617323056,1.0,,,,False,1,No solution exists for discriminant 
0.410257,1350,,3.6984933293429294,0.005415985617323056,1.0,,,,False,1,No solution exists for discriminant 
0.410257,1375,,3.6984933293429294,0.005415985617323056,1.0,,,,False,1,No solution exists for discriminant 
0.410257,1400,,3.6984933293429294,0.005415985617323056,1.0,,,,False,1,No solution exists for discriminant 
0.410257,1425,,3.6984933293429294,0.005415985617323056,1.0,,,,False,1,No solution exists for discriminant 
0.410257,1450,,3.6984933293429294,0.005415985617323056,1.0,,,,False,1,No solution exists for discriminant 
0.410257,1475,,3.6984933293429294,0.005415985617323056,1.0,,,,False,1,No solution exists for discriminant 
0.410257,1500,,3.6984933293429294,0.005415985617323056,1.0,,,,False,1,No solution exists for discriminant 
0.410257,1525,,3.6984933293429294,0.005415985617323056,1.0,,,,False,1,No solution exists for discriminant 
0.435898,-100,-25.925925925925927,3.7236308327412426,0.0025512460283471736,3.7683935267657955,3.789774248290984,-98.25340643717367,-1.7465935628263338,True,5,
0.435898,-75,-19.8329740681641,3.7236308327412426,0.002921915415039682,2.8332820097377285,3.781581105397094,-74.99999999999989,-1.1368683772161603e-13,True,5,
0.435898,-50,-13.213592395052048,3.7236308327412426,0.0045673791772653325,1.887656056436007,3.783982319503275,-49.999999999999886,-1.1368683772161603e-13,True,4,
0.435898,-25,-6.6489156151939115,3.7236308327412426,0.0054716879180919335,0.9498450878848445,3.760011623981312,-24.999999999999964,-3.552713678800501e-14,True,3,
0.435898,0,0.0,3.7236308327412426,0.003346633698343393,0.0,3.7236308327412426,0.0,0.0,True,1,
0.435898,25,6.781499908233154,3.7236308327412426,0.005475299932638546,0.9687857011761648,3.686500086750505,25.000000000000064,-6.394884621840902e-14,True,3,
0.435898,50,13.650769014273296,3.7236308327412426,0.0044564174005545035,1.9501098591818995,3.662797308175085,50.000000000000085,-8.526512829121202e-14,True,5,
0.435898,75,20.45758962971754,3.7236308327412426,0.0028111709394884475,2.9225128042453625,3.6661210512822002,74.9999999999999,9.947598300641403e-14,True,5,
0.435898,100,27.385814547938836,3.7236308327412426,0.0026329448211227244,3.912259221134119,3.6515254941550195,100.00000000000007,-7.105427357601002e-14,True,5,
0.435898,125,34.88959515915643,3.7236308327412426,0.004038476543495487,4.98422787987949,3.5827300210789357,125.00000000000004,-4.263256414560601e-14,True,7,
0.435898,150,43.59676915708687,3.7236308327412426,0.006491510933219563,6.2281098795838385,3.440621929104964,150.0,0.0,True,9,
0.435898,175,53.53978524961124,3.7236308327412426,0.008498978546556138,7.6485407499444635,3.268597346517574,175.00000000000006,-5.684341886080802e-14,True,8,
0.435898,200,61.87603553672234,3.7236308327412426,0.00794106621797797,8.839433648103192,3.2322691372381724,200.00000000000003,-2.842170943040401e-14,True,15,
0.435898,225,,3.7236308327412426,0.005730415401452537,9.631436443869442,,,,False,50,Failed to converge after 50 iterations
0.435898,250,,3.7236308327412426,-0.01231890271128263,8.079521392543283,,,,False,50,Failed to converge after 50 iterations
0.435898,275,,3.7236308327412426,-0.0340672847083769,7.215812029839896,,,,False,50,Failed to converge after 50 iterations
0.435898,300,,3.7236308327412426,-0.052204071925260186,6.873282311697478,,,,False,50,Failed to converge after 50 iterations
0.435898,325,,3.7236308327412426,-0.05592884435536179,7.127457417384589,,,,False,50,Failed to converge after 50 iterations
0.435898,350,,3.7236308327412426,-0.11264293690515713,5.944619787960792,,,,False,50,Failed to converge after 50 iterations
0.435898,375,,3.7236308327412426,-0.178580177681173,5.224285365164908,,,,False,50,Failed to converge after 50 iterations
0.435898,400,,3.7236308327412426,-0.21096217722002783,5.0862760931347895,,,,False,50,Failed to converge after 50 iterations
0.435898,425,,3.7236308327412426,-0.2623638949407144,4.824617580688026,,,,False,50,Failed to converge after 50 iterations
0.435898,450,,3.7236308327412426,-0.32528135491237653,4.5583486376358415,,,,False,50,Failed to converge after 50 iterations
0.435898,475,,3.7236308327412426,-0.3995743531285484,4.3046281880087935,,,,False,50,Failed to converge after 50 iterations
0.435898,500,,3.7236308327412426,-0.48808983272232603,4.059754885805537,,,,False,50,Failed to converge after 50 iterations
0.435898,525,,3.7236308327412426,-0.5953180803429389,3.819040795464319,,,,False,50,Failed to converge after 50 iterations
0.435898,550,,3.7236308327412426,-0.7286976889826889,3.576665654103576,,,,False,50,Failed to converge after 50 iterations
0.435898,575,,3.7236308327412426,-0.9023806941762628,3.3234056365453455,,,,False,50,Failed to converge after 50 iterations
0.435898,600,,3.7236308327412426,-1.1512573985310754,3.0384485535468366,,,,False,50,Failed to converge after 50 iterations
0.435898,625,,3.7236308327412426,-1.6228687219549436,2.644393521887792,,,,False,50,Failed to converge after 50 iterations
0.435898,650,,3.7236308327412426,0.00547865489441422,1.0,,,,False,1,No solution exists for discriminant 
0.435898,675,,3.7236308327412426,0.00547865489441422,1.0,,,,False,1,No solution exists for discriminant 
0.435898,700,,3.7236308327412426,0.00547865489441422,1.0,,,,False,1,No solution exists for discriminant 
0.435898,725,,3.7236308327412426,0.00547865489441422,1.0,,,,False,1,No solution exists for discriminant 
0.435898,750,,3.7236308327412426,0.00547865489441422,1.0,,,,False,1,No solution exists for discriminant 
0.435898,775,,3.7236308327412426,0.00547865489441422,1.0,,,,False,1,No solution exists for discriminant 
0.435898,800,,3.7236308327412426,0.00547865489441422,1.0,,,,False,1,No solution exists for discriminant 
0.435898,825,,3.7236308327412426,0.00547865489441422,1.0,,,,False,1,No solution exists for discriminant 
0.435898,850,,3.7236308327412426,0.00547865489441422,1.0,,,,False,1,No solution exists for discriminant 
0.435898,875,,3.7236308327412426,0.00547865489441422,1.0,,,,False,1,No solution exists for discriminant 
0.435898,900,,3.7236308327412426,0.00547865489441422,1.0,,,,False,1,No solution exists for discriminant 
0.435898,925,,3.7236308327412426,0.00547865489441422,1.0,,,,False,1,No solution exists for discriminant 
0.435898,950,,3.7236308327412426,0.00547865489441422,1.0,,,,False,1,No solution exists for discriminant 
0.435898,975,,3.7236308327412426,0.00547865489441422,1.0,,,,False,1,No solution exists for discriminant 
0.435898,1000,,3.7236308327412426,0.00547865489441422,1.0,,,,False,1,No solution exists for discriminant 
0.435898,1025,,3.7236308327412426,0.00547865489441422,1.0,,,,False,1,No solution exists for discriminant 
0.435898,1050,,3.7236308327412426,0.00547865489441422,1.0,,,,False,1,No solution exists for discriminant 
0.435898,1075,,3.7236308327412426,0.00547865489441422,1.0,,,,False,1,No solution exists for discriminant 
0.435898,1100,,3.7236308327412426,0.00547865489441422,1.0,,,,False,1,No solution exists for discriminant 
0.435898,1125,,3.7236308327412426,0.00547865489441422,1.0,,,,False,1,No solution exists for discriminant 
0.435898,1150,,3.7236308327412426,0.00547865489441422,1.0,,,,False,1,No solution exists for discriminant 
0.435898,1175,,3.7236308327412426,0.00547865489441422,1.0,,,,False,1,No solution exists for discriminant 
0.435898,1200,,3.7236308327412426,0.00547865489441422,1.0,,,,False,1,No solution exists for discriminant 
0.435898,1225,,3.7236308327412426,0.00547865489441422,1.0,,,,False,1,No solution exists for discriminant 
0.435898,1250,,3.7236308327412426,0.00547865489441422,1.0,,,,False,1,No solution exists for discriminant 
0.435898,1275,,3.7236308327412426,0.00547865489441422,1.0,,,,False,1,No solution exists for discriminant 
0.435898,1300,,3.7236308327412426,0.00547865489441422,1.0,,,,False,1,No solution exists for discriminant 
0.435898,1325,,3.7236308327412426,0.00547865489441422,1.0,,,,False,1,No solution exists for discriminant 
0.435898,1350,,3.7236308327412426,0.00547865489441422,1.0,,,,False,1,No solution exists for discriminant 
0.435898,1375,,3.7236308327412426,0.00547865489441422,1.0,,,,False,1,No solution exists for discriminant 
0.435898,1400,,3.7236308327412426,0.00547865489441422,1.0,,,,False,1,No solution exists for discriminant 
0.435898,1425,,3.7236308327412426,0.00547865489441422,1.0,,,,False,1,No solution exists for discriminant 
0.435898,1450,,3.7236308327412426,0.00547865489441422,1.0,,,,False,1,No solution exists for discriminant 
0.435898,1475,,3.7236308327412426,0.00547865489441422,1.0,,,,False,1,No solution exists for discriminant 
0.435898,1500,,3.7236308327412426,0.00547865489441422,1.0,,,,False,1,No solution exists for discriminant 
0.435898,1525,,3.7236308327412426,0.00547865489441422,1.0,,,,False,1,No solution exists for discriminant 
0.461539,-100,-25.925925925925927,3.7478410817450802,0.0025810940829561636,3.7441373171886467,3.8147583357476473,-98.90114203790198,-1.0988579620980232,True,5,
0.461539,-75,-19.70185814243297,3.7478410817450802,0.0029898934891982947,2.8145511632047104,3.806747539130249,-74.99999999999997,-2.842170943040401e-14,True,5,
0.461539,-50,-13.12742246904855,3.7478410817450802,0.004645217856342574,1.8753460670069357,3.8088208190060575,-50.00000000000002,2.1316282072803006e-14,True,4,
0.461539,-25,-6.606056619884922,3.7478410817450802,0.005535052700770257,0.9437223742692745,3.7844059532804155,-24.999999999999996,-3.552713678800501e-15,True,3,
0.461539,0,0.0,3.7478410817450802,0.003397001108560809,0.0,3.7478410817450802,0.0,0.0,True,1,
0.461539,25,6.737597593689933,3.7478410817450802,0.005539020330910536,0.9625139419557047,3.710521391692138,24.999999999999968,3.197442310920451e-14,True,3,
0.461539,50,13.563583190175523,3.7478410817450802,0.004534167084551257,1.937654741453646,3.6863415292956137,49.999999999999915,8.526512829121202e-14,True,5,
0.461539,75,20.32851073145731,3.7478410817450802,0.002874851537082188,2.9040729616367584,3.6893996314221584,75.0,0.0,True,5,
0.461539,100,27.206876206228205,3.7478410817450802,0.0026574045500774787,3.8866966008897434,3.6755414051212547,100.00000000000006,-5.684341886080802e-14,True,5,
0.461539,125,34.64292020738489,3.7478410817450802,0.004029689955132771,4.948988601054984,3.6082408541689155,125.00000000000004,-4.263256414560601e-14,True,7,
0.461539,150,43.25351556335558,3.7478410817450802,0.006471494281130299,6.17907365190794,3.4679262031380444,150.00000000000003,-2.842170943040401e-14,True,9,
0.461539,175,53.13977620492855,3.7478410817450802,0.008555538606847322,7.591396600704079,3.293201674864587,175.00000000000003,-2.842170943040401e-14,True,8,
0.461539,200,61.56154921073649,3.7478410817450802,0.008106682637942907,8.794507030105212,3.248781139593535,199.99999999999997,2.842170943040401e-14,True,14,
0.461539,225,,3.7478410817450802,0.00593383646115723,9.59715953160772,,,,False,50,Failed to converge after 50 iterations
0.461539,250,,3.7478410817450802,-0.011294375855002925,8.133710043701791,,,,False,50,Failed to converge after 50 iterations
0.461539,275,,3.7478410817450802,-0.03292094933890033,7.250143122517643,,,,False,50,Failed to converge after 50 iterations
0.461539,300,,3.7478410817450802,-0.051715476418531636,6.872728869014985,,,,False,50,Failed to converge after 50 iterations
0.461539,325,,3.7478410817450802,-0.05426684571849716,7.173040239285844,,,,False,50,Failed to converge after 50 iterations
0.461539,350,,3.7478410817450802,-0.10384101979220485,6.107186304182916,,,,False,50,Failed to converge after 50 iterations
0.461539,375,,3.7478410817450802,-0.17924219286424367,5.209262848081691,,,,False,50,Failed to converge after 50 iterations
0.461539,400,,3.7478410817450802,-0.20896610863927678,5.099057582326195,,,,False,50,Failed to converge after 50 iterations
0.461539,425,,3.7478410817450802,-0.25898071698949177,4.845035510799192,,,,False,50,Failed to converge after 50 iterations
0.461539,450,,3.7478410817450802,-0.321066439386568,4.579049653891632,,,,False,50,Failed to converge after 50 iterations
0.461539,475,,3.7478410817450802,-0.3943518585785713,4.325417862467541,,,,False,50,Failed to converge after 50 iterations
0.461539,500,,3.7478410817450802,-0.481527443260565,4.080879546311857,,,,False,50,Failed to converge after 50 iterations
0.461539,525,,3.7478410817450802,-0.5868949372527883,3.8408346189944527,,,,False,50,Failed to converge after 50 iterations
0.461539,550,,3.7478410817450802,-0.7175136733174073,3.599658226718136,,,,False,50,Failed to converge after 50 iterations
0.461539,575,,3.7478410817450802,-0.8865998244383732,3.348643537185815,,,,False,50,Failed to converge after 50 iterations
0.461539,600,,3.7478410817450802,-1.1256675994782266,3.068911784062703,,,,False,50,Failed to converge after 50 iterations
0.461539,625,,3.7478410817450802,-1.560419842957567,2.6926309299851945,,,,False,50,Failed to converge after 50 iterations
0.461539,650,,3.7478410817450802,0.005543396061301935,1.0,,,,False,1,No solution exists for discriminant 
0.461539,675,,3.7478410817450802,0.005543396061301935,1.0,,,,False,1,No solution exists for discriminant 
0.461539,700,,3.7478410817450802,0.005543396061301935,1.0,,,,False,1,No solution exists for discriminant 
0.461539,725,,3.7478410817450802,0.005543396061301935,1.0,,,,False,1,No solution exists for discriminant 
0.461539,750,,3.7478410817450802,0.005543396061301935,1.0,,,,False,1,No solution exists for discriminant 
0.461539,775,,3.7478410817450802,0.005543396061301935,1.0,,,,False,1,No solution exists for discriminant 
0.461539,800,,3.7478410817450802,0.005543396061301935,1.0,,,,False,1,No solution exists for discriminant 
0.461539,825,,3.7478410817450802,0.005543396061301935,1.0,,,,False,1,No solution exists for discriminant 
0.461539,850,,3.7478410817450802,0.005543396061301935,1.0,,,,False,1,No solution exists for discriminant 
0.461539,875,,3.7478410817450802,0.005543396061301935,1.0,,,,False,1,No solution exists for discriminant 
0.461539,900,,3.7478410817450802,0.005543396061301935,1.0,,,,False,1,No solution exists for discriminant 
0.461539,925,,3.7478410817450802,0.005543396061301935,1.0,,,,False,1,No solution exists for discriminant 
0.461539,950,,3.7478410817450802,0.005543396061301935,1.0,,,,False,1,No solution exists for discriminant 
0.461539,975,,3.7478410817450802,0.005543396061301935,1.0,,,,False,1,No solution exists for discriminant 
0.461539,1000,,3.7478410817450802,0.005543396061301935,1.0,,,,False,1,No solution exists for discriminant 
0.461539,1025,,3.7478410817450802,0.005543396061301935,1.0,,,,False,1,No solution exists for discriminant 
0.461539,1050,,3.7478410817450802,0.005543396061301935,1.0,,,,False,1,No solution exists for discriminant 
0.461539,1075,,3.7478410817450802,0.005543396061301935,1.0,,,,False,1,No solution exists for discriminant 
0.461539,1100,,3.7478410817450802,0.005543396061301935,1.0,,,,False,1,No solution exists for discriminant 
0.461539,1125,,3.7478410817450802,0.005543396061301935,1.0,,,,False,1,No solution exists for discriminant 
0.461539,1150,,3.7478410817450802,0.005543396061301935,1.0,,,,False,1,No solution exists for discriminant 
0.461539,1175,,3.7478410817450802,0.005543396061301935,1.0,,,,False,1,No solution exists for discriminant 
0.461539,1200,,3.7478410817450802,0.005543396061301935,1.0,,,,False,1,No solution exists for discriminant 
0.461539,1225,,3.7478410817450802,0.005543396061301935,1.0,,,,False,1,No solution exists for discriminant 
0.461539,1250,,3.7478410817450802,0.005543396061301935,1.0,,,,False,1,No solution exists for discriminant 
0.461539,1275,,3.7478410817450802,0.005543396061301935,1.0,,,,False,1,No solution exists for discriminant 
0.461539,1300,,3.7478410817450802,0.005543396061301935,1.0,,,,False,1,No solution exists for discriminant 
0.461539,1325,,3.7478410817450802,0.005543396061301935,1.0,,,,False,1,No solution exists for discriminant 
0.461539,1350,,3.7478410817450802,0.005543396061301935,1.0,,,,False,1,No solution exists for discriminant 
0.461539,1375,,3.7478410817450802,0.005543396061301935,1.0,,,,False,1,No solution exists for discriminant 
0.461539,1400,,3.7478410817450802,0.005543396061301935,1.0,,,,False,1,No solution exists for discriminant 
0.461539,1425,,3.7478410817450802,0.005543396061301935,1.0,,,,False,1,No solution exists for discriminant 
0.461539,1450,,3.7478410817450802,0.005543396061301935,1.0,,,,False,1,No solution exists for discriminant 
0.461539,1475,,3.7478410817450802,0.005543396061301935,1.0,,,,False,1,No solution exists for discriminant 
0.461539,1500,,3.7478410817450802,0.005543396061301935,1.0,,,,False,1,No solution exists for discriminant 
0.461539,1525,,3.7478410817450802,0.005543396061301935,1.0,,,,False,1,No solution exists for discriminant 
0.48718,-100,-25.925925925925927,3.771959245530401,0.0026032113932668677,3.720474960469512,3.8394499112817644,-99.5412939961939,-0.4587060038060997,True,5,
0.48718,-75,-19.573894158967867,3.771959245530401,0.0030486952244623017,2.796270594138267,3.831634083176977,-75.00000000000003,2.842170943040401e-14,True,5,
0.48718,-50,-13.042992582048623,3.771959245530401,0.004716465821782511,1.8632846545783746,3.8334760742573963,-50.00000000000009,9.237055564881302e-14,True,4,
0.48718,-25,-6.563931306314127,3.771959245530401,0.005596322045950322,0.9377044723305896,3.8086931190080304,-25.000000000000007,7.105427357601002e-15,True,3,
0.48718,0,0.0,3.771959245530401,0.0034479405044793446,0.0,3.771959245530401,0.0,0.0,True,1,
0.48718,25,6.694395947571146,3.771959245530401,0.005600558740184333,0.9563422782244494,3.734466887795977,25.000000000000018,-1.7763568394002505e-14,True,3,
0.48718,50,13.477480258519154,3.771959245530401,0.004605234935457677,1.9253543226455936,3.7098922826019276,50.00000000000004,-4.263256414560601e-14,True,5,
0.48718,75,20.200506919716158,3.771959245530401,0.0029296854249907,2.885786702816594,3.712778114830285,74.99999999999989,1.1368683772161603e-13,True,5,
0.48718,100,27.029434084726265,3.771959245530401,0.002674445279078797,3.8613477263894667,3.6996705031463337,99.99999999999989,1.1368683772161603e-13,True,5,
0.48718,125,34.40015648031905,3.771959245530401,0.004019017894306109,4.914308068617006,3.6337044010690684,124.99999999999996,4.263256414560601e-14,True,7,
0.48718,150,42.92114503131172,3.771959245530401,0.006457849516960034,6.131592147330245,3.494780949822573,149.99999999999997,2.842170943040401e-14,True,9,
0.48718,175,52.756100598183664,3.771959245530401,0.008620942939006957,7.536585799740523,3.3171519125889493,174.99999999999994,5.684341886080802e-14,True,8,
0.48718,200,61.257552954248844,3.771959245530401,0.00827744017568474,8.751078993464121,3.264903515642766,199.99999999999997,2.842170943040401e-14,True,13,
0.48718,225,,3.771959245530401,0.006138377260428785,9.563384633844667,,,,False,50,Failed to converge after 50 iterations
0.48718,250,,3.771959245530401,-0.010406525209703569,8.177054506617475,,,,False,50,Failed to converge after 50 iterations
0.48718,275,,3.771959245530401,-0.03193428169276719,7.276952774738914,,,,False,50,Failed to converge after 50 iterations
0.48718,300,,3.771959245530401,-0.050834783941817833,6.887199376178141,,,,False,50,Failed to converge after 50 iterations
0.48718,325,,3.771959245530401,-0.052240774001725096,7.234620535315633,,,,False,50,Failed to converge after 50 iterations
0.48718,350,,3.771959245530401,-0.09412493735668513,6.307113933837944,,,,False,50,Failed to converge after 50 iterations
0.48718,375,,3.771959245530401,-0.18165516912978355,5.174862203282189,,,,False,50,Failed to converge after 50 iterations
0.48718,400,,3.771959245530401,-0.20772378460579985,5.104599406293784,,,,False,50,Failed to converge after 50 iterations
0.48718,425,,3.771959245530401,-0.25604281669027695,4.862319232196329,,,,False,50,Failed to converge after 50 iterations
0.48718,450,,3.771959245530401,-0.317333288226313,4.5971611796004295,,,,False,50,Failed to converge after 50 iterations
0.48718,475,,3.771959245530401,-0.38968746368542273,4.343891458634332,,,,False,50,Failed to converge after 50 iterations
0.48718,500,,3.771959245530401,-0.475617662536189,4.099923023407988,,,,False,50,Failed to converge after 50 iterations
0.48718,525,,3.771959245530401,-0.5792477713188657,3.860750242158424,,,,False,50,Failed to converge after 50 iterations
0.48718,550,,3.771959245530401,-0.7072852018291637,3.620936320465932,,,,False,50,Failed to converge after 50 iterations
0.48718,575,,3.771959245530401,-0.872096200152851,3.3722520903680335,,,,False,50,Failed to converge after 50 iterations
0.48718,600,,3.771959245530401,-1.1022729461697207,3.0975056087072472,,,,False,50,Failed to converge after 50 iterations
0.48718,625,,3.771959245530401,-1.5054274438780404,2.7373251207330616,,,,False,50,Failed to converge after 50 iterations
0.48718,650,,3.771959245530401,0.00560586795059847,1.0,,,,False,1,No solution exists for discriminant 
0.48718,675,,3.771959245530401,0.00560586795059847,1.0,,,,False,1,No solution exists for discriminant 
0.48718,700,,3.771959245530401,0.00560586795059847,1.0,,,,False,1,No solution exists for discriminant 
0.48718,725,,3.771959245530401,0.00560586795059847,1.0,,,,False,1,No solution exists for discriminant 
0.48718,750,,3.771959245530401,0.00560586795059847,1.0,,,,False,1,No solution exists for discriminant 
0.48718,775,,3.771959245530401,0.00560586795059847,1.0,,,,False,1,No solution exists for discriminant 
0.48718,800,,3.771959245530401,0.00560586795059847,1.0,,,,False,1,No solution exists for discriminant 
0.48718,825,,3.771959245530401,0.00560586795059847,1.0,,,,False,1,No solution exists for discriminant 
0.48718,850,,3.771959245530401,0.00560586795059847,1.0,,,,False,1,No solution exists for discriminant 
0.48718,875,,3.771959245530401,0.00560586795059847,1.0,,,,False,1,No solution exists for discriminant 
0.48718,900,,3.771959245530401,0.00560586795059847,1.0,,,,False,1,No solution exists for discriminant 
0.48718,925,,3.771959245530401,0.00560586795059847,1.0,,,,False,1,No solution exists for discriminant 
0.48718,950,,3.771959245530401,0.00560586795059847,1.0,,,,False,1,No solution exists for discriminant 
0.48718,975,,3.771959245530401,0.00560586795059847,1.0,,,,False,1,No solution exists for discriminant 
0.48718,1000,,3.771959245530401,0.00560586795059847,1.0,,,,False,1,No solution exists for discriminant 
0.48718,1025,,3.771959245530401,0.00560586795059847,1.0,,,,False,1,No solution exists for discriminant 
0.48718,1050,,3.771959245530401,0.00560586795059847,1.0,,,,False,1,No solution exists for discriminant 
0.48718,1075,,3.771959245530401,0.00560586795059847,1.0,,,,False,1,No solution exists for discriminant 
0.48718,1100,,3.771959245530401,0.00560586795059847,1.0,,,,False,1,No solution exists for discriminant 
0.48718,1125,,3.771959245530401,0.00560586795059847,1.0,,,,False,1,No solution exists for discriminant 
0.48718,1150,,3.771959245530401,0.00560586795059847,1.0,,,,False,1,No solution exists for discriminant 
0.48718,1175,,3.771959245530401,0.00560586795059847,1.0,,,,False,1,No solution exists for discriminant 
0.48718,1200,,3.771959245530401,0.00560586795059847,1.0,,,,False,1,No solution exists for discriminant 
0.48718,1225,,3.771959245530401,0.00560586795059847,1.0,,,,False,1,No solution exists for discriminant 
0.48718,1250,,3.771959245530401,0.00560586795059847,1.0,,,,False,1,No solution exists for discriminant 
0.48718,1275,,3.771959245530401,0.00560586795059847,1.0,,,,False,1,No solution exists for discriminant 
0.48718,1300,,3.771959245530401,0.00560586795059847,1.0,,,,False,1,No solution exists for discriminant 
0.48718,1325,,3.771959245530401,0.00560586795059847,1.0,,,,False,1,No solution exists for discriminant 
0.48718,1350,,3.771959245530401,0.00560586795059847,1.0,,,,False,1,No solution exists for discriminant 
0.48718,1375,,3.771959245530401,0.00560586795059847,1.0,,,,False,1,No solution exists for discriminant 
0.48718,1400,,3.771959245530401,0.00560586795059847,1.0,,,,False,1,No solution exists for discriminant 
0.48718,1425,,3.771959245530401,0.00560586795059847,1.0,,,,False,1,No solution exists for discriminant 
0.48718,1450,,3.771959245530401,0.00560586795059847,1.0,,,,False,1,No solution exists for discriminant 
0.48718,1475,,3.771959245530401,0.00560586795059847,1.0,,,,False,1,No solution exists for discriminant 
0.48718,1500,,3.771959245530401,0.00560586795059847,1.0,,,,False,1,No solution exists for discriminant 
0.48718,1525,,3.771959245530401,0.00560586795059847,1.0,,,,False,1,No solution exists for discriminant 
0.5128210000000001,-100,-25.88867678304183,3.7949538820504456,0.0026165380908474505,3.6983823975774044,3.8626925909749126,-99.99999999999991,-8.526512829121202e-14,True,5,
0.5128210000000001,-75,-19.454326168531814,3.7949538820504456,0.0030959571079183135,2.779189452647402,3.855183641431673,-74.99999999999997,-2.842170943040401e-14,True,5,
0.5128210000000001,-50,-12.963768960456138,3.7949538820504456,0.004778638435745226,1.8519669943508767,3.8569030466770022,-50.00000000000003,2.842170943040401e-14,True,4,
0.5128210000000001,-25,-6.524283223379728,3.7949538820504456,0.005653444497543944,0.9320404604828182,3.83183855514008,-25.00000000000004,3.907985046680551e-14,True,3,
0.5128210000000001,0,0.0,3.7949538820504456,0.0034971857990070956,0.0,3.7949538820504456,0.0,0.0,True,1,
0.5128210000000001,25,6.653699592940984,3.7949538820504456,0.005657858108954968,0.9505285132772834,3.757308193853974,25.00000000000001,-1.0658141036401503e-14,True,3,
0.5128210000000001,50,13.396087910696268,3.7949538820504456,0.004667103293077418,1.9137268443851811,3.7324329560480805,50.00000000000003,-2.842170943040401e-14,True,5,
0.5128210000000001,75,20.07897631546894,3.7949538820504456,0.002973443265299263,2.8684251879241343,3.735250185151111,75.00000000000013,-1.2789769243681803e-13,True,5,
0.5128210000000001,100,26.860930049450353,3.7949538820504456,0.002683250320718313,3.8372757213500504,3.7228792828804655,100.00000000000007,-7.105427357601002e-14,True,5,
0.5128210000000001,125,34.17139185896028,3.7949538820504456,0.004006954025030578,4.881627408422896,3.658030685900288,124.99999999999997,2.842170943040401e-14,True,7,
0.5128210000000001,150,42.61347169031193,3.7949538820504456,0.0064519568257720705,6.087638812901704,3.5200136025082926,150.00000000000006,-5.684341886080802e-14,True,9,
0.5128210000000001,175,52.40669370210756,3.7949538820504456,0.008695182991210611,7.486670528872509,3.3392680903462955,174.99999999999994,5.684341886080802e-14,True,9,
0.5128210000000001,200,60.979994400775304,3.7949538820504456,0.008448503955445488,8.711427771539329,3.2797641581524517,200.00000000000003,-2.842170943040401e-14,True,13,
0.5128210000000001,225,,3.7949538820504456,0.006336685532029757,9.531854943591695,,,,False,50,Failed to converge after 50 iterations
0.5128210000000001,250,,3.7949538820504456,-0.009705555450420265,8.205591784430624,,,,False,50,Failed to converge after 50 iterations
0.5128210000000001,275,,3.7949538820504456,-0.03115998069728144,7.2941164581687,,,,False,50,Failed to converge after 50 iterations
0.5128210000000001,300,,3.7949538820504456,-0.04958482359418299,6.9170912199010575,,,,False,50,Failed to converge after 50 iterations
0.5128210000000001,325,,3.7949538820504456,-0.04997727031485252,7.309250861466195,,,,False,50,Failed to converge after 50 iterations
0.5128210000000001,350,,3.7949538820504456,-0.08404021481849999,6.541676182490029,,,,False,50,Failed to converge after 50 iterations
0.5128210000000001,375,,3.7949538820504456,-0.18657876950973043,5.114400945650048,,,,False,50,Failed to converge after 50 iterations
0.5128210000000001,400,,3.7949538820504456,-0.20753387215661956,5.100155817195647,,,,False,50,Failed to converge after 50 iterations
0.5128210000000001,425,,3.7949538820504456,-0.2537252392005698,4.87520430612999,,,,False,50,Failed to converge after 50 iterations
0.5128210000000001,450,,3.7949538820504456,-0.31428310490775513,4.611525822429045,,,,False,50,Failed to converge after 50 iterations
0.5128210000000001,475,,3.7949538820504456,-0.3858318489706738,4.358887476039752,,,,False,50,Failed to converge after 50 iterations
0.5128210000000001,500,,3.7949538820504456,-0.47067774044466393,4.115701699172796,,,,False,50,Failed to converge after 50 iterations
0.5128210000000001,525,,3.7949538820504456,-0.5727861512103752,3.877561990458368,,,,False,50,Failed to converge after 50 iterations
0.5128210000000001,550,,3.7949538820504456,-0.6985569862737914,3.639202628580012,,,,False,50,Failed to converge after 50 iterations
0.5128210000000001,575,,3.7949538820504456,-0.8596287448224018,3.3928107469787103,,,,False,50,Failed to converge after 50 iterations
0.5128210000000001,600,,3.7949538820504456,-1.0821978775922134,3.122587854856274,,,,False,50,Failed to converge after 50 iterations
0.5128210000000001,625,,3.7949538820504456,-1.4597063971770978,2.7761592931469727,,,,False,50,Failed to converge after 50 iterations
0.5128210000000001,650,,3.7949538820504456,0.00566389648685598,1.0,,,,False,1,No solution exists for discriminant 
0.5128210000000001,675,,3.7949538820504456,0.00566389648685598,1.0,,,,False,1,No solution exists for discriminant 
0.5128210000000001,700,,3.7949538820504456,0.00566389648685598,1.0,,,,False,1,No solution exists for discriminant 
0.5128210000000001,725,,3.7949538820504456,0.00566389648685598,1.0,,,,False,1,No solution exists for discriminant 
0.5128210000000001,750,,3.7949538820504456,0.00566389648685598,1.0,,,,False,1,No solution exists for discriminant 
0.5128210000000001,775,,3.7949538820504456,0.00566389648685598,1.0,,,,False,1,No solution exists for discriminant 
0.5128210000000001,800,,3.7949538820504456,0.00566389648685598,1.0,,,,False,1,No solution exists for discriminant 
0.5128210000000001,825,,3.7949538820504456,0.00566389648685598,1.0,,,,False,1,No solution exists for discriminant 
0.5128210000000001,850,,3.7949538820504456,0.00566389648685598,1.0,,,,False,1,No solution exists for discriminant 
0.5128210000000001,875,,3.7949538820504456,0.00566389648685598,1.0,,,,False,1,No solution exists for discriminant 
0.5128210000000001,900,,3.7949538820504456,0.00566389648685598,1.0,,,,False,1,No solution exists for discriminant 
0.5128210000000001,925,,3.7949538820504456,0.00566389648685598,1.0,,,,False,1,No solution exists for discriminant 
0.5128210000000001,950,,3.7949538820504456,0.00566389648685598,1.0,,,,False,1,No solution exists for discriminant 
0.5128210000000001,975,,3.7949538820504456,0.00566389648685598,1.0,,,,False,1,No solution exists for discriminant 
0.5128210000000001,1000,,3.7949538820504456,0.00566389648685598,1.0,,,,False,1,No solution exists for discriminant 
0.5128210000000001,1025,,3.7949538820504456,0.00566389648685598,1.0,,,,False,1,No solution exists for discriminant 
0.5128210000000001,1050,,3.7949538820504456,0.00566389648685598,1.0,,,,False,1,No solution exists for discriminant 
0.5128210000000001,1075,,3.7949538820504456,0.00566389648685598,1.0,,,,False,1,No solution exists for discriminant 
0.5128210000000001,1100,,3.7949538820504456,0.00566389648685598,1.0,,,,False,1,No solution exists for discriminant 
0.5128210000000001,1125,,3.7949538820504456,0.00566389648685598,1.0,,,,False,1,No solution exists for discriminant 
0.5128210000000001,1150,,3.7949538820504456,0.00566389648685598,1.0,,,,False,1,No solution exists for discriminant 
0.5128210000000001,1175,,3.7949538820504456,0.00566389648685598,1.0,,,,False,1,No solution exists for discriminant 
0.5128210000000001,1200,,3.7949538820504456,0.00566389648685598,1.0,,,,False,1,No solution exists for discriminant 
0.5128210000000001,1225,,3.7949538820504456,0.00566389648685598,1.0,,,,False,1,No solution exists for discriminant 
0.5128210000000001,1250,,3.7949538820504456,0.00566389648685598,1.0,,,,False,1,No solution exists for discriminant 
0.5128210000000001,1275,,3.7949538820504456,0.00566389648685598,1.0,,,,False,1,No solution exists for discriminant 
0.5128210000000001,1300,,3.7949538820504456,0.00566389648685598,1.0,,,,False,1,No solution exists for discriminant 
0.5128210000000001,1325,,3.7949538820504456,0.00566389648685598,1.0,,,,False,1,No solution exists for discriminant 
0.5128210000000001,1350,,3.7949538820504456,0.00566389648685598,1.0,,,,False,1,No solution exists for discriminant 
0.5128210000000001,1375,,3.7949538820504456,0.00566389648685598,1.0,,,,False,1,No solution exists for discriminant 
0.5128210000000001,1400,,3.7949538820504456,0.00566389648685598,1.0,,,,False,1,No solution exists for discriminant 
0.5128210000000001,1425,,3.7949538820504456,0.00566389648685598,1.0,,,,False,1,No solution exists for discriminant 
0.5128210000000001,1450,,3.7949538820504456,0.00566389648685598,1.0,,,,False,1,No solution exists for discriminant 
0.5128210000000001,1475,,3.7949538820504456,0.00566389648685598,1.0,,,,False,1,No solution exists for discriminant 
0.5128210000000001,1500,,3.7949538820504456,0.00566389648685598,1.0,,,,False,1,No solution exists for discriminant 
0.5128210000000001,1525,,3.7949538820504456,0.00566389648685598,1.0,,,,False,1,No solution exists for discriminant 
0.538462,-100,-25.74956608077116,3.8160478287052735,0.002621898928129851,3.6785094401101657,3.883560588412256,-99.99999999999991,-8.526512829121202e-14,True,5,
0.538462,-75,-19.34667354781157,3.8160478287052735,0.003131680209737632,2.7638105068302243,3.8766354233792093,-74.99999999999986,-1.4210854715202004e-13,True,5,
0.538462,-50,-12.892123754474973,3.8160478287052735,0.004831564497239065,1.8417319649249961,3.878336956131407,-49.99999999999987,-1.2789769243681803e-13,True,4,
0.538462,-25,-6.48832961545869,3.8160478287052735,0.005706243896180413,0.9269042307798128,3.853071819969891,-24.999999999999957,-4.263256414560601e-14,True,3,
0.538462,0,0.0,3.8160478287052735,0.003543993196089102,0.0,3.8160478287052735,0.0,0.0,True,1,
0.538462,25,6.6168007754952916,3.8160478287052735,0.0057107471672158796,0.9452572536421845,3.778260952420582,25.000000000000085,-8.526512829121202e-14,True,3,
0.538462,50,13.322058559698146,3.8160478287052735,0.004719549506615455,1.9031512228140208,3.753173713802748,49.99999999999998,2.1316282072803006e-14,True,5,
0.538462,75,19.967937959124374,3.8160478287052735,0.003006146324624521,2.852562565589196,3.7560212853991213,75.00000000000024,-2.4158453015843406e-13,True,5,
0.538462,100,26.706946219891947,3.8160478287052735,0.0026848295324572607,3.8152780314131354,3.74434423077236,100.0000000000001,-9.947598300641403e-14,True,5,
0.538462,125,33.96415734289962,3.8160478287052735,0.003995312740384126,4.852022477557088,3.680350398156776,124.99999999999999,1.4210854715202004e-14,True,7,
0.538462,150,42.34071947088053,3.8160478287052735,0.0064561693473945934,6.04867421012579,3.5426889735107414,150.0,0.0,True,8,
0.538462,175,52.10553633578878,3.8160478287052735,0.00877986507038238,7.443648047969825,3.3585682502571417,175.00000000000003,-2.842170943040401e-14,True,9,
0.538462,200,60.742089113572355,3.8160478287052735,0.008617385433577696,8.677441301938908,3.2926098347728967,200.00000000000003,-2.842170943040401e-14,True,12,
0.538462,225,,3.8160478287052735,0.006524011474505388,9.504052351885333,,,,False,50,Failed to converge after 50 iterations
0.538462,250,,3.8160478287052735,-0.009227576915956553,8.216294231392828,,,,False,50,Failed to converge after 50 iterations
0.538462,275,,3.8160478287052735,-0.030634956081090358,7.3001162333775635,,,,False,50,Failed to converge after 50 iterations
0.538462,300,,3.8160478287052735,-0.04786782959322843,6.967767420905072,,,,False,50,Failed to converge after 50 iterations
0.538462,325,,3.8160478287052735,-0.04761217927840151,7.393039031420756,,,,False,50,Failed to converge after 50 iterations
0.538462,350,,3.8160478287052735,-0.07471906321871301,6.787714627016454,,,,False,50,Failed to converge after 50 iterations
0.538462,375,,3.8160478287052735,-0.19514136218575273,5.019508599113829,,,,False,50,Failed to converge after 50 iterations
0.538462,400,,3.8160478287052735,-0.20872612776852073,5.082788392007073,,,,False,50,Failed to converge after 50 iterations
0.538462,425,,3.8160478287052735,-0.2521738622479931,4.882583847491086,,,,False,50,Failed to converge after 50 iterations
0.538462,450,,3.8160478287052735,-0.3120830560073463,4.621124571380775,,,,False,50,Failed to converge after 50 iterations
0.538462,475,,3.8160478287052735,-0.3829989595253256,4.369352718079814,,,,False,50,Failed to converge after 50 iterations
0.538462,500,,3.8160478287052735,-0.46698575007974436,4.127110763476488,,,,False,50,Failed to converge after 50 iterations
0.538462,525,,3.8160478287052735,-0.5678782885053191,3.8900931581441,,,,False,50,Failed to converge after 50 iterations
0.538462,550,,3.8160478287052735,-0.6918299717988199,3.653177842064771,,,,False,50,Failed to converge after 50 iterations
0.538462,575,,3.8160478287052735,-0.8499067701021651,3.4088853554137057,,,,False,50,Failed to converge after 50 iterations
0.538462,600,,3.8160478287052735,-1.0664899372308687,3.142479348315569,,,,False,50,Failed to converge after 50 iterations
0.538462,625,,3.8160478287052735,-1.4247549440002363,2.8068674897178476,,,,False,50,Failed to converge after 50 iterations
0.538462,650,,3.8160478287052735,0.005717228983772554,1.0,,,,False,1,No solution exists for discriminant 
0.538462,675,,3.8160478287052735,0.005717228983772554,1.0,,,,False,1,No solution exists for discriminant 
0.538462,700,,3.8160478287052735,0.005717228983772554,1.0,,,,False,1,No solution exists for discriminant 
0.538462,725,,3.8160478287052735,0.005717228983772554,1.0,,,,False,1,No solution exists for discriminant 
0.538462,750,,3.8160478287052735,0.005717228983772554,1.0,,,,False,1,No solution exists for discriminant 
0.538462,775,,3.8160478287052735,0.005717228983772554,1.0,,,,False,1,No solution exists for discriminant 
0.538462,800,,3.8160478287052735,0.005717228983772554,1.0,,,,False,1,No solution exists for discriminant 
0.538462,825,,3.8160478287052735,0.005717228983772554,1.0,,,,False,1,No solution exists for discriminant 
0.538462,850,,3.8160478287052735,0.005717228983772554,1.0,,,,False,1,No solution exists for discriminant 
0.538462,875,,3.8160478287052735,0.005717228983772554,1.0,,,,False,1,No solution exists for discriminant 
0.538462,900,,3.8160478287052735,0.005717228983772554,1.0,,,,False,1,No solution exists for discriminant 
0.538462,925,,3.8160478287052735,0.005717228983772554,1.0,,,,False,1,No solution exists for discriminant 
0.538462,950,,3.8160478287052735,0.005717228983772554,1.0,,,,False,1,No solution exists for discriminant 
0.538462,975,,3.8160478287052735,0.005717228983772554,1.0,,,,False,1,No solution exists for discriminant 
0.538462,1000,,3.8160478287052735,0.005717228983772554,1.0,,,,False,1,No solution exists for discriminant 
0.538462,1025,,3.8160478287052735,0.005717228983772554,1.0,,,,False,1,No solution exists for discriminant 
0.538462,1050,,3.8160478287052735,0.005717228983772554,1.0,,,,False,1,No solution exists for discriminant 
0.538462,1075,,3.8160478287052735,0.005717228983772554,1.0,,,,False,1,No solution exists for discriminant 
0.538462,1100,,3.8160478287052735,0.005717228983772554,1.0,,,,False,1,No solution exists for discriminant 
0.538462,1125,,3.8160478287052735,0.005717228983772554,1.0,,,,False,1,No solution exists for discriminant 
0.538462,1150,,3.8160478287052735,0.005717228983772554,1.0,,,,False,1,No solution exists for discriminant 
0.538462,1175,,3.8160478287052735,0.005717228983772554,1.0,,,,False,1,No solution exists for discriminant 
0.538462,1200,,3.8160478287052735,0.005717228983772554,1.0,,,,False,1,No solution exists for discriminant 
0.538462,1225,,3.8160478287052735,0.005717228983772554,1.0,,,,False,1,No solution exists for discriminant 
0.538462,1250,,3.8160478287052735,0.005717228983772554,1.0,,,,False,1,No solution exists for discriminant 
0.538462,1275,,3.8160478287052735,0.005717228983772554,1.0,,,,False,1,No solution exists for discriminant 
0.538462,1300,,3.8160478287052735,0.005717228983772554,1.0,,,,False,1,No solution exists for discriminant 
0.538462,1325,,3.8160478287052735,0.005717228983772554,1.0,,,,False,1,No solution exists for discriminant 
0.538462,1350,,3.8160478287052735,0.005717228983772554,1.0,,,,False,1,No solution exists for discriminant 
0.538462,1375,,3.8160478287052735,0.005717228983772554,1.0,,,,False,1,No solution exists for discriminant 
0.538462,1400,,3.8160478287052735,0.005717228983772554,1.0,,,,False,1,No solution exists for discriminant 
0.538462,1425,,3.8160478287052735,0.005717228983772554,1.0,,,,False,1,No solution exists for discriminant 
0.538462,1450,,3.8160478287052735,0.005717228983772554,1.0,,,,False,1,No solution exists for discriminant 
0.538462,1475,,3.8160478287052735,0.005717228983772554,1.0,,,,False,1,No solution exists for discriminant 
0.538462,1500,,3.8160478287052735,0.005717228983772554,1.0,,,,False,1,No solution exists for discriminant 
0.538462,1525,,3.8160478287052735,0.005717228983772554,1.0,,,,False,1,No solution exists for discriminant 
0.564103,-100,-25.627588385709714,3.8348498279618917,0.0026219810145530343,3.6610840551013877,3.9020448781580024,-100.0000000000001,9.947598300641403e-14,True,5,
0.564103,-75,-19.252219840266328,3.8348498279618917,0.003158328538882661,2.750317120038047,3.895654663320248,-75.00000000000011,1.1368683772161603e-13,True,5,
0.564103,-50,-12.828993071569558,3.8348498279618917,0.004877404216517476,1.8327132959385082,3.8974220128628385,-50.000000000000036,3.552713678800501e-14,True,4,
0.564103,-25,-6.45658462112612,3.8348498279618917,0.005756345738466634,0.9223692315894457,3.87201616133076,-24.99999999999998,-2.1316282072803006e-14,True,3,
0.564103,0,0.0,3.8348498279618917,0.0035891170194354595,0.0,3.8348498279618917,0.0,0.0,True,1,
0.564103,25,6.584286483117754,3.8348498279618917,0.005760867185018501,0.9406123547311077,3.796918628024538,24.999999999999975,2.4868995751603507e-14,True,3,
0.564103,50,13.256670792390723,3.8348498279618917,0.004764680466358486,1.8938101131986749,3.7716860275884425,49.9999999999999,9.947598300641403e-14,True,5,
0.564103,75,19.86943308418998,3.8348498279618917,0.003030164896506256,2.8384904405985685,3.7746421693166994,74.99999999999986,1.4210854715202004e-13,True,5,
0.564103,100,26.57038189122777,3.8348498279618917,0.0026819605297139473,3.7957688416039668,3.763589112470193,100.0,0.0,True,5,
0.564103,125,33.78231074607684,3.8348498279618917,0.00398695325639892,4.826044392296692,3.7001613341241404,124.99999999999996,4.263256414560601e-14,True,7,
0.564103,150,42.10793178400814,3.8348498279618917,0.00647326033104503,6.015418826286877,3.5622742235221216,150.00000000000006,-5.684341886080802e-14,True,8,
0.564103,175,51.86014357619683,3.8348498279618917,0.008877519658413746,7.408591939456691,3.3744603838760447,174.99999999999997,2.842170943040401e-14,True,9,
0.564103,200,60.55175156759173,3.8348498279618917,0.008784057187309813,8.650250223941676,3.302959779400389,199.99999999999994,5.684341886080802e-14,True,12,
0.564103,225,,3.8348498279618917,0.006698891702119284,9.480918384133469,,,,False,50,Failed to converge after 50 iterations
0.564103,250,,3.8348498279618917,-0.008985578156774272,8.208051365992068,,,,False,50,Failed to converge after 50 iterations
0.564103,275,,3.8348498279618917,-0.030371845774511144,7.294479553066512,,,,False,50,Failed to converge after 50 iterations
0.564103,300,,3.8348498279618917,-0.04548948562621973,7.049382957944699,,,,False,50,Failed to converge after 50 iterations
0.564103,325,,3.8348498279618917,-0.04526626362631478,7.481776627903158,,,,False,50,Failed to converge after 50 iterations
0.564103,350,,3.8348498279618917,-0.06732379941952789,7.006131778624318,,,,False,50,Failed to converge after 50 iterations
0.564103,375,,3.8348498279618917,-0.2089070840588135,4.881788149010846,,,,False,50,Failed to converge after 50 iterations
0.564103,400,,3.8348498279618917,-0.21164889028508901,5.049672024718277,,,,False,50,Failed to converge after 50 iterations
0.564103,425,,3.8348498279618917,-0.2514755352778658,4.8837600894094715,,,,False,50,Failed to converge after 50 iterations
0.564103,450,,3.8348498279618917,-0.3108303082207075,4.625315164116576,,,,False,50,Failed to converge after 50 iterations
0.564103,475,,3.8348498279618917,-0.3813204787704788,4.374583989644344,,,,False,50,Failed to converge after 50 iterations
0.564103,500,,3.8348498279618917,-0.46472195522145626,4.13337381330337,,,,False,50,Failed to converge after 50 iterations
0.564103,525,,3.8348498279618917,-0.5647740232236739,3.897478341244663,,,,False,50,Failed to converge after 50 iterations
0.564103,550,,3.8348498279618917,-0.6874573148650688,3.661882703242326,,,,False,50,Failed to converge after 50 iterations
0.564103,575,,3.8348498279618917,-0.8434437956260349,3.4193413702619075,,,,False,50,Failed to converge after 50 iterations
0.564103,600,,3.8348498279618917,-1.0559052010138552,3.1558277907729173,,,,False,50,Failed to converge after 50 iterations
0.564103,625,,3.8348498279618917,-1.4014503042394766,2.8277175114946878,,,,False,50,Failed to converge after 50 iterations
0.564103,650,,3.8348498279618917,0.005767483940253192,1.0,,,,False,1,No solution exists for discriminant 
0.564103,675,,3.8348498279618917,0.005767483940253192,1.0,,,,False,1,No solution exists for discriminant 
0.564103,700,,3.8348498279618917,0.005767483940253192,1.0,,,,False,1,No solution exists for discriminant 
0.564103,725,,3.8348498279618917,0.005767483940253192,1.0,,,,False,1,No solution exists for discriminant 
0.564103,750,,3.8348498279618917,0.005767483940253192,1.0,,,,False,1,No solution exists for discriminant 
0.564103,775,,3.8348498279618917,0.005767483940253192,1.0,,,,False,1,No solution exists for discriminant 
0.564103,800,,3.8348498279618917,0.005767483940253192,1.0,,,,False,1,No solution exists for discriminant 
0.564103,825,,3.8348498279618917,0.005767483940253192,1.0,,,,False,1,No solution exists for discriminant 
0.564103,850,,3.8348498279618917,0.005767483940253192,1.0,,,,False,1,No solution exists for discriminant 
0.564103,875,,3.8348498279618917,0.005767483940253192,1.0,,,,False,1,No solution exists for discriminant 
0.564103,900,,3.8348498279618917,0.005767483940253192,1.0,,,,False,1,No solution exists for discriminant 
0.564103,925,,3.8348498279618917,0.005767483940253192,1.0,,,,False,1,No solution exists for discriminant 
0.564103,950,,3.8348498279618917,0.005767483940253192,1.0,,,,False,1,No solution exists for discriminant 
0.564103,975,,3.8348498279618917,0.005767483940253192,1.0,,,,False,1,No solution exists for discriminant 
0.564103,1000,,3.8348498279618917,0.005767483940253192,1.0,,,,False,1,No solution exists for discriminant 
0.564103,1025,,3.8348498279618917,0.005767483940253192,1.0,,,,False,1,No solution exists for discriminant 
0.564103,1050,,3.8348498279618917,0.005767483940253192,1.0,,,,False,1,No solution exists for discriminant 
0.564103,1075,,3.8348498279618917,0.005767483940253192,1.0,,,,False,1,No solution exists for discriminant 
0.564103,1100,,3.8348498279618917,0.005767483940253192,1.0,,,,False,1,No solution exists for discriminant 
0.564103,1125,,3.8348498279618917,0.005767483940253192,1.0,,,,False,1,No solution exists for discriminant 
0.564103,1150,,3.8348498279618917,0.005767483940253192,1.0,,,,False,1,No solution exists for discriminant 
0.564103,1175,,3.8348498279618917,0.005767483940253192,1.0,,,,False,1,No solution exists for discriminant 
0.564103,1200,,3.8348498279618917,0.005767483940253192,1.0,,,,False,1,No solution exists for discriminant 
0.564103,1225,,3.8348498279618917,0.005767483940253192,1.0,,,,False,1,No solution exists for discriminant 
0.564103,1250,,3.8348498279618917,0.005767483940253192,1.0,,,,False,1,No solution exists for discriminant 
0.564103,1275,,3.8348498279618917,0.005767483940253192,1.0,,,,False,1,No solution exists for discriminant 
0.564103,1300,,3.8348498279618917,0.005767483940253192,1.0,,,,False,1,No solution exists for discriminant 
0.564103,1325,,3.8348498279618917,0.005767483940253192,1.0,,,,False,1,No solution exists for discriminant 
0.564103,1350,,3.8348498279618917,0.005767483940253192,1.0,,,,False,1,No solution exists for discriminant 
0.564103,1375,,3.8348498279618917,0.005767483940253192,1.0,,,,False,1,No solution exists for discriminant 
0.564103,1400,,3.8348498279618917,0.005767483940253192,1.0,,,,False,1,No solution exists for discriminant 
0.564103,1425,,3.8348498279618917,0.005767483940253192,1.0,,,,False,1,No solution exists for discriminant 
0.564103,1450,,3.8348498279618917,0.005767483940253192,1.0,,,,False,1,No solution exists for discriminant 
0.564103,1475,,3.8348498279618917,0.005767483940253192,1.0,,,,False,1,No solution exists for discriminant 
0.564103,1500,,3.8348498279618917,0.005767483940253192,1.0,,,,False,1,No solution exists for discriminant 
0.564103,1525,,3.8348498279618917,0.005767483940253192,1.0,,,,False,1,No solution exists for discriminant 
0.589744,-100,-25.520593410545068,3.851522070796853,0.0026207115251563264,3.6457990586492954,3.9184041840766968,-99.99999999999997,-2.842170943040401e-14,True,5,
0.589744,-75,-19.169402073889962,3.851522070796853,0.0031802259397360143,2.7384860105557087,3.9124851005214674,-74.9999999999998,-1.9895196601282805e-13,True,5,
0.589744,-50,-12.773456505706852,3.851522070796853,0.004919983376430814,1.8247795008152645,3.9143672644644925,-49.99999999999991,-9.237055564881302e-14,True,4,
0.589744,-25,-6.428635207491667,3.851522070796853,0.005806556906748607,0.9183764582130953,3.888850306961881,-24.999999999999925,-7.460698725481052e-14,True,3,
0.589744,0,0.0,3.851522070796853,0.0036345476343350846,0.0,3.851522070796853,0.0,0.0,True,1,
0.589744,25,6.555784580925334,3.851522070796853,0.005811047392805021,0.9365406544179048,3.813426095900075,25.000000000000007,-7.105427357601002e-15,True,3,
0.589744,50,13.199290531192354,3.851522070796853,0.004806294875563179,1.8856129330274791,3.7880823883557135,50.000000000000085,-8.526512829121202e-14,True,5,
0.589744,75,19.7826977041698,3.851522070796853,0.0030496516865007564,2.826099672024257,3.791191733379797,75.00000000000003,-2.842170943040401e-14,True,5,
0.589744,100,26.450313388669176,3.851522070796853,0.002678551591744437,3.778616198381311,3.780673541767494,100.00000000000007,-7.105427357601002e-14,True,5,
0.589744,125,33.6245354833377,3.851522070796853,0.0039851433999088985,4.803505069048243,3.7175234751404274,125.00000000000018,-1.8474111129762605e-13,True,7,
0.589744,150,41.913005090068154,3.851522070796853,0.006505871341676525,5.987572155724022,3.578841452137836,150.00000000000003,-2.842170943040401e-14,True,8,
0.589744,175,51.66897606500682,3.851522070796853,0.008991404935396768,7.3812822950009735,3.386945384399053,174.99999999999997,2.842170943040401e-14,True,9,
0.589744,200,60.40907854493724,3.851522070796853,0.008951658199300175,8.629868363562462,3.3107606475278972,200.0,0.0,True,12,
0.589744,225,,3.851522070796853,0.006864275104515145,9.462556877436752,,,,False,50,Failed to converge after 50 iterations
0.589744,250,,3.851522070796853,-0.008964511585592524,8.182045046227874,,,,False,50,Failed to converge after 50 iterations
0.589744,275,,3.851522070796853,-0.03035464328025961,7.277897847128329,,,,False,50,Failed to converge after 50 iterations
0.589744,300,,3.851522070796853,-0.04233351072634168,7.170925176638157,,,,False,50,Failed to converge after 50 iterations
0.589744,325,,3.851522070796853,-0.043006796969161085,7.572502689084686,,,,False,50,Failed to converge after 50 iterations
0.589744,350,,3.851522070796853,-0.0621927053898091,7.170374135855671,,,,False,50,Failed to converge after 50 iterations
0.589744,375,,3.851522070796853,-0.22974389762628308,4.697045755690088,,,,False,50,Failed to converge after 50 iterations
0.589744,400,,3.851522070796853,-0.21670086779333642,4.998033133707365,,,,False,50,Failed to converge after 50 iterations
0.589744,425,,3.851522070796853,-0.2516391825592708,4.878593460950358,,,,False,50,Failed to converge after 50 iterations
0.589744,450,,3.851522070796853,-0.31052296475099533,4.624017465807285,,,,False,50,Failed to converge after 50 iterations
0.589744,475,,3.851522070796853,-0.3808059653323551,4.374436400718254,,,,False,50,Failed to converge after 50 iterations
0.589744,500,,3.851522070796853,-0.46391360904255996,4.134278061832088,,,,False,50,Failed to converge after 50 iterations
0.589744,525,,3.851522070796853,-0.5635272957988671,3.899431297756221,,,,False,50,Failed to converge after 50 iterations
0.589744,550,,3.851522070796853,-0.6855331775413167,3.6649474448024675,,,,False,50,Failed to converge after 50 iterations
0.589744,575,,3.851522070796853,-0.8403930315192045,3.4237097081101306,,,,False,50,Failed to converge after 50 iterations
0.589744,600,,3.851522070796853,-1.050655453159311,3.162055713489307,,,,False,50,Failed to converge after 50 iterations
0.589744,625,,3.851522070796853,-1.3896828163690054,2.8380877516558813,,,,False,50,Failed to converge after 50 iterations
0.589744,650,,3.851522070796853,0.005817525469620484,1.0,,,,False,1,No solution exists for discriminant 
0.589744,675,,3.851522070796853,0.005817525469620484,1.0,,,,False,1,No solution exists for discriminant 
0.589744,700,,3.851522070796853,0.005817525469620484,1.0,,,,False,1,No solution exists for discriminant 
0.589744,725,,3.851522070796853,0.005817525469620484,1.0,,,,False,1,No solution exists for discriminant 
0.589744,750,,3.851522070796853,0.005817525469620484,1.0,,,,False,1,No solution exists for discriminant 
0.589744,775,,3.851522070796853,0.005817525469620484,1.0,,,,False,1,No solution exists for discriminant 
0.589744,800,,3.851522070796853,0.005817525469620484,1.0,,,,False,1,No solution exists for discriminant 
0.589744,825,,3.851522070796853,0.005817525469620484,1.0,,,,False,1,No solution exists for discriminant 
0.589744,850,,3.851522070796853,0.005817525469620484,1.0,,,,False,1,No solution exists for discriminant 
0.589744,875,,3.851522070796853,0.005817525469620484,1.0,,,,False,1,No solution exists for discriminant 
0.589744,900,,3.851522070796853,0.005817525469620484,1.0,,,,False,1,No solution exists for discriminant 
0.589744,925,,3.851522070796853,0.005817525469620484,1.0,,,,False,1,No solution exists for discriminant 
0.589744,950,,3.851522070796853,0.005817525469620484,1.0,,,,False,1,No solution exists for discriminant 
0.589744,975,,3.851522070796853,0.005817525469620484,1.0,,,,False,1,No solution exists for discriminant 
0.589744,1000,,3.851522070796853,0.005817525469620484,1.0,,,,False,1,No solution exists for discriminant 
0.589744,1025,,3.851522070796853,0.005817525469620484,1.0,,,,False,1,No solution exists for discriminant 
0.589744,1050,,3.851522070796853,0.005817525469620484,1.0,,,,False,1,No solution exists for discriminant 
0.589744,1075,,3.851522070796853,0.005817525469620484,1.0,,,,False,1,No solution exists for discriminant 
0.589744,1100,,3.851522070796853,0.005817525469620484,1.0,,,,False,1,No solution exists for discriminant 
0.589744,1125,,3.851522070796853,0.005817525469620484,1.0,,,,False,1,No solution exists for discriminant 
0.589744,1150,,3.851522070796853,0.005817525469620484,1.0,,,,False,1,No solution exists for discriminant 
0.589744,1175,,3.851522070796853,0.005817525469620484,1.0,,,,False,1,No solution exists for discriminant 
0.589744,1200,,3.851522070796853,0.005817525469620484,1.0,,,,False,1,No solution exists for discriminant 
0.589744,1225,,3.851522070796853,0.005817525469620484,1.0,,,,False,1,No solution exists for discriminant 
0.589744,1250,,3.851522070796853,0.005817525469620484,1.0,,,,False,1,No solution exists for discriminant 
0.589744,1275,,3.851522070796853,0.005817525469620484,1.0,,,,False,1,No solution exists for discriminant 
0.589744,1300,,3.851522070796853,0.005817525469620484,1.0,,,,False,1,No solution exists for discriminant 
0.589744,1325,,3.851522070796853,0.005817525469620484,1.0,,,,False,1,No solution exists for discriminant 
0.589744,1350,,3.851522070796853,0.005817525469620484,1.0,,,,False,1,No solution exists for discriminant 
0.589744,1375,,3.851522070796853,0.005817525469620484,1.0,,,,False,1,No solution exists for discriminant 
0.589744,1400,,3.851522070796853,0.005817525469620484,1.0,,,,False,1,No solution exists for discriminant 
0.589744,1425,,3.851522070796853,0.005817525469620484,1.0,,,,False,1,No solution exists for discriminant 
0.589744,1450,,3.851522070796853,0.005817525469620484,1.0,,,,False,1,No solution exists for discriminant 
0.589744,1475,,3.851522070796853,0.005817525469620484,1.0,,,,False,1,No solution exists for discriminant 
0.589744,1500,,3.851522070796853,0.005817525469620484,1.0,,,,False,1,No solution exists for discriminant 
0.589744,1525,,3.851522070796853,0.005817525469620484,1.0,,,,False,1,No solution exists for discriminant 
0.6153850000000001,-100,-25.422945642417872,3.8667689384521076,0.0026230463152949845,3.6318493774882676,3.9334545023433964,-100.00000000000001,1.4210854715202004e-14,True,5,
0.6153850000000001,-75,-19.09400606874326,3.8667689384521076,0.0032033764944650813,2.7277151526776082,3.9279342286778935,-75.00000000000007,7.105427357601002e-14,True,5,
0.6153850000000001,-50,-12.722864047111056,3.8667689384521076,0.004964590051464727,1.817552006730151,3.9299327427265336,-49.99999999999996,-4.263256414560601e-14,True,4,
0.6153850000000001,-25,-6.403203038361688,3.8667689384521076,0.005860670008853496,0.9147432911945268,3.9042959984596335,-25.000000000000103,1.0302869668521453e-13,True,3,
0.6153850000000001,0,0.0,3.8667689384521076,0.0036833526859327676,0.0,3.8667689384521076,0.0,0.0,True,1,
0.6153850000000001,25,6.530024364068034,3.8667689384521076,0.005865108664770589,0.9328606234382907,3.8284696359732493,24.999999999999996,3.552713678800501e-15,True,3,
0.6153850000000001,50,13.14748819322071,3.8667689384521076,0.004849682986226707,1.87821259903153,3.8030077886498286,50.00000000000002,-2.1316282072803006e-14,True,5,
0.6153850000000001,75,19.704333591126126,3.8667689384521076,0.0030703722830353443,2.8149047987323037,3.806269298738232,74.99999999999983,1.7053025658242404e-13,True,5,
0.6153850000000001,100,26.342222938261393,3.8667689384521076,0.0026794284100192817,3.7631747054659135,3.7961868379282686,100.00000000000003,-2.842170943040401e-14,True,5,
0.6153850000000001,125,33.484613051490854,3.8667689384521076,0.003993207768397038,4.7835161502129795,3.7330579214931254,125.00000000000003,-2.842170943040401e-14,True,7,
0.6153850000000001,150,41.74690410794986,3.8667689384521076,0.0065558904295173895,5.963843443992837,3.5930808093488187,150.0,0.0,True,8,
0.6153850000000001,175,51.52121240182813,3.8667689384521076,0.00912458613596118,7.360173200261161,3.3966591980624754,175.0,0.0,True,9,
0.6153850000000001,200,60.30598817823381,3.8667689384521076,0.009125937764286076,8.615141168319116,3.316420243523774,200.0,0.0,True,12,
0.6153850000000001,225,,3.8667689384521076,0.007027263889541235,9.448214700816093,,,,False,50,Failed to converge after 50 iterations
0.6153850000000001,250,,3.8667689384521076,-0.009119932044408235,8.14179471413066,,,,False,50,Failed to converge after 50 iterations
0.6153850000000001,275,,3.8667689384521076,-0.03053702777591027,7.252285396859182,,,,False,50,Failed to converge after 50 iterations
0.6153850000000001,300,,3.8667689384521076,-0.0386898752204467,7.325198396347147,,,,False,50,Failed to converge after 50 iterations
0.6153850000000001,325,,3.8667689384521076,-0.04086010346867683,7.663234577639729,,,,False,50,Failed to converge after 50 iterations
0.6153850000000001,350,,3.8667689384521076,-0.05884417653706406,7.281965710349654,,,,False,50,Failed to converge after 50 iterations
0.6153850000000001,375,,3.8667689384521076,-0.25883502743492337,4.474218439570687,,,,False,50,Failed to converge after 50 iterations
0.6153850000000001,400,,3.8667689384521076,-0.22437966855898667,4.925089794378377,,,,False,50,Failed to converge after 50 iterations
0.6153850000000001,425,,3.8667689384521076,-0.25259631175778163,4.867510513885704,,,,False,50,Failed to converge after 50 iterations
0.6153850000000001,450,,3.8667689384521076,-0.31105423480952676,4.617764041285314,,,,False,50,Failed to converge after 50 iterations
0.6153850000000001,475,,3.8667689384521076,-0.3813361814031044,4.369374528114896,,,,False,50,Failed to converge after 50 iterations
0.6153850000000001,500,,3.8667689384521076,-0.46442790515030324,4.130225039152832,,,,False,50,Failed to converge after 50 iterations
0.6153850000000001,525,,3.8667689384521076,-0.5639896594092376,3.8962945798177486,,,,False,50,Failed to converge after 50 iterations
0.6153850000000001,550,,3.8667689384521076,-0.6858894666798804,3.662658526123686,,,,False,50,Failed to converge after 50 iterations
0.6153850000000001,575,,3.8667689384521076,-0.8405557321492181,3.4222248935435773,,,,False,50,Failed to converge after 50 iterations
0.6153850000000001,600,,3.8667689384521076,-1.0504615301445008,3.161367950595591,,,,False,50,Failed to converge after 50 iterations
0.6153850000000001,625,,3.8667689384521076,-1.3886991405302789,2.8382942140896534,,,,False,50,Failed to converge after 50 iterations
0.6153850000000001,650,,3.8667689384521076,0.00587125863876781,1.0,,,,False,1,No solution exists for discriminant 
0.6153850000000001,675,,3.8667689384521076,0.00587125863876781,1.0,,,,False,1,No solution exists for discriminant 
0.6153850000000001,700,,3.8667689384521076,0.00587125863876781,1.0,,,,False,1,No solution exists for discriminant 
0.6153850000000001,725,,3.8667689384521076,0.00587125863876781,1.0,,,,False,1,No solution exists for discriminant 
0.6153850000000001,750,,3.8667689384521076,0.00587125863876781,1.0,,,,False,1,No solution exists for discriminant 
0.6153850000000001,775,,3.8667689384521076,0.00587125863876781,1.0,,,,False,1,No solution exists for discriminant 
0.6153850000000001,800,,3.8667689384521076,0.00587125863876781,1.0,,,,False,1,No solution exists for discriminant 
0.6153850000000001,825,,3.8667689384521076,0.00587125863876781,1.0,,,,False,1,No solution exists for discriminant 
0.6153850000000001,850,,3.8667689384521076,0.00587125863876781,1.0,,,,False,1,No solution exists for discriminant 
0.6153850000000001,875,,3.8667689384521076,0.00587125863876781,1.0,,,,False,1,No solution exists for discriminant 
0.6153850000000001,900,,3.8667689384521076,0.00587125863876781,1.0,,,,False,1,No solution exists for discriminant 
0.6153850000000001,925,,3.8667689384521076,0.00587125863876781,1.0,,,,False,1,No solution exists for discriminant 
0.6153850000000001,950,,3.8667689384521076,0.00587125863876781,1.0,,,,False,1,No solution exists for discriminant 
0.6153850000000001,975,,3.8667689384521076,0.00587125863876781,1.0,,,,False,1,No solution exists for discriminant 
0.6153850000000001,1000,,3.8667689384521076,0.00587125863876781,1.0,,,,False,1,No solution exists for discriminant 
0.6153850000000001,1025,,3.8667689384521076,0.00587125863876781,1.0,,,,False,1,No solution exists for discriminant 
0.6153850000000001,1050,,3.8667689384521076,0.00587125863876781,1.0,,,,False,1,No solution exists for discriminant 
0.6153850000000001,1075,,3.8667689384521076,0.00587125863876781,1.0,,,,False,1,No solution exists for discriminant 
0.6153850000000001,1100,,3.8667689384521076,0.00587125863876781,1.0,,,,False,1,No solution exists for discriminant 
0.6153850000000001,1125,,3.8667689384521076,0.00587125863876781,1.0,,,,False,1,No solution exists for discriminant 
0.6153850000000001,1150,,3.8667689384521076,0.00587125863876781,1.0,,,,False,1,No solution exists for discriminant 
0.6153850000000001,1175,,3.8667689384521076,0.00587125863876781,1.0,,,,False,1,No solution exists for discriminant 
0.6153850000000001,1200,,3.8667689384521076,0.00587125863876781,1.0,,,,False,1,No solution exists for discriminant 
0.6153850000000001,1225,,3.8667689384521076,0.00587125863876781,1.0,,,,False,1,No solution exists for discriminant 
0.6153850000000001,1250,,3.8667689384521076,0.00587125863876781,1.0,,,,False,1,No solution exists for discriminant 
0.6153850000000001,1275,,3.8667689384521076,0.00587125863876781,1.0,,,,False,1,No solution exists for discriminant 
0.6153850000000001,1300,,3.8667689384521076,0.00587125863876781,1.0,,,,False,1,No solution exists for discriminant 
0.6153850000000001,1325,,3.8667689384521076,0.00587125863876781,1.0,,,,False,1,No solution exists for discriminant 
0.6153850000000001,1350,,3.8667689384521076,0.00587125863876781,1.0,,,,False,1,No solution exists for discriminant 
0.6153850000000001,1375,,3.8667689384521076,0.00587125863876781,1.0,,,,False,1,No solution exists for discriminant 
0.6153850000000001,1400,,3.8667689384521076,0.00587125863876781,1.0,,,,False,1,No solution exists for discriminant 
0.6153850000000001,1425,,3.8667689384521076,0.00587125863876781,1.0,,,,False,1,No solution exists for discriminant 
0.6153850000000001,1450,,3.8667689384521076,0.00587125863876781,1.0,,,,False,1,No solution exists for discriminant 
0.6153850000000001,1475,,3.8667689384521076,0.00587125863876781,1.0,,,,False,1,No solution exists for discriminant 
0.6153850000000001,1500,,3.8667689384521076,0.00587125863876781,1.0,,,,False,1,No solution exists for discriminant 
0.6153850000000001,1525,,3.8667689384521076,0.00587125863876781,1.0,,,,False,1,No solution exists for discriminant 
0.6410260000000001,-100,-25.322514050987376,3.8823596117710704,0.002633836412902864,3.617502007283911,3.9490549713448053,-100.00000000000038,3.836930773104541e-13,True,5,
0.6410260000000001,-75,-19.01677341377107,3.8823596117710704,0.003235412253124607,2.71668191625301,3.9438867134888795,-75.00000000000028,2.8421709430404007e-13,True,5,
0.6410260000000001,-50,-12.671250394879195,3.8823596117710704,0.005017727285973894,1.810178627839885,3.945940490624863,-50.0000000000001,9.947598300641403e-14,True,4,
0.6410260000000001,-25,-6.377338492207124,3.8823596117710704,0.005922693983141687,0.9110483560295891,3.9201306360873236,-25.000000000000085,8.526512829121202e-14,True,3,
0.6410260000000001,0,0.0,3.8823596117710704,0.0037393419228823176,0.0,3.8823596117710704,0.0,0.0,True,1,
0.6410260000000001,25,6.503963549321204,3.8823596117710704,0.005927098383307214,0.9291376499030292,3.8438099799327996,24.999999999999996,3.552713678800501e-15,True,3,
0.6410260000000001,50,13.095265697254055,3.8823596117710704,0.004901453928680809,1.870752242464865,3.8181737702721454,50.00000000000001,-7.105427357601002e-15,True,5,
0.6410260000000001,75,19.62566242002608,3.8823596117710704,0.0030996432581500708,2.8036660600037258,3.821527059564107,75.00000000000007,-7.105427357601002e-14,True,5,
0.6410260000000001,100,26.234206487270704,3.8823596117710704,0.002688947095705054,3.7477437838958148,3.811817218428997,100.00000000000017,-1.7053025658242404e-13,True,5,
0.6410260000000001,125,33.34565621676101,3.8823596117710704,0.0040108799470390775,4.763665173823001,3.7486141879304045,125.0,0.0,True,7,
0.6410260000000001,150,41.58390569941126,3.8823596117710704,0.006617820727400238,5.9405579570587514,3.60716477870725,149.99999999999997,2.842170943040401e-14,True,9,
0.6410260000000001,175,51.38140233715268,3.8823596117710704,0.009272966452342123,7.340200333878954,3.4059015916243602,174.99999999999994,5.684341886080802e-14,True,9,
0.6410260000000001,200,60.212985274917024,3.8823596117710704,0.009313886982954206,8.601855039273861,3.3215426720142074,200.00000000000003,-2.842170943040401e-14,True,12,
0.6410260000000001,225,,3.8823596117710704,0.007201056016958882,9.435007227988567,,,,False,50,Failed to converge after 50 iterations
0.6410260000000001,250,,3.8823596117710704,-0.009317982012766908,8.097510204967541,,,,False,50,Failed to converge after 50 iterations
0.6410260000000001,275,,3.8823596117710704,-0.030772771592784413,7.223736298493888,,,,False,50,Failed to converge after 50 iterations
0.6410260000000001,300,,3.8823596117710704,-0.03530481143665343,7.4786627401619645,,,,False,50,Failed to converge after 50 iterations
0.6410260000000001,325,,3.8823596117710704,-0.0388644697477789,7.750025180108534,,,,False,50,Failed to converge after 50 iterations
0.6410260000000001,350,,3.8823596117710704,-0.056537672165944707,7.358709414585775,,,,False,50,Failed to converge after 50 iterations
0.6410260000000001,375,,3.8823596117710704,-0.293862291509798,4.246075991759878,,,,False,50,Failed to converge after 50 iterations
0.6410260000000001,400,,3.8823596117710704,-0.23517025425044047,4.829353846024236,,,,False,50,Failed to converge after 50 iterations
0.6410260000000001,425,,3.8823596117710704,-0.253995089475017,4.8529642026565485,,,,False,50,Failed to converge after 50 iterations
0.6410260000000001,450,,3.8823596117710704,-0.31192617138202344,4.609351723929962,,,,False,50,Failed to converge after 50 iterations
0.6410260000000001,475,,3.8823596117710704,-0.3823057604134206,4.362119377048478,,,,False,50,Failed to converge after 50 iterations
0.6410260000000001,500,,3.8823596117710704,-0.46552181649362306,4.123889087585005,,,,False,50,Failed to converge after 50 iterations
0.6410260000000001,525,,3.8823596117710704,-0.5652319885408368,3.8907382147953102,,,,False,50,Failed to converge after 50 iterations
0.6410260000000001,550,,3.8823596117710704,-0.6873297276284868,3.657739429032506,,,,False,50,Failed to converge after 50 iterations
0.6410260000000001,575,,3.8823596117710704,-0.8423115198921547,3.417762395878044,,,,False,50,Failed to converge after 50 iterations
0.6410260000000001,600,,3.8823596117710704,-1.0528904029073307,3.157022865784619,,,,False,50,Failed to converge after 50 iterations
0.6410260000000001,625,,3.8823596117710704,-1.393621411165224,2.8328585782767304,,,,False,50,Failed to converge after 50 iterations
0.6410260000000001,650,,3.8823596117710704,0.005932874375719105,1.0,,,,False,1,No solution exists for discriminant 
0.6410260000000001,675,,3.8823596117710704,0.005932874375719105,1.0,,,,False,1,No solution exists for discriminant 
0.6410260000000001,700,,3.8823596117710704,0.005932874375719105,1.0,,,,False,1,No solution exists for discriminant 
0.6410260000000001,725,,3.8823596117710704,0.005932874375719105,1.0,,,,False,1,No solution exists for discriminant 
0.6410260000000001,750,,3.8823596117710704,0.005932874375719105,1.0,,,,False,1,No solution exists for discriminant 
0.6410260000000001,775,,3.8823596117710704,0.005932874375719105,1.0,,,,False,1,No solution exists for discriminant 
0.6410260000000001,800,,3.8823596117710704,0.005932874375719105,1.0,,,,False,1,No solution exists for discriminant 
0.6410260000000001,825,,3.8823596117710704,0.005932874375719105,1.0,,,,False,1,No solution exists for discriminant 
0.6410260000000001,850,,3.8823596117710704,0.005932874375719105,1.0,,,,False,1,No solution exists for discriminant 
0.6410260000000001,875,,3.8823596117710704,0.005932874375719105,1.0,,,,False,1,No solution exists for discriminant 
0.6410260000000001,900,,3.8823596117710704,0.005932874375719105,1.0,,,,False,1,No solution exists for discriminant 
0.6410260000000001,925,,3.8823596117710704,0.005932874375719105,1.0,,,,False,1,No solution exists for discriminant 
0.6410260000000001,950,,3.8823596117710704,0.005932874375719105,1.0,,,,False,1,No solution exists for discriminant 
0.6410260000000001,975,,3.8823596117710704,0.005932874375719105,1.0,,,,False,1,No solution exists for discriminant 
0.6410260000000001,1000,,3.8823596117710704,0.005932874375719105,1.0,,,,False,1,No solution exists for discriminant 
0.6410260000000001,1025,,3.8823596117710704,0.005932874375719105,1.0,,,,False,1,No solution exists for discriminant 
0.6410260000000001,1050,,3.8823596117710704,0.005932874375719105,1.0,,,,False,1,No solution exists for discriminant 
0.6410260000000001,1075,,3.8823596117710704,0.005932874375719105,1.0,,,,False,1,No solution exists for discriminant 
0.6410260000000001,1100,,3.8823596117710704,0.005932874375719105,1.0,,,,False,1,No solution exists for discriminant 
0.6410260000000001,1125,,3.8823596117710704,0.005932874375719105,1.0,,,,False,1,No solution exists for discriminant 
0.6410260000000001,1150,,3.8823596117710704,0.005932874375719105,1.0,,,,False,1,No solution exists for discriminant 
0.6410260000000001,1175,,3.8823596117710704,0.005932874375719105,1.0,,,,False,1,No solution exists for discriminant 
0.6410260000000001,1200,,3.8823596117710704,0.005932874375719105,1.0,,,,False,1,No solution exists for discriminant 
0.6410260000000001,1225,,3.8823596117710704,0.005932874375719105,1.0,,,,False,1,No solution exists for discriminant 
0.6410260000000001,1250,,3.8823596117710704,0.005932874375719105,1.0,,,,False,1,No solution exists for discriminant 
0.6410260000000001,1275,,3.8823596117710704,0.005932874375719105,1.0,,,,False,1,No solution exists for discriminant 
0.6410260000000001,1300,,3.8823596117710704,0.005932874375719105,1.0,,,,False,1,No solution exists for discriminant 
0.6410260000000001,1325,,3.8823596117710704,0.005932874375719105,1.0,,,,False,1,No solution exists for discriminant 
0.6410260000000001,1350,,3.8823596117710704,0.005932874375719105,1.0,,,,False,1,No solution exists for discriminant 
0.6410260000000001,1375,,3.8823596117710704,0.005932874375719105,1.0,,,,False,1,No solution exists for discriminant 
0.6410260000000001,1400,,3.8823596117710704,0.005932874375719105,1.0,,,,False,1,No solution exists for discriminant 
0.6410260000000001,1425,,3.8823596117710704,0.005932874375719105,1.0,,,,False,1,No solution exists for discriminant 
0.6410260000000001,1450,,3.8823596117710704,0.005932874375719105,1.0,,,,False,1,No solution exists for discriminant 
0.6410260000000001,1475,,3.8823596117710704,0.005932874375719105,1.0,,,,False,1,No solution exists for discriminant 
0.6410260000000001,1500,,3.8823596117710704,0.005932874375719105,1.0,,,,False,1,No solution exists for discriminant 
0.6410260000000001,1525,,3.8823596117710704,0.005932874375719105,1.0,,,,False,1,No solution exists for discriminant 
0.666667,-100,-25.2035528004177,3.900707019568485,0.0026578620559097915,3.6005075429168145,3.9676945862308344,-100.0000000000003,2.984279490192421e-13,True,5,
0.666667,-75,-18.92564020041707,3.900707019568485,0.0032850044395999313,2.703662885773867,3.962877831649126,-75.00000000000034,3.410605131648481e-13,True,5,
0.666667,-50,-12.610808291538076,3.900707019568485,0.0050865807125439946,1.8015440416482966,3.9648529137938127,-49.999999999999915,-8.526512829121202e-14,True,4,
0.666667,-25,-6.3471606558325835,3.900707019568485,0.005996703236793361,0.9067372365475119,3.9387690584177637,-24.99999999999998,-2.1316282072803006e-14,True,3,
0.666667,0,0.0,3.900707019568485,0.003806867325535094,0.0,3.900707019568485,0.0,0.0,True,1,
0.666667,25,6.473567455558056,3.900707019568485,0.006001134938066916,0.924795350794008,3.861858267737003,25.000000000000075,-7.460698725481052e-14,True,3,
0.666667,50,13.034620363054598,3.900707019568485,0.004968973212103921,1.862088623293514,3.835938340154523,50.0,0.0,True,5,
0.666667,75,19.535044959851415,3.900707019568485,0.003145782065869478,2.7907207085502024,3.839254025477831,74.99999999999996,4.263256414560601e-14,True,5,
0.666667,100,26.11021693593435,3.900707019568485,0.002711146756016936,3.7300309908477645,3.829918389623728,99.99999999999987,1.2789769243681803e-13,True,5,
0.666667,125,33.18469793864382,3.900707019568485,0.004035312957355916,4.740671134091975,3.7667963779907336,125.00000000000011,-1.1368683772161603e-13,True,7,
0.666667,150,41.38827065631749,3.900707019568485,0.006680438826408813,5.912610093759641,3.6242152093181055,150.00000000000009,-8.526512829121202e-14,True,9,
0.666667,175,51.19781249147915,3.900707019568485,0.00942603224426485,7.31397321306845,3.418114788187977,175.00000000000003,-2.842170943040401e-14,True,10,
0.666667,200,60.086555600976645,3.900707019568485,0.009522519606677488,8.583793657282378,3.3285316157604683,200.0,0.0,True,12,
0.666667,225,,3.900707019568485,0.0074024040209639255,9.418712896282837,,,,False,50,Failed to converge after 50 iterations
0.666667,250,,3.900707019568485,-0.009369438227466902,8.062799453309013,,,,False,50,Failed to converge after 50 iterations
0.666667,275,,3.900707019568485,-0.03085128227264451,7.200757477710072,,,,False,50,Failed to converge after 50 iterations
0.666667,300,,3.900707019568485,-0.03261413862354953,7.6034213561625,,,,False,50,Failed to converge after 50 iterations
0.666667,325,,3.900707019568485,-0.03703587270236292,7.828949180459232,,,,False,50,Failed to converge after 50 iterations
0.666667,350,,3.900707019568485,-0.05465412949021068,7.419304296242158,,,,False,50,Failed to converge after 50 iterations
0.666667,375,,3.900707019568485,-0.3292048686421044,4.048895817390579,,,,False,50,Failed to converge after 50 iterations
0.666667,400,,3.900707019568485,-0.24972256493228623,4.709579441065492,,,,False,50,Failed to converge after 50 iterations
0.666667,425,,3.900707019568485,-0.25535651566109413,4.838193744053316,,,,False,50,Failed to converge after 50 iterations
0.666667,450,,3.900707019568485,-0.3123912648954953,4.602958057344447,,,,False,50,Failed to converge after 50 iterations
0.666667,475,,3.900707019568485,-0.38279722560471235,4.356782792788491,,,,False,50,Failed to converge after 50 iterations
0.666667,500,,3.900707019568485,-0.4660607968964825,4.119348356165106,,,,False,50,Failed to converge after 50 iterations
0.666667,525,,3.900707019568485,-0.5658241170862269,3.886873473964982,,,,False,50,Failed to converge after 50 iterations
0.666667,550,,3.900707019568485,-0.6879960531144366,3.6544284053971126,,,,False,50,Failed to converge after 50 iterations
0.666667,575,,3.900707019568485,-0.8431198381646299,3.4148500293096427,,,,False,50,Failed to converge after 50 iterations
0.666667,600,,3.900707019568485,-1.0540885286220316,3.1542188950563097,,,,False,50,Failed to converge after 50 iterations
0.666667,625,,3.900707019568485,-1.3966665346926024,2.8290945997883483,,,,False,50,Failed to converge after 50 iterations
0.666667,650,,3.900707019568485,0.006006663696552265,1.0,,,,False,1,No solution exists for discriminant 
0.666667,675,,3.900707019568485,0.006006663696552265,1.0,,,,False,1,No solution exists for discriminant 
0.666667,700,,3.900707019568485,0.006006663696552265,1.0,,,,False,1,No solution exists for discriminant 
0.666667,725,,3.900707019568485,0.006006663696552265,1.0,,,,False,1,No solution exists for discriminant 
0.666667,750,,3.900707019568485,0.006006663696552265,1.0,,,,False,1,No solution exists for discriminant 
0.666667,775,,3.900707019568485,0.006006663696552265,1.0,,,,False,1,No solution exists for discriminant 
0.666667,800,,3.900707019568485,0.006006663696552265,1.0,,,,False,1,No solution exists for discriminant 
0.666667,825,,3.900707019568485,0.006006663696552265,1.0,,,,False,1,No solution exists for discriminant 
0.666667,850,,3.900707019568485,0.006006663696552265,1.0,,,,False,1,No solution exists for discriminant 
0.666667,875,,3.900707019568485,0.006006663696552265,1.0,,,,False,1,No solution exists for discriminant 
0.666667,900,,3.900707019568485,0.006006663696552265,1.0,,,,False,1,No solution exists for discriminant 
0.666667,925,,3.900707019568485,0.006006663696552265,1.0,,,,False,1,No solution exists for discriminant 
0.666667,950,,3.900707019568485,0.006006663696552265,1.0,,,,False,1,No solution exists for discriminant 
0.666667,975,,3.900707019568485,0.006006663696552265,1.0,,,,False,1,No solution exists for discriminant 
0.666667,1000,,3.900707019568485,0.006006663696552265,1.0,,,,False,1,No solution exists for discriminant 
0.666667,1025,,3.900707019568485,0.006006663696552265,1.0,,,,False,1,No solution exists for discriminant 
0.666667,1050,,3.900707019568485,0.006006663696552265,1.0,,,,False,1,No solution exists for discriminant 
0.666667,1075,,3.900707019568485,0.006006663696552265,1.0,,,,False,1,No solution exists for discriminant 
0.666667,1100,,3.900707019568485,0.006006663696552265,1.0,,,,False,1,No solution exists for discriminant 
0.666667,1125,,3.900707019568485,0.006006663696552265,1.0,,,,False,1,No solution exists for discriminant 
0.666667,1150,,3.900707019568485,0.006006663696552265,1.0,,,,False,1,No solution exists for discriminant 
0.666667,1175,,3.900707019568485,0.006006663696552265,1.0,,,,False,1,No solution exists for discriminant 
0.666667,1200,,3.900707019568485,0.006006663696552265,1.0,,,,False,1,No solution exists for discriminant 
0.666667,1225,,3.900707019568485,0.006006663696552265,1.0,,,,False,1,No solution exists for discriminant 
0.666667,1250,,3.900707019568485,0.006006663696552265,1.0,,,,False,1,No solution exists for discriminant 
0.666667,1275,,3.900707019568485,0.006006663696552265,1.0,,,,False,1,No solution exists for discriminant 
0.666667,1300,,3.900707019568485,0.006006663696552265,1.0,,,,False,1,No solution exists for discriminant 
0.666667,1325,,3.900707019568485,0.006006663696552265,1.0,,,,False,1,No solution exists for discriminant 
0.666667,1350,,3.900707019568485,0.006006663696552265,1.0,,,,False,1,No solution exists for discriminant 
0.666667,1375,,3.900707019568485,0.006006663696552265,1.0,,,,False,1,No solution exists for discriminant 
0.666667,1400,,3.900707019568485,0.006006663696552265,1.0,,,,False,1,No solution exists for discriminant 
0.666667,1425,,3.900707019568485,0.006006663696552265,1.0,,,,False,1,No solution exists for discriminant 
0.666667,1450,,3.900707019568485,0.006006663696552265,1.0,,,,False,1,No solution exists for discriminant 
0.666667,1475,,3.900707019568485,0.006006663696552265,1.0,,,,False,1,No solution exists for discriminant 
0.666667,1500,,3.900707019568485,0.006006663696552265,1.0,,,,False,1,No solution exists for discriminant 
0.666667,1525,,3.900707019568485,0.006006663696552265,1.0,,,,False,1,No solution exists for discriminant 
0.692308,-100,-25.063392379910226,3.9222237115085026,0.0026995213030301564,3.580484625701461,3.989882873164274,-99.99999999999979,-2.1316282072803006e-13,True,5,
0.692308,-75,-18.818630773674045,3.9222237115085026,0.0033577603761491526,2.688375824810578,3.9854121642537264,-75.00000000000006,5.684341886080802e-14,True,5,
0.692308,-50,-12.540361725034243,3.9222237115085026,0.005175457282601393,1.7914802464334634,3.987125817924787,-49.99999999999985,-1.4921397450962104e-13,True,4,
0.692308,-25,-6.312114612446268,3.9222237115085026,0.00608577842928497,0.9017306589208954,3.9606378424601028,-25.000000000000075,7.460698725481052e-14,True,3,
0.692308,0,0.0,3.9222237115085026,0.003890268898882207,0.0,3.9222237115085026,0.0,0.0,True,1,
0.692308,25,6.438300203612874,3.9222237115085026,0.006090309022074714,0.9197571719446963,3.883012473691614,25.000000000000046,-4.618527782440651e-14,True,3,
0.692308,50,12.964561589609088,3.9222237115085026,0.005056589707899071,1.8520802270870127,3.8566672428070614,50.000000000000014,-1.4210854715202004e-14,True,5,
0.692308,75,19.43122051935764,3.9222237115085026,0.003214202327200863,2.77588864562252,3.85976783729483,74.99999999999997,2.842170943040401e-14,True,5,
0.692308,100,25.968581856218794,3.9222237115085026,0.0027501150571115937,3.7097974080312563,3.8508071235338805,100.00000000000001,-1.4210854715202004e-14,True,5,
0.692308,125,32.99871757294552,3.9222237115085026,0.004066755480468075,4.714102510420789,3.788025995970308,124.99999999999987,1.2789769243681803e-13,True,7,
0.692308,150,41.15274784091227,3.9222237115085026,0.0067374995944921275,5.878963977273181,3.6449570896181194,149.99999999999994,5.684341886080802e-14,True,9,
0.692308,175,50.954065221492485,3.9222237115085026,0.009572500230918397,7.279152174498926,3.4344659104095348,175.0,0.0,True,10,
0.692308,200,59.91170897995859,3.9222237115085026,0.009747311551242803,8.558815568565512,3.3382456185134552,200.0,0.0,True,11,
0.692308,225,,3.9222237115085026,0.007632129839138103,9.398142248602834,,,,False,50,Failed to converge after 50 iterations
0.692308,250,,3.9222237115085026,-0.009188443690689448,8.04442167161243,,,,False,50,Failed to converge after 50 iterations
0.692308,275,,3.9222237115085026,-0.030676811216200375,7.187692511276767,,,,False,50,Failed to converge after 50 iterations
0.692308,300,,3.9222237115085026,-0.0305813379090985,7.694991230687649,,,,False,50,Failed to converge after 50 iterations
0.692308,325,,3.9222237115085026,-0.03540322355564745,7.896988395487518,,,,False,50,Failed to converge after 50 iterations
0.692308,350,,3.9222237115085026,-0.052926597718844635,7.472910266942267,,,,False,50,Failed to converge after 50 iterations
0.692308,375,,3.9222237115085026,-0.36003642938892694,3.8975259779444604,,,,False,50,Failed to converge after 50 iterations
0.692308,400,,3.9222237115085026,-0.26808846139142833,4.571199890866364,,,,False,50,Failed to converge after 50 iterations
0.692308,425,,3.9222237115085026,-0.2565717914215833,4.823941012889172,,,,False,50,Failed to converge after 50 iterations
0.692308,450,,3.9222237115085026,-0.3121562931263199,4.600286987279831,,,,False,50,Failed to converge after 50 iterations
0.692308,475,,3.9222237115085026,-0.3824625243776972,4.354974376802065,,,,False,50,Failed to converge after 50 iterations
0.692308,500,,3.9222237115085026,-0.4656355331096193,4.118109541570511,,,,False,50,Failed to converge after 50 iterations
0.692308,525,,3.9222237115085026,-0.5652794398441421,3.886122872191,,,,False,50,Failed to converge after 50 iterations
0.692308,550,,3.9222237115085026,-0.6872986538564554,3.65408464480872,,,,False,50,Failed to converge after 50 iterations
0.692308,575,,3.9222237115085026,-0.8422395025092684,3.414813460756421,,,,False,50,Failed to converge after 50 iterations
0.692308,600,,3.9222237115085026,-1.0530465578493506,3.1543120704800502,,,,False,50,Failed to converge after 50 iterations
0.692308,625,,3.9222237115085026,-1.3960906597749485,2.8286114528649584,,,,False,50,Failed to converge after 50 iterations
0.692308,650,,3.9222237115085026,0.006095770986440868,1.0,,,,False,1,No solution exists for discriminant 
0.692308,675,,3.9222237115085026,0.006095770986440868,1.0,,,,False,1,No solution exists for discriminant 
0.692308,700,,3.9222237115085026,0.006095770986440868,1.0,,,,False,1,No solution exists for discriminant 
0.692308,725,,3.9222237115085026,0.006095770986440868,1.0,,,,False,1,No solution exists for discriminant 
0.692308,750,,3.9222237115085026,0.006095770986440868,1.0,,,,False,1,No solution exists for discriminant 
0.692308,775,,3.9222237115085026,0.006095770986440868,1.0,,,,False,1,No solution exists for discriminant 
0.692308,800,,3.9222237115085026,0.006095770986440868,1.0,,,,False,1,No solution exists for discriminant 
0.692308,825,,3.9222237115085026,0.006095770986440868,1.0,,,,False,1,No solution exists for discriminant 
0.692308,850,,3.9222237115085026,0.006095770986440868,1.0,,,,False,1,No solution exists for discriminant 
0.692308,875,,3.9222237115085026,0.006095770986440868,1.0,,,,False,1,No solution exists for discriminant 
0.692308,900,,3.9222237115085026,0.006095770986440868,1.0,,,,False,1,No solution exists for discriminant 
0.692308,925,,3.9222237115085026,0.006095770986440868,1.0,,,,False,1,No solution exists for discriminant 
0.692308,950,,3.9222237115085026,0.006095770986440868,1.0,,,,False,1,No solution exists for discriminant 
0.692308,975,,3.9222237115085026,0.006095770986440868,1.0,,,,False,1,No solution exists for discriminant 
0.692308,1000,,3.9222237115085026,0.006095770986440868,1.0,,,,False,1,No solution exists for discriminant 
0.692308,1025,,3.9222237115085026,0.006095770986440868,1.0,,,,False,1,No solution exists for discriminant 
0.692308,1050,,3.9222237115085026,0.006095770986440868,1.0,,,,False,1,No solution exists for discriminant 
0.692308,1075,,3.9222237115085026,0.006095770986440868,1.0,,,,False,1,No solution exists for discriminant 
0.692308,1100,,3.9222237115085026,0.006095770986440868,1.0,,,,False,1,No solution exists for discriminant 
0.692308,1125,,3.9222237115085026,0.006095770986440868,1.0,,,,False,1,No solution exists for discriminant 
0.692308,1150,,3.9222237115085026,0.006095770986440868,1.0,,,,False,1,No solution exists for discriminant 
0.692308,1175,,3.9222237115085026,0.006095770986440868,1.0,,,,False,1,No solution exists for discriminant 
0.692308,1200,,3.9222237115085026,0.006095770986440868,1.0,,,,False,1,No solution exists for discriminant 
0.692308,1225,,3.9222237115085026,0.006095770986440868,1.0,,,,False,1,No solution exists for discriminant 
0.692308,1250,,3.9222237115085026,0.006095770986440868,1.0,,,,False,1,No solution exists for discriminant 
0.692308,1275,,3.9222237115085026,0.006095770986440868,1.0,,,,False,1,No solution exists for discriminant 
0.692308,1300,,3.9222237115085026,0.006095770986440868,1.0,,,,False,1,No solution exists for discriminant 
0.692308,1325,,3.9222237115085026,0.006095770986440868,1.0,,,,False,1,No solution exists for discriminant 
0.692308,1350,,3.9222237115085026,0.006095770986440868,1.0,,,,False,1,No solution exists for discriminant 
0.692308,1375,,3.9222237115085026,0.006095770986440868,1.0,,,,False,1,No solution exists for discriminant 
0.692308,1400,,3.9222237115085026,0.006095770986440868,1.0,,,,False,1,No solution exists for discriminant 
0.692308,1425,,3.9222237115085026,0.006095770986440868,1.0,,,,False,1,No solution exists for discriminant 
0.692308,1450,,3.9222237115085026,0.006095770986440868,1.0,,,,False,1,No solution exists for discriminant 
0.692308,1475,,3.9222237115085026,0.006095770986440868,1.0,,,,False,1,No solution exists for discriminant 
0.692308,1500,,3.9222237115085026,0.006095770986440868,1.0,,,,False,1,No solution exists for discriminant 
0.692308,1525,,3.9222237115085026,0.006095770986440868,1.0,,,,False,1,No solution exists for discriminant 
0.7179490000000001,-100,-24.907130489006637,3.9460944778669824,0.002763066107177338,3.5581614984295196,4.0149145259482,-100.00000000000003,2.842170943040401e-14,True,5,
0.7179490000000001,-75,-18.699772595842536,3.9460944778669824,0.00345723362257468,2.6713960851203624,4.01074396041983,-74.99999999999969,-3.126388037344441e-13,True,5,
0.7179490000000001,-50,-12.462672889075602,3.9460944778669824,0.00528666473601097,1.7803818412965147,4.011980451146099,-49.99999999999979,-2.1316282072803006e-13,True,4,
0.7179490000000001,-25,-6.2736171671102126,3.9460944778669824,0.006192191018679111,0.8962310238728876,3.9849419137437936,-25.00000000000009,8.881784197001252e-14,True,3,
0.7179490000000001,0,0.0,3.9460944778669824,0.003993838973582176,0.0,3.9460944778669824,0.0,0.0,True,1,
0.7179490000000001,25,6.39969471204393,3.9460944778669824,0.006196879348417597,0.9142421017205614,3.90643634186974,25.000000000000007,-7.105427357601002e-15,True,3,
0.7179490000000001,50,12.888237596491198,3.9460944778669824,0.005166578906851754,1.8411767994987425,3.8795063813544575,50.000000000000036,-3.552713678800501e-14,True,5,
0.7179490000000001,75,19.31904368382965,3.9460944778669824,0.003308379967685471,2.759863383404236,3.88217974074856,74.9999999999999,9.947598300641403e-14,True,5,
0.7179490000000001,100,25.816113835632457,3.9460944778669824,0.002810058030114237,3.688016262233208,3.87354969987682,99.99999999999993,7.105427357601002e-14,True,5,
0.7179490000000001,125,32.79657554673303,3.9460944778669824,0.0041077747594845644,4.685225078104719,3.8113735326385836,125.00000000000006,-5.684341886080802e-14,True,7,
0.7179490000000001,150,40.88749330154388,3.9460944778669824,0.006786696388235431,5.841070471649125,3.668603474753394,150.0,0.0,True,8,
0.7179490000000001,175,50.656068902762215,3.9460944778669824,0.00970119709709983,7.236581271823174,3.454669969277017,175.0,0.0,True,10,
0.7179490000000001,200,59.6904618754312,3.9460944778669824,0.009976056253556631,8.527208839347313,3.3506190723969036,200.00000000000003,-2.842170943040401e-14,True,11,
0.7179490000000001,225,,3.9460944778669824,0.007880697513817888,9.373865801191295,,,,False,50,Failed to converge after 50 iterations
0.7179490000000001,250,,3.9460944778669824,-0.00875118897684519,8.04564742087332,,,,False,50,Failed to converge after 50 iterations
0.7179490000000001,275,,3.9460944778669824,-0.030223604958784407,7.1865936428267005,,,,False,50,Failed to converge after 50 iterations
0.7179490000000001,300,,3.9460944778669824,-0.02912397808060294,7.754235050334006,,,,False,50,Failed to converge after 50 iterations
0.7179490000000001,325,,3.9460944778669824,-0.03401563212168305,7.951035839923407,,,,False,50,Failed to converge after 50 iterations
0.7179490000000001,350,,3.9460944778669824,-0.05129497047544508,7.522151642682929,,,,False,50,Failed to converge after 50 iterations
0.7179490000000001,375,,3.9460944778669824,-0.38436814881402614,3.7886856633652086,,,,False,50,Failed to converge after 50 iterations
0.7179490000000001,400,,3.9460944778669824,-0.2884888578251728,4.431405782110348,,,,False,50,Failed to converge after 50 iterations
0.7179490000000001,425,,3.9460944778669824,-0.2576780604916923,4.8100898498288505,,,,False,50,Failed to converge after 50 iterations
0.7179490000000001,450,,3.9460944778669824,-0.3112063953743693,4.601575093240981,,,,False,50,Failed to converge after 50 iterations
0.7179490000000001,475,,3.9460944778669824,-0.38130377090648365,4.356808280570314,,,,False,50,Failed to converge after 50 iterations
0.7179490000000001,500,,3.9460944778669824,-0.46428162782034404,4.120141498787903,,,,False,50,Failed to converge after 50 iterations
0.7179490000000001,525,,3.9460944778669824,-0.5636888043242779,3.888300270962802,,,,False,50,Failed to converge after 50 iterations
0.7179490000000001,550,,3.9460944778669824,-0.6854221101195991,3.6563441313353024,,,,False,50,Failed to converge after 50 iterations
0.7179490000000001,575,,3.9460944778669824,-0.8400266759765792,3.4170599282423173,,,,False,50,Failed to converge after 50 iterations
0.7179490000000001,600,,3.9460944778669824,-1.050493760818186,3.15634778595726,,,,False,50,Failed to converge after 50 iterations
0.7179490000000001,625,,3.9460944778669824,-1.393908825612341,2.829535767089299,,,,False,50,Failed to converge after 50 iterations
0.7179490000000001,650,,3.9460944778669824,0.006202435086344206,1.0,,,,False,1,No solution exists for discriminant 
0.7179490000000001,675,,3.9460944778669824,0.006202435086344206,1.0,,,,False,1,No solution exists for discriminant 
0.7179490000000001,700,,3.9460944778669824,0.006202435086344206,1.0,,,,False,1,No solution exists for discriminant 
0.7179490000000001,725,,3.9460944778669824,0.006202435086344206,1.0,,,,False,1,No solution exists for discriminant 
0.7179490000000001,750,,3.9460944778669824,0.006202435086344206,1.0,,,,False,1,No solution exists for discriminant 
0.7179490000000001,775,,3.9460944778669824,0.006202435086344206,1.0,,,,False,1,No solution exists for discriminant 
0.7179490000000001,800,,3.9460944778669824,0.006202435086344206,1.0,,,,False,1,No solution exists for discriminant 
0.7179490000000001,825,,3.9460944778669824,0.006202435086344206,1.0,,,,False,1,No solution exists for discriminant 
0.7179490000000001,850,,3.9460944778669824,0.006202435086344206,1.0,,,,False,1,No solution exists for discriminant 
0.7179490000000001,875,,3.9460944778669824,0.006202435086344206,1.0,,,,False,1,No solution exists for discriminant 
0.7179490000000001,900,,3.9460944778669824,0.006202435086344206,1.0,,,,False,1,No solution exists for discriminant 
0.7179490000000001,925,,3.9460944778669824,0.006202435086344206,1.0,,,,False,1,No solution exists for discriminant 
0.7179490000000001,950,,3.9460944778669824,0.006202435086344206,1.0,,,,False,1,No solution exists for discriminant 
0.7179490000000001,975,,3.9460944778669824,0.006202435086344206,1.0,,,,False,1,No solution exists for discriminant 
0.7179490000000001,1000,,3.9460944778669824,0.006202435086344206,1.0,,,,False,1,No solution exists for discriminant 
0.7179490000000001,1025,,3.9460944778669824,0.006202435086344206,1.0,,,,False,1,No solution exists for discriminant 
0.7179490000000001,1050,,3.9460944778669824,0.006202435086344206,1.0,,,,False,1,No solution exists for discriminant 
0.7179490000000001,1075,,3.9460944778669824,0.006202435086344206,1.0,,,,False,1,No solution exists for discriminant 
0.7179490000000001,1100,,3.9460944778669824,0.006202435086344206,1.0,,,,False,1,No solution exists for discriminant 
0.7179490000000001,1125,,3.9460944778669824,0.006202435086344206,1.0,,,,False,1,No solution exists for discriminant 
0.7179490000000001,1150,,3.9460944778669824,0.006202435086344206,1.0,,,,False,1,No solution exists for discriminant 
0.7179490000000001,1175,,3.9460944778669824,0.006202435086344206,1.0,,,,False,1,No solution exists for discriminant 
0.7179490000000001,1200,,3.9460944778669824,0.006202435086344206,1.0,,,,False,1,No solution exists for discriminant 
0.7179490000000001,1225,,3.9460944778669824,0.006202435086344206,1.0,,,,False,1,No solution exists for discriminant 
0.7179490000000001,1250,,3.9460944778669824,0.006202435086344206,1.0,,,,False,1,No solution exists for discriminant 
0.7179490000000001,1275,,3.9460944778669824,0.006202435086344206,1.0,,,,False,1,No solution exists for discriminant 
0.7179490000000001,1300,,3.9460944778669824,0.006202435086344206,1.0,,,,False,1,No solution exists for discriminant 
0.7179490000000001,1325,,3.9460944778669824,0.006202435086344206,1.0,,,,False,1,No solution exists for discriminant 
0.7179490000000001,1350,,3.9460944778669824,0.006202435086344206,1.0,,,,False,1,No solution exists for discriminant 
0.7179490000000001,1375,,3.9460944778669824,0.006202435086344206,1.0,,,,False,1,No solution exists for discriminant 
0.7179490000000001,1400,,3.9460944778669824,0.006202435086344206,1.0,,,,False,1,No solution exists for discriminant 
0.7179490000000001,1425,,3.9460944778669824,0.006202435086344206,1.0,,,,False,1,No solution exists for discriminant 
0.7179490000000001,1450,,3.9460944778669824,0.006202435086344206,1.0,,,,False,1,No solution exists for discriminant 
0.7179490000000001,1475,,3.9460944778669824,0.006202435086344206,1.0,,,,False,1,No solution exists for discriminant 
0.7179490000000001,1500,,3.9460944778669824,0.006202435086344206,1.0,,,,False,1,No solution exists for discriminant 
0.7179490000000001,1525,,3.9460944778669824,0.006202435086344206,1.0,,,,False,1,No solution exists for discriminant 
0.7435900000000001,-100,-24.731378837300525,3.972876114391045,0.002853463810119851,3.5330541196143606,4.043446208877646,-99.99999999999966,-3.410605131648481e-13,True,4,
0.7435900000000001,-75,-18.566643662876622,3.972876114391045,0.0035884890503872775,2.652377666125232,4.03950231187772,-74.99999999999993,-7.105427357601002e-14,True,5,
0.7435900000000001,-50,-12.376274776489284,3.972876114391045,0.005422613752394844,1.7680392537841834,4.039987872197453,-49.99999999999995,-4.973799150320701e-14,True,4,
0.7435900000000001,-25,-6.230940097221402,3.972876114391045,0.006316789509347848,0.8901342996030575,4.012235651430548,-24.999999999999837,-1.6342482922482304e-13,True,3,
0.7435900000000001,0,0.0,3.972876114391045,0.004121558256689025,0.0,3.972876114391045,0.0,0.0,True,1,
0.7435900000000001,25,6.356973104878337,3.972876114391045,0.006321692891076064,0.9081390149826196,3.932689282705174,25.000000000000068,-6.750155989720952e-14,True,3,
0.7435900000000001,50,12.804115195759469,3.972876114391045,0.0053015431215601505,1.829159313679924,3.9049945455473027,50.00000000000006,-5.684341886080802e-14,True,4,
0.7435900000000001,75,19.196473494837072,3.972876114391045,0.0034333656800723837,2.742353356405296,3.9069676011154524,74.99999999999996,4.263256414560601e-14,True,5,
0.7435900000000001,100,25.650206110425962,3.972876114391045,0.002895569871815113,3.6643151586322804,3.8986041503718476,99.99999999999999,1.4210854715202004e-14,True,5,
0.7435900000000001,125,32.5741476089924,3.972876114391045,0.004159039274227236,4.653449658427485,3.8373989551607703,125.00000000000013,-1.2789769243681803e-13,True,7,
0.7435900000000001,150,40.58382842353906,3.972876114391045,0.006821008563219713,5.797689774791294,3.696053473185845,149.99999999999997,2.842170943040401e-14,True,8,
0.7435900000000001,175,50.283161676002564,3.972876114391045,0.009796237839420878,7.183308810857509,3.480290303294871,175.0,0.0,True,10,
0.7435900000000001,200,59.400123950572834,3.972876114391045,0.010199974899660178,8.485731992938977,3.3669963410584987,200.00000000000003,-2.842170943040401e-14,True,10,
0.7435900000000001,225,,3.972876114391045,0.008147462474484604,9.343933449411711,,,,False,50,Failed to converge after 50 iterations
0.7435900000000001,250,,3.972876114391045,-0.007943106991665134,8.076594006684397,,,,False,50,Failed to converge after 50 iterations
0.7435900000000001,275,,3.972876114391045,-0.029361406030190253,7.203798954698967,,,,False,50,Failed to converge after 50 iterations
0.7435900000000001,300,,3.972876114391045,-0.028300285427970483,7.773956704578898,,,,False,50,Failed to converge after 50 iterations
0.7435900000000001,325,,3.972876114391045,-0.032919779003718966,7.986613416551345,,,,False,50,Failed to converge after 50 iterations
0.7435900000000001,350,,3.972876114391045,-0.04962474588086938,7.572073050092214,,,,False,50,Failed to converge after 50 iterations
0.7435900000000001,375,,3.972876114391045,-0.40166874361604055,3.7153035998019335,,,,False,50,Failed to converge after 50 iterations
0.7435900000000001,400,,3.972876114391045,-0.3080618737564528,4.308299641146088,,,,False,50,Failed to converge after 50 iterations
0.7435900000000001,425,,3.972876114391045,-0.2584239324759861,4.798400292855014,,,,False,50,Failed to converge after 50 iterations
0.7435900000000001,450,,3.972876114391045,-0.30914573382665594,4.609196730070443,,,,False,50,Failed to converge after 50 iterations
0.7435900000000001,475,,3.972876114391045,-0.37883943396935216,4.364585136384158,,,,False,50,Failed to converge after 50 iterations
0.7435900000000001,500,,3.972876114391045,-0.4614169833116951,4.127656660433268,,,,False,50,Failed to converge after 50 iterations
0.7435900000000001,525,,3.972876114391045,-0.5603350846751602,3.895568907799206,,,,False,50,Failed to converge after 50 iterations
0.7435900000000001,550,,3.972876114391045,-0.681455228915364,3.663371919268961,,,,False,50,Failed to converge after 50 iterations
0.7435900000000001,575,,3.972876114391045,-0.8352596293285336,3.4238398524413265,,,,False,50,Failed to converge after 50 iterations
0.7435900000000001,600,,3.972876114391045,-1.0445999081128685,3.162854178384141,,,,False,50,Failed to converge after 50 iterations
0.7435900000000001,625,,3.972876114391045,0.006327550053223825,1.0,,,,False,1,No solution exists for discriminant 
0.7435900000000001,650,,3.972876114391045,0.006327550053223825,1.0,,,,False,1,No solution exists for discriminant 
0.7435900000000001,675,,3.972876114391045,0.006327550053223825,1.0,,,,False,1,No solution exists for discriminant 
0.7435900000000001,700,,3.972876114391045,0.006327550053223825,1.0,,,,False,1,No solution exists for discriminant 
0.7435900000000001,725,,3.972876114391045,0.006327550053223825,1.0,,,,False,1,No solution exists for discriminant 
0.7435900000000001,750,,3.972876114391045,0.006327550053223825,1.0,,,,False,1,No solution exists for discriminant 
0.7435900000000001,775,,3.972876114391045,0.006327550053223825,1.0,,,,False,1,No solution exists for discriminant 
0.7435900000000001,800,,3.972876114391045,0.006327550053223825,1.0,,,,False,1,No solution exists for discriminant 
0.7435900000000001,825,,3.972876114391045,0.006327550053223825,1.0,,,,False,1,No solution exists for discriminant 
0.7435900000000001,850,,3.972876114391045,0.006327550053223825,1.0,,,,False,1,No solution exists for discriminant 
0.7435900000000001,875,,3.972876114391045,0.006327550053223825,1.0,,,,False,1,No solution exists for discriminant 
0.7435900000000001,900,,3.972876114391045,0.006327550053223825,1.0,,,,False,1,No solution exists for discriminant 
0.7435900000000001,925,,3.972876114391045,0.006327550053223825,1.0,,,,False,1,No solution exists for discriminant 
0.7435900000000001,950,,3.972876114391045,0.006327550053223825,1.0,,,,False,1,No solution exists for discriminant 
0.7435900000000001,975,,3.972876114391045,0.006327550053223825,1.0,,,,False,1,No solution exists for discriminant 
0.7435900000000001,1000,,3.972876114391045,0.006327550053223825,1.0,,,,False,1,No solution exists for discriminant 
0.7435900000000001,1025,,3.972876114391045,0.006327550053223825,1.0,,,,False,1,No solution exists for discriminant 
0.7435900000000001,1050,,3.972876114391045,0.006327550053223825,1.0,,,,False,1,No solution exists for discriminant 
0.7435900000000001,1075,,3.972876114391045,0.006327550053223825,1.0,,,,False,1,No solution exists for discriminant 
0.7435900000000001,1100,,3.972876114391045,0.006327550053223825,1.0,,,,False,1,No solution exists for discriminant 
0.7435900000000001,1125,,3.972876114391045,0.006327550053223825,1.0,,,,False,1,No solution exists for discriminant 
0.7435900000000001,1150,,3.972876114391045,0.006327550053223825,1.0,,,,False,1,No solution exists for discriminant 
0.7435900000000001,1175,,3.972876114391045,0.006327550053223825,1.0,,,,False,1,No solution exists for discriminant 
0.7435900000000001,1200,,3.972876114391045,0.006327550053223825,1.0,,,,False,1,No solution exists for discriminant 
0.7435900000000001,1225,,3.972876114391045,0.006327550053223825,1.0,,,,False,1,No solution exists for discriminant 
0.7435900000000001,1250,,3.972876114391045,0.006327550053223825,1.0,,,,False,1,No solution exists for discriminant 
0.7435900000000001,1275,,3.972876114391045,0.006327550053223825,1.0,,,,False,1,No solution exists for discriminant 
0.7435900000000001,1300,,3.972876114391045,0.006327550053223825,1.0,,,,False,1,No solution exists for discriminant 
0.7435900000000001,1325,,3.972876114391045,0.006327550053223825,1.0,,,,False,1,No solution exists for discriminant 
0.7435900000000001,1350,,3.972876114391045,0.006327550053223825,1.0,,,,False,1,No solution exists for discriminant 
0.7435900000000001,1375,,3.972876114391045,0.006327550053223825,1.0,,,,False,1,No solution exists for discriminant 
0.7435900000000001,1400,,3.972876114391045,0.006327550053223825,1.0,,,,False,1,No solution exists for discriminant 
0.7435900000000001,1425,,3.972876114391045,0.006327550053223825,1.0,,,,False,1,No solution exists for discriminant 
0.7435900000000001,1450,,3.972876114391045,0.006327550053223825,1.0,,,,False,1,No solution exists for discriminant 
0.7435900000000001,1475,,3.972876114391045,0.006327550053223825,1.0,,,,False,1,No solution exists for discriminant 
0.7435900000000001,1500,,3.972876114391045,0.006327550053223825,1.0,,,,False,1,No solution exists for discriminant 
0.7435900000000001,1525,,3.972876114391045,0.006327550053223825,1.0,,,,False,1,No solution exists for discriminant 
0.769231,-100,-24.53181938126178,4.003316858600892,0.002976609588027948,3.50454562589454,4.076338507382925,-100.00000000000016,1.5631940186722204e-13,True,4,
0.769231,-75,-18.41619970644795,4.003316858600892,0.0037567246265540442,2.630885672349707,4.072501449565642,-74.99999999999964,-3.552713678800501e-13,True,5,
0.769231,-50,-12.279286114792232,4.003316858600892,0.005585104390848337,1.7541837306846044,4.071897953397101,-49.99999999999992,-7.815970093361102e-14,True,4,
0.769231,-25,-6.183133516696479,4.003316858600892,0.00645958642817776,0.883304788099497,4.043257343948955,-24.999999999999968,-3.197442310920451e-14,True,3,
0.769231,0,0.0,4.003316858600892,0.004277247317755688,0.0,4.003316858600892,0.0,0.0,True,1,
0.769231,25,6.309100406933676,4.003316858600892,0.006464756969201911,0.9013000581333823,3.9625300577757727,25.00000000000005,-4.973799150320701e-14,True,3,
0.769231,50,12.710116482112639,4.003316858600892,0.005463569452887118,1.8157309260160912,3.933874254446584,50.0000000000001,-9.947598300641403e-14,True,4,
0.769231,75,19.06067102841895,4.003316858600892,0.003594474722940656,2.7229530040598497,3.9348037583869524,75.00000000000017,-1.7053025658242404e-13,True,5,
0.769231,100,25.467287409344813,4.003316858600892,0.003012138535847403,3.6381839156206874,3.9266058607917027,100.00000000000009,-8.526512829121202e-14,True,5,
0.769231,125,32.32630785805489,4.003316858600892,0.004222482957301847,4.618043979722127,3.866819574597762,125.00000000000009,-8.526512829121202e-14,True,7,
0.769231,150,40.232476819751696,4.003316858600892,0.006834916591063419,5.747496688535956,3.7283312352859963,150.00000000000006,-5.684341886080802e-14,True,8,
0.769231,175,49.813868314817775,4.003316858600892,0.009841415111558319,7.116266902116825,3.5130779022022676,175.00000000000003,-2.842170943040401e-14,True,10,
0.769231,200,59.0131232928778,4.003316858600892,0.010408535318049434,8.430446184696828,3.389076680578567,200.0,0.0,True,10,
0.769231,225,,4.003316858600892,0.008431948271545711,9.305839595886656,,,,False,50,Failed to converge after 50 iterations
0.769231,250,,4.003316858600892,-0.006631151822960314,8.150850749544178,,,,False,50,Failed to converge after 50 iterations
0.769231,275,,4.003316858600892,-0.027946435533988186,7.246947843294589,,,,False,50,Failed to converge after 50 iterations
0.769231,300,,4.003316858600892,-0.028303118011438155,7.740348961056527,,,,False,50,Failed to converge after 50 iterations
0.769231,325,,4.003316858600892,-0.03219726221339237,7.997064312008146,,,,False,50,Failed to converge after 50 iterations
0.769231,350,,4.003316858600892,-0.04782079427748323,7.626360563080689,,,,False,50,Failed to converge after 50 iterations
0.769231,375,,4.003316858600892,-0.4107562031283869,3.67605825943667,,,,False,50,Failed to converge after 50 iterations
0.769231,400,,4.003316858600892,-0.32369037294981373,4.215587935400545,,,,False,50,Failed to converge after 50 iterations
0.769231,425,,4.003316858600892,-0.2584694352588523,4.791216486702332,,,,False,50,Failed to converge after 50 iterations
0.769231,450,,4.003316858600892,-0.3055484629723712,4.6258098460070505,,,,False,50,Failed to converge after 50 iterations
0.769231,475,,4.003316858600892,-0.37454460379460797,4.380916498914787,,,,False,50,Failed to converge after 50 iterations
0.769231,500,,4.003316858600892,-0.456404075313602,4.143175821123401,,,,False,50,Failed to converge after 50 iterations
0.769231,525,,4.003316858600892,-0.5544282020773252,3.910406194055287,,,,False,50,Failed to converge after 50 iterations
0.769231,550,,4.003316858600892,-0.6743863471070122,3.6776651292918894,,,,False,50,Failed to converge after 50 iterations
0.769231,575,,4.003316858600892,-0.8265682923744542,3.437773808373256,,,,False,50,Failed to converge after 50 iterations
0.769231,600,,4.003316858600892,-1.03328610861672,3.176813283100664,,,,False,50,Failed to converge after 50 iterations
0.769231,625,,4.003316858600892,0.006471178311955226,1.0,,,,False,1,No solution exists for discriminant 
0.769231,650,,4.003316858600892,0.006471178311955226,1.0,,,,False,1,No solution exists for discriminant 
0.769231,675,,4.003316858600892,0.006471178311955226,1.0,,,,False,1,No solution exists for discriminant 
0.769231,700,,4.003316858600892,0.006471178311955226,1.0,,,,False,1,No solution exists for discriminant 
0.769231,725,,4.003316858600892,0.006471178311955226,1.0,,,,False,1,No solution exists for discriminant 
0.769231,750,,4.003316858600892,0.006471178311955226,1.0,,,,False,1,No solution exists for discriminant 
0.769231,775,,4.003316858600892,0.006471178311955226,1.0,,,,False,1,No solution exists for discriminant 
0.769231,800,,4.003316858600892,0.006471178311955226,1.0,,,,False,1,No solution exists for discriminant 
0.769231,825,,4.003316858600892,0.006471178311955226,1.0,,,,False,1,No solution exists for discriminant 
0.769231,850,,4.003316858600892,0.006471178311955226,1.0,,,,False,1,No solution exists for discriminant 
0.769231,875,,4.003316858600892,0.006471178311955226,1.0,,,,False,1,No solution exists for discriminant 
0.769231,900,,4.003316858600892,0.006471178311955226,1.0,,,,False,1,No solution exists for discriminant 
0.769231,925,,4.003316858600892,0.006471178311955226,1.0,,,,False,1,No solution exists for discriminant 
0.769231,950,,4.003316858600892,0.006471178311955226,1.0,,,,False,1,No solution exists for discriminant 
0.769231,975,,4.003316858600892,0.006471178311955226,1.0,,,,False,1,No solution exists for discriminant 
0.769231,1000,,4.003316858600892,0.006471178311955226,1.0,,,,False,1,No solution exists for discriminant 
0.769231,1025,,4.003316858600892,0.006471178311955226,1.0,,,,False,1,No solution exists for discriminant 
0.769231,1050,,4.003316858600892,0.006471178311955226,1.0,,,,False,1,No solution exists for discriminant 
0.769231,1075,,4.003316858600892,0.006471178311955226,1.0,,,,False,1,No solution exists for discriminant 
0.769231,1100,,4.003316858600892,0.006471178311955226,1.0,,,,False,1,No solution exists for discriminant 
0.769231,1125,,4.003316858600892,0.006471178311955226,1.0,,,,False,1,No solution exists for discriminant 
0.769231,1150,,4.003316858600892,0.006471178311955226,1.0,,,,False,1,No solution exists for discriminant 
0.769231,1175,,4.003316858600892,0.006471178311955226,1.0,,,,False,1,No solution exists for discriminant 
0.769231,1200,,4.003316858600892,0.006471178311955226,1.0,,,,False,1,No solution exists for discriminant 
0.769231,1225,,4.003316858600892,0.006471178311955226,1.0,,,,False,1,No solution exists for discriminant 
0.769231,1250,,4.003316858600892,0.006471178311955226,1.0,,,,False,1,No solution exists for discriminant 
0.769231,1275,,4.003316858600892,0.006471178311955226,1.0,,,,False,1,No solution exists for discriminant 
0.769231,1300,,4.003316858600892,0.006471178311955226,1.0,,,,False,1,No solution exists for discriminant 
0.769231,1325,,4.003316858600892,0.006471178311955226,1.0,,,,False,1,No solution exists for discriminant 
0.769231,1350,,4.003316858600892,0.006471178311955226,1.0,,,,False,1,No solution exists for discriminant 
0.769231,1375,,4.003316858600892,0.006471178311955226,1.0,,,,False,1,No solution exists for discriminant 
0.769231,1400,,4.003316858600892,0.006471178311955226,1.0,,,,False,1,No solution exists for discriminant 
0.769231,1425,,4.003316858600892,0.006471178311955226,1.0,,,,False,1,No solution exists for discriminant 
0.769231,1450,,4.003316858600892,0.006471178311955226,1.0,,,,False,1,No solution exists for discriminant 
0.769231,1475,,4.003316858600892,0.006471178311955226,1.0,,,,False,1,No solution exists for discriminant 
0.769231,1500,,4.003316858600892,0.006471178311955226,1.0,,,,False,1,No solution exists for discriminant 
0.769231,1525,,4.003316858600892,0.006471178311955226,1.0,,,,False,1,No solution exists for discriminant 
0.794872,-100,-24.336280032189336,4.032666301036869,0.0031403789089925996,3.476611433169905,4.109091441573295,-100.00000000000027,2.7000623958883807e-13,True,4,
0.794872,-75,-18.270239572189457,4.032666301036869,0.003961096505715708,2.6100342245984938,4.105036483164858,-75.00000000000001,1.4210854715202004e-14,True,5,
0.794872,-50,-12.186218961699737,4.032666301036869,0.005771197039653665,1.7408884230999624,4.102995371833202,-50.000000000000036,3.552713678800501e-14,True,4,
0.794872,-25,-6.1375294359686,4.032666301036869,0.006620565994161385,0.8767899194240857,4.073300219708807,-25.00000000000017,1.7053025658242404e-13,True,3,
0.794872,0,0.0,4.032666301036869,0.0044649289210216886,0.0,4.032666301036869,0.0,0.0,True,1,
0.794872,25,6.263839629405744,4.032666301036869,0.006625982851965866,0.8948342327722492,3.9911622070649626,25.000000000000007,-7.105427357601002e-15,True,3,
0.794872,50,12.621931923304881,4.032666301036869,0.005649498698998803,1.8031331319006974,3.9613587130573067,49.999999999999964,3.552713678800501e-14,True,4,
0.794872,75,18.935196685606474,4.032666301036869,0.0037912735894693505,2.705028097943782,3.9608777899313217,74.99999999999986,1.4210854715202004e-13,True,5,
0.794872,100,25.300472982194478,4.032666301036869,0.0031687558895873652,3.6143532831706398,3.9524952782651943,99.99999999999979,2.1316282072803006e-13,True,5,
0.794872,125,32.09964299212455,4.032666301036869,0.00431599799242205,4.585663284589222,3.894124306325395,124.99999999999984,1.5631940186722204e-13,True,7,
0.794872,150,39.90184376126036,4.032666301036869,0.006852854182333817,5.7002633944657655,3.7592247841346857,149.99999999999994,5.684341886080802e-14,True,8,
0.794872,175,49.340533144597345,4.032666301036869,0.009847616094074524,7.048647592085335,3.5467796727519145,174.99999999999997,2.842170943040401e-14,True,10,
0.794872,200,58.600055239198866,4.032666301036869,0.010575079365676823,8.371436462742695,3.412966066049295,199.99999999999991,8.526512829121202e-14,True,9,
0.794872,225,64.86821319767691,4.032666301036869,0.008696021075904708,9.266887599668129,3.4685709519135908,224.99999999999994,5.684341886080802e-14,True,43,
0.794872,250,,4.032666301036869,-0.005022441248604256,8.261252470613313,,,,False,50,Failed to converge after 50 iterations
0.794872,275,,4.032666301036869,-0.02624218076072349,7.308655123089683,,,,False,50,Failed to converge after 50 iterations
0.794872,300,,4.032666301036869,-0.029329255902960833,7.648926064171726,,,,False,50,Failed to converge after 50 iterations
0.794872,325,,4.032666301036869,-0.03201186955893784,7.977133919112574,,,,False,50,Failed to converge after 50 iterations
0.794872,350,,4.032666301036869,-0.04633930217364946,7.6685366796752295,,,,False,50,Failed to converge after 50 iterations
0.794872,375,,4.032666301036869,-0.40936687595951454,3.676995645263065,,,,False,50,Failed to converge after 50 iterations
0.794872,400,,4.032666301036869,-0.33024668391281187,4.175498467392262,,,,False,50,Failed to converge after 50 iterations
0.794872,425,,4.032666301036869,-0.25746886227873855,4.792162893113551,,,,False,50,Failed to converge after 50 iterations
0.794872,450,,4.032666301036869,-0.3015218583520178,4.645612354548861,,,,False,50,Failed to converge after 50 iterations
0.794872,475,,4.032666301036869,-0.3698748072227668,4.399551654430731,,,,False,50,Failed to converge after 50 iterations
0.794872,500,,4.032666301036869,-0.45112406192744725,4.160127749794089,,,,False,50,Failed to converge after 50 iterations
0.794872,525,,4.032666301036869,-0.5484500260096684,3.9257981943998708,,,,False,50,Failed to converge after 50 iterations
0.794872,550,,4.032666301036869,-0.6675971582720658,3.691567746999104,,,,False,50,Failed to converge after 50 iterations
0.794872,575,,4.032666301036869,-0.8188202794405001,3.4501858481120258,,,,False,50,Failed to converge after 50 iterations
0.794872,600,,4.032666301036869,-1.024385012892204,3.187596073859076,,,,False,50,Failed to converge after 50 iterations
0.794872,625,,4.032666301036869,0.006632964053906118,1.0,,,,False,1,No solution exists for discriminant 
0.794872,650,,4.032666301036869,0.006632964053906118,1.0,,,,False,1,No solution exists for discriminant 
0.794872,675,,4.032666301036869,0.006632964053906118,1.0,,,,False,1,No solution exists for discriminant 
0.794872,700,,4.032666301036869,0.006632964053906118,1.0,,,,False,1,No solution exists for discriminant 
0.794872,725,,4.032666301036869,0.006632964053906118,1.0,,,,False,1,No solution exists for discriminant 
0.794872,750,,4.032666301036869,0.006632964053906118,1.0,,,,False,1,No solution exists for discriminant 
0.794872,775,,4.032666301036869,0.006632964053906118,1.0,,,,False,1,No solution exists for discriminant 
0.794872,800,,4.032666301036869,0.006632964053906118,1.0,,,,False,1,No solution exists for discriminant 
0.794872,825,,4.032666301036869,0.006632964053906118,1.0,,,,False,1,No solution exists for discriminant 
0.794872,850,,4.032666301036869,0.006632964053906118,1.0,,,,False,1,No solution exists for discriminant 
0.794872,875,,4.032666301036869,0.006632964053906118,1.0,,,,False,1,No solution exists for discriminant 
0.794872,900,,4.032666301036869,0.006632964053906118,1.0,,,,False,1,No solution exists for discriminant 
0.794872,925,,4.032666301036869,0.006632964053906118,1.0,,,,False,1,No solution exists for discriminant 
0.794872,950,,4.032666301036869,0.006632964053906118,1.0,,,,False,1,No solution exists for discriminant 
0.794872,975,,4.032666301036869,0.006632964053906118,1.0,,,,False,1,No solution exists for discriminant 
0.794872,1000,,4.032666301036869,0.006632964053906118,1.0,,,,False,1,No solution exists for discriminant 
0.794872,1025,,4.032666301036869,0.006632964053906118,1.0,,,,False,1,No solution exists for discriminant 
0.794872,1050,,4.032666301036869,0.006632964053906118,1.0,,,,False,1,No solution exists for discriminant 
0.794872,1075,,4.032666301036869,0.006632964053906118,1.0,,,,False,1,No solution exists for discriminant 
0.794872,1100,,4.032666301036869,0.006632964053906118,1.0,,,,False,1,No solution exists for discriminant 
0.794872,1125,,4.032666301036869,0.006632964053906118,1.0,,,,False,1,No solution exists for discriminant 
0.794872,1150,,4.032666301036869,0.006632964053906118,1.0,,,,False,1,No solution exists for discriminant 
0.794872,1175,,4.032666301036869,0.006632964053906118,1.0,,,,False,1,No solution exists for discriminant 
0.794872,1200,,4.032666301036869,0.006632964053906118,1.0,,,,False,1,No solution exists for discriminant 
0.794872,1225,,4.032666301036869,0.006632964053906118,1.0,,,,False,1,No solution exists for discriminant 
0.794872,1250,,4.032666301036869,0.006632964053906118,1.0,,,,False,1,No solution exists for discriminant 
0.794872,1275,,4.032666301036869,0.006632964053906118,1.0,,,,False,1,No solution exists for discriminant 
0.794872,1300,,4.032666301036869,0.006632964053906118,1.0,,,,False,1,No solution exists for discriminant 
0.794872,1325,,4.032666301036869,0.006632964053906118,1.0,,,,False,1,No solution exists for discriminant 
0.794872,1350,,4.032666301036869,0.006632964053906118,1.0,,,,False,1,No solution exists for discriminant 
0.794872,1375,,4.032666301036869,0.006632964053906118,1.0,,,,False,1,No solution exists for discriminant 
0.794872,1400,,4.032666301036869,0.006632964053906118,1.0,,,,False,1,No solution exists for discriminant 
0.794872,1425,,4.032666301036869,0.006632964053906118,1.0,,,,False,1,No solution exists for discriminant 
0.794872,1450,,4.032666301036869,0.006632964053906118,1.0,,,,False,1,No solution exists for discriminant 
0.794872,1475,,4.032666301036869,0.006632964053906118,1.0,,,,False,1,No solution exists for discriminant 
0.794872,1500,,4.032666301036869,0.006632964053906118,1.0,,,,False,1,No solution exists for discriminant 
0.794872,1525,,4.032666301036869,0.006632964053906118,1.0,,,,False,1,No solution exists for discriminant 
0.820513,-100,-24.181995555168058,4.054239414807349,0.003352436255191366,3.454570793595437,4.134615384615385,-99.98325085309871,-0.016749146901290146,True,4,
0.820513,-75,-18.157707343479533,4.054239414807349,0.004198657560158448,2.5939581919256476,4.130477410020195,-75.00000000000001,1.4210854715202004e-14,True,5,
0.820513,-50,-12.116348849600302,4.054239414807349,0.005976741220503825,1.7309069785143287,4.1266556964187595,-49.99999999999997,-2.842170943040401e-14,True,4,
0.820513,-25,-6.103895570888398,4.054239414807349,0.006799858092676202,0.8719850815554855,4.095745038501905,-24.999999999999908,-9.237055564881302e-14,True,3,
0.820513,0,0.0,4.054239414807349,0.004688781835650612,0.0,4.054239414807349,0.0,0.0,True,1,
0.820513,25,6.231568509576481,4.054239414807349,0.006805408729283694,0.8902240727966401,4.011831044075148,25.000000000000025,-2.4868995751603507e-14,True,3,
0.820513,50,12.560605318346667,4.054239414807349,0.005854776866948012,1.7943721883352381,3.980699873354629,50.00000000000006,-5.684341886080802e-14,True,4,
0.820513,75,18.851648596372705,4.054239414807349,0.004021267531406637,2.693092656624672,3.978431892393268,74.99999999999996,4.263256414560601e-14,True,5,
0.820513,100,25.193886165595508,4.054239414807349,0.0033747260919217864,3.5991265950850724,3.969216949807407,100.00000000000003,-2.842170943040401e-14,True,5,
0.820513,125,31.955671407237542,4.054239414807349,0.0044615148731728446,4.565095915319649,3.9116687115417346,124.99999999999993,7.105427357601002e-14,True,7,
0.820513,150,39.68138943265298,4.054239414807349,0.006908272299621069,5.668769918950425,3.7801095713792767,150.0,0.0,True,7,
0.820513,175,48.990579139369956,4.054239414807349,0.009841158609598647,6.998654162767137,3.5721153551207148,175.0,0.0,True,10,
0.820513,200,58.272633207010266,4.054239414807349,0.010675621725042883,8.324661886715752,3.4321428257671354,200.00000000000003,-2.842170943040401e-14,True,8,
0.820513,225,64.66987229228913,4.054239414807349,0.008891782538587202,9.238553184612732,3.4792089735861085,224.99999999999997,2.842170943040401e-14,True,37,
0.820513,250,,4.054239414807349,-0.0034423777527233246,8.390673671733829,,,,False,50,Failed to converge after 50 iterations
0.820513,275,,4.054239414807349,-0.024630080612751702,7.376239900271766,,,,False,50,Failed to converge after 50 iterations
0.820513,300,,4.054239414807349,-0.03174822045526843,7.493161031019911,,,,False,50,Failed to converge after 50 iterations
0.820513,325,,4.054239414807349,-0.03254200349362052,7.923953359908201,,,,False,50,Failed to converge after 50 iterations
0.820513,350,,4.054239414807349,-0.04577460295797553,7.676007608725734,,,,False,50,Failed to converge after 50 iterations
0.820513,375,,4.054239414807349,-0.39515453319587523,3.7285779790139437,,,,False,50,Failed to converge after 50 iterations
0.820513,400,,4.054239414807349,-0.3226693915986526,4.211791320412058,,,,False,50,Failed to converge after 50 iterations
0.820513,425,,4.054239414807349,-0.2544946578514919,4.809872457245063,,,,False,50,Failed to converge after 50 iterations
0.820513,450,,4.054239414807349,-0.29862300719363405,4.6599793590699425,,,,False,50,Failed to converge after 50 iterations
0.820513,475,,4.054239414807349,-0.3669311389888856,4.41094165928898,,,,False,50,Failed to converge after 50 iterations
0.820513,500,,4.054239414807349,-0.4482899647673832,4.168527751487768,,,,False,50,Failed to converge after 50 iterations
0.820513,525,,4.054239414807349,-0.5459789266021968,3.9311352352338167,,,,False,50,Failed to converge after 50 iterations
0.820513,550,,4.054239414807349,-0.6659694514181397,3.6935331952139845,,,,False,50,Failed to converge after 50 iterations
0.820513,575,,4.054239414807349,-0.8190708459150771,3.448000085927852,,,,False,50,Failed to converge after 50 iterations
0.820513,600,,4.054239414807349,-1.02937782705591,3.179106619246242,,,,False,50,Failed to converge after 50 iterations
0.820513,625,,4.054239414807349,0.0068125132805032995,1.0,,,,False,1,No solution exists for discriminant 
0.820513,650,,4.054239414807349,0.0068125132805032995,1.0,,,,False,1,No solution exists for discriminant 
0.820513,675,,4.054239414807349,0.0068125132805032995,1.0,,,,False,1,No solution exists for discriminant 
0.820513,700,,4.054239414807349,0.0068125132805032995,1.0,,,,False,1,No solution exists for discriminant 
0.820513,725,,4.054239414807349,0.0068125132805032995,1.0,,,,False,1,No solution exists for discriminant 
0.820513,750,,4.054239414807349,0.0068125132805032995,1.0,,,,False,1,No solution exists for discriminant 
0.820513,775,,4.054239414807349,0.0068125132805032995,1.0,,,,False,1,No solution exists for discriminant 
0.820513,800,,4.054239414807349,0.0068125132805032995,1.0,,,,False,1,No solution exists for discriminant 
0.820513,825,,4.054239414807349,0.0068125132805032995,1.0,,,,False,1,No solution exists for discriminant 
0.820513,850,,4.054239414807349,0.0068125132805032995,1.0,,,,False,1,No solution exists for discriminant 
0.820513,875,,4.054239414807349,0.0068125132805032995,1.0,,,,False,1,No solution exists for discriminant 
0.820513,900,,4.054239414807349,0.0068125132805032995,1.0,,,,False,1,No solution exists for discriminant 
0.820513,925,,4.054239414807349,0.0068125132805032995,1.0,,,,False,1,No solution exists for discriminant 
0.820513,950,,4.054239414807349,0.0068125132805032995,1.0,,,,False,1,No solution exists for discriminant 
0.820513,975,,4.054239414807349,0.0068125132805032995,1.0,,,,False,1,No solution exists for discriminant 
0.820513,1000,,4.054239414807349,0.0068125132805032995,1.0,,,,False,1,No solution exists for discriminant 
0.820513,1025,,4.054239414807349,0.0068125132805032995,1.0,,,,False,1,No solution exists for discriminant 
0.820513,1050,,4.054239414807349,0.0068125132805032995,1.0,,,,False,1,No solution exists for discriminant 
0.820513,1075,,4.054239414807349,0.0068125132805032995,1.0,,,,False,1,No solution exists for discriminant 
0.820513,1100,,4.054239414807349,0.0068125132805032995,1.0,,,,False,1,No solution exists for discriminant 
0.820513,1125,,4.054239414807349,0.0068125132805032995,1.0,,,,False,1,No solution exists for discriminant 
0.820513,1150,,4.054239414807349,0.0068125132805032995,1.0,,,,False,1,No solution exists for discriminant 
0.820513,1175,,4.054239414807349,0.0068125132805032995,1.0,,,,False,1,No solution exists for discriminant 
0.820513,1200,,4.054239414807349,0.0068125132805032995,1.0,,,,False,1,No solution exists for discriminant 
0.820513,1225,,4.054239414807349,0.0068125132805032995,1.0,,,,False,1,No solution exists for discriminant 
0.820513,1250,,4.054239414807349,0.0068125132805032995,1.0,,,,False,1,No solution exists for discriminant 
0.820513,1275,,4.054239414807349,0.0068125132805032995,1.0,,,,False,1,No solution exists for discriminant 
0.820513,1300,,4.054239414807349,0.0068125132805032995,1.0,,,,False,1,No solution exists for discriminant 
0.820513,1325,,4.054239414807349,0.0068125132805032995,1.0,,,,False,1,No solution exists for discriminant 
0.820513,1350,,4.054239414807349,0.0068125132805032995,1.0,,,,False,1,No solution exists for discriminant 
0.820513,1375,,4.054239414807349,0.0068125132805032995,1.0,,,,False,1,No solution exists for discriminant 
0.820513,1400,,4.054239414807349,0.0068125132805032995,1.0,,,,False,1,No solution exists for discriminant 
0.820513,1425,,4.054239414807349,0.0068125132805032995,1.0,,,,False,1,No solution exists for discriminant 
0.820513,1450,,4.054239414807349,0.0068125132805032995,1.0,,,,False,1,No solution exists for discriminant 
0.820513,1475,,4.054239414807349,0.0068125132805032995,1.0,,,,False,1,No solution exists for discriminant 
0.820513,1500,,4.054239414807349,0.0068125132805032995,1.0,,,,False,1,No solution exists for discriminant 
0.820513,1525,,4.054239414807349,0.0068125132805032995,1.0,,,,False,1,No solution exists for discriminant 
0.8461540000000001,-100,-24.06671693373183,4.067993989738147,0.003620019532372297,3.438102419104547,4.134615384615385,-99.50661809139123,-0.49338190860876807,True,4,
0.8461540000000001,-75,-18.077159865617038,4.067993989738147,0.0044745875505000175,2.5824514093738626,4.134615384615385,-74.74210329053199,-0.2578967094680138,True,5,
0.8461540000000001,-50,-12.068928591176851,4.067993989738147,0.0062040162081457035,1.7241326558824073,4.134615384615385,-49.90037782890429,-0.09962217109571014,True,4,
0.8461540000000001,-25,-6.081899933653498,4.067993989738147,0.006998407010066802,0.8688428476647854,4.110557600868352,-25.000000000000114,1.1368683772161603e-13,True,3,
0.8461540000000001,0,0.0,4.067993989738147,0.0049533602264138195,0.0,4.067993989738147,0.0,0.0,True,1,
0.8461540000000001,25,6.211974099326686,4.067993989738147,0.007003963473852424,0.8874248713323837,4.024485550045945,24.999999999999922,7.815970093361102e-14,True,3,
0.8461540000000001,50,12.52563361925834,4.067993989738147,0.00608192474175567,1.78937623132262,3.991814028723013,50.00000000000005,-4.973799150320701e-14,True,4,
0.8461540000000001,75,18.80971686368577,4.067993989738147,0.004289971103099545,2.6871024090979674,3.987300847935451,75.00000000000003,-2.842170943040401e-14,True,5,
0.8461540000000001,100,25.147593846877196,4.067993989738147,0.0036373422765804213,3.5925134066967424,3.976523583484627,100.00000000000007,-7.105427357601002e-14,True,5,
0.8461540000000001,125,31.89456222997201,4.067993989738147,0.004666332099920573,4.556366032853144,3.919163370191514,125.00000000000007,-7.105427357601002e-14,True,7,
0.8461540000000001,150,39.57048411864458,4.067993989738147,0.00700749067448186,5.652926302663511,3.7907041912920123,150.00000000000003,-2.842170943040401e-14,True,5,
0.8461540000000001,175,48.765197041806914,4.067993989738147,0.009830147854441912,6.9664567202581305,3.588624892666192,175.00000000000003,-2.842170943040401e-14,True,10,
0.8461540000000001,200,58.036289346761706,4.067993989738147,0.010715266211925562,8.290898478108815,3.446119699435256,200.0,0.0,True,7,
0.8461540000000001,225,64.5510330658953,4.067993989738147,0.009022005117898833,9.221576152270757,3.4856142390519826,225.0,0.0,True,33,
0.8461540000000001,250,,4.067993989738147,-0.001828885196232289,8.54931524960371,,,,False,50,Failed to converge after 50 iterations
0.8461540000000001,275,,4.067993989738147,-0.023062613783232377,7.452924052178832,,,,False,50,Failed to converge after 50 iterations
0.8461540000000001,300,,4.067993989738147,-0.03650053778992859,7.241541209708894,,,,False,50,Failed to converge after 50 iterations
0.8461540000000001,325,,4.067993989738147,-0.03397642065731079,7.829330066076261,,,,False,50,Failed to converge after 50 iterations
0.8461540000000001,350,,4.067993989738147,-0.04624270286438621,7.64292282422623,,,,False,50,Failed to converge after 50 iterations
0.8461540000000001,375,,4.067993989738147,-0.36459573993430183,3.8533761017275183,,,,False,50,Failed to converge after 50 iterations
0.8461540000000001,400,,4.067993989738147,-0.30036063692899845,4.334865024478194,,,,False,50,Failed to converge after 50 iterations
0.8461540000000001,425,,4.067993989738147,-0.24957101277176977,4.844800032945932,,,,False,50,Failed to converge after 50 iterations
0.8461540000000001,450,,4.067993989738147,-0.2968701453204653,4.668607132220763,,,,False,50,Failed to converge after 50 iterations
0.8461540000000001,475,,4.067993989738147,-0.36579754689363325,4.414456180495545,,,,False,50,Failed to converge after 50 iterations
0.8461540000000001,500,,4.067993989738147,-0.44807920286186304,4.167478579998307,,,,False,50,Failed to converge after 50 iterations
0.8461540000000001,525,,4.067993989738147,-0.5473518208488748,3.9252063308404717,,,,False,50,Failed to converge after 50 iterations
0.8461540000000001,550,,4.067993989738147,-0.6701360093238327,3.6819289304456424,,,,False,50,Failed to converge after 50 iterations
0.8461540000000001,575,,4.067993989738147,-0.8285946893912775,3.428889461190695,,,,False,50,Failed to converge after 50 iterations
0.8461540000000001,600,,4.067993989738147,0.0070107008824907896,1.0,,,,False,1,No solution exists for discriminant 
0.8461540000000001,625,,4.067993989738147,0.0070107008824907896,1.0,,,,False,1,No solution exists for discriminant 
0.8461540000000001,650,,4.067993989738147,0.0070107008824907896,1.0,,,,False,1,No solution exists for discriminant 
0.8461540000000001,675,,4.067993989738147,0.0070107008824907896,1.0,,,,False,1,No solution exists for discriminant 
0.8461540000000001,700,,4.067993989738147,0.0070107008824907896,1.0,,,,False,1,No solution exists for discriminant 
0.8461540000000001,725,,4.067993989738147,0.0070107008824907896,1.0,,,,False,1,No solution exists for discriminant 
0.8461540000000001,750,,4.067993989738147,0.0070107008824907896,1.0,,,,False,1,No solution exists for discriminant 
0.8461540000000001,775,,4.067993989738147,0.0070107008824907896,1.0,,,,False,1,No solution exists for discriminant 
0.8461540000000001,800,,4.067993989738147,0.0070107008824907896,1.0,,,,False,1,No solution exists for discriminant 
0.8461540000000001,825,,4.067993989738147,0.0070107008824907896,1.0,,,,False,1,No solution exists for discriminant 
0.8461540000000001,850,,4.067993989738147,0.0070107008824907896,1.0,,,,False,1,No solution exists for discriminant 
0.8461540000000001,875,,4.067993989738147,0.0070107008824907896,1.0,,,,False,1,No solution exists for discriminant 
0.8461540000000001,900,,4.067993989738147,0.0070107008824907896,1.0,,,,False,1,No solution exists for discriminant 
0.8461540000000001,925,,4.067993989738147,0.0070107008824907896,1.0,,,,False,1,No solution exists for discriminant 
0.8461540000000001,950,,4.067993989738147,0.0070107008824907896,1.0,,,,False,1,No solution exists for discriminant 
0.8461540000000001,975,,4.067993989738147,0.0070107008824907896,1.0,,,,False,1,No solution exists for discriminant 
0.8461540000000001,1000,,4.067993989738147,0.0070107008824907896,1.0,,,,False,1,No solution exists for discriminant 
0.8461540000000001,1025,,4.067993989738147,0.0070107008824907896,1.0,,,,False,1,No solution exists for discriminant 
0.8461540000000001,1050,,4.067993989738147,0.0070107008824907896,1.0,,,,False,1,No solution exists for discriminant 
0.8461540000000001,1075,,4.067993989738147,0.0070107008824907896,1.0,,,,False,1,No solution exists for discriminant 
0.8461540000000001,1100,,4.067993989738147,0.0070107008824907896,1.0,,,,False,1,No solution exists for discriminant 
0.8461540000000001,1125,,4.067993989738147,0.0070107008824907896,1.0,,,,False,1,No solution exists for discriminant 
0.8461540000000001,1150,,4.067993989738147,0.0070107008824907896,1.0,,,,False,1,No solution exists for discriminant 
0.8461540000000001,1175,,4.067993989738147,0.0070107008824907896,1.0,,,,False,1,No solution exists for discriminant 
0.8461540000000001,1200,,4.067993989738147,0.0070107008824907896,1.0,,,,False,1,No solution exists for discriminant 
0.8461540000000001,1225,,4.067993989738147,0.0070107008824907896,1.0,,,,False,1,No solution exists for discriminant 
0.8461540000000001,1250,,4.067993989738147,0.0070107008824907896,1.0,,,,False,1,No solution exists for discriminant 
0.8461540000000001,1275,,4.067993989738147,0.0070107008824907896,1.0,,,,False,1,No solution exists for discriminant 
0.8461540000000001,1300,,4.067993989738147,0.0070107008824907896,1.0,,,,False,1,No solution exists for discriminant 
0.8461540000000001,1325,,4.067993989738147,0.0070107008824907896,1.0,,,,False,1,No solution exists for discriminant 
0.8461540000000001,1350,,4.067993989738147,0.0070107008824907896,1.0,,,,False,1,No solution exists for discriminant 
0.8461540000000001,1375,,4.067993989738147,0.0070107008824907896,1.0,,,,False,1,No solution exists for discriminant 
0.8461540000000001,1400,,4.067993989738147,0.0070107008824907896,1.0,,,,False,1,No solution exists for discriminant 
0.8461540000000001,1425,,4.067993989738147,0.0070107008824907896,1.0,,,,False,1,No solution exists for discriminant 
0.8461540000000001,1450,,4.067993989738147,0.0070107008824907896,1.0,,,,False,1,No solution exists for discriminant 
0.8461540000000001,1475,,4.067993989738147,0.0070107008824907896,1.0,,,,False,1,No solution exists for discriminant 
0.8461540000000001,1500,,4.067993989738147,0.0070107008824907896,1.0,,,,False,1,No solution exists for discriminant 
0.8461540000000001,1525,,4.067993989738147,0.0070107008824907896,1.0,,,,False,1,No solution exists for discriminant 
0.8717950000000001,-100,-23.97184476584845,4.076858932141213,0.00395053188542649,3.424549252264064,4.134615384615385,-99.11435816648878,-0.8856418335112153,True,4,
0.8717950000000001,-75,-18.014620825187354,4.076858932141213,0.00479754927616692,2.5735172607410504,4.134615384615385,-74.48352841183234,-0.5164715881676614,True,5,
0.8717950000000001,-50,-12.034908031870414,4.076858932141213,0.006458050798233011,1.7192725759814877,4.134615384615385,-49.75971590100268,-0.2402840989973214,True,4,
0.8717950000000001,-25,-6.067006003657655,4.076858932141213,0.0072176789663208835,0.8667151433796649,4.120648633762356,-24.999999999999925,-7.460698725481052e-14,True,3,
0.8717950000000001,0,0.0,4.076858932141213,0.005263285353367345,0.0,4.076858932141213,0.0,0.0,True,1,
0.8717950000000001,25,6.20028381862929,4.076858932141213,0.0072231281603602265,0.8857548312327558,4.0320734874886455,25.000000000000018,-1.7763568394002505e-14,True,3,
0.8717950000000001,50,12.507490046310132,4.076858932141213,0.006336548048148652,1.7867842923300188,3.9976046205010274,49.99999999999999,7.105427357601002e-15,True,4,
0.8717950000000001,75,18.79569333616089,4.076858932141213,0.004606541754648913,2.6850990480229844,3.9902757859806113,74.99999999999994,5.684341886080802e-14,True,5,
0.8717950000000001,100,25.143271293680602,4.076858932141213,0.00396335528081748,3.5918958990972287,3.977207215082377,100.0000000000001,-9.947598300641403e-14,True,5,
0.8717950000000001,125,31.891179723437617,4.076858932141213,0.004931767376273456,4.555882817633945,3.9195790523902896,125.00000000000003,-2.842170943040401e-14,True,7,
0.8717950000000001,150,39.53208807950038,4.076858932141213,0.007145409850985664,5.647441154214341,3.7943859605479178,149.99999999999994,5.684341886080802e-14,True,7,
0.8717950000000001,175,48.61305479666419,4.076858932141213,0.009812238136027294,6.94472211380917,3.5998560619566,174.99999999999994,5.684341886080802e-14,True,10,
0.8717950000000001,200,57.84638221146974,4.076858932141213,0.010708116034584157,8.26376888735282,3.4574331592398897,199.99999999999997,2.842170943040401e-14,True,6,
0.8717950000000001,225,64.48128467350708,4.076858932141213,0.009110773178815205,9.211612096215296,3.4893845732022766,225.0,0.0,True,29,
0.8717950000000001,250,,4.076858932141213,0.00012443671889425525,8.77670390266955,,,,False,50,Failed to converge after 50 iterations
0.8717950000000001,275,,4.076858932141213,-0.021297411479097944,7.551167709444648,,,,False,50,Failed to converge after 50 iterations
0.8717950000000001,300,,4.076858932141213,-0.04190725142090195,6.993270804087714,,,,False,50,Failed to converge after 50 iterations
0.8717950000000001,325,,4.076858932141213,-0.03679981965081751,7.670599489381571,,,,False,50,Failed to converge after 50 iterations
0.8717950000000001,350,,4.076858932141213,-0.04786844798546401,7.563058477061566,,,,False,50,Failed to converge after 50 iterations
0.8717950000000001,375,,4.076858932141213,-0.30743341218353515,4.131234226268029,,,,False,50,Failed to converge after 50 iterations
0.8717950000000001,400,,4.076858932141213,-0.2663864583305019,4.549481552669744,,,,False,50,Failed to converge after 50 iterations
0.8717950000000001,425,,4.076858932141213,-0.24389437556494625,4.8877977317485195,,,,False,50,Failed to converge after 50 iterations
0.8717950000000001,450,,4.076858932141213,-0.2956456016107142,4.67481913491509,,,,False,50,Failed to converge after 50 iterations
0.8717950000000001,475,,4.076858932141213,-0.36568557563277215,4.413561715653706,,,,False,50,Failed to converge after 50 iterations
0.8717950000000001,500,,4.076858932141213,-0.4495983957770281,4.160160210473947,,,,False,50,Failed to converge after 50 iterations
0.8717950000000001,525,,4.076858932141213,-0.551585049323336,3.910894840292399,,,,False,50,Failed to converge after 50 iterations
0.8717950000000001,550,,4.076858932141213,-0.6791009471219477,3.659263511965755,,,,False,50,Failed to converge after 50 iterations
0.8717950000000001,575,,4.076858932141213,0.007229157382151961,1.0,,,,False,1,No solution exists for discriminant 
0.8717950000000001,600,,4.076858932141213,0.007229157382151961,1.0,,,,False,1,No solution exists for discriminant 
0.8717950000000001,625,,4.076858932141213,0.007229157382151961,1.0,,,,False,1,No solution exists for discriminant 
0.8717950000000001,650,,4.076858932141213,0.007229157382151961,1.0,,,,False,1,No solution exists for discriminant 
0.8717950000000001,675,,4.076858932141213,0.007229157382151961,1.0,,,,False,1,No solution exists for discriminant 
0.8717950000000001,700,,4.076858932141213,0.007229157382151961,1.0,,,,False,1,No solution exists for discriminant 
0.8717950000000001,725,,4.076858932141213,0.007229157382151961,1.0,,,,False,1,No solution exists for discriminant 
0.8717950000000001,750,,4.076858932141213,0.007229157382151961,1.0,,,,False,1,No solution exists for discriminant 
0.8717950000000001,775,,4.076858932141213,0.007229157382151961,1.0,,,,False,1,No solution exists for discriminant 
0.8717950000000001,800,,4.076858932141213,0.007229157382151961,1.0,,,,False,1,No solution exists for discriminant 
0.8717950000000001,825,,4.076858932141213,0.007229157382151961,1.0,,,,False,1,No solution exists for discriminant 
0.8717950000000001,850,,4.076858932141213,0.007229157382151961,1.0,,,,False,1,No solution exists for discriminant 
0.8717950000000001,875,,4.076858932141213,0.007229157382151961,1.0,,,,False,1,No solution exists for discriminant 
0.8717950000000001,900,,4.076858932141213,0.007229157382151961,1.0,,,,False,1,No solution exists for discriminant 
0.8717950000000001,925,,4.076858932141213,0.007229157382151961,1.0,,,,False,1,No solution exists for discriminant 
0.8717950000000001,950,,4.076858932141213,0.007229157382151961,1.0,,,,False,1,No solution exists for discriminant 
0.8717950000000001,975,,4.076858932141213,0.007229157382151961,1.0,,,,False,1,No solution exists for discriminant 
0.8717950000000001,1000,,4.076858932141213,0.007229157382151961,1.0,,,,False,1,No solution exists for discriminant 
0.8717950000000001,1025,,4.076858932141213,0.007229157382151961,1.0,,,,False,1,No solution exists for discriminant 
0.8717950000000001,1050,,4.076858932141213,0.007229157382151961,1.0,,,,False,1,No solution exists for discriminant 
0.8717950000000001,1075,,4.076858932141213,0.007229157382151961,1.0,,,,False,1,No solution exists for discriminant 
0.8717950000000001,1100,,4.076858932141213,0.007229157382151961,1.0,,,,False,1,No solution exists for discriminant 
0.8717950000000001,1125,,4.076858932141213,0.007229157382151961,1.0,,,,False,1,No solution exists for discriminant 
0.8717950000000001,1150,,4.076858932141213,0.007229157382151961,1.0,,,,False,1,No solution exists for discriminant 
0.8717950000000001,1175,,4.076858932141213,0.007229157382151961,1.0,,,,False,1,No solution exists for discriminant 
0.8717950000000001,1200,,4.076858932141213,0.007229157382151961,1.0,,,,False,1,No solution exists for discriminant 
0.8717950000000001,1225,,4.076858932141213,0.007229157382151961,1.0,,,,False,1,No solution exists for discriminant 
0.8717950000000001,1250,,4.076858932141213,0.007229157382151961,1.0,,,,False,1,No solution exists for discriminant 
0.8717950000000001,1275,,4.076858932141213,0.007229157382151961,1.0,,,,False,1,No solution exists for discriminant 
0.8717950000000001,1300,,4.076858932141213,0.007229157382151961,1.0,,,,False,1,No solution exists for discriminant 
0.8717950000000001,1325,,4.076858932141213,0.007229157382151961,1.0,,,,False,1,No solution exists for discriminant 
0.8717950000000001,1350,,4.076858932141213,0.007229157382151961,1.0,,,,False,1,No solution exists for discriminant 
0.8717950000000001,1375,,4.076858932141213,0.007229157382151961,1.0,,,,False,1,No solution exists for discriminant 
0.8717950000000001,1400,,4.076858932141213,0.007229157382151961,1.0,,,,False,1,No solution exists for discriminant 
0.8717950000000001,1425,,4.076858932141213,0.007229157382151961,1.0,,,,False,1,No solution exists for discriminant 
0.8717950000000001,1450,,4.076858932141213,0.007229157382151961,1.0,,,,False,1,No solution exists for discriminant 
0.8717950000000001,1475,,4.076858932141213,0.007229157382151961,1.0,,,,False,1,No solution exists for discriminant 
0.8717950000000001,1500,,4.076858932141213,0.007229157382151961,1.0,,,,False,1,No solution exists for discriminant 
0.8717950000000001,1525,,4.076858932141213,0.007229157382151961,1.0,,,,False,1,No solution exists for discriminant 
0.897436,-100,-23.880326709755373,4.083672151690497,0.004349825215644794,3.4114752442507674,4.134615384615385,-98.73596620379627,-1.2640337962037336,True,4,
0.897436,-75,-17.95719158852293,4.083672151690497,0.005174945763745641,2.5653130840747047,4.134615384615385,-74.2460806063929,-0.7539193936071058,True,5,
0.897436,-50,-12.005835505754963,4.083672151690497,0.006744160580574165,1.7151193579649946,4.134615384615385,-49.6395121872561,-0.36048781274389796,True,4,
0.897436,-25,-6.054963551830865,4.083672151690497,0.007460302491692266,0.8649947931186951,4.128844011363326,-25.000000000000085,8.526512829121202e-14,True,3,
0.897436,0,0.0,4.083672151690497,0.005622543457415248,0.0,4.083672151690497,0.0,0.0,True,1,
0.897436,25,6.192034483732975,4.083672151690497,0.007465548908385298,0.8845763548189964,4.03744521540978,25.000000000000068,-6.750155989720952e-14,True,3,
0.897436,50,12.4972378354992,4.083672151690497,0.006624508933915047,1.7853196907856002,4.000884087999971,49.99999999999995,4.973799150320701e-14,True,4,
0.897436,75,18.796602388982745,4.083672151690497,0.004979056530529056,2.6852289127118207,3.990082805813874,75.00000000000004,-4.263256414560601e-14,True,5,
0.897436,100,25.16348694099492,4.083672151690497,0.004357906152069175,3.59478384871356,3.9740120371428223,100.00000000000001,-1.4210854715202004e-14,True,5,
0.897436,125,31.921722342052206,4.083672151690497,0.005257966354777151,4.560246048864601,3.9158288096294482,125.00000000000006,-5.684341886080802e-14,True,7,
0.897436,150,39.53196260179035,4.083672151690497,0.007317474985050764,5.647423228827193,3.794398004241933,150.00000000000003,-2.842170943040401e-14,True,7,
0.897436,175,48.4881202291314,4.083672151690497,0.009786741425513171,6.926874318447342,3.609131456798793,175.00000000000003,-2.842170943040401e-14,True,9,
0.897436,200,57.660747954356275,4.083672151690497,0.01066770861112436,8.237249707765182,3.4685640942139386,200.0,0.0,True,6,
0.897436,225,64.43104699527495,4.083672151690497,0.009181394530927693,9.20443528503928,3.492105289186134,225.00000000000006,-5.684341886080802e-14,True,25,
0.897436,250,,4.083672151690497,0.0035088321121176996,9.261542987997426,,,,False,50,Failed to converge after 50 iterations
0.897436,275,,4.083672151690497,-0.019086108215996538,7.68699081997916,,,,False,50,Failed to converge after 50 iterations
0.897436,300,,4.083672151690497,-0.04224364742397838,6.97344921138591,,,,False,50,Failed to converge after 50 iterations
0.897436,325,,4.083672151690497,-0.04265960141479758,7.383186893613489,,,,False,50,Failed to converge after 50 iterations
0.897436,350,,4.083672151690497,-0.05148084110408391,7.405010149981432,,,,False,50,Failed to converge after 50 iterations
0.897436,375,,4.083672151690497,-0.22418608658670208,4.684704514600535,,,,False,50,Failed to converge after 50 iterations
0.897436,400,,4.083672151690497,-0.22962038881137037,4.825979575384872,,,,False,50,Failed to converge after 50 iterations
0.897436,425,,4.083672151690497,-0.23843476811098602,4.930771582531693,,,,False,50,Failed to converge after 50 iterations
0.897436,450,,4.083672151690497,-0.294317107667203,4.6821552276333795,,,,False,50,Failed to converge after 50 iterations
0.897436,475,,4.083672151690497,-0.3658287477299433,4.411703144462375,,,,False,50,Failed to converge after 50 iterations
0.897436,500,,4.083672151690497,-0.45202417211732,4.149552737090224,,,,False,50,Failed to converge after 50 iterations
0.897436,525,,4.083672151690497,-0.5578693619748443,3.890649027255798,,,,False,50,Failed to converge after 50 iterations
0.897436,550,,4.083672151690497,-0.6922997326522753,3.62722691181732,,,,False,50,Failed to converge after 50 iterations
0.897436,575,,4.083672151690497,0.007470690545251871,1.0,,,,False,1,No solution exists for discriminant 
0.897436,600,,4.083672151690497,0.007470690545251871,1.0,,,,False,1,No solution exists for discriminant 
0.897436,625,,4.083672151690497,0.007470690545251871,1.0,,,,False,1,No solution exists for discriminant 
0.897436,650,,4.083672151690497,0.007470690545251871,1.0,,,,False,1,No solution exists for discriminant 
0.897436,675,,4.083672151690497,0.007470690545251871,1.0,,,,False,1,No solution exists for discriminant 
0.897436,700,,4.083672151690497,0.007470690545251871,1.0,,,,False,1,No solution exists for discriminant 
0.897436,725,,4.083672151690497,0.007470690545251871,1.0,,,,False,1,No solution exists for discriminant 
0.897436,750,,4.083672151690497,0.007470690545251871,1.0,,,,False,1,No solution exists for discriminant 
0.897436,775,,4.083672151690497,0.007470690545251871,1.0,,,,False,1,No solution exists for discriminant 
0.897436,800,,4.083672151690497,0.007470690545251871,1.0,,,,False,1,No solution exists for discriminant 
0.897436,825,,4.083672151690497,0.007470690545251871,1.0,,,,False,1,No solution exists for discriminant 
0.897436,850,,4.083672151690497,0.007470690545251871,1.0,,,,False,1,No solution exists for discriminant 
0.897436,875,,4.083672151690497,0.007470690545251871,1.0,,,,False,1,No solution exists for discriminant 
0.897436,900,,4.083672151690497,0.007470690545251871,1.0,,,,False,1,No solution exists for discriminant 
0.897436,925,,4.083672151690497,0.007470690545251871,1.0,,,,False,1,No solution exists for discriminant 
0.897436,950,,4.083672151690497,0.007470690545251871,1.0,,,,False,1,No solution exists for discriminant 
0.897436,975,,4.083672151690497,0.007470690545251871,1.0,,,,False,1,No solution exists for discriminant 
0.897436,1000,,4.083672151690497,0.007470690545251871,1.0,,,,False,1,No solution exists for discriminant 
0.897436,1025,,4.083672151690497,0.007470690545251871,1.0,,,,False,1,No solution exists for discriminant 
0.897436,1050,,4.083672151690497,0.007470690545251871,1.0,,,,False,1,No solution exists for discriminant 
0.897436,1075,,4.083672151690497,0.007470690545251871,1.0,,,,False,1,No solution exists for discriminant 
0.897436,1100,,4.083672151690497,0.007470690545251871,1.0,,,,False,1,No solution exists for discriminant 
0.897436,1125,,4.083672151690497,0.007470690545251871,1.0,,,,False,1,No solution exists for discriminant 
0.897436,1150,,4.083672151690497,0.007470690545251871,1.0,,,,False,1,No solution exists for discriminant 
0.897436,1175,,4.083672151690497,0.007470690545251871,1.0,,,,False,1,No solution exists for discriminant 
0.897436,1200,,4.083672151690497,0.007470690545251871,1.0,,,,False,1,No solution exists for discriminant 
0.897436,1225,,4.083672151690497,0.007470690545251871,1.0,,,,False,1,No solution exists for discriminant 
0.897436,1250,,4.083672151690497,0.007470690545251871,1.0,,,,False,1,No solution exists for discriminant 
0.897436,1275,,4.083672151690497,0.007470690545251871,1.0,,,,False,1,No solution exists for discriminant 
0.897436,1300,,4.083672151690497,0.007470690545251871,1.0,,,,False,1,No solution exists for discriminant 
0.897436,1325,,4.083672151690497,0.007470690545251871,1.0,,,,False,1,No solution exists for discriminant 
0.897436,1350,,4.083672151690497,0.007470690545251871,1.0,,,,False,1,No solution exists for discriminant 
0.897436,1375,,4.083672151690497,0.007470690545251871,1.0,,,,False,1,No solution exists for discriminant 
0.897436,1400,,4.083672151690497,0.007470690545251871,1.0,,,,False,1,No solution exists for discriminant 
0.897436,1425,,4.083672151690497,0.007470690545251871,1.0,,,,False,1,No solution exists for discriminant 
0.897436,1450,,4.083672151690497,0.007470690545251871,1.0,,,,False,1,No solution exists for discriminant 
0.897436,1475,,4.083672151690497,0.007470690545251871,1.0,,,,False,1,No solution exists for discriminant 
0.897436,1500,,4.083672151690497,0.007470690545251871,1.0,,,,False,1,No solution exists for discriminant 
0.897436,1525,,4.083672151690497,0.007470690545251871,1.0,,,,False,1,No solution exists for discriminant 
0.923077,-100,-23.773748833153974,4.091702217757163,0.0048211994369285445,3.3962498333077105,4.134615384615385,-98.29530767554047,-1.7046923244595291,True,4,
0.923077,-75,-17.89077819864504,4.091702217757163,0.0056119203897969224,2.5558254569492918,4.134615384615385,-73.97148678285932,-1.0285132171406843,True,5,
0.923077,-50,-11.972302830653542,4.091702217757163,0.0070666246325831955,1.7103289758076488,4.134615384615385,-49.500867472894456,-0.49913252710554445,True,4,
0.923077,-25,-6.040996670369715,4.091702217757163,0.007728484207732005,0.8629995243385308,4.134615384615385,-24.97719777172094,-0.022802228279058312,True,3,
0.923077,0,0.0,4.091702217757163,0.006033335836965687,0.0,4.091702217757163,0.0,0.0,True,1,
0.923077,25,6.182161973972643,4.091702217757163,0.007733454036537625,0.8831659962818061,4.043892752285015,24.999999999999993,7.105427357601002e-15,True,3,
0.923077,50,12.484626775274574,4.091702217757163,0.0069506866127745145,1.7835181107535105,4.004925489564776,50.000000000000036,-3.552713678800501e-14,True,4,
0.923077,75,18.797268290105904,4.091702217757163,0.005413593120650547,2.6853240414437005,3.989941455454823,74.99999999999994,5.684341886080802e-14,True,5,
0.923077,100,25.187568799007064,4.091702217757163,0.004823400709995427,3.5982241141438664,3.970212480528974,100.00000000000003,-2.842170943040401e-14,True,5,
0.923077,125,31.957990137630727,4.091702217757163,0.0056423235258756315,4.5654271625186755,3.9113848981639077,124.99999999999993,7.105427357601002e-14,True,6,
0.923077,150,39.53060884117695,4.091702217757163,0.007517573842545882,5.64722983445385,3.7945279467528183,149.99999999999997,2.842170943040401e-14,True,7,
0.923077,175,48.339055287661054,4.091702217757163,0.009752800201293009,6.905579326808722,3.6202610696173485,174.99999999999994,5.684341886080802e-14,True,9,
0.923077,200,57.42837394826533,4.091702217757163,0.01060631070583425,8.204053421180761,3.482599040331024,200.00000000000003,-2.842170943040401e-14,True,6,
0.923077,225,64.36146539436452,4.091702217757163,0.00925742736072526,9.194495056337788,3.495880627039001,224.99999999999997,2.842170943040401e-14,True,22,
0.923077,250,,4.091702217757163,0.0066779298043315805,9.83309530851101,,,,False,50,Failed to converge after 50 iterations
0.923077,275,,4.091702217757163,-0.016108322954045903,7.887060871233703,,,,False,50,Failed to converge after 50 iterations
0.923077,300,,4.091702217757163,-0.03926682485502849,7.093741183163449,,,,False,50,Failed to converge after 50 iterations
0.923077,325,,4.091702217757163,-0.05583560987463262,6.856433205747321,,,,False,50,Failed to converge after 50 iterations
0.923077,350,,4.091702217757163,-0.06202951156598356,7.008055952920297,,,,False,50,Failed to converge after 50 iterations
0.923077,375,,4.091702217757163,-0.1606507134204543,5.3185031415491215,,,,False,50,Failed to converge after 50 iterations
0.923077,400,,4.091702217757163,-0.20049564913599624,5.087543672092139,,,,False,50,Failed to converge after 50 iterations
0.923077,425,,4.091702217757163,-0.2329664188471125,4.974784219479301,,,,False,50,Failed to converge after 50 iterations
0.923077,450,,4.091702217757163,-0.2919246915927706,4.696324999048129,,,,False,50,Failed to converge after 50 iterations
0.923077,475,,4.091702217757163,-0.36511636997899416,4.4140158139036085,,,,False,50,Failed to converge after 50 iterations
0.923077,500,,4.091702217757163,-0.45413337773512724,4.140107621532765,,,,False,50,Failed to converge after 50 iterations
0.923077,525,,4.091702217757163,-0.564966155729036,3.868127093902117,,,,False,50,Failed to converge after 50 iterations
0.923077,550,,4.091702217757163,0.007737690604908238,1.0,,,,False,1,No solution exists for discriminant 
0.923077,575,,4.091702217757163,0.007737690604908238,1.0,,,,False,1,No solution exists for discriminant 
0.923077,600,,4.091702217757163,0.007737690604908238,1.0,,,,False,1,No solution exists for discriminant 
0.923077,625,,4.091702217757163,0.007737690604908238,1.0,,,,False,1,No solution exists for discriminant 
0.923077,650,,4.091702217757163,0.007737690604908238,1.0,,,,False,1,No solution exists for discriminant 
0.923077,675,,4.091702217757163,0.007737690604908238,1.0,,,,False,1,No solution exists for discriminant 
0.923077,700,,4.091702217757163,0.007737690604908238,1.0,,,,False,1,No solution exists for discriminant 
0.923077,725,,4.091702217757163,0.007737690604908238,1.0,,,,False,1,No solution exists for discriminant 
0.923077,750,,4.091702217757163,0.007737690604908238,1.0,,,,False,1,No solution exists for discriminant 
0.923077,775,,4.091702217757163,0.007737690604908238,1.0,,,,False,1,No solution exists for discriminant 
0.923077,800,,4.091702217757163,0.007737690604908238,1.0,,,,False,1,No solution exists for discriminant 
0.923077,825,,4.091702217757163,0.007737690604908238,1.0,,,,False,1,No solution exists for discriminant 
0.923077,850,,4.091702217757163,0.007737690604908238,1.0,,,,False,1,No solution exists for discriminant 
0.923077,875,,4.091702217757163,0.007737690604908238,1.0,,,,False,1,No solution exists for discriminant 
0.923077,900,,4.091702217757163,0.007737690604908238,1.0,,,,False,1,No solution exists for discriminant 
0.923077,925,,4.091702217757163,0.007737690604908238,1.0,,,,False,1,No solution exists for discriminant 
0.923077,950,,4.091702217757163,0.007737690604908238,1.0,,,,False,1,No solution exists for discriminant 
0.923077,975,,4.091702217757163,0.007737690604908238,1.0,,,,False,1,No solution exists for discriminant 
0.923077,1000,,4.091702217757163,0.007737690604908238,1.0,,,,False,1,No solution exists for discriminant 
0.923077,1025,,4.091702217757163,0.007737690604908238,1.0,,,,False,1,No solution exists for discriminant 
0.923077,1050,,4.091702217757163,0.007737690604908238,1.0,,,,False,1,No solution exists for discriminant 
0.923077,1075,,4.091702217757163,0.007737690604908238,1.0,,,,False,1,No solution exists for discriminant 
0.923077,1100,,4.091702217757163,0.007737690604908238,1.0,,,,False,1,No solution exists for discriminant 
0.923077,1125,,4.091702217757163,0.007737690604908238,1.0,,,,False,1,No solution exists for discriminant 
0.923077,1150,,4.091702217757163,0.007737690604908238,1.0,,,,False,1,No solution exists for discriminant 
0.923077,1175,,4.091702217757163,0.007737690604908238,1.0,,,,False,1,No solution exists for discriminant 
0.923077,1200,,4.091702217757163,0.007737690604908238,1.0,,,,False,1,No solution exists for discriminant 
0.923077,1225,,4.091702217757163,0.007737690604908238,1.0,,,,False,1,No solution exists for discriminant 
0.923077,1250,,4.091702217757163,0.007737690604908238,1.0,,,,False,1,No solution exists for discriminant 
0.923077,1275,,4.091702217757163,0.007737690604908238,1.0,,,,False,1,No solution exists for discriminant 
0.923077,1300,,4.091702217757163,0.007737690604908238,1.0,,,,False,1,No solution exists for discriminant 
0.923077,1325,,4.091702217757163,0.007737690604908238,1.0,,,,False,1,No solution exists for discriminant 
0.923077,1350,,4.091702217757163,0.007737690604908238,1.0,,,,False,1,No solution exists for discriminant 
0.923077,1375,,4.091702217757163,0.007737690604908238,1.0,,,,False,1,No solution exists for discriminant 
0.923077,1400,,4.091702217757163,0.007737690604908238,1.0,,,,False,1,No solution exists for discriminant 
0.923077,1425,,4.091702217757163,0.007737690604908238,1.0,,,,False,1,No solution exists for discriminant 
0.923077,1450,,4.091702217757163,0.007737690604908238,1.0,,,,False,1,No solution exists for discriminant 
0.923077,1475,,4.091702217757163,0.007737690604908238,1.0,,,,False,1,No solution exists for discriminant 
0.923077,1500,,4.091702217757163,0.007737690604908238,1.0,,,,False,1,No solution exists for discriminant 
0.923077,1525,,4.091702217757163,0.007737690604908238,1.0,,,,False,1,No solution exists for discriminant 
0.9487180000000001,-100,-23.622163388054428,4.106768017979938,0.005357024210221947,3.3745947697220613,4.134615384615385,-97.66856016214813,-2.3314398378518746,True,4,
0.9487180000000001,-75,-17.79193856268706,4.106768017979938,0.006105250172299062,2.5417055089552947,4.134615384615385,-73.56282290341767,-1.4371770965823316,True,5,
0.9487180000000001,-50,-11.918235887702266,4.106768017979938,0.007424230885141385,1.7026051268146094,4.134615384615385,-49.27732145876899,-0.7226785412310122,True,4,
0.9487180000000001,-25,-6.016817331193218,4.106768017979938,0.008019620078204408,0.8595453330276026,4.134615384615385,-24.877225503971964,-0.12277449602803614,True,3,
0.9487180000000001,0,0.0,4.106768017979938,0.006489546666048628,0.0,4.106768017979938,0.0,0.0,True,1,
0.9487180000000001,25,6.161695473533747,4.106768017979938,0.008024284002673646,0.880242210504821,4.057324823562315,25.000000000000025,-2.4868995751603507e-14,True,3,
0.9487180000000001,50,12.451151061199624,4.106768017979938,0.007314587242108229,1.7787358658856607,4.0156929872781255,49.99999999999992,7.815970093361102e-14,True,4,
0.9487180000000001,75,18.769344604661992,4.106768017979938,0.0059080706320726335,2.6813349435231415,3.9958774043378837,75.00000000000003,-2.842170943040401e-14,True,5,
0.9487180000000001,100,25.175832362603845,4.106768017979938,0.0053505563224627755,3.596547480371978,3.972063308958945,99.99999999999993,7.105427357601002e-14,True,4,
0.9487180000000001,125,31.94562616574738,4.106768017979938,0.006068727175149894,4.563660880821055,3.9128987283406875,124.99999999999991,8.526512829121202e-14,True,6,
0.9487180000000001,150,39.45383929208591,4.106768017979938,0.007726919822903954,5.636262756012273,3.8019113650642526,150.0,0.0,True,7,
0.9487180000000001,175,48.070877033216135,4.106768017979938,0.009700472117925804,6.867268147602305,3.640457815634985,174.99999999999997,2.842170943040401e-14,True,8,
0.9487180000000001,200,57.04626941490752,4.106768017979938,0.010532538045868114,8.149467059272503,3.505926014992582,199.99999999999994,5.684341886080802e-14,True,6,
0.9487180000000001,225,64.18431606296284,4.106768017979938,0.009367377633224143,9.169188008994691,3.505529291287951,224.99999999999997,2.842170943040401e-14,True,18,
0.9487180000000001,250,,4.106768017979938,0.007146274646964371,9.887207617123652,,,,False,50,Failed to converge after 50 iterations
0.9487180000000001,275,,4.106768017979938,-0.01179525195589701,8.21069755815837,,,,False,50,Failed to converge after 50 iterations
0.9487180000000001,300,,4.106768017979938,-0.03457698526313289,7.297314555870952,,,,False,50,Failed to converge after 50 iterations
0.9487180000000001,325,,4.106768017979938,-0.0604424534943913,6.691854303771579,,,,False,50,Failed to converge after 50 iterations
0.9487180000000001,350,,4.106768017979938,-0.08153643066739244,6.429621947653827,,,,False,50,Failed to converge after 50 iterations
0.9487180000000001,375,,4.106768017979938,-0.1326462617122359,5.6996672641482595,,,,False,50,Failed to converge after 50 iterations
0.9487180000000001,400,,4.106768017979938,-0.1805351453541625,5.293046693222924,,,,False,50,Failed to converge after 50 iterations
0.9487180000000001,425,,4.106768017979938,-0.22556225650985995,5.035437445896335,,,,False,50,Failed to converge after 50 iterations
0.9487180000000001,450,,4.106768017979938,-0.2862432660390231,4.731389914337926,,,,False,50,Failed to converge after 50 iterations
0.9487180000000001,475,,4.106768017979938,-0.36080219466901875,4.433744798233698,,,,False,50,Failed to converge after 50 iterations
0.9487180000000001,500,,4.106768017979938,-0.4525140863749497,4.144454202792144,,,,False,50,Failed to converge after 50 iterations
0.9487180000000001,525,,4.106768017979938,-0.5686412807855487,3.8554098877719487,,,,False,50,Failed to converge after 50 iterations
0.9487180000000001,550,,4.106768017979938,0.008027819365943049,1.0,,,,False,1,No solution exists for discriminant 
0.9487180000000001,575,,4.106768017979938,0.008027819365943049,1.0,,,,False,1,No solution exists for discriminant 
0.9487180000000001,600,,4.106768017979938,0.008027819365943049,1.0,,,,False,1,No solution exists for discriminant 
0.9487180000000001,625,,4.106768017979938,0.008027819365943049,1.0,,,,False,1,No solution exists for discriminant 
0.9487180000000001,650,,4.106768017979938,0.008027819365943049,1.0,,,,False,1,No solution exists for discriminant 
0.9487180000000001,675,,4.106768017979938,0.008027819365943049,1.0,,,,False,1,No solution exists for discriminant 
0.9487180000000001,700,,4.106768017979938,0.008027819365943049,1.0,,,,False,1,No solution exists for discriminant 
0.9487180000000001,725,,4.106768017979938,0.008027819365943049,1.0,,,,False,1,No solution exists for discriminant 
0.9487180000000001,750,,4.106768017979938,0.008027819365943049,1.0,,,,False,1,No solution exists for discriminant 
0.9487180000000001,775,,4.106768017979938,0.008027819365943049,1.0,,,,False,1,No solution exists for discriminant 
0.9487180000000001,800,,4.106768017979938,0.008027819365943049,1.0,,,,False,1,No solution exists for discriminant 
0.9487180000000001,825,,4.106768017979938,0.008027819365943049,1.0,,,,False,1,No solution exists for discriminant 
0.9487180000000001,850,,4.106768017979938,0.008027819365943049,1.0,,,,False,1,No solution exists for discriminant 
0.9487180000000001,875,,4.106768017979938,0.008027819365943049,1.0,,,,False,1,No solution exists for discriminant 
0.9487180000000001,900,,4.106768017979938,0.008027819365943049,1.0,,,,False,1,No solution exists for discriminant 
0.9487180000000001,925,,4.106768017979938,0.008027819365943049,1.0,,,,False,1,No solution exists for discriminant 
0.9487180000000001,950,,4.106768017979938,0.008027819365943049,1.0,,,,False,1,No solution exists for discriminant 
0.9487180000000001,975,,4.106768017979938,0.008027819365943049,1.0,,,,False,1,No solution exists for discriminant 
0.9487180000000001,1000,,4.106768017979938,0.008027819365943049,1.0,,,,False,1,No solution exists for discriminant 
0.9487180000000001,1025,,4.106768017979938,0.008027819365943049,1.0,,,,False,1,No solution exists for discriminant 
0.9487180000000001,1050,,4.106768017979938,0.008027819365943049,1.0,,,,False,1,No solution exists for discriminant 
0.9487180000000001,1075,,4.106768017979938,0.008027819365943049,1.0,,,,False,1,No solution exists for discriminant 
0.9487180000000001,1100,,4.106768017979938,0.008027819365943049,1.0,,,,False,1,No solution exists for discriminant 
0.9487180000000001,1125,,4.106768017979938,0.008027819365943049,1.0,,,,False,1,No solution exists for discriminant 
0.9487180000000001,1150,,4.106768017979938,0.008027819365943049,1.0,,,,False,1,No solution exists for discriminant 
0.9487180000000001,1175,,4.106768017979938,0.008027819365943049,1.0,,,,False,1,No solution exists for discriminant 
0.9487180000000001,1200,,4.106768017979938,0.008027819365943049,1.0,,,,False,1,No solution exists for discriminant 
0.9487180000000001,1225,,4.106768017979938,0.008027819365943049,1.0,,,,False,1,No solution exists for discriminant 
0.9487180000000001,1250,,4.106768017979938,0.008027819365943049,1.0,,,,False,1,No solution exists for discriminant 
0.9487180000000001,1275,,4.106768017979938,0.008027819365943049,1.0,,,,False,1,No solution exists for discriminant 
0.9487180000000001,1300,,4.106768017979938,0.008027819365943049,1.0,,,,False,1,No solution exists for discriminant 
0.9487180000000001,1325,,4.106768017979938,0.008027819365943049,1.0,,,,False,1,No solution exists for discriminant 
0.9487180000000001,1350,,4.106768017979938,0.008027819365943049,1.0,,,,False,1,No solution exists for discriminant 
0.9487180000000001,1375,,4.106768017979938,0.008027819365943049,1.0,,,,False,1,No solution exists for discriminant 
0.9487180000000001,1400,,4.106768017979938,0.008027819365943049,1.0,,,,False,1,No solution exists for discriminant 
0.9487180000000001,1425,,4.106768017979938,0.008027819365943049,1.0,,,,False,1,No solution exists for discriminant 
0.9487180000000001,1450,,4.106768017979938,0.008027819365943049,1.0,,,,False,1,No solution exists for discriminant 
0.9487180000000001,1475,,4.106768017979938,0.008027819365943049,1.0,,,,False,1,No solution exists for discriminant 
0.9487180000000001,1500,,4.106768017979938,0.008027819365943049,1.0,,,,False,1,No solution exists for discriminant 
0.9487180000000001,1525,,4.106768017979938,0.008027819365943049,1.0,,,,False,1,No solution exists for discriminant 
0.9743590000000001,-100,-23.393704841200606,4.135546759843622,0.005946364574586179,3.3419578344572294,4.134615384615385,-96.72397193957944,-3.2760280604205576,True,4,
0.9743590000000001,-75,-17.63556693480691,4.135546759843622,0.0066469467033011785,2.5193667049724158,4.134615384615385,-72.91628636506704,-2.0837136349329626,True,5,
0.9743590000000001,-50,-11.826095606963964,4.135546759843622,0.0078124959481596585,1.6894422295662805,4.134615384615385,-48.89635683648562,-1.103643163514377,True,4,
0.9743590000000001,-25,-5.973284808289013,4.135546759843622,0.008329604006150624,0.8533264011841447,4.134615384615385,-24.697235265041115,-0.3027647349588847,True,3,
0.9743590000000001,0,0.0,4.135546759843622,0.006982261243891592,0.0,4.135546759843622,0.0,0.0,True,1,
0.9743590000000001,25,6.120643976373314,4.135546759843622,0.008333965318343104,0.8743777109104734,4.084537525218602,25.0,0.0,True,3,
0.9743590000000001,50,12.375930279272055,4.135546759843622,0.007712263088237901,1.7679900398960078,4.040100329568187,49.99999999999993,7.105427357601002e-14,True,4,
0.9743590000000001,75,18.680168805580855,4.135546759843622,0.006455709778004389,2.668595543654408,4.014953011430661,74.99999999999996,4.263256414560601e-14,True,5,
0.9743590000000001,100,25.08226006054442,4.135546759843622,0.00592710562005131,3.583180008649203,3.986881555275181,99.99999999999989,1.1368683772161603e-13,True,4,
0.9743590000000001,125,31.822728318380804,4.135546759843622,0.0065216471256476765,4.546104045482972,3.9280101551757873,124.9999999999999,9.947598300641403e-14,True,6,
0.9743590000000001,150,39.22151290180383,4.135546759843622,0.007932253680656165,5.603073271686261,3.8244317697673855,149.99999999999994,5.684341886080802e-14,True,7,
0.9743590000000001,175,47.58657334250025,4.135546759843622,0.009625379914599028,6.798081906071465,3.677507912588127,174.99999999999991,8.526512829121202e-14,True,8,
0.9743590000000001,200,56.39584849294037,4.135546759843622,0.01044733687531388,8.056549784705767,3.546360332268712,199.99999999999994,5.684341886080802e-14,True,5,
0.9743590000000001,225,63.778928550643435,4.135546759843622,0.009528787378046077,9.111275507234776,3.5278109104849484,224.9999999999999,1.1368683772161603e-13,True,15,
0.9743590000000001,250,,4.135546759843622,0.007517260926295289,9.877297760141243,,,,False,50,Failed to converge after 50 iterations
0.9743590000000001,275,,4.135546759843622,-0.005291415263022385,8.805124115192601,,,,False,50,Failed to converge after 50 iterations
0.9743590000000001,300,,4.135546759843622,-0.0276733822628875,7.633597046551197,,,,False,50,Failed to converge after 50 iterations
0.9743590000000001,325,,4.135546759843622,-0.05320566145719448,6.917394241532799,,,,False,50,Failed to converge after 50 iterations
0.9743590000000001,350,,4.135546759843622,-0.08269764034789934,6.384521312615466,,,,False,50,Failed to converge after 50 iterations
0.9743590000000001,375,,4.135546759843622,-0.11894278547105494,5.913521414291964,,,,False,50,Failed to converge after 50 iterations
0.9743590000000001,400,,4.135546759843622,-0.16393313019234743,5.481149862389441,,,,False,50,Failed to converge after 50 iterations
0.9743590000000001,425,,4.135546759843622,-0.21342193084680416,5.139380327636164,,,,False,50,Failed to converge after 50 iterations
0.9743590000000001,450,,4.135546759843622,-0.27426205079996496,4.808949433219602,,,,False,50,Failed to converge after 50 iterations
0.9743590000000001,475,,4.135546759843622,-0.34902733132826624,4.491286750647129,,,,False,50,Failed to converge after 50 iterations
0.9743590000000001,500,,4.135546759843622,-0.44211528865745897,4.182274842266495,,,,False,50,Failed to converge after 50 iterations
0.9743590000000001,525,,4.135546759843622,0.00833714697453404,1.0,,,,False,1,No solution exists for discriminant 
0.9743590000000001,550,,4.135546759843622,0.00833714697453404,1.0,,,,False,1,No solution exists for discriminant 
0.9743590000000001,575,,4.135546759843622,0.00833714697453404,1.0,,,,False,1,No solution exists for discriminant 
0.9743590000000001,600,,4.135546759843622,0.00833714697453404,1.0,,,,False,1,No solution exists for discriminant 
0.9743590000000001,625,,4.135546759843622,0.00833714697453404,1.0,,,,False,1,No solution exists for discriminant 
0.9743590000000001,650,,4.135546759843622,0.00833714697453404,1.0,,,,False,1,No solution exists for discriminant 
0.9743590000000001,675,,4.135546759843622,0.00833714697453404,1.0,,,,False,1,No solution exists for discriminant 
0.9743590000000001,700,,4.135546759843622,0.00833714697453404,1.0,,,,False,1,No solution exists for discriminant 
0.9743590000000001,725,,4.135546759843622,0.00833714697453404,1.0,,,,False,1,No solution exists for discriminant 
0.9743590000000001,750,,4.135546759843622,0.00833714697453404,1.0,,,,False,1,No solution exists for discriminant 
0.9743590000000001,775,,4.135546759843622,0.00833714697453404,1.0,,,,False,1,No solution exists for discriminant 
0.9743590000000001,800,,4.135546759843622,0.00833714697453404,1.0,,,,False,1,No solution exists for discriminant 
0.9743590000000001,825,,4.135546759843622,0.00833714697453404,1.0,,,,False,1,No solution exists for discriminant 
0.9743590000000001,850,,4.135546759843622,0.00833714697453404,1.0,,,,False,1,No solution exists for discriminant 
0.9743590000000001,875,,4.135546759843622,0.00833714697453404,1.0,,,,False,1,No solution exists for discriminant 
0.9743590000000001,900,,4.135546759843622,0.00833714697453404,1.0,,,,False,1,No solution exists for discriminant 
0.9743590000000001,925,,4.135546759843622,0.00833714697453404,1.0,,,,False,1,No solution exists for discriminant 
0.9743590000000001,950,,4.135546759843622,0.00833714697453404,1.0,,,,False,1,No solution exists for discriminant 
0.9743590000000001,975,,4.135546759843622,0.00833714697453404,1.0,,,,False,1,No solution exists for discriminant 
0.9743590000000001,1000,,4.135546759843622,0.00833714697453404,1.0,,,,False,1,No solution exists for discriminant 
0.9743590000000001,1025,,4.135546759843622,0.00833714697453404,1.0,,,,False,1,No solution exists for discriminant 
0.9743590000000001,1050,,4.135546759843622,0.00833714697453404,1.0,,,,False,1,No solution exists for discriminant 
0.9743590000000001,1075,,4.135546759843622,0.00833714697453404,1.0,,,,False,1,No solution exists for discriminant 
0.9743590000000001,1100,,4.135546759843622,0.00833714697453404,1.0,,,,False,1,No solution exists for discriminant 
0.9743590000000001,1125,,4.135546759843622,0.00833714697453404,1.0,,,,False,1,No solution exists for discriminant 
0.9743590000000001,1150,,4.135546759843622,0.00833714697453404,1.0,,,,False,1,No solution exists for discriminant 
0.9743590000000001,1175,,4.135546759843622,0.00833714697453404,1.0,,,,False,1,No solution exists for discriminant 
0.9743590000000001,1200,,4.135546759843622,0.00833714697453404,1.0,,,,False,1,No solution exists for discriminant 
0.9743590000000001,1225,,4.135546759843622,0.00833714697453404,1.0,,,,False,1,No solution exists for discriminant 
0.9743590000000001,1250,,4.135546759843622,0.00833714697453404,1.0,,,,False,1,No solution exists for discriminant 
0.9743590000000001,1275,,4.135546759843622,0.00833714697453404,1.0,,,,False,1,No solution exists for discriminant 
0.9743590000000001,1300,,4.135546759843622,0.00833714697453404,1.0,,,,False,1,No solution exists for discriminant 
0.9743590000000001,1325,,4.135546759843622,0.00833714697453404,1.0,,,,False,1,No solution exists for discriminant 
0.9743590000000001,1350,,4.135546759843622,0.00833714697453404,1.0,,,,False,1,No solution exists for discriminant 
0.9743590000000001,1375,,4.135546759843622,0.00833714697453404,1.0,,,,False,1,No solution exists for discriminant 
0.9743590000000001,1400,,4.135546759843622,0.00833714697453404,1.0,,,,False,1,No solution exists for discriminant 
0.9743590000000001,1425,,4.135546759843622,0.00833714697453404,1.0,,,,False,1,No solution exists for discriminant 
0.9743590000000001,1450,,4.135546759843622,0.00833714697453404,1.0,,,,False,1,No solution exists for discriminant 
0.9743590000000001,1475,,4.135546759843622,0.00833714697453404,1.0,,,,False,1,No solution exists for discriminant 
0.9743590000000001,1500,,4.135546759843622,0.00833714697453404,1.0,,,,False,1,No solution exists for discriminant 
0.9743590000000001,1525,,4.135546759843622,0.00833714697453404,1.0,,,,False,1,No solution exists for discriminant 
1.0,-100,-23.0604889972813,4.18471629757626,0.006578576453373831,3.2943555710401857,4.134615384615385,-95.34625258491307,-4.653747415086926,True,4,
1.0,-75,-17.399586021321028,4.18471629757626,0.0072260962700230694,2.485655145903004,4.134615384615385,-71.94059604969272,-3.059403950307285,True,5,
1.0,-50,-11.680106070805937,4.18471629757626,0.00822481783356327,1.6685865815437053,4.134615384615385,-48.29274625429378,-1.7072537457062182,True,4,
1.0,-25,-5.902078691501631,4.18471629757626,0.008654489816993502,0.8431540987859473,4.134615384615385,-24.40282535909328,-0.5971746409067187,True,3,
1.0,0,0.0,4.18471629757626,0.0075025627607724285,0.0,4.18471629757626,0.0,0.0,True,1,
1.0,25,6.049850703689888,4.18471629757626,0.008658547339122018,0.8642643862414126,4.132333378863741,25.000000000000018,-1.7763568394002505e-14,True,3,
1.0,50,12.239540654679008,4.18471629757626,0.008137206521860778,1.7485058078112867,4.085120627536426,49.99999999999991,9.237055564881302e-14,True,4,
1.0,75,18.4985966712766,4.18471629757626,0.007046734397197562,2.642656667325229,4.054361600112891,75.0,0.0,True,5,
1.0,100,24.862937448130385,4.18471629757626,0.006542484993908127,3.551848206875769,4.022050902417391,99.99999999999996,4.263256414560601e-14,True,4,
1.0,125,31.532255159597348,4.18471629757626,0.0069935232306077184,4.504607879942478,3.9641947386041663,124.99999999999989,1.1368683772161603e-13,True,6,
1.0,150,38.76585788409721,4.18471629757626,0.008134272349356679,5.537979697728173,3.869384251690558,150.0,0.0,True,6,
1.0,175,46.811985719339646,4.18471629757626,0.009535110810080542,6.687426531334235,3.738358826502449,174.99999999999997,2.842170943040401e-14,True,7,
1.0,200,55.37115538540191,4.18471629757626,0.010343424638484446,7.9101650550574165,3.6119889247015435,199.99999999999994,5.684341886080802e-14,True,6,
1.0,225,62.99963188564751,4.18471629757626,0.00973445144851547,8.99994741223536,3.5714494397110776,224.99999999999994,5.684341886080802e-14,True,12,
1.0,250,68.80229467328847,4.18471629757626,0.008010147927774073,9.82889923904121,3.633599739472918,249.99999999999991,8.526512829121202e-14,True,29,
1.0,275,,4.18471629757626,0.005179832520299865,10.308679478652037,,,,False,50,Failed to converge after 50 iterations
1.0,300,,4.18471629757626,-0.017768384751957158,8.228780156827911,,,,False,50,Failed to converge after 50 iterations
1.0,325,,4.18471629757626,-0.041861968862894214,7.331204841672071,,,,False,50,Failed to converge after 50 iterations
1.0,350,,4.18471629757626,-0.07026251391856007,6.689211831497713,,,,False,50,Failed to converge after 50 iterations
1.0,375,,4.18471629757626,-0.10407072415474344,6.1714210655769985,,,,False,50,Failed to converge after 50 iterations
1.0,400,,4.18471629757626,-0.14492313690089642,5.720931396705432,,,,False,50,Failed to converge after 50 iterations
1.0,425,,4.18471629757626,-0.19370360054241506,5.324063835369055,,,,False,50,Failed to converge after 50 iterations
1.0,450,,4.18471629757626,-0.25268562819346285,4.960654608751308,,,,False,50,Failed to converge after 50 iterations
1.0,475,,4.18471629757626,-0.3254119081477328,4.616182157695613,,,,False,50,Failed to converge after 50 iterations
1.0,500,,4.18471629757626,-0.41694076121125484,4.281856914735157,,,,False,50,Failed to converge after 50 iterations
1.0,525,,4.18471629757626,0.008661742377545576,1.0,,,,False,1,No solution exists for discriminant 
1.0,550,,4.18471629757626,0.008661742377545576,1.0,,,,False,1,No solution exists for discriminant 
1.0,575,,4.18471629757626,0.008661742377545576,1.0,,,,False,1,No solution exists for discriminant 
1.0,600,,4.18471629757626,0.008661742377545576,1.0,,,,False,1,No solution exists for discriminant 
1.0,625,,4.18471629757626,0.008661742377545576,1.0,,,,False,1,No solution exists for discriminant 
1.0,650,,4.18471629757626,0.008661742377545576,1.0,,,,False,1,No solution exists for discriminant 
1.0,675,,4.18471629757626,0.008661742377545576,1.0,,,,False,1,No solution exists for discriminant 
1.0,700,,4.18471629757626,0.008661742377545576,1.0,,,,False,1,No solution exists for discriminant 
1.0,725,,4.18471629757626,0.008661742377545576,1.0,,,,False,1,No solution exists for discriminant 
1.0,750,,4.18471629757626,0.008661742377545576,1.0,,,,False,1,No solution exists for discriminant 
1.0,775,,4.18471629757626,0.008661742377545576,1.0,,,,False,1,No solution exists for discriminant 
1.0,800,,4.18471629757626,0.008661742377545576,1.0,,,,False,1,No solution exists for discriminant 
1.0,825,,4.18471629757626,0.008661742377545576,1.0,,,,False,1,No solution exists for discriminant 
1.0,850,,4.18471629757626,0.008661742377545576,1.0,,,,False,1,No solution exists for discriminant 
1.0,875,,4.18471629757626,0.008661742377545576,1.0,,,,False,1,No solution exists for discriminant 
1.0,900,,4.18471629757626,0.008661742377545576,1.0,,,,False,1,No solution exists for discriminant 
1.0,925,,4.18471629757626,0.008661742377545576,1.0,,,,False,1,No solution exists for discriminant 
1.0,950,,4.18471629757626,0.008661742377545576,1.0,,,,False,1,No solution exists for discriminant 
1.0,975,,4.18471629757626,0.008661742377545576,1.0,,,,False,1,No solution exists for discriminant 
1.0,1000,,4.18471629757626,0.008661742377545576,1.0,,,,False,1,No solution exists for discriminant 
1.0,1025,,4.18471629757626,0.008661742377545576,1.0,,,,False,1,No solution exists for discriminant 
1.0,1050,,4.18471629757626,0.008661742377545576,1.0,,,,False,1,No solution exists for discriminant 
1.0,1075,,4.18471629757626,0.008661742377545576,1.0,,,,False,1,No solution exists for discriminant 
1.0,1100,,4.18471629757626,0.008661742377545576,1.0,,,,False,1,No solution exists for discriminant 
1.0,1125,,4.18471629757626,0.008661742377545576,1.0,,,,False,1,No solution exists for discriminant 
1.0,1150,,4.18471629757626,0.008661742377545576,1.0,,,,False,1,No solution exists for discriminant 
1.0,1175,,4.18471629757626,0.008661742377545576,1.0,,,,False,1,No solution exists for discriminant 
1.0,1200,,4.18471629757626,0.008661742377545576,1.0,,,,False,1,No solution exists for discriminant 
1.0,1225,,4.18471629757626,0.008661742377545576,1.0,,,,False,1,No solution exists for discriminant 
1.0,1250,,4.18471629757626,0.008661742377545576,1.0,,,,False,1,No solution exists for discriminant 
1.0,1275,,4.18471629757626,0.008661742377545576,1.0,,,,False,1,No solution exists for discriminant 
1.0,1300,,4.18471629757626,0.008661742377545576,1.0,,,,False,1,No solution exists for discriminant 
1.0,1325,,4.18471629757626,0.008661742377545576,1.0,,,,False,1,No solution exists for discriminant 
1.0,1350,,4.18471629757626,0.008661742377545576,1.0,,,,False,1,No solution exists for discriminant 
1.0,1375,,4.18471629757626,0.008661742377545576,1.0,,,,False,1,No solution exists for discriminant 
1.0,1400,,4.18471629757626,0.008661742377545576,1.0,,,,False,1,No solution exists for discriminant 
1.0,1425,,4.18471629757626,0.008661742377545576,1.0,,,,False,1,No solution exists for discriminant 
1.0,1450,,4.18471629757626,0.008661742377545576,1.0,,,,False,1,No solution exists for discriminant 
1.0,1475,,4.18471629757626,0.008661742377545576,1.0,,,,False,1,No solution exists for discriminant 
1.0,1500,,4.18471629757626,0.008661742377545576,1.0,,,,False,1,No solution exists for discriminant 
1.0,1525,,4.18471629757626,0.008661742377545576,1.0,,,,False,1,No solution exists for discriminant 
