soc,power,current,ocv,ir0,c_rate,line_voltage,power_out,deltaP,converged,iterations,error
1e-06,-100,-25.925925925925927,2.5,0.026102269188610108,5.281735467537292,3.1767254974824843,-82.35954993473108,-17.640450065268922,True,2,
1e-06,-75,-23.990698065980787,2.5,0.026102269188610108,4.172295315822746,3.1262116589408984,-75.0,0.0,True,2,
1e-06,-50,-16.98714083969647,2.5,0.026102269188610108,2.954285363425473,2.9434029229425898,-50.00000000000003,2.842170943040401e-14,True,2,
1e-06,-25,-9.129729813538647,2.5,0.02610226918861011,1.5877790980067212,2.738306665212265,-25.000000000000007,7.105427357601002e-15,True,2,
1e-06,0,0.0,2.5,0.026102269188610104,0.0,2.5,0.0,0.0,True,1,
1e-06,25,11.343478659159228,2.5,0.026102269188610104,1.972778897245083,2.203909466503372,24.999999999999996,3.552713678800501e-15,True,2,
1e-06,50,28.452209407359668,2.5,0.026102269188610108,4.948210331714725,1.757332771038393,50.0,0.0,True,2,
1e-06,75,,2.5,0.026102269188610104,1.0,,,,False,1,No solution exists for discriminant 
1e-06,100,,2.5,0.026102269188610104,1.0,,,,False,1,No solution exists for discriminant 
1e-06,125,,2.5,0.026102269188610104,1.0,,,,False,1,No solution exists for discriminant 
1e-06,150,,2.5,0.026102269188610104,1.0,,,,False,1,No solution exists for discriminant 
1e-06,175,,2.5,0.026102269188610104,1.0,,,,False,1,No solution exists for discriminant 
1e-06,200,,2.5,0.026102269188610104,1.0,,,,False,1,No solution exists for discriminant 
1e-06,225,,2.5,0.026102269188610104,1.0,,,,False,1,No solution exists for discriminant 
1e-06,250,,2.5,0.026102269188610104,1.0,,,,False,1,No solution exists for discriminant 
1e-06,275,,2.5,0.026102269188610104,1.0,,,,False,1,No solution exists for discriminant 
1e-06,300,,2.5,0.026102269188610104,1.0,,,,False,1,No solution exists for discriminant 
1e-06,325,,2.5,0.026102269188610104,1.0,,,,False,1,No solution exists for discriminant 
1e-06,350,,2.5,0.026102269188610104,1.0,,,,False,1,No solution exists for discriminant 
1e-06,375,,2.5,0.026102269188610104,1.0,,,,False,1,No solution exists for discriminant 
1e-06,400,,2.5,0.026102269188610104,1.0,,,,False,1,No solution exists for discriminant 
1e-06,425,,2.5,0.026102269188610104,1.0,,,,False,1,No solution exists for discriminant 
1e-06,450,,2.5,0.026102269188610104,1.0,,,,False,1,No solution exists for discriminant 
1e-06,475,,2.5,0.026102269188610104,1.0,,,,False,1,No solution exists for discriminant 
1e-06,500,,2.5,0.026102269188610104,1.0,,,,False,1,No solution exists for discriminant 
1e-06,525,,2.5,0.026102269188610104,1.0,,,,False,1,No solution exists for discriminant 
1e-06,550,,2.5,0.026102269188610104,1.0,,,,False,1,No solution exists for discriminant 
1e-06,575,,2.5,0.026102269188610104,1.0,,,,False,1,No solution exists for discriminant 
1e-06,600,,2.5,0.026102269188610104,1.0,,,,False,1,No solution exists for discriminant 
1e-06,625,,2.5,0.026102269188610104,1.0,,,,False,1,No solution exists for discriminant 
1e-06,650,,2.5,0.026102269188610104,1.0,,,,False,1,No solution exists for discriminant 
1e-06,675,,2.5,0.026102269188610104,1.0,,,,False,1,No solution exists for discriminant 
1e-06,700,,2.5,0.026102269188610104,1.0,,,,False,1,No solution exists for discriminant 
1e-06,725,,2.5,0.026102269188610104,1.0,,,,False,1,No solution exists for discriminant 
1e-06,750,,2.5,0.026102269188610104,1.0,,,,False,1,No solution exists for discriminant 
1e-06,775,,2.5,0.026102269188610104,1.0,,,,False,1,No solution exists for discriminant 
1e-06,800,,2.5,0.026102269188610104,1.0,,,,False,1,No solution exists for discriminant 
1e-06,825,,2.5,0.026102269188610104,1.0,,,,False,1,No solution exists for discriminant 
1e-06,850,,2.5,0.026102269188610104,1.0,,,,False,1,No solution exists for discriminant 
1e-06,875,,2.5,0.026102269188610104,1.0,,,,False,1,No solution exists for discriminant 
1e-06,900,,2.5,0.026102269188610104,1.0,,,,False,1,No solution exists for discriminant 
1e-06,925,,2.5,0.026102269188610104,1.0,,,,False,1,No solution exists for discriminant 
1e-06,950,,2.5,0.026102269188610104,1.0,,,,False,1,No solution exists for discriminant 
1e-06,975,,2.5,0.026102269188610104,1.0,,,,False,1,No solution exists for discriminant 
1e-06,1000,,2.5,0.026102269188610104,1.0,,,,False,1,No solution exists for discriminant 
1e-06,1025,,2.5,0.026102269188610104,1.0,,,,False,1,No solution exists for discriminant 
1e-06,1050,,2.5,0.026102269188610104,1.0,,,,False,1,No solution exists for discriminant 
1e-06,1075,,2.5,0.026102269188610104,1.0,,,,False,1,No solution exists for discriminant 
1e-06,1100,,2.5,0.026102269188610104,1.0,,,,False,1,No solution exists for discriminant 
1e-06,1125,,2.5,0.026102269188610104,1.0,,,,False,1,No solution exists for discriminant 
1e-06,1150,,2.5,0.026102269188610104,1.0,,,,False,1,No solution exists for discriminant 
1e-06,1175,,2.5,0.026102269188610104,1.0,,,,False,1,No solution exists for discriminant 
1e-06,1200,,2.5,0.026102269188610104,1.0,,,,False,1,No solution exists for discriminant 
1e-06,1225,,2.5,0.026102269188610104,1.0,,,,False,1,No solution exists for discriminant 
1e-06,1250,,2.5,0.026102269188610104,1.0,,,,False,1,No solution exists for discriminant 
1e-06,1275,,2.5,0.026102269188610104,1.0,,,,False,1,No solution exists for discriminant 
1e-06,1300,,2.5,0.026102269188610104,1.0,,,,False,1,No solution exists for discriminant 
1e-06,1325,,2.5,0.026102269188610104,1.0,,,,False,1,No solution exists for discriminant 
1e-06,1350,,2.5,0.026102269188610104,1.0,,,,False,1,No solution exists for discriminant 
1e-06,1375,,2.5,0.026102269188610104,1.0,,,,False,1,No solution exists for discriminant 
1e-06,1400,,2.5,0.026102269188610104,1.0,,,,False,1,No solution exists for discriminant 
1e-06,1425,,2.5,0.026102269188610104,1.0,,,,False,1,No solution exists for discriminant 
1e-06,1450,,2.5,0.026102269188610104,1.0,,,,False,1,No solution exists for discriminant 
1e-06,1475,,2.5,0.026102269188610104,1.0,,,,False,1,No solution exists for discriminant 
1e-06,1500,,2.5,0.026102269188610104,1.0,,,,False,1,No solution exists for discriminant 
1e-06,1525,,2.5,0.026102269188610104,1.0,,,,False,1,No solution exists for discriminant 
0.025642,-100,-25.925925925925927,2.862901562815912,0.025851312617646564,4.852259796456046,3.5331207788289714,-91.59942759926963,-8.400572400730368,True,2,
0.025642,-75,-21.875944259837045,2.862901562815912,0.025851312617646564,3.804512045189051,3.42842343668317,-74.99999999999999,-1.4210854715202004e-14,True,2,
0.025642,-50,-15.339965231852618,2.862901562815912,0.025851312617646578,2.6678200403221943,3.259459799568363,-49.99999999999999,-7.105427357601002e-15,True,2,
0.025642,-25,-8.134848272668961,2.862901562815912,0.025851312617646567,1.4147562213337324,3.0731980686097997,-25.000000000000018,1.7763568394002505e-14,True,2,
0.025642,0,0.0,2.862901562815912,0.02585131261764656,0.0,2.862901562815912,0.0,0.0,True,1,
0.025642,25,9.557173798852373,2.862901562815912,0.02585131261764657,1.6621171824091083,2.6158360752005985,24.999999999999986,1.4210854715202004e-14,True,2,
0.025642,50,21.72767475088676,2.862901562815912,0.025851312617646564,3.77872604363248,2.3012126503761925,50.0,0.0,True,2,
0.025642,75,42.53101521132619,2.862901562815912,0.025851312617646564,7.396698297621946,1.7634189926420374,75.0,0.0,True,2,
0.025642,100,,2.862901562815912,0.025851312617646564,1.0,,,,False,1,No solution exists for discriminant 
0.025642,125,,2.862901562815912,0.025851312617646564,1.0,,,,False,1,No solution exists for discriminant 
0.025642,150,,2.862901562815912,0.025851312617646564,1.0,,,,False,1,No solution exists for discriminant 
0.025642,175,,2.862901562815912,0.025851312617646564,1.0,,,,False,1,No solution exists for discriminant 
0.025642,200,,2.862901562815912,0.025851312617646564,1.0,,,,False,1,No solution exists for discriminant 
0.025642,225,,2.862901562815912,0.025851312617646564,1.0,,,,False,1,No solution exists for discriminant 
0.025642,250,,2.862901562815912,0.025851312617646564,1.0,,,,False,1,No solution exists for discriminant 
0.025642,275,,2.862901562815912,0.025851312617646564,1.0,,,,False,1,No solution exists for discriminant 
0.025642,300,,2.862901562815912,0.025851312617646564,1.0,,,,False,1,No solution exists for discriminant 
0.025642,325,,2.862901562815912,0.025851312617646564,1.0,,,,False,1,No solution exists for discriminant 
0.025642,350,,2.862901562815912,0.025851312617646564,1.0,,,,False,1,No solution exists for discriminant 
0.025642,375,,2.862901562815912,0.025851312617646564,1.0,,,,False,1,No solution exists for discriminant 
0.025642,400,,2.862901562815912,0.025851312617646564,1.0,,,,False,1,No solution exists for discriminant 
0.025642,425,,2.862901562815912,0.025851312617646564,1.0,,,,False,1,No solution exists for discriminant 
0.025642,450,,2.862901562815912,0.025851312617646564,1.0,,,,False,1,No solution exists for discriminant 
0.025642,475,,2.862901562815912,0.025851312617646564,1.0,,,,False,1,No solution exists for discriminant 
0.025642,500,,2.862901562815912,0.025851312617646564,1.0,,,,False,1,No solution exists for discriminant 
0.025642,525,,2.862901562815912,0.025851312617646564,1.0,,,,False,1,No solution exists for discriminant 
0.025642,550,,2.862901562815912,0.025851312617646564,1.0,,,,False,1,No solution exists for discriminant 
0.025642,575,,2.862901562815912,0.025851312617646564,1.0,,,,False,1,No solution exists for discriminant 
0.025642,600,,2.862901562815912,0.025851312617646564,1.0,,,,False,1,No solution exists for discriminant 
0.025642,625,,2.862901562815912,0.025851312617646564,1.0,,,,False,1,No solution exists for discriminant 
0.025642,650,,2.862901562815912,0.025851312617646564,1.0,,,,False,1,No solution exists for discriminant 
0.025642,675,,2.862901562815912,0.025851312617646564,1.0,,,,False,1,No solution exists for discriminant 
0.025642,700,,2.862901562815912,0.025851312617646564,1.0,,,,False,1,No solution exists for discriminant 
0.025642,725,,2.862901562815912,0.025851312617646564,1.0,,,,False,1,No solution exists for discriminant 
0.025642,750,,2.862901562815912,0.025851312617646564,1.0,,,,False,1,No solution exists for discriminant 
0.025642,775,,2.862901562815912,0.025851312617646564,1.0,,,,False,1,No solution exists for discriminant 
0.025642,800,,2.862901562815912,0.025851312617646564,1.0,,,,False,1,No solution exists for discriminant 
0.025642,825,,2.862901562815912,0.025851312617646564,1.0,,,,False,1,No solution exists for discriminant 
0.025642,850,,2.862901562815912,0.025851312617646564,1.0,,,,False,1,No solution exists for discriminant 
0.025642,875,,2.862901562815912,0.025851312617646564,1.0,,,,False,1,No solution exists for discriminant 
0.025642,900,,2.862901562815912,0.025851312617646564,1.0,,,,False,1,No solution exists for discriminant 
0.025642,925,,2.862901562815912,0.025851312617646564,1.0,,,,False,1,No solution exists for discriminant 
0.025642,950,,2.862901562815912,0.025851312617646564,1.0,,,,False,1,No solution exists for discriminant 
0.025642,975,,2.862901562815912,0.025851312617646564,1.0,,,,False,1,No solution exists for discriminant 
0.025642,1000,,2.862901562815912,0.025851312617646564,1.0,,,,False,1,No solution exists for discriminant 
0.025642,1025,,2.862901562815912,0.025851312617646564,1.0,,,,False,1,No solution exists for discriminant 
0.025642,1050,,2.862901562815912,0.025851312617646564,1.0,,,,False,1,No solution exists for discriminant 
0.025642,1075,,2.862901562815912,0.025851312617646564,1.0,,,,False,1,No solution exists for discriminant 
0.025642,1100,,2.862901562815912,0.025851312617646564,1.0,,,,False,1,No solution exists for discriminant 
0.025642,1125,,2.862901562815912,0.025851312617646564,1.0,,,,False,1,No solution exists for discriminant 
0.025642,1150,,2.862901562815912,0.025851312617646564,1.0,,,,False,1,No solution exists for discriminant 
0.025642,1175,,2.862901562815912,0.025851312617646564,1.0,,,,False,1,No solution exists for discriminant 
0.025642,1200,,2.862901562815912,0.025851312617646564,1.0,,,,False,1,No solution exists for discriminant 
0.025642,1225,,2.862901562815912,0.025851312617646564,1.0,,,,False,1,No solution exists for discriminant 
0.025642,1250,,2.862901562815912,0.025851312617646564,1.0,,,,False,1,No solution exists for discriminant 
0.025642,1275,,2.862901562815912,0.025851312617646564,1.0,,,,False,1,No solution exists for discriminant 
0.025642,1300,,2.862901562815912,0.025851312617646564,1.0,,,,False,1,No solution exists for discriminant 
0.025642,1325,,2.862901562815912,0.025851312617646564,1.0,,,,False,1,No solution exists for discriminant 
0.025642,1350,,2.862901562815912,0.025851312617646564,1.0,,,,False,1,No solution exists for discriminant 
0.025642,1375,,2.862901562815912,0.025851312617646564,1.0,,,,False,1,No solution exists for discriminant 
0.025642,1400,,2.862901562815912,0.025851312617646564,1.0,,,,False,1,No solution exists for discriminant 
0.025642,1425,,2.862901562815912,0.025851312617646564,1.0,,,,False,1,No solution exists for discriminant 
0.025642,1450,,2.862901562815912,0.025851312617646564,1.0,,,,False,1,No solution exists for discriminant 
0.025642,1475,,2.862901562815912,0.025851312617646564,1.0,,,,False,1,No solution exists for discriminant 
0.025642,1500,,2.862901562815912,0.025851312617646564,1.0,,,,False,1,No solution exists for discriminant 
0.025642,1525,,2.862901562815912,0.025851312617646564,1.0,,,,False,1,No solution exists for discriminant 
0.051283,-100,-25.925925925925927,2.923361221276485,0.02468016340695792,4.820878839995965,3.5632173096050237,-92.37970802679692,-7.620291973203081,True,2,
0.051283,-75,-21.685333271707105,2.923361221276485,0.02468016340695792,3.7713623081229746,3.458558789956558,-75.00000000000001,1.4210854715202004e-14,True,2,
0.051283,-50,-15.16264467291097,2.923361221276485,0.02468016340695793,2.636981682245386,3.297577769485568,-49.999999999999986,-1.4210854715202004e-14,True,2,
0.051283,-25,-8.010118980493772,2.923361221276485,0.02468016340695791,1.393064170520656,3.1210522666242464,-24.999999999999986,-1.4210854715202004e-14,True,2,
0.051283,0,0.0,2.923361221276485,0.024680163406957906,0.0,2.923361221276485,0.0,0.0,True,1,
0.051283,25,9.278630630593991,2.923361221276485,0.02468016340695791,1.6136748922772157,2.6943631011206204,25.000000000000004,-3.552713678800501e-15,True,2,
0.051283,50,20.732421013913022,2.923361221276485,0.024680163406957917,3.605638437202265,2.4116816828312633,50.0,0.0,True,2,
0.051283,75,37.57513722691102,2.923361221276485,0.02468016340695792,6.534806474245395,1.9960006944774533,75.0,0.0,True,2,
0.051283,100,,2.923361221276485,0.02468016340695791,1.0,,,,False,1,No solution exists for discriminant 
0.051283,125,,2.923361221276485,0.02468016340695791,1.0,,,,False,1,No solution exists for discriminant 
0.051283,150,,2.923361221276485,0.02468016340695791,1.0,,,,False,1,No solution exists for discriminant 
0.051283,175,,2.923361221276485,0.02468016340695791,1.0,,,,False,1,No solution exists for discriminant 
0.051283,200,,2.923361221276485,0.02468016340695791,1.0,,,,False,1,No solution exists for discriminant 
0.051283,225,,2.923361221276485,0.02468016340695791,1.0,,,,False,1,No solution exists for discriminant 
0.051283,250,,2.923361221276485,0.02468016340695791,1.0,,,,False,1,No solution exists for discriminant 
0.051283,275,,2.923361221276485,0.02468016340695791,1.0,,,,False,1,No solution exists for discriminant 
0.051283,300,,2.923361221276485,0.02468016340695791,1.0,,,,False,1,No solution exists for discriminant 
0.051283,325,,2.923361221276485,0.02468016340695791,1.0,,,,False,1,No solution exists for discriminant 
0.051283,350,,2.923361221276485,0.02468016340695791,1.0,,,,False,1,No solution exists for discriminant 
0.051283,375,,2.923361221276485,0.02468016340695791,1.0,,,,False,1,No solution exists for discriminant 
0.051283,400,,2.923361221276485,0.02468016340695791,1.0,,,,False,1,No solution exists for discriminant 
0.051283,425,,2.923361221276485,0.02468016340695791,1.0,,,,False,1,No solution exists for discriminant 
0.051283,450,,2.923361221276485,0.02468016340695791,1.0,,,,False,1,No solution exists for discriminant 
0.051283,475,,2.923361221276485,0.02468016340695791,1.0,,,,False,1,No solution exists for discriminant 
0.051283,500,,2.923361221276485,0.02468016340695791,1.0,,,,False,1,No solution exists for discriminant 
0.051283,525,,2.923361221276485,0.02468016340695791,1.0,,,,False,1,No solution exists for discriminant 
0.051283,550,,2.923361221276485,0.02468016340695791,1.0,,,,False,1,No solution exists for discriminant 
0.051283,575,,2.923361221276485,0.02468016340695791,1.0,,,,False,1,No solution exists for discriminant 
0.051283,600,,2.923361221276485,0.02468016340695791,1.0,,,,False,1,No solution exists for discriminant 
0.051283,625,,2.923361221276485,0.02468016340695791,1.0,,,,False,1,No solution exists for discriminant 
0.051283,650,,2.923361221276485,0.02468016340695791,1.0,,,,False,1,No solution exists for discriminant 
0.051283,675,,2.923361221276485,0.02468016340695791,1.0,,,,False,1,No solution exists for discriminant 
0.051283,700,,2.923361221276485,0.02468016340695791,1.0,,,,False,1,No solution exists for discriminant 
0.051283,725,,2.923361221276485,0.02468016340695791,1.0,,,,False,1,No solution exists for discriminant 
0.051283,750,,2.923361221276485,0.02468016340695791,1.0,,,,False,1,No solution exists for discriminant 
0.051283,775,,2.923361221276485,0.02468016340695791,1.0,,,,False,1,No solution exists for discriminant 
0.051283,800,,2.923361221276485,0.02468016340695791,1.0,,,,False,1,No solution exists for discriminant 
0.051283,825,,2.923361221276485,0.02468016340695791,1.0,,,,False,1,No solution exists for discriminant 
0.051283,850,,2.923361221276485,0.02468016340695791,1.0,,,,False,1,No solution exists for discriminant 
0.051283,875,,2.923361221276485,0.02468016340695791,1.0,,,,False,1,No solution exists for discriminant 
0.051283,900,,2.923361221276485,0.02468016340695791,1.0,,,,False,1,No solution exists for discriminant 
0.051283,925,,2.923361221276485,0.02468016340695791,1.0,,,,False,1,No solution exists for discriminant 
0.051283,950,,2.923361221276485,0.02468016340695791,1.0,,,,False,1,No solution exists for discriminant 
0.051283,975,,2.923361221276485,0.02468016340695791,1.0,,,,False,1,No solution exists for discriminant 
0.051283,1000,,2.923361221276485,0.02468016340695791,1.0,,,,False,1,No solution exists for discriminant 
0.051283,1025,,2.923361221276485,0.02468016340695791,1.0,,,,False,1,No solution exists for discriminant 
0.051283,1050,,2.923361221276485,0.02468016340695791,1.0,,,,False,1,No solution exists for discriminant 
0.051283,1075,,2.923361221276485,0.02468016340695791,1.0,,,,False,1,No solution exists for discriminant 
0.051283,1100,,2.923361221276485,0.02468016340695791,1.0,,,,False,1,No solution exists for discriminant 
0.051283,1125,,2.923361221276485,0.02468016340695791,1.0,,,,False,1,No solution exists for discriminant 
0.051283,1150,,2.923361221276485,0.02468016340695791,1.0,,,,False,1,No solution exists for discriminant 
0.051283,1175,,2.923361221276485,0.02468016340695791,1.0,,,,False,1,No solution exists for discriminant 
0.051283,1200,,2.923361221276485,0.02468016340695791,1.0,,,,False,1,No solution exists for discriminant 
0.051283,1225,,2.923361221276485,0.02468016340695791,1.0,,,,False,1,No solution exists for discriminant 
0.051283,1250,,2.923361221276485,0.02468016340695791,1.0,,,,False,1,No solution exists for discriminant 
0.051283,1275,,2.923361221276485,0.02468016340695791,1.0,,,,False,1,No solution exists for discriminant 
0.051283,1300,,2.923361221276485,0.02468016340695791,1.0,,,,False,1,No solution exists for discriminant 
0.051283,1325,,2.923361221276485,0.02468016340695791,1.0,,,,False,1,No solution exists for discriminant 
0.051283,1350,,2.923361221276485,0.02468016340695791,1.0,,,,False,1,No solution exists for discriminant 
0.051283,1375,,2.923361221276485,0.02468016340695791,1.0,,,,False,1,No solution exists for discriminant 
0.051283,1400,,2.923361221276485,0.02468016340695791,1.0,,,,False,1,No solution exists for discriminant 
0.051283,1425,,2.923361221276485,0.02468016340695791,1.0,,,,False,1,No solution exists for discriminant 
0.051283,1450,,2.923361221276485,0.02468016340695791,1.0,,,,False,1,No solution exists for discriminant 
0.051283,1475,,2.923361221276485,0.02468016340695791,1.0,,,,False,1,No solution exists for discriminant 
0.051283,1500,,2.923361221276485,0.02468016340695791,1.0,,,,False,1,No solution exists for discriminant 
0.051283,1525,,2.923361221276485,0.02468016340695791,1.0,,,,False,1,No solution exists for discriminant 
0.076924,-100,-25.925925925925927,2.9609597105772654,0.023237625773023927,4.823588679167385,3.563416675063071,-92.38487676089444,-7.615123239105557,True,2,
0.076924,-75,-21.650812725797024,2.9609597105772654,0.023237625773023924,3.7653587349212216,3.464073194381161,-74.99999999999999,-1.4210854715202004e-14,True,2,
0.076924,-50,-15.097569352666648,2.9609597105772654,0.02323762577302392,2.6256642352463735,3.311791377276808,-50.00000000000001,7.105427357601002e-15,True,2,
0.076924,-25,-7.947506067778876,2.9609597105772654,0.023237625773023917,1.3821749683093696,3.1456408824091477,-24.999999999999996,-3.552713678800501e-15,True,2,
0.076924,0,0.0,2.9609597105772654,0.02323762577302392,0.0,2.9609597105772654,0.0,0.0,True,1,
0.076924,25,9.091952801355273,2.9609597105772654,0.023237625773023917,1.5812091828443953,2.749684313833375,25.000000000000007,-7.105427357601002e-15,True,2,
0.076924,50,20.037356741027757,2.9609597105772654,0.02323762577302393,3.4847576940917837,2.4953391131486837,50.00000000000001,-7.105427357601002e-15,True,2,
0.076924,75,34.874742958415894,2.9609597105772654,0.023237625773023927,6.065172688420155,2.1505534847791954,75.0,0.0,True,2,
0.076924,100,,2.9609597105772654,0.023237625773023917,1.0,,,,False,1,No solution exists for discriminant 
0.076924,125,,2.9609597105772654,0.023237625773023917,1.0,,,,False,1,No solution exists for discriminant 
0.076924,150,,2.9609597105772654,0.023237625773023917,1.0,,,,False,1,No solution exists for discriminant 
0.076924,175,,2.9609597105772654,0.023237625773023917,1.0,,,,False,1,No solution exists for discriminant 
0.076924,200,,2.9609597105772654,0.023237625773023917,1.0,,,,False,1,No solution exists for discriminant 
0.076924,225,,2.9609597105772654,0.023237625773023917,1.0,,,,False,1,No solution exists for discriminant 
0.076924,250,,2.9609597105772654,0.023237625773023917,1.0,,,,False,1,No solution exists for discriminant 
0.076924,275,,2.9609597105772654,0.023237625773023917,1.0,,,,False,1,No solution exists for discriminant 
0.076924,300,,2.9609597105772654,0.023237625773023917,1.0,,,,False,1,No solution exists for discriminant 
0.076924,325,,2.9609597105772654,0.023237625773023917,1.0,,,,False,1,No solution exists for discriminant 
0.076924,350,,2.9609597105772654,0.023237625773023917,1.0,,,,False,1,No solution exists for discriminant 
0.076924,375,,2.9609597105772654,0.023237625773023917,1.0,,,,False,1,No solution exists for discriminant 
0.076924,400,,2.9609597105772654,0.023237625773023917,1.0,,,,False,1,No solution exists for discriminant 
0.076924,425,,2.9609597105772654,0.023237625773023917,1.0,,,,False,1,No solution exists for discriminant 
0.076924,450,,2.9609597105772654,0.023237625773023917,1.0,,,,False,1,No solution exists for discriminant 
0.076924,475,,2.9609597105772654,0.023237625773023917,1.0,,,,False,1,No solution exists for discriminant 
0.076924,500,,2.9609597105772654,0.023237625773023917,1.0,,,,False,1,No solution exists for discriminant 
0.076924,525,,2.9609597105772654,0.023237625773023917,1.0,,,,False,1,No solution exists for discriminant 
0.076924,550,,2.9609597105772654,0.023237625773023917,1.0,,,,False,1,No solution exists for discriminant 
0.076924,575,,2.9609597105772654,0.023237625773023917,1.0,,,,False,1,No solution exists for discriminant 
0.076924,600,,2.9609597105772654,0.023237625773023917,1.0,,,,False,1,No solution exists for discriminant 
0.076924,625,,2.9609597105772654,0.023237625773023917,1.0,,,,False,1,No solution exists for discriminant 
0.076924,650,,2.9609597105772654,0.023237625773023917,1.0,,,,False,1,No solution exists for discriminant 
0.076924,675,,2.9609597105772654,0.023237625773023917,1.0,,,,False,1,No solution exists for discriminant 
0.076924,700,,2.9609597105772654,0.023237625773023917,1.0,,,,False,1,No solution exists for discriminant 
0.076924,725,,2.9609597105772654,0.023237625773023917,1.0,,,,False,1,No solution exists for discriminant 
0.076924,750,,2.9609597105772654,0.023237625773023917,1.0,,,,False,1,No solution exists for discriminant 
0.076924,775,,2.9609597105772654,0.023237625773023917,1.0,,,,False,1,No solution exists for discriminant 
0.076924,800,,2.9609597105772654,0.023237625773023917,1.0,,,,False,1,No solution exists for discriminant 
0.076924,825,,2.9609597105772654,0.023237625773023917,1.0,,,,False,1,No solution exists for discriminant 
0.076924,850,,2.9609597105772654,0.023237625773023917,1.0,,,,False,1,No solution exists for discriminant 
0.076924,875,,2.9609597105772654,0.023237625773023917,1.0,,,,False,1,No solution exists for discriminant 
0.076924,900,,2.9609597105772654,0.023237625773023917,1.0,,,,False,1,No solution exists for discriminant 
0.076924,925,,2.9609597105772654,0.023237625773023917,1.0,,,,False,1,No solution exists for discriminant 
0.076924,950,,2.9609597105772654,0.023237625773023917,1.0,,,,False,1,No solution exists for discriminant 
0.076924,975,,2.9609597105772654,0.023237625773023917,1.0,,,,False,1,No solution exists for discriminant 
0.076924,1000,,2.9609597105772654,0.023237625773023917,1.0,,,,False,1,No solution exists for discriminant 
0.076924,1025,,2.9609597105772654,0.023237625773023917,1.0,,,,False,1,No solution exists for discriminant 
0.076924,1050,,2.9609597105772654,0.023237625773023917,1.0,,,,False,1,No solution exists for discriminant 
0.076924,1075,,2.9609597105772654,0.023237625773023917,1.0,,,,False,1,No solution exists for discriminant 
0.076924,1100,,2.9609597105772654,0.023237625773023917,1.0,,,,False,1,No solution exists for discriminant 
0.076924,1125,,2.9609597105772654,0.023237625773023917,1.0,,,,False,1,No solution exists for discriminant 
0.076924,1150,,2.9609597105772654,0.023237625773023917,1.0,,,,False,1,No solution exists for discriminant 
0.076924,1175,,2.9609597105772654,0.023237625773023917,1.0,,,,False,1,No solution exists for discriminant 
0.076924,1200,,2.9609597105772654,0.023237625773023917,1.0,,,,False,1,No solution exists for discriminant 
0.076924,1225,,2.9609597105772654,0.023237625773023917,1.0,,,,False,1,No solution exists for discriminant 
0.076924,1250,,2.9609597105772654,0.023237625773023917,1.0,,,,False,1,No solution exists for discriminant 
0.076924,1275,,2.9609597105772654,0.023237625773023917,1.0,,,,False,1,No solution exists for discriminant 
0.076924,1300,,2.9609597105772654,0.023237625773023917,1.0,,,,False,1,No solution exists for discriminant 
0.076924,1325,,2.9609597105772654,0.023237625773023917,1.0,,,,False,1,No solution exists for discriminant 
0.076924,1350,,2.9609597105772654,0.023237625773023917,1.0,,,,False,1,No solution exists for discriminant 
0.076924,1375,,2.9609597105772654,0.023237625773023917,1.0,,,,False,1,No solution exists for discriminant 
0.076924,1400,,2.9609597105772654,0.023237625773023917,1.0,,,,False,1,No solution exists for discriminant 
0.076924,1425,,2.9609597105772654,0.023237625773023917,1.0,,,,False,1,No solution exists for discriminant 
0.076924,1450,,2.9609597105772654,0.023237625773023917,1.0,,,,False,1,No solution exists for discriminant 
0.076924,1475,,2.9609597105772654,0.023237625773023917,1.0,,,,False,1,No solution exists for discriminant 
0.076924,1500,,2.9609597105772654,0.023237625773023917,1.0,,,,False,1,No solution exists for discriminant 
0.076924,1525,,2.9609597105772654,0.023237625773023917,1.0,,,,False,1,No solution exists for discriminant 
0.102565,-100,-25.925925925925927,2.9976141406550347,0.02169581263644125,4.83060108951762,3.560098171970178,-92.29884149552313,-7.701158504476865,True,2,
0.102565,-75,-21.632812457008786,2.9976141406550347,0.021695812636441245,3.7622282533928324,3.4669555865215695,-75.00000000000001,1.4210854715202004e-14,True,2,
0.102565,-50,-15.04226169174486,2.9976141406550347,0.021695812636441252,2.6160455116078016,3.323968231947449,-50.00000000000001,7.105427357601002e-15,True,2,
0.102565,-25,-7.8894654228568655,2.9976141406550347,0.02169581263644124,1.3720809431055419,3.168782504271019,-24.999999999999993,-7.105427357601002e-15,True,2,
0.102565,0,0.0,2.9976141406550347,0.021695812636441242,0.0,2.9976141406550347,0.0,0.0,True,1,
0.102565,25,8.915227104598229,2.9976141406550347,0.02169581263644125,1.5504742790605615,2.8041910437823487,24.999999999999993,7.105427357601002e-15,True,2,
0.102565,50,19.405437548150246,2.9976141406550347,0.021695812636441245,3.37485870402613,2.5765974034822055,50.00000000000002,-2.1316282072803006e-14,True,2,
0.102565,75,32.81237484847287,2.9976141406550347,0.021695812636441245,5.706499973647456,2.28572300378589,75.0,0.0,True,2,
0.102565,100,56.30599463198854,2.9976141406550347,0.021695812636441224,9.792346892519745,1.776009830810946,100.0,0.0,True,2,
0.102565,125,,2.9976141406550347,0.02169581263644124,1.0,,,,False,1,No solution exists for discriminant 
0.102565,150,,2.9976141406550347,0.02169581263644124,1.0,,,,False,1,No solution exists for discriminant 
0.102565,175,,2.9976141406550347,0.02169581263644124,1.0,,,,False,1,No solution exists for discriminant 
0.102565,200,,2.9976141406550347,0.02169581263644124,1.0,,,,False,1,No solution exists for discriminant 
0.102565,225,,2.9976141406550347,0.02169581263644124,1.0,,,,False,1,No solution exists for discriminant 
0.102565,250,,2.9976141406550347,0.02169581263644124,1.0,,,,False,1,No solution exists for discriminant 
0.102565,275,,2.9976141406550347,0.02169581263644124,1.0,,,,False,1,No solution exists for discriminant 
0.102565,300,,2.9976141406550347,0.02169581263644124,1.0,,,,False,1,No solution exists for discriminant 
0.102565,325,,2.9976141406550347,0.02169581263644124,1.0,,,,False,1,No solution exists for discriminant 
0.102565,350,,2.9976141406550347,0.02169581263644124,1.0,,,,False,1,No solution exists for discriminant 
0.102565,375,,2.9976141406550347,0.02169581263644124,1.0,,,,False,1,No solution exists for discriminant 
0.102565,400,,2.9976141406550347,0.02169581263644124,1.0,,,,False,1,No solution exists for discriminant 
0.102565,425,,2.9976141406550347,0.02169581263644124,1.0,,,,False,1,No solution exists for discriminant 
0.102565,450,,2.9976141406550347,0.02169581263644124,1.0,,,,False,1,No solution exists for discriminant 
0.102565,475,,2.9976141406550347,0.02169581263644124,1.0,,,,False,1,No solution exists for discriminant 
0.102565,500,,2.9976141406550347,0.02169581263644124,1.0,,,,False,1,No solution exists for discriminant 
0.102565,525,,2.9976141406550347,0.02169581263644124,1.0,,,,False,1,No solution exists for discriminant 
0.102565,550,,2.9976141406550347,0.02169581263644124,1.0,,,,False,1,No solution exists for discriminant 
0.102565,575,,2.9976141406550347,0.02169581263644124,1.0,,,,False,1,No solution exists for discriminant 
0.102565,600,,2.9976141406550347,0.02169581263644124,1.0,,,,False,1,No solution exists for discriminant 
0.102565,625,,2.9976141406550347,0.02169581263644124,1.0,,,,False,1,No solution exists for discriminant 
0.102565,650,,2.9976141406550347,0.02169581263644124,1.0,,,,False,1,No solution exists for discriminant 
0.102565,675,,2.9976141406550347,0.02169581263644124,1.0,,,,False,1,No solution exists for discriminant 
0.102565,700,,2.9976141406550347,0.02169581263644124,1.0,,,,False,1,No solution exists for discriminant 
0.102565,725,,2.9976141406550347,0.02169581263644124,1.0,,,,False,1,No solution exists for discriminant 
0.102565,750,,2.9976141406550347,0.02169581263644124,1.0,,,,False,1,No solution exists for discriminant 
0.102565,775,,2.9976141406550347,0.02169581263644124,1.0,,,,False,1,No solution exists for discriminant 
0.102565,800,,2.9976141406550347,0.02169581263644124,1.0,,,,False,1,No solution exists for discriminant 
0.102565,825,,2.9976141406550347,0.02169581263644124,1.0,,,,False,1,No solution exists for discriminant 
0.102565,850,,2.9976141406550347,0.02169581263644124,1.0,,,,False,1,No solution exists for discriminant 
0.102565,875,,2.9976141406550347,0.02169581263644124,1.0,,,,False,1,No solution exists for discriminant 
0.102565,900,,2.9976141406550347,0.02169581263644124,1.0,,,,False,1,No solution exists for discriminant 
0.102565,925,,2.9976141406550347,0.02169581263644124,1.0,,,,False,1,No solution exists for discriminant 
0.102565,950,,2.9976141406550347,0.02169581263644124,1.0,,,,False,1,No solution exists for discriminant 
0.102565,975,,2.9976141406550347,0.02169581263644124,1.0,,,,False,1,No solution exists for discriminant 
0.102565,1000,,2.9976141406550347,0.02169581263644124,1.0,,,,False,1,No solution exists for discriminant 
0.102565,1025,,2.9976141406550347,0.02169581263644124,1.0,,,,False,1,No solution exists for discriminant 
0.102565,1050,,2.9976141406550347,0.02169581263644124,1.0,,,,False,1,No solution exists for discriminant 
0.102565,1075,,2.9976141406550347,0.02169581263644124,1.0,,,,False,1,No solution exists for discriminant 
0.102565,1100,,2.9976141406550347,0.02169581263644124,1.0,,,,False,1,No solution exists for discriminant 
0.102565,1125,,2.9976141406550347,0.02169581263644124,1.0,,,,False,1,No solution exists for discriminant 
0.102565,1150,,2.9976141406550347,0.02169581263644124,1.0,,,,False,1,No solution exists for discriminant 
0.102565,1175,,2.9976141406550347,0.02169581263644124,1.0,,,,False,1,No solution exists for discriminant 
0.102565,1200,,2.9976141406550347,0.02169581263644124,1.0,,,,False,1,No solution exists for discriminant 
0.102565,1225,,2.9976141406550347,0.02169581263644124,1.0,,,,False,1,No solution exists for discriminant 
0.102565,1250,,2.9976141406550347,0.02169581263644124,1.0,,,,False,1,No solution exists for discriminant 
0.102565,1275,,2.9976141406550347,0.02169581263644124,1.0,,,,False,1,No solution exists for discriminant 
0.102565,1300,,2.9976141406550347,0.02169581263644124,1.0,,,,False,1,No solution exists for discriminant 
0.102565,1325,,2.9976141406550347,0.02169581263644124,1.0,,,,False,1,No solution exists for discriminant 
0.102565,1350,,2.9976141406550347,0.02169581263644124,1.0,,,,False,1,No solution exists for discriminant 
0.102565,1375,,2.9976141406550347,0.02169581263644124,1.0,,,,False,1,No solution exists for discriminant 
0.102565,1400,,2.9976141406550347,0.02169581263644124,1.0,,,,False,1,No solution exists for discriminant 
0.102565,1425,,2.9976141406550347,0.02169581263644124,1.0,,,,False,1,No solution exists for discriminant 
0.102565,1450,,2.9976141406550347,0.02169581263644124,1.0,,,,False,1,No solution exists for discriminant 
0.102565,1475,,2.9976141406550347,0.02169581263644124,1.0,,,,False,1,No solution exists for discriminant 
0.102565,1500,,2.9976141406550347,0.02169581263644124,1.0,,,,False,1,No solution exists for discriminant 
0.102565,1525,,2.9976141406550347,0.02169581263644124,1.0,,,,False,1,No solution exists for discriminant 
0.12820600000000001,-100,-25.925925925925927,3.0332849837053715,0.020427100124887774,4.830101408836227,3.562876468424684,-92.37087140360292,-7.629128596397081,True,2,
0.12820600000000001,-75,-21.587377407306754,3.0332849837053715,0.020427100124887777,3.754326505618566,3.4742525034381666,-75.00000000000001,1.4210854715202004e-14,True,2,
0.12820600000000001,-50,-14.9738388094678,3.0332849837053715,0.020427100124887774,2.6041458799074433,3.3391570883203006,-50.000000000000014,1.4210854715202004e-14,True,2,
0.12820600000000001,-25,-7.82910995432954,3.0332849837053715,0.020427100124887777,1.3615843398833982,3.1932109966312163,-25.000000000000007,7.105427357601002e-15,True,2,
0.12820600000000001,0,0.0,3.0332849837053715,0.020427100124887774,0.0,3.0332849837053715,0.0,0.0,True,1,
0.12820600000000001,25,8.75848629416295,3.0332849837053715,0.02042710012488777,1.5232150076805129,2.8543745072320474,25.00000000000001,-1.0658141036401503e-14,True,2,
0.12820600000000001,50,18.88570739757721,3.0332849837053715,0.020427100124887774,3.2844708517525585,2.647504747765728,50.0,0.0,True,2,
0.12820600000000001,75,31.340146313215755,3.0332849837053715,0.020427100124887777,5.4504602283853485,2.393096677036681,75.0,0.0,True,2,
0.12820600000000001,100,49.40512310702702,3.0332849837053715,0.020427100124887774,8.59219532296122,2.024081587315724,100.0,0.0,True,2,
0.12820600000000001,125,,3.0332849837053715,0.02042710012488777,1.0,,,,False,1,No solution exists for discriminant 
0.12820600000000001,150,,3.0332849837053715,0.02042710012488777,1.0,,,,False,1,No solution exists for discriminant 
0.12820600000000001,175,,3.0332849837053715,0.02042710012488777,1.0,,,,False,1,No solution exists for discriminant 
0.12820600000000001,200,,3.0332849837053715,0.02042710012488777,1.0,,,,False,1,No solution exists for discriminant 
0.12820600000000001,225,,3.0332849837053715,0.02042710012488777,1.0,,,,False,1,No solution exists for discriminant 
0.12820600000000001,250,,3.0332849837053715,0.02042710012488777,1.0,,,,False,1,No solution exists for discriminant 
0.12820600000000001,275,,3.0332849837053715,0.02042710012488777,1.0,,,,False,1,No solution exists for discriminant 
0.12820600000000001,300,,3.0332849837053715,0.02042710012488777,1.0,,,,False,1,No solution exists for discriminant 
0.12820600000000001,325,,3.0332849837053715,0.02042710012488777,1.0,,,,False,1,No solution exists for discriminant 
0.12820600000000001,350,,3.0332849837053715,0.02042710012488777,1.0,,,,False,1,No solution exists for discriminant 
0.12820600000000001,375,,3.0332849837053715,0.02042710012488777,1.0,,,,False,1,No solution exists for discriminant 
0.12820600000000001,400,,3.0332849837053715,0.02042710012488777,1.0,,,,False,1,No solution exists for discriminant 
0.12820600000000001,425,,3.0332849837053715,0.02042710012488777,1.0,,,,False,1,No solution exists for discriminant 
0.12820600000000001,450,,3.0332849837053715,0.02042710012488777,1.0,,,,False,1,No solution exists for discriminant 
0.12820600000000001,475,,3.0332849837053715,0.02042710012488777,1.0,,,,False,1,No solution exists for discriminant 
0.12820600000000001,500,,3.0332849837053715,0.02042710012488777,1.0,,,,False,1,No solution exists for discriminant 
0.12820600000000001,525,,3.0332849837053715,0.02042710012488777,1.0,,,,False,1,No solution exists for discriminant 
0.12820600000000001,550,,3.0332849837053715,0.02042710012488777,1.0,,,,False,1,No solution exists for discriminant 
0.12820600000000001,575,,3.0332849837053715,0.02042710012488777,1.0,,,,False,1,No solution exists for discriminant 
0.12820600000000001,600,,3.0332849837053715,0.02042710012488777,1.0,,,,False,1,No solution exists for discriminant 
0.12820600000000001,625,,3.0332849837053715,0.02042710012488777,1.0,,,,False,1,No solution exists for discriminant 
0.12820600000000001,650,,3.0332849837053715,0.02042710012488777,1.0,,,,False,1,No solution exists for discriminant 
0.12820600000000001,675,,3.0332849837053715,0.02042710012488777,1.0,,,,False,1,No solution exists for discriminant 
0.12820600000000001,700,,3.0332849837053715,0.02042710012488777,1.0,,,,False,1,No solution exists for discriminant 
0.12820600000000001,725,,3.0332849837053715,0.02042710012488777,1.0,,,,False,1,No solution exists for discriminant 
0.12820600000000001,750,,3.0332849837053715,0.02042710012488777,1.0,,,,False,1,No solution exists for discriminant 
0.12820600000000001,775,,3.0332849837053715,0.02042710012488777,1.0,,,,False,1,No solution exists for discriminant 
0.12820600000000001,800,,3.0332849837053715,0.02042710012488777,1.0,,,,False,1,No solution exists for discriminant 
0.12820600000000001,825,,3.0332849837053715,0.02042710012488777,1.0,,,,False,1,No solution exists for discriminant 
0.12820600000000001,850,,3.0332849837053715,0.02042710012488777,1.0,,,,False,1,No solution exists for discriminant 
0.12820600000000001,875,,3.0332849837053715,0.02042710012488777,1.0,,,,False,1,No solution exists for discriminant 
0.12820600000000001,900,,3.0332849837053715,0.02042710012488777,1.0,,,,False,1,No solution exists for discriminant 
0.12820600000000001,925,,3.0332849837053715,0.02042710012488777,1.0,,,,False,1,No solution exists for discriminant 
0.12820600000000001,950,,3.0332849837053715,0.02042710012488777,1.0,,,,False,1,No solution exists for discriminant 
0.12820600000000001,975,,3.0332849837053715,0.02042710012488777,1.0,,,,False,1,No solution exists for discriminant 
0.12820600000000001,1000,,3.0332849837053715,0.02042710012488777,1.0,,,,False,1,No solution exists for discriminant 
0.12820600000000001,1025,,3.0332849837053715,0.02042710012488777,1.0,,,,False,1,No solution exists for discriminant 
0.12820600000000001,1050,,3.0332849837053715,0.02042710012488777,1.0,,,,False,1,No solution exists for discriminant 
0.12820600000000001,1075,,3.0332849837053715,0.02042710012488777,1.0,,,,False,1,No solution exists for discriminant 
0.12820600000000001,1100,,3.0332849837053715,0.02042710012488777,1.0,,,,False,1,No solution exists for discriminant 
0.12820600000000001,1125,,3.0332849837053715,0.02042710012488777,1.0,,,,False,1,No solution exists for discriminant 
0.12820600000000001,1150,,3.0332849837053715,0.02042710012488777,1.0,,,,False,1,No solution exists for discriminant 
0.12820600000000001,1175,,3.0332849837053715,0.02042710012488777,1.0,,,,False,1,No solution exists for discriminant 
0.12820600000000001,1200,,3.0332849837053715,0.02042710012488777,1.0,,,,False,1,No solution exists for discriminant 
0.12820600000000001,1225,,3.0332849837053715,0.02042710012488777,1.0,,,,False,1,No solution exists for discriminant 
0.12820600000000001,1250,,3.0332849837053715,0.02042710012488777,1.0,,,,False,1,No solution exists for discriminant 
0.12820600000000001,1275,,3.0332849837053715,0.02042710012488777,1.0,,,,False,1,No solution exists for discriminant 
0.12820600000000001,1300,,3.0332849837053715,0.02042710012488777,1.0,,,,False,1,No solution exists for discriminant 
0.12820600000000001,1325,,3.0332849837053715,0.02042710012488777,1.0,,,,False,1,No solution exists for discriminant 
0.12820600000000001,1350,,3.0332849837053715,0.02042710012488777,1.0,,,,False,1,No solution exists for discriminant 
0.12820600000000001,1375,,3.0332849837053715,0.02042710012488777,1.0,,,,False,1,No solution exists for discriminant 
0.12820600000000001,1400,,3.0332849837053715,0.02042710012488777,1.0,,,,False,1,No solution exists for discriminant 
0.12820600000000001,1425,,3.0332849837053715,0.02042710012488777,1.0,,,,False,1,No solution exists for discriminant 
0.12820600000000001,1450,,3.0332849837053715,0.02042710012488777,1.0,,,,False,1,No solution exists for discriminant 
0.12820600000000001,1475,,3.0332849837053715,0.02042710012488777,1.0,,,,False,1,No solution exists for discriminant 
0.12820600000000001,1500,,3.0332849837053715,0.02042710012488777,1.0,,,,False,1,No solution exists for discriminant 
0.12820600000000001,1525,,3.0332849837053715,0.02042710012488777,1.0,,,,False,1,No solution exists for discriminant 
0.153847,-100,-25.925925925925927,3.070382373487227,0.019527522399604137,4.816014744423,3.576651472736223,-92.7280011450132,-7.271998854986805,True,2,
0.153847,-75,-21.489815955498425,3.070382373487227,0.019527522399604143,3.737359296608422,3.4900252359215926,-75.0,0.0,True,2,
0.153847,-50,-14.876997265569178,3.070382373487227,0.01952752239960414,2.5873038722729005,3.3608932708294788,-50.00000000000001,7.105427357601002e-15,True,2,
0.153847,-25,-7.759387049239956,3.070382373487227,0.01952752239960414,1.3494586172591228,3.2219039778984584,-24.999999999999996,-3.552713678800501e-15,True,2,
0.153847,0,0.0,3.070382373487227,0.019527522399604137,0.0,3.070382373487227,0.0,0.0,True,1,
0.153847,25,8.614251593630529,3.070382373487227,0.019527522399604137,1.498130711935744,2.9021673825367813,25.00000000000001,-1.0658141036401503e-14,True,2,
0.153847,50,18.449430874404857,3.070382373487227,0.01952752239960414,3.2085966738095406,2.7101106988273376,50.00000000000001,-7.105427357601002e-15,True,2,
0.153847,75,30.24461993484735,3.070382373487227,0.01952752239960414,5.259933901712583,2.4797798802419813,75.0,0.0,True,2,
0.153847,100,46.06494529324742,3.070382373487227,0.019527522399604137,8.011294833608247,2.170848122436799,100.00000000000001,-1.4210854715202004e-14,True,2,
0.153847,125,,3.070382373487227,0.019527522399604137,1.0,,,,False,1,No solution exists for discriminant 
0.153847,150,,3.070382373487227,0.019527522399604137,1.0,,,,False,1,No solution exists for discriminant 
0.153847,175,,3.070382373487227,0.019527522399604137,1.0,,,,False,1,No solution exists for discriminant 
0.153847,200,,3.070382373487227,0.019527522399604137,1.0,,,,False,1,No solution exists for discriminant 
0.153847,225,,3.070382373487227,0.019527522399604137,1.0,,,,False,1,No solution exists for discriminant 
0.153847,250,,3.070382373487227,0.019527522399604137,1.0,,,,False,1,No solution exists for discriminant 
0.153847,275,,3.070382373487227,0.019527522399604137,1.0,,,,False,1,No solution exists for discriminant 
0.153847,300,,3.070382373487227,0.019527522399604137,1.0,,,,False,1,No solution exists for discriminant 
0.153847,325,,3.070382373487227,0.019527522399604137,1.0,,,,False,1,No solution exists for discriminant 
0.153847,350,,3.070382373487227,0.019527522399604137,1.0,,,,False,1,No solution exists for discriminant 
0.153847,375,,3.070382373487227,0.019527522399604137,1.0,,,,False,1,No solution exists for discriminant 
0.153847,400,,3.070382373487227,0.019527522399604137,1.0,,,,False,1,No solution exists for discriminant 
0.153847,425,,3.070382373487227,0.019527522399604137,1.0,,,,False,1,No solution exists for discriminant 
0.153847,450,,3.070382373487227,0.019527522399604137,1.0,,,,False,1,No solution exists for discriminant 
0.153847,475,,3.070382373487227,0.019527522399604137,1.0,,,,False,1,No solution exists for discriminant 
0.153847,500,,3.070382373487227,0.019527522399604137,1.0,,,,False,1,No solution exists for discriminant 
0.153847,525,,3.070382373487227,0.019527522399604137,1.0,,,,False,1,No solution exists for discriminant 
0.153847,550,,3.070382373487227,0.019527522399604137,1.0,,,,False,1,No solution exists for discriminant 
0.153847,575,,3.070382373487227,0.019527522399604137,1.0,,,,False,1,No solution exists for discriminant 
0.153847,600,,3.070382373487227,0.019527522399604137,1.0,,,,False,1,No solution exists for discriminant 
0.153847,625,,3.070382373487227,0.019527522399604137,1.0,,,,False,1,No solution exists for discriminant 
0.153847,650,,3.070382373487227,0.019527522399604137,1.0,,,,False,1,No solution exists for discriminant 
0.153847,675,,3.070382373487227,0.019527522399604137,1.0,,,,False,1,No solution exists for discriminant 
0.153847,700,,3.070382373487227,0.019527522399604137,1.0,,,,False,1,No solution exists for discriminant 
0.153847,725,,3.070382373487227,0.019527522399604137,1.0,,,,False,1,No solution exists for discriminant 
0.153847,750,,3.070382373487227,0.019527522399604137,1.0,,,,False,1,No solution exists for discriminant 
0.153847,775,,3.070382373487227,0.019527522399604137,1.0,,,,False,1,No solution exists for discriminant 
0.153847,800,,3.070382373487227,0.019527522399604137,1.0,,,,False,1,No solution exists for discriminant 
0.153847,825,,3.070382373487227,0.019527522399604137,1.0,,,,False,1,No solution exists for discriminant 
0.153847,850,,3.070382373487227,0.019527522399604137,1.0,,,,False,1,No solution exists for discriminant 
0.153847,875,,3.070382373487227,0.019527522399604137,1.0,,,,False,1,No solution exists for discriminant 
0.153847,900,,3.070382373487227,0.019527522399604137,1.0,,,,False,1,No solution exists for discriminant 
0.153847,925,,3.070382373487227,0.019527522399604137,1.0,,,,False,1,No solution exists for discriminant 
0.153847,950,,3.070382373487227,0.019527522399604137,1.0,,,,False,1,No solution exists for discriminant 
0.153847,975,,3.070382373487227,0.019527522399604137,1.0,,,,False,1,No solution exists for discriminant 
0.153847,1000,,3.070382373487227,0.019527522399604137,1.0,,,,False,1,No solution exists for discriminant 
0.153847,1025,,3.070382373487227,0.019527522399604137,1.0,,,,False,1,No solution exists for discriminant 
0.153847,1050,,3.070382373487227,0.019527522399604137,1.0,,,,False,1,No solution exists for discriminant 
0.153847,1075,,3.070382373487227,0.019527522399604137,1.0,,,,False,1,No solution exists for discriminant 
0.153847,1100,,3.070382373487227,0.019527522399604137,1.0,,,,False,1,No solution exists for discriminant 
0.153847,1125,,3.070382373487227,0.019527522399604137,1.0,,,,False,1,No solution exists for discriminant 
0.153847,1150,,3.070382373487227,0.019527522399604137,1.0,,,,False,1,No solution exists for discriminant 
0.153847,1175,,3.070382373487227,0.019527522399604137,1.0,,,,False,1,No solution exists for discriminant 
0.153847,1200,,3.070382373487227,0.019527522399604137,1.0,,,,False,1,No solution exists for discriminant 
0.153847,1225,,3.070382373487227,0.019527522399604137,1.0,,,,False,1,No solution exists for discriminant 
0.153847,1250,,3.070382373487227,0.019527522399604137,1.0,,,,False,1,No solution exists for discriminant 
0.153847,1275,,3.070382373487227,0.019527522399604137,1.0,,,,False,1,No solution exists for discriminant 
0.153847,1300,,3.070382373487227,0.019527522399604137,1.0,,,,False,1,No solution exists for discriminant 
0.153847,1325,,3.070382373487227,0.019527522399604137,1.0,,,,False,1,No solution exists for discriminant 
0.153847,1350,,3.070382373487227,0.019527522399604137,1.0,,,,False,1,No solution exists for discriminant 
0.153847,1375,,3.070382373487227,0.019527522399604137,1.0,,,,False,1,No solution exists for discriminant 
0.153847,1400,,3.070382373487227,0.019527522399604137,1.0,,,,False,1,No solution exists for discriminant 
0.153847,1425,,3.070382373487227,0.019527522399604137,1.0,,,,False,1,No solution exists for discriminant 
0.153847,1450,,3.070382373487227,0.019527522399604137,1.0,,,,False,1,No solution exists for discriminant 
0.153847,1475,,3.070382373487227,0.019527522399604137,1.0,,,,False,1,No solution exists for discriminant 
0.153847,1500,,3.070382373487227,0.019527522399604137,1.0,,,,False,1,No solution exists for discriminant 
0.153847,1525,,3.070382373487227,0.019527522399604137,1.0,,,,False,1,No solution exists for discriminant 
0.179488,-100,-25.925925925925927,3.1178956294524225,0.01886381291561044,4.78227854859512,3.6069574457830633,-93.51371155733868,-6.486288442661319,True,2,
0.179488,-75,-21.30777730872712,3.1178956294524225,0.018863812915610435,3.7057004015177597,3.51984155425174,-75.00000000000001,1.4210854715202004e-14,True,2,
0.179488,-50,-14.724681178259514,3.1178956294524225,0.018863812915610435,2.5608141179581763,3.3956592604411204,-49.999999999999986,-1.4210854715202004e-14,True,2,
0.179488,-25,-7.662956882843714,3.1178956294524225,0.018863812915610432,1.3326881535380373,3.2624482144707754,-25.000000000000014,1.4210854715202004e-14,True,2,
0.179488,0,0.0,3.1178956294524225,0.01886381291561043,0.0,3.1178956294524225,0.0,0.0,True,1,
0.179488,25,8.45025198625969,3.1178956294524225,0.01886381291561044,1.4696090410886418,2.9584916568938544,25.000000000000018,-1.7763568394002505e-14,True,2,
0.179488,50,17.995798909534916,3.1178956294524225,0.018863812915610435,3.1297041581799854,2.77842624555601,50.00000000000003,-2.842170943040401e-14,True,2,
0.179488,75,29.220581315011316,3.1178956294524225,0.018863812915610432,5.0818402286976205,2.566684050240667,75.0,0.0,True,2,
0.179488,100,43.545118526533834,3.1178956294524225,0.018863812915610435,7.573064091571101,2.2964686601798063,100.00000000000001,-1.4210854715202004e-14,True,2,
0.179488,125,68.38404005252329,3.1178956294524225,0.0188638129156104,11.892876530873616,1.8279118914880148,125.00000000000001,-1.4210854715202004e-14,True,2,
0.179488,150,,3.1178956294524225,0.01886381291561044,1.0,,,,False,1,No solution exists for discriminant 
0.179488,175,,3.1178956294524225,0.01886381291561044,1.0,,,,False,1,No solution exists for discriminant 
0.179488,200,,3.1178956294524225,0.01886381291561044,1.0,,,,False,1,No solution exists for discriminant 
0.179488,225,,3.1178956294524225,0.01886381291561044,1.0,,,,False,1,No solution exists for discriminant 
0.179488,250,,3.1178956294524225,0.01886381291561044,1.0,,,,False,1,No solution exists for discriminant 
0.179488,275,,3.1178956294524225,0.01886381291561044,1.0,,,,False,1,No solution exists for discriminant 
0.179488,300,,3.1178956294524225,0.01886381291561044,1.0,,,,False,1,No solution exists for discriminant 
0.179488,325,,3.1178956294524225,0.01886381291561044,1.0,,,,False,1,No solution exists for discriminant 
0.179488,350,,3.1178956294524225,0.01886381291561044,1.0,,,,False,1,No solution exists for discriminant 
0.179488,375,,3.1178956294524225,0.01886381291561044,1.0,,,,False,1,No solution exists for discriminant 
0.179488,400,,3.1178956294524225,0.01886381291561044,1.0,,,,False,1,No solution exists for discriminant 
0.179488,425,,3.1178956294524225,0.01886381291561044,1.0,,,,False,1,No solution exists for discriminant 
0.179488,450,,3.1178956294524225,0.01886381291561044,1.0,,,,False,1,No solution exists for discriminant 
0.179488,475,,3.1178956294524225,0.01886381291561044,1.0,,,,False,1,No solution exists for discriminant 
0.179488,500,,3.1178956294524225,0.01886381291561044,1.0,,,,False,1,No solution exists for discriminant 
0.179488,525,,3.1178956294524225,0.01886381291561044,1.0,,,,False,1,No solution exists for discriminant 
0.179488,550,,3.1178956294524225,0.01886381291561044,1.0,,,,False,1,No solution exists for discriminant 
0.179488,575,,3.1178956294524225,0.01886381291561044,1.0,,,,False,1,No solution exists for discriminant 
0.179488,600,,3.1178956294524225,0.01886381291561044,1.0,,,,False,1,No solution exists for discriminant 
0.179488,625,,3.1178956294524225,0.01886381291561044,1.0,,,,False,1,No solution exists for discriminant 
0.179488,650,,3.1178956294524225,0.01886381291561044,1.0,,,,False,1,No solution exists for discriminant 
0.179488,675,,3.1178956294524225,0.01886381291561044,1.0,,,,False,1,No solution exists for discriminant 
0.179488,700,,3.1178956294524225,0.01886381291561044,1.0,,,,False,1,No solution exists for discriminant 
0.179488,725,,3.1178956294524225,0.01886381291561044,1.0,,,,False,1,No solution exists for discriminant 
0.179488,750,,3.1178956294524225,0.01886381291561044,1.0,,,,False,1,No solution exists for discriminant 
0.179488,775,,3.1178956294524225,0.01886381291561044,1.0,,,,False,1,No solution exists for discriminant 
0.179488,800,,3.1178956294524225,0.01886381291561044,1.0,,,,False,1,No solution exists for discriminant 
0.179488,825,,3.1178956294524225,0.01886381291561044,1.0,,,,False,1,No solution exists for discriminant 
0.179488,850,,3.1178956294524225,0.01886381291561044,1.0,,,,False,1,No solution exists for discriminant 
0.179488,875,,3.1178956294524225,0.01886381291561044,1.0,,,,False,1,No solution exists for discriminant 
0.179488,900,,3.1178956294524225,0.01886381291561044,1.0,,,,False,1,No solution exists for discriminant 
0.179488,925,,3.1178956294524225,0.01886381291561044,1.0,,,,False,1,No solution exists for discriminant 
0.179488,950,,3.1178956294524225,0.01886381291561044,1.0,,,,False,1,No solution exists for discriminant 
0.179488,975,,3.1178956294524225,0.01886381291561044,1.0,,,,False,1,No solution exists for discriminant 
0.179488,1000,,3.1178956294524225,0.01886381291561044,1.0,,,,False,1,No solution exists for discriminant 
0.179488,1025,,3.1178956294524225,0.01886381291561044,1.0,,,,False,1,No solution exists for discriminant 
0.179488,1050,,3.1178956294524225,0.01886381291561044,1.0,,,,False,1,No solution exists for discriminant 
0.179488,1075,,3.1178956294524225,0.01886381291561044,1.0,,,,False,1,No solution exists for discriminant 
0.179488,1100,,3.1178956294524225,0.01886381291561044,1.0,,,,False,1,No solution exists for discriminant 
0.179488,1125,,3.1178956294524225,0.01886381291561044,1.0,,,,False,1,No solution exists for discriminant 
0.179488,1150,,3.1178956294524225,0.01886381291561044,1.0,,,,False,1,No solution exists for discriminant 
0.179488,1175,,3.1178956294524225,0.01886381291561044,1.0,,,,False,1,No solution exists for discriminant 
0.179488,1200,,3.1178956294524225,0.01886381291561044,1.0,,,,False,1,No solution exists for discriminant 
0.179488,1225,,3.1178956294524225,0.01886381291561044,1.0,,,,False,1,No solution exists for discriminant 
0.179488,1250,,3.1178956294524225,0.01886381291561044,1.0,,,,False,1,No solution exists for discriminant 
0.179488,1275,,3.1178956294524225,0.01886381291561044,1.0,,,,False,1,No solution exists for discriminant 
0.179488,1300,,3.1178956294524225,0.01886381291561044,1.0,,,,False,1,No solution exists for discriminant 
0.179488,1325,,3.1178956294524225,0.01886381291561044,1.0,,,,False,1,No solution exists for discriminant 
0.179488,1350,,3.1178956294524225,0.01886381291561044,1.0,,,,False,1,No solution exists for discriminant 
0.179488,1375,,3.1178956294524225,0.01886381291561044,1.0,,,,False,1,No solution exists for discriminant 
0.179488,1400,,3.1178956294524225,0.01886381291561044,1.0,,,,False,1,No solution exists for discriminant 
0.179488,1425,,3.1178956294524225,0.01886381291561044,1.0,,,,False,1,No solution exists for discriminant 
0.179488,1450,,3.1178956294524225,0.01886381291561044,1.0,,,,False,1,No solution exists for discriminant 
0.179488,1475,,3.1178956294524225,0.01886381291561044,1.0,,,,False,1,No solution exists for discriminant 
0.179488,1500,,3.1178956294524225,0.01886381291561044,1.0,,,,False,1,No solution exists for discriminant 
0.179488,1525,,3.1178956294524225,0.01886381291561044,1.0,,,,False,1,No solution exists for discriminant 
0.205129,-100,-25.925925925925927,3.164070861108049,0.018329611395754647,4.746155287908153,3.6392830084053918,-94.35178169939906,-5.648218300600945,True,2,
0.205129,-75,-21.11970027739762,3.164070861108049,0.01832961139575464,3.6729913525908904,3.5511867599875586,-75.0,0.0,True,2,
0.205129,-50,-14.572268061989067,3.164070861108049,0.018329611395754647,2.534307489041577,3.431174871839075,-49.999999999999986,-1.4210854715202004e-14,True,2,
0.205129,-25,-7.569304687177601,3.164070861108049,0.01832961139575465,1.3164008151613218,3.3028132745600787,-25.000000000000004,3.552713678800501e-15,True,2,
0.205129,0,0.0,3.164070861108049,0.018329611395754643,0.0,3.164070861108049,0.0,0.0,True,1,
0.205129,25,8.300328269129944,3.164070861108049,0.01832961139575465,1.4435353511530338,3.0119290694777003,25.000000000000004,-3.552713678800501e-15,True,2,
0.205129,50,17.59608298402055,3.164070861108049,0.01832961139575464,3.0601883450470524,2.841541497923502,50.0,0.0,True,2,
0.205129,75,28.364361927424184,3.164070861108049,0.018329611395754643,4.93293250911725,2.644163129489826,75.0,0.0,True,2,
0.205129,100,41.65808638089592,3.164070861108049,0.018329611395754647,7.244884587981899,2.4004943262554477,99.99999999999999,1.4210854715202004e-14,True,2,
0.205129,125,61.21230359138632,3.164070861108049,0.018329611395754623,10.645618015893273,2.042073123638983,125.0,0.0,True,2,
0.205129,150,,3.164070861108049,0.018329611395754637,1.0,,,,False,1,No solution exists for discriminant 
0.205129,175,,3.164070861108049,0.018329611395754637,1.0,,,,False,1,No solution exists for discriminant 
0.205129,200,,3.164070861108049,0.018329611395754637,1.0,,,,False,1,No solution exists for discriminant 
0.205129,225,,3.164070861108049,0.018329611395754637,1.0,,,,False,1,No solution exists for discriminant 
0.205129,250,,3.164070861108049,0.018329611395754637,1.0,,,,False,1,No solution exists for discriminant 
0.205129,275,,3.164070861108049,0.018329611395754637,1.0,,,,False,1,No solution exists for discriminant 
0.205129,300,,3.164070861108049,0.018329611395754637,1.0,,,,False,1,No solution exists for discriminant 
0.205129,325,,3.164070861108049,0.018329611395754637,1.0,,,,False,1,No solution exists for discriminant 
0.205129,350,,3.164070861108049,0.018329611395754637,1.0,,,,False,1,No solution exists for discriminant 
0.205129,375,,3.164070861108049,0.018329611395754637,1.0,,,,False,1,No solution exists for discriminant 
0.205129,400,,3.164070861108049,0.018329611395754637,1.0,,,,False,1,No solution exists for discriminant 
0.205129,425,,3.164070861108049,0.018329611395754637,1.0,,,,False,1,No solution exists for discriminant 
0.205129,450,,3.164070861108049,0.018329611395754637,1.0,,,,False,1,No solution exists for discriminant 
0.205129,475,,3.164070861108049,0.018329611395754637,1.0,,,,False,1,No solution exists for discriminant 
0.205129,500,,3.164070861108049,0.018329611395754637,1.0,,,,False,1,No solution exists for discriminant 
0.205129,525,,3.164070861108049,0.018329611395754637,1.0,,,,False,1,No solution exists for discriminant 
0.205129,550,,3.164070861108049,0.018329611395754637,1.0,,,,False,1,No solution exists for discriminant 
0.205129,575,,3.164070861108049,0.018329611395754637,1.0,,,,False,1,No solution exists for discriminant 
0.205129,600,,3.164070861108049,0.018329611395754637,1.0,,,,False,1,No solution exists for discriminant 
0.205129,625,,3.164070861108049,0.018329611395754637,1.0,,,,False,1,No solution exists for discriminant 
0.205129,650,,3.164070861108049,0.018329611395754637,1.0,,,,False,1,No solution exists for discriminant 
0.205129,675,,3.164070861108049,0.018329611395754637,1.0,,,,False,1,No solution exists for discriminant 
0.205129,700,,3.164070861108049,0.018329611395754637,1.0,,,,False,1,No solution exists for discriminant 
0.205129,725,,3.164070861108049,0.018329611395754637,1.0,,,,False,1,No solution exists for discriminant 
0.205129,750,,3.164070861108049,0.018329611395754637,1.0,,,,False,1,No solution exists for discriminant 
0.205129,775,,3.164070861108049,0.018329611395754637,1.0,,,,False,1,No solution exists for discriminant 
0.205129,800,,3.164070861108049,0.018329611395754637,1.0,,,,False,1,No solution exists for discriminant 
0.205129,825,,3.164070861108049,0.018329611395754637,1.0,,,,False,1,No solution exists for discriminant 
0.205129,850,,3.164070861108049,0.018329611395754637,1.0,,,,False,1,No solution exists for discriminant 
0.205129,875,,3.164070861108049,0.018329611395754637,1.0,,,,False,1,No solution exists for discriminant 
0.205129,900,,3.164070861108049,0.018329611395754637,1.0,,,,False,1,No solution exists for discriminant 
0.205129,925,,3.164070861108049,0.018329611395754637,1.0,,,,False,1,No solution exists for discriminant 
0.205129,950,,3.164070861108049,0.018329611395754637,1.0,,,,False,1,No solution exists for discriminant 
0.205129,975,,3.164070861108049,0.018329611395754637,1.0,,,,False,1,No solution exists for discriminant 
0.205129,1000,,3.164070861108049,0.018329611395754637,1.0,,,,False,1,No solution exists for discriminant 
0.205129,1025,,3.164070861108049,0.018329611395754637,1.0,,,,False,1,No solution exists for discriminant 
0.205129,1050,,3.164070861108049,0.018329611395754637,1.0,,,,False,1,No solution exists for discriminant 
0.205129,1075,,3.164070861108049,0.018329611395754637,1.0,,,,False,1,No solution exists for discriminant 
0.205129,1100,,3.164070861108049,0.018329611395754637,1.0,,,,False,1,No solution exists for discriminant 
0.205129,1125,,3.164070861108049,0.018329611395754637,1.0,,,,False,1,No solution exists for discriminant 
0.205129,1150,,3.164070861108049,0.018329611395754637,1.0,,,,False,1,No solution exists for discriminant 
0.205129,1175,,3.164070861108049,0.018329611395754637,1.0,,,,False,1,No solution exists for discriminant 
0.205129,1200,,3.164070861108049,0.018329611395754637,1.0,,,,False,1,No solution exists for discriminant 
0.205129,1225,,3.164070861108049,0.018329611395754637,1.0,,,,False,1,No solution exists for discriminant 
0.205129,1250,,3.164070861108049,0.018329611395754637,1.0,,,,False,1,No solution exists for discriminant 
0.205129,1275,,3.164070861108049,0.018329611395754637,1.0,,,,False,1,No solution exists for discriminant 
0.205129,1300,,3.164070861108049,0.018329611395754637,1.0,,,,False,1,No solution exists for discriminant 
0.205129,1325,,3.164070861108049,0.018329611395754637,1.0,,,,False,1,No solution exists for discriminant 
0.205129,1350,,3.164070861108049,0.018329611395754637,1.0,,,,False,1,No solution exists for discriminant 
0.205129,1375,,3.164070861108049,0.018329611395754637,1.0,,,,False,1,No solution exists for discriminant 
0.205129,1400,,3.164070861108049,0.018329611395754637,1.0,,,,False,1,No solution exists for discriminant 
0.205129,1425,,3.164070861108049,0.018329611395754637,1.0,,,,False,1,No solution exists for discriminant 
0.205129,1450,,3.164070861108049,0.018329611395754637,1.0,,,,False,1,No solution exists for discriminant 
0.205129,1475,,3.164070861108049,0.018329611395754637,1.0,,,,False,1,No solution exists for discriminant 
0.205129,1500,,3.164070861108049,0.018329611395754637,1.0,,,,False,1,No solution exists for discriminant 
0.205129,1525,,3.164070861108049,0.018329611395754637,1.0,,,,False,1,No solution exists for discriminant 
0.23077,-100,-25.925925925925927,3.2100869028199215,0.017812879746114868,4.709906459939548,3.6719023036451217,-95.1974671315402,-4.8025328684598065,True,2,
0.23077,-75,-20.932447998884168,3.2100869028199215,0.01781287974611487,3.640425738936377,3.5829540818158483,-75.00000000000001,1.4210854715202004e-14,True,2,
0.23077,-50,-14.42177257075409,3.2100869028199215,0.017812879746114865,2.508134360131146,3.466980203348582,-50.000000000000014,1.4210854715202004e-14,True,2,
0.23077,-25,-7.477673602986133,3.2100869028199215,0.01781287974611487,1.300464974432371,3.3432858034906108,-25.000000000000025,2.4868995751603507e-14,True,2,
0.23077,0,0.0,3.2100869028199215,0.017812879746114858,0.0,3.2100869028199215,0.0,0.0,True,1,
0.23077,25,8.157181696827745,3.2100869028199215,0.017812879746114865,1.4186402951004775,3.0647840061871197,24.999999999999982,1.7763568394002505e-14,True,2,
0.23077,50,17.22166690848289,3.2100869028199215,0.017812879746114868,2.9950725058231114,2.90331942115147,49.99999999999997,2.842170943040401e-14,True,2,
0.23077,75,27.586861883279287,3.2100869028199215,0.017812879746114868,4.797715110135528,2.718685449520388,75.0,0.0,True,2,
0.23077,100,40.05444325056721,3.2100869028199215,0.017812879746114868,6.965990130533428,2.4966019218999853,99.99999999999999,1.4210854715202004e-14,True,2,
0.23077,125,56.91455356807457,3.2100869028199215,0.01781287974611485,9.898183229230359,2.1962748043079974,125.0,0.0,True,2,
0.23077,150,,3.2100869028199215,0.01781287974611487,1.0,,,,False,1,No solution exists for discriminant 
0.23077,175,,3.2100869028199215,0.01781287974611487,1.0,,,,False,1,No solution exists for discriminant 
0.23077,200,,3.2100869028199215,0.01781287974611487,1.0,,,,False,1,No solution exists for discriminant 
0.23077,225,,3.2100869028199215,0.01781287974611487,1.0,,,,False,1,No solution exists for discriminant 
0.23077,250,,3.2100869028199215,0.01781287974611487,1.0,,,,False,1,No solution exists for discriminant 
0.23077,275,,3.2100869028199215,0.01781287974611487,1.0,,,,False,1,No solution exists for discriminant 
0.23077,300,,3.2100869028199215,0.01781287974611487,1.0,,,,False,1,No solution exists for discriminant 
0.23077,325,,3.2100869028199215,0.01781287974611487,1.0,,,,False,1,No solution exists for discriminant 
0.23077,350,,3.2100869028199215,0.01781287974611487,1.0,,,,False,1,No solution exists for discriminant 
0.23077,375,,3.2100869028199215,0.01781287974611487,1.0,,,,False,1,No solution exists for discriminant 
0.23077,400,,3.2100869028199215,0.01781287974611487,1.0,,,,False,1,No solution exists for discriminant 
0.23077,425,,3.2100869028199215,0.01781287974611487,1.0,,,,False,1,No solution exists for discriminant 
0.23077,450,,3.2100869028199215,0.01781287974611487,1.0,,,,False,1,No solution exists for discriminant 
0.23077,475,,3.2100869028199215,0.01781287974611487,1.0,,,,False,1,No solution exists for discriminant 
0.23077,500,,3.2100869028199215,0.01781287974611487,1.0,,,,False,1,No solution exists for discriminant 
0.23077,525,,3.2100869028199215,0.01781287974611487,1.0,,,,False,1,No solution exists for discriminant 
0.23077,550,,3.2100869028199215,0.01781287974611487,1.0,,,,False,1,No solution exists for discriminant 
0.23077,575,,3.2100869028199215,0.01781287974611487,1.0,,,,False,1,No solution exists for discriminant 
0.23077,600,,3.2100869028199215,0.01781287974611487,1.0,,,,False,1,No solution exists for discriminant 
0.23077,625,,3.2100869028199215,0.01781287974611487,1.0,,,,False,1,No solution exists for discriminant 
0.23077,650,,3.2100869028199215,0.01781287974611487,1.0,,,,False,1,No solution exists for discriminant 
0.23077,675,,3.2100869028199215,0.01781287974611487,1.0,,,,False,1,No solution exists for discriminant 
0.23077,700,,3.2100869028199215,0.01781287974611487,1.0,,,,False,1,No solution exists for discriminant 
0.23077,725,,3.2100869028199215,0.01781287974611487,1.0,,,,False,1,No solution exists for discriminant 
0.23077,750,,3.2100869028199215,0.01781287974611487,1.0,,,,False,1,No solution exists for discriminant 
0.23077,775,,3.2100869028199215,0.01781287974611487,1.0,,,,False,1,No solution exists for discriminant 
0.23077,800,,3.2100869028199215,0.01781287974611487,1.0,,,,False,1,No solution exists for discriminant 
0.23077,825,,3.2100869028199215,0.01781287974611487,1.0,,,,False,1,No solution exists for discriminant 
0.23077,850,,3.2100869028199215,0.01781287974611487,1.0,,,,False,1,No solution exists for discriminant 
0.23077,875,,3.2100869028199215,0.01781287974611487,1.0,,,,False,1,No solution exists for discriminant 
0.23077,900,,3.2100869028199215,0.01781287974611487,1.0,,,,False,1,No solution exists for discriminant 
0.23077,925,,3.2100869028199215,0.01781287974611487,1.0,,,,False,1,No solution exists for discriminant 
0.23077,950,,3.2100869028199215,0.01781287974611487,1.0,,,,False,1,No solution exists for discriminant 
0.23077,975,,3.2100869028199215,0.01781287974611487,1.0,,,,False,1,No solution exists for discriminant 
0.23077,1000,,3.2100869028199215,0.01781287974611487,1.0,,,,False,1,No solution exists for discriminant 
0.23077,1025,,3.2100869028199215,0.01781287974611487,1.0,,,,False,1,No solution exists for discriminant 
0.23077,1050,,3.2100869028199215,0.01781287974611487,1.0,,,,False,1,No solution exists for discriminant 
0.23077,1075,,3.2100869028199215,0.01781287974611487,1.0,,,,False,1,No solution exists for discriminant 
0.23077,1100,,3.2100869028199215,0.01781287974611487,1.0,,,,False,1,No solution exists for discriminant 
0.23077,1125,,3.2100869028199215,0.01781287974611487,1.0,,,,False,1,No solution exists for discriminant 
0.23077,1150,,3.2100869028199215,0.01781287974611487,1.0,,,,False,1,No solution exists for discriminant 
0.23077,1175,,3.2100869028199215,0.01781287974611487,1.0,,,,False,1,No solution exists for discriminant 
0.23077,1200,,3.2100869028199215,0.01781287974611487,1.0,,,,False,1,No solution exists for discriminant 
0.23077,1225,,3.2100869028199215,0.01781287974611487,1.0,,,,False,1,No solution exists for discriminant 
0.23077,1250,,3.2100869028199215,0.01781287974611487,1.0,,,,False,1,No solution exists for discriminant 
0.23077,1275,,3.2100869028199215,0.01781287974611487,1.0,,,,False,1,No solution exists for discriminant 
0.23077,1300,,3.2100869028199215,0.01781287974611487,1.0,,,,False,1,No solution exists for discriminant 
0.23077,1325,,3.2100869028199215,0.01781287974611487,1.0,,,,False,1,No solution exists for discriminant 
0.23077,1350,,3.2100869028199215,0.01781287974611487,1.0,,,,False,1,No solution exists for discriminant 
0.23077,1375,,3.2100869028199215,0.01781287974611487,1.0,,,,False,1,No solution exists for discriminant 
0.23077,1400,,3.2100869028199215,0.01781287974611487,1.0,,,,False,1,No solution exists for discriminant 
0.23077,1425,,3.2100869028199215,0.01781287974611487,1.0,,,,False,1,No solution exists for discriminant 
0.23077,1450,,3.2100869028199215,0.01781287974611487,1.0,,,,False,1,No solution exists for discriminant 
0.23077,1475,,3.2100869028199215,0.01781287974611487,1.0,,,,False,1,No solution exists for discriminant 
0.23077,1500,,3.2100869028199215,0.01781287974611487,1.0,,,,False,1,No solution exists for discriminant 
0.23077,1525,,3.2100869028199215,0.01781287974611487,1.0,,,,False,1,No solution exists for discriminant 
0.256411,-100,-25.925925925925927,3.253935546076155,0.01733184678234482,4.675254479899608,3.7032797219147247,-96.01095575334472,-3.9890442466552827,True,2,
0.256411,-75,-20.75462945081273,3.253935546076155,0.01733184678234482,3.609500774054388,3.6136516037419826,-75.0,0.0,True,2,
0.256411,-50,-14.279871413241208,3.253935546076155,0.017331846782344822,2.4834558979549928,3.5014320894820377,-49.99999999999998,-2.1316282072803006e-14,True,2,
0.256411,-25,-7.3919622511114005,3.253935546076155,0.017331846782344826,1.2855586523672,3.382051903233295,-24.999999999999982,-1.7763568394002505e-14,True,2,
0.256411,0,0.0,3.253935546076155,0.017331846782344815,0.0,3.253935546076155,0.0,0.0,True,1,
0.256411,25,8.026125437047398,3.253935546076155,0.01733184678234482,1.3958479020951997,3.1148279697453694,25.00000000000001,-1.0658141036401503e-14,True,2,
0.256411,50,16.884499266008774,3.253935546076155,0.017331846782344822,2.9364346549580476,2.9612959918010775,50.000000000000014,-1.4210854715202004e-14,True,2,
0.256411,75,26.904579756973654,3.253935546076155,0.01733184678234482,4.679057349038897,2.787629491984912,75.00000000000001,-1.4210854715202004e-14,True,2,
0.256411,100,38.71591275765226,3.253935546076155,0.017331846782344822,6.733202218722132,2.582917278121897,100.00000000000001,-1.4210854715202004e-14,True,2,
0.256411,125,53.87512878502202,3.253935546076155,0.01733184678234482,9.369587614786438,2.3201800685950587,125.00000000000001,-1.4210854715202004e-14,True,2,
0.256411,150,81.33026854131548,3.253935546076155,0.017331846782344843,14.144394528924431,1.8443317929511145,150.0,0.0,True,2,
0.256411,175,,3.253935546076155,0.01733184678234482,1.0,,,,False,1,No solution exists for discriminant 
0.256411,200,,3.253935546076155,0.01733184678234482,1.0,,,,False,1,No solution exists for discriminant 
0.256411,225,,3.253935546076155,0.01733184678234482,1.0,,,,False,1,No solution exists for discriminant 
0.256411,250,,3.253935546076155,0.01733184678234482,1.0,,,,False,1,No solution exists for discriminant 
0.256411,275,,3.253935546076155,0.01733184678234482,1.0,,,,False,1,No solution exists for discriminant 
0.256411,300,,3.253935546076155,0.01733184678234482,1.0,,,,False,1,No solution exists for discriminant 
0.256411,325,,3.253935546076155,0.01733184678234482,1.0,,,,False,1,No solution exists for discriminant 
0.256411,350,,3.253935546076155,0.01733184678234482,1.0,,,,False,1,No solution exists for discriminant 
0.256411,375,,3.253935546076155,0.01733184678234482,1.0,,,,False,1,No solution exists for discriminant 
0.256411,400,,3.253935546076155,0.01733184678234482,1.0,,,,False,1,No solution exists for discriminant 
0.256411,425,,3.253935546076155,0.01733184678234482,1.0,,,,False,1,No solution exists for discriminant 
0.256411,450,,3.253935546076155,0.01733184678234482,1.0,,,,False,1,No solution exists for discriminant 
0.256411,475,,3.253935546076155,0.01733184678234482,1.0,,,,False,1,No solution exists for discriminant 
0.256411,500,,3.253935546076155,0.01733184678234482,1.0,,,,False,1,No solution exists for discriminant 
0.256411,525,,3.253935546076155,0.01733184678234482,1.0,,,,False,1,No solution exists for discriminant 
0.256411,550,,3.253935546076155,0.01733184678234482,1.0,,,,False,1,No solution exists for discriminant 
0.256411,575,,3.253935546076155,0.01733184678234482,1.0,,,,False,1,No solution exists for discriminant 
0.256411,600,,3.253935546076155,0.01733184678234482,1.0,,,,False,1,No solution exists for discriminant 
0.256411,625,,3.253935546076155,0.01733184678234482,1.0,,,,False,1,No solution exists for discriminant 
0.256411,650,,3.253935546076155,0.01733184678234482,1.0,,,,False,1,No solution exists for discriminant 
0.256411,675,,3.253935546076155,0.01733184678234482,1.0,,,,False,1,No solution exists for discriminant 
0.256411,700,,3.253935546076155,0.01733184678234482,1.0,,,,False,1,No solution exists for discriminant 
0.256411,725,,3.253935546076155,0.01733184678234482,1.0,,,,False,1,No solution exists for discriminant 
0.256411,750,,3.253935546076155,0.01733184678234482,1.0,,,,False,1,No solution exists for discriminant 
0.256411,775,,3.253935546076155,0.01733184678234482,1.0,,,,False,1,No solution exists for discriminant 
0.256411,800,,3.253935546076155,0.01733184678234482,1.0,,,,False,1,No solution exists for discriminant 
0.256411,825,,3.253935546076155,0.01733184678234482,1.0,,,,False,1,No solution exists for discriminant 
0.256411,850,,3.253935546076155,0.01733184678234482,1.0,,,,False,1,No solution exists for discriminant 
0.256411,875,,3.253935546076155,0.01733184678234482,1.0,,,,False,1,No solution exists for discriminant 
0.256411,900,,3.253935546076155,0.01733184678234482,1.0,,,,False,1,No solution exists for discriminant 
0.256411,925,,3.253935546076155,0.01733184678234482,1.0,,,,False,1,No solution exists for discriminant 
0.256411,950,,3.253935546076155,0.01733184678234482,1.0,,,,False,1,No solution exists for discriminant 
0.256411,975,,3.253935546076155,0.01733184678234482,1.0,,,,False,1,No solution exists for discriminant 
0.256411,1000,,3.253935546076155,0.01733184678234482,1.0,,,,False,1,No solution exists for discriminant 
0.256411,1025,,3.253935546076155,0.01733184678234482,1.0,,,,False,1,No solution exists for discriminant 
0.256411,1050,,3.253935546076155,0.01733184678234482,1.0,,,,False,1,No solution exists for discriminant 
0.256411,1075,,3.253935546076155,0.01733184678234482,1.0,,,,False,1,No solution exists for discriminant 
0.256411,1100,,3.253935546076155,0.01733184678234482,1.0,,,,False,1,No solution exists for discriminant 
0.256411,1125,,3.253935546076155,0.01733184678234482,1.0,,,,False,1,No solution exists for discriminant 
0.256411,1150,,3.253935546076155,0.01733184678234482,1.0,,,,False,1,No solution exists for discriminant 
0.256411,1175,,3.253935546076155,0.01733184678234482,1.0,,,,False,1,No solution exists for discriminant 
0.256411,1200,,3.253935546076155,0.01733184678234482,1.0,,,,False,1,No solution exists for discriminant 
0.256411,1225,,3.253935546076155,0.01733184678234482,1.0,,,,False,1,No solution exists for discriminant 
0.256411,1250,,3.253935546076155,0.01733184678234482,1.0,,,,False,1,No solution exists for discriminant 
0.256411,1275,,3.253935546076155,0.01733184678234482,1.0,,,,False,1,No solution exists for discriminant 
0.256411,1300,,3.253935546076155,0.01733184678234482,1.0,,,,False,1,No solution exists for discriminant 
0.256411,1325,,3.253935546076155,0.01733184678234482,1.0,,,,False,1,No solution exists for discriminant 
0.256411,1350,,3.253935546076155,0.01733184678234482,1.0,,,,False,1,No solution exists for discriminant 
0.256411,1375,,3.253935546076155,0.01733184678234482,1.0,,,,False,1,No solution exists for discriminant 
0.256411,1400,,3.253935546076155,0.01733184678234482,1.0,,,,False,1,No solution exists for discriminant 
0.256411,1425,,3.253935546076155,0.01733184678234482,1.0,,,,False,1,No solution exists for discriminant 
0.256411,1450,,3.253935546076155,0.01733184678234482,1.0,,,,False,1,No solution exists for discriminant 
0.256411,1475,,3.253935546076155,0.01733184678234482,1.0,,,,False,1,No solution exists for discriminant 
0.256411,1500,,3.253935546076155,0.01733184678234482,1.0,,,,False,1,No solution exists for discriminant 
0.256411,1525,,3.253935546076155,0.01733184678234482,1.0,,,,False,1,No solution exists for discriminant 
0.28205199999999997,-100,-25.925925925925927,3.290810676467262,0.01686391413662887,4.648176427660202,3.728023265194677,-96.65245502356571,-3.3475449764342926,True,2,
0.28205199999999997,-75,-20.61327941479766,3.290810676467262,0.01686391413662886,3.584918159095245,3.638431250592749,-75.00000000000001,1.4210854715202004e-14,True,2,
0.28205199999999997,-50,-14.165522530165656,3.290810676467262,0.01686391413662886,2.463569135680984,3.5296968321164575,-50.00000000000002,2.1316282072803006e-14,True,2,
0.28205199999999997,-25,-7.322164338393863,3.290810676467262,0.016863914136628858,1.2734198849380631,3.4142910271642224,-25.00000000000002,2.1316282072803006e-14,True,2,
0.28205199999999997,0,0.0,3.290810676467262,0.016863914136628858,0.0,3.290810676467262,0.0,0.0,True,1,
0.28205199999999997,25,7.918211494353977,3.290810676467262,0.016863914136628858,1.3770802598876482,3.1572786377108093,24.999999999999996,3.552713678800501e-15,True,2,
0.28205199999999997,50,16.607163795742483,3.290810676467262,0.01686391413662886,2.8882023992595625,3.0107488921629297,50.0,0.0,True,2,
0.28205199999999997,75,26.34839045567617,3.290810676467262,0.01686391413662887,4.582328774900204,2.8464736821843677,75.0,0.0,True,2,
0.28205199999999997,100,37.6529470698475,3.290810676467262,0.016863914136628865,6.548338620843043,2.6558346100903227,100.0,0.0,True,2,
0.28205199999999997,125,51.66154077493849,3.290810676467262,0.016863914136628855,8.984615786945824,2.419594888672749,124.99999999999999,1.4210854715202004e-14,True,2,
0.28205199999999997,150,72.56771026885836,3.290810676467262,0.016863914136628834,12.620471351105802,2.067035041401476,149.99999999999997,2.842170943040401e-14,True,2,
0.28205199999999997,175,,3.290810676467262,0.016863914136628855,1.0,,,,False,1,No solution exists for discriminant 
0.28205199999999997,200,,3.290810676467262,0.016863914136628855,1.0,,,,False,1,No solution exists for discriminant 
0.28205199999999997,225,,3.290810676467262,0.016863914136628855,1.0,,,,False,1,No solution exists for discriminant 
0.28205199999999997,250,,3.290810676467262,0.016863914136628855,1.0,,,,False,1,No solution exists for discriminant 
0.28205199999999997,275,,3.290810676467262,0.016863914136628855,1.0,,,,False,1,No solution exists for discriminant 
0.28205199999999997,300,,3.290810676467262,0.016863914136628855,1.0,,,,False,1,No solution exists for discriminant 
0.28205199999999997,325,,3.290810676467262,0.016863914136628855,1.0,,,,False,1,No solution exists for discriminant 
0.28205199999999997,350,,3.290810676467262,0.016863914136628855,1.0,,,,False,1,No solution exists for discriminant 
0.28205199999999997,375,,3.290810676467262,0.016863914136628855,1.0,,,,False,1,No solution exists for discriminant 
0.28205199999999997,400,,3.290810676467262,0.016863914136628855,1.0,,,,False,1,No solution exists for discriminant 
0.28205199999999997,425,,3.290810676467262,0.016863914136628855,1.0,,,,False,1,No solution exists for discriminant 
0.28205199999999997,450,,3.290810676467262,0.016863914136628855,1.0,,,,False,1,No solution exists for discriminant 
0.28205199999999997,475,,3.290810676467262,0.016863914136628855,1.0,,,,False,1,No solution exists for discriminant 
0.28205199999999997,500,,3.290810676467262,0.016863914136628855,1.0,,,,False,1,No solution exists for discriminant 
0.28205199999999997,525,,3.290810676467262,0.016863914136628855,1.0,,,,False,1,No solution exists for discriminant 
0.28205199999999997,550,,3.290810676467262,0.016863914136628855,1.0,,,,False,1,No solution exists for discriminant 
0.28205199999999997,575,,3.290810676467262,0.016863914136628855,1.0,,,,False,1,No solution exists for discriminant 
0.28205199999999997,600,,3.290810676467262,0.016863914136628855,1.0,,,,False,1,No solution exists for discriminant 
0.28205199999999997,625,,3.290810676467262,0.016863914136628855,1.0,,,,False,1,No solution exists for discriminant 
0.28205199999999997,650,,3.290810676467262,0.016863914136628855,1.0,,,,False,1,No solution exists for discriminant 
0.28205199999999997,675,,3.290810676467262,0.016863914136628855,1.0,,,,False,1,No solution exists for discriminant 
0.28205199999999997,700,,3.290810676467262,0.016863914136628855,1.0,,,,False,1,No solution exists for discriminant 
0.28205199999999997,725,,3.290810676467262,0.016863914136628855,1.0,,,,False,1,No solution exists for discriminant 
0.28205199999999997,750,,3.290810676467262,0.016863914136628855,1.0,,,,False,1,No solution exists for discriminant 
0.28205199999999997,775,,3.290810676467262,0.016863914136628855,1.0,,,,False,1,No solution exists for discriminant 
0.28205199999999997,800,,3.290810676467262,0.016863914136628855,1.0,,,,False,1,No solution exists for discriminant 
0.28205199999999997,825,,3.290810676467262,0.016863914136628855,1.0,,,,False,1,No solution exists for discriminant 
0.28205199999999997,850,,3.290810676467262,0.016863914136628855,1.0,,,,False,1,No solution exists for discriminant 
0.28205199999999997,875,,3.290810676467262,0.016863914136628855,1.0,,,,False,1,No solution exists for discriminant 
0.28205199999999997,900,,3.290810676467262,0.016863914136628855,1.0,,,,False,1,No solution exists for discriminant 
0.28205199999999997,925,,3.290810676467262,0.016863914136628855,1.0,,,,False,1,No solution exists for discriminant 
0.28205199999999997,950,,3.290810676467262,0.016863914136628855,1.0,,,,False,1,No solution exists for discriminant 
0.28205199999999997,975,,3.290810676467262,0.016863914136628855,1.0,,,,False,1,No solution exists for discriminant 
0.28205199999999997,1000,,3.290810676467262,0.016863914136628855,1.0,,,,False,1,No solution exists for discriminant 
0.28205199999999997,1025,,3.290810676467262,0.016863914136628855,1.0,,,,False,1,No solution exists for discriminant 
0.28205199999999997,1050,,3.290810676467262,0.016863914136628855,1.0,,,,False,1,No solution exists for discriminant 
0.28205199999999997,1075,,3.290810676467262,0.016863914136628855,1.0,,,,False,1,No solution exists for discriminant 
0.28205199999999997,1100,,3.290810676467262,0.016863914136628855,1.0,,,,False,1,No solution exists for discriminant 
0.28205199999999997,1125,,3.290810676467262,0.016863914136628855,1.0,,,,False,1,No solution exists for discriminant 
0.28205199999999997,1150,,3.290810676467262,0.016863914136628855,1.0,,,,False,1,No solution exists for discriminant 
0.28205199999999997,1175,,3.290810676467262,0.016863914136628855,1.0,,,,False,1,No solution exists for discriminant 
0.28205199999999997,1200,,3.290810676467262,0.016863914136628855,1.0,,,,False,1,No solution exists for discriminant 
0.28205199999999997,1225,,3.290810676467262,0.016863914136628855,1.0,,,,False,1,No solution exists for discriminant 
0.28205199999999997,1250,,3.290810676467262,0.016863914136628855,1.0,,,,False,1,No solution exists for discriminant 
0.28205199999999997,1275,,3.290810676467262,0.016863914136628855,1.0,,,,False,1,No solution exists for discriminant 
0.28205199999999997,1300,,3.290810676467262,0.016863914136628855,1.0,,,,False,1,No solution exists for discriminant 
0.28205199999999997,1325,,3.290810676467262,0.016863914136628855,1.0,,,,False,1,No solution exists for discriminant 
0.28205199999999997,1350,,3.290810676467262,0.016863914136628855,1.0,,,,False,1,No solution exists for discriminant 
0.28205199999999997,1375,,3.290810676467262,0.016863914136628855,1.0,,,,False,1,No solution exists for discriminant 
0.28205199999999997,1400,,3.290810676467262,0.016863914136628855,1.0,,,,False,1,No solution exists for discriminant 
0.28205199999999997,1425,,3.290810676467262,0.016863914136628855,1.0,,,,False,1,No solution exists for discriminant 
0.28205199999999997,1450,,3.290810676467262,0.016863914136628855,1.0,,,,False,1,No solution exists for discriminant 
0.28205199999999997,1475,,3.290810676467262,0.016863914136628855,1.0,,,,False,1,No solution exists for discriminant 
0.28205199999999997,1500,,3.290810676467262,0.016863914136628855,1.0,,,,False,1,No solution exists for discriminant 
0.28205199999999997,1525,,3.290810676467262,0.016863914136628855,1.0,,,,False,1,No solution exists for discriminant 
0.307693,-100,-25.925925925925927,3.3273980618286063,0.01637958778415012,4.622013794991731,3.7520540414176837,-97.27547514786588,-2.724524852134124,True,2,
0.307693,-75,-20.476195989127003,3.3273980618286063,0.016379587784150117,3.5610775633264353,3.6627897115179744,-75.0,0.0,True,2,
0.307693,-50,-14.05440517791008,3.3273980618286063,0.016379587784150114,2.4442443787669705,3.5576034251941984,-49.99999999999998,-2.1316282072803006e-14,True,2,
0.307693,-25,-7.254323165781683,3.3273980618286063,0.01637958778415012,1.2616214201359448,3.446220884937121,-25.00000000000001,1.0658141036401503e-14,True,2,
0.307693,0,0.0,3.3273980618286063,0.016379587784150114,0.0,3.3273980618286063,0.0,0.0,True,1,
0.307693,25,7.813943406620325,3.3273980618286063,0.016379587784150117,1.3589466794122305,3.1994088898594875,24.999999999999996,3.552713678800501e-15,True,2,
0.307693,50,16.34128704134237,3.3273980618286063,0.016379587784150117,2.8419629637117163,3.059734516228944,50.00000000000001,-7.105427357601002e-15,True,2,
0.307693,75,25.82257953125436,3.3273980618286063,0.016379587784150124,4.490883396739888,2.9044348535832274,75.0,0.0,True,2,
0.307693,100,36.674592074872415,3.3273980618286063,0.016379587784150128,6.378189926064768,2.726683361490337,100.0,0.0,True,2,
0.307693,125,49.75144315868614,3.3273980618286063,0.016379587784150114,8.652424897162808,2.5124899312227518,124.99999999999999,1.4210854715202004e-14,True,2,
0.307693,150,67.52700310115816,3.3273980618286063,0.01637958778415004,11.743826626288376,2.221333586732614,150.0,0.0,True,2,
0.307693,175,,3.3273980618286063,0.016379587784150114,1.0,,,,False,1,No solution exists for discriminant 
0.307693,200,,3.3273980618286063,0.016379587784150114,1.0,,,,False,1,No solution exists for discriminant 
0.307693,225,,3.3273980618286063,0.016379587784150114,1.0,,,,False,1,No solution exists for discriminant 
0.307693,250,,3.3273980618286063,0.016379587784150114,1.0,,,,False,1,No solution exists for discriminant 
0.307693,275,,3.3273980618286063,0.016379587784150114,1.0,,,,False,1,No solution exists for discriminant 
0.307693,300,,3.3273980618286063,0.016379587784150114,1.0,,,,False,1,No solution exists for discriminant 
0.307693,325,,3.3273980618286063,0.016379587784150114,1.0,,,,False,1,No solution exists for discriminant 
0.307693,350,,3.3273980618286063,0.016379587784150114,1.0,,,,False,1,No solution exists for discriminant 
0.307693,375,,3.3273980618286063,0.016379587784150114,1.0,,,,False,1,No solution exists for discriminant 
0.307693,400,,3.3273980618286063,0.016379587784150114,1.0,,,,False,1,No solution exists for discriminant 
0.307693,425,,3.3273980618286063,0.016379587784150114,1.0,,,,False,1,No solution exists for discriminant 
0.307693,450,,3.3273980618286063,0.016379587784150114,1.0,,,,False,1,No solution exists for discriminant 
0.307693,475,,3.3273980618286063,0.016379587784150114,1.0,,,,False,1,No solution exists for discriminant 
0.307693,500,,3.3273980618286063,0.016379587784150114,1.0,,,,False,1,No solution exists for discriminant 
0.307693,525,,3.3273980618286063,0.016379587784150114,1.0,,,,False,1,No solution exists for discriminant 
0.307693,550,,3.3273980618286063,0.016379587784150114,1.0,,,,False,1,No solution exists for discriminant 
0.307693,575,,3.3273980618286063,0.016379587784150114,1.0,,,,False,1,No solution exists for discriminant 
0.307693,600,,3.3273980618286063,0.016379587784150114,1.0,,,,False,1,No solution exists for discriminant 
0.307693,625,,3.3273980618286063,0.016379587784150114,1.0,,,,False,1,No solution exists for discriminant 
0.307693,650,,3.3273980618286063,0.016379587784150114,1.0,,,,False,1,No solution exists for discriminant 
0.307693,675,,3.3273980618286063,0.016379587784150114,1.0,,,,False,1,No solution exists for discriminant 
0.307693,700,,3.3273980618286063,0.016379587784150114,1.0,,,,False,1,No solution exists for discriminant 
0.307693,725,,3.3273980618286063,0.016379587784150114,1.0,,,,False,1,No solution exists for discriminant 
0.307693,750,,3.3273980618286063,0.016379587784150114,1.0,,,,False,1,No solution exists for discriminant 
0.307693,775,,3.3273980618286063,0.016379587784150114,1.0,,,,False,1,No solution exists for discriminant 
0.307693,800,,3.3273980618286063,0.016379587784150114,1.0,,,,False,1,No solution exists for discriminant 
0.307693,825,,3.3273980618286063,0.016379587784150114,1.0,,,,False,1,No solution exists for discriminant 
0.307693,850,,3.3273980618286063,0.016379587784150114,1.0,,,,False,1,No solution exists for discriminant 
0.307693,875,,3.3273980618286063,0.016379587784150114,1.0,,,,False,1,No solution exists for discriminant 
0.307693,900,,3.3273980618286063,0.016379587784150114,1.0,,,,False,1,No solution exists for discriminant 
0.307693,925,,3.3273980618286063,0.016379587784150114,1.0,,,,False,1,No solution exists for discriminant 
0.307693,950,,3.3273980618286063,0.016379587784150114,1.0,,,,False,1,No solution exists for discriminant 
0.307693,975,,3.3273980618286063,0.016379587784150114,1.0,,,,False,1,No solution exists for discriminant 
0.307693,1000,,3.3273980618286063,0.016379587784150114,1.0,,,,False,1,No solution exists for discriminant 
0.307693,1025,,3.3273980618286063,0.016379587784150114,1.0,,,,False,1,No solution exists for discriminant 
0.307693,1050,,3.3273980618286063,0.016379587784150114,1.0,,,,False,1,No solution exists for discriminant 
0.307693,1075,,3.3273980618286063,0.016379587784150114,1.0,,,,False,1,No solution exists for discriminant 
0.307693,1100,,3.3273980618286063,0.016379587784150114,1.0,,,,False,1,No solution exists for discriminant 
0.307693,1125,,3.3273980618286063,0.016379587784150114,1.0,,,,False,1,No solution exists for discriminant 
0.307693,1150,,3.3273980618286063,0.016379587784150114,1.0,,,,False,1,No solution exists for discriminant 
0.307693,1175,,3.3273980618286063,0.016379587784150114,1.0,,,,False,1,No solution exists for discriminant 
0.307693,1200,,3.3273980618286063,0.016379587784150114,1.0,,,,False,1,No solution exists for discriminant 
0.307693,1225,,3.3273980618286063,0.016379587784150114,1.0,,,,False,1,No solution exists for discriminant 
0.307693,1250,,3.3273980618286063,0.016379587784150114,1.0,,,,False,1,No solution exists for discriminant 
0.307693,1275,,3.3273980618286063,0.016379587784150114,1.0,,,,False,1,No solution exists for discriminant 
0.307693,1300,,3.3273980618286063,0.016379587784150114,1.0,,,,False,1,No solution exists for discriminant 
0.307693,1325,,3.3273980618286063,0.016379587784150114,1.0,,,,False,1,No solution exists for discriminant 
0.307693,1350,,3.3273980618286063,0.016379587784150114,1.0,,,,False,1,No solution exists for discriminant 
0.307693,1375,,3.3273980618286063,0.016379587784150114,1.0,,,,False,1,No solution exists for discriminant 
0.307693,1400,,3.3273980618286063,0.016379587784150114,1.0,,,,False,1,No solution exists for discriminant 
0.307693,1425,,3.3273980618286063,0.016379587784150114,1.0,,,,False,1,No solution exists for discriminant 
0.307693,1450,,3.3273980618286063,0.016379587784150114,1.0,,,,False,1,No solution exists for discriminant 
0.307693,1475,,3.3273980618286063,0.016379587784150114,1.0,,,,False,1,No solution exists for discriminant 
0.307693,1500,,3.3273980618286063,0.016379587784150114,1.0,,,,False,1,No solution exists for discriminant 
0.307693,1525,,3.3273980618286063,0.016379587784150114,1.0,,,,False,1,No solution exists for discriminant 
0.33333399999999996,-100,-25.925925925925927,3.360152080936638,0.015922571201777442,4.5993588272718195,3.772959482464201,-97.81746806388671,-2.1825319361132927,True,2,
0.33333399999999996,-75,-20.35673854411162,3.360152080936638,0.015922571201777435,3.540302355497673,3.6842836998412225,-74.99999999999999,-1.4210854715202004e-14,True,2,
0.33333399999999996,-50,-13.957177359669279,3.360152080936638,0.01592257120177744,2.4273351929859617,3.5823862312218084,-49.99999999999998,-2.1316282072803006e-14,True,2,
0.33333399999999996,-25,-7.194839999352579,3.360152080936638,0.015922571201777435,1.2512765216265356,3.474712433111726,-24.999999999999968,-3.197442310920451e-14,True,2,
0.33333399999999996,0,0.0,3.360152080936638,0.01592257120177744,0.0,3.360152080936638,0.0,0.0,True,1,
0.33333399999999996,25,7.722756896509233,3.360152080936638,0.015922571201777435,1.3430881559146493,3.237185934377952,25.000000000000014,-1.4210854715202004e-14,True,2,
0.33333399999999996,50,16.110129364722816,3.360152080936638,0.01592257120177743,2.8017616286474465,3.1036373990569937,50.00000000000002,-2.1316282072803006e-14,True,2,
0.33333399999999996,75,25.37050782005981,3.360152080936638,0.015922571201777435,4.412262229575619,2.9561883637464845,75.0,0.0,True,2,
0.33333399999999996,100,35.85116956602238,3.360152080936638,0.01592257120177745,6.234986011482152,2.78930928085465,100.0,0.0,True,2,
0.33333399999999996,125,48.21787684435753,3.360152080936638,0.015922571201777435,8.385717712062178,2.59239950368382,125.0,0.0,True,2,
0.33333399999999996,150,64.12811781481746,3.360152080936638,0.015922571201777383,11.152716141707383,2.3390675589942385,150.0,0.0,True,2,
0.33333399999999996,175,93.5651964527889,3.360152080936638,0.01592257120177713,16.272208078745894,1.8703535784088419,175.0,0.0,True,2,
0.33333399999999996,200,,3.360152080936638,0.015922571201777435,1.0,,,,False,1,No solution exists for discriminant 
0.33333399999999996,225,,3.360152080936638,0.015922571201777435,1.0,,,,False,1,No solution exists for discriminant 
0.33333399999999996,250,,3.360152080936638,0.015922571201777435,1.0,,,,False,1,No solution exists for discriminant 
0.33333399999999996,275,,3.360152080936638,0.015922571201777435,1.0,,,,False,1,No solution exists for discriminant 
0.33333399999999996,300,,3.360152080936638,0.015922571201777435,1.0,,,,False,1,No solution exists for discriminant 
0.33333399999999996,325,,3.360152080936638,0.015922571201777435,1.0,,,,False,1,No solution exists for discriminant 
0.33333399999999996,350,,3.360152080936638,0.015922571201777435,1.0,,,,False,1,No solution exists for discriminant 
0.33333399999999996,375,,3.360152080936638,0.015922571201777435,1.0,,,,False,1,No solution exists for discriminant 
0.33333399999999996,400,,3.360152080936638,0.015922571201777435,1.0,,,,False,1,No solution exists for discriminant 
0.33333399999999996,425,,3.360152080936638,0.015922571201777435,1.0,,,,False,1,No solution exists for discriminant 
0.33333399999999996,450,,3.360152080936638,0.015922571201777435,1.0,,,,False,1,No solution exists for discriminant 
0.33333399999999996,475,,3.360152080936638,0.015922571201777435,1.0,,,,False,1,No solution exists for discriminant 
0.33333399999999996,500,,3.360152080936638,0.015922571201777435,1.0,,,,False,1,No solution exists for discriminant 
0.33333399999999996,525,,3.360152080936638,0.015922571201777435,1.0,,,,False,1,No solution exists for discriminant 
0.33333399999999996,550,,3.360152080936638,0.015922571201777435,1.0,,,,False,1,No solution exists for discriminant 
0.33333399999999996,575,,3.360152080936638,0.015922571201777435,1.0,,,,False,1,No solution exists for discriminant 
0.33333399999999996,600,,3.360152080936638,0.015922571201777435,1.0,,,,False,1,No solution exists for discriminant 
0.33333399999999996,625,,3.360152080936638,0.015922571201777435,1.0,,,,False,1,No solution exists for discriminant 
0.33333399999999996,650,,3.360152080936638,0.015922571201777435,1.0,,,,False,1,No solution exists for discriminant 
0.33333399999999996,675,,3.360152080936638,0.015922571201777435,1.0,,,,False,1,No solution exists for discriminant 
0.33333399999999996,700,,3.360152080936638,0.015922571201777435,1.0,,,,False,1,No solution exists for discriminant 
0.33333399999999996,725,,3.360152080936638,0.015922571201777435,1.0,,,,False,1,No solution exists for discriminant 
0.33333399999999996,750,,3.360152080936638,0.015922571201777435,1.0,,,,False,1,No solution exists for discriminant 
0.33333399999999996,775,,3.360152080936638,0.015922571201777435,1.0,,,,False,1,No solution exists for discriminant 
0.33333399999999996,800,,3.360152080936638,0.015922571201777435,1.0,,,,False,1,No solution exists for discriminant 
0.33333399999999996,825,,3.360152080936638,0.015922571201777435,1.0,,,,False,1,No solution exists for discriminant 
0.33333399999999996,850,,3.360152080936638,0.015922571201777435,1.0,,,,False,1,No solution exists for discriminant 
0.33333399999999996,875,,3.360152080936638,0.015922571201777435,1.0,,,,False,1,No solution exists for discriminant 
0.33333399999999996,900,,3.360152080936638,0.015922571201777435,1.0,,,,False,1,No solution exists for discriminant 
0.33333399999999996,925,,3.360152080936638,0.015922571201777435,1.0,,,,False,1,No solution exists for discriminant 
0.33333399999999996,950,,3.360152080936638,0.015922571201777435,1.0,,,,False,1,No solution exists for discriminant 
0.33333399999999996,975,,3.360152080936638,0.015922571201777435,1.0,,,,False,1,No solution exists for discriminant 
0.33333399999999996,1000,,3.360152080936638,0.015922571201777435,1.0,,,,False,1,No solution exists for discriminant 
0.33333399999999996,1025,,3.360152080936638,0.015922571201777435,1.0,,,,False,1,No solution exists for discriminant 
0.33333399999999996,1050,,3.360152080936638,0.015922571201777435,1.0,,,,False,1,No solution exists for discriminant 
0.33333399999999996,1075,,3.360152080936638,0.015922571201777435,1.0,,,,False,1,No solution exists for discriminant 
0.33333399999999996,1100,,3.360152080936638,0.015922571201777435,1.0,,,,False,1,No solution exists for discriminant 
0.33333399999999996,1125,,3.360152080936638,0.015922571201777435,1.0,,,,False,1,No solution exists for discriminant 
0.33333399999999996,1150,,3.360152080936638,0.015922571201777435,1.0,,,,False,1,No solution exists for discriminant 
0.33333399999999996,1175,,3.360152080936638,0.015922571201777435,1.0,,,,False,1,No solution exists for discriminant 
0.33333399999999996,1200,,3.360152080936638,0.015922571201777435,1.0,,,,False,1,No solution exists for discriminant 
0.33333399999999996,1225,,3.360152080936638,0.015922571201777435,1.0,,,,False,1,No solution exists for discriminant 
0.33333399999999996,1250,,3.360152080936638,0.015922571201777435,1.0,,,,False,1,No solution exists for discriminant 
0.33333399999999996,1275,,3.360152080936638,0.015922571201777435,1.0,,,,False,1,No solution exists for discriminant 
0.33333399999999996,1300,,3.360152080936638,0.015922571201777435,1.0,,,,False,1,No solution exists for discriminant 
0.33333399999999996,1325,,3.360152080936638,0.015922571201777435,1.0,,,,False,1,No solution exists for discriminant 
0.33333399999999996,1350,,3.360152080936638,0.015922571201777435,1.0,,,,False,1,No solution exists for discriminant 
0.33333399999999996,1375,,3.360152080936638,0.015922571201777435,1.0,,,,False,1,No solution exists for discriminant 
0.33333399999999996,1400,,3.360152080936638,0.015922571201777435,1.0,,,,False,1,No solution exists for discriminant 
0.33333399999999996,1425,,3.360152080936638,0.015922571201777435,1.0,,,,False,1,No solution exists for discriminant 
0.33333399999999996,1450,,3.360152080936638,0.015922571201777435,1.0,,,,False,1,No solution exists for discriminant 
0.33333399999999996,1475,,3.360152080936638,0.015922571201777435,1.0,,,,False,1,No solution exists for discriminant 
0.33333399999999996,1500,,3.360152080936638,0.015922571201777435,1.0,,,,False,1,No solution exists for discriminant 
0.33333399999999996,1525,,3.360152080936638,0.015922571201777435,1.0,,,,False,1,No solution exists for discriminant 
0.358975,-100,-25.925925925925927,3.3940586548079943,0.015511515403450943,4.574206229686145,3.7962090541567224,-98.42023473739651,-1.5797652626034875,True,2,
0.358975,-75,-20.22752854363784,3.3940586548079943,0.015511515403450941,3.51783105106745,3.7078182753863764,-74.99999999999996,-4.263256414560601e-14,True,2,
0.358975,-50,-13.854401377023116,3.3940586548079943,0.015511515403450941,2.4094611090474984,3.6089614151732805,-49.99999999999999,-7.105427357601002e-15,True,2,
0.358975,-25,-7.133265129405471,3.3940586548079943,0.01551151540345094,1.2405678485922558,3.5047064067396665,-25.00000000000001,1.0658141036401503e-14,True,2,
0.358975,0,0.0,3.3940586548079943,0.015511515403450941,0.0,3.3940586548079943,0.0,0.0,True,1,
0.358975,25,7.632015887385266,3.3940586548079943,0.01551151540345094,1.3273071108496115,3.2756745228114355,25.000000000000025,-2.4868995751603507e-14,True,2,
0.358975,50,15.884810073867445,3.3940586548079943,0.015511515403450945,2.7625756650204254,3.147661178666307,50.00000000000003,-2.842170943040401e-14,True,2,
0.358975,75,24.94015096178358,3.3940586548079943,0.015511515403450948,4.337417558571057,3.007199118999896,75.0,0.0,True,2,
0.358975,100,35.090839907372406,3.3940586548079943,0.015511515403450948,6.102754766499549,2.849746551064756,100.00000000000001,-1.4210854715202004e-14,True,2,
0.358975,125,46.86799993928081,3.3940586548079943,0.015511515403450943,8.15095651117927,2.667064951820902,125.0,0.0,True,2,
0.358975,150,61.455490528729,3.3940586548079943,0.015511515403450934,10.687911396300695,2.4407908668449814,150.0,0.0,True,2,
0.358975,175,83.1861678704553,3.3940586548079943,0.015511515403450856,14.4671596296444,2.1037151305313784,175.0,0.0,True,2,
0.358975,200,,3.3940586548079943,0.015511515403450941,1.0,,,,False,1,No solution exists for discriminant 
0.358975,225,,3.3940586548079943,0.015511515403450941,1.0,,,,False,1,No solution exists for discriminant 
0.358975,250,,3.3940586548079943,0.015511515403450941,1.0,,,,False,1,No solution exists for discriminant 
0.358975,275,,3.3940586548079943,0.015511515403450941,1.0,,,,False,1,No solution exists for discriminant 
0.358975,300,,3.3940586548079943,0.015511515403450941,1.0,,,,False,1,No solution exists for discriminant 
0.358975,325,,3.3940586548079943,0.015511515403450941,1.0,,,,False,1,No solution exists for discriminant 
0.358975,350,,3.3940586548079943,0.015511515403450941,1.0,,,,False,1,No solution exists for discriminant 
0.358975,375,,3.3940586548079943,0.015511515403450941,1.0,,,,False,1,No solution exists for discriminant 
0.358975,400,,3.3940586548079943,0.015511515403450941,1.0,,,,False,1,No solution exists for discriminant 
0.358975,425,,3.3940586548079943,0.015511515403450941,1.0,,,,False,1,No solution exists for discriminant 
0.358975,450,,3.3940586548079943,0.015511515403450941,1.0,,,,False,1,No solution exists for discriminant 
0.358975,475,,3.3940586548079943,0.015511515403450941,1.0,,,,False,1,No solution exists for discriminant 
0.358975,500,,3.3940586548079943,0.015511515403450941,1.0,,,,False,1,No solution exists for discriminant 
0.358975,525,,3.3940586548079943,0.015511515403450941,1.0,,,,False,1,No solution exists for discriminant 
0.358975,550,,3.3940586548079943,0.015511515403450941,1.0,,,,False,1,No solution exists for discriminant 
0.358975,575,,3.3940586548079943,0.015511515403450941,1.0,,,,False,1,No solution exists for discriminant 
0.358975,600,,3.3940586548079943,0.015511515403450941,1.0,,,,False,1,No solution exists for discriminant 
0.358975,625,,3.3940586548079943,0.015511515403450941,1.0,,,,False,1,No solution exists for discriminant 
0.358975,650,,3.3940586548079943,0.015511515403450941,1.0,,,,False,1,No solution exists for discriminant 
0.358975,675,,3.3940586548079943,0.015511515403450941,1.0,,,,False,1,No solution exists for discriminant 
0.358975,700,,3.3940586548079943,0.015511515403450941,1.0,,,,False,1,No solution exists for discriminant 
0.358975,725,,3.3940586548079943,0.015511515403450941,1.0,,,,False,1,No solution exists for discriminant 
0.358975,750,,3.3940586548079943,0.015511515403450941,1.0,,,,False,1,No solution exists for discriminant 
0.358975,775,,3.3940586548079943,0.015511515403450941,1.0,,,,False,1,No solution exists for discriminant 
0.358975,800,,3.3940586548079943,0.015511515403450941,1.0,,,,False,1,No solution exists for discriminant 
0.358975,825,,3.3940586548079943,0.015511515403450941,1.0,,,,False,1,No solution exists for discriminant 
0.358975,850,,3.3940586548079943,0.015511515403450941,1.0,,,,False,1,No solution exists for discriminant 
0.358975,875,,3.3940586548079943,0.015511515403450941,1.0,,,,False,1,No solution exists for discriminant 
0.358975,900,,3.3940586548079943,0.015511515403450941,1.0,,,,False,1,No solution exists for discriminant 
0.358975,925,,3.3940586548079943,0.015511515403450941,1.0,,,,False,1,No solution exists for discriminant 
0.358975,950,,3.3940586548079943,0.015511515403450941,1.0,,,,False,1,No solution exists for discriminant 
0.358975,975,,3.3940586548079943,0.015511515403450941,1.0,,,,False,1,No solution exists for discriminant 
0.358975,1000,,3.3940586548079943,0.015511515403450941,1.0,,,,False,1,No solution exists for discriminant 
0.358975,1025,,3.3940586548079943,0.015511515403450941,1.0,,,,False,1,No solution exists for discriminant 
0.358975,1050,,3.3940586548079943,0.015511515403450941,1.0,,,,False,1,No solution exists for discriminant 
0.358975,1075,,3.3940586548079943,0.015511515403450941,1.0,,,,False,1,No solution exists for discriminant 
0.358975,1100,,3.3940586548079943,0.015511515403450941,1.0,,,,False,1,No solution exists for discriminant 
0.358975,1125,,3.3940586548079943,0.015511515403450941,1.0,,,,False,1,No solution exists for discriminant 
0.358975,1150,,3.3940586548079943,0.015511515403450941,1.0,,,,False,1,No solution exists for discriminant 
0.358975,1175,,3.3940586548079943,0.015511515403450941,1.0,,,,False,1,No solution exists for discriminant 
0.358975,1200,,3.3940586548079943,0.015511515403450941,1.0,,,,False,1,No solution exists for discriminant 
0.358975,1225,,3.3940586548079943,0.015511515403450941,1.0,,,,False,1,No solution exists for discriminant 
0.358975,1250,,3.3940586548079943,0.015511515403450941,1.0,,,,False,1,No solution exists for discriminant 
0.358975,1275,,3.3940586548079943,0.015511515403450941,1.0,,,,False,1,No solution exists for discriminant 
0.358975,1300,,3.3940586548079943,0.015511515403450941,1.0,,,,False,1,No solution exists for discriminant 
0.358975,1325,,3.3940586548079943,0.015511515403450941,1.0,,,,False,1,No solution exists for discriminant 
0.358975,1350,,3.3940586548079943,0.015511515403450941,1.0,,,,False,1,No solution exists for discriminant 
0.358975,1375,,3.3940586548079943,0.015511515403450941,1.0,,,,False,1,No solution exists for discriminant 
0.358975,1400,,3.3940586548079943,0.015511515403450941,1.0,,,,False,1,No solution exists for discriminant 
0.358975,1425,,3.3940586548079943,0.015511515403450941,1.0,,,,False,1,No solution exists for discriminant 
0.358975,1450,,3.3940586548079943,0.015511515403450941,1.0,,,,False,1,No solution exists for discriminant 
0.358975,1475,,3.3940586548079943,0.015511515403450941,1.0,,,,False,1,No solution exists for discriminant 
0.358975,1500,,3.3940586548079943,0.015511515403450941,1.0,,,,False,1,No solution exists for discriminant 
0.358975,1525,,3.3940586548079943,0.015511515403450941,1.0,,,,False,1,No solution exists for discriminant 
0.38461599999999996,-100,-25.925925925925927,3.42804657493109,0.015185708191639873,4.546683178080127,3.8217501206402718,-99.08241053511816,-0.9175894648818428,True,2,
0.38461599999999996,-75,-20.090363893370835,3.42804657493109,0.015185708191639872,3.4939763292818844,3.733132978479677,-75.00000000000003,2.842170943040401e-14,True,2,
0.38461599999999996,-50,-13.748260788151685,3.42804657493109,0.015185708191639873,2.391001876200293,3.6368236514025263,-49.999999999999986,-1.4210854715202004e-14,True,2,
0.38461599999999996,-25,-7.07127775892402,3.42804657493109,0.015185708191639878,1.2297874363346122,3.5354289355201436,-25.000000000000014,1.4210854715202004e-14,True,2,
0.38461599999999996,0,0.0,3.42804657493109,0.01518570819163987,0.0,3.42804657493109,0.0,0.0,True,1,
0.38461599999999996,25,7.544958042388983,3.42804657493109,0.01518570819163987,1.3121666160676493,3.3134710437812043,25.000000000000018,-1.7763568394002505e-14,True,2,
0.38461599999999996,50,15.673842768028194,3.42804657493109,0.015185708191639877,2.725885698787512,3.190028172414169,50.00000000000002,-2.1316282072803006e-14,True,2,
0.38461599999999996,75,24.547733752962436,3.42804657493109,0.01518570819163987,4.269171087471728,3.055271853392534,75.0,0.0,True,2,
0.38461599999999996,100,34.41903392082783,3.42804657493109,0.015185708191639878,5.985918942752666,2.905369169571244,100.00000000000003,-2.842170943040401e-14,True,2,
0.38461599999999996,125,45.72621556547527,3.42804657493109,0.015185708191639873,7.95238531573483,2.7336616086457615,124.99999999999999,1.4210854715202004e-14,True,2,
0.38461599999999996,150,59.37209987123595,3.42804657493109,0.015185708191639877,10.325582586301906,2.526439191561601,150.0,0.0,True,2,
0.38461599999999996,175,78.00209225738753,3.42804657493109,0.015185708191639863,13.565581262154353,2.243529563573032,175.00000000000003,-2.842170943040401e-14,True,2,
0.38461599999999996,200,,3.42804657493109,0.015185708191639873,1.0,,,,False,1,No solution exists for discriminant 
0.38461599999999996,225,,3.42804657493109,0.015185708191639873,1.0,,,,False,1,No solution exists for discriminant 
0.38461599999999996,250,,3.42804657493109,0.015185708191639873,1.0,,,,False,1,No solution exists for discriminant 
0.38461599999999996,275,,3.42804657493109,0.015185708191639873,1.0,,,,False,1,No solution exists for discriminant 
0.38461599999999996,300,,3.42804657493109,0.015185708191639873,1.0,,,,False,1,No solution exists for discriminant 
0.38461599999999996,325,,3.42804657493109,0.015185708191639873,1.0,,,,False,1,No solution exists for discriminant 
0.38461599999999996,350,,3.42804657493109,0.015185708191639873,1.0,,,,False,1,No solution exists for discriminant 
0.38461599999999996,375,,3.42804657493109,0.015185708191639873,1.0,,,,False,1,No solution exists for discriminant 
0.38461599999999996,400,,3.42804657493109,0.015185708191639873,1.0,,,,False,1,No solution exists for discriminant 
0.38461599999999996,425,,3.42804657493109,0.015185708191639873,1.0,,,,False,1,No solution exists for discriminant 
0.38461599999999996,450,,3.42804657493109,0.015185708191639873,1.0,,,,False,1,No solution exists for discriminant 
0.38461599999999996,475,,3.42804657493109,0.015185708191639873,1.0,,,,False,1,No solution exists for discriminant 
0.38461599999999996,500,,3.42804657493109,0.015185708191639873,1.0,,,,False,1,No solution exists for discriminant 
0.38461599999999996,525,,3.42804657493109,0.015185708191639873,1.0,,,,False,1,No solution exists for discriminant 
0.38461599999999996,550,,3.42804657493109,0.015185708191639873,1.0,,,,False,1,No solution exists for discriminant 
0.38461599999999996,575,,3.42804657493109,0.015185708191639873,1.0,,,,False,1,No solution exists for discriminant 
0.38461599999999996,600,,3.42804657493109,0.015185708191639873,1.0,,,,False,1,No solution exists for discriminant 
0.38461599999999996,625,,3.42804657493109,0.015185708191639873,1.0,,,,False,1,No solution exists for discriminant 
0.38461599999999996,650,,3.42804657493109,0.015185708191639873,1.0,,,,False,1,No solution exists for discriminant 
0.38461599999999996,675,,3.42804657493109,0.015185708191639873,1.0,,,,False,1,No solution exists for discriminant 
0.38461599999999996,700,,3.42804657493109,0.015185708191639873,1.0,,,,False,1,No solution exists for discriminant 
0.38461599999999996,725,,3.42804657493109,0.015185708191639873,1.0,,,,False,1,No solution exists for discriminant 
0.38461599999999996,750,,3.42804657493109,0.015185708191639873,1.0,,,,False,1,No solution exists for discriminant 
0.38461599999999996,775,,3.42804657493109,0.015185708191639873,1.0,,,,False,1,No solution exists for discriminant 
0.38461599999999996,800,,3.42804657493109,0.015185708191639873,1.0,,,,False,1,No solution exists for discriminant 
0.38461599999999996,825,,3.42804657493109,0.015185708191639873,1.0,,,,False,1,No solution exists for discriminant 
0.38461599999999996,850,,3.42804657493109,0.015185708191639873,1.0,,,,False,1,No solution exists for discriminant 
0.38461599999999996,875,,3.42804657493109,0.015185708191639873,1.0,,,,False,1,No solution exists for discriminant 
0.38461599999999996,900,,3.42804657493109,0.015185708191639873,1.0,,,,False,1,No solution exists for discriminant 
0.38461599999999996,925,,3.42804657493109,0.015185708191639873,1.0,,,,False,1,No solution exists for discriminant 
0.38461599999999996,950,,3.42804657493109,0.015185708191639873,1.0,,,,False,1,No solution exists for discriminant 
0.38461599999999996,975,,3.42804657493109,0.015185708191639873,1.0,,,,False,1,No solution exists for discriminant 
0.38461599999999996,1000,,3.42804657493109,0.015185708191639873,1.0,,,,False,1,No solution exists for discriminant 
0.38461599999999996,1025,,3.42804657493109,0.015185708191639873,1.0,,,,False,1,No solution exists for discriminant 
0.38461599999999996,1050,,3.42804657493109,0.015185708191639873,1.0,,,,False,1,No solution exists for discriminant 
0.38461599999999996,1075,,3.42804657493109,0.015185708191639873,1.0,,,,False,1,No solution exists for discriminant 
0.38461599999999996,1100,,3.42804657493109,0.015185708191639873,1.0,,,,False,1,No solution exists for discriminant 
0.38461599999999996,1125,,3.42804657493109,0.015185708191639873,1.0,,,,False,1,No solution exists for discriminant 
0.38461599999999996,1150,,3.42804657493109,0.015185708191639873,1.0,,,,False,1,No solution exists for discriminant 
0.38461599999999996,1175,,3.42804657493109,0.015185708191639873,1.0,,,,False,1,No solution exists for discriminant 
0.38461599999999996,1200,,3.42804657493109,0.015185708191639873,1.0,,,,False,1,No solution exists for discriminant 
0.38461599999999996,1225,,3.42804657493109,0.015185708191639873,1.0,,,,False,1,No solution exists for discriminant 
0.38461599999999996,1250,,3.42804657493109,0.015185708191639873,1.0,,,,False,1,No solution exists for discriminant 
0.38461599999999996,1275,,3.42804657493109,0.015185708191639873,1.0,,,,False,1,No solution exists for discriminant 
0.38461599999999996,1300,,3.42804657493109,0.015185708191639873,1.0,,,,False,1,No solution exists for discriminant 
0.38461599999999996,1325,,3.42804657493109,0.015185708191639873,1.0,,,,False,1,No solution exists for discriminant 
0.38461599999999996,1350,,3.42804657493109,0.015185708191639873,1.0,,,,False,1,No solution exists for discriminant 
0.38461599999999996,1375,,3.42804657493109,0.015185708191639873,1.0,,,,False,1,No solution exists for discriminant 
0.38461599999999996,1400,,3.42804657493109,0.015185708191639873,1.0,,,,False,1,No solution exists for discriminant 
0.38461599999999996,1425,,3.42804657493109,0.015185708191639873,1.0,,,,False,1,No solution exists for discriminant 
0.38461599999999996,1450,,3.42804657493109,0.015185708191639873,1.0,,,,False,1,No solution exists for discriminant 
0.38461599999999996,1475,,3.42804657493109,0.015185708191639873,1.0,,,,False,1,No solution exists for discriminant 
0.38461599999999996,1500,,3.42804657493109,0.015185708191639873,1.0,,,,False,1,No solution exists for discriminant 
0.38461599999999996,1525,,3.42804657493109,0.015185708191639873,1.0,,,,False,1,No solution exists for discriminant 
0.410257,-100,-25.925925925925927,3.4645174078560284,0.015008505767172347,4.512592978682488,3.853626816634571,-99.90884339422962,-0.09115660577037943,True,2,
0.410257,-75,-19.927714839798302,3.4645174078560284,0.015008505767172347,3.4656895373562264,3.763602630955707,-74.99999999999997,-2.842170943040401e-14,True,2,
0.410257,-50,-13.627520158447636,3.4645174078560284,0.015008505767172347,2.3700035058169804,3.669046122746347,-49.999999999999986,-1.4210854715202004e-14,True,2,
0.410257,-25,-7.003527199420608,3.4645174078560284,0.015008505767172348,1.218004730334019,3.569629886219081,-25.000000000000025,2.4868995751603507e-14,True,2,
0.410257,0,0.0,3.4645174078560284,0.015008505767172347,0.0,3.4645174078560284,0.0,0.0,True,1,
0.410257,25,7.456897985528031,3.4645174078560284,0.015008505767172348,1.2968518235700923,3.352600511435015,25.00000000000001,-1.0658141036401503e-14,True,2,
0.410257,50,15.468588351987366,3.4645174078560284,0.015008505767172341,2.6901892786064985,3.2323570103652113,50.000000000000014,-1.4210854715202004e-14,True,2,
0.410257,75,24.181105698684128,3.4645174078560284,0.015008505767172343,4.205409686727674,3.101595143520724,74.99999999999999,1.4210854715202004e-14,True,2,
0.410257,100,33.818626621587505,3.4645174078560284,0.015008505767172347,5.881500282015218,2.9569503551680842,100.0,0.0,True,2,
0.410257,125,44.75863542485439,3.4645174078560284,0.015008505767172348,7.784110508670329,2.7927571699513365,124.99999999999999,1.4210854715202004e-14,True,2,
0.410257,150,57.73753739376219,3.4645174078560284,0.015008505767172347,10.041310851089076,2.5979632448994194,149.99999999999997,2.842170943040401e-14,True,2,
0.410257,175,74.65859126647844,3.4645174078560284,0.015008505767172333,12.984102828952771,2.344003510264125,175.0,0.0,True,2,
0.410257,200,,3.4645174078560284,0.015008505767172347,1.0,,,,False,1,No solution exists for discriminant 
0.410257,225,,3.4645174078560284,0.015008505767172347,1.0,,,,False,1,No solution exists for discriminant 
0.410257,250,,3.4645174078560284,0.015008505767172347,1.0,,,,False,1,No solution exists for discriminant 
0.410257,275,,3.4645174078560284,0.015008505767172347,1.0,,,,False,1,No solution exists for discriminant 
0.410257,300,,3.4645174078560284,0.015008505767172347,1.0,,,,False,1,No solution exists for discriminant 
0.410257,325,,3.4645174078560284,0.015008505767172347,1.0,,,,False,1,No solution exists for discriminant 
0.410257,350,,3.4645174078560284,0.015008505767172347,1.0,,,,False,1,No solution exists for discriminant 
0.410257,375,,3.4645174078560284,0.015008505767172347,1.0,,,,False,1,No solution exists for discriminant 
0.410257,400,,3.4645174078560284,0.015008505767172347,1.0,,,,False,1,No solution exists for discriminant 
0.410257,425,,3.4645174078560284,0.015008505767172347,1.0,,,,False,1,No solution exists for discriminant 
0.410257,450,,3.4645174078560284,0.015008505767172347,1.0,,,,False,1,No solution exists for discriminant 
0.410257,475,,3.4645174078560284,0.015008505767172347,1.0,,,,False,1,No solution exists for discriminant 
0.410257,500,,3.4645174078560284,0.015008505767172347,1.0,,,,False,1,No solution exists for discriminant 
0.410257,525,,3.4645174078560284,0.015008505767172347,1.0,,,,False,1,No solution exists for discriminant 
0.410257,550,,3.4645174078560284,0.015008505767172347,1.0,,,,False,1,No solution exists for discriminant 
0.410257,575,,3.4645174078560284,0.015008505767172347,1.0,,,,False,1,No solution exists for discriminant 
0.410257,600,,3.4645174078560284,0.015008505767172347,1.0,,,,False,1,No solution exists for discriminant 
0.410257,625,,3.4645174078560284,0.015008505767172347,1.0,,,,False,1,No solution exists for discriminant 
0.410257,650,,3.4645174078560284,0.015008505767172347,1.0,,,,False,1,No solution exists for discriminant 
0.410257,675,,3.4645174078560284,0.015008505767172347,1.0,,,,False,1,No solution exists for discriminant 
0.410257,700,,3.4645174078560284,0.015008505767172347,1.0,,,,False,1,No solution exists for discriminant 
0.410257,725,,3.4645174078560284,0.015008505767172347,1.0,,,,False,1,No solution exists for discriminant 
0.410257,750,,3.4645174078560284,0.015008505767172347,1.0,,,,False,1,No solution exists for discriminant 
0.410257,775,,3.4645174078560284,0.015008505767172347,1.0,,,,False,1,No solution exists for discriminant 
0.410257,800,,3.4645174078560284,0.015008505767172347,1.0,,,,False,1,No solution exists for discriminant 
0.410257,825,,3.4645174078560284,0.015008505767172347,1.0,,,,False,1,No solution exists for discriminant 
0.410257,850,,3.4645174078560284,0.015008505767172347,1.0,,,,False,1,No solution exists for discriminant 
0.410257,875,,3.4645174078560284,0.015008505767172347,1.0,,,,False,1,No solution exists for discriminant 
0.410257,900,,3.4645174078560284,0.015008505767172347,1.0,,,,False,1,No solution exists for discriminant 
0.410257,925,,3.4645174078560284,0.015008505767172347,1.0,,,,False,1,No solution exists for discriminant 
0.410257,950,,3.4645174078560284,0.015008505767172347,1.0,,,,False,1,No solution exists for discriminant 
0.410257,975,,3.4645174078560284,0.015008505767172347,1.0,,,,False,1,No solution exists for discriminant 
0.410257,1000,,3.4645174078560284,0.015008505767172347,1.0,,,,False,1,No solution exists for discriminant 
0.410257,1025,,3.4645174078560284,0.015008505767172347,1.0,,,,False,1,No solution exists for discriminant 
0.410257,1050,,3.4645174078560284,0.015008505767172347,1.0,,,,False,1,No solution exists for discriminant 
0.410257,1075,,3.4645174078560284,0.015008505767172347,1.0,,,,False,1,No solution exists for discriminant 
0.410257,1100,,3.4645174078560284,0.015008505767172347,1.0,,,,False,1,No solution exists for discriminant 
0.410257,1125,,3.4645174078560284,0.015008505767172347,1.0,,,,False,1,No solution exists for discriminant 
0.410257,1150,,3.4645174078560284,0.015008505767172347,1.0,,,,False,1,No solution exists for discriminant 
0.410257,1175,,3.4645174078560284,0.015008505767172347,1.0,,,,False,1,No solution exists for discriminant 
0.410257,1200,,3.4645174078560284,0.015008505767172347,1.0,,,,False,1,No solution exists for discriminant 
0.410257,1225,,3.4645174078560284,0.015008505767172347,1.0,,,,False,1,No solution exists for discriminant 
0.410257,1250,,3.4645174078560284,0.015008505767172347,1.0,,,,False,1,No solution exists for discriminant 
0.410257,1275,,3.4645174078560284,0.015008505767172347,1.0,,,,False,1,No solution exists for discriminant 
0.410257,1300,,3.4645174078560284,0.015008505767172347,1.0,,,,False,1,No solution exists for discriminant 
0.410257,1325,,3.4645174078560284,0.015008505767172347,1.0,,,,False,1,No solution exists for discriminant 
0.410257,1350,,3.4645174078560284,0.015008505767172347,1.0,,,,False,1,No solution exists for discriminant 
0.410257,1375,,3.4645174078560284,0.015008505767172347,1.0,,,,False,1,No solution exists for discriminant 
0.410257,1400,,3.4645174078560284,0.015008505767172347,1.0,,,,False,1,No solution exists for discriminant 
0.410257,1425,,3.4645174078560284,0.015008505767172347,1.0,,,,False,1,No solution exists for discriminant 
0.410257,1450,,3.4645174078560284,0.015008505767172347,1.0,,,,False,1,No solution exists for discriminant 
0.410257,1475,,3.4645174078560284,0.015008505767172347,1.0,,,,False,1,No solution exists for discriminant 
0.410257,1500,,3.4645174078560284,0.015008505767172347,1.0,,,,False,1,No solution exists for discriminant 
0.410257,1525,,3.4645174078560284,0.015008505767172347,1.0,,,,False,1,No solution exists for discriminant 
0.435898,-100,-25.710214990759482,3.5051798212507874,0.014948330823515899,4.471341737523388,3.889504620476378,-100.00000000000004,4.263256414560601e-14,True,2,
0.435898,-75,-19.735817165520036,3.5051798212507874,0.0149483308235159,3.432316028786093,3.800197345313405,-74.99999999999997,-2.842170943040401e-14,True,2,
0.435898,-50,-13.488676072204674,3.5051798212507874,0.014948330823515906,2.3458567082095088,3.706813013549346,-49.999999999999964,-3.552713678800501e-14,True,2,
0.435898,-25,-6.927632683985273,3.5051798212507874,0.014948330823515902,1.2048056841713517,3.6087363664348007,-24.99999999999998,-2.1316282072803006e-14,True,2,
0.435898,0,0.0,3.5051798212507874,0.014948330823515897,0.0,3.5051798212507874,0.0,0.0,True,1,
0.435898,25,7.3635376887038655,3.5051798212507874,0.014948330823515899,1.280615250209368,3.3951072238486146,25.000000000000025,-2.4868995751603507e-14,True,2,
0.435898,50,15.25735580215923,3.5051798212507874,0.014948330823515902,2.653453182984214,3.2771078192280214,50.000000000000036,-3.552713678800501e-14,True,2,
0.435898,75,23.815770283583237,3.5051798212507874,0.0149483308235159,4.141873092797085,3.1491738082349263,75.00000000000001,-1.4210854715202004e-14,True,2,
0.435898,100,33.24167142214536,3.5051798212507874,0.014948330823515897,5.781160247329628,3.008272319705944,100.00000000000001,-1.4210854715202004e-14,True,2,
0.435898,125,43.868620297682,3.5051798212507874,0.014948330823515897,7.629325269162087,2.8494171722698325,125.00000000000001,-1.4210854715202004e-14,True,2,
0.435898,150,56.32193086172046,3.5051798212507874,0.014948330823515908,9.795118410733993,2.6632609661105997,150.00000000000003,-2.842170943040401e-14,True,2,
0.435898,175,72.08821114502227,3.5051798212507874,0.014948330823515946,12.537080199134309,2.4275813925795253,175.00000000000003,-2.842170943040401e-14,True,2,
0.435898,200,98.09784315687237,3.5051798212507874,0.014948330823516143,17.06049446206476,2.0387808086684602,200.00000000000003,-2.842170943040401e-14,True,2,
0.435898,225,,3.5051798212507874,0.014948330823515902,1.0,,,,False,1,No solution exists for discriminant 
0.435898,250,,3.5051798212507874,0.014948330823515902,1.0,,,,False,1,No solution exists for discriminant 
0.435898,275,,3.5051798212507874,0.014948330823515902,1.0,,,,False,1,No solution exists for discriminant 
0.435898,300,,3.5051798212507874,0.014948330823515902,1.0,,,,False,1,No solution exists for discriminant 
0.435898,325,,3.5051798212507874,0.014948330823515902,1.0,,,,False,1,No solution exists for discriminant 
0.435898,350,,3.5051798212507874,0.014948330823515902,1.0,,,,False,1,No solution exists for discriminant 
0.435898,375,,3.5051798212507874,0.014948330823515902,1.0,,,,False,1,No solution exists for discriminant 
0.435898,400,,3.5051798212507874,0.014948330823515902,1.0,,,,False,1,No solution exists for discriminant 
0.435898,425,,3.5051798212507874,0.014948330823515902,1.0,,,,False,1,No solution exists for discriminant 
0.435898,450,,3.5051798212507874,0.014948330823515902,1.0,,,,False,1,No solution exists for discriminant 
0.435898,475,,3.5051798212507874,0.014948330823515902,1.0,,,,False,1,No solution exists for discriminant 
0.435898,500,,3.5051798212507874,0.014948330823515902,1.0,,,,False,1,No solution exists for discriminant 
0.435898,525,,3.5051798212507874,0.014948330823515902,1.0,,,,False,1,No solution exists for discriminant 
0.435898,550,,3.5051798212507874,0.014948330823515902,1.0,,,,False,1,No solution exists for discriminant 
0.435898,575,,3.5051798212507874,0.014948330823515902,1.0,,,,False,1,No solution exists for discriminant 
0.435898,600,,3.5051798212507874,0.014948330823515902,1.0,,,,False,1,No solution exists for discriminant 
0.435898,625,,3.5051798212507874,0.014948330823515902,1.0,,,,False,1,No solution exists for discriminant 
0.435898,650,,3.5051798212507874,0.014948330823515902,1.0,,,,False,1,No solution exists for discriminant 
0.435898,675,,3.5051798212507874,0.014948330823515902,1.0,,,,False,1,No solution exists for discriminant 
0.435898,700,,3.5051798212507874,0.014948330823515902,1.0,,,,False,1,No solution exists for discriminant 
0.435898,725,,3.5051798212507874,0.014948330823515902,1.0,,,,False,1,No solution exists for discriminant 
0.435898,750,,3.5051798212507874,0.014948330823515902,1.0,,,,False,1,No solution exists for discriminant 
0.435898,775,,3.5051798212507874,0.014948330823515902,1.0,,,,False,1,No solution exists for discriminant 
0.435898,800,,3.5051798212507874,0.014948330823515902,1.0,,,,False,1,No solution exists for discriminant 
0.435898,825,,3.5051798212507874,0.014948330823515902,1.0,,,,False,1,No solution exists for discriminant 
0.435898,850,,3.5051798212507874,0.014948330823515902,1.0,,,,False,1,No solution exists for discriminant 
0.435898,875,,3.5051798212507874,0.014948330823515902,1.0,,,,False,1,No solution exists for discriminant 
0.435898,900,,3.5051798212507874,0.014948330823515902,1.0,,,,False,1,No solution exists for discriminant 
0.435898,925,,3.5051798212507874,0.014948330823515902,1.0,,,,False,1,No solution exists for discriminant 
0.435898,950,,3.5051798212507874,0.014948330823515902,1.0,,,,False,1,No solution exists for discriminant 
0.435898,975,,3.5051798212507874,0.014948330823515902,1.0,,,,False,1,No solution exists for discriminant 
0.435898,1000,,3.5051798212507874,0.014948330823515902,1.0,,,,False,1,No solution exists for discriminant 
0.435898,1025,,3.5051798212507874,0.014948330823515902,1.0,,,,False,1,No solution exists for discriminant 
0.435898,1050,,3.5051798212507874,0.014948330823515902,1.0,,,,False,1,No solution exists for discriminant 
0.435898,1075,,3.5051798212507874,0.014948330823515902,1.0,,,,False,1,No solution exists for discriminant 
0.435898,1100,,3.5051798212507874,0.014948330823515902,1.0,,,,False,1,No solution exists for discriminant 
0.435898,1125,,3.5051798212507874,0.014948330823515902,1.0,,,,False,1,No solution exists for discriminant 
0.435898,1150,,3.5051798212507874,0.014948330823515902,1.0,,,,False,1,No solution exists for discriminant 
0.435898,1175,,3.5051798212507874,0.014948330823515902,1.0,,,,False,1,No solution exists for discriminant 
0.435898,1200,,3.5051798212507874,0.014948330823515902,1.0,,,,False,1,No solution exists for discriminant 
0.435898,1225,,3.5051798212507874,0.014948330823515902,1.0,,,,False,1,No solution exists for discriminant 
0.435898,1250,,3.5051798212507874,0.014948330823515902,1.0,,,,False,1,No solution exists for discriminant 
0.435898,1275,,3.5051798212507874,0.014948330823515902,1.0,,,,False,1,No solution exists for discriminant 
0.435898,1300,,3.5051798212507874,0.014948330823515902,1.0,,,,False,1,No solution exists for discriminant 
0.435898,1325,,3.5051798212507874,0.014948330823515902,1.0,,,,False,1,No solution exists for discriminant 
0.435898,1350,,3.5051798212507874,0.014948330823515902,1.0,,,,False,1,No solution exists for discriminant 
0.435898,1375,,3.5051798212507874,0.014948330823515902,1.0,,,,False,1,No solution exists for discriminant 
0.435898,1400,,3.5051798212507874,0.014948330823515902,1.0,,,,False,1,No solution exists for discriminant 
0.435898,1425,,3.5051798212507874,0.014948330823515902,1.0,,,,False,1,No solution exists for discriminant 
0.435898,1450,,3.5051798212507874,0.014948330823515902,1.0,,,,False,1,No solution exists for discriminant 
0.435898,1475,,3.5051798212507874,0.014948330823515902,1.0,,,,False,1,No solution exists for discriminant 
0.435898,1500,,3.5051798212507874,0.014948330823515902,1.0,,,,False,1,No solution exists for discriminant 
0.435898,1525,,3.5051798212507874,0.014948330823515902,1.0,,,,False,1,No solution exists for discriminant 
0.461539,-100,-25.474055687734673,3.544706793322121,0.014950732636763317,4.430270554388639,3.9255625890834622,-100.00000000000001,1.4210854715202004e-14,True,2,
0.461539,-75,-19.54679717722985,3.544706793322121,0.014950732636763317,3.3994429873443215,3.836945731823924,-75.0,0.0,True,2,
0.461539,-50,-13.353450192360622,3.544706793322121,0.014950732636763322,2.322339163888804,3.74435065692644,-49.99999999999999,-7.105427357601002e-15,True,2,
0.461539,-25,-6.8545958798546485,3.544706793322121,0.014950732636763314,1.1921036312790694,3.6471880236548873,-25.000000000000007,7.105427357601002e-15,True,2,
0.461539,0,0.0,3.544706793322121,0.014950732636763317,0.0,3.544706793322121,0.0,0.0,True,1,
0.461539,25,7.276062452656845,3.544706793322121,0.014950732636763315,1.2654021656794512,3.435924328944056,25.00000000000001,-1.0658141036401503e-14,True,2,
0.461539,50,15.062454689139713,3.544706793322121,0.014950732636763319,2.619557337241689,3.319512060411431,49.999999999999986,1.4210854715202004e-14,True,2,
0.461539,75,23.48449556517301,3.544706793322121,0.014950732636763315,4.084260098290958,3.193596379017966,75.0,0.0,True,2,
0.461539,100,32.7291279765994,3.544706793322121,0.014950732636763317,5.692022256799896,3.055382351509573,100.00000000000003,-2.842170943040401e-14,True,2,
0.461539,125,43.0981239480678,3.544706793322121,0.014950732636763315,7.495325904011792,2.900358265028473,125.00000000000001,-1.4210854715202004e-14,True,2,
0.461539,150,55.14072152450911,3.544706793322121,0.014950732636763322,9.589690699914629,2.720312608410965,150.00000000000003,-2.842170943040401e-14,True,2,
0.461539,175,70.08902763145628,3.544706793322121,0.014950732636763345,12.189396109818484,2.4968244804335,175.00000000000003,-2.842170943040401e-14,True,2,
0.461539,200,92.54732951448185,3.544706793322121,0.014950732636763418,16.095187741649017,2.1610564135046593,200.00000000000003,-2.842170943040401e-14,True,2,
0.461539,225,,3.544706793322121,0.014950732636763315,1.0,,,,False,1,No solution exists for discriminant 
0.461539,250,,3.544706793322121,0.014950732636763315,1.0,,,,False,1,No solution exists for discriminant 
0.461539,275,,3.544706793322121,0.014950732636763315,1.0,,,,False,1,No solution exists for discriminant 
0.461539,300,,3.544706793322121,0.014950732636763315,1.0,,,,False,1,No solution exists for discriminant 
0.461539,325,,3.544706793322121,0.014950732636763315,1.0,,,,False,1,No solution exists for discriminant 
0.461539,350,,3.544706793322121,0.014950732636763315,1.0,,,,False,1,No solution exists for discriminant 
0.461539,375,,3.544706793322121,0.014950732636763315,1.0,,,,False,1,No solution exists for discriminant 
0.461539,400,,3.544706793322121,0.014950732636763315,1.0,,,,False,1,No solution exists for discriminant 
0.461539,425,,3.544706793322121,0.014950732636763315,1.0,,,,False,1,No solution exists for discriminant 
0.461539,450,,3.544706793322121,0.014950732636763315,1.0,,,,False,1,No solution exists for discriminant 
0.461539,475,,3.544706793322121,0.014950732636763315,1.0,,,,False,1,No solution exists for discriminant 
0.461539,500,,3.544706793322121,0.014950732636763315,1.0,,,,False,1,No solution exists for discriminant 
0.461539,525,,3.544706793322121,0.014950732636763315,1.0,,,,False,1,No solution exists for discriminant 
0.461539,550,,3.544706793322121,0.014950732636763315,1.0,,,,False,1,No solution exists for discriminant 
0.461539,575,,3.544706793322121,0.014950732636763315,1.0,,,,False,1,No solution exists for discriminant 
0.461539,600,,3.544706793322121,0.014950732636763315,1.0,,,,False,1,No solution exists for discriminant 
0.461539,625,,3.544706793322121,0.014950732636763315,1.0,,,,False,1,No solution exists for discriminant 
0.461539,650,,3.544706793322121,0.014950732636763315,1.0,,,,False,1,No solution exists for discriminant 
0.461539,675,,3.544706793322121,0.014950732636763315,1.0,,,,False,1,No solution exists for discriminant 
0.461539,700,,3.544706793322121,0.014950732636763315,1.0,,,,False,1,No solution exists for discriminant 
0.461539,725,,3.544706793322121,0.014950732636763315,1.0,,,,False,1,No solution exists for discriminant 
0.461539,750,,3.544706793322121,0.014950732636763315,1.0,,,,False,1,No solution exists for discriminant 
0.461539,775,,3.544706793322121,0.014950732636763315,1.0,,,,False,1,No solution exists for discriminant 
0.461539,800,,3.544706793322121,0.014950732636763315,1.0,,,,False,1,No solution exists for discriminant 
0.461539,825,,3.544706793322121,0.014950732636763315,1.0,,,,False,1,No solution exists for discriminant 
0.461539,850,,3.544706793322121,0.014950732636763315,1.0,,,,False,1,No solution exists for discriminant 
0.461539,875,,3.544706793322121,0.014950732636763315,1.0,,,,False,1,No solution exists for discriminant 
0.461539,900,,3.544706793322121,0.014950732636763315,1.0,,,,False,1,No solution exists for discriminant 
0.461539,925,,3.544706793322121,0.014950732636763315,1.0,,,,False,1,No solution exists for discriminant 
0.461539,950,,3.544706793322121,0.014950732636763315,1.0,,,,False,1,No solution exists for discriminant 
0.461539,975,,3.544706793322121,0.014950732636763315,1.0,,,,False,1,No solution exists for discriminant 
0.461539,1000,,3.544706793322121,0.014950732636763315,1.0,,,,False,1,No solution exists for discriminant 
0.461539,1025,,3.544706793322121,0.014950732636763315,1.0,,,,False,1,No solution exists for discriminant 
0.461539,1050,,3.544706793322121,0.014950732636763315,1.0,,,,False,1,No solution exists for discriminant 
0.461539,1075,,3.544706793322121,0.014950732636763315,1.0,,,,False,1,No solution exists for discriminant 
0.461539,1100,,3.544706793322121,0.014950732636763315,1.0,,,,False,1,No solution exists for discriminant 
0.461539,1125,,3.544706793322121,0.014950732636763315,1.0,,,,False,1,No solution exists for discriminant 
0.461539,1150,,3.544706793322121,0.014950732636763315,1.0,,,,False,1,No solution exists for discriminant 
0.461539,1175,,3.544706793322121,0.014950732636763315,1.0,,,,False,1,No solution exists for discriminant 
0.461539,1200,,3.544706793322121,0.014950732636763315,1.0,,,,False,1,No solution exists for discriminant 
0.461539,1225,,3.544706793322121,0.014950732636763315,1.0,,,,False,1,No solution exists for discriminant 
0.461539,1250,,3.544706793322121,0.014950732636763315,1.0,,,,False,1,No solution exists for discriminant 
0.461539,1275,,3.544706793322121,0.014950732636763315,1.0,,,,False,1,No solution exists for discriminant 
0.461539,1300,,3.544706793322121,0.014950732636763315,1.0,,,,False,1,No solution exists for discriminant 
0.461539,1325,,3.544706793322121,0.014950732636763315,1.0,,,,False,1,No solution exists for discriminant 
0.461539,1350,,3.544706793322121,0.014950732636763315,1.0,,,,False,1,No solution exists for discriminant 
0.461539,1375,,3.544706793322121,0.014950732636763315,1.0,,,,False,1,No solution exists for discriminant 
0.461539,1400,,3.544706793322121,0.014950732636763315,1.0,,,,False,1,No solution exists for discriminant 
0.461539,1425,,3.544706793322121,0.014950732636763315,1.0,,,,False,1,No solution exists for discriminant 
0.461539,1450,,3.544706793322121,0.014950732636763315,1.0,,,,False,1,No solution exists for discriminant 
0.461539,1475,,3.544706793322121,0.014950732636763315,1.0,,,,False,1,No solution exists for discriminant 
0.461539,1500,,3.544706793322121,0.014950732636763315,1.0,,,,False,1,No solution exists for discriminant 
0.461539,1525,,3.544706793322121,0.014950732636763315,1.0,,,,False,1,No solution exists for discriminant 
0.48718,-100,-25.251686230087063,3.584532078803474,0.014874234310077146,4.3915976052325325,3.9601315765143372,-100.00000000000006,5.684341886080802e-14,True,2,
0.48718,-75,-19.366838770237333,3.584532078803474,0.014874234310077145,3.3681458730847535,3.8725989765174704,-74.99999999999996,-4.263256414560601e-14,True,2,
0.48718,-50,-13.223252955652683,3.584532078803474,0.014874234310077143,2.2996961662004667,3.7812178416072717,-50.000000000000014,1.4210854715202004e-14,True,2,
0.48718,-25,-6.783467191876639,3.584532078803474,0.014874234310077143,1.1797334246741982,3.685430959250168,-24.999999999999964,-3.552713678800501e-14,True,2,
0.48718,0,0.0,3.584532078803474,0.014874234310077141,0.0,3.584532078803474,0.0,0.0,True,1,
0.48718,25,7.188859052807607,3.584532078803474,0.014874234310077143,1.2502363570100186,3.477603304829894,25.000000000000036,-3.552713678800501e-14,True,2,
0.48718,50,14.865847721454513,3.584532078803474,0.014874234310077148,2.585364821122524,3.363413976576633,50.0,0.0,True,2,
0.48718,75,23.146380829730756,3.584532078803474,0.014874234310077145,4.025457535605349,3.240247386911781,75.00000000000003,-2.842170943040401e-14,True,2,
0.48718,100,32.20010209454767,3.584532078803474,0.014874234310077146,5.600017755573507,3.105580215440766,100.0,0.0,True,2,
0.48718,125,42.29510445963045,3.584532078803474,0.014874234310077146,7.355670340805296,2.9554247849017417,125.00000000000001,-1.4210854715202004e-14,True,2,
0.48718,150,53.903278686789676,3.584532078803474,0.01487423431007714,9.374483249876466,2.782762081534777,150.00000000000003,-2.842170943040401e-14,True,2,
0.48718,175,68.01939227876959,3.584532078803474,0.014874234310077126,11.829459526742538,2.572795700420004,175.0,0.0,True,2,
0.48718,200,87.7395755773007,3.584532078803474,0.014874234310077084,15.259056622139251,2.2794730733999864,200.0,0.0,True,2,
0.48718,225,,3.584532078803474,0.014874234310077145,1.0,,,,False,1,No solution exists for discriminant 
0.48718,250,,3.584532078803474,0.014874234310077145,1.0,,,,False,1,No solution exists for discriminant 
0.48718,275,,3.584532078803474,0.014874234310077145,1.0,,,,False,1,No solution exists for discriminant 
0.48718,300,,3.584532078803474,0.014874234310077145,1.0,,,,False,1,No solution exists for discriminant 
0.48718,325,,3.584532078803474,0.014874234310077145,1.0,,,,False,1,No solution exists for discriminant 
0.48718,350,,3.584532078803474,0.014874234310077145,1.0,,,,False,1,No solution exists for discriminant 
0.48718,375,,3.584532078803474,0.014874234310077145,1.0,,,,False,1,No solution exists for discriminant 
0.48718,400,,3.584532078803474,0.014874234310077145,1.0,,,,False,1,No solution exists for discriminant 
0.48718,425,,3.584532078803474,0.014874234310077145,1.0,,,,False,1,No solution exists for discriminant 
0.48718,450,,3.584532078803474,0.014874234310077145,1.0,,,,False,1,No solution exists for discriminant 
0.48718,475,,3.584532078803474,0.014874234310077145,1.0,,,,False,1,No solution exists for discriminant 
0.48718,500,,3.584532078803474,0.014874234310077145,1.0,,,,False,1,No solution exists for discriminant 
0.48718,525,,3.584532078803474,0.014874234310077145,1.0,,,,False,1,No solution exists for discriminant 
0.48718,550,,3.584532078803474,0.014874234310077145,1.0,,,,False,1,No solution exists for discriminant 
0.48718,575,,3.584532078803474,0.014874234310077145,1.0,,,,False,1,No solution exists for discriminant 
0.48718,600,,3.584532078803474,0.014874234310077145,1.0,,,,False,1,No solution exists for discriminant 
0.48718,625,,3.584532078803474,0.014874234310077145,1.0,,,,False,1,No solution exists for discriminant 
0.48718,650,,3.584532078803474,0.014874234310077145,1.0,,,,False,1,No solution exists for discriminant 
0.48718,675,,3.584532078803474,0.014874234310077145,1.0,,,,False,1,No solution exists for discriminant 
0.48718,700,,3.584532078803474,0.014874234310077145,1.0,,,,False,1,No solution exists for discriminant 
0.48718,725,,3.584532078803474,0.014874234310077145,1.0,,,,False,1,No solution exists for discriminant 
0.48718,750,,3.584532078803474,0.014874234310077145,1.0,,,,False,1,No solution exists for discriminant 
0.48718,775,,3.584532078803474,0.014874234310077145,1.0,,,,False,1,No solution exists for discriminant 
0.48718,800,,3.584532078803474,0.014874234310077145,1.0,,,,False,1,No solution exists for discriminant 
0.48718,825,,3.584532078803474,0.014874234310077145,1.0,,,,False,1,No solution exists for discriminant 
0.48718,850,,3.584532078803474,0.014874234310077145,1.0,,,,False,1,No solution exists for discriminant 
0.48718,875,,3.584532078803474,0.014874234310077145,1.0,,,,False,1,No solution exists for discriminant 
0.48718,900,,3.584532078803474,0.014874234310077145,1.0,,,,False,1,No solution exists for discriminant 
0.48718,925,,3.584532078803474,0.014874234310077145,1.0,,,,False,1,No solution exists for discriminant 
0.48718,950,,3.584532078803474,0.014874234310077145,1.0,,,,False,1,No solution exists for discriminant 
0.48718,975,,3.584532078803474,0.014874234310077145,1.0,,,,False,1,No solution exists for discriminant 
0.48718,1000,,3.584532078803474,0.014874234310077145,1.0,,,,False,1,No solution exists for discriminant 
0.48718,1025,,3.584532078803474,0.014874234310077145,1.0,,,,False,1,No solution exists for discriminant 
0.48718,1050,,3.584532078803474,0.014874234310077145,1.0,,,,False,1,No solution exists for discriminant 
0.48718,1075,,3.584532078803474,0.014874234310077145,1.0,,,,False,1,No solution exists for discriminant 
0.48718,1100,,3.584532078803474,0.014874234310077145,1.0,,,,False,1,No solution exists for discriminant 
0.48718,1125,,3.584532078803474,0.014874234310077145,1.0,,,,False,1,No solution exists for discriminant 
0.48718,1150,,3.584532078803474,0.014874234310077145,1.0,,,,False,1,No solution exists for discriminant 
0.48718,1175,,3.584532078803474,0.014874234310077145,1.0,,,,False,1,No solution exists for discriminant 
0.48718,1200,,3.584532078803474,0.014874234310077145,1.0,,,,False,1,No solution exists for discriminant 
0.48718,1225,,3.584532078803474,0.014874234310077145,1.0,,,,False,1,No solution exists for discriminant 
0.48718,1250,,3.584532078803474,0.014874234310077145,1.0,,,,False,1,No solution exists for discriminant 
0.48718,1275,,3.584532078803474,0.014874234310077145,1.0,,,,False,1,No solution exists for discriminant 
0.48718,1300,,3.584532078803474,0.014874234310077145,1.0,,,,False,1,No solution exists for discriminant 
0.48718,1325,,3.584532078803474,0.014874234310077145,1.0,,,,False,1,No solution exists for discriminant 
0.48718,1350,,3.584532078803474,0.014874234310077145,1.0,,,,False,1,No solution exists for discriminant 
0.48718,1375,,3.584532078803474,0.014874234310077145,1.0,,,,False,1,No solution exists for discriminant 
0.48718,1400,,3.584532078803474,0.014874234310077145,1.0,,,,False,1,No solution exists for discriminant 
0.48718,1425,,3.584532078803474,0.014874234310077145,1.0,,,,False,1,No solution exists for discriminant 
0.48718,1450,,3.584532078803474,0.014874234310077145,1.0,,,,False,1,No solution exists for discriminant 
0.48718,1475,,3.584532078803474,0.014874234310077145,1.0,,,,False,1,No solution exists for discriminant 
0.48718,1500,,3.584532078803474,0.014874234310077145,1.0,,,,False,1,No solution exists for discriminant 
0.48718,1525,,3.584532078803474,0.014874234310077145,1.0,,,,False,1,No solution exists for discriminant 
0.5128210000000001,-100,-25.041950257856833,3.622207731199622,0.014818792774886009,4.355121783975101,3.9932992027498058,-99.99999999999999,-1.4210854715202004e-14,True,2,
0.5128210000000001,-75,-19.197807747054384,3.622207731199622,0.014818792774886007,3.3387491734007626,3.9066960659353223,-75.00000000000001,1.4210854715202004e-14,True,2,
0.5128210000000001,-50,-13.101502485894583,3.622207731199622,0.014818792774886003,2.2785221714599273,3.816356181577748,-50.00000000000002,2.1316282072803006e-14,True,2,
0.5128210000000001,-25,-6.717270866368304,3.622207731199622,0.014818792774886005,1.168221020237966,3.721749576181113,-24.999999999999975,-2.4868995751603507e-14,True,2,
0.5128210000000001,0,0.0,3.622207731199622,0.014818792774886003,0.0,3.622207731199622,0.0,0.0,True,1,
0.5128210000000001,25,7.108600068224008,3.622207731199622,0.014818792774886012,1.23627827273461,3.51686685986907,25.00000000000002,-2.1316282072803006e-14,True,2,
0.5128210000000001,50,14.686110977539835,3.622207731199622,0.014818792774886014,2.5541062569634496,3.4045772959544807,49.999999999999986,1.4210854715202004e-14,True,2,
0.5128210000000001,75,22.83973851246075,3.622207731199622,0.014818792774886007,3.972128436949696,3.283750379150883,75.00000000000001,-1.4210854715202004e-14,True,2,
0.5128210000000001,100,31.72507958657342,3.622207731199622,0.014818792774886007,5.517405145491029,3.1520803510394244,100.00000000000001,-1.4210854715202004e-14,True,2,
0.5128210000000001,125,41.583665551387725,3.622207731199622,0.014818792774886007,7.231941835023952,3.005988008573442,125.00000000000003,-2.842170943040401e-14,True,2,
0.5128210000000001,150,52.8290994667432,3.622207731199622,0.014818792774886,9.18766947247708,2.839344253718114,150.0,0.0,True,2,
0.5128210000000001,175,66.29182230143859,3.622207731199622,0.014818792774885991,11.529012574163232,2.639842953845038,175.0,0.0,True,2,
0.5128210000000001,200,84.26219128861236,3.622207731199622,0.014818792774885996,14.654294137149975,2.3735437797358716,200.0,0.0,True,2,
0.5128210000000001,225,,3.622207731199622,0.014818792774886005,1.0,,,,False,1,No solution exists for discriminant 
0.5128210000000001,250,,3.622207731199622,0.014818792774886005,1.0,,,,False,1,No solution exists for discriminant 
0.5128210000000001,275,,3.622207731199622,0.014818792774886005,1.0,,,,False,1,No solution exists for discriminant 
0.5128210000000001,300,,3.622207731199622,0.014818792774886005,1.0,,,,False,1,No solution exists for discriminant 
0.5128210000000001,325,,3.622207731199622,0.014818792774886005,1.0,,,,False,1,No solution exists for discriminant 
0.5128210000000001,350,,3.622207731199622,0.014818792774886005,1.0,,,,False,1,No solution exists for discriminant 
0.5128210000000001,375,,3.622207731199622,0.014818792774886005,1.0,,,,False,1,No solution exists for discriminant 
0.5128210000000001,400,,3.622207731199622,0.014818792774886005,1.0,,,,False,1,No solution exists for discriminant 
0.5128210000000001,425,,3.622207731199622,0.014818792774886005,1.0,,,,False,1,No solution exists for discriminant 
0.5128210000000001,450,,3.622207731199622,0.014818792774886005,1.0,,,,False,1,No solution exists for discriminant 
0.5128210000000001,475,,3.622207731199622,0.014818792774886005,1.0,,,,False,1,No solution exists for discriminant 
0.5128210000000001,500,,3.622207731199622,0.014818792774886005,1.0,,,,False,1,No solution exists for discriminant 
0.5128210000000001,525,,3.622207731199622,0.014818792774886005,1.0,,,,False,1,No solution exists for discriminant 
0.5128210000000001,550,,3.622207731199622,0.014818792774886005,1.0,,,,False,1,No solution exists for discriminant 
0.5128210000000001,575,,3.622207731199622,0.014818792774886005,1.0,,,,False,1,No solution exists for discriminant 
0.5128210000000001,600,,3.622207731199622,0.014818792774886005,1.0,,,,False,1,No solution exists for discriminant 
0.5128210000000001,625,,3.622207731199622,0.014818792774886005,1.0,,,,False,1,No solution exists for discriminant 
0.5128210000000001,650,,3.622207731199622,0.014818792774886005,1.0,,,,False,1,No solution exists for discriminant 
0.5128210000000001,675,,3.622207731199622,0.014818792774886005,1.0,,,,False,1,No solution exists for discriminant 
0.5128210000000001,700,,3.622207731199622,0.014818792774886005,1.0,,,,False,1,No solution exists for discriminant 
0.5128210000000001,725,,3.622207731199622,0.014818792774886005,1.0,,,,False,1,No solution exists for discriminant 
0.5128210000000001,750,,3.622207731199622,0.014818792774886005,1.0,,,,False,1,No solution exists for discriminant 
0.5128210000000001,775,,3.622207731199622,0.014818792774886005,1.0,,,,False,1,No solution exists for discriminant 
0.5128210000000001,800,,3.622207731199622,0.014818792774886005,1.0,,,,False,1,No solution exists for discriminant 
0.5128210000000001,825,,3.622207731199622,0.014818792774886005,1.0,,,,False,1,No solution exists for discriminant 
0.5128210000000001,850,,3.622207731199622,0.014818792774886005,1.0,,,,False,1,No solution exists for discriminant 
0.5128210000000001,875,,3.622207731199622,0.014818792774886005,1.0,,,,False,1,No solution exists for discriminant 
0.5128210000000001,900,,3.622207731199622,0.014818792774886005,1.0,,,,False,1,No solution exists for discriminant 
0.5128210000000001,925,,3.622207731199622,0.014818792774886005,1.0,,,,False,1,No solution exists for discriminant 
0.5128210000000001,950,,3.622207731199622,0.014818792774886005,1.0,,,,False,1,No solution exists for discriminant 
0.5128210000000001,975,,3.622207731199622,0.014818792774886005,1.0,,,,False,1,No solution exists for discriminant 
0.5128210000000001,1000,,3.622207731199622,0.014818792774886005,1.0,,,,False,1,No solution exists for discriminant 
0.5128210000000001,1025,,3.622207731199622,0.014818792774886005,1.0,,,,False,1,No solution exists for discriminant 
0.5128210000000001,1050,,3.622207731199622,0.014818792774886005,1.0,,,,False,1,No solution exists for discriminant 
0.5128210000000001,1075,,3.622207731199622,0.014818792774886005,1.0,,,,False,1,No solution exists for discriminant 
0.5128210000000001,1100,,3.622207731199622,0.014818792774886005,1.0,,,,False,1,No solution exists for discriminant 
0.5128210000000001,1125,,3.622207731199622,0.014818792774886005,1.0,,,,False,1,No solution exists for discriminant 
0.5128210000000001,1150,,3.622207731199622,0.014818792774886005,1.0,,,,False,1,No solution exists for discriminant 
0.5128210000000001,1175,,3.622207731199622,0.014818792774886005,1.0,,,,False,1,No solution exists for discriminant 
0.5128210000000001,1200,,3.622207731199622,0.014818792774886005,1.0,,,,False,1,No solution exists for discriminant 
0.5128210000000001,1225,,3.622207731199622,0.014818792774886005,1.0,,,,False,1,No solution exists for discriminant 
0.5128210000000001,1250,,3.622207731199622,0.014818792774886005,1.0,,,,False,1,No solution exists for discriminant 
0.5128210000000001,1275,,3.622207731199622,0.014818792774886005,1.0,,,,False,1,No solution exists for discriminant 
0.5128210000000001,1300,,3.622207731199622,0.014818792774886005,1.0,,,,False,1,No solution exists for discriminant 
0.5128210000000001,1325,,3.622207731199622,0.014818792774886005,1.0,,,,False,1,No solution exists for discriminant 
0.5128210000000001,1350,,3.622207731199622,0.014818792774886005,1.0,,,,False,1,No solution exists for discriminant 
0.5128210000000001,1375,,3.622207731199622,0.014818792774886005,1.0,,,,False,1,No solution exists for discriminant 
0.5128210000000001,1400,,3.622207731199622,0.014818792774886005,1.0,,,,False,1,No solution exists for discriminant 
0.5128210000000001,1425,,3.622207731199622,0.014818792774886005,1.0,,,,False,1,No solution exists for discriminant 
0.5128210000000001,1450,,3.622207731199622,0.014818792774886005,1.0,,,,False,1,No solution exists for discriminant 
0.5128210000000001,1475,,3.622207731199622,0.014818792774886005,1.0,,,,False,1,No solution exists for discriminant 
0.5128210000000001,1500,,3.622207731199622,0.014818792774886005,1.0,,,,False,1,No solution exists for discriminant 
0.5128210000000001,1525,,3.622207731199622,0.014818792774886005,1.0,,,,False,1,No solution exists for discriminant 
0.538462,-100,-24.876999784293478,3.6578345497129265,0.014549294232341753,4.3264347450945175,4.0197773391925145,-99.99999999999999,-1.4210854715202004e-14,True,2,
0.538462,-75,-19.059086870463787,3.6578345497129265,0.014549294232341754,3.3146238035589195,3.9351308123910655,-75.00000000000006,5.684341886080802e-14,True,2,
0.538462,-50,-12.997353898431733,3.6578345497129265,0.014549294232341754,2.2604093736403015,3.8469368758230837,-49.99999999999995,-4.973799150320701e-14,True,2,
0.538462,-25,-6.658306998310571,3.6578345497129265,0.014549294232341747,1.157966434488795,3.754708217320607,-25.000000000000007,7.105427357601002e-15,True,2,
0.538462,0,0.0,3.6578345497129265,0.014549294232341747,0.0,3.6578345497129265,0.0,0.0,True,1,
0.538462,25,7.0312922109295295,3.6578345497129265,0.014549294232341754,1.2228334279877442,3.55553421050254,24.999999999999982,1.7763568394002505e-14,True,2,
0.538462,50,14.50630077799244,3.6578345497129265,0.01454929423234175,2.522834917911729,3.4467781114710663,50.00000000000004,-4.263256414560601e-14,True,2,
0.538462,75,22.521414258335742,3.6578345497129265,0.014549294232341756,3.9167676971018683,3.3301638671399427,75.0,0.0,True,2,
0.538462,100,31.21397470783742,3.6578345497129265,0.014549294232341753,5.428517340493464,3.203693247527726,99.99999999999997,2.842170943040401e-14,True,2,
0.538462,125,40.791778760550365,3.6578345497129265,0.014549294232341753,7.0942223931391934,3.0643429582650903,124.99999999999999,1.4210854715202004e-14,True,2,
0.538462,150,51.597266764495956,3.6578345497129265,0.014549294232341744,8.97343769817321,2.9071307339716475,150.00000000000003,-2.842170943040401e-14,True,2,
0.538462,175,64.27490430351943,3.6578345497129265,0.014549294232341733,11.178244226699032,2.7226800552454145,175.00000000000003,-2.842170943040401e-14,True,2,
0.538462,200,80.36896174912492,3.6578345497129265,0.014549294232341716,13.977210738978247,2.4885228780770916,200.00000000000003,-2.842170943040401e-14,True,2,
0.538462,225,107.34598468422874,3.6578345497129265,0.014549294232341687,18.668866901604996,2.0960262338816382,224.99999999999997,2.842170943040401e-14,True,2,
0.538462,250,,3.6578345497129265,0.01454929423234175,1.0,,,,False,1,No solution exists for discriminant 
0.538462,275,,3.6578345497129265,0.01454929423234175,1.0,,,,False,1,No solution exists for discriminant 
0.538462,300,,3.6578345497129265,0.01454929423234175,1.0,,,,False,1,No solution exists for discriminant 
0.538462,325,,3.6578345497129265,0.01454929423234175,1.0,,,,False,1,No solution exists for discriminant 
0.538462,350,,3.6578345497129265,0.01454929423234175,1.0,,,,False,1,No solution exists for discriminant 
0.538462,375,,3.6578345497129265,0.01454929423234175,1.0,,,,False,1,No solution exists for discriminant 
0.538462,400,,3.6578345497129265,0.01454929423234175,1.0,,,,False,1,No solution exists for discriminant 
0.538462,425,,3.6578345497129265,0.01454929423234175,1.0,,,,False,1,No solution exists for discriminant 
0.538462,450,,3.6578345497129265,0.01454929423234175,1.0,,,,False,1,No solution exists for discriminant 
0.538462,475,,3.6578345497129265,0.01454929423234175,1.0,,,,False,1,No solution exists for discriminant 
0.538462,500,,3.6578345497129265,0.01454929423234175,1.0,,,,False,1,No solution exists for discriminant 
0.538462,525,,3.6578345497129265,0.01454929423234175,1.0,,,,False,1,No solution exists for discriminant 
0.538462,550,,3.6578345497129265,0.01454929423234175,1.0,,,,False,1,No solution exists for discriminant 
0.538462,575,,3.6578345497129265,0.01454929423234175,1.0,,,,False,1,No solution exists for discriminant 
0.538462,600,,3.6578345497129265,0.01454929423234175,1.0,,,,False,1,No solution exists for discriminant 
0.538462,625,,3.6578345497129265,0.01454929423234175,1.0,,,,False,1,No solution exists for discriminant 
0.538462,650,,3.6578345497129265,0.01454929423234175,1.0,,,,False,1,No solution exists for discriminant 
0.538462,675,,3.6578345497129265,0.01454929423234175,1.0,,,,False,1,No solution exists for discriminant 
0.538462,700,,3.6578345497129265,0.01454929423234175,1.0,,,,False,1,No solution exists for discriminant 
0.538462,725,,3.6578345497129265,0.01454929423234175,1.0,,,,False,1,No solution exists for discriminant 
0.538462,750,,3.6578345497129265,0.01454929423234175,1.0,,,,False,1,No solution exists for discriminant 
0.538462,775,,3.6578345497129265,0.01454929423234175,1.0,,,,False,1,No solution exists for discriminant 
0.538462,800,,3.6578345497129265,0.01454929423234175,1.0,,,,False,1,No solution exists for discriminant 
0.538462,825,,3.6578345497129265,0.01454929423234175,1.0,,,,False,1,No solution exists for discriminant 
0.538462,850,,3.6578345497129265,0.01454929423234175,1.0,,,,False,1,No solution exists for discriminant 
0.538462,875,,3.6578345497129265,0.01454929423234175,1.0,,,,False,1,No solution exists for discriminant 
0.538462,900,,3.6578345497129265,0.01454929423234175,1.0,,,,False,1,No solution exists for discriminant 
0.538462,925,,3.6578345497129265,0.01454929423234175,1.0,,,,False,1,No solution exists for discriminant 
0.538462,950,,3.6578345497129265,0.01454929423234175,1.0,,,,False,1,No solution exists for discriminant 
0.538462,975,,3.6578345497129265,0.01454929423234175,1.0,,,,False,1,No solution exists for discriminant 
0.538462,1000,,3.6578345497129265,0.01454929423234175,1.0,,,,False,1,No solution exists for discriminant 
0.538462,1025,,3.6578345497129265,0.01454929423234175,1.0,,,,False,1,No solution exists for discriminant 
0.538462,1050,,3.6578345497129265,0.01454929423234175,1.0,,,,False,1,No solution exists for discriminant 
0.538462,1075,,3.6578345497129265,0.01454929423234175,1.0,,,,False,1,No solution exists for discriminant 
0.538462,1100,,3.6578345497129265,0.01454929423234175,1.0,,,,False,1,No solution exists for discriminant 
0.538462,1125,,3.6578345497129265,0.01454929423234175,1.0,,,,False,1,No solution exists for discriminant 
0.538462,1150,,3.6578345497129265,0.01454929423234175,1.0,,,,False,1,No solution exists for discriminant 
0.538462,1175,,3.6578345497129265,0.01454929423234175,1.0,,,,False,1,No solution exists for discriminant 
0.538462,1200,,3.6578345497129265,0.01454929423234175,1.0,,,,False,1,No solution exists for discriminant 
0.538462,1225,,3.6578345497129265,0.01454929423234175,1.0,,,,False,1,No solution exists for discriminant 
0.538462,1250,,3.6578345497129265,0.01454929423234175,1.0,,,,False,1,No solution exists for discriminant 
0.538462,1275,,3.6578345497129265,0.01454929423234175,1.0,,,,False,1,No solution exists for discriminant 
0.538462,1300,,3.6578345497129265,0.01454929423234175,1.0,,,,False,1,No solution exists for discriminant 
0.538462,1325,,3.6578345497129265,0.01454929423234175,1.0,,,,False,1,No solution exists for discriminant 
0.538462,1350,,3.6578345497129265,0.01454929423234175,1.0,,,,False,1,No solution exists for discriminant 
0.538462,1375,,3.6578345497129265,0.01454929423234175,1.0,,,,False,1,No solution exists for discriminant 
0.538462,1400,,3.6578345497129265,0.01454929423234175,1.0,,,,False,1,No solution exists for discriminant 
0.538462,1425,,3.6578345497129265,0.01454929423234175,1.0,,,,False,1,No solution exists for discriminant 
0.538462,1450,,3.6578345497129265,0.01454929423234175,1.0,,,,False,1,No solution exists for discriminant 
0.538462,1475,,3.6578345497129265,0.01454929423234175,1.0,,,,False,1,No solution exists for discriminant 
0.538462,1500,,3.6578345497129265,0.01454929423234175,1.0,,,,False,1,No solution exists for discriminant 
0.538462,1525,,3.6578345497129265,0.01454929423234175,1.0,,,,False,1,No solution exists for discriminant 
0.564103,-100,-24.71091510514599,3.69354026137757,0.014295481401731253,4.297550453068868,4.046794688682944,-99.99999999999991,-8.526512829121202e-14,True,2,
0.564103,-75,-18.92021637607118,3.69354026137757,0.014295481401731251,3.2904724132297707,3.9640138626984265,-74.99999999999994,-5.684341886080802e-14,True,2,
0.564103,-50,-12.893702927482966,3.69354026137757,0.014295481401731256,2.2423831178231244,3.8778619517768504,-49.999999999999986,-1.4210854715202004e-14,True,2,
0.564103,-25,-6.599980193150144,3.69354026137757,0.014295481401731258,1.1478226422869817,3.787890155480542,-25.0,0.0,True,2,
0.564103,0,0.0,3.69354026137757,0.01429548140173125,0.0,3.69354026137757,0.0,0.0,True,1,
0.564103,25,6.955838093168582,3.69354026137757,0.01429548140173125,1.2097109727249709,3.594103207283225,25.000000000000032,-3.197442310920451e-14,True,2,
0.564103,50,14.332171092543932,3.69354026137757,0.014295481401731258,2.4925514943554665,3.4886549760776777,50.000000000000036,-3.552713678800501e-14,True,2,
0.564103,75,22.21595218911212,3.69354026137757,0.014295481401731253,3.8636438589760207,3.3759525300363666,75.00000000000001,-1.4210854715202004e-14,True,2,
0.564103,100,30.729005730483383,3.69354026137757,0.014295481401731253,5.344174909649284,3.2542543314637515,99.99999999999999,1.4210854715202004e-14,True,2,
0.564103,125,40.051452034300326,3.69354026137757,0.014295481401731251,6.965469919008752,3.120985473708898,125.00000000000001,-1.4210854715202004e-14,True,2,
0.564103,150,50.47034303192942,3.69354026137757,0.01429548140173125,8.777450962074681,2.9720424112256265,150.0,0.0,True,2,
0.564103,175,62.4976177397778,3.69354026137757,0.014295481401731251,10.869150911265704,2.800106729326067,175.0,0.0,True,2,
0.564103,200,77.23868290152176,3.69354026137757,0.014295481401731248,13.432814417655958,2.5893761064646483,200.0,0.0,True,2,
0.564103,225,98.3687665303121,3.69354026137757,0.01429548140173129,17.107611570489063,2.287311388932246,225.0,0.0,True,2,
0.564103,250,,3.69354026137757,0.014295481401731255,1.0,,,,False,1,No solution exists for discriminant 
0.564103,275,,3.69354026137757,0.014295481401731255,1.0,,,,False,1,No solution exists for discriminant 
0.564103,300,,3.69354026137757,0.014295481401731255,1.0,,,,False,1,No solution exists for discriminant 
0.564103,325,,3.69354026137757,0.014295481401731255,1.0,,,,False,1,No solution exists for discriminant 
0.564103,350,,3.69354026137757,0.014295481401731255,1.0,,,,False,1,No solution exists for discriminant 
0.564103,375,,3.69354026137757,0.014295481401731255,1.0,,,,False,1,No solution exists for discriminant 
0.564103,400,,3.69354026137757,0.014295481401731255,1.0,,,,False,1,No solution exists for discriminant 
0.564103,425,,3.69354026137757,0.014295481401731255,1.0,,,,False,1,No solution exists for discriminant 
0.564103,450,,3.69354026137757,0.014295481401731255,1.0,,,,False,1,No solution exists for discriminant 
0.564103,475,,3.69354026137757,0.014295481401731255,1.0,,,,False,1,No solution exists for discriminant 
0.564103,500,,3.69354026137757,0.014295481401731255,1.0,,,,False,1,No solution exists for discriminant 
0.564103,525,,3.69354026137757,0.014295481401731255,1.0,,,,False,1,No solution exists for discriminant 
0.564103,550,,3.69354026137757,0.014295481401731255,1.0,,,,False,1,No solution exists for discriminant 
0.564103,575,,3.69354026137757,0.014295481401731255,1.0,,,,False,1,No solution exists for discriminant 
0.564103,600,,3.69354026137757,0.014295481401731255,1.0,,,,False,1,No solution exists for discriminant 
0.564103,625,,3.69354026137757,0.014295481401731255,1.0,,,,False,1,No solution exists for discriminant 
0.564103,650,,3.69354026137757,0.014295481401731255,1.0,,,,False,1,No solution exists for discriminant 
0.564103,675,,3.69354026137757,0.014295481401731255,1.0,,,,False,1,No solution exists for discriminant 
0.564103,700,,3.69354026137757,0.014295481401731255,1.0,,,,False,1,No solution exists for discriminant 
0.564103,725,,3.69354026137757,0.014295481401731255,1.0,,,,False,1,No solution exists for discriminant 
0.564103,750,,3.69354026137757,0.014295481401731255,1.0,,,,False,1,No solution exists for discriminant 
0.564103,775,,3.69354026137757,0.014295481401731255,1.0,,,,False,1,No solution exists for discriminant 
0.564103,800,,3.69354026137757,0.014295481401731255,1.0,,,,False,1,No solution exists for discriminant 
0.564103,825,,3.69354026137757,0.014295481401731255,1.0,,,,False,1,No solution exists for discriminant 
0.564103,850,,3.69354026137757,0.014295481401731255,1.0,,,,False,1,No solution exists for discriminant 
0.564103,875,,3.69354026137757,0.014295481401731255,1.0,,,,False,1,No solution exists for discriminant 
0.564103,900,,3.69354026137757,0.014295481401731255,1.0,,,,False,1,No solution exists for discriminant 
0.564103,925,,3.69354026137757,0.014295481401731255,1.0,,,,False,1,No solution exists for discriminant 
0.564103,950,,3.69354026137757,0.014295481401731255,1.0,,,,False,1,No solution exists for discriminant 
0.564103,975,,3.69354026137757,0.014295481401731255,1.0,,,,False,1,No solution exists for discriminant 
0.564103,1000,,3.69354026137757,0.014295481401731255,1.0,,,,False,1,No solution exists for discriminant 
0.564103,1025,,3.69354026137757,0.014295481401731255,1.0,,,,False,1,No solution exists for discriminant 
0.564103,1050,,3.69354026137757,0.014295481401731255,1.0,,,,False,1,No solution exists for discriminant 
0.564103,1075,,3.69354026137757,0.014295481401731255,1.0,,,,False,1,No solution exists for discriminant 
0.564103,1100,,3.69354026137757,0.014295481401731255,1.0,,,,False,1,No solution exists for discriminant 
0.564103,1125,,3.69354026137757,0.014295481401731255,1.0,,,,False,1,No solution exists for discriminant 
0.564103,1150,,3.69354026137757,0.014295481401731255,1.0,,,,False,1,No solution exists for discriminant 
0.564103,1175,,3.69354026137757,0.014295481401731255,1.0,,,,False,1,No solution exists for discriminant 
0.564103,1200,,3.69354026137757,0.014295481401731255,1.0,,,,False,1,No solution exists for discriminant 
0.564103,1225,,3.69354026137757,0.014295481401731255,1.0,,,,False,1,No solution exists for discriminant 
0.564103,1250,,3.69354026137757,0.014295481401731255,1.0,,,,False,1,No solution exists for discriminant 
0.564103,1275,,3.69354026137757,0.014295481401731255,1.0,,,,False,1,No solution exists for discriminant 
0.564103,1300,,3.69354026137757,0.014295481401731255,1.0,,,,False,1,No solution exists for discriminant 
0.564103,1325,,3.69354026137757,0.014295481401731255,1.0,,,,False,1,No solution exists for discriminant 
0.564103,1350,,3.69354026137757,0.014295481401731255,1.0,,,,False,1,No solution exists for discriminant 
0.564103,1375,,3.69354026137757,0.014295481401731255,1.0,,,,False,1,No solution exists for discriminant 
0.564103,1400,,3.69354026137757,0.014295481401731255,1.0,,,,False,1,No solution exists for discriminant 
0.564103,1425,,3.69354026137757,0.014295481401731255,1.0,,,,False,1,No solution exists for discriminant 
0.564103,1450,,3.69354026137757,0.014295481401731255,1.0,,,,False,1,No solution exists for discriminant 
0.564103,1475,,3.69354026137757,0.014295481401731255,1.0,,,,False,1,No solution exists for discriminant 
0.564103,1500,,3.69354026137757,0.014295481401731255,1.0,,,,False,1,No solution exists for discriminant 
0.564103,1525,,3.69354026137757,0.014295481401731255,1.0,,,,False,1,No solution exists for discriminant 
0.589744,-100,-24.553035911792538,3.7304750797142723,0.013942920253271304,4.270093202050876,4.072816101408102,-100.0,0.0,True,2,
0.589744,-75,-18.785681792401373,3.7304750797142723,0.013942920253271306,3.2670750943306737,3.992402342849055,-75.00000000000009,8.526512829121202e-14,True,2,
0.589744,-50,-12.79156188515166,3.7304750797142723,0.013942920253271306,2.224619458287245,3.9088268069937264,-50.000000000000014,1.4210854715202004e-14,True,2,
0.589744,-25,-6.541618241618421,3.7304750797142723,0.013942920253271297,1.1376727376727689,3.8216843411845027,-25.00000000000002,2.1316282072803006e-14,True,2,
0.589744,0,0.0,3.7304750797142723,0.013942920253271297,0.0,3.7304750797142723,0.0,0.0,True,1,
0.589744,25,6.878392382577342,3.7304750797142723,0.013942920253271303,1.1962421534917116,3.6345702032532876,24.999999999999996,3.552713678800501e-15,True,2,
0.589744,50,14.151637946438761,3.7304750797142723,0.013942920253271303,2.4611544254676105,3.5331599203739086,49.99999999999996,4.263256414560601e-14,True,2,
0.589744,75,21.896717676022025,3.7304750797142723,0.013942920253271304,3.8081248132212218,3.425170891349101,74.99999999999997,2.842170943040401e-14,True,2,
0.589744,100,30.219443413148326,3.7304750797142723,0.013942920253271304,5.255555376199709,3.3091277901065004,99.99999999999996,4.263256414560601e-14,True,2,
0.589744,125,39.272306952569345,3.7304750797142723,0.013942920253271299,6.829966426533799,3.182904435712606,124.99999999999999,1.4210854715202004e-14,True,2,
0.589744,150,49.28968813154584,3.7304750797142723,0.0139429202532713,8.57211967505145,3.0432328887875157,149.99999999999997,2.842170943040401e-14,True,2,
0.589744,175,60.666988051194174,3.7304750797142723,0.0139429202532713,10.550780530642465,2.884600103310309,175.0,0.0,True,2,
0.589744,200,74.1780029498353,3.7304750797142723,0.013942920253271296,12.90052225214527,2.6962171000377957,200.0,0.0,True,2,
0.589744,225,91.83651391853415,3.7304750797142723,0.013942920253271318,15.97156763800594,2.4500058898097095,225.00000000000003,-2.842170943040401e-14,True,2,
0.589744,250,,3.7304750797142723,0.013942920253271297,1.0,,,,False,1,No solution exists for discriminant 
0.589744,275,,3.7304750797142723,0.013942920253271297,1.0,,,,False,1,No solution exists for discriminant 
0.589744,300,,3.7304750797142723,0.013942920253271297,1.0,,,,False,1,No solution exists for discriminant 
0.589744,325,,3.7304750797142723,0.013942920253271297,1.0,,,,False,1,No solution exists for discriminant 
0.589744,350,,3.7304750797142723,0.013942920253271297,1.0,,,,False,1,No solution exists for discriminant 
0.589744,375,,3.7304750797142723,0.013942920253271297,1.0,,,,False,1,No solution exists for discriminant 
0.589744,400,,3.7304750797142723,0.013942920253271297,1.0,,,,False,1,No solution exists for discriminant 
0.589744,425,,3.7304750797142723,0.013942920253271297,1.0,,,,False,1,No solution exists for discriminant 
0.589744,450,,3.7304750797142723,0.013942920253271297,1.0,,,,False,1,No solution exists for discriminant 
0.589744,475,,3.7304750797142723,0.013942920253271297,1.0,,,,False,1,No solution exists for discriminant 
0.589744,500,,3.7304750797142723,0.013942920253271297,1.0,,,,False,1,No solution exists for discriminant 
0.589744,525,,3.7304750797142723,0.013942920253271297,1.0,,,,False,1,No solution exists for discriminant 
0.589744,550,,3.7304750797142723,0.013942920253271297,1.0,,,,False,1,No solution exists for discriminant 
0.589744,575,,3.7304750797142723,0.013942920253271297,1.0,,,,False,1,No solution exists for discriminant 
0.589744,600,,3.7304750797142723,0.013942920253271297,1.0,,,,False,1,No solution exists for discriminant 
0.589744,625,,3.7304750797142723,0.013942920253271297,1.0,,,,False,1,No solution exists for discriminant 
0.589744,650,,3.7304750797142723,0.013942920253271297,1.0,,,,False,1,No solution exists for discriminant 
0.589744,675,,3.7304750797142723,0.013942920253271297,1.0,,,,False,1,No solution exists for discriminant 
0.589744,700,,3.7304750797142723,0.013942920253271297,1.0,,,,False,1,No solution exists for discriminant 
0.589744,725,,3.7304750797142723,0.013942920253271297,1.0,,,,False,1,No solution exists for discriminant 
0.589744,750,,3.7304750797142723,0.013942920253271297,1.0,,,,False,1,No solution exists for discriminant 
0.589744,775,,3.7304750797142723,0.013942920253271297,1.0,,,,False,1,No solution exists for discriminant 
0.589744,800,,3.7304750797142723,0.013942920253271297,1.0,,,,False,1,No solution exists for discriminant 
0.589744,825,,3.7304750797142723,0.013942920253271297,1.0,,,,False,1,No solution exists for discriminant 
0.589744,850,,3.7304750797142723,0.013942920253271297,1.0,,,,False,1,No solution exists for discriminant 
0.589744,875,,3.7304750797142723,0.013942920253271297,1.0,,,,False,1,No solution exists for discriminant 
0.589744,900,,3.7304750797142723,0.013942920253271297,1.0,,,,False,1,No solution exists for discriminant 
0.589744,925,,3.7304750797142723,0.013942920253271297,1.0,,,,False,1,No solution exists for discriminant 
0.589744,950,,3.7304750797142723,0.013942920253271297,1.0,,,,False,1,No solution exists for discriminant 
0.589744,975,,3.7304750797142723,0.013942920253271297,1.0,,,,False,1,No solution exists for discriminant 
0.589744,1000,,3.7304750797142723,0.013942920253271297,1.0,,,,False,1,No solution exists for discriminant 
0.589744,1025,,3.7304750797142723,0.013942920253271297,1.0,,,,False,1,No solution exists for discriminant 
0.589744,1050,,3.7304750797142723,0.013942920253271297,1.0,,,,False,1,No solution exists for discriminant 
0.589744,1075,,3.7304750797142723,0.013942920253271297,1.0,,,,False,1,No solution exists for discriminant 
0.589744,1100,,3.7304750797142723,0.013942920253271297,1.0,,,,False,1,No solution exists for discriminant 
0.589744,1125,,3.7304750797142723,0.013942920253271297,1.0,,,,False,1,No solution exists for discriminant 
0.589744,1150,,3.7304750797142723,0.013942920253271297,1.0,,,,False,1,No solution exists for discriminant 
0.589744,1175,,3.7304750797142723,0.013942920253271297,1.0,,,,False,1,No solution exists for discriminant 
0.589744,1200,,3.7304750797142723,0.013942920253271297,1.0,,,,False,1,No solution exists for discriminant 
0.589744,1225,,3.7304750797142723,0.013942920253271297,1.0,,,,False,1,No solution exists for discriminant 
0.589744,1250,,3.7304750797142723,0.013942920253271297,1.0,,,,False,1,No solution exists for discriminant 
0.589744,1275,,3.7304750797142723,0.013942920253271297,1.0,,,,False,1,No solution exists for discriminant 
0.589744,1300,,3.7304750797142723,0.013942920253271297,1.0,,,,False,1,No solution exists for discriminant 
0.589744,1325,,3.7304750797142723,0.013942920253271297,1.0,,,,False,1,No solution exists for discriminant 
0.589744,1350,,3.7304750797142723,0.013942920253271297,1.0,,,,False,1,No solution exists for discriminant 
0.589744,1375,,3.7304750797142723,0.013942920253271297,1.0,,,,False,1,No solution exists for discriminant 
0.589744,1400,,3.7304750797142723,0.013942920253271297,1.0,,,,False,1,No solution exists for discriminant 
0.589744,1425,,3.7304750797142723,0.013942920253271297,1.0,,,,False,1,No solution exists for discriminant 
0.589744,1450,,3.7304750797142723,0.013942920253271297,1.0,,,,False,1,No solution exists for discriminant 
0.589744,1475,,3.7304750797142723,0.013942920253271297,1.0,,,,False,1,No solution exists for discriminant 
0.589744,1500,,3.7304750797142723,0.013942920253271297,1.0,,,,False,1,No solution exists for discriminant 
0.589744,1525,,3.7304750797142723,0.013942920253271297,1.0,,,,False,1,No solution exists for discriminant 
0.6153850000000001,-100,-24.41558479915904,3.7600675724606014,0.013748474460333485,4.246188660723311,4.095744616505946,-100.00000000000003,2.842170943040401e-14,True,2,
0.6153850000000001,-75,-18.67169600386222,3.7600675724606014,0.013748474460333487,3.24725147893256,4.016774908100812,-74.99999999999997,-2.842170943040401e-14,True,2,
0.6153850000000001,-50,-12.707215297272871,3.7600675724606014,0.013748474460333487,2.2099504864822386,3.9347723974371167,-49.99999999999998,-2.1316282072803006e-14,True,2,
0.6153850000000001,-25,-6.494589041915395,3.7600675724606014,0.013748474460333483,1.1294937464200687,3.8493582640337367,-24.999999999999975,-2.4868995751603507e-14,True,2,
0.6153850000000001,0,0.0,3.7600675724606014,0.013748474460333482,0.0,3.7600675724606014,0.0,0.0,True,1,
0.6153850000000001,25,6.818828205223234,3.7600675724606014,0.013748474460333483,1.1858831661257798,3.666319087031688,24.99999999999997,2.842170943040401e-14,True,2,
0.6153850000000001,50,14.015927914397846,3.7600675724606014,0.013748474460333487,2.437552680764843,3.5673699454916274,50.00000000000002,-2.1316282072803006e-14,True,2,
0.6153850000000001,75,21.66224688612788,3.7600675724606014,0.013748474460333485,3.767347284543979,3.4622447243932335,75.0,0.0,True,2,
0.6153850000000001,100,29.85414498379776,3.7600675724606014,0.013748474460333483,5.1920252145735235,3.3496186226157647,99.99999999999999,1.4210854715202004e-14,True,2,
0.6153850000000001,125,38.728319921811554,3.7600675724606014,0.013748474460333485,6.73535998640201,3.227612255123951,125.00000000000003,-2.842170943040401e-14,True,2,
0.6153850000000001,150,48.49034524373654,3.7600675724606014,0.013748474460333478,8.433103520649833,3.0933992993043367,150.0,0.0,True,2,
0.6153850000000001,175,59.47600002098757,3.7600675724606014,0.013748474460333478,10.343652177563056,2.9423633051692604,174.99999999999997,2.842170943040401e-14,True,2,
0.6153850000000001,200,72.30811409049393,3.7600675724606014,0.013748474460333475,12.575324189651118,2.7659413126125667,200.0,0.0,True,2,
0.6153850000000001,225,88.43635145217632,3.7600675724606014,0.01374847446033345,15.3802350351611,2.544202653155282,225.0,0.0,True,2,
0.6153850000000001,250,114.04396662260629,3.7600675724606014,0.013748474460333577,19.83373332567066,2.192137009994564,250.00000000000003,-2.842170943040401e-14,True,2,
0.6153850000000001,275,,3.7600675724606014,0.013748474460333483,1.0,,,,False,1,No solution exists for discriminant 
0.6153850000000001,300,,3.7600675724606014,0.013748474460333483,1.0,,,,False,1,No solution exists for discriminant 
0.6153850000000001,325,,3.7600675724606014,0.013748474460333483,1.0,,,,False,1,No solution exists for discriminant 
0.6153850000000001,350,,3.7600675724606014,0.013748474460333483,1.0,,,,False,1,No solution exists for discriminant 
0.6153850000000001,375,,3.7600675724606014,0.013748474460333483,1.0,,,,False,1,No solution exists for discriminant 
0.6153850000000001,400,,3.7600675724606014,0.013748474460333483,1.0,,,,False,1,No solution exists for discriminant 
0.6153850000000001,425,,3.7600675724606014,0.013748474460333483,1.0,,,,False,1,No solution exists for discriminant 
0.6153850000000001,450,,3.7600675724606014,0.013748474460333483,1.0,,,,False,1,No solution exists for discriminant 
0.6153850000000001,475,,3.7600675724606014,0.013748474460333483,1.0,,,,False,1,No solution exists for discriminant 
0.6153850000000001,500,,3.7600675724606014,0.013748474460333483,1.0,,,,False,1,No solution exists for discriminant 
0.6153850000000001,525,,3.7600675724606014,0.013748474460333483,1.0,,,,False,1,No solution exists for discriminant 
0.6153850000000001,550,,3.7600675724606014,0.013748474460333483,1.0,,,,False,1,No solution exists for discriminant 
0.6153850000000001,575,,3.7600675724606014,0.013748474460333483,1.0,,,,False,1,No solution exists for discriminant 
0.6153850000000001,600,,3.7600675724606014,0.013748474460333483,1.0,,,,False,1,No solution exists for discriminant 
0.6153850000000001,625,,3.7600675724606014,0.013748474460333483,1.0,,,,False,1,No solution exists for discriminant 
0.6153850000000001,650,,3.7600675724606014,0.013748474460333483,1.0,,,,False,1,No solution exists for discriminant 
0.6153850000000001,675,,3.7600675724606014,0.013748474460333483,1.0,,,,False,1,No solution exists for discriminant 
0.6153850000000001,700,,3.7600675724606014,0.013748474460333483,1.0,,,,False,1,No solution exists for discriminant 
0.6153850000000001,725,,3.7600675724606014,0.013748474460333483,1.0,,,,False,1,No solution exists for discriminant 
0.6153850000000001,750,,3.7600675724606014,0.013748474460333483,1.0,,,,False,1,No solution exists for discriminant 
0.6153850000000001,775,,3.7600675724606014,0.013748474460333483,1.0,,,,False,1,No solution exists for discriminant 
0.6153850000000001,800,,3.7600675724606014,0.013748474460333483,1.0,,,,False,1,No solution exists for discriminant 
0.6153850000000001,825,,3.7600675724606014,0.013748474460333483,1.0,,,,False,1,No solution exists for discriminant 
0.6153850000000001,850,,3.7600675724606014,0.013748474460333483,1.0,,,,False,1,No solution exists for discriminant 
0.6153850000000001,875,,3.7600675724606014,0.013748474460333483,1.0,,,,False,1,No solution exists for discriminant 
0.6153850000000001,900,,3.7600675724606014,0.013748474460333483,1.0,,,,False,1,No solution exists for discriminant 
0.6153850000000001,925,,3.7600675724606014,0.013748474460333483,1.0,,,,False,1,No solution exists for discriminant 
0.6153850000000001,950,,3.7600675724606014,0.013748474460333483,1.0,,,,False,1,No solution exists for discriminant 
0.6153850000000001,975,,3.7600675724606014,0.013748474460333483,1.0,,,,False,1,No solution exists for discriminant 
0.6153850000000001,1000,,3.7600675724606014,0.013748474460333483,1.0,,,,False,1,No solution exists for discriminant 
0.6153850000000001,1025,,3.7600675724606014,0.013748474460333483,1.0,,,,False,1,No solution exists for discriminant 
0.6153850000000001,1050,,3.7600675724606014,0.013748474460333483,1.0,,,,False,1,No solution exists for discriminant 
0.6153850000000001,1075,,3.7600675724606014,0.013748474460333483,1.0,,,,False,1,No solution exists for discriminant 
0.6153850000000001,1100,,3.7600675724606014,0.013748474460333483,1.0,,,,False,1,No solution exists for discriminant 
0.6153850000000001,1125,,3.7600675724606014,0.013748474460333483,1.0,,,,False,1,No solution exists for discriminant 
0.6153850000000001,1150,,3.7600675724606014,0.013748474460333483,1.0,,,,False,1,No solution exists for discriminant 
0.6153850000000001,1175,,3.7600675724606014,0.013748474460333483,1.0,,,,False,1,No solution exists for discriminant 
0.6153850000000001,1200,,3.7600675724606014,0.013748474460333483,1.0,,,,False,1,No solution exists for discriminant 
0.6153850000000001,1225,,3.7600675724606014,0.013748474460333483,1.0,,,,False,1,No solution exists for discriminant 
0.6153850000000001,1250,,3.7600675724606014,0.013748474460333483,1.0,,,,False,1,No solution exists for discriminant 
0.6153850000000001,1275,,3.7600675724606014,0.013748474460333483,1.0,,,,False,1,No solution exists for discriminant 
0.6153850000000001,1300,,3.7600675724606014,0.013748474460333483,1.0,,,,False,1,No solution exists for discriminant 
0.6153850000000001,1325,,3.7600675724606014,0.013748474460333483,1.0,,,,False,1,No solution exists for discriminant 
0.6153850000000001,1350,,3.7600675724606014,0.013748474460333483,1.0,,,,False,1,No solution exists for discriminant 
0.6153850000000001,1375,,3.7600675724606014,0.013748474460333483,1.0,,,,False,1,No solution exists for discriminant 
0.6153850000000001,1400,,3.7600675724606014,0.013748474460333483,1.0,,,,False,1,No solution exists for discriminant 
0.6153850000000001,1425,,3.7600675724606014,0.013748474460333483,1.0,,,,False,1,No solution exists for discriminant 
0.6153850000000001,1450,,3.7600675724606014,0.013748474460333483,1.0,,,,False,1,No solution exists for discriminant 
0.6153850000000001,1475,,3.7600675724606014,0.013748474460333483,1.0,,,,False,1,No solution exists for discriminant 
0.6153850000000001,1500,,3.7600675724606014,0.013748474460333483,1.0,,,,False,1,No solution exists for discriminant 
0.6153850000000001,1525,,3.7600675724606014,0.013748474460333483,1.0,,,,False,1,No solution exists for discriminant 
0.6410260000000001,-100,-24.252244326372093,3.784746240637158,0.013960913585496755,4.217781621977755,4.123329727931993,-100.00000000000006,5.684341886080802e-14,True,2,
0.6410260000000001,-75,-18.547436927395882,3.784746240637158,0.013960913585496759,3.2256412047645013,4.043685404812983,-75.00000000000009,8.526512829121202e-14,True,2,
0.6410260000000001,-50,-12.623148513957199,3.784746240637158,0.013960913585496755,2.1953301763403825,3.9609769262174064,-50.00000000000001,7.105427357601002e-15,True,2,
0.6410260000000001,-25,-6.451911246249641,3.784746240637158,0.013960913585496757,1.1220715210868941,3.874820816007344,-24.999999999999993,-7.105427357601002e-15,True,2,
0.6410260000000001,0,0.0,3.784746240637158,0.013960913585496754,0.0,3.784746240637158,0.0,0.0,True,1,
0.6410260000000001,25,6.774766067956875,3.784746240637158,0.013960913585496757,1.1782201857316306,3.6901643170004563,24.99999999999995,4.973799150320701e-14,True,2,
0.6410260000000001,50,13.926327557320217,3.784746240637158,0.013960913585496764,2.4219700099687334,3.590321985046088,49.999999999999964,3.552713678800501e-14,True,2,
0.6410260000000001,75,21.525561036225398,3.784746240637158,0.013960913585496755,3.743575832387026,3.4842297431310794,74.99999999999999,1.4210854715202004e-14,True,2,
0.6410260000000001,100,29.668814581750645,3.784746240637158,0.013960913585496754,5.15979384030446,3.370542484077211,100.0,0.0,True,2,
0.6410260000000001,125,38.49292725810088,3.784746240637158,0.013960913585496755,6.6944221318436306,3.2473498095339988,124.99999999999996,4.263256414560601e-14,True,2,
0.6410260000000001,150,48.2040117460726,3.784746240637158,0.013960913585496757,8.383306390621323,3.1117741981759677,150.0,0.0,True,2,
0.6410260000000001,175,59.139510393595025,3.784746240637158,0.013960913585496759,10.285132242364352,2.95910464654359,174.99999999999997,2.842170943040401e-14,True,2,
0.6410260000000001,200,71.92770392298274,3.784746240637158,0.013960913585496771,12.509165899649172,2.7805697817651986,199.99999999999994,5.684341886080802e-14,True,2,
0.6410260000000001,225,88.04193214100464,3.784746240637158,0.013960913585496771,15.311640372348633,2.5556004341164216,224.99999999999997,2.842170943040401e-14,True,2,
0.6410260000000001,250,113.95842431096474,3.784746240637158,0.013960913585496905,19.818856401906913,2.19378252649239,250.0,0.0,True,2,
0.6410260000000001,275,,3.784746240637158,0.013960913585496757,1.0,,,,False,1,No solution exists for discriminant 
0.6410260000000001,300,,3.784746240637158,0.013960913585496757,1.0,,,,False,1,No solution exists for discriminant 
0.6410260000000001,325,,3.784746240637158,0.013960913585496757,1.0,,,,False,1,No solution exists for discriminant 
0.6410260000000001,350,,3.784746240637158,0.013960913585496757,1.0,,,,False,1,No solution exists for discriminant 
0.6410260000000001,375,,3.784746240637158,0.013960913585496757,1.0,,,,False,1,No solution exists for discriminant 
0.6410260000000001,400,,3.784746240637158,0.013960913585496757,1.0,,,,False,1,No solution exists for discriminant 
0.6410260000000001,425,,3.784746240637158,0.013960913585496757,1.0,,,,False,1,No solution exists for discriminant 
0.6410260000000001,450,,3.784746240637158,0.013960913585496757,1.0,,,,False,1,No solution exists for discriminant 
0.6410260000000001,475,,3.784746240637158,0.013960913585496757,1.0,,,,False,1,No solution exists for discriminant 
0.6410260000000001,500,,3.784746240637158,0.013960913585496757,1.0,,,,False,1,No solution exists for discriminant 
0.6410260000000001,525,,3.784746240637158,0.013960913585496757,1.0,,,,False,1,No solution exists for discriminant 
0.6410260000000001,550,,3.784746240637158,0.013960913585496757,1.0,,,,False,1,No solution exists for discriminant 
0.6410260000000001,575,,3.784746240637158,0.013960913585496757,1.0,,,,False,1,No solution exists for discriminant 
0.6410260000000001,600,,3.784746240637158,0.013960913585496757,1.0,,,,False,1,No solution exists for discriminant 
0.6410260000000001,625,,3.784746240637158,0.013960913585496757,1.0,,,,False,1,No solution exists for discriminant 
0.6410260000000001,650,,3.784746240637158,0.013960913585496757,1.0,,,,False,1,No solution exists for discriminant 
0.6410260000000001,675,,3.784746240637158,0.013960913585496757,1.0,,,,False,1,No solution exists for discriminant 
0.6410260000000001,700,,3.784746240637158,0.013960913585496757,1.0,,,,False,1,No solution exists for discriminant 
0.6410260000000001,725,,3.784746240637158,0.013960913585496757,1.0,,,,False,1,No solution exists for discriminant 
0.6410260000000001,750,,3.784746240637158,0.013960913585496757,1.0,,,,False,1,No solution exists for discriminant 
0.6410260000000001,775,,3.784746240637158,0.013960913585496757,1.0,,,,False,1,No solution exists for discriminant 
0.6410260000000001,800,,3.784746240637158,0.013960913585496757,1.0,,,,False,1,No solution exists for discriminant 
0.6410260000000001,825,,3.784746240637158,0.013960913585496757,1.0,,,,False,1,No solution exists for discriminant 
0.6410260000000001,850,,3.784746240637158,0.013960913585496757,1.0,,,,False,1,No solution exists for discriminant 
0.6410260000000001,875,,3.784746240637158,0.013960913585496757,1.0,,,,False,1,No solution exists for discriminant 
0.6410260000000001,900,,3.784746240637158,0.013960913585496757,1.0,,,,False,1,No solution exists for discriminant 
0.6410260000000001,925,,3.784746240637158,0.013960913585496757,1.0,,,,False,1,No solution exists for discriminant 
0.6410260000000001,950,,3.784746240637158,0.013960913585496757,1.0,,,,False,1,No solution exists for discriminant 
0.6410260000000001,975,,3.784746240637158,0.013960913585496757,1.0,,,,False,1,No solution exists for discriminant 
0.6410260000000001,1000,,3.784746240637158,0.013960913585496757,1.0,,,,False,1,No solution exists for discriminant 
0.6410260000000001,1025,,3.784746240637158,0.013960913585496757,1.0,,,,False,1,No solution exists for discriminant 
0.6410260000000001,1050,,3.784746240637158,0.013960913585496757,1.0,,,,False,1,No solution exists for discriminant 
0.6410260000000001,1075,,3.784746240637158,0.013960913585496757,1.0,,,,False,1,No solution exists for discriminant 
0.6410260000000001,1100,,3.784746240637158,0.013960913585496757,1.0,,,,False,1,No solution exists for discriminant 
0.6410260000000001,1125,,3.784746240637158,0.013960913585496757,1.0,,,,False,1,No solution exists for discriminant 
0.6410260000000001,1150,,3.784746240637158,0.013960913585496757,1.0,,,,False,1,No solution exists for discriminant 
0.6410260000000001,1175,,3.784746240637158,0.013960913585496757,1.0,,,,False,1,No solution exists for discriminant 
0.6410260000000001,1200,,3.784746240637158,0.013960913585496757,1.0,,,,False,1,No solution exists for discriminant 
0.6410260000000001,1225,,3.784746240637158,0.013960913585496757,1.0,,,,False,1,No solution exists for discriminant 
0.6410260000000001,1250,,3.784746240637158,0.013960913585496757,1.0,,,,False,1,No solution exists for discriminant 
0.6410260000000001,1275,,3.784746240637158,0.013960913585496757,1.0,,,,False,1,No solution exists for discriminant 
0.6410260000000001,1300,,3.784746240637158,0.013960913585496757,1.0,,,,False,1,No solution exists for discriminant 
0.6410260000000001,1325,,3.784746240637158,0.013960913585496757,1.0,,,,False,1,No solution exists for discriminant 
0.6410260000000001,1350,,3.784746240637158,0.013960913585496757,1.0,,,,False,1,No solution exists for discriminant 
0.6410260000000001,1375,,3.784746240637158,0.013960913585496757,1.0,,,,False,1,No solution exists for discriminant 
0.6410260000000001,1400,,3.784746240637158,0.013960913585496757,1.0,,,,False,1,No solution exists for discriminant 
0.6410260000000001,1425,,3.784746240637158,0.013960913585496757,1.0,,,,False,1,No solution exists for discriminant 
0.6410260000000001,1450,,3.784746240637158,0.013960913585496757,1.0,,,,False,1,No solution exists for discriminant 
0.6410260000000001,1475,,3.784746240637158,0.013960913585496757,1.0,,,,False,1,No solution exists for discriminant 
0.6410260000000001,1500,,3.784746240637158,0.013960913585496757,1.0,,,,False,1,No solution exists for discriminant 
0.6410260000000001,1525,,3.784746240637158,0.013960913585496757,1.0,,,,False,1,No solution exists for discriminant 
0.666667,-100,-24.07939486809829,3.8111360710047864,0.014194385468572275,4.18772084662579,4.134615384615385,-99.55903647386795,-0.4409635261320517,True,2,
0.666667,-75,-18.416024385227136,3.8111360710047864,0.014194385468572275,3.202786849604719,4.072540219927327,-74.99999999999994,-5.684341886080802e-14,True,2,
0.666667,-50,-12.534303847076025,3.8111360710047864,0.014194385468572272,2.1798789299262653,3.989052811390392,-50.00000000000002,2.1316282072803006e-14,True,2,
0.666667,-25,-6.4068438905709595,3.8111360710047864,0.014194385468572273,1.1142337200992973,3.902077282824518,-24.999999999999993,-7.105427357601002e-15,True,2,
0.666667,0,0.0,3.8111360710047864,0.01419438546857227,0.0,3.8111360710047864,0.0,0.0,True,1,
0.666667,25,6.728331297279664,3.8111360710047864,0.014194385468572268,1.1701445734399416,3.71563154301094,25.000000000000036,-3.552713678800501e-14,True,2,
0.666667,50,13.832027980649737,3.8111360710047864,0.014194385468572279,2.405570083591259,3.614798934035367,50.000000000000036,-3.552713678800501e-14,True,2,
0.666667,75,21.381943367864455,3.8111360710047864,0.014194385468572275,3.7185988465851225,3.507632524774136,74.99999999999999,1.4210854715202004e-14,True,2,
0.666667,100,29.474495833149504,3.8111360710047864,0.014194385468572273,5.125999275330349,3.3927637156572352,100.00000000000001,-1.4210854715202004e-14,True,2,
0.666667,125,38.246814445412554,3.8111360710047864,0.014194385468572273,6.651619903550009,3.2682460438216423,125.00000000000001,-1.4210854715202004e-14,True,2,
0.666667,150,47.90584284458448,3.8111360710047864,0.01419438546857227,8.331450929492952,3.13114207147191,150.0,0.0,True,2,
0.666667,175,58.79133291963815,3.8111360710047864,0.014194385468572266,10.22457963819794,2.9766292293322802,175.00000000000003,-2.842170943040401e-14,True,2,
0.666667,200,71.53875700150431,3.8111360710047864,0.014194385468572258,12.441522956783357,2.7956873781829117,200.0,0.0,True,2,
0.666667,225,87.65197236823316,3.8111360710047864,0.014194385468572258,15.243821281431854,2.5669701881294404,225.0,0.0,True,2,
0.666667,250,114.00125514451555,3.8111360710047864,0.014194385468572253,19.826305242524445,2.192958311582477,250.0,0.0,True,2,
0.666667,275,,3.8111360710047864,0.01419438546857227,1.0,,,,False,1,No solution exists for discriminant 
0.666667,300,,3.8111360710047864,0.01419438546857227,1.0,,,,False,1,No solution exists for discriminant 
0.666667,325,,3.8111360710047864,0.01419438546857227,1.0,,,,False,1,No solution exists for discriminant 
0.666667,350,,3.8111360710047864,0.01419438546857227,1.0,,,,False,1,No solution exists for discriminant 
0.666667,375,,3.8111360710047864,0.01419438546857227,1.0,,,,False,1,No solution exists for discriminant 
0.666667,400,,3.8111360710047864,0.01419438546857227,1.0,,,,False,1,No solution exists for discriminant 
0.666667,425,,3.8111360710047864,0.01419438546857227,1.0,,,,False,1,No solution exists for discriminant 
0.666667,450,,3.8111360710047864,0.01419438546857227,1.0,,,,False,1,No solution exists for discriminant 
0.666667,475,,3.8111360710047864,0.01419438546857227,1.0,,,,False,1,No solution exists for discriminant 
0.666667,500,,3.8111360710047864,0.01419438546857227,1.0,,,,False,1,No solution exists for discriminant 
0.666667,525,,3.8111360710047864,0.01419438546857227,1.0,,,,False,1,No solution exists for discriminant 
0.666667,550,,3.8111360710047864,0.01419438546857227,1.0,,,,False,1,No solution exists for discriminant 
0.666667,575,,3.8111360710047864,0.01419438546857227,1.0,,,,False,1,No solution exists for discriminant 
0.666667,600,,3.8111360710047864,0.01419438546857227,1.0,,,,False,1,No solution exists for discriminant 
0.666667,625,,3.8111360710047864,0.01419438546857227,1.0,,,,False,1,No solution exists for discriminant 
0.666667,650,,3.8111360710047864,0.01419438546857227,1.0,,,,False,1,No solution exists for discriminant 
0.666667,675,,3.8111360710047864,0.01419438546857227,1.0,,,,False,1,No solution exists for discriminant 
0.666667,700,,3.8111360710047864,0.01419438546857227,1.0,,,,False,1,No solution exists for discriminant 
0.666667,725,,3.8111360710047864,0.01419438546857227,1.0,,,,False,1,No solution exists for discriminant 
0.666667,750,,3.8111360710047864,0.01419438546857227,1.0,,,,False,1,No solution exists for discriminant 
0.666667,775,,3.8111360710047864,0.01419438546857227,1.0,,,,False,1,No solution exists for discriminant 
0.666667,800,,3.8111360710047864,0.01419438546857227,1.0,,,,False,1,No solution exists for discriminant 
0.666667,825,,3.8111360710047864,0.01419438546857227,1.0,,,,False,1,No solution exists for discriminant 
0.666667,850,,3.8111360710047864,0.01419438546857227,1.0,,,,False,1,No solution exists for discriminant 
0.666667,875,,3.8111360710047864,0.01419438546857227,1.0,,,,False,1,No solution exists for discriminant 
0.666667,900,,3.8111360710047864,0.01419438546857227,1.0,,,,False,1,No solution exists for discriminant 
0.666667,925,,3.8111360710047864,0.01419438546857227,1.0,,,,False,1,No solution exists for discriminant 
0.666667,950,,3.8111360710047864,0.01419438546857227,1.0,,,,False,1,No solution exists for discriminant 
0.666667,975,,3.8111360710047864,0.01419438546857227,1.0,,,,False,1,No solution exists for discriminant 
0.666667,1000,,3.8111360710047864,0.01419438546857227,1.0,,,,False,1,No solution exists for discriminant 
0.666667,1025,,3.8111360710047864,0.01419438546857227,1.0,,,,False,1,No solution exists for discriminant 
0.666667,1050,,3.8111360710047864,0.01419438546857227,1.0,,,,False,1,No solution exists for discriminant 
0.666667,1075,,3.8111360710047864,0.01419438546857227,1.0,,,,False,1,No solution exists for discriminant 
0.666667,1100,,3.8111360710047864,0.01419438546857227,1.0,,,,False,1,No solution exists for discriminant 
0.666667,1125,,3.8111360710047864,0.01419438546857227,1.0,,,,False,1,No solution exists for discriminant 
0.666667,1150,,3.8111360710047864,0.01419438546857227,1.0,,,,False,1,No solution exists for discriminant 
0.666667,1175,,3.8111360710047864,0.01419438546857227,1.0,,,,False,1,No solution exists for discriminant 
0.666667,1200,,3.8111360710047864,0.01419438546857227,1.0,,,,False,1,No solution exists for discriminant 
0.666667,1225,,3.8111360710047864,0.01419438546857227,1.0,,,,False,1,No solution exists for discriminant 
0.666667,1250,,3.8111360710047864,0.01419438546857227,1.0,,,,False,1,No solution exists for discriminant 
0.666667,1275,,3.8111360710047864,0.01419438546857227,1.0,,,,False,1,No solution exists for discriminant 
0.666667,1300,,3.8111360710047864,0.01419438546857227,1.0,,,,False,1,No solution exists for discriminant 
0.666667,1325,,3.8111360710047864,0.01419438546857227,1.0,,,,False,1,No solution exists for discriminant 
0.666667,1350,,3.8111360710047864,0.01419438546857227,1.0,,,,False,1,No solution exists for discriminant 
0.666667,1375,,3.8111360710047864,0.01419438546857227,1.0,,,,False,1,No solution exists for discriminant 
0.666667,1400,,3.8111360710047864,0.01419438546857227,1.0,,,,False,1,No solution exists for discriminant 
0.666667,1425,,3.8111360710047864,0.01419438546857227,1.0,,,,False,1,No solution exists for discriminant 
0.666667,1450,,3.8111360710047864,0.01419438546857227,1.0,,,,False,1,No solution exists for discriminant 
0.666667,1475,,3.8111360710047864,0.01419438546857227,1.0,,,,False,1,No solution exists for discriminant 
0.666667,1500,,3.8111360710047864,0.01419438546857227,1.0,,,,False,1,No solution exists for discriminant 
0.666667,1525,,3.8111360710047864,0.01419438546857227,1.0,,,,False,1,No solution exists for discriminant 
0.692308,-100,-23.93568488277942,3.8347281319168336,0.014335681553127819,4.162727805700769,4.134615384615385,-98.96485095764568,-1.0351490423543197,True,2,
0.692308,-75,-18.305413197761244,3.8347281319168336,0.014335681553127822,3.1835501213497817,4.097148706218362,-75.0,0.0,True,2,
0.692308,-50,-12.458485187210455,3.8347281319168336,0.014335681553127828,2.166693076036601,4.013329008195043,-49.999999999999964,-3.552713678800501e-14,True,2,
0.692308,-25,-6.3677806874993355,3.8347281319168336,0.01433568155312782,1.1074401195651018,3.9260146080529816,-25.00000000000005,4.973799150320701e-14,True,2,
0.692308,0,0.0,3.8347281319168336,0.014335681553127816,0.0,3.8347281319168336,0.0,0.0,True,1,
0.692308,25,6.686507789901444,3.8347281319168336,0.014335681553127822,1.1628709199828597,3.738872485538298,25.000000000000004,-3.552713678800501e-15,True,2,
0.692308,50,13.745008958396914,3.8347281319168336,0.014335681553127819,2.390436340590768,3.637684060544366,49.99999999999997,2.842170943040401e-14,True,2,
0.692308,75,21.24549946239171,3.8347281319168336,0.014335681553127819,3.6948694717202972,3.530159417186838,74.99999999999999,1.4210854715202004e-14,True,2,
0.692308,100,29.283139661688306,3.8347281319168336,0.014335681553127819,5.092719941163184,3.414934366851103,99.99999999999997,2.842170943040401e-14,True,2,
0.692308,125,37.993099207807134,3.8347281319168336,0.014335681553127822,6.607495514401241,3.290071160457318,125.00000000000001,-1.4210854715202004e-14,True,2,
0.692308,150,47.579012335120765,3.8347281319168336,0.014335681553127817,8.274610840890569,3.152650562468202,150.0,0.0,True,2,
0.692308,175,58.374350382759644,3.8347281319168336,0.014335681553127819,10.152060936132113,2.9978920339588866,175.00000000000003,-2.842170943040401e-14,True,2,
0.692308,200,71.00026310621045,3.8347281319168336,0.014335681553127822,12.34787184455834,2.8168909698379103,199.99999999999997,2.842170943040401e-14,True,2,
0.692308,225,86.91459556151091,3.8347281319168336,0.014335681553127845,15.115581836784505,2.5887481676281143,225.0,0.0,True,2,
0.692308,250,112.54774705965472,3.8347281319168336,0.014335681553127835,19.57352122776604,2.221279470547644,250.0,0.0,True,2,
0.692308,275,,3.8347281319168336,0.014335681553127819,1.0,,,,False,1,No solution exists for discriminant 
0.692308,300,,3.8347281319168336,0.014335681553127819,1.0,,,,False,1,No solution exists for discriminant 
0.692308,325,,3.8347281319168336,0.014335681553127819,1.0,,,,False,1,No solution exists for discriminant 
0.692308,350,,3.8347281319168336,0.014335681553127819,1.0,,,,False,1,No solution exists for discriminant 
0.692308,375,,3.8347281319168336,0.014335681553127819,1.0,,,,False,1,No solution exists for discriminant 
0.692308,400,,3.8347281319168336,0.014335681553127819,1.0,,,,False,1,No solution exists for discriminant 
0.692308,425,,3.8347281319168336,0.014335681553127819,1.0,,,,False,1,No solution exists for discriminant 
0.692308,450,,3.8347281319168336,0.014335681553127819,1.0,,,,False,1,No solution exists for discriminant 
0.692308,475,,3.8347281319168336,0.014335681553127819,1.0,,,,False,1,No solution exists for discriminant 
0.692308,500,,3.8347281319168336,0.014335681553127819,1.0,,,,False,1,No solution exists for discriminant 
0.692308,525,,3.8347281319168336,0.014335681553127819,1.0,,,,False,1,No solution exists for discriminant 
0.692308,550,,3.8347281319168336,0.014335681553127819,1.0,,,,False,1,No solution exists for discriminant 
0.692308,575,,3.8347281319168336,0.014335681553127819,1.0,,,,False,1,No solution exists for discriminant 
0.692308,600,,3.8347281319168336,0.014335681553127819,1.0,,,,False,1,No solution exists for discriminant 
0.692308,625,,3.8347281319168336,0.014335681553127819,1.0,,,,False,1,No solution exists for discriminant 
0.692308,650,,3.8347281319168336,0.014335681553127819,1.0,,,,False,1,No solution exists for discriminant 
0.692308,675,,3.8347281319168336,0.014335681553127819,1.0,,,,False,1,No solution exists for discriminant 
0.692308,700,,3.8347281319168336,0.014335681553127819,1.0,,,,False,1,No solution exists for discriminant 
0.692308,725,,3.8347281319168336,0.014335681553127819,1.0,,,,False,1,No solution exists for discriminant 
0.692308,750,,3.8347281319168336,0.014335681553127819,1.0,,,,False,1,No solution exists for discriminant 
0.692308,775,,3.8347281319168336,0.014335681553127819,1.0,,,,False,1,No solution exists for discriminant 
0.692308,800,,3.8347281319168336,0.014335681553127819,1.0,,,,False,1,No solution exists for discriminant 
0.692308,825,,3.8347281319168336,0.014335681553127819,1.0,,,,False,1,No solution exists for discriminant 
0.692308,850,,3.8347281319168336,0.014335681553127819,1.0,,,,False,1,No solution exists for discriminant 
0.692308,875,,3.8347281319168336,0.014335681553127819,1.0,,,,False,1,No solution exists for discriminant 
0.692308,900,,3.8347281319168336,0.014335681553127819,1.0,,,,False,1,No solution exists for discriminant 
0.692308,925,,3.8347281319168336,0.014335681553127819,1.0,,,,False,1,No solution exists for discriminant 
0.692308,950,,3.8347281319168336,0.014335681553127819,1.0,,,,False,1,No solution exists for discriminant 
0.692308,975,,3.8347281319168336,0.014335681553127819,1.0,,,,False,1,No solution exists for discriminant 
0.692308,1000,,3.8347281319168336,0.014335681553127819,1.0,,,,False,1,No solution exists for discriminant 
0.692308,1025,,3.8347281319168336,0.014335681553127819,1.0,,,,False,1,No solution exists for discriminant 
0.692308,1050,,3.8347281319168336,0.014335681553127819,1.0,,,,False,1,No solution exists for discriminant 
0.692308,1075,,3.8347281319168336,0.014335681553127819,1.0,,,,False,1,No solution exists for discriminant 
0.692308,1100,,3.8347281319168336,0.014335681553127819,1.0,,,,False,1,No solution exists for discriminant 
0.692308,1125,,3.8347281319168336,0.014335681553127819,1.0,,,,False,1,No solution exists for discriminant 
0.692308,1150,,3.8347281319168336,0.014335681553127819,1.0,,,,False,1,No solution exists for discriminant 
0.692308,1175,,3.8347281319168336,0.014335681553127819,1.0,,,,False,1,No solution exists for discriminant 
0.692308,1200,,3.8347281319168336,0.014335681553127819,1.0,,,,False,1,No solution exists for discriminant 
0.692308,1225,,3.8347281319168336,0.014335681553127819,1.0,,,,False,1,No solution exists for discriminant 
0.692308,1250,,3.8347281319168336,0.014335681553127819,1.0,,,,False,1,No solution exists for discriminant 
0.692308,1275,,3.8347281319168336,0.014335681553127819,1.0,,,,False,1,No solution exists for discriminant 
0.692308,1300,,3.8347281319168336,0.014335681553127819,1.0,,,,False,1,No solution exists for discriminant 
0.692308,1325,,3.8347281319168336,0.014335681553127819,1.0,,,,False,1,No solution exists for discriminant 
0.692308,1350,,3.8347281319168336,0.014335681553127819,1.0,,,,False,1,No solution exists for discriminant 
0.692308,1375,,3.8347281319168336,0.014335681553127819,1.0,,,,False,1,No solution exists for discriminant 
0.692308,1400,,3.8347281319168336,0.014335681553127819,1.0,,,,False,1,No solution exists for discriminant 
0.692308,1425,,3.8347281319168336,0.014335681553127819,1.0,,,,False,1,No solution exists for discriminant 
0.692308,1450,,3.8347281319168336,0.014335681553127819,1.0,,,,False,1,No solution exists for discriminant 
0.692308,1475,,3.8347281319168336,0.014335681553127819,1.0,,,,False,1,No solution exists for discriminant 
0.692308,1500,,3.8347281319168336,0.014335681553127819,1.0,,,,False,1,No solution exists for discriminant 
0.692308,1525,,3.8347281319168336,0.014335681553127819,1.0,,,,False,1,No solution exists for discriminant 
0.7179490000000001,-100,-23.72036406326433,3.874872097499105,0.014372241428121936,4.125280706654666,4.134615384615385,-98.07458218465061,-1.925417815349391,True,2,
0.7179490000000001,-75,-18.135563505631424,3.874872097499105,0.014372241428121936,3.154011044457639,4.134615384615385,-74.98357987905301,-0.016420120946989414,True,2,
0.7179490000000001,-50,-12.338944720990119,3.874872097499105,0.014372241428121938,2.145903429737412,4.052210389997426,-50.00000000000005,4.973799150320701e-14,True,2,
0.7179490000000001,-25,-6.304406166268481,3.874872097499105,0.014372241428121936,1.0964184636988663,3.9654805449816566,-25.000000000000053,5.3290705182007514e-14,True,2,
0.7179490000000001,0,0.0,3.874872097499105,0.014372241428121933,0.0,3.874872097499105,0.0,0.0,True,1,
0.7179490000000001,25,6.614084019408401,3.874872097499105,0.014372241428121935,1.1502754816362437,3.7798128851462844,25.000000000000004,-3.552713678800501e-15,True,2,
0.7179490000000001,50,13.588527707693986,3.874872097499105,0.014372241428121936,2.3632222100337366,3.679574496631403,49.99999999999997,2.842170943040401e-14,True,2,
0.7179490000000001,75,20.989559300964686,3.874872097499105,0.014372241428121938,3.650358139298206,3.5732050837557585,74.99999999999999,1.4210854715202004e-14,True,2,
0.7179490000000001,100,28.90658204262085,3.874872097499105,0.014372241428121936,5.027231659586235,3.459419721520744,99.99999999999997,2.842170943040401e-14,True,2,
0.7179490000000001,125,37.46541882308564,3.874872097499105,0.01437224142812194,6.515725012710546,3.336410052968014,124.99999999999999,1.4210854715202004e-14,True,2,
0.7179490000000001,150,46.853242817725956,3.874872097499105,0.014372241428121935,8.148390055256687,3.2014859800323276,150.0,0.0,True,2,
0.7179490000000001,175,57.370983413844954,3.874872097499105,0.014372241428121933,9.9775623328426,3.0503224729065463,175.0,0.0,True,2,
0.7179490000000001,200,69.56284333434492,3.874872097499105,0.014372241428121916,12.097885797277376,2.8750981186712785,199.99999999999997,2.842170943040401e-14,True,2,
0.7179490000000001,225,84.63483461974917,3.874872097499105,0.014372241428121896,14.719101672999855,2.6584798211149008,225.0,0.0,True,2,
0.7179490000000001,250,106.92063213128213,3.874872097499105,0.014372241428121917,18.594892544570804,2.3381829588609087,250.0,0.0,True,2,
0.7179490000000001,275,,3.874872097499105,0.014372241428121933,1.0,,,,False,1,No solution exists for discriminant 
0.7179490000000001,300,,3.874872097499105,0.014372241428121933,1.0,,,,False,1,No solution exists for discriminant 
0.7179490000000001,325,,3.874872097499105,0.014372241428121933,1.0,,,,False,1,No solution exists for discriminant 
0.7179490000000001,350,,3.874872097499105,0.014372241428121933,1.0,,,,False,1,No solution exists for discriminant 
0.7179490000000001,375,,3.874872097499105,0.014372241428121933,1.0,,,,False,1,No solution exists for discriminant 
0.7179490000000001,400,,3.874872097499105,0.014372241428121933,1.0,,,,False,1,No solution exists for discriminant 
0.7179490000000001,425,,3.874872097499105,0.014372241428121933,1.0,,,,False,1,No solution exists for discriminant 
0.7179490000000001,450,,3.874872097499105,0.014372241428121933,1.0,,,,False,1,No solution exists for discriminant 
0.7179490000000001,475,,3.874872097499105,0.014372241428121933,1.0,,,,False,1,No solution exists for discriminant 
0.7179490000000001,500,,3.874872097499105,0.014372241428121933,1.0,,,,False,1,No solution exists for discriminant 
0.7179490000000001,525,,3.874872097499105,0.014372241428121933,1.0,,,,False,1,No solution exists for discriminant 
0.7179490000000001,550,,3.874872097499105,0.014372241428121933,1.0,,,,False,1,No solution exists for discriminant 
0.7179490000000001,575,,3.874872097499105,0.014372241428121933,1.0,,,,False,1,No solution exists for discriminant 
0.7179490000000001,600,,3.874872097499105,0.014372241428121933,1.0,,,,False,1,No solution exists for discriminant 
0.7179490000000001,625,,3.874872097499105,0.014372241428121933,1.0,,,,False,1,No solution exists for discriminant 
0.7179490000000001,650,,3.874872097499105,0.014372241428121933,1.0,,,,False,1,No solution exists for discriminant 
0.7179490000000001,675,,3.874872097499105,0.014372241428121933,1.0,,,,False,1,No solution exists for discriminant 
0.7179490000000001,700,,3.874872097499105,0.014372241428121933,1.0,,,,False,1,No solution exists for discriminant 
0.7179490000000001,725,,3.874872097499105,0.014372241428121933,1.0,,,,False,1,No solution exists for discriminant 
0.7179490000000001,750,,3.874872097499105,0.014372241428121933,1.0,,,,False,1,No solution exists for discriminant 
0.7179490000000001,775,,3.874872097499105,0.014372241428121933,1.0,,,,False,1,No solution exists for discriminant 
0.7179490000000001,800,,3.874872097499105,0.014372241428121933,1.0,,,,False,1,No solution exists for discriminant 
0.7179490000000001,825,,3.874872097499105,0.014372241428121933,1.0,,,,False,1,No solution exists for discriminant 
0.7179490000000001,850,,3.874872097499105,0.014372241428121933,1.0,,,,False,1,No solution exists for discriminant 
0.7179490000000001,875,,3.874872097499105,0.014372241428121933,1.0,,,,False,1,No solution exists for discriminant 
0.7179490000000001,900,,3.874872097499105,0.014372241428121933,1.0,,,,False,1,No solution exists for discriminant 
0.7179490000000001,925,,3.874872097499105,0.014372241428121933,1.0,,,,False,1,No solution exists for discriminant 
0.7179490000000001,950,,3.874872097499105,0.014372241428121933,1.0,,,,False,1,No solution exists for discriminant 
0.7179490000000001,975,,3.874872097499105,0.014372241428121933,1.0,,,,False,1,No solution exists for discriminant 
0.7179490000000001,1000,,3.874872097499105,0.014372241428121933,1.0,,,,False,1,No solution exists for discriminant 
0.7179490000000001,1025,,3.874872097499105,0.014372241428121933,1.0,,,,False,1,No solution exists for discriminant 
0.7179490000000001,1050,,3.874872097499105,0.014372241428121933,1.0,,,,False,1,No solution exists for discriminant 
0.7179490000000001,1075,,3.874872097499105,0.014372241428121933,1.0,,,,False,1,No solution exists for discriminant 
0.7179490000000001,1100,,3.874872097499105,0.014372241428121933,1.0,,,,False,1,No solution exists for discriminant 
0.7179490000000001,1125,,3.874872097499105,0.014372241428121933,1.0,,,,False,1,No solution exists for discriminant 
0.7179490000000001,1150,,3.874872097499105,0.014372241428121933,1.0,,,,False,1,No solution exists for discriminant 
0.7179490000000001,1175,,3.874872097499105,0.014372241428121933,1.0,,,,False,1,No solution exists for discriminant 
0.7179490000000001,1200,,3.874872097499105,0.014372241428121933,1.0,,,,False,1,No solution exists for discriminant 
0.7179490000000001,1225,,3.874872097499105,0.014372241428121933,1.0,,,,False,1,No solution exists for discriminant 
0.7179490000000001,1250,,3.874872097499105,0.014372241428121933,1.0,,,,False,1,No solution exists for discriminant 
0.7179490000000001,1275,,3.874872097499105,0.014372241428121933,1.0,,,,False,1,No solution exists for discriminant 
0.7179490000000001,1300,,3.874872097499105,0.014372241428121933,1.0,,,,False,1,No solution exists for discriminant 
0.7179490000000001,1325,,3.874872097499105,0.014372241428121933,1.0,,,,False,1,No solution exists for discriminant 
0.7179490000000001,1350,,3.874872097499105,0.014372241428121933,1.0,,,,False,1,No solution exists for discriminant 
0.7179490000000001,1375,,3.874872097499105,0.014372241428121933,1.0,,,,False,1,No solution exists for discriminant 
0.7179490000000001,1400,,3.874872097499105,0.014372241428121933,1.0,,,,False,1,No solution exists for discriminant 
0.7179490000000001,1425,,3.874872097499105,0.014372241428121933,1.0,,,,False,1,No solution exists for discriminant 
0.7179490000000001,1450,,3.874872097499105,0.014372241428121933,1.0,,,,False,1,No solution exists for discriminant 
0.7179490000000001,1475,,3.874872097499105,0.014372241428121933,1.0,,,,False,1,No solution exists for discriminant 
0.7179490000000001,1500,,3.874872097499105,0.014372241428121933,1.0,,,,False,1,No solution exists for discriminant 
0.7179490000000001,1525,,3.874872097499105,0.014372241428121933,1.0,,,,False,1,No solution exists for discriminant 
0.7435900000000001,-100,-23.451426554258745,3.92233077846133,0.014574897656337023,4.078508965958043,4.134615384615385,-96.96262902241598,-3.0373709775840183,True,2,
0.7435900000000001,-75,-17.92707524472148,3.92233077846133,0.014574897656337023,3.1177522164733005,4.134615384615385,-74.12156110798304,-0.878438892016959,True,2,
0.7435900000000001,-50,-12.194912610131452,3.92233077846133,0.014574897656337026,2.120854366979383,4.10007038168197,-49.99999999999993,-7.105427357601002e-14,True,2,
0.7435900000000001,-25,-6.2295577906690305,3.92233077846133,0.014574897656337025,1.0834013548989618,4.0131259457045685,-24.999999999999915,-8.526512829121202e-14,True,2,
0.7435900000000001,0,0.0,3.92233077846133,0.014574897656337025,0.0,3.92233077846133,0.0,0.0,True,1,
0.7435900000000001,25,6.5323223175508245,3.92233077846133,0.014574897656337026,1.1360560552262304,3.8271228492248204,24.999999999999993,7.105427357601002e-15,True,2,
0.7435900000000001,50,13.416377301525026,3.92233077846133,0.01457489765633702,2.333283008960874,3.7267884523727997,50.00000000000001,-7.105427357601002e-15,True,2,
0.7435900000000001,75,20.715955290626137,3.92233077846133,0.014574897656337023,3.6027748331523717,3.6203978502472007,74.99999999999999,1.4210854715202004e-14,True,2,
0.7435900000000001,100,28.5168321292312,3.92233077846133,0.014574897656337025,4.959449065953252,3.5067008686948418,100.00000000000003,-2.842170943040401e-14,True,2,
0.7435900000000001,125,36.93911295160487,3.92233077846133,0.014574897656337025,6.424193556800847,3.3839469876758157,125.0,0.0,True,2,
0.7435900000000001,150,46.160236853602854,3.92233077846133,0.014574897656337023,8.027867278887452,3.249550050527792,150.0,0.0,True,2,
0.7435900000000001,175,56.46266465565808,3.92233077846133,0.01457489765633702,9.819593853157928,3.099393219701036,175.0,0.0,True,2,
0.7435900000000001,200,68.34925832832887,3.92233077846133,0.014574897656337012,11.886827535361544,2.926147333439397,200.00000000000003,-2.842170943040401e-14,True,2,
0.7435900000000001,225,82.90229174875745,3.92233077846133,0.014574897656337038,14.417789869349122,2.714038360747396,225.00000000000003,-2.842170943040401e-14,True,2,
0.7435900000000001,250,103.68691707284991,3.92233077846133,0.014574897656337025,18.032507317017377,2.4111045738234385,249.99999999999997,2.842170943040401e-14,True,2,
0.7435900000000001,275,,3.92233077846133,0.014574897656337023,1.0,,,,False,1,No solution exists for discriminant 
0.7435900000000001,300,,3.92233077846133,0.014574897656337023,1.0,,,,False,1,No solution exists for discriminant 
0.7435900000000001,325,,3.92233077846133,0.014574897656337023,1.0,,,,False,1,No solution exists for discriminant 
0.7435900000000001,350,,3.92233077846133,0.014574897656337023,1.0,,,,False,1,No solution exists for discriminant 
0.7435900000000001,375,,3.92233077846133,0.014574897656337023,1.0,,,,False,1,No solution exists for discriminant 
0.7435900000000001,400,,3.92233077846133,0.014574897656337023,1.0,,,,False,1,No solution exists for discriminant 
0.7435900000000001,425,,3.92233077846133,0.014574897656337023,1.0,,,,False,1,No solution exists for discriminant 
0.7435900000000001,450,,3.92233077846133,0.014574897656337023,1.0,,,,False,1,No solution exists for discriminant 
0.7435900000000001,475,,3.92233077846133,0.014574897656337023,1.0,,,,False,1,No solution exists for discriminant 
0.7435900000000001,500,,3.92233077846133,0.014574897656337023,1.0,,,,False,1,No solution exists for discriminant 
0.7435900000000001,525,,3.92233077846133,0.014574897656337023,1.0,,,,False,1,No solution exists for discriminant 
0.7435900000000001,550,,3.92233077846133,0.014574897656337023,1.0,,,,False,1,No solution exists for discriminant 
0.7435900000000001,575,,3.92233077846133,0.014574897656337023,1.0,,,,False,1,No solution exists for discriminant 
0.7435900000000001,600,,3.92233077846133,0.014574897656337023,1.0,,,,False,1,No solution exists for discriminant 
0.7435900000000001,625,,3.92233077846133,0.014574897656337023,1.0,,,,False,1,No solution exists for discriminant 
0.7435900000000001,650,,3.92233077846133,0.014574897656337023,1.0,,,,False,1,No solution exists for discriminant 
0.7435900000000001,675,,3.92233077846133,0.014574897656337023,1.0,,,,False,1,No solution exists for discriminant 
0.7435900000000001,700,,3.92233077846133,0.014574897656337023,1.0,,,,False,1,No solution exists for discriminant 
0.7435900000000001,725,,3.92233077846133,0.014574897656337023,1.0,,,,False,1,No solution exists for discriminant 
0.7435900000000001,750,,3.92233077846133,0.014574897656337023,1.0,,,,False,1,No solution exists for discriminant 
0.7435900000000001,775,,3.92233077846133,0.014574897656337023,1.0,,,,False,1,No solution exists for discriminant 
0.7435900000000001,800,,3.92233077846133,0.014574897656337023,1.0,,,,False,1,No solution exists for discriminant 
0.7435900000000001,825,,3.92233077846133,0.014574897656337023,1.0,,,,False,1,No solution exists for discriminant 
0.7435900000000001,850,,3.92233077846133,0.014574897656337023,1.0,,,,False,1,No solution exists for discriminant 
0.7435900000000001,875,,3.92233077846133,0.014574897656337023,1.0,,,,False,1,No solution exists for discriminant 
0.7435900000000001,900,,3.92233077846133,0.014574897656337023,1.0,,,,False,1,No solution exists for discriminant 
0.7435900000000001,925,,3.92233077846133,0.014574897656337023,1.0,,,,False,1,No solution exists for discriminant 
0.7435900000000001,950,,3.92233077846133,0.014574897656337023,1.0,,,,False,1,No solution exists for discriminant 
0.7435900000000001,975,,3.92233077846133,0.014574897656337023,1.0,,,,False,1,No solution exists for discriminant 
0.7435900000000001,1000,,3.92233077846133,0.014574897656337023,1.0,,,,False,1,No solution exists for discriminant 
0.7435900000000001,1025,,3.92233077846133,0.014574897656337023,1.0,,,,False,1,No solution exists for discriminant 
0.7435900000000001,1050,,3.92233077846133,0.014574897656337023,1.0,,,,False,1,No solution exists for discriminant 
0.7435900000000001,1075,,3.92233077846133,0.014574897656337023,1.0,,,,False,1,No solution exists for discriminant 
0.7435900000000001,1100,,3.92233077846133,0.014574897656337023,1.0,,,,False,1,No solution exists for discriminant 
0.7435900000000001,1125,,3.92233077846133,0.014574897656337023,1.0,,,,False,1,No solution exists for discriminant 
0.7435900000000001,1150,,3.92233077846133,0.014574897656337023,1.0,,,,False,1,No solution exists for discriminant 
0.7435900000000001,1175,,3.92233077846133,0.014574897656337023,1.0,,,,False,1,No solution exists for discriminant 
0.7435900000000001,1200,,3.92233077846133,0.014574897656337023,1.0,,,,False,1,No solution exists for discriminant 
0.7435900000000001,1225,,3.92233077846133,0.014574897656337023,1.0,,,,False,1,No solution exists for discriminant 
0.7435900000000001,1250,,3.92233077846133,0.014574897656337023,1.0,,,,False,1,No solution exists for discriminant 
0.7435900000000001,1275,,3.92233077846133,0.014574897656337023,1.0,,,,False,1,No solution exists for discriminant 
0.7435900000000001,1300,,3.92233077846133,0.014574897656337023,1.0,,,,False,1,No solution exists for discriminant 
0.7435900000000001,1325,,3.92233077846133,0.014574897656337023,1.0,,,,False,1,No solution exists for discriminant 
0.7435900000000001,1350,,3.92233077846133,0.014574897656337023,1.0,,,,False,1,No solution exists for discriminant 
0.7435900000000001,1375,,3.92233077846133,0.014574897656337023,1.0,,,,False,1,No solution exists for discriminant 
0.7435900000000001,1400,,3.92233077846133,0.014574897656337023,1.0,,,,False,1,No solution exists for discriminant 
0.7435900000000001,1425,,3.92233077846133,0.014574897656337023,1.0,,,,False,1,No solution exists for discriminant 
0.7435900000000001,1450,,3.92233077846133,0.014574897656337023,1.0,,,,False,1,No solution exists for discriminant 
0.7435900000000001,1475,,3.92233077846133,0.014574897656337023,1.0,,,,False,1,No solution exists for discriminant 
0.7435900000000001,1500,,3.92233077846133,0.014574897656337023,1.0,,,,False,1,No solution exists for discriminant 
0.7435900000000001,1525,,3.92233077846133,0.014574897656337023,1.0,,,,False,1,No solution exists for discriminant 
0.769231,-100,-23.203148887688332,3.9633006794154246,0.01493155929459692,4.0353302413371015,4.134615384615385,-95.93609636255754,-4.063903637442465,True,2,
0.769231,-75,-17.73821296216632,3.9633006794154246,0.014931559294596919,3.0849066021158817,4.134615384615385,-73.3406882089569,-1.6593117910430948,True,2,
0.769231,-50,-12.067145522033654,3.9633006794154246,0.01493155929459692,2.0986340038319398,4.134615384615385,-49.89300552379299,-0.10699447620700653,True,2,
0.769231,-25,-6.164697202677584,3.9633006794154246,0.014931559294596917,1.0721212526395798,4.055349221230441,-25.000000000000018,1.7763568394002505e-14,True,2,
0.769231,0,0.0,3.9633006794154246,0.014931559294596919,0.0,3.9633006794154246,0.0,0.0,True,1,
0.769231,25,6.4653564555350265,3.9633006794154246,0.014931559294596917,1.1244098183539177,3.866762826138898,24.99999999999999,1.0658141036401503e-14,True,2,
0.769231,50,13.28018865649238,3.9633006794154246,0.014931559294596924,2.309598027216066,3.765006755047575,49.99999999999999,7.105427357601002e-15,True,2,
0.769231,75,20.508153980267025,3.9633006794154246,0.014931559294596919,3.566635474829048,3.6570819622363437,75.00000000000001,-1.4210854715202004e-14,True,2,
0.769231,100,28.234958885936994,3.9633006794154246,0.01493155929459692,4.9104276323368685,3.5417087166295502,100.00000000000003,-2.842170943040401e-14,True,2,
0.769231,125,36.58081050853608,3.9633006794154246,0.014931559294596922,6.361880088441057,3.417092138262804,125.00000000000001,-1.4210854715202004e-14,True,2,
0.769231,150,45.723697624113136,3.9633006794154246,0.01493155929459692,7.951947412889241,3.280574577172759,150.00000000000003,-2.842170943040401e-14,True,2,
0.769231,175,55.94787023434374,3.9633006794154246,0.014931559294596915,9.73006438858152,3.127911737604907,174.99999999999997,2.842170943040401e-14,True,2,
0.769231,200,67.7619436060304,3.9633006794154246,0.014931559294596906,11.784685844527026,2.9515092005448498,199.99999999999997,2.842170943040401e-14,True,2,
0.769231,225,82.27087341669848,3.9633006794154246,0.014931559294596896,14.307977985512778,2.7348682547757157,225.0,0.0,True,2,
0.769231,250,103.21368547225694,3.9633006794154246,0.014931559294596846,17.950206169088165,2.422159414772551,250.00000000000003,-2.842170943040401e-14,True,2,
0.769231,275,,3.9633006794154246,0.014931559294596915,1.0,,,,False,1,No solution exists for discriminant 
0.769231,300,,3.9633006794154246,0.014931559294596915,1.0,,,,False,1,No solution exists for discriminant 
0.769231,325,,3.9633006794154246,0.014931559294596915,1.0,,,,False,1,No solution exists for discriminant 
0.769231,350,,3.9633006794154246,0.014931559294596915,1.0,,,,False,1,No solution exists for discriminant 
0.769231,375,,3.9633006794154246,0.014931559294596915,1.0,,,,False,1,No solution exists for discriminant 
0.769231,400,,3.9633006794154246,0.014931559294596915,1.0,,,,False,1,No solution exists for discriminant 
0.769231,425,,3.9633006794154246,0.014931559294596915,1.0,,,,False,1,No solution exists for discriminant 
0.769231,450,,3.9633006794154246,0.014931559294596915,1.0,,,,False,1,No solution exists for discriminant 
0.769231,475,,3.9633006794154246,0.014931559294596915,1.0,,,,False,1,No solution exists for discriminant 
0.769231,500,,3.9633006794154246,0.014931559294596915,1.0,,,,False,1,No solution exists for discriminant 
0.769231,525,,3.9633006794154246,0.014931559294596915,1.0,,,,False,1,No solution exists for discriminant 
0.769231,550,,3.9633006794154246,0.014931559294596915,1.0,,,,False,1,No solution exists for discriminant 
0.769231,575,,3.9633006794154246,0.014931559294596915,1.0,,,,False,1,No solution exists for discriminant 
0.769231,600,,3.9633006794154246,0.014931559294596915,1.0,,,,False,1,No solution exists for discriminant 
0.769231,625,,3.9633006794154246,0.014931559294596915,1.0,,,,False,1,No solution exists for discriminant 
0.769231,650,,3.9633006794154246,0.014931559294596915,1.0,,,,False,1,No solution exists for discriminant 
0.769231,675,,3.9633006794154246,0.014931559294596915,1.0,,,,False,1,No solution exists for discriminant 
0.769231,700,,3.9633006794154246,0.014931559294596915,1.0,,,,False,1,No solution exists for discriminant 
0.769231,725,,3.9633006794154246,0.014931559294596915,1.0,,,,False,1,No solution exists for discriminant 
0.769231,750,,3.9633006794154246,0.014931559294596915,1.0,,,,False,1,No solution exists for discriminant 
0.769231,775,,3.9633006794154246,0.014931559294596915,1.0,,,,False,1,No solution exists for discriminant 
0.769231,800,,3.9633006794154246,0.014931559294596915,1.0,,,,False,1,No solution exists for discriminant 
0.769231,825,,3.9633006794154246,0.014931559294596915,1.0,,,,False,1,No solution exists for discriminant 
0.769231,850,,3.9633006794154246,0.014931559294596915,1.0,,,,False,1,No solution exists for discriminant 
0.769231,875,,3.9633006794154246,0.014931559294596915,1.0,,,,False,1,No solution exists for discriminant 
0.769231,900,,3.9633006794154246,0.014931559294596915,1.0,,,,False,1,No solution exists for discriminant 
0.769231,925,,3.9633006794154246,0.014931559294596915,1.0,,,,False,1,No solution exists for discriminant 
0.769231,950,,3.9633006794154246,0.014931559294596915,1.0,,,,False,1,No solution exists for discriminant 
0.769231,975,,3.9633006794154246,0.014931559294596915,1.0,,,,False,1,No solution exists for discriminant 
0.769231,1000,,3.9633006794154246,0.014931559294596915,1.0,,,,False,1,No solution exists for discriminant 
0.769231,1025,,3.9633006794154246,0.014931559294596915,1.0,,,,False,1,No solution exists for discriminant 
0.769231,1050,,3.9633006794154246,0.014931559294596915,1.0,,,,False,1,No solution exists for discriminant 
0.769231,1075,,3.9633006794154246,0.014931559294596915,1.0,,,,False,1,No solution exists for discriminant 
0.769231,1100,,3.9633006794154246,0.014931559294596915,1.0,,,,False,1,No solution exists for discriminant 
0.769231,1125,,3.9633006794154246,0.014931559294596915,1.0,,,,False,1,No solution exists for discriminant 
0.769231,1150,,3.9633006794154246,0.014931559294596915,1.0,,,,False,1,No solution exists for discriminant 
0.769231,1175,,3.9633006794154246,0.014931559294596915,1.0,,,,False,1,No solution exists for discriminant 
0.769231,1200,,3.9633006794154246,0.014931559294596915,1.0,,,,False,1,No solution exists for discriminant 
0.769231,1225,,3.9633006794154246,0.014931559294596915,1.0,,,,False,1,No solution exists for discriminant 
0.769231,1250,,3.9633006794154246,0.014931559294596915,1.0,,,,False,1,No solution exists for discriminant 
0.769231,1275,,3.9633006794154246,0.014931559294596915,1.0,,,,False,1,No solution exists for discriminant 
0.769231,1300,,3.9633006794154246,0.014931559294596915,1.0,,,,False,1,No solution exists for discriminant 
0.769231,1325,,3.9633006794154246,0.014931559294596915,1.0,,,,False,1,No solution exists for discriminant 
0.769231,1350,,3.9633006794154246,0.014931559294596915,1.0,,,,False,1,No solution exists for discriminant 
0.769231,1375,,3.9633006794154246,0.014931559294596915,1.0,,,,False,1,No solution exists for discriminant 
0.769231,1400,,3.9633006794154246,0.014931559294596915,1.0,,,,False,1,No solution exists for discriminant 
0.769231,1425,,3.9633006794154246,0.014931559294596915,1.0,,,,False,1,No solution exists for discriminant 
0.769231,1450,,3.9633006794154246,0.014931559294596915,1.0,,,,False,1,No solution exists for discriminant 
0.769231,1475,,3.9633006794154246,0.014931559294596915,1.0,,,,False,1,No solution exists for discriminant 
0.769231,1500,,3.9633006794154246,0.014931559294596915,1.0,,,,False,1,No solution exists for discriminant 
0.769231,1525,,3.9633006794154246,0.014931559294596915,1.0,,,,False,1,No solution exists for discriminant 
0.794872,-100,-22.982069112374088,4.006832448485201,0.014984980819691998,3.996881584760711,4.134615384615385,-95.02201652231595,-4.977983477684049,True,2,
0.794872,-75,-17.564268409844445,4.006832448485201,0.014984980819692,3.0546553756251207,4.134615384615385,-72.62149438685685,-2.3785056131431475,True,2,
0.794872,-50,-11.945065067889027,4.006832448485201,0.014984980819692004,2.0774026205024394,4.134615384615385,-49.38824979992579,-0.6117502000742121,True,2,
0.794872,-25,-6.100174460305863,4.006832448485201,0.014984980819691998,1.06089990614015,4.0982434457696595,-24.99999999999997,-2.842170943040401e-14,True,2,
0.794872,0,0.0,4.006832448485201,0.014984980819692,0.0,4.006832448485201,0.0,0.0,True,1,
0.794872,25,6.392151575601465,4.006832448485201,0.014984980819692,1.1116785348872114,3.911046179728249,25.000000000000018,-1.7763568394002505e-14,True,2,
0.794872,50,13.122708931901954,4.006832448485201,0.014984980819691997,2.2822102490264267,3.8101889068382495,50.00000000000004,-4.263256414560601e-14,True,2,
0.794872,75,20.251888759106727,4.006832448485201,0.014984980819692002,3.522067610279431,3.703358283867451,75.00000000000001,-1.4210854715202004e-14,True,2,
0.794872,100,27.860215773245283,4.006832448485201,0.014984980819692002,4.8452549170861365,3.58934764949064,100.00000000000001,-1.4210854715202004e-14,True,2,
0.794872,125,36.05963983479388,4.006832448485201,0.014984980819692002,6.271241710398935,3.4664794371958134,125.00000000000001,-1.4210854715202004e-14,True,2,
0.794872,150,45.01396776865337,4.006832448485201,0.014984980819692,7.828516133678847,3.3322990048536965,150.0,0.0,True,2,
0.794872,175,54.980406090045705,4.006832448485201,0.014984980819692,9.561809754790557,3.1829521177669893,175.00000000000006,-5.684341886080802e-14,True,2,
0.794872,200,66.40719309625257,4.006832448485201,0.014984980819692009,11.549077060217838,3.011721933648273,200.00000000000003,-2.842170943040401e-14,True,2,
0.794872,225,80.2224802284849,4.006832448485201,0.014984980819692007,13.951735691910416,2.8047001209532336,224.99999999999997,2.842170943040401e-14,True,2,
0.794872,250,99.18454878179134,4.006832448485201,0.014984980819692042,17.24948674465936,2.520553887380248,250.0,0.0,True,2,
0.794872,275,,4.006832448485201,0.014984980819692,1.0,,,,False,1,No solution exists for discriminant 
0.794872,300,,4.006832448485201,0.014984980819692,1.0,,,,False,1,No solution exists for discriminant 
0.794872,325,,4.006832448485201,0.014984980819692,1.0,,,,False,1,No solution exists for discriminant 
0.794872,350,,4.006832448485201,0.014984980819692,1.0,,,,False,1,No solution exists for discriminant 
0.794872,375,,4.006832448485201,0.014984980819692,1.0,,,,False,1,No solution exists for discriminant 
0.794872,400,,4.006832448485201,0.014984980819692,1.0,,,,False,1,No solution exists for discriminant 
0.794872,425,,4.006832448485201,0.014984980819692,1.0,,,,False,1,No solution exists for discriminant 
0.794872,450,,4.006832448485201,0.014984980819692,1.0,,,,False,1,No solution exists for discriminant 
0.794872,475,,4.006832448485201,0.014984980819692,1.0,,,,False,1,No solution exists for discriminant 
0.794872,500,,4.006832448485201,0.014984980819692,1.0,,,,False,1,No solution exists for discriminant 
0.794872,525,,4.006832448485201,0.014984980819692,1.0,,,,False,1,No solution exists for discriminant 
0.794872,550,,4.006832448485201,0.014984980819692,1.0,,,,False,1,No solution exists for discriminant 
0.794872,575,,4.006832448485201,0.014984980819692,1.0,,,,False,1,No solution exists for discriminant 
0.794872,600,,4.006832448485201,0.014984980819692,1.0,,,,False,1,No solution exists for discriminant 
0.794872,625,,4.006832448485201,0.014984980819692,1.0,,,,False,1,No solution exists for discriminant 
0.794872,650,,4.006832448485201,0.014984980819692,1.0,,,,False,1,No solution exists for discriminant 
0.794872,675,,4.006832448485201,0.014984980819692,1.0,,,,False,1,No solution exists for discriminant 
0.794872,700,,4.006832448485201,0.014984980819692,1.0,,,,False,1,No solution exists for discriminant 
0.794872,725,,4.006832448485201,0.014984980819692,1.0,,,,False,1,No solution exists for discriminant 
0.794872,750,,4.006832448485201,0.014984980819692,1.0,,,,False,1,No solution exists for discriminant 
0.794872,775,,4.006832448485201,0.014984980819692,1.0,,,,False,1,No solution exists for discriminant 
0.794872,800,,4.006832448485201,0.014984980819692,1.0,,,,False,1,No solution exists for discriminant 
0.794872,825,,4.006832448485201,0.014984980819692,1.0,,,,False,1,No solution exists for discriminant 
0.794872,850,,4.006832448485201,0.014984980819692,1.0,,,,False,1,No solution exists for discriminant 
0.794872,875,,4.006832448485201,0.014984980819692,1.0,,,,False,1,No solution exists for discriminant 
0.794872,900,,4.006832448485201,0.014984980819692,1.0,,,,False,1,No solution exists for discriminant 
0.794872,925,,4.006832448485201,0.014984980819692,1.0,,,,False,1,No solution exists for discriminant 
0.794872,950,,4.006832448485201,0.014984980819692,1.0,,,,False,1,No solution exists for discriminant 
0.794872,975,,4.006832448485201,0.014984980819692,1.0,,,,False,1,No solution exists for discriminant 
0.794872,1000,,4.006832448485201,0.014984980819692,1.0,,,,False,1,No solution exists for discriminant 
0.794872,1025,,4.006832448485201,0.014984980819692,1.0,,,,False,1,No solution exists for discriminant 
0.794872,1050,,4.006832448485201,0.014984980819692,1.0,,,,False,1,No solution exists for discriminant 
0.794872,1075,,4.006832448485201,0.014984980819692,1.0,,,,False,1,No solution exists for discriminant 
0.794872,1100,,4.006832448485201,0.014984980819692,1.0,,,,False,1,No solution exists for discriminant 
0.794872,1125,,4.006832448485201,0.014984980819692,1.0,,,,False,1,No solution exists for discriminant 
0.794872,1150,,4.006832448485201,0.014984980819692,1.0,,,,False,1,No solution exists for discriminant 
0.794872,1175,,4.006832448485201,0.014984980819692,1.0,,,,False,1,No solution exists for discriminant 
0.794872,1200,,4.006832448485201,0.014984980819692,1.0,,,,False,1,No solution exists for discriminant 
0.794872,1225,,4.006832448485201,0.014984980819692,1.0,,,,False,1,No solution exists for discriminant 
0.794872,1250,,4.006832448485201,0.014984980819692,1.0,,,,False,1,No solution exists for discriminant 
0.794872,1275,,4.006832448485201,0.014984980819692,1.0,,,,False,1,No solution exists for discriminant 
0.794872,1300,,4.006832448485201,0.014984980819692,1.0,,,,False,1,No solution exists for discriminant 
0.794872,1325,,4.006832448485201,0.014984980819692,1.0,,,,False,1,No solution exists for discriminant 
0.794872,1350,,4.006832448485201,0.014984980819692,1.0,,,,False,1,No solution exists for discriminant 
0.794872,1375,,4.006832448485201,0.014984980819692,1.0,,,,False,1,No solution exists for discriminant 
0.794872,1400,,4.006832448485201,0.014984980819692,1.0,,,,False,1,No solution exists for discriminant 
0.794872,1425,,4.006832448485201,0.014984980819692,1.0,,,,False,1,No solution exists for discriminant 
0.794872,1450,,4.006832448485201,0.014984980819692,1.0,,,,False,1,No solution exists for discriminant 
0.794872,1475,,4.006832448485201,0.014984980819692,1.0,,,,False,1,No solution exists for discriminant 
0.794872,1500,,4.006832448485201,0.014984980819692,1.0,,,,False,1,No solution exists for discriminant 
0.794872,1525,,4.006832448485201,0.014984980819692,1.0,,,,False,1,No solution exists for discriminant 
0.820513,-100,-22.91965073048982,4.02186196130738,0.014887062421196572,3.9860262139982297,4.134615384615385,-94.76394052029445,-5.2360594797055455,True,2,
0.820513,-75,-17.51282226017943,4.02186196130738,0.014887062421196568,3.04570821916164,4.134615384615385,-72.40878434497264,-2.591215655027355,True,2,
0.820513,-50,-11.907240336015022,4.02186196130738,0.014887062421196575,2.070824406263482,4.134615384615385,-49.231859081600575,-0.7681409183994248,True,2,
0.820513,-25,-6.079228664337699,4.02186196130738,0.01488706242119657,1.057257159015252,4.112363817906102,-24.999999999999993,-7.105427357601002e-15,True,2,
0.820513,0,0.0,4.02186196130738,0.01488706242119657,0.0,4.02186196130738,0.0,0.0,True,1,
0.820513,25,6.366036320294703,4.02186196130738,0.014887062421196568,1.1071367513556005,3.9270903812315483,25.000000000000007,-7.105427357601002e-15,True,2,
0.820513,50,13.063763807169966,4.02186196130738,0.014887062421196574,2.271958922986081,3.827380894054272,50.00000000000003,-2.842170943040401e-14,True,2,
0.820513,75,20.15115835824624,4.02186196130738,0.014887062421196568,3.504549279694998,3.7218704089687513,75.0,0.0,True,2,
0.820513,100,27.705354265924896,4.02186196130738,0.014887062421196574,4.818322481030417,3.6094106229491913,100.00000000000001,-1.4210854715202004e-14,True,2,
0.820513,125,35.832887100303644,4.02186196130738,0.014887062421196568,6.231806452226721,3.48841553431347,124.99999999999999,1.4210854715202004e-14,True,2,
0.820513,150,44.688280357506315,4.02186196130738,0.01488706242119657,7.771874844783707,3.3565847421292507,150.0,0.0,True,2,
0.820513,175,54.51117974210731,4.02186196130738,0.014887062421196574,9.480205172540401,3.210350625833562,174.99999999999997,2.842170943040401e-14,True,2,
0.820513,200,65.71138941830607,4.02186196130738,0.014887062421196577,11.428067724922794,3.0436124052535014,200.00000000000003,-2.842170943040401e-14,True,2,
0.820513,225,79.10974441843396,4.02186196130738,0.01488706242119661,13.758216420597211,2.8441502580252433,225.0,0.0,True,2,
0.820513,250,96.95747556704086,4.02186196130738,0.014887062421196605,16.862169663833193,2.578449970339198,250.0,0.0,True,2,
0.820513,275,,4.02186196130738,0.014887062421196568,1.0,,,,False,1,No solution exists for discriminant 
0.820513,300,,4.02186196130738,0.014887062421196568,1.0,,,,False,1,No solution exists for discriminant 
0.820513,325,,4.02186196130738,0.014887062421196568,1.0,,,,False,1,No solution exists for discriminant 
0.820513,350,,4.02186196130738,0.014887062421196568,1.0,,,,False,1,No solution exists for discriminant 
0.820513,375,,4.02186196130738,0.014887062421196568,1.0,,,,False,1,No solution exists for discriminant 
0.820513,400,,4.02186196130738,0.014887062421196568,1.0,,,,False,1,No solution exists for discriminant 
0.820513,425,,4.02186196130738,0.014887062421196568,1.0,,,,False,1,No solution exists for discriminant 
0.820513,450,,4.02186196130738,0.014887062421196568,1.0,,,,False,1,No solution exists for discriminant 
0.820513,475,,4.02186196130738,0.014887062421196568,1.0,,,,False,1,No solution exists for discriminant 
0.820513,500,,4.02186196130738,0.014887062421196568,1.0,,,,False,1,No solution exists for discriminant 
0.820513,525,,4.02186196130738,0.014887062421196568,1.0,,,,False,1,No solution exists for discriminant 
0.820513,550,,4.02186196130738,0.014887062421196568,1.0,,,,False,1,No solution exists for discriminant 
0.820513,575,,4.02186196130738,0.014887062421196568,1.0,,,,False,1,No solution exists for discriminant 
0.820513,600,,4.02186196130738,0.014887062421196568,1.0,,,,False,1,No solution exists for discriminant 
0.820513,625,,4.02186196130738,0.014887062421196568,1.0,,,,False,1,No solution exists for discriminant 
0.820513,650,,4.02186196130738,0.014887062421196568,1.0,,,,False,1,No solution exists for discriminant 
0.820513,675,,4.02186196130738,0.014887062421196568,1.0,,,,False,1,No solution exists for discriminant 
0.820513,700,,4.02186196130738,0.014887062421196568,1.0,,,,False,1,No solution exists for discriminant 
0.820513,725,,4.02186196130738,0.014887062421196568,1.0,,,,False,1,No solution exists for discriminant 
0.820513,750,,4.02186196130738,0.014887062421196568,1.0,,,,False,1,No solution exists for discriminant 
0.820513,775,,4.02186196130738,0.014887062421196568,1.0,,,,False,1,No solution exists for discriminant 
0.820513,800,,4.02186196130738,0.014887062421196568,1.0,,,,False,1,No solution exists for discriminant 
0.820513,825,,4.02186196130738,0.014887062421196568,1.0,,,,False,1,No solution exists for discriminant 
0.820513,850,,4.02186196130738,0.014887062421196568,1.0,,,,False,1,No solution exists for discriminant 
0.820513,875,,4.02186196130738,0.014887062421196568,1.0,,,,False,1,No solution exists for discriminant 
0.820513,900,,4.02186196130738,0.014887062421196568,1.0,,,,False,1,No solution exists for discriminant 
0.820513,925,,4.02186196130738,0.014887062421196568,1.0,,,,False,1,No solution exists for discriminant 
0.820513,950,,4.02186196130738,0.014887062421196568,1.0,,,,False,1,No solution exists for discriminant 
0.820513,975,,4.02186196130738,0.014887062421196568,1.0,,,,False,1,No solution exists for discriminant 
0.820513,1000,,4.02186196130738,0.014887062421196568,1.0,,,,False,1,No solution exists for discriminant 
0.820513,1025,,4.02186196130738,0.014887062421196568,1.0,,,,False,1,No solution exists for discriminant 
0.820513,1050,,4.02186196130738,0.014887062421196568,1.0,,,,False,1,No solution exists for discriminant 
0.820513,1075,,4.02186196130738,0.014887062421196568,1.0,,,,False,1,No solution exists for discriminant 
0.820513,1100,,4.02186196130738,0.014887062421196568,1.0,,,,False,1,No solution exists for discriminant 
0.820513,1125,,4.02186196130738,0.014887062421196568,1.0,,,,False,1,No solution exists for discriminant 
0.820513,1150,,4.02186196130738,0.014887062421196568,1.0,,,,False,1,No solution exists for discriminant 
0.820513,1175,,4.02186196130738,0.014887062421196568,1.0,,,,False,1,No solution exists for discriminant 
0.820513,1200,,4.02186196130738,0.014887062421196568,1.0,,,,False,1,No solution exists for discriminant 
0.820513,1225,,4.02186196130738,0.014887062421196568,1.0,,,,False,1,No solution exists for discriminant 
0.820513,1250,,4.02186196130738,0.014887062421196568,1.0,,,,False,1,No solution exists for discriminant 
0.820513,1275,,4.02186196130738,0.014887062421196568,1.0,,,,False,1,No solution exists for discriminant 
0.820513,1300,,4.02186196130738,0.014887062421196568,1.0,,,,False,1,No solution exists for discriminant 
0.820513,1325,,4.02186196130738,0.014887062421196568,1.0,,,,False,1,No solution exists for discriminant 
0.820513,1350,,4.02186196130738,0.014887062421196568,1.0,,,,False,1,No solution exists for discriminant 
0.820513,1375,,4.02186196130738,0.014887062421196568,1.0,,,,False,1,No solution exists for discriminant 
0.820513,1400,,4.02186196130738,0.014887062421196568,1.0,,,,False,1,No solution exists for discriminant 
0.820513,1425,,4.02186196130738,0.014887062421196568,1.0,,,,False,1,No solution exists for discriminant 
0.820513,1450,,4.02186196130738,0.014887062421196568,1.0,,,,False,1,No solution exists for discriminant 
0.820513,1475,,4.02186196130738,0.014887062421196568,1.0,,,,False,1,No solution exists for discriminant 
0.820513,1500,,4.02186196130738,0.014887062421196568,1.0,,,,False,1,No solution exists for discriminant 
0.820513,1525,,4.02186196130738,0.014887062421196568,1.0,,,,False,1,No solution exists for discriminant 
0.8461540000000001,-100,-22.877677134169577,4.029783159520712,0.014918034611119171,3.9787264581164483,4.134615384615385,-94.59039584320115,-5.409604156798849,True,2,
0.8461540000000001,-75,-17.48025903002745,4.029783159520712,0.01491803461111917,3.0400450487004265,4.134615384615385,-72.2741479126135,-2.7258520873864995,True,2,
0.8461540000000001,-50,-11.884727817804768,4.029783159520712,0.01491803461111917,2.066909185705177,4.134615384615385,-49.138778477462026,-0.8612215225379742,True,2,
0.8461540000000001,-25,-6.067521339171285,4.029783159520712,0.01491803461111917,1.0552211024645712,4.120298652862173,-24.999999999999936,-6.394884621840902e-14,True,2,
0.8461540000000001,0,0.0,4.029783159520712,0.014918034611119168,0.0,4.029783159520712,0.0,0.0,True,1,
0.8461540000000001,25,6.353231379184157,4.029783159520712,0.014918034611119168,1.1049098050755055,3.9350054339135947,25.000000000000018,-1.7763568394002505e-14,True,2,
0.8461540000000001,50,13.036790258601066,4.029783159520712,0.01491803461111917,2.2672678710610548,3.8352998712250006,50.00000000000001,-7.105427357601002e-15,True,2,
0.8461540000000001,75,20.10827814346436,4.029783159520712,0.01491803461111917,3.49709185103728,3.7298071702064997,75.00000000000001,-1.4210854715202004e-14,True,2,
0.8461540000000001,100,27.644280246479134,4.029783159520712,0.014918034611119171,4.807700912431153,3.6173848300042586,100.0,0.0,True,2,
0.8461540000000001,125,35.750483493528414,4.029783159520712,0.014918034611119175,6.217475390178855,3.4964562094000105,125.0,0.0,True,2,
0.8461540000000001,150,44.58000617444272,4.029783159520712,0.01491803461111917,7.753044552076995,3.3647370844464692,150.0,0.0,True,2,
0.8461540000000001,175,54.369935821851875,4.029783159520712,0.014918034611119162,9.455641012495978,3.2186905751259984,175.00000000000003,-2.842170943040401e-14,True,2,
0.8461540000000001,200,65.52472158473172,4.029783159520712,0.014918034611119142,11.395603753866386,3.052283095035739,200.00000000000003,-2.842170943040401e-14,True,2,
0.8461540000000001,225,78.85109117762494,4.029783159520712,0.014918034611119086,13.713233248282597,2.8534798522083964,225.0,0.0,True,2,
0.8461540000000001,250,96.54034164083033,4.029783159520712,0.014918034611118994,16.789624633187884,2.5895910015535533,250.00000000000003,-2.842170943040401e-14,True,2,
0.8461540000000001,275,,4.029783159520712,0.014918034611119166,1.0,,,,False,1,No solution exists for discriminant 
0.8461540000000001,300,,4.029783159520712,0.014918034611119166,1.0,,,,False,1,No solution exists for discriminant 
0.8461540000000001,325,,4.029783159520712,0.014918034611119166,1.0,,,,False,1,No solution exists for discriminant 
0.8461540000000001,350,,4.029783159520712,0.014918034611119166,1.0,,,,False,1,No solution exists for discriminant 
0.8461540000000001,375,,4.029783159520712,0.014918034611119166,1.0,,,,False,1,No solution exists for discriminant 
0.8461540000000001,400,,4.029783159520712,0.014918034611119166,1.0,,,,False,1,No solution exists for discriminant 
0.8461540000000001,425,,4.029783159520712,0.014918034611119166,1.0,,,,False,1,No solution exists for discriminant 
0.8461540000000001,450,,4.029783159520712,0.014918034611119166,1.0,,,,False,1,No solution exists for discriminant 
0.8461540000000001,475,,4.029783159520712,0.014918034611119166,1.0,,,,False,1,No solution exists for discriminant 
0.8461540000000001,500,,4.029783159520712,0.014918034611119166,1.0,,,,False,1,No solution exists for discriminant 
0.8461540000000001,525,,4.029783159520712,0.014918034611119166,1.0,,,,False,1,No solution exists for discriminant 
0.8461540000000001,550,,4.029783159520712,0.014918034611119166,1.0,,,,False,1,No solution exists for discriminant 
0.8461540000000001,575,,4.029783159520712,0.014918034611119166,1.0,,,,False,1,No solution exists for discriminant 
0.8461540000000001,600,,4.029783159520712,0.014918034611119166,1.0,,,,False,1,No solution exists for discriminant 
0.8461540000000001,625,,4.029783159520712,0.014918034611119166,1.0,,,,False,1,No solution exists for discriminant 
0.8461540000000001,650,,4.029783159520712,0.014918034611119166,1.0,,,,False,1,No solution exists for discriminant 
0.8461540000000001,675,,4.029783159520712,0.014918034611119166,1.0,,,,False,1,No solution exists for discriminant 
0.8461540000000001,700,,4.029783159520712,0.014918034611119166,1.0,,,,False,1,No solution exists for discriminant 
0.8461540000000001,725,,4.029783159520712,0.014918034611119166,1.0,,,,False,1,No solution exists for discriminant 
0.8461540000000001,750,,4.029783159520712,0.014918034611119166,1.0,,,,False,1,No solution exists for discriminant 
0.8461540000000001,775,,4.029783159520712,0.014918034611119166,1.0,,,,False,1,No solution exists for discriminant 
0.8461540000000001,800,,4.029783159520712,0.014918034611119166,1.0,,,,False,1,No solution exists for discriminant 
0.8461540000000001,825,,4.029783159520712,0.014918034611119166,1.0,,,,False,1,No solution exists for discriminant 
0.8461540000000001,850,,4.029783159520712,0.014918034611119166,1.0,,,,False,1,No solution exists for discriminant 
0.8461540000000001,875,,4.029783159520712,0.014918034611119166,1.0,,,,False,1,No solution exists for discriminant 
0.8461540000000001,900,,4.029783159520712,0.014918034611119166,1.0,,,,False,1,No solution exists for discriminant 
0.8461540000000001,925,,4.029783159520712,0.014918034611119166,1.0,,,,False,1,No solution exists for discriminant 
0.8461540000000001,950,,4.029783159520712,0.014918034611119166,1.0,,,,False,1,No solution exists for discriminant 
0.8461540000000001,975,,4.029783159520712,0.014918034611119166,1.0,,,,False,1,No solution exists for discriminant 
0.8461540000000001,1000,,4.029783159520712,0.014918034611119166,1.0,,,,False,1,No solution exists for discriminant 
0.8461540000000001,1025,,4.029783159520712,0.014918034611119166,1.0,,,,False,1,No solution exists for discriminant 
0.8461540000000001,1050,,4.029783159520712,0.014918034611119166,1.0,,,,False,1,No solution exists for discriminant 
0.8461540000000001,1075,,4.029783159520712,0.014918034611119166,1.0,,,,False,1,No solution exists for discriminant 
0.8461540000000001,1100,,4.029783159520712,0.014918034611119166,1.0,,,,False,1,No solution exists for discriminant 
0.8461540000000001,1125,,4.029783159520712,0.014918034611119166,1.0,,,,False,1,No solution exists for discriminant 
0.8461540000000001,1150,,4.029783159520712,0.014918034611119166,1.0,,,,False,1,No solution exists for discriminant 
0.8461540000000001,1175,,4.029783159520712,0.014918034611119166,1.0,,,,False,1,No solution exists for discriminant 
0.8461540000000001,1200,,4.029783159520712,0.014918034611119166,1.0,,,,False,1,No solution exists for discriminant 
0.8461540000000001,1225,,4.029783159520712,0.014918034611119166,1.0,,,,False,1,No solution exists for discriminant 
0.8461540000000001,1250,,4.029783159520712,0.014918034611119166,1.0,,,,False,1,No solution exists for discriminant 
0.8461540000000001,1275,,4.029783159520712,0.014918034611119166,1.0,,,,False,1,No solution exists for discriminant 
0.8461540000000001,1300,,4.029783159520712,0.014918034611119166,1.0,,,,False,1,No solution exists for discriminant 
0.8461540000000001,1325,,4.029783159520712,0.014918034611119166,1.0,,,,False,1,No solution exists for discriminant 
0.8461540000000001,1350,,4.029783159520712,0.014918034611119166,1.0,,,,False,1,No solution exists for discriminant 
0.8461540000000001,1375,,4.029783159520712,0.014918034611119166,1.0,,,,False,1,No solution exists for discriminant 
0.8461540000000001,1400,,4.029783159520712,0.014918034611119166,1.0,,,,False,1,No solution exists for discriminant 
0.8461540000000001,1425,,4.029783159520712,0.014918034611119166,1.0,,,,False,1,No solution exists for discriminant 
0.8461540000000001,1450,,4.029783159520712,0.014918034611119166,1.0,,,,False,1,No solution exists for discriminant 
0.8461540000000001,1475,,4.029783159520712,0.014918034611119166,1.0,,,,False,1,No solution exists for discriminant 
0.8461540000000001,1500,,4.029783159520712,0.014918034611119166,1.0,,,,False,1,No solution exists for discriminant 
0.8461540000000001,1525,,4.029783159520712,0.014918034611119166,1.0,,,,False,1,No solution exists for discriminant 
0.8717950000000001,-100,-22.772297626328392,4.049088363183473,0.015027559216263918,3.9603995871875464,4.134615384615385,-94.15469210885779,-5.8453078911422125,True,2,
0.8717950000000001,-75,-17.39915106774302,4.049088363183473,0.015027559216263921,3.0259393161292207,4.134615384615385,-71.9387976839375,-3.0612023160625057,True,2,
0.8717950000000001,-50,-11.829135972673754,4.049088363183473,0.015027559216263914,2.0572410387258704,4.134615384615385,-48.90892757932418,-1.0910724206758218,True,2,
0.8717950000000001,-25,-6.038883583201765,4.049088363183473,0.015027559216263914,1.0502406231655244,4.134615384615385,-24.968460969007303,-0.03153903099269684,True,2,
0.8717950000000001,0,0.0,4.049088363183473,0.01502755921626391,0.0,4.049088363183473,0.0,0.0,True,1,
0.8717950000000001,25,6.322590843232971,4.049088363183473,0.015027559216263914,1.0995810162144297,3.9540752548865816,24.99999999999998,2.1316282072803006e-14,True,2,
0.8717950000000001,50,12.973080832405275,4.049088363183473,0.015027559216263912,2.2561879708530914,3.8541346227571243,49.999999999999986,1.4210854715202004e-14,True,2,
0.8717950000000001,75,20.008485389701217,4.049088363183473,0.015027559216263918,3.479736589513255,3.7484096641619864,74.99999999999996,4.263256414560601e-14,True,2,
0.8717950000000001,100,27.504549775171157,4.049088363183473,0.01502755921626392,4.783399960899332,3.6357621127204096,99.99999999999996,4.263256414560601e-14,True,2,
0.8717950000000001,125,35.56569443841651,4.049088363183473,0.015027559216263925,6.1853381632028706,3.5146227839426203,124.99999999999999,1.4210854715202004e-14,True,2,
0.8717950000000001,150,44.3429960162561,4.049088363183473,0.015027559216263918,7.711825394131496,3.382721364722629,149.99999999999994,5.684341886080802e-14,True,2,
0.8717950000000001,175,54.069932698277256,4.049088363183473,0.0150275592162639,9.403466556222131,3.2365492477407076,174.99999999999994,5.684341886080802e-14,True,2,
0.8717950000000001,200,65.14364272735658,4.049088363183473,0.015027559216263885,11.329329169975058,3.0701384145349837,199.99999999999994,5.684341886080802e-14,True,2,
0.8717950000000001,225,78.35232708322835,4.049088363183473,0.015027559216263826,13.626491666648407,2.871644128208187,224.99999999999997,2.842170943040401e-14,True,2,
0.8717950000000001,250,95.81270789664953,4.049088363183473,0.01502755921626375,16.663079634199917,2.609257221595991,250.0,0.0,True,2,
0.8717950000000001,275,,4.049088363183473,0.015027559216263909,1.0,,,,False,1,No solution exists for discriminant 
0.8717950000000001,300,,4.049088363183473,0.015027559216263909,1.0,,,,False,1,No solution exists for discriminant 
0.8717950000000001,325,,4.049088363183473,0.015027559216263909,1.0,,,,False,1,No solution exists for discriminant 
0.8717950000000001,350,,4.049088363183473,0.015027559216263909,1.0,,,,False,1,No solution exists for discriminant 
0.8717950000000001,375,,4.049088363183473,0.015027559216263909,1.0,,,,False,1,No solution exists for discriminant 
0.8717950000000001,400,,4.049088363183473,0.015027559216263909,1.0,,,,False,1,No solution exists for discriminant 
0.8717950000000001,425,,4.049088363183473,0.015027559216263909,1.0,,,,False,1,No solution exists for discriminant 
0.8717950000000001,450,,4.049088363183473,0.015027559216263909,1.0,,,,False,1,No solution exists for discriminant 
0.8717950000000001,475,,4.049088363183473,0.015027559216263909,1.0,,,,False,1,No solution exists for discriminant 
0.8717950000000001,500,,4.049088363183473,0.015027559216263909,1.0,,,,False,1,No solution exists for discriminant 
0.8717950000000001,525,,4.049088363183473,0.015027559216263909,1.0,,,,False,1,No solution exists for discriminant 
0.8717950000000001,550,,4.049088363183473,0.015027559216263909,1.0,,,,False,1,No solution exists for discriminant 
0.8717950000000001,575,,4.049088363183473,0.015027559216263909,1.0,,,,False,1,No solution exists for discriminant 
0.8717950000000001,600,,4.049088363183473,0.015027559216263909,1.0,,,,False,1,No solution exists for discriminant 
0.8717950000000001,625,,4.049088363183473,0.015027559216263909,1.0,,,,False,1,No solution exists for discriminant 
0.8717950000000001,650,,4.049088363183473,0.015027559216263909,1.0,,,,False,1,No solution exists for discriminant 
0.8717950000000001,675,,4.049088363183473,0.015027559216263909,1.0,,,,False,1,No solution exists for discriminant 
0.8717950000000001,700,,4.049088363183473,0.015027559216263909,1.0,,,,False,1,No solution exists for discriminant 
0.8717950000000001,725,,4.049088363183473,0.015027559216263909,1.0,,,,False,1,No solution exists for discriminant 
0.8717950000000001,750,,4.049088363183473,0.015027559216263909,1.0,,,,False,1,No solution exists for discriminant 
0.8717950000000001,775,,4.049088363183473,0.015027559216263909,1.0,,,,False,1,No solution exists for discriminant 
0.8717950000000001,800,,4.049088363183473,0.015027559216263909,1.0,,,,False,1,No solution exists for discriminant 
0.8717950000000001,825,,4.049088363183473,0.015027559216263909,1.0,,,,False,1,No solution exists for discriminant 
0.8717950000000001,850,,4.049088363183473,0.015027559216263909,1.0,,,,False,1,No solution exists for discriminant 
0.8717950000000001,875,,4.049088363183473,0.015027559216263909,1.0,,,,False,1,No solution exists for discriminant 
0.8717950000000001,900,,4.049088363183473,0.015027559216263909,1.0,,,,False,1,No solution exists for discriminant 
0.8717950000000001,925,,4.049088363183473,0.015027559216263909,1.0,,,,False,1,No solution exists for discriminant 
0.8717950000000001,950,,4.049088363183473,0.015027559216263909,1.0,,,,False,1,No solution exists for discriminant 
0.8717950000000001,975,,4.049088363183473,0.015027559216263909,1.0,,,,False,1,No solution exists for discriminant 
0.8717950000000001,1000,,4.049088363183473,0.015027559216263909,1.0,,,,False,1,No solution exists for discriminant 
0.8717950000000001,1025,,4.049088363183473,0.015027559216263909,1.0,,,,False,1,No solution exists for discriminant 
0.8717950000000001,1050,,4.049088363183473,0.015027559216263909,1.0,,,,False,1,No solution exists for discriminant 
0.8717950000000001,1075,,4.049088363183473,0.015027559216263909,1.0,,,,False,1,No solution exists for discriminant 
0.8717950000000001,1100,,4.049088363183473,0.015027559216263909,1.0,,,,False,1,No solution exists for discriminant 
0.8717950000000001,1125,,4.049088363183473,0.015027559216263909,1.0,,,,False,1,No solution exists for discriminant 
0.8717950000000001,1150,,4.049088363183473,0.015027559216263909,1.0,,,,False,1,No solution exists for discriminant 
0.8717950000000001,1175,,4.049088363183473,0.015027559216263909,1.0,,,,False,1,No solution exists for discriminant 
0.8717950000000001,1200,,4.049088363183473,0.015027559216263909,1.0,,,,False,1,No solution exists for discriminant 
0.8717950000000001,1225,,4.049088363183473,0.015027559216263909,1.0,,,,False,1,No solution exists for discriminant 
0.8717950000000001,1250,,4.049088363183473,0.015027559216263909,1.0,,,,False,1,No solution exists for discriminant 
0.8717950000000001,1275,,4.049088363183473,0.015027559216263909,1.0,,,,False,1,No solution exists for discriminant 
0.8717950000000001,1300,,4.049088363183473,0.015027559216263909,1.0,,,,False,1,No solution exists for discriminant 
0.8717950000000001,1325,,4.049088363183473,0.015027559216263909,1.0,,,,False,1,No solution exists for discriminant 
0.8717950000000001,1350,,4.049088363183473,0.015027559216263909,1.0,,,,False,1,No solution exists for discriminant 
0.8717950000000001,1375,,4.049088363183473,0.015027559216263909,1.0,,,,False,1,No solution exists for discriminant 
0.8717950000000001,1400,,4.049088363183473,0.015027559216263909,1.0,,,,False,1,No solution exists for discriminant 
0.8717950000000001,1425,,4.049088363183473,0.015027559216263909,1.0,,,,False,1,No solution exists for discriminant 
0.8717950000000001,1450,,4.049088363183473,0.015027559216263909,1.0,,,,False,1,No solution exists for discriminant 
0.8717950000000001,1475,,4.049088363183473,0.015027559216263909,1.0,,,,False,1,No solution exists for discriminant 
0.8717950000000001,1500,,4.049088363183473,0.015027559216263909,1.0,,,,False,1,No solution exists for discriminant 
0.8717950000000001,1525,,4.049088363183473,0.015027559216263909,1.0,,,,False,1,No solution exists for discriminant 
0.897436,-100,-22.66411703842745,4.070548387150913,0.015077252961127115,3.941585571900426,4.134615384615385,-93.7074069858058,-6.292593014194196,True,2,
0.897436,-75,-17.314598305585566,4.070548387150913,0.015077252961127116,3.0112344879279247,4.134615384615385,-71.58920453270956,-3.4107954672904413,True,2,
0.897436,-50,-11.770214645328366,4.070548387150913,0.015077252961127118,2.046993851361455,4.134615384615385,-48.66531055279998,-1.3346894472000201,True,2,
0.897436,-25,-6.0079801967429995,4.070548387150913,0.015077252961127116,1.0448661211726955,4.134615384615385,-24.840687351918174,-0.15931264808182632,True,2,
0.897436,0,0.0,4.070548387150913,0.01507725296112711,0.0,4.070548387150913,0.0,0.0,True,1,
0.897436,25,6.28813666864484,4.070548387150913,0.015077252961127116,1.0935889858512764,3.975740559943615,25.000000000000014,-1.4210854715202004e-14,True,2,
0.897436,50,12.899709761869689,4.070548387150913,0.015077252961127122,2.2434277846729893,3.8760561999460825,50.000000000000014,-1.4210854715202004e-14,True,2,
0.897436,75,19.890442635603883,4.070548387150913,0.015077252961127116,3.459207414887632,3.770655152025125,74.99999999999999,1.4210854715202004e-14,True,2,
0.897436,100,27.334173454789138,4.070548387150913,0.015077252961127115,4.753769296485068,3.658424139489731,100.0,0.0,True,2,
0.897436,125,35.33235822033226,4.070548387150913,0.015077252961127118,6.144757951362132,3.537833484549804,124.99999999999999,1.4210854715202004e-14,True,2,
0.897436,150,44.03114253009284,4.070548387150913,0.015077252961127115,7.657590005233538,3.4066797130572604,150.00000000000003,-2.842170943040401e-14,True,2,
0.897436,175,53.65500491181838,4.070548387150913,0.01507725296112711,9.33130520205537,3.2615783054649095,175.0,0.0,True,2,
0.897436,200,64.58227047816665,4.070548387150913,0.015077252961127108,11.231699213594199,3.096825158347663,200.00000000000003,-2.842170943040401e-14,True,2,
0.897436,225,77.55208400969461,4.070548387150913,0.01507725296112711,13.487318958207759,2.9012759988741665,225.0,0.0,True,2,
0.897436,250,94.48101565033792,4.070548387150913,0.015077252961127137,16.431480982667466,2.646034214166556,249.99999999999997,2.842170943040401e-14,True,2,
0.897436,275,,4.070548387150913,0.015077252961127111,1.0,,,,False,1,No solution exists for discriminant 
0.897436,300,,4.070548387150913,0.015077252961127111,1.0,,,,False,1,No solution exists for discriminant 
0.897436,325,,4.070548387150913,0.015077252961127111,1.0,,,,False,1,No solution exists for discriminant 
0.897436,350,,4.070548387150913,0.015077252961127111,1.0,,,,False,1,No solution exists for discriminant 
0.897436,375,,4.070548387150913,0.015077252961127111,1.0,,,,False,1,No solution exists for discriminant 
0.897436,400,,4.070548387150913,0.015077252961127111,1.0,,,,False,1,No solution exists for discriminant 
0.897436,425,,4.070548387150913,0.015077252961127111,1.0,,,,False,1,No solution exists for discriminant 
0.897436,450,,4.070548387150913,0.015077252961127111,1.0,,,,False,1,No solution exists for discriminant 
0.897436,475,,4.070548387150913,0.015077252961127111,1.0,,,,False,1,No solution exists for discriminant 
0.897436,500,,4.070548387150913,0.015077252961127111,1.0,,,,False,1,No solution exists for discriminant 
0.897436,525,,4.070548387150913,0.015077252961127111,1.0,,,,False,1,No solution exists for discriminant 
0.897436,550,,4.070548387150913,0.015077252961127111,1.0,,,,False,1,No solution exists for discriminant 
0.897436,575,,4.070548387150913,0.015077252961127111,1.0,,,,False,1,No solution exists for discriminant 
0.897436,600,,4.070548387150913,0.015077252961127111,1.0,,,,False,1,No solution exists for discriminant 
0.897436,625,,4.070548387150913,0.015077252961127111,1.0,,,,False,1,No solution exists for discriminant 
0.897436,650,,4.070548387150913,0.015077252961127111,1.0,,,,False,1,No solution exists for discriminant 
0.897436,675,,4.070548387150913,0.015077252961127111,1.0,,,,False,1,No solution exists for discriminant 
0.897436,700,,4.070548387150913,0.015077252961127111,1.0,,,,False,1,No solution exists for discriminant 
0.897436,725,,4.070548387150913,0.015077252961127111,1.0,,,,False,1,No solution exists for discriminant 
0.897436,750,,4.070548387150913,0.015077252961127111,1.0,,,,False,1,No solution exists for discriminant 
0.897436,775,,4.070548387150913,0.015077252961127111,1.0,,,,False,1,No solution exists for discriminant 
0.897436,800,,4.070548387150913,0.015077252961127111,1.0,,,,False,1,No solution exists for discriminant 
0.897436,825,,4.070548387150913,0.015077252961127111,1.0,,,,False,1,No solution exists for discriminant 
0.897436,850,,4.070548387150913,0.015077252961127111,1.0,,,,False,1,No solution exists for discriminant 
0.897436,875,,4.070548387150913,0.015077252961127111,1.0,,,,False,1,No solution exists for discriminant 
0.897436,900,,4.070548387150913,0.015077252961127111,1.0,,,,False,1,No solution exists for discriminant 
0.897436,925,,4.070548387150913,0.015077252961127111,1.0,,,,False,1,No solution exists for discriminant 
0.897436,950,,4.070548387150913,0.015077252961127111,1.0,,,,False,1,No solution exists for discriminant 
0.897436,975,,4.070548387150913,0.015077252961127111,1.0,,,,False,1,No solution exists for discriminant 
0.897436,1000,,4.070548387150913,0.015077252961127111,1.0,,,,False,1,No solution exists for discriminant 
0.897436,1025,,4.070548387150913,0.015077252961127111,1.0,,,,False,1,No solution exists for discriminant 
0.897436,1050,,4.070548387150913,0.015077252961127111,1.0,,,,False,1,No solution exists for discriminant 
0.897436,1075,,4.070548387150913,0.015077252961127111,1.0,,,,False,1,No solution exists for discriminant 
0.897436,1100,,4.070548387150913,0.015077252961127111,1.0,,,,False,1,No solution exists for discriminant 
0.897436,1125,,4.070548387150913,0.015077252961127111,1.0,,,,False,1,No solution exists for discriminant 
0.897436,1150,,4.070548387150913,0.015077252961127111,1.0,,,,False,1,No solution exists for discriminant 
0.897436,1175,,4.070548387150913,0.015077252961127111,1.0,,,,False,1,No solution exists for discriminant 
0.897436,1200,,4.070548387150913,0.015077252961127111,1.0,,,,False,1,No solution exists for discriminant 
0.897436,1225,,4.070548387150913,0.015077252961127111,1.0,,,,False,1,No solution exists for discriminant 
0.897436,1250,,4.070548387150913,0.015077252961127111,1.0,,,,False,1,No solution exists for discriminant 
0.897436,1275,,4.070548387150913,0.015077252961127111,1.0,,,,False,1,No solution exists for discriminant 
0.897436,1300,,4.070548387150913,0.015077252961127111,1.0,,,,False,1,No solution exists for discriminant 
0.897436,1325,,4.070548387150913,0.015077252961127111,1.0,,,,False,1,No solution exists for discriminant 
0.897436,1350,,4.070548387150913,0.015077252961127111,1.0,,,,False,1,No solution exists for discriminant 
0.897436,1375,,4.070548387150913,0.015077252961127111,1.0,,,,False,1,No solution exists for discriminant 
0.897436,1400,,4.070548387150913,0.015077252961127111,1.0,,,,False,1,No solution exists for discriminant 
0.897436,1425,,4.070548387150913,0.015077252961127111,1.0,,,,False,1,No solution exists for discriminant 
0.897436,1450,,4.070548387150913,0.015077252961127111,1.0,,,,False,1,No solution exists for discriminant 
0.897436,1475,,4.070548387150913,0.015077252961127111,1.0,,,,False,1,No solution exists for discriminant 
0.897436,1500,,4.070548387150913,0.015077252961127111,1.0,,,,False,1,No solution exists for discriminant 
0.897436,1525,,4.070548387150913,0.015077252961127111,1.0,,,,False,1,No solution exists for discriminant 
0.923077,-100,-22.64398954658384,4.076605263869379,0.014996370710013035,3.93808513853632,4.134615384615385,-93.6241875483755,-6.375812451624498,True,2,
0.923077,-75,-17.297054717735534,4.076605263869379,0.014996370710013035,3.0081834291713974,4.134615384615385,-71.51666854448347,-3.4833314555165344,True,2,
0.923077,-50,-11.756649564792195,4.076605263869379,0.014996370710013035,2.0446347069203816,4.134615384615385,-48.60922416212158,-1.3907758378784223,True,2,
0.923077,-25,-6.000117247452472,4.076605263869379,0.01499637071001304,1.0434986517308646,4.134615384615385,-24.80817708081311,-0.19182291918689032,True,2,
0.923077,0,0.0,4.076605263869379,0.014996370710013036,0.0,4.076605263869379,0.0,0.0,True,1,
0.923077,25,6.277518653365276,4.076605263869379,0.014996370710013035,1.091742374498309,3.982465267004491,25.000000000000018,-1.7763568394002505e-14,True,2,
0.923077,50,12.87488890005324,4.076605263869379,0.014996370710013038,2.2391111130527372,3.8835286570739482,50.00000000000004,-4.263256414560601e-14,True,2,
0.923077,75,19.84663717275979,4.076605263869379,0.014996370710013035,3.4515890735234422,3.7789777354795477,75.00000000000001,-1.4210854715202004e-14,True,2,
0.923077,100,27.264804506002736,4.076605263869379,0.01499637071001304,4.741705131478737,3.6677321481613276,100.00000000000006,-5.684341886080802e-14,True,2,
0.923077,125,35.228008454260305,4.076605263869379,0.014996370710013038,6.126610165958314,3.5483129897138177,125.00000000000003,-2.842170943040401e-14,True,2,
0.923077,150,43.87760519180172,4.076605263869379,0.014996370710013036,7.630887859443777,3.4186004305455273,150.00000000000003,-2.842170943040401e-14,True,2,
0.923077,175,53.42922941084534,4.076605263869379,0.014996370710013038,9.29203989753832,3.2753607328740104,175.00000000000003,-2.842170943040401e-14,True,2,
0.923077,200,64.24258837643906,4.076605263869379,0.014996370710013033,11.172624065467662,3.113199593205524,200.0,0.0,True,2,
0.923077,225,77.00841896008623,4.076605263869379,0.014996370710013028,13.392768514797606,2.9217584653519295,224.99999999999997,2.842170943040401e-14,True,2,
0.923077,250,93.45241912646713,4.076605263869379,0.01499637071001301,16.252594630689938,2.6751581429013673,250.00000000000003,-2.842170943040401e-14,True,2,
0.923077,275,124.24058758397302,4.076605263869379,0.014996370710013075,21.60705871025618,2.2134473552302714,275.0,0.0,True,2,
0.923077,300,,4.076605263869379,0.014996370710013033,1.0,,,,False,1,No solution exists for discriminant 
0.923077,325,,4.076605263869379,0.014996370710013033,1.0,,,,False,1,No solution exists for discriminant 
0.923077,350,,4.076605263869379,0.014996370710013033,1.0,,,,False,1,No solution exists for discriminant 
0.923077,375,,4.076605263869379,0.014996370710013033,1.0,,,,False,1,No solution exists for discriminant 
0.923077,400,,4.076605263869379,0.014996370710013033,1.0,,,,False,1,No solution exists for discriminant 
0.923077,425,,4.076605263869379,0.014996370710013033,1.0,,,,False,1,No solution exists for discriminant 
0.923077,450,,4.076605263869379,0.014996370710013033,1.0,,,,False,1,No solution exists for discriminant 
0.923077,475,,4.076605263869379,0.014996370710013033,1.0,,,,False,1,No solution exists for discriminant 
0.923077,500,,4.076605263869379,0.014996370710013033,1.0,,,,False,1,No solution exists for discriminant 
0.923077,525,,4.076605263869379,0.014996370710013033,1.0,,,,False,1,No solution exists for discriminant 
0.923077,550,,4.076605263869379,0.014996370710013033,1.0,,,,False,1,No solution exists for discriminant 
0.923077,575,,4.076605263869379,0.014996370710013033,1.0,,,,False,1,No solution exists for discriminant 
0.923077,600,,4.076605263869379,0.014996370710013033,1.0,,,,False,1,No solution exists for discriminant 
0.923077,625,,4.076605263869379,0.014996370710013033,1.0,,,,False,1,No solution exists for discriminant 
0.923077,650,,4.076605263869379,0.014996370710013033,1.0,,,,False,1,No solution exists for discriminant 
0.923077,675,,4.076605263869379,0.014996370710013033,1.0,,,,False,1,No solution exists for discriminant 
0.923077,700,,4.076605263869379,0.014996370710013033,1.0,,,,False,1,No solution exists for discriminant 
0.923077,725,,4.076605263869379,0.014996370710013033,1.0,,,,False,1,No solution exists for discriminant 
0.923077,750,,4.076605263869379,0.014996370710013033,1.0,,,,False,1,No solution exists for discriminant 
0.923077,775,,4.076605263869379,0.014996370710013033,1.0,,,,False,1,No solution exists for discriminant 
0.923077,800,,4.076605263869379,0.014996370710013033,1.0,,,,False,1,No solution exists for discriminant 
0.923077,825,,4.076605263869379,0.014996370710013033,1.0,,,,False,1,No solution exists for discriminant 
0.923077,850,,4.076605263869379,0.014996370710013033,1.0,,,,False,1,No solution exists for discriminant 
0.923077,875,,4.076605263869379,0.014996370710013033,1.0,,,,False,1,No solution exists for discriminant 
0.923077,900,,4.076605263869379,0.014996370710013033,1.0,,,,False,1,No solution exists for discriminant 
0.923077,925,,4.076605263869379,0.014996370710013033,1.0,,,,False,1,No solution exists for discriminant 
0.923077,950,,4.076605263869379,0.014996370710013033,1.0,,,,False,1,No solution exists for discriminant 
0.923077,975,,4.076605263869379,0.014996370710013033,1.0,,,,False,1,No solution exists for discriminant 
0.923077,1000,,4.076605263869379,0.014996370710013033,1.0,,,,False,1,No solution exists for discriminant 
0.923077,1025,,4.076605263869379,0.014996370710013033,1.0,,,,False,1,No solution exists for discriminant 
0.923077,1050,,4.076605263869379,0.014996370710013033,1.0,,,,False,1,No solution exists for discriminant 
0.923077,1075,,4.076605263869379,0.014996370710013033,1.0,,,,False,1,No solution exists for discriminant 
0.923077,1100,,4.076605263869379,0.014996370710013033,1.0,,,,False,1,No solution exists for discriminant 
0.923077,1125,,4.076605263869379,0.014996370710013033,1.0,,,,False,1,No solution exists for discriminant 
0.923077,1150,,4.076605263869379,0.014996370710013033,1.0,,,,False,1,No solution exists for discriminant 
0.923077,1175,,4.076605263869379,0.014996370710013033,1.0,,,,False,1,No solution exists for discriminant 
0.923077,1200,,4.076605263869379,0.014996370710013033,1.0,,,,False,1,No solution exists for discriminant 
0.923077,1225,,4.076605263869379,0.014996370710013033,1.0,,,,False,1,No solution exists for discriminant 
0.923077,1250,,4.076605263869379,0.014996370710013033,1.0,,,,False,1,No solution exists for discriminant 
0.923077,1275,,4.076605263869379,0.014996370710013033,1.0,,,,False,1,No solution exists for discriminant 
0.923077,1300,,4.076605263869379,0.014996370710013033,1.0,,,,False,1,No solution exists for discriminant 
0.923077,1325,,4.076605263869379,0.014996370710013033,1.0,,,,False,1,No solution exists for discriminant 
0.923077,1350,,4.076605263869379,0.014996370710013033,1.0,,,,False,1,No solution exists for discriminant 
0.923077,1375,,4.076605263869379,0.014996370710013033,1.0,,,,False,1,No solution exists for discriminant 
0.923077,1400,,4.076605263869379,0.014996370710013033,1.0,,,,False,1,No solution exists for discriminant 
0.923077,1425,,4.076605263869379,0.014996370710013033,1.0,,,,False,1,No solution exists for discriminant 
0.923077,1450,,4.076605263869379,0.014996370710013033,1.0,,,,False,1,No solution exists for discriminant 
0.923077,1475,,4.076605263869379,0.014996370710013033,1.0,,,,False,1,No solution exists for discriminant 
0.923077,1500,,4.076605263869379,0.014996370710013033,1.0,,,,False,1,No solution exists for discriminant 
0.923077,1525,,4.076605263869379,0.014996370710013033,1.0,,,,False,1,No solution exists for discriminant 
0.9487180000000001,-100,-22.660085705101984,4.080009771783083,0.014697040731918529,3.940884470452519,4.134615384615385,-93.69073897301783,-6.3092610269821705,True,2,
0.9487180000000001,-75,-17.30373832837411,4.080009771783083,0.014697040731918532,3.0093457962389754,4.134615384615385,-71.5443027038545,-3.4556972961455017,True,2,
0.9487180000000001,-50,-11.75695402736913,4.080009771783083,0.014697040731918529,2.0446876569337618,4.134615384615385,-48.61048299777622,-1.3895170022237835,True,2,
0.9487180000000001,-25,-5.997849774376359,4.080009771783083,0.014697040731918526,1.043104308587193,4.134615384615385,-24.79880195174841,-0.20119804825159093,True,2,
0.9487180000000001,0,0.0,4.080009771783083,0.014697040731918526,0.0,4.080009771783083,0.0,0.0,True,1,
0.9487180000000001,25,6.269004555513491,4.080009771783083,0.014697040731918529,1.0902616618284333,3.987873956482119,25.00000000000001,-1.0658141036401503e-14,True,2,
0.9487180000000001,50,12.849645231670104,4.080009771783083,0.014697040731918536,2.23472090985567,3.891158012422525,50.00000000000002,-2.1316282072803006e-14,True,2,
0.9487180000000001,75,19.793606350064387,4.080009771783083,0.014697040731918532,3.442366321750328,3.7891023330246254,75.00000000000001,-1.4210854715202004e-14,True,2,
0.9487180000000001,100,27.168665436154956,4.080009771783083,0.014697040731918532,4.72498529324434,3.6807107892360467,100.00000000000001,-1.4210854715202004e-14,True,2,
0.9487180000000001,125,35.066726924964925,4.080009771783083,0.014697040731918536,6.098561204341726,3.564632657831809,124.99999999999999,1.4210854715202004e-14,True,2,
0.9487180000000001,150,43.6178904754009,4.080009771783083,0.014697040731918529,7.585720082678417,3.438955858825755,150.0,0.0,True,2,
0.9487180000000001,175,53.01723701434585,4.080009771783083,0.014697040731918527,9.220389045973192,3.3008132798894634,175.0,0.0,True,2,
0.9487180000000001,200,63.582052004963906,4.080009771783083,0.014697040731918529,11.057748174776332,3.1455417636471665,200.00000000000003,-2.842170943040401e-14,True,2,
0.9487180000000001,225,75.89681865118374,4.080009771783083,0.014697040731918541,13.199446721944998,2.964551136643601,225.0,0.0,True,2,
0.9487180000000001,250,91.30364060727563,4.080009771783083,0.014697040731918545,15.87889401865663,2.7381164468055013,250.0,0.0,True,2,
0.9487180000000001,275,115.24023212498822,4.080009771783083,0.014697040731918715,20.04177949999795,2.3863193862863636,275.0,0.0,True,2,
0.9487180000000001,300,,4.080009771783083,0.014697040731918526,1.0,,,,False,1,No solution exists for discriminant 
0.9487180000000001,325,,4.080009771783083,0.014697040731918526,1.0,,,,False,1,No solution exists for discriminant 
0.9487180000000001,350,,4.080009771783083,0.014697040731918526,1.0,,,,False,1,No solution exists for discriminant 
0.9487180000000001,375,,4.080009771783083,0.014697040731918526,1.0,,,,False,1,No solution exists for discriminant 
0.9487180000000001,400,,4.080009771783083,0.014697040731918526,1.0,,,,False,1,No solution exists for discriminant 
0.9487180000000001,425,,4.080009771783083,0.014697040731918526,1.0,,,,False,1,No solution exists for discriminant 
0.9487180000000001,450,,4.080009771783083,0.014697040731918526,1.0,,,,False,1,No solution exists for discriminant 
0.9487180000000001,475,,4.080009771783083,0.014697040731918526,1.0,,,,False,1,No solution exists for discriminant 
0.9487180000000001,500,,4.080009771783083,0.014697040731918526,1.0,,,,False,1,No solution exists for discriminant 
0.9487180000000001,525,,4.080009771783083,0.014697040731918526,1.0,,,,False,1,No solution exists for discriminant 
0.9487180000000001,550,,4.080009771783083,0.014697040731918526,1.0,,,,False,1,No solution exists for discriminant 
0.9487180000000001,575,,4.080009771783083,0.014697040731918526,1.0,,,,False,1,No solution exists for discriminant 
0.9487180000000001,600,,4.080009771783083,0.014697040731918526,1.0,,,,False,1,No solution exists for discriminant 
0.9487180000000001,625,,4.080009771783083,0.014697040731918526,1.0,,,,False,1,No solution exists for discriminant 
0.9487180000000001,650,,4.080009771783083,0.014697040731918526,1.0,,,,False,1,No solution exists for discriminant 
0.9487180000000001,675,,4.080009771783083,0.014697040731918526,1.0,,,,False,1,No solution exists for discriminant 
0.9487180000000001,700,,4.080009771783083,0.014697040731918526,1.0,,,,False,1,No solution exists for discriminant 
0.9487180000000001,725,,4.080009771783083,0.014697040731918526,1.0,,,,False,1,No solution exists for discriminant 
0.9487180000000001,750,,4.080009771783083,0.014697040731918526,1.0,,,,False,1,No solution exists for discriminant 
0.9487180000000001,775,,4.080009771783083,0.014697040731918526,1.0,,,,False,1,No solution exists for discriminant 
0.9487180000000001,800,,4.080009771783083,0.014697040731918526,1.0,,,,False,1,No solution exists for discriminant 
0.9487180000000001,825,,4.080009771783083,0.014697040731918526,1.0,,,,False,1,No solution exists for discriminant 
0.9487180000000001,850,,4.080009771783083,0.014697040731918526,1.0,,,,False,1,No solution exists for discriminant 
0.9487180000000001,875,,4.080009771783083,0.014697040731918526,1.0,,,,False,1,No solution exists for discriminant 
0.9487180000000001,900,,4.080009771783083,0.014697040731918526,1.0,,,,False,1,No solution exists for discriminant 
0.9487180000000001,925,,4.080009771783083,0.014697040731918526,1.0,,,,False,1,No solution exists for discriminant 
0.9487180000000001,950,,4.080009771783083,0.014697040731918526,1.0,,,,False,1,No solution exists for discriminant 
0.9487180000000001,975,,4.080009771783083,0.014697040731918526,1.0,,,,False,1,No solution exists for discriminant 
0.9487180000000001,1000,,4.080009771783083,0.014697040731918526,1.0,,,,False,1,No solution exists for discriminant 
0.9487180000000001,1025,,4.080009771783083,0.014697040731918526,1.0,,,,False,1,No solution exists for discriminant 
0.9487180000000001,1050,,4.080009771783083,0.014697040731918526,1.0,,,,False,1,No solution exists for discriminant 
0.9487180000000001,1075,,4.080009771783083,0.014697040731918526,1.0,,,,False,1,No solution exists for discriminant 
0.9487180000000001,1100,,4.080009771783083,0.014697040731918526,1.0,,,,False,1,No solution exists for discriminant 
0.9487180000000001,1125,,4.080009771783083,0.014697040731918526,1.0,,,,False,1,No solution exists for discriminant 
0.9487180000000001,1150,,4.080009771783083,0.014697040731918526,1.0,,,,False,1,No solution exists for discriminant 
0.9487180000000001,1175,,4.080009771783083,0.014697040731918526,1.0,,,,False,1,No solution exists for discriminant 
0.9487180000000001,1200,,4.080009771783083,0.014697040731918526,1.0,,,,False,1,No solution exists for discriminant 
0.9487180000000001,1225,,4.080009771783083,0.014697040731918526,1.0,,,,False,1,No solution exists for discriminant 
0.9487180000000001,1250,,4.080009771783083,0.014697040731918526,1.0,,,,False,1,No solution exists for discriminant 
0.9487180000000001,1275,,4.080009771783083,0.014697040731918526,1.0,,,,False,1,No solution exists for discriminant 
0.9487180000000001,1300,,4.080009771783083,0.014697040731918526,1.0,,,,False,1,No solution exists for discriminant 
0.9487180000000001,1325,,4.080009771783083,0.014697040731918526,1.0,,,,False,1,No solution exists for discriminant 
0.9487180000000001,1350,,4.080009771783083,0.014697040731918526,1.0,,,,False,1,No solution exists for discriminant 
0.9487180000000001,1375,,4.080009771783083,0.014697040731918526,1.0,,,,False,1,No solution exists for discriminant 
0.9487180000000001,1400,,4.080009771783083,0.014697040731918526,1.0,,,,False,1,No solution exists for discriminant 
0.9487180000000001,1425,,4.080009771783083,0.014697040731918526,1.0,,,,False,1,No solution exists for discriminant 
0.9487180000000001,1450,,4.080009771783083,0.014697040731918526,1.0,,,,False,1,No solution exists for discriminant 
0.9487180000000001,1475,,4.080009771783083,0.014697040731918526,1.0,,,,False,1,No solution exists for discriminant 
0.9487180000000001,1500,,4.080009771783083,0.014697040731918526,1.0,,,,False,1,No solution exists for discriminant 
0.9487180000000001,1525,,4.080009771783083,0.014697040731918526,1.0,,,,False,1,No solution exists for discriminant 
0.9743590000000001,-100,-22.56344977217042,4.1178030259783,0.013922665978191563,3.9240782212470293,4.134615384615385,-93.29118655801231,-6.708813441987687,True,2,
0.9743590000000001,-75,-17.211944210732952,4.1178030259783,0.013922665978191561,2.9933816018666004,4.134615384615385,-71.16476933283818,-3.8352306671618237,True,2,
0.9743590000000001,-50,-11.68105719002446,4.1178030259783,0.01392266597819156,2.0314882069607756,4.134615384615385,-48.296678766447286,-1.703321233552714,True,2,
0.9743590000000001,-25,-5.951441533575212,4.1178030259783,0.013922665978191556,1.0350333101869935,4.134615384615385,-24.606921725359054,-0.3930782746409456,True,2,
0.9743590000000001,0,0.0,4.1178030259783,0.013922665978191555,0.0,4.1178030259783,0.0,0.0,True,1,
0.9743590000000001,25,6.201218844716312,4.1178030259783,0.01392266597819156,1.0784728425593586,4.031465527345648,25.000000000000014,-1.4210854715202004e-14,True,2,
0.9743590000000001,50,12.686581593400666,4.1178030259783,0.013922665978191558,2.206362016243594,3.941171988048309,49.999999999999986,1.4210854715202004e-14,True,2,
0.9743590000000001,75,19.499142541737708,4.1178030259783,0.013922665978191558,3.3911552246500363,3.8463229775085406,75.00000000000003,-2.842170943040401e-14,True,2,
0.9743590000000001,100,26.6940696556085,4.1178030259783,0.01392266597819156,4.642446896627566,3.7461504105646837,100.00000000000006,-5.684341886080802e-14,True,2,
0.9743590000000001,125,34.34403204248445,4.1178030259783,0.013922665978191563,5.972875137823382,3.6396425395064806,125.00000000000004,-4.263256414560601e-14,True,2,
0.9743590000000001,150,42.548125749746774,4.1178030259783,0.01392266597819156,7.399674043434222,3.525419683166484,150.0,0.0,True,2,
0.9743590000000001,175,51.44767548593057,4.1178030259783,0.013922665978191556,8.947421823640099,3.401514224833295,175.00000000000003,-2.842170943040401e-14,True,2,
0.9743590000000001,200,61.25676410022817,4.1178030259783,0.013922665978191556,10.65335027830055,3.2649455605059474,200.00000000000006,-5.684341886080802e-14,True,2,
0.9743590000000001,225,72.3288253580264,4.1178030259783,0.013922665978191553,12.578926149221983,3.110792949923547,225.0,0.0,True,2,
0.9743590000000001,250,85.33098017978965,4.1178030259783,0.013922665978191582,14.840170466050374,2.929768291343402,250.00000000000003,-2.842170943040401e-14,True,2,
0.9743590000000001,275,101.87142741314312,4.1178030259783,0.013922665978191565,17.716769984894455,2.6994811693835206,275.00000000000006,-5.684341886080802e-14,True,2,
0.9743590000000001,300,129.9571953934496,4.1178030259783,0.013922665978191643,22.601251372773845,2.308452403052715,300.0,0.0,True,2,
0.9743590000000001,325,,4.1178030259783,0.013922665978191558,1.0,,,,False,1,No solution exists for discriminant 
0.9743590000000001,350,,4.1178030259783,0.013922665978191558,1.0,,,,False,1,No solution exists for discriminant 
0.9743590000000001,375,,4.1178030259783,0.013922665978191558,1.0,,,,False,1,No solution exists for discriminant 
0.9743590000000001,400,,4.1178030259783,0.013922665978191558,1.0,,,,False,1,No solution exists for discriminant 
0.9743590000000001,425,,4.1178030259783,0.013922665978191558,1.0,,,,False,1,No solution exists for discriminant 
0.9743590000000001,450,,4.1178030259783,0.013922665978191558,1.0,,,,False,1,No solution exists for discriminant 
0.9743590000000001,475,,4.1178030259783,0.013922665978191558,1.0,,,,False,1,No solution exists for discriminant 
0.9743590000000001,500,,4.1178030259783,0.013922665978191558,1.0,,,,False,1,No solution exists for discriminant 
0.9743590000000001,525,,4.1178030259783,0.013922665978191558,1.0,,,,False,1,No solution exists for discriminant 
0.9743590000000001,550,,4.1178030259783,0.013922665978191558,1.0,,,,False,1,No solution exists for discriminant 
0.9743590000000001,575,,4.1178030259783,0.013922665978191558,1.0,,,,False,1,No solution exists for discriminant 
0.9743590000000001,600,,4.1178030259783,0.013922665978191558,1.0,,,,False,1,No solution exists for discriminant 
0.9743590000000001,625,,4.1178030259783,0.013922665978191558,1.0,,,,False,1,No solution exists for discriminant 
0.9743590000000001,650,,4.1178030259783,0.013922665978191558,1.0,,,,False,1,No solution exists for discriminant 
0.9743590000000001,675,,4.1178030259783,0.013922665978191558,1.0,,,,False,1,No solution exists for discriminant 
0.9743590000000001,700,,4.1178030259783,0.013922665978191558,1.0,,,,False,1,No solution exists for discriminant 
0.9743590000000001,725,,4.1178030259783,0.013922665978191558,1.0,,,,False,1,No solution exists for discriminant 
0.9743590000000001,750,,4.1178030259783,0.013922665978191558,1.0,,,,False,1,No solution exists for discriminant 
0.9743590000000001,775,,4.1178030259783,0.013922665978191558,1.0,,,,False,1,No solution exists for discriminant 
0.9743590000000001,800,,4.1178030259783,0.013922665978191558,1.0,,,,False,1,No solution exists for discriminant 
0.9743590000000001,825,,4.1178030259783,0.013922665978191558,1.0,,,,False,1,No solution exists for discriminant 
0.9743590000000001,850,,4.1178030259783,0.013922665978191558,1.0,,,,False,1,No solution exists for discriminant 
0.9743590000000001,875,,4.1178030259783,0.013922665978191558,1.0,,,,False,1,No solution exists for discriminant 
0.9743590000000001,900,,4.1178030259783,0.013922665978191558,1.0,,,,False,1,No solution exists for discriminant 
0.9743590000000001,925,,4.1178030259783,0.013922665978191558,1.0,,,,False,1,No solution exists for discriminant 
0.9743590000000001,950,,4.1178030259783,0.013922665978191558,1.0,,,,False,1,No solution exists for discriminant 
0.9743590000000001,975,,4.1178030259783,0.013922665978191558,1.0,,,,False,1,No solution exists for discriminant 
0.9743590000000001,1000,,4.1178030259783,0.013922665978191558,1.0,,,,False,1,No solution exists for discriminant 
0.9743590000000001,1025,,4.1178030259783,0.013922665978191558,1.0,,,,False,1,No solution exists for discriminant 
0.9743590000000001,1050,,4.1178030259783,0.013922665978191558,1.0,,,,False,1,No solution exists for discriminant 
0.9743590000000001,1075,,4.1178030259783,0.013922665978191558,1.0,,,,False,1,No solution exists for discriminant 
0.9743590000000001,1100,,4.1178030259783,0.013922665978191558,1.0,,,,False,1,No solution exists for discriminant 
0.9743590000000001,1125,,4.1178030259783,0.013922665978191558,1.0,,,,False,1,No solution exists for discriminant 
0.9743590000000001,1150,,4.1178030259783,0.013922665978191558,1.0,,,,False,1,No solution exists for discriminant 
0.9743590000000001,1175,,4.1178030259783,0.013922665978191558,1.0,,,,False,1,No solution exists for discriminant 
0.9743590000000001,1200,,4.1178030259783,0.013922665978191558,1.0,,,,False,1,No solution exists for discriminant 
0.9743590000000001,1225,,4.1178030259783,0.013922665978191558,1.0,,,,False,1,No solution exists for discriminant 
0.9743590000000001,1250,,4.1178030259783,0.013922665978191558,1.0,,,,False,1,No solution exists for discriminant 
0.9743590000000001,1275,,4.1178030259783,0.013922665978191558,1.0,,,,False,1,No solution exists for discriminant 
0.9743590000000001,1300,,4.1178030259783,0.013922665978191558,1.0,,,,False,1,No solution exists for discriminant 
0.9743590000000001,1325,,4.1178030259783,0.013922665978191558,1.0,,,,False,1,No solution exists for discriminant 
0.9743590000000001,1350,,4.1178030259783,0.013922665978191558,1.0,,,,False,1,No solution exists for discriminant 
0.9743590000000001,1375,,4.1178030259783,0.013922665978191558,1.0,,,,False,1,No solution exists for discriminant 
0.9743590000000001,1400,,4.1178030259783,0.013922665978191558,1.0,,,,False,1,No solution exists for discriminant 
0.9743590000000001,1425,,4.1178030259783,0.013922665978191558,1.0,,,,False,1,No solution exists for discriminant 
0.9743590000000001,1450,,4.1178030259783,0.013922665978191558,1.0,,,,False,1,No solution exists for discriminant 
0.9743590000000001,1475,,4.1178030259783,0.013922665978191558,1.0,,,,False,1,No solution exists for discriminant 
0.9743590000000001,1500,,4.1178030259783,0.013922665978191558,1.0,,,,False,1,No solution exists for discriminant 
0.9743590000000001,1525,,4.1178030259783,0.013922665978191558,1.0,,,,False,1,No solution exists for discriminant 
1.0,-100,-22.41792609062,4.157,0.013547904807717856,3.8987697548904348,4.134615384615385,-92.68950210544808,-7.310497894551915,True,2,
1.0,-75,-17.089991165459583,4.157,0.013547904807717854,2.9721723766016668,4.134615384615385,-70.6605403956502,-4.339459604349798,True,2,
1.0,-50,-11.590113102986338,4.157,0.013547904807717859,2.015671843997624,4.134615384615385,-47.920659945039674,-2.0793400549603263,True,2,
1.0,-25,-5.9004858688679604,4.157,0.013547904807717852,1.0261714554552974,4.134615384615385,-24.396239650127146,-0.6037603498728537,True,2,
1.0,0,0.0,4.157,0.01354790480771785,0.0,4.157,0.0,0.0,True,1,
1.0,25,6.136684921104872,4.157,0.013547904807717852,1.0672495514964995,4.0738607768539135,24.999999999999993,7.105427357601002e-15,True,2,
1.0,50,12.540432175986586,4.157,0.01354790480771785,2.1809447262585366,3.987103418632092,50.0,0.0,True,2,
1.0,75,19.24947611872034,4.157,0.013547904807717854,3.3477349771687552,3.8962099299451385,75.0,0.0,True,2,
1.0,100,26.31215088759125,4.157,0.013547904807717854,4.576026241320218,3.800525484488605,100.00000000000003,-2.842170943040401e-14,True,2,
1.0,125,33.7910740174899,4.157,0.013547904807717857,5.8767085247808515,3.6992017458604987,124.99999999999996,4.263256414560601e-14,True,2,
1.0,150,41.76986290012211,4.157,0.013547904807717854,7.264323982629931,3.59110587359772,150.0,0.0,True,2,
1.0,175,50.36455609201798,4.157,0.013547904807717849,8.75905323339443,3.4746657883823744,174.99999999999997,2.842170943040401e-14,True,2,
1.0,200,59.744530122833424,4.157,0.013547904807717844,10.390353064840596,3.3475867931140213,200.0,0.0,True,2,
1.0,225,70.17482138764474,4.157,0.01354790480771783,12.20431676306865,3.206278199941588,225.00000000000003,-2.842170943040401e-14,True,2,
1.0,250,82.11487038644589,4.157,0.013547904807717837,14.28084702372972,3.0445155527063426,249.99999999999997,2.842170943040401e-14,True,2,
1.0,275,96.50711765336449,4.157,0.013547904807717823,16.783846548411216,2.8495307567649935,274.99999999999994,5.684341886080802e-14,True,2,
1.0,300,116.08749583436135,4.157,0.013547904807717753,20.189129710323712,2.5842576570697413,300.0,0.0,True,2,
1.0,325,,4.157,0.01354790480771785,1.0,,,,False,1,No solution exists for discriminant 
1.0,350,,4.157,0.01354790480771785,1.0,,,,False,1,No solution exists for discriminant 
1.0,375,,4.157,0.01354790480771785,1.0,,,,False,1,No solution exists for discriminant 
1.0,400,,4.157,0.01354790480771785,1.0,,,,False,1,No solution exists for discriminant 
1.0,425,,4.157,0.01354790480771785,1.0,,,,False,1,No solution exists for discriminant 
1.0,450,,4.157,0.01354790480771785,1.0,,,,False,1,No solution exists for discriminant 
1.0,475,,4.157,0.01354790480771785,1.0,,,,False,1,No solution exists for discriminant 
1.0,500,,4.157,0.01354790480771785,1.0,,,,False,1,No solution exists for discriminant 
1.0,525,,4.157,0.01354790480771785,1.0,,,,False,1,No solution exists for discriminant 
1.0,550,,4.157,0.01354790480771785,1.0,,,,False,1,No solution exists for discriminant 
1.0,575,,4.157,0.01354790480771785,1.0,,,,False,1,No solution exists for discriminant 
1.0,600,,4.157,0.01354790480771785,1.0,,,,False,1,No solution exists for discriminant 
1.0,625,,4.157,0.01354790480771785,1.0,,,,False,1,No solution exists for discriminant 
1.0,650,,4.157,0.01354790480771785,1.0,,,,False,1,No solution exists for discriminant 
1.0,675,,4.157,0.01354790480771785,1.0,,,,False,1,No solution exists for discriminant 
1.0,700,,4.157,0.01354790480771785,1.0,,,,False,1,No solution exists for discriminant 
1.0,725,,4.157,0.01354790480771785,1.0,,,,False,1,No solution exists for discriminant 
1.0,750,,4.157,0.01354790480771785,1.0,,,,False,1,No solution exists for discriminant 
1.0,775,,4.157,0.01354790480771785,1.0,,,,False,1,No solution exists for discriminant 
1.0,800,,4.157,0.01354790480771785,1.0,,,,False,1,No solution exists for discriminant 
1.0,825,,4.157,0.01354790480771785,1.0,,,,False,1,No solution exists for discriminant 
1.0,850,,4.157,0.01354790480771785,1.0,,,,False,1,No solution exists for discriminant 
1.0,875,,4.157,0.01354790480771785,1.0,,,,False,1,No solution exists for discriminant 
1.0,900,,4.157,0.01354790480771785,1.0,,,,False,1,No solution exists for discriminant 
1.0,925,,4.157,0.01354790480771785,1.0,,,,False,1,No solution exists for discriminant 
1.0,950,,4.157,0.01354790480771785,1.0,,,,False,1,No solution exists for discriminant 
1.0,975,,4.157,0.01354790480771785,1.0,,,,False,1,No solution exists for discriminant 
1.0,1000,,4.157,0.01354790480771785,1.0,,,,False,1,No solution exists for discriminant 
1.0,1025,,4.157,0.01354790480771785,1.0,,,,False,1,No solution exists for discriminant 
1.0,1050,,4.157,0.01354790480771785,1.0,,,,False,1,No solution exists for discriminant 
1.0,1075,,4.157,0.01354790480771785,1.0,,,,False,1,No solution exists for discriminant 
1.0,1100,,4.157,0.01354790480771785,1.0,,,,False,1,No solution exists for discriminant 
1.0,1125,,4.157,0.01354790480771785,1.0,,,,False,1,No solution exists for discriminant 
1.0,1150,,4.157,0.01354790480771785,1.0,,,,False,1,No solution exists for discriminant 
1.0,1175,,4.157,0.01354790480771785,1.0,,,,False,1,No solution exists for discriminant 
1.0,1200,,4.157,0.01354790480771785,1.0,,,,False,1,No solution exists for discriminant 
1.0,1225,,4.157,0.01354790480771785,1.0,,,,False,1,No solution exists for discriminant 
1.0,1250,,4.157,0.01354790480771785,1.0,,,,False,1,No solution exists for discriminant 
1.0,1275,,4.157,0.01354790480771785,1.0,,,,False,1,No solution exists for discriminant 
1.0,1300,,4.157,0.01354790480771785,1.0,,,,False,1,No solution exists for discriminant 
1.0,1325,,4.157,0.01354790480771785,1.0,,,,False,1,No solution exists for discriminant 
1.0,1350,,4.157,0.01354790480771785,1.0,,,,False,1,No solution exists for discriminant 
1.0,1375,,4.157,0.01354790480771785,1.0,,,,False,1,No solution exists for discriminant 
1.0,1400,,4.157,0.01354790480771785,1.0,,,,False,1,No solution exists for discriminant 
1.0,1425,,4.157,0.01354790480771785,1.0,,,,False,1,No solution exists for discriminant 
1.0,1450,,4.157,0.01354790480771785,1.0,,,,False,1,No solution exists for discriminant 
1.0,1475,,4.157,0.01354790480771785,1.0,,,,False,1,No solution exists for discriminant 
1.0,1500,,4.157,0.01354790480771785,1.0,,,,False,1,No solution exists for discriminant 
1.0,1525,,4.157,0.01354790480771785,1.0,,,,False,1,No solution exists for discriminant 
