soc,power,ocv,line_voltage,c_rate,current,ir0
1e-06,-100,2.60711586998087,2.8578773559458037,4.864884923958625,-25.925925925925927,0.009672228744361739
1e-06,-75,2.60711586998087,2.825715546338755,3.785258993198904,-25.925925925925927,0.008431701802375569
1e-06,-50,2.60711586998087,2.7651145071543537,2.58320482727785,-18.08243379094495,0.008737686475180338
1e-06,-25,2.60711586998087,2.7017090390292355,1.321914580672922,-9.253402064710453,0.01022252879393557
1e-06,0,2.60711586998087,2.60711586998087,0.0,0.0,0.00911753976340771
1e-06,25,2.60711586998087,2.505966993163761,1.4251698371013557,9.97618885970949,0.010139029867970484
1e-06,50,2.60711586998087,2.4341506305970313,2.93443513851285,20.541045969589952,0.008420468930350733
1e-06,75,2.60711586998087,2.3023476471080544,4.653635052787868,32.57544536951507,0.009355765344593737
1e-06,100,2.60711586998087,1.8797154081645533,7.599934662270797,53.199542635895575,0.01367305855982142
1e-06,125,2.60711586998087,1.0,7.937924794104393,1e-06,0.013784928357256693
1e-06,150,2.60711586998087,1.0,6.5334487656972,1e-06,0.012497235976869006
1e-06,175,2.60711586998087,1.0,1.0,1e-06,0.010369188310951072
1e-06,200,2.60711586998087,1.0,1.0,1e-06,0.010369188310951072
1e-06,225,2.60711586998087,1.0,1.0,1e-06,0.010369188310951072
1e-06,250,2.60711586998087,1.0,1.0,1e-06,0.010369188310951072
1e-06,275,2.60711586998087,1.0,1.0,1e-06,0.010369188310951072
1e-06,300,2.60711586998087,1.0,1.0,1e-06,0.010369188310951072
1e-06,325,2.60711586998087,1.0,1.0,1e-06,0.010369188310951072
1e-06,350,2.60711586998087,1.0,1.0,1e-06,0.010369188310951072
1e-06,375,2.60711586998087,1.0,1.0,1e-06,0.010369188310951072
1e-06,400,2.60711586998087,1.0,1.0,1e-06,0.010369188310951072
1e-06,425,2.60711586998087,1.0,1.0,1e-06,0.010369188310951072
1e-06,450,2.60711586998087,1.0,1.0,1e-06,0.010369188310951072
1e-06,475,2.60711586998087,1.0,1.0,1e-06,0.010369188310951072
1e-06,500,2.60711586998087,1.0,1.0,1e-06,0.010369188310951072
1e-06,525,2.60711586998087,1.0,1.0,1e-06,0.010369188310951072
1e-06,550,2.60711586998087,1.0,1.0,1e-06,0.010369188310951072
1e-06,575,2.60711586998087,1.0,1.0,1e-06,0.010369188310951072
1e-06,600,2.60711586998087,1.0,1.0,1e-06,0.010369188310951072
1e-06,625,2.60711586998087,1.0,1.0,1e-06,0.010369188310951072
1e-06,650,2.60711586998087,1.0,1.0,1e-06,0.010369188310951072
1e-06,675,2.60711586998087,1.0,1.0,1e-06,0.010369188310951072
1e-06,700,2.60711586998087,1.0,1.0,1e-06,0.010369188310951072
1e-06,725,2.60711586998087,1.0,1.0,1e-06,0.010369188310951072
1e-06,750,2.60711586998087,1.0,1.0,1e-06,0.010369188310951072
1e-06,775,2.60711586998087,1.0,1.0,1e-06,0.010369188310951072
1e-06,800,2.60711586998087,1.0,1.0,1e-06,0.010369188310951072
1e-06,825,2.60711586998087,1.0,1.0,1e-06,0.010369188310951072
1e-06,850,2.60711586998087,1.0,1.0,1e-06,0.010369188310951072
1e-06,875,2.60711586998087,1.0,1.0,1e-06,0.010369188310951072
1e-06,900,2.60711586998087,1.0,1.0,1e-06,0.010369188310951072
1e-06,925,2.60711586998087,1.0,1.0,1e-06,0.010369188310951072
1e-06,950,2.60711586998087,1.0,1.0,1e-06,0.010369188310951072
1e-06,975,2.60711586998087,1.0,1.0,1e-06,0.010369188310951072
1e-06,1000,2.60711586998087,1.0,1.0,1e-06,0.010369188310951072
1e-06,1025,2.60711586998087,1.0,1.0,1e-06,0.010369188310951072
1e-06,1050,2.60711586998087,1.0,1.0,1e-06,0.010369188310951072
1e-06,1075,2.60711586998087,1.0,1.0,1e-06,0.010369188310951072
1e-06,1100,2.60711586998087,1.0,1.0,1e-06,0.010369188310951072
1e-06,1125,2.60711586998087,1.0,1.0,1e-06,0.010369188310951072
1e-06,1150,2.60711586998087,1.0,1.0,1e-06,0.010369188310951072
1e-06,1175,2.60711586998087,1.0,1.0,1e-06,0.010369188310951072
1e-06,1200,2.60711586998087,1.0,1.0,1e-06,0.010369188310951072
1e-06,1225,2.60711586998087,1.0,1.0,1e-06,0.010369188310951072
1e-06,1250,2.60711586998087,1.0,1.0,1e-06,0.010369188310951072
1e-06,1275,2.60711586998087,1.0,1.0,1e-06,0.010369188310951072
1e-06,1300,2.60711586998087,1.0,1.0,1e-06,0.010369188310951072
1e-06,1325,2.60711586998087,1.0,1.0,1e-06,0.010369188310951072
1e-06,1350,2.60711586998087,1.0,1.0,1e-06,0.010369188310951072
1e-06,1375,2.60711586998087,1.0,1.0,1e-06,0.010369188310951072
1e-06,1400,2.60711586998087,1.0,1.0,1e-06,0.010369188310951072
1e-06,1425,2.60711586998087,1.0,1.0,1e-06,0.010369188310951072
1e-06,1450,2.60711586998087,1.0,1.0,1e-06,0.010369188310951072
1e-06,1475,2.60711586998087,1.0,1.0,1e-06,0.010369188310951072
1e-06,1500,2.60711586998087,1.0,1.0,1e-06,0.010369188310951072
1e-06,1525,2.60711586998087,1.0,1.0,1e-06,0.010369188310951072
0.025642,-100,2.9186791508459864,3.1329715488803855,4.4941886732895835,-25.925925925925927,0.008265563924183972
0.025642,-75,2.9186791508459864,3.097555056453431,3.458949241907295,-24.212644693351066,0.007387706211893709
0.025642,-50,2.9186791508459864,3.053119242158134,2.339527734202782,-16.376694139419474,0.008209232594052306
0.025642,-25,2.9186791508459864,2.9987305706156313,1.1909801455405062,-8.336861018783544,0.009602105587376753
0.025642,0,2.9186791508459864,2.9186791508459864,0.0,0.0,0.008267236620694255
0.025642,25,2.9186791508459864,2.834362124534493,1.2600466752338964,8.820326726637274,0.00955939943322701
0.025642,50,2.9186791508459864,2.7764271597784447,2.5726794660181684,18.00875626212718,0.007899045830649664
0.025642,75,2.9186791508459864,2.7066904744699514,3.958445125271993,27.70911587690395,0.007650503080566769
0.025642,100,2.9186791508459864,2.5048393120136376,5.7032457999192046,39.922720599434435,0.010366022971846554
0.025642,125,2.9186791508459864,2.1529627340549276,8.294218276370444,58.059527934593106,0.013188471281641766
0.025642,150,2.9186791508459864,1.0,11.666561430894133,1e-06,0.013248216102757107
0.025642,175,2.9186791508459864,1.0,7.854666320273722,1e-06,0.013243378741545993
0.025642,200,2.9186791508459864,1.0,7.484206409585569,1e-06,0.013057651489122848
0.025642,225,2.9186791508459864,1.0,1.0,1e-06,0.009669257841475737
0.025642,250,2.9186791508459864,1.0,1.0,1e-06,0.009669257841475737
0.025642,275,2.9186791508459864,1.0,1.0,1e-06,0.009669257841475737
0.025642,300,2.9186791508459864,1.0,1.0,1e-06,0.009669257841475737
0.025642,325,2.9186791508459864,1.0,1.0,1e-06,0.009669257841475737
0.025642,350,2.9186791508459864,1.0,1.0,1e-06,0.009669257841475737
0.025642,375,2.9186791508459864,1.0,1.0,1e-06,0.009669257841475737
0.025642,400,2.9186791508459864,1.0,1.0,1e-06,0.009669257841475737
0.025642,425,2.9186791508459864,1.0,1.0,1e-06,0.009669257841475737
0.025642,450,2.9186791508459864,1.0,1.0,1e-06,0.009669257841475737
0.025642,475,2.9186791508459864,1.0,1.0,1e-06,0.009669257841475737
0.025642,500,2.9186791508459864,1.0,1.0,1e-06,0.009669257841475737
0.025642,525,2.9186791508459864,1.0,1.0,1e-06,0.009669257841475737
0.025642,550,2.9186791508459864,1.0,1.0,1e-06,0.009669257841475737
0.025642,575,2.9186791508459864,1.0,1.0,1e-06,0.009669257841475737
0.025642,600,2.9186791508459864,1.0,1.0,1e-06,0.009669257841475737
0.025642,625,2.9186791508459864,1.0,1.0,1e-06,0.009669257841475737
0.025642,650,2.9186791508459864,1.0,1.0,1e-06,0.009669257841475737
0.025642,675,2.9186791508459864,1.0,1.0,1e-06,0.009669257841475737
0.025642,700,2.9186791508459864,1.0,1.0,1e-06,0.009669257841475737
0.025642,725,2.9186791508459864,1.0,1.0,1e-06,0.009669257841475737
0.025642,750,2.9186791508459864,1.0,1.0,1e-06,0.009669257841475737
0.025642,775,2.9186791508459864,1.0,1.0,1e-06,0.009669257841475737
0.025642,800,2.9186791508459864,1.0,1.0,1e-06,0.009669257841475737
0.025642,825,2.9186791508459864,1.0,1.0,1e-06,0.009669257841475737
0.025642,850,2.9186791508459864,1.0,1.0,1e-06,0.009669257841475737
0.025642,875,2.9186791508459864,1.0,1.0,1e-06,0.009669257841475737
0.025642,900,2.9186791508459864,1.0,1.0,1e-06,0.009669257841475737
0.025642,925,2.9186791508459864,1.0,1.0,1e-06,0.009669257841475737
0.025642,950,2.9186791508459864,1.0,1.0,1e-06,0.009669257841475737
0.025642,975,2.9186791508459864,1.0,1.0,1e-06,0.009669257841475737
0.025642,1000,2.9186791508459864,1.0,1.0,1e-06,0.009669257841475737
0.025642,1025,2.9186791508459864,1.0,1.0,1e-06,0.009669257841475737
0.025642,1050,2.9186791508459864,1.0,1.0,1e-06,0.009669257841475737
0.025642,1075,2.9186791508459864,1.0,1.0,1e-06,0.009669257841475737
0.025642,1100,2.9186791508459864,1.0,1.0,1e-06,0.009669257841475737
0.025642,1125,2.9186791508459864,1.0,1.0,1e-06,0.009669257841475737
0.025642,1150,2.9186791508459864,1.0,1.0,1e-06,0.009669257841475737
0.025642,1175,2.9186791508459864,1.0,1.0,1e-06,0.009669257841475737
0.025642,1200,2.9186791508459864,1.0,1.0,1e-06,0.009669257841475737
0.025642,1225,2.9186791508459864,1.0,1.0,1e-06,0.009669257841475737
0.025642,1250,2.9186791508459864,1.0,1.0,1e-06,0.009669257841475737
0.025642,1275,2.9186791508459864,1.0,1.0,1e-06,0.009669257841475737
0.025642,1300,2.9186791508459864,1.0,1.0,1e-06,0.009669257841475737
0.025642,1325,2.9186791508459864,1.0,1.0,1e-06,0.009669257841475737
0.025642,1350,2.9186791508459864,1.0,1.0,1e-06,0.009669257841475737
0.025642,1375,2.9186791508459864,1.0,1.0,1e-06,0.009669257841475737
0.025642,1400,2.9186791508459864,1.0,1.0,1e-06,0.009669257841475737
0.025642,1425,2.9186791508459864,1.0,1.0,1e-06,0.009669257841475737
0.025642,1450,2.9186791508459864,1.0,1.0,1e-06,0.009669257841475737
0.025642,1475,2.9186791508459864,1.0,1.0,1e-06,0.009669257841475737
0.025642,1500,2.9186791508459864,1.0,1.0,1e-06,0.009669257841475737
0.025642,1525,2.9186791508459864,1.0,1.0,1e-06,0.009669257841475737
0.051283,-100,3.0951714147948897,3.281062913791849,4.313735240222448,-25.925925925925927,0.007170100675596992
0.051283,-75,3.0951714147948897,3.2455829728648458,3.3011898952712118,-23.108329266898483,0.006508975890585611
0.051283,-50,3.0951714147948897,3.213370809935915,2.2228549287779202,-15.559984501445442,0.007596369721965038
0.051283,-25,3.0951714147948897,3.165797980346168,1.1281290194764897,-7.896903136335427,0.008943577543240978
0.051283,0,3.0951714147948897,3.0951714147948897,0.0,0.0,0.007443449320197145
0.051283,25,3.0951714147948897,3.0213929866850116,1.182047018434048,8.274329129038335,0.008916545010393255
0.051283,50,3.0951714147948897,2.9720187868753816,2.403368772229986,16.823581405609904,0.007320238476597051
0.051283,75,3.0951714147948897,2.92669019572079,3.66088823817137,25.62621766719959,0.006574564427030059
0.051283,100,3.0951714147948897,2.791242313709671,5.118048768302026,35.826341378114186,0.008483397673168068
0.051283,125,3.0951714147948897,2.479909860608389,7.200722550763201,50.405057855342406,0.012206345560642764
0.051283,150,3.0951714147948897,1.0,9.075627005158992,1e-06,0.011554643765636566
0.051283,175,3.0951714147948897,1.0,8.179943104785586,1e-06,0.0006796316651126999
0.051283,200,3.0951714147948897,1.0,7.531054777037661,1e-06,0.012520142009008901
0.051283,225,3.0951714147948897,1.0,7.0264390073803185,1e-06,0.011989352903934236
0.051283,250,3.0951714147948897,1.0,5.947271400223099,1e-06,0.010121466165846976
0.051283,275,3.0951714147948897,1.0,1.0,1e-06,0.008980586466675333
0.051283,300,3.0951714147948897,1.0,1.0,1e-06,0.008980586466675333
0.051283,325,3.0951714147948897,1.0,1.0,1e-06,0.008980586466675333
0.051283,350,3.0951714147948897,1.0,1.0,1e-06,0.008980586466675333
0.051283,375,3.0951714147948897,1.0,1.0,1e-06,0.008980586466675333
0.051283,400,3.0951714147948897,1.0,1.0,1e-06,0.008980586466675333
0.051283,425,3.0951714147948897,1.0,1.0,1e-06,0.008980586466675333
0.051283,450,3.0951714147948897,1.0,1.0,1e-06,0.008980586466675333
0.051283,475,3.0951714147948897,1.0,1.0,1e-06,0.008980586466675333
0.051283,500,3.0951714147948897,1.0,1.0,1e-06,0.008980586466675333
0.051283,525,3.0951714147948897,1.0,1.0,1e-06,0.008980586466675333
0.051283,550,3.0951714147948897,1.0,1.0,1e-06,0.008980586466675333
0.051283,575,3.0951714147948897,1.0,1.0,1e-06,0.008980586466675333
0.051283,600,3.0951714147948897,1.0,1.0,1e-06,0.008980586466675333
0.051283,625,3.0951714147948897,1.0,1.0,1e-06,0.008980586466675333
0.051283,650,3.0951714147948897,1.0,1.0,1e-06,0.008980586466675333
0.051283,675,3.0951714147948897,1.0,1.0,1e-06,0.008980586466675333
0.051283,700,3.0951714147948897,1.0,1.0,1e-06,0.008980586466675333
0.051283,725,3.0951714147948897,1.0,1.0,1e-06,0.008980586466675333
0.051283,750,3.0951714147948897,1.0,1.0,1e-06,0.008980586466675333
0.051283,775,3.0951714147948897,1.0,1.0,1e-06,0.008980586466675333
0.051283,800,3.0951714147948897,1.0,1.0,1e-06,0.008980586466675333
0.051283,825,3.0951714147948897,1.0,1.0,1e-06,0.008980586466675333
0.051283,850,3.0951714147948897,1.0,1.0,1e-06,0.008980586466675333
0.051283,875,3.0951714147948897,1.0,1.0,1e-06,0.008980586466675333
0.051283,900,3.0951714147948897,1.0,1.0,1e-06,0.008980586466675333
0.051283,925,3.0951714147948897,1.0,1.0,1e-06,0.008980586466675333
0.051283,950,3.0951714147948897,1.0,1.0,1e-06,0.008980586466675333
0.051283,975,3.0951714147948897,1.0,1.0,1e-06,0.008980586466675333
0.051283,1000,3.0951714147948897,1.0,1.0,1e-06,0.008980586466675333
0.051283,1025,3.0951714147948897,1.0,1.0,1e-06,0.008980586466675333
0.051283,1050,3.0951714147948897,1.0,1.0,1e-06,0.008980586466675333
0.051283,1075,3.0951714147948897,1.0,1.0,1e-06,0.008980586466675333
0.051283,1100,3.0951714147948897,1.0,1.0,1e-06,0.008980586466675333
0.051283,1125,3.0951714147948897,1.0,1.0,1e-06,0.008980586466675333
0.051283,1150,3.0951714147948897,1.0,1.0,1e-06,0.008980586466675333
0.051283,1175,3.0951714147948897,1.0,1.0,1e-06,0.008980586466675333
0.051283,1200,3.0951714147948897,1.0,1.0,1e-06,0.008980586466675333
0.051283,1225,3.0951714147948897,1.0,1.0,1e-06,0.008980586466675333
0.051283,1250,3.0951714147948897,1.0,1.0,1e-06,0.008980586466675333
0.051283,1275,3.0951714147948897,1.0,1.0,1e-06,0.008980586466675333
0.051283,1300,3.0951714147948897,1.0,1.0,1e-06,0.008980586466675333
0.051283,1325,3.0951714147948897,1.0,1.0,1e-06,0.008980586466675333
0.051283,1350,3.0951714147948897,1.0,1.0,1e-06,0.008980586466675333
0.051283,1375,3.0951714147948897,1.0,1.0,1e-06,0.008980586466675333
0.051283,1400,3.0951714147948897,1.0,1.0,1e-06,0.008980586466675333
0.051283,1425,3.0951714147948897,1.0,1.0,1e-06,0.008980586466675333
0.051283,1450,3.0951714147948897,1.0,1.0,1e-06,0.008980586466675333
0.051283,1475,3.0951714147948897,1.0,1.0,1e-06,0.008980586466675333
0.051283,1500,3.0951714147948897,1.0,1.0,1e-06,0.008980586466675333
0.051283,1525,3.0951714147948897,1.0,1.0,1e-06,0.008980586466675333
0.076924,-100,3.1878008508191624,3.350121322866449,4.23481428836537,-25.925925925925927,0.0062609324932524765
0.076924,-75,3.1878008508191624,3.3169173201590363,3.2301937854067453,-22.61135649784722,0.005710248712949486
0.076924,-50,3.1878008508191624,3.293356439676252,2.1688685308412334,-15.182079715888634,0.006952643566126292
0.076924,-25,3.1878008508191624,3.251590992451396,1.0983634103181132,-7.688543872226792,0.008296777997542795
0.076924,0,3.1878008508191624,3.1878008508191624,0.0,0.0,0.006666393367716416
0.076924,25,3.1878008508191624,3.1215119520910948,1.1441341972232646,8.008939380562852,0.008276863586824775
0.076924,50,3.1878008508191624,3.0789489420630085,2.3199011342069125,16.239307939448388,0.006702989386125994
0.076924,75,3.1878008508191624,3.047438234069878,3.5158335924586424,24.610835147210498,0.005703285398878224
0.076924,100,3.1878008508191624,2.9421132034828124,4.855596402206126,33.98917481544289,0.007228408711609043
0.076924,125,3.1878008508191624,2.6859842342442337,6.648267934516523,46.53787554161566,0.010782972164816338
0.076924,150,3.1878008508191624,2.4785158181628586,8.645727120860117,60.52008984602082,0.011719827820165394
0.076924,175,3.1878008508191624,1.0,11.121093407479306,1e-06,0.012072559735628317
0.076924,200,3.1878008508191624,1.0,6.9691191353625355,1e-06,-0.018693035200181014
0.076924,225,3.1878008508191624,1.0,8.440097058104683,1e-06,0.011942783300386393
0.076924,250,3.1878008508191624,1.0,6.86043808368799,1e-06,0.011132811323638605
0.076924,275,3.1878008508191624,1.0,5.890215591921618,1e-06,0.009311299671267198
0.076924,300,3.1878008508191624,1.0,4.209568154609078,1e-06,-0.23731946967450368
0.076924,325,3.1878008508191624,1.0,1.0,1e-06,0.008321522461160413
0.076924,350,3.1878008508191624,1.0,1.0,1e-06,0.008321522461160413
0.076924,375,3.1878008508191624,1.0,1.0,1e-06,0.008321522461160413
0.076924,400,3.1878008508191624,1.0,1.0,1e-06,0.008321522461160413
0.076924,425,3.1878008508191624,1.0,1.0,1e-06,0.008321522461160413
0.076924,450,3.1878008508191624,1.0,1.0,1e-06,0.008321522461160413
0.076924,475,3.1878008508191624,1.0,1.0,1e-06,0.008321522461160413
0.076924,500,3.1878008508191624,1.0,1.0,1e-06,0.008321522461160413
0.076924,525,3.1878008508191624,1.0,1.0,1e-06,0.008321522461160413
0.076924,550,3.1878008508191624,1.0,1.0,1e-06,0.008321522461160413
0.076924,575,3.1878008508191624,1.0,1.0,1e-06,0.008321522461160413
0.076924,600,3.1878008508191624,1.0,1.0,1e-06,0.008321522461160413
0.076924,625,3.1878008508191624,1.0,1.0,1e-06,0.008321522461160413
0.076924,650,3.1878008508191624,1.0,1.0,1e-06,0.008321522461160413
0.076924,675,3.1878008508191624,1.0,1.0,1e-06,0.008321522461160413
0.076924,700,3.1878008508191624,1.0,1.0,1e-06,0.008321522461160413
0.076924,725,3.1878008508191624,1.0,1.0,1e-06,0.008321522461160413
0.076924,750,3.1878008508191624,1.0,1.0,1e-06,0.008321522461160413
0.076924,775,3.1878008508191624,1.0,1.0,1e-06,0.008321522461160413
0.076924,800,3.1878008508191624,1.0,1.0,1e-06,0.008321522461160413
0.076924,825,3.1878008508191624,1.0,1.0,1e-06,0.008321522461160413
0.076924,850,3.1878008508191624,1.0,1.0,1e-06,0.008321522461160413
0.076924,875,3.1878008508191624,1.0,1.0,1e-06,0.008321522461160413
0.076924,900,3.1878008508191624,1.0,1.0,1e-06,0.008321522461160413
0.076924,925,3.1878008508191624,1.0,1.0,1e-06,0.008321522461160413
0.076924,950,3.1878008508191624,1.0,1.0,1e-06,0.008321522461160413
0.076924,975,3.1878008508191624,1.0,1.0,1e-06,0.008321522461160413
0.076924,1000,3.1878008508191624,1.0,1.0,1e-06,0.008321522461160413
0.076924,1025,3.1878008508191624,1.0,1.0,1e-06,0.008321522461160413
0.076924,1050,3.1878008508191624,1.0,1.0,1e-06,0.008321522461160413
0.076924,1075,3.1878008508191624,1.0,1.0,1e-06,0.008321522461160413
0.076924,1100,3.1878008508191624,1.0,1.0,1e-06,0.008321522461160413
0.076924,1125,3.1878008508191624,1.0,1.0,1e-06,0.008321522461160413
0.076924,1150,3.1878008508191624,1.0,1.0,1e-06,0.008321522461160413
0.076924,1175,3.1878008508191624,1.0,1.0,1e-06,0.008321522461160413
0.076924,1200,3.1878008508191624,1.0,1.0,1e-06,0.008321522461160413
0.076924,1225,3.1878008508191624,1.0,1.0,1e-06,0.008321522461160413
0.076924,1250,3.1878008508191624,1.0,1.0,1e-06,0.008321522461160413
0.076924,1275,3.1878008508191624,1.0,1.0,1e-06,0.008321522461160413
0.076924,1300,3.1878008508191624,1.0,1.0,1e-06,0.008321522461160413
0.076924,1325,3.1878008508191624,1.0,1.0,1e-06,0.008321522461160413
0.076924,1350,3.1878008508191624,1.0,1.0,1e-06,0.008321522461160413
0.076924,1375,3.1878008508191624,1.0,1.0,1e-06,0.008321522461160413
0.076924,1400,3.1878008508191624,1.0,1.0,1e-06,0.008321522461160413
0.076924,1425,3.1878008508191624,1.0,1.0,1e-06,0.008321522461160413
0.076924,1450,3.1878008508191624,1.0,1.0,1e-06,0.008321522461160413
0.076924,1475,3.1878008508191624,1.0,1.0,1e-06,0.008321522461160413
0.076924,1500,3.1878008508191624,1.0,1.0,1e-06,0.008321522461160413
0.076924,1525,3.1878008508191624,1.0,1.0,1e-06,0.008321522461160413
0.102565,-100,3.2477647115702677,3.3895478507481536,4.191543234872479,-25.925925925925927,0.005468778225432744
0.102565,-75,3.2477647115702677,3.3592281284603804,3.1895082157448917,-22.326557510214244,0.004992413937487631
0.102565,-50,3.2477647115702677,3.342672498809246,2.136870167628335,-14.958091173398342,0.006344913006531457
0.102565,-25,3.2477647115702677,3.305937367680712,1.080307390679371,-7.562151734755597,0.007692606304510287
0.102565,0,3.2477647115702677,3.2477647115702677,0.0,0.0,0.005956281617116277
0.102565,25,3.2477647115702677,3.1875527011617875,1.1204296544263779,7.8430075809846445,0.007677158256797347
0.102565,50,3.2477647115702677,3.1506708417475986,2.267090883697383,15.869636185881681,0.0061182164912544
0.102565,75,3.2477647115702677,3.129093735944274,3.424085891454591,23.968601240182135,0.004951101419595891
0.102565,100,3.2477647115702677,3.043381223218713,4.694027214443271,32.8581905011029,0.006220168707850621
0.102565,125,3.2477647115702677,2.8259019175971654,6.319095063400714,44.233665443804995,0.009537143027611907
0.102565,150,3.2477647115702677,2.581882635699218,8.299591597341607,58.097141181391244,0.011461529127432084
0.102565,175,3.2477647115702677,1.0,10.239916636036515,1e-06,0.01124923479849791
0.102565,200,3.2477647115702677,1.0,6.333592269549626,1e-06,-0.028494978962790418
0.102565,225,3.2477647115702677,1.0,8.867303159877512,1e-06,-0.006075439405467231
0.102565,250,3.2477647115702677,1.0,7.753102161211104,1e-06,0.011485765049081016
0.102565,275,3.2477647115702677,1.0,6.542393810111818,1e-06,0.009968157331625356
0.102565,300,3.2477647115702677,1.0,3.420995304841871,1e-06,-0.3875195422856689
0.102565,325,3.2477647115702677,1.0,4.338210144346157,1e-06,-0.24547571004641394
0.102565,350,3.2477647115702677,1.0,1.0,1e-06,0.007710412130548754
0.102565,375,3.2477647115702677,1.0,1.0,1e-06,0.007710412130548754
0.102565,400,3.2477647115702677,1.0,1.0,1e-06,0.007710412130548754
0.102565,425,3.2477647115702677,1.0,1.0,1e-06,0.007710412130548754
0.102565,450,3.2477647115702677,1.0,1.0,1e-06,0.007710412130548754
0.102565,475,3.2477647115702677,1.0,1.0,1e-06,0.007710412130548754
0.102565,500,3.2477647115702677,1.0,1.0,1e-06,0.007710412130548754
0.102565,525,3.2477647115702677,1.0,1.0,1e-06,0.007710412130548754
0.102565,550,3.2477647115702677,1.0,1.0,1e-06,0.007710412130548754
0.102565,575,3.2477647115702677,1.0,1.0,1e-06,0.007710412130548754
0.102565,600,3.2477647115702677,1.0,1.0,1e-06,0.007710412130548754
0.102565,625,3.2477647115702677,1.0,1.0,1e-06,0.007710412130548754
0.102565,650,3.2477647115702677,1.0,1.0,1e-06,0.007710412130548754
0.102565,675,3.2477647115702677,1.0,1.0,1e-06,0.007710412130548754
0.102565,700,3.2477647115702677,1.0,1.0,1e-06,0.007710412130548754
0.102565,725,3.2477647115702677,1.0,1.0,1e-06,0.007710412130548754
0.102565,750,3.2477647115702677,1.0,1.0,1e-06,0.007710412130548754
0.102565,775,3.2477647115702677,1.0,1.0,1e-06,0.007710412130548754
0.102565,800,3.2477647115702677,1.0,1.0,1e-06,0.007710412130548754
0.102565,825,3.2477647115702677,1.0,1.0,1e-06,0.007710412130548754
0.102565,850,3.2477647115702677,1.0,1.0,1e-06,0.007710412130548754
0.102565,875,3.2477647115702677,1.0,1.0,1e-06,0.007710412130548754
0.102565,900,3.2477647115702677,1.0,1.0,1e-06,0.007710412130548754
0.102565,925,3.2477647115702677,1.0,1.0,1e-06,0.007710412130548754
0.102565,950,3.2477647115702677,1.0,1.0,1e-06,0.007710412130548754
0.102565,975,3.2477647115702677,1.0,1.0,1e-06,0.007710412130548754
0.102565,1000,3.2477647115702677,1.0,1.0,1e-06,0.007710412130548754
0.102565,1025,3.2477647115702677,1.0,1.0,1e-06,0.007710412130548754
0.102565,1050,3.2477647115702677,1.0,1.0,1e-06,0.007710412130548754
0.102565,1075,3.2477647115702677,1.0,1.0,1e-06,0.007710412130548754
0.102565,1100,3.2477647115702677,1.0,1.0,1e-06,0.007710412130548754
0.102565,1125,3.2477647115702677,1.0,1.0,1e-06,0.007710412130548754
0.102565,1150,3.2477647115702677,1.0,1.0,1e-06,0.007710412130548754
0.102565,1175,3.2477647115702677,1.0,1.0,1e-06,0.007710412130548754
0.102565,1200,3.2477647115702677,1.0,1.0,1e-06,0.007710412130548754
0.102565,1225,3.2477647115702677,1.0,1.0,1e-06,0.007710412130548754
0.102565,1250,3.2477647115702677,1.0,1.0,1e-06,0.007710412130548754
0.102565,1275,3.2477647115702677,1.0,1.0,1e-06,0.007710412130548754
0.102565,1300,3.2477647115702677,1.0,1.0,1e-06,0.007710412130548754
0.102565,1325,3.2477647115702677,1.0,1.0,1e-06,0.007710412130548754
0.102565,1350,3.2477647115702677,1.0,1.0,1e-06,0.007710412130548754
0.102565,1375,3.2477647115702677,1.0,1.0,1e-06,0.007710412130548754
0.102565,1400,3.2477647115702677,1.0,1.0,1e-06,0.007710412130548754
0.102565,1425,3.2477647115702677,1.0,1.0,1e-06,0.007710412130548754
0.102565,1450,3.2477647115702677,1.0,1.0,1e-06,0.007710412130548754
0.102565,1475,3.2477647115702677,1.0,1.0,1e-06,0.007710412130548754
0.102565,1500,3.2477647115702677,1.0,1.0,1e-06,0.007710412130548754
0.102565,1525,3.2477647115702677,1.0,1.0,1e-06,0.007710412130548754
0.12820600000000001,-100,3.3117616513599906,3.4351470585158927,4.141123688004141,-25.925925925925927,0.004759151418870513
0.12820600000000001,-75,3.3117616513599906,3.408141396648029,3.1437327467761245,-22.006129227432872,0.004379677329527425
0.12820600000000001,-50,3.3117616513599906,3.397504630188402,2.1023833431717955,-14.71668340220257,0.005826243351513475
0.12820600000000001,-25,3.3117616513599906,3.364895826578442,1.061378644538941,-7.429650511772587,0.007151638577650192
0.12820600000000001,0,3.3117616513599906,3.3117616513599906,0.0,0.0,0.005329811180078611
0.12820600000000001,25,3.3117616513599906,3.2569535800702596,1.0965549503937133,7.675884652755993,0.0071402937601534435
0.12820600000000001,50,3.3117616513599906,3.2245714975515054,2.2151337466949887,15.505936226864922,0.005623017696759466
0.12820600000000001,75,3.3117616513599906,3.210989119231252,3.33675553433543,23.357288740348007,0.004314393389103466
0.12820600000000001,100,3.3117616513599906,3.1422389488025364,4.546348803663826,31.824441625646784,0.005326808386822996
0.12820600000000001,125,3.3117616513599906,2.9593855247036074,6.034071163787055,42.238498146509386,0.008342534467824196
0.12820600000000001,150,3.3117616513599906,2.702842149670067,7.928162372037596,55.49713660426317,0.01097208863282413
0.12820600000000001,175,3.3117616513599906,1.0,9.227434865988553,1e-06,0.009326994699905266
0.12820600000000001,200,3.3117616513599906,1.0,7.479810666852707,1e-06,-0.00970316266694723
0.12820600000000001,225,3.3117616513599906,1.0,8.313549953891634,1e-06,-0.00952936346692643
0.12820600000000001,250,3.3117616513599906,1.0,8.521750682985205,1e-06,-0.014738667792150786
0.12820600000000001,275,3.3117616513599906,1.0,6.902033866707784,1e-06,0.010003681030091954
0.12820600000000001,300,3.3117616513599906,1.0,3.1588122242694885,1e-06,-0.4638147110708062
0.12820600000000001,325,3.3117616513599906,1.0,4.098513328551264,1e-06,-0.27941796508987327
0.12820600000000001,350,3.3117616513599906,1.0,4.315627142041255,1e-06,-0.273889674223657
0.12820600000000001,375,3.3117616513599906,1.0,3.9644890616909505,1e-06,-0.3675868644805691
0.12820600000000001,400,3.3117616513599906,1.0,1.0,1e-06,0.0071629914340990974
0.12820600000000001,425,3.3117616513599906,1.0,1.0,1e-06,0.0071629914340990974
0.12820600000000001,450,3.3117616513599906,1.0,1.0,1e-06,0.0071629914340990974
0.12820600000000001,475,3.3117616513599906,1.0,1.0,1e-06,0.0071629914340990974
0.12820600000000001,500,3.3117616513599906,1.0,1.0,1e-06,0.0071629914340990974
0.12820600000000001,525,3.3117616513599906,1.0,1.0,1e-06,0.0071629914340990974
0.12820600000000001,550,3.3117616513599906,1.0,1.0,1e-06,0.0071629914340990974
0.12820600000000001,575,3.3117616513599906,1.0,1.0,1e-06,0.0071629914340990974
0.12820600000000001,600,3.3117616513599906,1.0,1.0,1e-06,0.0071629914340990974
0.12820600000000001,625,3.3117616513599906,1.0,1.0,1e-06,0.0071629914340990974
0.12820600000000001,650,3.3117616513599906,1.0,1.0,1e-06,0.0071629914340990974
0.12820600000000001,675,3.3117616513599906,1.0,1.0,1e-06,0.0071629914340990974
0.12820600000000001,700,3.3117616513599906,1.0,1.0,1e-06,0.0071629914340990974
0.12820600000000001,725,3.3117616513599906,1.0,1.0,1e-06,0.0071629914340990974
0.12820600000000001,750,3.3117616513599906,1.0,1.0,1e-06,0.0071629914340990974
0.12820600000000001,775,3.3117616513599906,1.0,1.0,1e-06,0.0071629914340990974
0.12820600000000001,800,3.3117616513599906,1.0,1.0,1e-06,0.0071629914340990974
0.12820600000000001,825,3.3117616513599906,1.0,1.0,1e-06,0.0071629914340990974
0.12820600000000001,850,3.3117616513599906,1.0,1.0,1e-06,0.0071629914340990974
0.12820600000000001,875,3.3117616513599906,1.0,1.0,1e-06,0.0071629914340990974
0.12820600000000001,900,3.3117616513599906,1.0,1.0,1e-06,0.0071629914340990974
0.12820600000000001,925,3.3117616513599906,1.0,1.0,1e-06,0.0071629914340990974
0.12820600000000001,950,3.3117616513599906,1.0,1.0,1e-06,0.0071629914340990974
0.12820600000000001,975,3.3117616513599906,1.0,1.0,1e-06,0.0071629914340990974
0.12820600000000001,1000,3.3117616513599906,1.0,1.0,1e-06,0.0071629914340990974
0.12820600000000001,1025,3.3117616513599906,1.0,1.0,1e-06,0.0071629914340990974
0.12820600000000001,1050,3.3117616513599906,1.0,1.0,1e-06,0.0071629914340990974
0.12820600000000001,1075,3.3117616513599906,1.0,1.0,1e-06,0.0071629914340990974
0.12820600000000001,1100,3.3117616513599906,1.0,1.0,1e-06,0.0071629914340990974
0.12820600000000001,1125,3.3117616513599906,1.0,1.0,1e-06,0.0071629914340990974
0.12820600000000001,1150,3.3117616513599906,1.0,1.0,1e-06,0.0071629914340990974
0.12820600000000001,1175,3.3117616513599906,1.0,1.0,1e-06,0.0071629914340990974
0.12820600000000001,1200,3.3117616513599906,1.0,1.0,1e-06,0.0071629914340990974
0.12820600000000001,1225,3.3117616513599906,1.0,1.0,1e-06,0.0071629914340990974
0.12820600000000001,1250,3.3117616513599906,1.0,1.0,1e-06,0.0071629914340990974
0.12820600000000001,1275,3.3117616513599906,1.0,1.0,1e-06,0.0071629914340990974
0.12820600000000001,1300,3.3117616513599906,1.0,1.0,1e-06,0.0071629914340990974
0.12820600000000001,1325,3.3117616513599906,1.0,1.0,1e-06,0.0071629914340990974
0.12820600000000001,1350,3.3117616513599906,1.0,1.0,1e-06,0.0071629914340990974
0.12820600000000001,1375,3.3117616513599906,1.0,1.0,1e-06,0.0071629914340990974
0.12820600000000001,1400,3.3117616513599906,1.0,1.0,1e-06,0.0071629914340990974
0.12820600000000001,1425,3.3117616513599906,1.0,1.0,1e-06,0.0071629914340990974
0.12820600000000001,1450,3.3117616513599906,1.0,1.0,1e-06,0.0071629914340990974
0.12820600000000001,1475,3.3117616513599906,1.0,1.0,1e-06,0.0071629914340990974
0.12820600000000001,1500,3.3117616513599906,1.0,1.0,1e-06,0.0071629914340990974
0.12820600000000001,1525,3.3117616513599906,1.0,1.0,1e-06,0.0071629914340990974
0.153847,-100,3.3734268136467844,3.4810006544708614,4.090701185964148,-25.925925925925927,0.004149276717500104
0.153847,-75,3.3734268136467844,3.457463171267792,3.0988864330713817,-21.69220503149967,0.00387403482029498
0.153847,-50,3.3734268136467844,3.4515553358127646,2.0694604165096355,-14.486222915567447,0.0053932983512231004
0.153847,-25,3.3734268136467844,3.42223183067256,1.043596327817071,-7.305174294719497,0.00668088331048505
0.153847,0,3.3734268136467844,3.3734268136467844,0.0,0.0,0.004793228564721921
0.153847,25,3.3734268136467844,3.323227724536823,1.0746866803797956,7.52280676265857,0.006672920187068698
0.153847,50,3.3734268136467844,3.294326956114431,2.1682295770915077,15.177607039640554,0.0052116158578728545
0.153847,75,3.3734268136467844,3.2868397622237944,3.2597529813977566,22.818270869784296,0.0037946368468106707
0.153847,100,3.3734268136467844,3.231871480092382,4.4202606365108155,30.941824455575706,0.004574886453694383
0.153847,125,3.3734268136467844,3.0772534488605947,5.802948360901105,40.62063852630774,0.007291204065991598
0.153847,150,3.3734268136467844,2.8285493252091136,7.5758167756142,53.0307174292994,0.010274752348280064
0.153847,175,3.3734268136467844,2.7815871216358685,8.98767462846799,62.91372239927593,0.009407163802117154
0.153847,200,3.3734268136467844,1.0,8.005833236278303,1e-06,-0.003486734986160482
0.153847,225,3.3734268136467844,1.0,7.721069133204148,1e-06,-0.01460899066590942
0.153847,250,3.3734268136467844,1.0,8.390782994713097,1e-06,-0.015032552872968435
0.153847,275,3.3734268136467844,1.0,7.831398044281337,1e-06,0.010413846027074517
0.153847,300,3.3734268136467844,1.0,3.1979720713222717,1e-06,-0.4479590240494687
0.153847,325,3.3734268136467844,1.0,3.706146754149546,1e-06,-0.3528510366619847
0.153847,350,3.3734268136467844,1.0,4.55412362625115,1e-06,-0.23857919203024247
0.153847,375,3.3734268136467844,1.0,4.277452775201212,1e-06,-0.30561298574383383
0.153847,400,3.3734268136467844,1.0,3.9560467096845526,1e-06,-0.399786106436389
0.153847,425,3.3734268136467844,1.0,3.6292620011553636,1e-06,-0.5257138402635629
0.153847,450,3.3734268136467844,1.0,1.0,1e-06,0.006687236383018645
0.153847,475,3.3734268136467844,1.0,1.0,1e-06,0.006687236383018645
0.153847,500,3.3734268136467844,1.0,1.0,1e-06,0.006687236383018645
0.153847,525,3.3734268136467844,1.0,1.0,1e-06,0.006687236383018645
0.153847,550,3.3734268136467844,1.0,1.0,1e-06,0.006687236383018645
0.153847,575,3.3734268136467844,1.0,1.0,1e-06,0.006687236383018645
0.153847,600,3.3734268136467844,1.0,1.0,1e-06,0.006687236383018645
0.153847,625,3.3734268136467844,1.0,1.0,1e-06,0.006687236383018645
0.153847,650,3.3734268136467844,1.0,1.0,1e-06,0.006687236383018645
0.153847,675,3.3734268136467844,1.0,1.0,1e-06,0.006687236383018645
0.153847,700,3.3734268136467844,1.0,1.0,1e-06,0.006687236383018645
0.153847,725,3.3734268136467844,1.0,1.0,1e-06,0.006687236383018645
0.153847,750,3.3734268136467844,1.0,1.0,1e-06,0.006687236383018645
0.153847,775,3.3734268136467844,1.0,1.0,1e-06,0.006687236383018645
0.153847,800,3.3734268136467844,1.0,1.0,1e-06,0.006687236383018645
0.153847,825,3.3734268136467844,1.0,1.0,1e-06,0.006687236383018645
0.153847,850,3.3734268136467844,1.0,1.0,1e-06,0.006687236383018645
0.153847,875,3.3734268136467844,1.0,1.0,1e-06,0.006687236383018645
0.153847,900,3.3734268136467844,1.0,1.0,1e-06,0.006687236383018645
0.153847,925,3.3734268136467844,1.0,1.0,1e-06,0.006687236383018645
0.153847,950,3.3734268136467844,1.0,1.0,1e-06,0.006687236383018645
0.153847,975,3.3734268136467844,1.0,1.0,1e-06,0.006687236383018645
0.153847,1000,3.3734268136467844,1.0,1.0,1e-06,0.006687236383018645
0.153847,1025,3.3734268136467844,1.0,1.0,1e-06,0.006687236383018645
0.153847,1050,3.3734268136467844,1.0,1.0,1e-06,0.006687236383018645
0.153847,1075,3.3734268136467844,1.0,1.0,1e-06,0.006687236383018645
0.153847,1100,3.3734268136467844,1.0,1.0,1e-06,0.006687236383018645
0.153847,1125,3.3734268136467844,1.0,1.0,1e-06,0.006687236383018645
0.153847,1150,3.3734268136467844,1.0,1.0,1e-06,0.006687236383018645
0.153847,1175,3.3734268136467844,1.0,1.0,1e-06,0.006687236383018645
0.153847,1200,3.3734268136467844,1.0,1.0,1e-06,0.006687236383018645
0.153847,1225,3.3734268136467844,1.0,1.0,1e-06,0.006687236383018645
0.153847,1250,3.3734268136467844,1.0,1.0,1e-06,0.006687236383018645
0.153847,1275,3.3734268136467844,1.0,1.0,1e-06,0.006687236383018645
0.153847,1300,3.3734268136467844,1.0,1.0,1e-06,0.006687236383018645
0.153847,1325,3.3734268136467844,1.0,1.0,1e-06,0.006687236383018645
0.153847,1350,3.3734268136467844,1.0,1.0,1e-06,0.006687236383018645
0.153847,1375,3.3734268136467844,1.0,1.0,1e-06,0.006687236383018645
0.153847,1400,3.3734268136467844,1.0,1.0,1e-06,0.006687236383018645
0.153847,1425,3.3734268136467844,1.0,1.0,1e-06,0.006687236383018645
0.153847,1450,3.3734268136467844,1.0,1.0,1e-06,0.006687236383018645
0.153847,1475,3.3734268136467844,1.0,1.0,1e-06,0.006687236383018645
0.153847,1500,3.3734268136467844,1.0,1.0,1e-06,0.006687236383018645
0.153847,1525,3.3734268136467844,1.0,1.0,1e-06,0.006687236383018645
0.179488,-100,3.424090653667371,3.5187707179912047,4.049680515479979,-25.925925925925927,0.003651945338205013
0.179488,-75,3.424090653667371,3.498449890502073,3.0625808714236227,-21.438066099965358,0.003468560852829085
0.179488,-50,3.424090653667371,3.4961264835028127,2.043077439149348,-14.301542074045434,0.005036927448975802
0.179488,-25,3.424090653667371,3.4693760408791605,1.0294152404775245,-7.205906683342671,0.006284481495780707
0.179488,0,3.424090653667371,3.424090653667371,0.0,0.0,0.004348560774746713
0.179488,25,3.424090653667371,3.3776156530849737,1.0573815786786107,7.4016710507502745,0.0062789875777695256
0.179488,50,3.424090653667371,3.3513882915368054,2.1313129131873105,14.919190392311174,0.004873076904228934
0.179488,75,3.424090653667371,3.3483094369930777,3.19990906333543,22.39936344334801,0.0033831861724980387
0.179488,100,3.424090653667371,3.3036757710071507,4.3241877459903355,30.269314221932348,0.003978117303132385
0.179488,125,3.424090653667371,3.1700530746774156,5.63307378030571,39.431516462139975,0.006442500866885727
0.179488,150,3.424090653667371,2.938249845766811,7.292971174471075,51.05079822129752,0.009516811192540288
0.179488,175,3.424090653667371,2.8500037431662912,8.771918303596875,61.40342812517813,0.009349427679033418
0.179488,200,3.424090653667371,1.0,10.480967645781204,1e-06,0.00951467495946313
0.179488,225,3.424090653667371,1.0,7.288275119925999,1e-06,-0.01932896923354996
0.179488,250,3.424090653667371,1.0,8.073934805638661,1e-06,-0.017681494014376218
0.179488,275,3.424090653667371,1.0,8.18073746946823,1e-06,-0.024065782829510572
0.179488,300,3.424090653667371,1.0,7.212804961984298,1e-06,-0.049866135749636865
0.179488,325,3.424090653667371,1.0,3.591995354712634,1e-06,-0.3778828821345729
0.179488,350,3.424090653667371,1.0,4.532535250305358,1e-06,-0.2397668896952868
0.179488,375,3.424090653667371,1.0,4.515422682888402,1e-06,-0.26702166750705414
0.179488,400,3.424090653667371,1.0,4.211212163048594,1e-06,-0.34415362921342635
0.179488,425,3.424090653667371,1.0,3.9123044394100845,1e-06,-0.4416364361627072
0.179488,450,3.424090653667371,1.0,3.609218414858052,1e-06,-0.5694720366570306
0.179488,475,3.424090653667371,1.0,1.0,1e-06,0.006287700420591171
0.179488,500,3.424090653667371,1.0,1.0,1e-06,0.006287700420591171
0.179488,525,3.424090653667371,1.0,1.0,1e-06,0.006287700420591171
0.179488,550,3.424090653667371,1.0,1.0,1e-06,0.006287700420591171
0.179488,575,3.424090653667371,1.0,1.0,1e-06,0.006287700420591171
0.179488,600,3.424090653667371,1.0,1.0,1e-06,0.006287700420591171
0.179488,625,3.424090653667371,1.0,1.0,1e-06,0.006287700420591171
0.179488,650,3.424090653667371,1.0,1.0,1e-06,0.006287700420591171
0.179488,675,3.424090653667371,1.0,1.0,1e-06,0.006287700420591171
0.179488,700,3.424090653667371,1.0,1.0,1e-06,0.006287700420591171
0.179488,725,3.424090653667371,1.0,1.0,1e-06,0.006287700420591171
0.179488,750,3.424090653667371,1.0,1.0,1e-06,0.006287700420591171
0.179488,775,3.424090653667371,1.0,1.0,1e-06,0.006287700420591171
0.179488,800,3.424090653667371,1.0,1.0,1e-06,0.006287700420591171
0.179488,825,3.424090653667371,1.0,1.0,1e-06,0.006287700420591171
0.179488,850,3.424090653667371,1.0,1.0,1e-06,0.006287700420591171
0.179488,875,3.424090653667371,1.0,1.0,1e-06,0.006287700420591171
0.179488,900,3.424090653667371,1.0,1.0,1e-06,0.006287700420591171
0.179488,925,3.424090653667371,1.0,1.0,1e-06,0.006287700420591171
0.179488,950,3.424090653667371,1.0,1.0,1e-06,0.006287700420591171
0.179488,975,3.424090653667371,1.0,1.0,1e-06,0.006287700420591171
0.179488,1000,3.424090653667371,1.0,1.0,1e-06,0.006287700420591171
0.179488,1025,3.424090653667371,1.0,1.0,1e-06,0.006287700420591171
0.179488,1050,3.424090653667371,1.0,1.0,1e-06,0.006287700420591171
0.179488,1075,3.424090653667371,1.0,1.0,1e-06,0.006287700420591171
0.179488,1100,3.424090653667371,1.0,1.0,1e-06,0.006287700420591171
0.179488,1125,3.424090653667371,1.0,1.0,1e-06,0.006287700420591171
0.179488,1150,3.424090653667371,1.0,1.0,1e-06,0.006287700420591171
0.179488,1175,3.424090653667371,1.0,1.0,1e-06,0.006287700420591171
0.179488,1200,3.424090653667371,1.0,1.0,1e-06,0.006287700420591171
0.179488,1225,3.424090653667371,1.0,1.0,1e-06,0.006287700420591171
0.179488,1250,3.424090653667371,1.0,1.0,1e-06,0.006287700420591171
0.179488,1275,3.424090653667371,1.0,1.0,1e-06,0.006287700420591171
0.179488,1300,3.424090653667371,1.0,1.0,1e-06,0.006287700420591171
0.179488,1325,3.424090653667371,1.0,1.0,1e-06,0.006287700420591171
0.179488,1350,3.424090653667371,1.0,1.0,1e-06,0.006287700420591171
0.179488,1375,3.424090653667371,1.0,1.0,1e-06,0.006287700420591171
0.179488,1400,3.424090653667371,1.0,1.0,1e-06,0.006287700420591171
0.179488,1425,3.424090653667371,1.0,1.0,1e-06,0.006287700420591171
0.179488,1450,3.424090653667371,1.0,1.0,1e-06,0.006287700420591171
0.179488,1475,3.424090653667371,1.0,1.0,1e-06,0.006287700420591171
0.179488,1500,3.424090653667371,1.0,1.0,1e-06,0.006287700420591171
0.179488,1525,3.424090653667371,1.0,1.0,1e-06,0.006287700420591171
0.205129,-100,3.4696067877463745,3.5540294686516565,4.011658960493583,-25.925925925925927,0.0032563034063465965
0.205129,-75,3.4696067877463745,3.5365971736815585,3.0295465353019737,-21.206825747113815,0.0031589067941627863
0.205129,-50,3.4696067877463745,3.5368879916554534,2.019531622066975,-14.136721354468824,0.004759321643402861
0.205129,-25,3.4696067877463745,3.512050354061783,1.0169069948835179,-7.118348964184626,0.005962557684227032
0.205129,0,3.4696067877463745,3.4696067877463745,0.0,0.0,0.003991946132875495
0.205129,25,3.4696067877463745,3.4261248147707137,1.0424105263274213,7.296873684291949,0.0059589866642840005
0.205129,50,3.4696067877463745,3.401846188514689,2.099700206015443,14.6979014421081,0.0046102227245556245
0.205129,75,3.4696067877463745,3.4019014404836714,3.1494991556141056,22.04649408929874,0.0030710255784191457
0.205129,100,3.4696067877463745,3.3652984203507863,4.245006683307804,29.715046783154627,0.0035102878402574265
0.205129,125,3.4696067877463745,3.2480862956221332,5.497742741998956,38.484199193992694,0.0057561413973457555
0.205129,150,3.4696067877463745,3.0348654993805413,7.06079772989785,49.42558410928495,0.008795875581451434
0.205129,175,3.4696067877463745,2.916563857580144,8.571730714904474,60.00211500433132,0.009217057267503128
0.205129,200,3.4696067877463745,1.0,9.512986992664057,1e-06,0.007000862721460944
0.205129,225,3.4696067877463745,1.0,7.621466384482494,1e-06,-0.014016881542111054
0.205129,250,3.4696067877463745,1.0,7.563365590052876,1e-06,-0.023655434905443043
0.205129,275,3.4696067877463745,1.0,8.06566746186652,1e-06,-0.024816410664782296
0.205129,300,3.4696067877463745,1.0,7.6234736611902205,1e-06,-0.040328961781499195
0.205129,325,3.4696067877463745,1.0,3.622142918605981,1e-06,-0.3686995643674747
0.205129,350,3.4696067877463745,1.0,4.404247226051412,1e-06,-0.255697047280011
0.205129,375,3.4696067877463745,1.0,4.699655620810261,1e-06,-0.2410330024797939
0.205129,400,3.4696067877463745,1.0,4.415573511453902,1e-06,-0.3064349274588514
0.205129,425,3.4696067877463745,1.0,4.128681324887876,1e-06,-0.38877456930984383
0.205129,450,3.4696067877463745,1.0,3.8470846126710065,1e-06,-0.49167603125426224
0.205129,475,3.4696067877463745,1.0,3.560822715940134,1e-06,-0.6253364004560477
0.205129,500,3.4696067877463745,1.0,3.2511246957140516,1e-06,-0.8129411833861243
0.205129,525,3.4696067877463745,1.0,1.0,1e-06,0.005963818268295161
0.205129,550,3.4696067877463745,1.0,1.0,1e-06,0.005963818268295161
0.205129,575,3.4696067877463745,1.0,1.0,1e-06,0.005963818268295161
0.205129,600,3.4696067877463745,1.0,1.0,1e-06,0.005963818268295161
0.205129,625,3.4696067877463745,1.0,1.0,1e-06,0.005963818268295161
0.205129,650,3.4696067877463745,1.0,1.0,1e-06,0.005963818268295161
0.205129,675,3.4696067877463745,1.0,1.0,1e-06,0.005963818268295161
0.205129,700,3.4696067877463745,1.0,1.0,1e-06,0.005963818268295161
0.205129,725,3.4696067877463745,1.0,1.0,1e-06,0.005963818268295161
0.205129,750,3.4696067877463745,1.0,1.0,1e-06,0.005963818268295161
0.205129,775,3.4696067877463745,1.0,1.0,1e-06,0.005963818268295161
0.205129,800,3.4696067877463745,1.0,1.0,1e-06,0.005963818268295161
0.205129,825,3.4696067877463745,1.0,1.0,1e-06,0.005963818268295161
0.205129,850,3.4696067877463745,1.0,1.0,1e-06,0.005963818268295161
0.205129,875,3.4696067877463745,1.0,1.0,1e-06,0.005963818268295161
0.205129,900,3.4696067877463745,1.0,1.0,1e-06,0.005963818268295161
0.205129,925,3.4696067877463745,1.0,1.0,1e-06,0.005963818268295161
0.205129,950,3.4696067877463745,1.0,1.0,1e-06,0.005963818268295161
0.205129,975,3.4696067877463745,1.0,1.0,1e-06,0.005963818268295161
0.205129,1000,3.4696067877463745,1.0,1.0,1e-06,0.005963818268295161
0.205129,1025,3.4696067877463745,1.0,1.0,1e-06,0.005963818268295161
0.205129,1050,3.4696067877463745,1.0,1.0,1e-06,0.005963818268295161
0.205129,1075,3.4696067877463745,1.0,1.0,1e-06,0.005963818268295161
0.205129,1100,3.4696067877463745,1.0,1.0,1e-06,0.005963818268295161
0.205129,1125,3.4696067877463745,1.0,1.0,1e-06,0.005963818268295161
0.205129,1150,3.4696067877463745,1.0,1.0,1e-06,0.005963818268295161
0.205129,1175,3.4696067877463745,1.0,1.0,1e-06,0.005963818268295161
0.205129,1200,3.4696067877463745,1.0,1.0,1e-06,0.005963818268295161
0.205129,1225,3.4696067877463745,1.0,1.0,1e-06,0.005963818268295161
0.205129,1250,3.4696067877463745,1.0,1.0,1e-06,0.005963818268295161
0.205129,1275,3.4696067877463745,1.0,1.0,1e-06,0.005963818268295161
0.205129,1300,3.4696067877463745,1.0,1.0,1e-06,0.005963818268295161
0.205129,1325,3.4696067877463745,1.0,1.0,1e-06,0.005963818268295161
0.205129,1350,3.4696067877463745,1.0,1.0,1e-06,0.005963818268295161
0.205129,1375,3.4696067877463745,1.0,1.0,1e-06,0.005963818268295161
0.205129,1400,3.4696067877463745,1.0,1.0,1e-06,0.005963818268295161
0.205129,1425,3.4696067877463745,1.0,1.0,1e-06,0.005963818268295161
0.205129,1450,3.4696067877463745,1.0,1.0,1e-06,0.005963818268295161
0.205129,1475,3.4696067877463745,1.0,1.0,1e-06,0.005963818268295161
0.205129,1500,3.4696067877463745,1.0,1.0,1e-06,0.005963818268295161
0.205129,1525,3.4696067877463745,1.0,1.0,1e-06,0.005963818268295161
0.23077,-100,3.513384383117836,3.5899339864616597,3.9732156695835767,-25.925925925925927,0.002952627557547485
0.23077,-75,3.513384383117836,3.575029564793225,2.9969782123760984,-20.978847486632688,0.0029384446268875355
0.23077,-50,3.513384383117836,3.5770974821687562,1.9968304410106565,-13.977813087074596,0.004558159323924307
0.23077,-25,3.513384383117836,3.553574013243355,1.0050243946288073,-7.035170762401652,0.005712673008636293
0.23077,0,3.513384383117836,3.513384383117836,0.0,0.0,0.003717317656128246
0.23077,25,3.513384383117836,3.4722680873439273,1.028557842191413,7.199904895339891,0.005710672067421471
0.23077,50,3.513384383117836,3.4492967330635804,2.0708155011392813,14.495708507974967,0.004421146439237312
0.23077,75,3.513384383117836,3.451473858283068,3.104263904121104,21.72984732884773,0.0028491007735971384
0.23077,100,3.513384383117836,3.4212160054491285,4.175624767030422,29.229373369212954,0.0031532792887646157
0.23077,125,3.513384383117836,3.3171908608293377,5.383212364415583,37.68248655090908,0.005206490872714592
0.23077,150,3.513384383117836,3.1214905803981123,6.864852184124945,48.053965288874615,0.008155285424706758
0.23077,175,3.513384383117836,2.9822912977783327,8.382816265675936,58.67971385973155,0.009050710209818551
0.23077,200,3.513384383117836,1.0,9.377402225249039,1e-06,0.0071074519376148025
0.23077,225,3.513384383117836,1.0,7.970195417001119,1e-06,-0.00931143247913785
0.23077,250,3.513384383117836,1.0,7.0718551814654145,1e-06,-0.031044914886821356
0.23077,275,3.513384383117836,1.0,7.818449822750829,1e-06,-0.02761527171821071
0.23077,300,3.513384383117836,1.0,7.762711953365754,1e-06,-0.036944266041707696
0.23077,325,3.513384383117836,1.0,3.8824525894274293,1e-06,-0.3107455161025904
0.23077,350,3.513384383117836,1.0,4.3688662433115,1e-06,-0.2593426164002538
0.23077,375,3.513384383117836,1.0,4.834321307321798,1e-06,-0.223641802339109
0.23077,400,3.513384383117836,1.0,4.587256201902801,1e-06,-0.2785196289355257
0.23077,425,3.513384383117836,1.0,4.30617649734499,1e-06,-0.3511887342535623
0.23077,450,3.513384383117836,1.0,4.034671922334046,1e-06,-0.43975728134138725
0.23077,475,3.513384383117836,1.0,3.76639459453842,1e-06,-0.5500936270702702
0.23077,500,3.513384383117836,1.0,3.4919481879424867,1e-06,-0.693098014085661
0.23077,525,3.513384383117836,1.0,3.193003893994742,1e-06,-0.8937159205227784
0.23077,550,3.513384383117836,1.0,1.0,1e-06,0.0057128759268991755
0.23077,575,3.513384383117836,1.0,1.0,1e-06,0.0057128759268991755
0.23077,600,3.513384383117836,1.0,1.0,1e-06,0.0057128759268991755
0.23077,625,3.513384383117836,1.0,1.0,1e-06,0.0057128759268991755
0.23077,650,3.513384383117836,1.0,1.0,1e-06,0.0057128759268991755
0.23077,675,3.513384383117836,1.0,1.0,1e-06,0.0057128759268991755
0.23077,700,3.513384383117836,1.0,1.0,1e-06,0.0057128759268991755
0.23077,725,3.513384383117836,1.0,1.0,1e-06,0.0057128759268991755
0.23077,750,3.513384383117836,1.0,1.0,1e-06,0.0057128759268991755
0.23077,775,3.513384383117836,1.0,1.0,1e-06,0.0057128759268991755
0.23077,800,3.513384383117836,1.0,1.0,1e-06,0.0057128759268991755
0.23077,825,3.513384383117836,1.0,1.0,1e-06,0.0057128759268991755
0.23077,850,3.513384383117836,1.0,1.0,1e-06,0.0057128759268991755
0.23077,875,3.513384383117836,1.0,1.0,1e-06,0.0057128759268991755
0.23077,900,3.513384383117836,1.0,1.0,1e-06,0.0057128759268991755
0.23077,925,3.513384383117836,1.0,1.0,1e-06,0.0057128759268991755
0.23077,950,3.513384383117836,1.0,1.0,1e-06,0.0057128759268991755
0.23077,975,3.513384383117836,1.0,1.0,1e-06,0.0057128759268991755
0.23077,1000,3.513384383117836,1.0,1.0,1e-06,0.0057128759268991755
0.23077,1025,3.513384383117836,1.0,1.0,1e-06,0.0057128759268991755
0.23077,1050,3.513384383117836,1.0,1.0,1e-06,0.0057128759268991755
0.23077,1075,3.513384383117836,1.0,1.0,1e-06,0.0057128759268991755
0.23077,1100,3.513384383117836,1.0,1.0,1e-06,0.0057128759268991755
0.23077,1125,3.513384383117836,1.0,1.0,1e-06,0.0057128759268991755
0.23077,1150,3.513384383117836,1.0,1.0,1e-06,0.0057128759268991755
0.23077,1175,3.513384383117836,1.0,1.0,1e-06,0.0057128759268991755
0.23077,1200,3.513384383117836,1.0,1.0,1e-06,0.0057128759268991755
0.23077,1225,3.513384383117836,1.0,1.0,1e-06,0.0057128759268991755
0.23077,1250,3.513384383117836,1.0,1.0,1e-06,0.0057128759268991755
0.23077,1275,3.513384383117836,1.0,1.0,1e-06,0.0057128759268991755
0.23077,1300,3.513384383117836,1.0,1.0,1e-06,0.0057128759268991755
0.23077,1325,3.513384383117836,1.0,1.0,1e-06,0.0057128759268991755
0.23077,1350,3.513384383117836,1.0,1.0,1e-06,0.0057128759268991755
0.23077,1375,3.513384383117836,1.0,1.0,1e-06,0.0057128759268991755
0.23077,1400,3.513384383117836,1.0,1.0,1e-06,0.0057128759268991755
0.23077,1425,3.513384383117836,1.0,1.0,1e-06,0.0057128759268991755
0.23077,1450,3.513384383117836,1.0,1.0,1e-06,0.0057128759268991755
0.23077,1475,3.513384383117836,1.0,1.0,1e-06,0.0057128759268991755
0.23077,1500,3.513384383117836,1.0,1.0,1e-06,0.0057128759268991755
0.23077,1525,3.513384383117836,1.0,1.0,1e-06,0.0057128759268991755
0.256411,-100,3.5482842770607714,3.619230488920091,3.9421929367239157,-25.925925925925927,0.0027364967431451922
0.256411,-75,3.5482842770607714,3.6062970770928544,2.970993649509,-20.796955546562998,0.0027894852158623124
0.256411,-50,3.5482842770607714,3.609482221750625,1.9789146209986885,-13.85240234699082,0.0044178578673140945
0.256411,-25,3.5482842770607714,3.586822668451439,0.9957081521876551,-6.969957065313586,0.005529215033827944
0.256411,0,3.5482842770607714,3.5482842770607714,0.0,0.0,0.0035157661195262748
0.256411,25,3.5482842770607714,3.508896099064038,1.0178211239657955,7.1247478677605685,0.005528360964879128
0.256411,50,3.5482842770607714,3.486769073214804,2.048560427396304,14.339922991774127,0.0042897862060524775
0.256411,75,3.5482842770607714,3.4902731745772453,3.069755626100373,21.48828938270261,0.002699661264345371
0.256411,100,3.5482842770607714,3.4645349045562925,4.123414737985983,28.86390316590188,0.0029015262427645435
0.256411,125,3.5482842770607714,3.3700489703801715,5.298778449242652,37.091449144698565,0.004805293694114803
0.256411,150,3.5482842770607714,3.188321310797316,6.720957312552888,47.04670118787021,0.007651183976237267
0.256411,175,3.5482842770607714,3.037677374487215,8.229972086558467,57.609804605909275,0.008863194486883946
0.256411,200,3.5482842770607714,3.0818030981211813,9.271010399349365,64.89707279544555,0.007188015712356249
0.256411,225,3.5482842770607714,1.0,8.30757471633886,1e-06,-0.005516791572028736
0.256411,250,3.5482842770607714,1.0,7.2675724509885855,1e-06,-0.026849467116034385
0.256411,275,3.5482842770607714,1.0,7.4661589421043475,1e-06,-0.0327870467039553
0.256411,300,3.5482842770607714,1.0,7.704334302661473,1e-06,-0.03735276257178096
0.256411,325,3.5482842770607714,1.0,6.978178573851751,1e-06,-0.06356774881265972
0.256411,350,3.5482842770607714,1.0,4.483008821088275,1e-06,-0.24234168469656844
0.256411,375,3.5482842770607714,1.0,4.927851606034304,1e-06,-0.21228806813605092
0.256411,400,3.5482842770607714,1.0,4.718592140658646,1e-06,-0.2592136793687895
0.256411,425,3.5482842770607714,1.0,4.440731788267988,1e-06,-0.3256815535715043
0.256411,450,3.5482842770607714,1.0,4.173785208548849,1e-06,-0.40572876971344285
0.256411,475,3.5482842770607714,1.0,3.913847613589622,1e-06,-0.5033199334834091
0.256411,500,3.5482842770607714,1.0,3.654246142153768,1e-06,-0.6254347678515008
0.256411,525,3.5482842770607714,1.0,3.3849126774665987,1e-06,-0.7853699298964474
0.256411,550,3.5482842770607714,1.0,3.083700029571311,1e-06,-1.0160016837364503
0.256411,575,3.5482842770607714,1.0,1.0,1e-06,0.005529169777306845
0.256411,600,3.5482842770607714,1.0,1.0,1e-06,0.005529169777306845
0.256411,625,3.5482842770607714,1.0,1.0,1e-06,0.005529169777306845
0.256411,650,3.5482842770607714,1.0,1.0,1e-06,0.005529169777306845
0.256411,675,3.5482842770607714,1.0,1.0,1e-06,0.005529169777306845
0.256411,700,3.5482842770607714,1.0,1.0,1e-06,0.005529169777306845
0.256411,725,3.5482842770607714,1.0,1.0,1e-06,0.005529169777306845
0.256411,750,3.5482842770607714,1.0,1.0,1e-06,0.005529169777306845
0.256411,775,3.5482842770607714,1.0,1.0,1e-06,0.005529169777306845
0.256411,800,3.5482842770607714,1.0,1.0,1e-06,0.005529169777306845
0.256411,825,3.5482842770607714,1.0,1.0,1e-06,0.005529169777306845
0.256411,850,3.5482842770607714,1.0,1.0,1e-06,0.005529169777306845
0.256411,875,3.5482842770607714,1.0,1.0,1e-06,0.005529169777306845
0.256411,900,3.5482842770607714,1.0,1.0,1e-06,0.005529169777306845
0.256411,925,3.5482842770607714,1.0,1.0,1e-06,0.005529169777306845
0.256411,950,3.5482842770607714,1.0,1.0,1e-06,0.005529169777306845
0.256411,975,3.5482842770607714,1.0,1.0,1e-06,0.005529169777306845
0.256411,1000,3.5482842770607714,1.0,1.0,1e-06,0.005529169777306845
0.256411,1025,3.5482842770607714,1.0,1.0,1e-06,0.005529169777306845
0.256411,1050,3.5482842770607714,1.0,1.0,1e-06,0.005529169777306845
0.256411,1075,3.5482842770607714,1.0,1.0,1e-06,0.005529169777306845
0.256411,1100,3.5482842770607714,1.0,1.0,1e-06,0.005529169777306845
0.256411,1125,3.5482842770607714,1.0,1.0,1e-06,0.005529169777306845
0.256411,1150,3.5482842770607714,1.0,1.0,1e-06,0.005529169777306845
0.256411,1175,3.5482842770607714,1.0,1.0,1e-06,0.005529169777306845
0.256411,1200,3.5482842770607714,1.0,1.0,1e-06,0.005529169777306845
0.256411,1225,3.5482842770607714,1.0,1.0,1e-06,0.005529169777306845
0.256411,1250,3.5482842770607714,1.0,1.0,1e-06,0.005529169777306845
0.256411,1275,3.5482842770607714,1.0,1.0,1e-06,0.005529169777306845
0.256411,1300,3.5482842770607714,1.0,1.0,1e-06,0.005529169777306845
0.256411,1325,3.5482842770607714,1.0,1.0,1e-06,0.005529169777306845
0.256411,1350,3.5482842770607714,1.0,1.0,1e-06,0.005529169777306845
0.256411,1375,3.5482842770607714,1.0,1.0,1e-06,0.005529169777306845
0.256411,1400,3.5482842770607714,1.0,1.0,1e-06,0.005529169777306845
0.256411,1425,3.5482842770607714,1.0,1.0,1e-06,0.005529169777306845
0.256411,1450,3.5482842770607714,1.0,1.0,1e-06,0.005529169777306845
0.256411,1475,3.5482842770607714,1.0,1.0,1e-06,0.005529169777306845
0.256411,1500,3.5482842770607714,1.0,1.0,1e-06,0.005529169777306845
0.256411,1525,3.5482842770607714,1.0,1.0,1e-06,0.005529169777306845
0.28205199999999997,-100,3.5714465712366987,3.6387877364524437,3.9216828321400667,-25.925925925925927,0.0025974449440358855
0.28205199999999997,-75,3.5714465712366987,3.6272127071144538,2.953861981479775,-20.677033870358425,0.0026970084890995225
0.28205199999999997,-50,3.5714465712366987,3.631037669324639,1.967166907465789,-13.770168352260523,0.004327550438274608
0.28205199999999997,-25,3.5714465712366987,3.60889605784977,0.9896180200757748,-6.927326140530424,0.005406052184256473
0.28205199999999997,0,3.5714465712366987,3.5714465712366987,0.0,0.0,0.0033777580062712836
0.28205199999999997,25,3.5714465712366987,3.5331952335638928,1.0108211789434873,7.075748252604412,0.005405977757720021
0.28205199999999997,50,3.5714465712366987,3.5115678144733504,2.0340934648668894,14.238654254068225,0.004205366300417045
0.28205199999999997,75,3.5714465712366987,3.5158291952064937,3.047442045504845,21.332094318533915,0.0026072159254369536
0.28205199999999997,100,3.5714465712366987,3.4929820329205286,4.089833314650586,28.6288332025541,0.0027407522255978637
0.28205199999999997,125,3.5714465712366987,3.4047288108175753,5.24480622374586,36.713643566221016,0.004541030097391772
0.28205199999999997,150,3.5714465712366987,3.2327369462629902,6.628615870939522,46.40031109657666,0.0072997274580492615
0.28205199999999997,175,3.5714465712366987,3.077173479397292,8.124338834772685,56.87037184340879,0.008691223141645285
0.28205199999999997,200,3.5714465712366987,3.1069462675205646,9.195984130819687,64.37188891573781,0.007215887424465058
0.28205199999999997,225,3.5714465712366987,1.0,8.604322975222955,1e-06,-0.002726489026027531
0.28205199999999997,250,3.5714465712366987,1.0,7.425122075782108,1e-06,-0.023827971066332554
0.28205199999999997,275,3.5714465712366987,1.0,7.074352538904551,1e-06,-0.0400200736043676
0.28205199999999997,300,3.5714465712366987,1.0,7.585067855364039,1e-06,-0.039151216469827395
0.28205199999999997,325,3.5714465712366987,1.0,7.156703036485877,1e-06,-0.05820673145043228
0.28205199999999997,350,3.5714465712366987,1.0,4.699945246824704,1e-06,-0.21480418124816078
0.28205199999999997,375,3.5714465712366987,1.0,5.000104778964016,1e-06,-0.20407042701105946
0.28205199999999997,400,3.5714465712366987,1.0,4.808697544170204,1e-06,-0.24692706684985508
0.28205199999999997,425,3.5714465712366987,1.0,4.532705202242003,1e-06,-0.3095996156941659
0.28205199999999997,450,3.5714465712366987,1.0,4.2675515042963825,1e-06,-0.38471018556032216
0.28205199999999997,475,3.5714465712366987,1.0,4.011374181633423,1e-06,-0.47524637272832576
0.28205199999999997,500,3.5714465712366987,1.0,3.758525041057886,1e-06,-0.5865891056637468
0.28205199999999997,525,3.5714465712366987,1.0,3.5015040648228477,1e-06,-0.7281736208334395
0.28205199999999997,550,3.5714465712366987,1.0,3.226945992894745,1e-06,-0.9198035639136755
0.28205199999999997,575,3.5714465712366987,1.0,2.8963728013393557,1e-06,-1.2226696003110324
0.28205199999999997,600,3.5714465712366987,1.0,1.0,1e-06,0.005406193616646512
0.28205199999999997,625,3.5714465712366987,1.0,1.0,1e-06,0.005406193616646512
0.28205199999999997,650,3.5714465712366987,1.0,1.0,1e-06,0.005406193616646512
0.28205199999999997,675,3.5714465712366987,1.0,1.0,1e-06,0.005406193616646512
0.28205199999999997,700,3.5714465712366987,1.0,1.0,1e-06,0.005406193616646512
0.28205199999999997,725,3.5714465712366987,1.0,1.0,1e-06,0.005406193616646512
0.28205199999999997,750,3.5714465712366987,1.0,1.0,1e-06,0.005406193616646512
0.28205199999999997,775,3.5714465712366987,1.0,1.0,1e-06,0.005406193616646512
0.28205199999999997,800,3.5714465712366987,1.0,1.0,1e-06,0.005406193616646512
0.28205199999999997,825,3.5714465712366987,1.0,1.0,1e-06,0.005406193616646512
0.28205199999999997,850,3.5714465712366987,1.0,1.0,1e-06,0.005406193616646512
0.28205199999999997,875,3.5714465712366987,1.0,1.0,1e-06,0.005406193616646512
0.28205199999999997,900,3.5714465712366987,1.0,1.0,1e-06,0.005406193616646512
0.28205199999999997,925,3.5714465712366987,1.0,1.0,1e-06,0.005406193616646512
0.28205199999999997,950,3.5714465712366987,1.0,1.0,1e-06,0.005406193616646512
0.28205199999999997,975,3.5714465712366987,1.0,1.0,1e-06,0.005406193616646512
0.28205199999999997,1000,3.5714465712366987,1.0,1.0,1e-06,0.005406193616646512
0.28205199999999997,1025,3.5714465712366987,1.0,1.0,1e-06,0.005406193616646512
0.28205199999999997,1050,3.5714465712366987,1.0,1.0,1e-06,0.005406193616646512
0.28205199999999997,1075,3.5714465712366987,1.0,1.0,1e-06,0.005406193616646512
0.28205199999999997,1100,3.5714465712366987,1.0,1.0,1e-06,0.005406193616646512
0.28205199999999997,1125,3.5714465712366987,1.0,1.0,1e-06,0.005406193616646512
0.28205199999999997,1150,3.5714465712366987,1.0,1.0,1e-06,0.005406193616646512
0.28205199999999997,1175,3.5714465712366987,1.0,1.0,1e-06,0.005406193616646512
0.28205199999999997,1200,3.5714465712366987,1.0,1.0,1e-06,0.005406193616646512
0.28205199999999997,1225,3.5714465712366987,1.0,1.0,1e-06,0.005406193616646512
0.28205199999999997,1250,3.5714465712366987,1.0,1.0,1e-06,0.005406193616646512
0.28205199999999997,1275,3.5714465712366987,1.0,1.0,1e-06,0.005406193616646512
0.28205199999999997,1300,3.5714465712366987,1.0,1.0,1e-06,0.005406193616646512
0.28205199999999997,1325,3.5714465712366987,1.0,1.0,1e-06,0.005406193616646512
0.28205199999999997,1350,3.5714465712366987,1.0,1.0,1e-06,0.005406193616646512
0.28205199999999997,1375,3.5714465712366987,1.0,1.0,1e-06,0.005406193616646512
0.28205199999999997,1400,3.5714465712366987,1.0,1.0,1e-06,0.005406193616646512
0.28205199999999997,1425,3.5714465712366987,1.0,1.0,1e-06,0.005406193616646512
0.28205199999999997,1450,3.5714465712366987,1.0,1.0,1e-06,0.005406193616646512
0.28205199999999997,1475,3.5714465712366987,1.0,1.0,1e-06,0.005406193616646512
0.28205199999999997,1500,3.5714465712366987,1.0,1.0,1e-06,0.005406193616646512
0.28205199999999997,1525,3.5714465712366987,1.0,1.0,1e-06,0.005406193616646512
0.307693,-100,3.591066731110778,3.6563261921332084,3.9033667146189557,-25.925925925925927,0.0025171506394366105
0.307693,-75,3.591066731110778,3.6457162066288777,2.938869924873551,-20.572089474114858,0.0026564863810680612
0.307693,-50,3.591066731110778,3.6497966984932906,1.9570561685821772,-13.69939318007524,0.004287048821106267
0.307693,-25,3.591066731110778,3.6278386222879613,0.9844507827573089,-6.891155479301163,0.005336099481086266
0.307693,0,3.591066731110778,3.591066731110778,0.0,0.0,0.003293296535922378
0.307693,25,3.591066731110778,3.5535217735277067,1.0050391693204945,7.035274185243462,0.005336672970304683
0.307693,50,3.591066731110778,3.5320532637767705,2.022295987467467,14.15607191227227,0.0041687741980772726
0.307693,75,3.591066731110778,3.536654100003375,3.0294977714319034,21.206484400023324,0.002565848731972899
0.307693,100,3.591066731110778,3.515816755372076,4.063270437484003,28.442893062388023,0.0026456512554347057
0.307693,125,3.591066731110778,3.4320849723875755,5.203001382777621,36.421009679443344,0.004365111239981196
0.307693,150,3.591066731110778,3.2673323974859207,6.55843018759274,45.90901131314918,0.007051651176206742
0.307693,175,3.591066731110778,3.108961440456401,8.041270526767919,56.288893687375435,0.008564838622197046
0.307693,200,3.591066731110778,3.1273265780083346,9.13605530434386,63.95238713040701,0.007251334530434621
0.307693,225,3.591066731110778,1.0,8.91499096375703,1e-06,-0.00023102745168572002
0.307693,250,3.591066731110778,1.0,7.553479932065984,1e-06,-0.021506131505775496
0.307693,275,3.591066731110778,1.0,6.923094554516675,1e-06,-0.04299320144543376
0.307693,300,3.591066731110778,1.0,7.44722326773033,1e-06,-0.041505686345514395
0.307693,325,3.591066731110778,1.0,7.161773622862927,1e-06,-0.05768253372305308
0.307693,350,3.591066731110778,1.0,4.939045353044203,1e-06,-0.18894186528166287
0.307693,375,3.591066731110778,1.0,5.060929275071154,1e-06,-0.19742924484386587
0.307693,400,3.591066731110778,1.0,4.875534553414973,1e-06,-0.238193949940845
0.307693,425,3.591066731110778,1.0,4.6006095483428355,1e-06,-0.29828166369009096
0.307693,450,3.591066731110778,1.0,4.335982937100424,1e-06,-0.37015936154512247
0.307693,475,3.591066731110778,1.0,4.0815400170405045,1e-06,-0.456211224934229
0.307693,500,3.591066731110778,1.0,3.832136065486561,1e-06,-0.5609812472426565
0.307693,525,3.591066731110778,1.0,3.5814121508382497,1e-06,-0.6920810935349713
0.307693,550,3.591066731110778,1.0,3.3192804493344035,1e-06,-0.8642215785356526
0.307693,575,3.591066731110778,1.0,3.022323763123154,1e-06,-1.1149246083272484
0.307693,600,3.591066731110778,1.0,2.5973531781642274,1e-06,-1.6175566396648529
0.307693,625,3.591066731110778,1.0,1.0,1e-06,0.005336657187893488
0.307693,650,3.591066731110778,1.0,1.0,1e-06,0.005336657187893488
0.307693,675,3.591066731110778,1.0,1.0,1e-06,0.005336657187893488
0.307693,700,3.591066731110778,1.0,1.0,1e-06,0.005336657187893488
0.307693,725,3.591066731110778,1.0,1.0,1e-06,0.005336657187893488
0.307693,750,3.591066731110778,1.0,1.0,1e-06,0.005336657187893488
0.307693,775,3.591066731110778,1.0,1.0,1e-06,0.005336657187893488
0.307693,800,3.591066731110778,1.0,1.0,1e-06,0.005336657187893488
0.307693,825,3.591066731110778,1.0,1.0,1e-06,0.005336657187893488
0.307693,850,3.591066731110778,1.0,1.0,1e-06,0.005336657187893488
0.307693,875,3.591066731110778,1.0,1.0,1e-06,0.005336657187893488
0.307693,900,3.591066731110778,1.0,1.0,1e-06,0.005336657187893488
0.307693,925,3.591066731110778,1.0,1.0,1e-06,0.005336657187893488
0.307693,950,3.591066731110778,1.0,1.0,1e-06,0.005336657187893488
0.307693,975,3.591066731110778,1.0,1.0,1e-06,0.005336657187893488
0.307693,1000,3.591066731110778,1.0,1.0,1e-06,0.005336657187893488
0.307693,1025,3.591066731110778,1.0,1.0,1e-06,0.005336657187893488
0.307693,1050,3.591066731110778,1.0,1.0,1e-06,0.005336657187893488
0.307693,1075,3.591066731110778,1.0,1.0,1e-06,0.005336657187893488
0.307693,1100,3.591066731110778,1.0,1.0,1e-06,0.005336657187893488
0.307693,1125,3.591066731110778,1.0,1.0,1e-06,0.005336657187893488
0.307693,1150,3.591066731110778,1.0,1.0,1e-06,0.005336657187893488
0.307693,1175,3.591066731110778,1.0,1.0,1e-06,0.005336657187893488
0.307693,1200,3.591066731110778,1.0,1.0,1e-06,0.005336657187893488
0.307693,1225,3.591066731110778,1.0,1.0,1e-06,0.005336657187893488
0.307693,1250,3.591066731110778,1.0,1.0,1e-06,0.005336657187893488
0.307693,1275,3.591066731110778,1.0,1.0,1e-06,0.005336657187893488
0.307693,1300,3.591066731110778,1.0,1.0,1e-06,0.005336657187893488
0.307693,1325,3.591066731110778,1.0,1.0,1e-06,0.005336657187893488
0.307693,1350,3.591066731110778,1.0,1.0,1e-06,0.005336657187893488
0.307693,1375,3.591066731110778,1.0,1.0,1e-06,0.005336657187893488
0.307693,1400,3.591066731110778,1.0,1.0,1e-06,0.005336657187893488
0.307693,1425,3.591066731110778,1.0,1.0,1e-06,0.005336657187893488
0.307693,1450,3.591066731110778,1.0,1.0,1e-06,0.005336657187893488
0.307693,1475,3.591066731110778,1.0,1.0,1e-06,0.005336657187893488
0.307693,1500,3.591066731110778,1.0,1.0,1e-06,0.005336657187893488
0.307693,1525,3.591066731110778,1.0,1.0,1e-06,0.005336657187893488
0.33333399999999996,-100,3.613614042150888,3.6779094939950343,3.8809473122522222,-25.925925925925927,0.002479967428274202
0.33333399999999996,-75,3.613614042150888,3.6680547227741735,2.9209721566483107,-20.446805096538174,0.0026625519422837775
0.33333399999999996,-50,3.613614042150888,3.6720728244214906,1.9451839558716983,-13.616287691101888,0.004293298114493048
0.33333399999999996,-25,3.613614042150888,3.6499917652996405,0.9784757887352062,-6.8493305211464435,0.005311135597331872
0.33333399999999996,0,3.613614042150888,3.613614042150888,0.0,0.0,0.0032525528280532828
0.33333399999999996,25,3.613614042150888,3.576480008621375,0.9985875952946416,6.990113167062491,0.005312365142311241
0.33333399999999996,50,3.613614042150888,3.5548521737084275,2.0093260686577916,14.065282480604541,0.004177795115277006
0.33333399999999996,75,3.613614042150888,3.559472664996923,3.010076694687863,21.07053686281504,0.0025695300269977213
0.33333399999999996,100,3.613614042150888,3.540275478320228,4.035198496048248,28.24638947233774,0.002596387191449088
0.33333399999999996,125,3.613614042150888,3.4604080320959425,5.160415387871737,36.12290771510216,0.004241242462076047
0.33333399999999996,150,3.613614042150888,3.301776885410133,6.490011945767699,45.43008362037389,0.006864111440924285
0.33333399999999996,175,3.613614042150888,3.1406824384864658,7.960053424582403,55.72037397207682,0.008487588469909102
0.33333399999999996,200,3.613614042150888,3.1478016732836567,9.076629196153913,63.53640437307739,0.007331424770782478
0.33333399999999996,225,3.613614042150888,1.0,9.556734166239949,1e-06,0.0037406908314711667
0.33333399999999996,250,3.613614042150888,1.0,7.673930855403287,1e-06,-0.019367265532675666
0.33333399999999996,275,3.613614042150888,1.0,6.949605584926266,1e-06,-0.041920724852443254
0.33333399999999996,300,3.613614042150888,1.0,7.291991835309447,1e-06,-0.04434757107108127
0.33333399999999996,325,3.613614042150888,1.0,7.144237031779862,1e-06,-0.057691464935405765
0.33333399999999996,350,3.613614042150888,1.0,5.170110244782199,1e-06,-0.16737304378216017
0.33333399999999996,375,3.613614042150888,1.0,5.113556612182023,1e-06,-0.19172397558813722
0.33333399999999996,400,3.613614042150888,1.0,4.93262542215344,1e-06,-0.2308553242761529
0.33333399999999996,425,3.613614042150888,1.0,4.658657440099772,1e-06,-0.2888311394595256
0.33333399999999996,450,3.613614042150888,1.0,4.39392761096654,1e-06,-0.3581880670384383
0.33333399999999996,475,3.613614042150888,1.0,4.1402648056610225,1e-06,-0.440825904795352
0.33333399999999996,500,3.613614042150888,1.0,3.892847207907367,1e-06,-0.5407374034511419
0.33333399999999996,525,3.613614042150888,1.0,3.6459716855677278,1e-06,-0.6644136666776547
0.33333399999999996,550,3.613614042150888,1.0,3.39128869667804,1e-06,-0.8237488459567235
0.33333399999999996,575,3.613614042150888,1.0,3.1118544273999365,1e-06,-1.0459147164801061
0.33333399999999996,600,3.613614042150888,1.0,2.750627420498361,1e-06,-1.430744090498035
0.33333399999999996,625,3.613614042150888,1.0,1.0,1e-06,0.005312402876800552
0.33333399999999996,650,3.613614042150888,1.0,1.0,1e-06,0.005312402876800552
0.33333399999999996,675,3.613614042150888,1.0,1.0,1e-06,0.005312402876800552
0.33333399999999996,700,3.613614042150888,1.0,1.0,1e-06,0.005312402876800552
0.33333399999999996,725,3.613614042150888,1.0,1.0,1e-06,0.005312402876800552
0.33333399999999996,750,3.613614042150888,1.0,1.0,1e-06,0.005312402876800552
0.33333399999999996,775,3.613614042150888,1.0,1.0,1e-06,0.005312402876800552
0.33333399999999996,800,3.613614042150888,1.0,1.0,1e-06,0.005312402876800552
0.33333399999999996,825,3.613614042150888,1.0,1.0,1e-06,0.005312402876800552
0.33333399999999996,850,3.613614042150888,1.0,1.0,1e-06,0.005312402876800552
0.33333399999999996,875,3.613614042150888,1.0,1.0,1e-06,0.005312402876800552
0.33333399999999996,900,3.613614042150888,1.0,1.0,1e-06,0.005312402876800552
0.33333399999999996,925,3.613614042150888,1.0,1.0,1e-06,0.005312402876800552
0.33333399999999996,950,3.613614042150888,1.0,1.0,1e-06,0.005312402876800552
0.33333399999999996,975,3.613614042150888,1.0,1.0,1e-06,0.005312402876800552
0.33333399999999996,1000,3.613614042150888,1.0,1.0,1e-06,0.005312402876800552
0.33333399999999996,1025,3.613614042150888,1.0,1.0,1e-06,0.005312402876800552
0.33333399999999996,1050,3.613614042150888,1.0,1.0,1e-06,0.005312402876800552
0.33333399999999996,1075,3.613614042150888,1.0,1.0,1e-06,0.005312402876800552
0.33333399999999996,1100,3.613614042150888,1.0,1.0,1e-06,0.005312402876800552
0.33333399999999996,1125,3.613614042150888,1.0,1.0,1e-06,0.005312402876800552
0.33333399999999996,1150,3.613614042150888,1.0,1.0,1e-06,0.005312402876800552
0.33333399999999996,1175,3.613614042150888,1.0,1.0,1e-06,0.005312402876800552
0.33333399999999996,1200,3.613614042150888,1.0,1.0,1e-06,0.005312402876800552
0.33333399999999996,1225,3.613614042150888,1.0,1.0,1e-06,0.005312402876800552
0.33333399999999996,1250,3.613614042150888,1.0,1.0,1e-06,0.005312402876800552
0.33333399999999996,1275,3.613614042150888,1.0,1.0,1e-06,0.005312402876800552
0.33333399999999996,1300,3.613614042150888,1.0,1.0,1e-06,0.005312402876800552
0.33333399999999996,1325,3.613614042150888,1.0,1.0,1e-06,0.005312402876800552
0.33333399999999996,1350,3.613614042150888,1.0,1.0,1e-06,0.005312402876800552
0.33333399999999996,1375,3.613614042150888,1.0,1.0,1e-06,0.005312402876800552
0.33333399999999996,1400,3.613614042150888,1.0,1.0,1e-06,0.005312402876800552
0.33333399999999996,1425,3.613614042150888,1.0,1.0,1e-06,0.005312402876800552
0.33333399999999996,1450,3.613614042150888,1.0,1.0,1e-06,0.005312402876800552
0.33333399999999996,1475,3.613614042150888,1.0,1.0,1e-06,0.005312402876800552
0.33333399999999996,1500,3.613614042150888,1.0,1.0,1e-06,0.005312402876800552
0.33333399999999996,1525,3.613614042150888,1.0,1.0,1e-06,0.005312402876800552
0.358975,-100,3.640431233914334,3.7045737610084926,3.853537726556189,-25.925925925925927,0.0024740689022032555
0.358975,-75,3.640431233914334,3.695334984020935,2.8994085138737296,-20.295859597116106,0.002705169980304859
0.358975,-50,3.640431233914334,3.6990538452905954,1.9309957198787424,-13.516970039151197,0.004336963920646714
0.358975,-25,3.640431233914334,3.6766166098396615,0.9713899898810271,-6.7997299291671895,0.005321590166414054
0.358975,0,3.640431233914334,3.640431233914334,0.0,0.0,0.003246081657550256
0.358975,25,3.640431233914334,3.6034983680738613,0.9911003715363285,6.9377026007542995,0.0053235008713774425
0.358975,50,3.640431233914334,3.5814678623022136,1.9943937562699805,13.960756293889863,0.004223508409635837
0.358975,75,3.640431233914334,3.5858757572422597,2.9879132573532354,20.91539280147265,0.002608388816309161
0.358975,100,3.640431233914334,3.568133711084136,4.003693651203939,28.025855558427573,0.002579672284383044
0.358975,125,3.640431233914334,3.49180220401013,5.114019011911661,35.79813308338163,0.004151865393595102
0.358975,150,3.640431233914334,3.338664723016139,6.4183058816438825,44.92814117150718,0.00671664803015646
0.358975,175,3.640431233914334,3.1746631437473174,7.874851241851891,55.123958692963235,0.008449467367924604
0.358975,200,3.640431233914334,3.1699356712261677,9.013251855794543,63.0927629905618,0.00745720333659423
0.358975,225,3.640431233914334,1.0,9.74394480379838,1e-06,0.005009400609463048
0.358975,250,3.640431233914334,1.0,7.793969819222894,1e-06,-0.01726363808123387
0.358975,275,3.640431233914334,1.0,7.024094501695738,1e-06,-0.039711517861612554
0.358975,300,3.640431233914334,1.0,7.1258915347493765,1e-06,-0.047590111455543635
0.358975,325,3.640431233914334,1.0,7.123237326440112,1e-06,-0.05770795021645782
0.358975,350,3.640431233914334,1.0,5.394149895408944,1e-06,-0.14907340245499998
0.358975,375,3.640431233914334,1.0,5.159460367995389,1e-06,-0.18669489646490095
0.358975,400,3.640431233914334,1.0,4.984487238779829,1e-06,-0.22423020840632632
0.358975,425,3.640431233914334,1.0,4.711939764826144,1e-06,-0.2802839810644812
0.358975,450,3.640431233914334,1.0,4.446774458853857,1e-06,-0.34748382885092166
0.358975,475,3.640431233914334,1.0,4.193367385671382,1e-06,-0.42725927944869435
0.358975,500,3.640431233914334,1.0,3.9471584510400497,1e-06,-0.5231890094765426
0.358975,525,3.640431233914334,1.0,3.7028754973825717,1e-06,-0.640972825759622
0.358975,550,3.640431233914334,1.0,3.4532639066463178,1e-06,-0.7906544934943025
0.358975,575,3.640431233914334,1.0,3.184947815016131,1e-06,-0.9935362309582656
0.358975,600,3.640431233914334,1.0,2.858624135116433,1e-06,-1.3165186248263607
0.358975,625,3.640431233914334,1.0,1.0,1e-06,0.005323953320467245
0.358975,650,3.640431233914334,1.0,1.0,1e-06,0.005323953320467245
0.358975,675,3.640431233914334,1.0,1.0,1e-06,0.005323953320467245
0.358975,700,3.640431233914334,1.0,1.0,1e-06,0.005323953320467245
0.358975,725,3.640431233914334,1.0,1.0,1e-06,0.005323953320467245
0.358975,750,3.640431233914334,1.0,1.0,1e-06,0.005323953320467245
0.358975,775,3.640431233914334,1.0,1.0,1e-06,0.005323953320467245
0.358975,800,3.640431233914334,1.0,1.0,1e-06,0.005323953320467245
0.358975,825,3.640431233914334,1.0,1.0,1e-06,0.005323953320467245
0.358975,850,3.640431233914334,1.0,1.0,1e-06,0.005323953320467245
0.358975,875,3.640431233914334,1.0,1.0,1e-06,0.005323953320467245
0.358975,900,3.640431233914334,1.0,1.0,1e-06,0.005323953320467245
0.358975,925,3.640431233914334,1.0,1.0,1e-06,0.005323953320467245
0.358975,950,3.640431233914334,1.0,1.0,1e-06,0.005323953320467245
0.358975,975,3.640431233914334,1.0,1.0,1e-06,0.005323953320467245
0.358975,1000,3.640431233914334,1.0,1.0,1e-06,0.005323953320467245
0.358975,1025,3.640431233914334,1.0,1.0,1e-06,0.005323953320467245
0.358975,1050,3.640431233914334,1.0,1.0,1e-06,0.005323953320467245
0.358975,1075,3.640431233914334,1.0,1.0,1e-06,0.005323953320467245
0.358975,1100,3.640431233914334,1.0,1.0,1e-06,0.005323953320467245
0.358975,1125,3.640431233914334,1.0,1.0,1e-06,0.005323953320467245
0.358975,1150,3.640431233914334,1.0,1.0,1e-06,0.005323953320467245
0.358975,1175,3.640431233914334,1.0,1.0,1e-06,0.005323953320467245
0.358975,1200,3.640431233914334,1.0,1.0,1e-06,0.005323953320467245
0.358975,1225,3.640431233914334,1.0,1.0,1e-06,0.005323953320467245
0.358975,1250,3.640431233914334,1.0,1.0,1e-06,0.005323953320467245
0.358975,1275,3.640431233914334,1.0,1.0,1e-06,0.005323953320467245
0.358975,1300,3.640431233914334,1.0,1.0,1e-06,0.005323953320467245
0.358975,1325,3.640431233914334,1.0,1.0,1e-06,0.005323953320467245
0.358975,1350,3.640431233914334,1.0,1.0,1e-06,0.005323953320467245
0.358975,1375,3.640431233914334,1.0,1.0,1e-06,0.005323953320467245
0.358975,1400,3.640431233914334,1.0,1.0,1e-06,0.005323953320467245
0.358975,1425,3.640431233914334,1.0,1.0,1e-06,0.005323953320467245
0.358975,1450,3.640431233914334,1.0,1.0,1e-06,0.005323953320467245
0.358975,1475,3.640431233914334,1.0,1.0,1e-06,0.005323953320467245
0.358975,1500,3.640431233914334,1.0,1.0,1e-06,0.005323953320467245
0.358975,1525,3.640431233914334,1.0,1.0,1e-06,0.005323953320467245
0.38461599999999996,-100,3.6702051049181197,3.734749156180332,3.8229527751635364,-25.925925925925927,0.002489556262971056
0.38461599999999996,-75,3.6702051049181197,3.726002548698184,2.8755443868467396,-20.128810707927176,0.002772018903138191
0.38461599999999996,-50,3.6702051049181197,3.7292798724258276,1.9153448888808755,-13.407414222166128,0.004406126828694597
0.38461599999999996,-25,3.6702051049181197,3.7063447625401755,0.9635985857346061,-6.745190100142243,0.00535784122990003
0.38461599999999996,0,3.6702051049181197,3.6702051049181197,0.0,0.0,0.0032649177193428626
0.38461599999999996,25,3.6702051049181197,3.6333213402161073,0.9829652367649198,6.880756657354438,0.0053604227759732614
0.38461599999999996,50,3.6702051049181197,3.6107413451730372,1.9782245417290736,13.847571792103516,0.004294165117020101
0.38461599999999996,75,3.6702051049181197,3.614795399255387,2.964008894249656,20.74806225974759,0.002670596654716566
0.38461599999999996,100,3.6702051049181197,3.598357194434856,3.9700656476817415,27.79045953377219,0.002585344455925652
0.38461599999999996,125,3.6702051049181197,3.5252227283717836,5.065536061998171,35.45875243398719,0.004088761352115996
0.38461599999999996,150,3.6702051049181197,3.376950637524645,6.345538839228901,44.41877187460231,0.006602039070808963
0.38461599999999996,175,3.6702051049181197,3.2100654860277222,7.788003113586353,54.51602179510447,0.00844044748202294
0.38461599999999996,200,3.6702051049181197,3.193252879556681,8.947436876779749,62.632058137458245,0.007615145335231909
0.38461599999999996,225,3.6702051049181197,1.0,9.710803450458894,1e-06,0.005298885390120617
0.38461599999999996,250,3.6702051049181197,1.0,7.9114027869349925,1e-06,-0.01524155717571117
0.38461599999999996,275,3.6702051049181197,1.0,7.104243929436875,1e-06,-0.037395930198305
0.38461599999999996,300,3.6702051049181197,1.0,6.981850951116414,1e-06,-0.0505015270300837
0.38461599999999996,325,3.6702051049181197,1.0,7.105970874820305,1e-06,-0.057567998382852766
0.38461599999999996,350,3.6702051049181197,1.0,5.610122571872169,1e-06,-0.13348972766009176
0.38461599999999996,375,3.6702051049181197,1.0,5.197631372934539,1e-06,-0.1824096693374877
0.38461599999999996,400,3.6702051049181197,1.0,5.0306433518296485,1e-06,-0.21834046400647197
0.38461599999999996,425,3.6702051049181197,1.0,4.760482959648146,1e-06,-0.27258947657835114
0.38461599999999996,450,3.6702051049181197,1.0,4.49477731531843,1e-06,-0.3379194388539234
0.38461599999999996,475,3.6702051049181197,1.0,4.241338721628161,1e-06,-0.4152592703652181
0.38461599999999996,500,3.6702051049181197,1.0,3.9958706428592103,1e-06,-0.5078596918247008
0.38461599999999996,525,3.6702051049181197,1.0,3.753397804006217,1e-06,-0.6208351750397985
0.38461599999999996,550,3.6702051049181197,1.0,3.5074018355392367,1e-06,-0.7629334526836176
0.38461599999999996,575,3.6702051049181197,1.0,3.2467068706695996,1e-06,-0.9517404708771467
0.38461599999999996,600,3.6702051049181197,1.0,2.9422882305201066,1e-06,-1.2362409435316395
0.38461599999999996,625,3.6702051049181197,1.0,2.4686550250456705,1e-06,-1.8805816614799897
0.38461599999999996,650,3.6702051049181197,1.0,1.0,1e-06,0.00536168536588809
0.38461599999999996,675,3.6702051049181197,1.0,1.0,1e-06,0.00536168536588809
0.38461599999999996,700,3.6702051049181197,1.0,1.0,1e-06,0.00536168536588809
0.38461599999999996,725,3.6702051049181197,1.0,1.0,1e-06,0.00536168536588809
0.38461599999999996,750,3.6702051049181197,1.0,1.0,1e-06,0.00536168536588809
0.38461599999999996,775,3.6702051049181197,1.0,1.0,1e-06,0.00536168536588809
0.38461599999999996,800,3.6702051049181197,1.0,1.0,1e-06,0.00536168536588809
0.38461599999999996,825,3.6702051049181197,1.0,1.0,1e-06,0.00536168536588809
0.38461599999999996,850,3.6702051049181197,1.0,1.0,1e-06,0.00536168536588809
0.38461599999999996,875,3.6702051049181197,1.0,1.0,1e-06,0.00536168536588809
0.38461599999999996,900,3.6702051049181197,1.0,1.0,1e-06,0.00536168536588809
0.38461599999999996,925,3.6702051049181197,1.0,1.0,1e-06,0.00536168536588809
0.38461599999999996,950,3.6702051049181197,1.0,1.0,1e-06,0.00536168536588809
0.38461599999999996,975,3.6702051049181197,1.0,1.0,1e-06,0.00536168536588809
0.38461599999999996,1000,3.6702051049181197,1.0,1.0,1e-06,0.00536168536588809
0.38461599999999996,1025,3.6702051049181197,1.0,1.0,1e-06,0.00536168536588809
0.38461599999999996,1050,3.6702051049181197,1.0,1.0,1e-06,0.00536168536588809
0.38461599999999996,1075,3.6702051049181197,1.0,1.0,1e-06,0.00536168536588809
0.38461599999999996,1100,3.6702051049181197,1.0,1.0,1e-06,0.00536168536588809
0.38461599999999996,1125,3.6702051049181197,1.0,1.0,1e-06,0.00536168536588809
0.38461599999999996,1150,3.6702051049181197,1.0,1.0,1e-06,0.00536168536588809
0.38461599999999996,1175,3.6702051049181197,1.0,1.0,1e-06,0.00536168536588809
0.38461599999999996,1200,3.6702051049181197,1.0,1.0,1e-06,0.00536168536588809
0.38461599999999996,1225,3.6702051049181197,1.0,1.0,1e-06,0.00536168536588809
0.38461599999999996,1250,3.6702051049181197,1.0,1.0,1e-06,0.00536168536588809
0.38461599999999996,1275,3.6702051049181197,1.0,1.0,1e-06,0.00536168536588809
0.38461599999999996,1300,3.6702051049181197,1.0,1.0,1e-06,0.00536168536588809
0.38461599999999996,1325,3.6702051049181197,1.0,1.0,1e-06,0.00536168536588809
0.38461599999999996,1350,3.6702051049181197,1.0,1.0,1e-06,0.00536168536588809
0.38461599999999996,1375,3.6702051049181197,1.0,1.0,1e-06,0.00536168536588809
0.38461599999999996,1400,3.6702051049181197,1.0,1.0,1e-06,0.00536168536588809
0.38461599999999996,1425,3.6702051049181197,1.0,1.0,1e-06,0.00536168536588809
0.38461599999999996,1450,3.6702051049181197,1.0,1.0,1e-06,0.00536168536588809
0.38461599999999996,1475,3.6702051049181197,1.0,1.0,1e-06,0.00536168536588809
0.38461599999999996,1500,3.6702051049181197,1.0,1.0,1e-06,0.00536168536588809
0.38461599999999996,1525,3.6702051049181197,1.0,1.0,1e-06,0.00536168536588809
0.410257,-100,3.6984933293429294,3.763778362617911,3.7939740259941543,-25.925925925925927,0.002518136997749299
0.410257,-75,3.6984933293429294,3.7553692399403276,2.853057856557385,-19.971404995901697,0.0028478672686808866
0.410257,-50,3.6984933293429294,3.7581800034597963,1.900616025917176,-13.304312181420233,0.004486265302780602
0.410257,-25,3.6984933293429294,3.734711163300113,0.9562797269368353,-6.693958088557847,0.005410525951617738
0.410257,0,3.6984933293429294,3.6984933293429294,0.0,0.0,0.0033007836391836486
0.410257,25,3.6984933293429294,3.661530059260541,0.9753923943341409,6.827746760338987,0.0054136849798092634
0.410257,50,3.6984933293429294,3.63836861480787,1.963203264723171,13.742422853062196,0.004375117486772829
0.410257,75,3.6984933293429294,3.642034529993488,2.9418407832352114,20.59288548264648,0.002741665290035201
0.410257,100,3.6984933293429294,3.6266369662057567,3.9391078894395792,27.573755226077054,0.002605969428103754
0.410257,125,3.6984933293429294,3.5560186297057825,5.021667408592937,35.15167186015056,0.004053141489371449
0.410257,150,3.6984933293429294,3.4114436017933034,6.281379360135696,43.96965552094987,0.006528359709637887
0.410257,175,3.6984933293429294,3.241949758884939,7.71140883090017,53.97986181630119,0.008457664675238579
0.410257,200,3.6984933293429294,3.2144552371417006,8.888420109665093,62.21894076765565,0.007779593902261588
0.410257,225,3.6984933293429294,1.0,9.668031892045772,1e-06,0.005523944751128702
0.410257,250,3.6984933293429294,1.0,8.009065719943584,1e-06,-0.013569250191504578
0.410257,275,3.6984933293429294,1.0,7.1699005823728905,1e-06,-0.03548090169609059
0.410257,300,3.6984933293429294,1.0,6.900414077075916,1e-06,-0.052011662923351305
0.410257,325,3.6984933293429294,1.0,7.103951927338663,1e-06,-0.05705283756181086
0.410257,350,3.6984933293429294,1.0,5.792725346420263,1e-06,-0.1216556016324626
0.410257,375,3.6984933293429294,1.0,5.220953322527327,1e-06,-0.17956103629230555
0.410257,400,3.6984933293429294,1.0,5.065021834986068,1e-06,-0.2138861087547097
0.410257,425,3.6984933293429294,1.0,4.798370699759954,1e-06,-0.2665967766842595
0.410257,450,3.6984933293429294,1.0,4.532238689808353,1e-06,-0.3305085010208785
0.410257,475,3.6984933293429294,1.0,4.278635737690187,1e-06,-0.4060384569995115
0.410257,500,3.6984933293429294,1.0,4.033544542455945,1e-06,-0.4962010232892133
0.410257,525,3.6984933293429294,1.0,3.792171349663949,1e-06,-0.6057251150916284
0.410257,550,3.6984933293429294,1.0,3.548442210016977,1e-06,-0.7425399173691225
0.410257,575,3.6984933293429294,1.0,3.2924385237479337,1e-06,-0.9220455697260711
0.410257,600,3.6984933293429294,1.0,3.000577215004352,1e-06,-1.183935967361897
0.410257,625,3.6984933293429294,1.0,2.581472192881275,1e-06,-1.7093588656232583
0.410257,650,3.6984933293429294,1.0,1.0,1e-06,0.005415985617323056
0.410257,675,3.6984933293429294,1.0,1.0,1e-06,0.005415985617323056
0.410257,700,3.6984933293429294,1.0,1.0,1e-06,0.005415985617323056
0.410257,725,3.6984933293429294,1.0,1.0,1e-06,0.005415985617323056
0.410257,750,3.6984933293429294,1.0,1.0,1e-06,0.005415985617323056
0.410257,775,3.6984933293429294,1.0,1.0,1e-06,0.005415985617323056
0.410257,800,3.6984933293429294,1.0,1.0,1e-06,0.005415985617323056
0.410257,825,3.6984933293429294,1.0,1.0,1e-06,0.005415985617323056
0.410257,850,3.6984933293429294,1.0,1.0,1e-06,0.005415985617323056
0.410257,875,3.6984933293429294,1.0,1.0,1e-06,0.005415985617323056
0.410257,900,3.6984933293429294,1.0,1.0,1e-06,0.005415985617323056
0.410257,925,3.6984933293429294,1.0,1.0,1e-06,0.005415985617323056
0.410257,950,3.6984933293429294,1.0,1.0,1e-06,0.005415985617323056
0.410257,975,3.6984933293429294,1.0,1.0,1e-06,0.005415985617323056
0.410257,1000,3.6984933293429294,1.0,1.0,1e-06,0.005415985617323056
0.410257,1025,3.6984933293429294,1.0,1.0,1e-06,0.005415985617323056
0.410257,1050,3.6984933293429294,1.0,1.0,1e-06,0.005415985617323056
0.410257,1075,3.6984933293429294,1.0,1.0,1e-06,0.005415985617323056
0.410257,1100,3.6984933293429294,1.0,1.0,1e-06,0.005415985617323056
0.410257,1125,3.6984933293429294,1.0,1.0,1e-06,0.005415985617323056
0.410257,1150,3.6984933293429294,1.0,1.0,1e-06,0.005415985617323056
0.410257,1175,3.6984933293429294,1.0,1.0,1e-06,0.005415985617323056
0.410257,1200,3.6984933293429294,1.0,1.0,1e-06,0.005415985617323056
0.410257,1225,3.6984933293429294,1.0,1.0,1e-06,0.005415985617323056
0.410257,1250,3.6984933293429294,1.0,1.0,1e-06,0.005415985617323056
0.410257,1275,3.6984933293429294,1.0,1.0,1e-06,0.005415985617323056
0.410257,1300,3.6984933293429294,1.0,1.0,1e-06,0.005415985617323056
0.410257,1325,3.6984933293429294,1.0,1.0,1e-06,0.005415985617323056
0.410257,1350,3.6984933293429294,1.0,1.0,1e-06,0.005415985617323056
0.410257,1375,3.6984933293429294,1.0,1.0,1e-06,0.005415985617323056
0.410257,1400,3.6984933293429294,1.0,1.0,1e-06,0.005415985617323056
0.410257,1425,3.6984933293429294,1.0,1.0,1e-06,0.005415985617323056
0.410257,1450,3.6984933293429294,1.0,1.0,1e-06,0.005415985617323056
0.410257,1475,3.6984933293429294,1.0,1.0,1e-06,0.005415985617323056
0.410257,1500,3.6984933293429294,1.0,1.0,1e-06,0.005415985617323056
0.410257,1525,3.6984933293429294,1.0,1.0,1e-06,0.005415985617323056
0.435898,-100,3.7236308327412426,3.789774248290984,3.7683935267657955,-25.925925925925927,0.0025512460283471736
0.435898,-75,3.7236308327412426,3.781581105397094,2.8332820097377285,-19.8329740681641,0.002921915415039682
0.435898,-50,3.7236308327412426,3.783982319503275,1.887656056436007,-13.213592395052048,0.0045673791772653325
0.435898,-25,3.7236308327412426,3.760011623981312,0.9498450878848445,-6.6489156151939115,0.0054716879180919335
0.435898,0,3.7236308327412426,3.7236308327412426,0.0,0.0,0.003346633698343393
0.435898,25,3.7236308327412426,3.686500086750505,0.9687857011761648,6.781499908233154,0.005475299932638546
0.435898,50,3.7236308327412426,3.662797308175085,1.9501098591818995,13.650769014273296,0.0044564174005545035
0.435898,75,3.7236308327412426,3.6661210512822002,2.9225128042453625,20.45758962971754,0.0028111709394884475
0.435898,100,3.7236308327412426,3.6515254941550195,3.912259221134119,27.385814547938836,0.0026329448211227244
0.435898,125,3.7236308327412426,3.5827300210789357,4.98422787987949,34.88959515915643,0.004038476543495487
0.435898,150,3.7236308327412426,3.440621929104964,6.2281098795838385,43.59676915708687,0.006491510933219563
0.435898,175,3.7236308327412426,3.268597346517574,7.6485407499444635,53.53978524961124,0.008498978546556138
0.435898,200,3.7236308327412426,3.2322691372381724,8.839433648103192,61.87603553672234,0.00794106621797797
0.435898,225,3.7236308327412426,1.0,9.631436443869442,1e-06,0.005730415401452537
0.435898,250,3.7236308327412426,1.0,8.079521392543283,1e-06,-0.01231890271128263
0.435898,275,3.7236308327412426,1.0,7.215812029839896,1e-06,-0.0340672847083769
0.435898,300,3.7236308327412426,1.0,6.873282311697478,1e-06,-0.052204071925260186
0.435898,325,3.7236308327412426,1.0,7.127457417384589,1e-06,-0.05592884435536179
0.435898,350,3.7236308327412426,1.0,5.944619787960792,1e-06,-0.11264293690515713
0.435898,375,3.7236308327412426,1.0,5.224285365164908,1e-06,-0.178580177681173
0.435898,400,3.7236308327412426,1.0,5.0862760931347895,1e-06,-0.21096217722002783
0.435898,425,3.7236308327412426,1.0,4.824617580688026,1e-06,-0.2623638949407144
0.435898,450,3.7236308327412426,1.0,4.5583486376358415,1e-06,-0.32528135491237653
0.435898,475,3.7236308327412426,1.0,4.3046281880087935,1e-06,-0.3995743531285484
0.435898,500,3.7236308327412426,1.0,4.059754885805537,1e-06,-0.48808983272232603
0.435898,525,3.7236308327412426,1.0,3.819040795464319,1e-06,-0.5953180803429389
0.435898,550,3.7236308327412426,1.0,3.576665654103576,1e-06,-0.7286976889826889
0.435898,575,3.7236308327412426,1.0,3.3234056365453455,1e-06,-0.9023806941762628
0.435898,600,3.7236308327412426,1.0,3.0384485535468366,1e-06,-1.1512573985310754
0.435898,625,3.7236308327412426,1.0,2.644393521887792,1e-06,-1.6228687219549436
0.435898,650,3.7236308327412426,1.0,1.0,1e-06,0.00547865489441422
0.435898,675,3.7236308327412426,1.0,1.0,1e-06,0.00547865489441422
0.435898,700,3.7236308327412426,1.0,1.0,1e-06,0.00547865489441422
0.435898,725,3.7236308327412426,1.0,1.0,1e-06,0.00547865489441422
0.435898,750,3.7236308327412426,1.0,1.0,1e-06,0.00547865489441422
0.435898,775,3.7236308327412426,1.0,1.0,1e-06,0.00547865489441422
0.435898,800,3.7236308327412426,1.0,1.0,1e-06,0.00547865489441422
0.435898,825,3.7236308327412426,1.0,1.0,1e-06,0.00547865489441422
0.435898,850,3.7236308327412426,1.0,1.0,1e-06,0.00547865489441422
0.435898,875,3.7236308327412426,1.0,1.0,1e-06,0.00547865489441422
0.435898,900,3.7236308327412426,1.0,1.0,1e-06,0.00547865489441422
0.435898,925,3.7236308327412426,1.0,1.0,1e-06,0.00547865489441422
0.435898,950,3.7236308327412426,1.0,1.0,1e-06,0.00547865489441422
0.435898,975,3.7236308327412426,1.0,1.0,1e-06,0.00547865489441422
0.435898,1000,3.7236308327412426,1.0,1.0,1e-06,0.00547865489441422
0.435898,1025,3.7236308327412426,1.0,1.0,1e-06,0.00547865489441422
0.435898,1050,3.7236308327412426,1.0,1.0,1e-06,0.00547865489441422
0.435898,1075,3.7236308327412426,1.0,1.0,1e-06,0.00547865489441422
0.435898,1100,3.7236308327412426,1.0,1.0,1e-06,0.00547865489441422
0.435898,1125,3.7236308327412426,1.0,1.0,1e-06,0.00547865489441422
0.435898,1150,3.7236308327412426,1.0,1.0,1e-06,0.00547865489441422
0.435898,1175,3.7236308327412426,1.0,1.0,1e-06,0.00547865489441422
0.435898,1200,3.7236308327412426,1.0,1.0,1e-06,0.00547865489441422
0.435898,1225,3.7236308327412426,1.0,1.0,1e-06,0.00547865489441422
0.435898,1250,3.7236308327412426,1.0,1.0,1e-06,0.00547865489441422
0.435898,1275,3.7236308327412426,1.0,1.0,1e-06,0.00547865489441422
0.435898,1300,3.7236308327412426,1.0,1.0,1e-06,0.00547865489441422
0.435898,1325,3.7236308327412426,1.0,1.0,1e-06,0.00547865489441422
0.435898,1350,3.7236308327412426,1.0,1.0,1e-06,0.00547865489441422
0.435898,1375,3.7236308327412426,1.0,1.0,1e-06,0.00547865489441422
0.435898,1400,3.7236308327412426,1.0,1.0,1e-06,0.00547865489441422
0.435898,1425,3.7236308327412426,1.0,1.0,1e-06,0.00547865489441422
0.435898,1450,3.7236308327412426,1.0,1.0,1e-06,0.00547865489441422
0.435898,1475,3.7236308327412426,1.0,1.0,1e-06,0.00547865489441422
0.435898,1500,3.7236308327412426,1.0,1.0,1e-06,0.00547865489441422
0.435898,1525,3.7236308327412426,1.0,1.0,1e-06,0.00547865489441422
0.461539,-100,3.7478410817450802,3.8147583357476473,3.7441373171886467,-25.925925925925927,0.0025810940829561636
0.461539,-75,3.7478410817450802,3.806747539130249,2.8145511632047104,-19.70185814243297,0.0029898934891982947
0.461539,-50,3.7478410817450802,3.8088208190060575,1.8753460670069357,-13.12742246904855,0.004645217856342574
0.461539,-25,3.7478410817450802,3.7844059532804155,0.9437223742692745,-6.606056619884922,0.005535052700770257
0.461539,0,3.7478410817450802,3.7478410817450802,0.0,0.0,0.003397001108560809
0.461539,25,3.7478410817450802,3.710521391692138,0.9625139419557047,6.737597593689933,0.005539020330910536
0.461539,50,3.7478410817450802,3.6863415292956137,1.937654741453646,13.563583190175523,0.004534167084551257
0.461539,75,3.7478410817450802,3.6893996314221584,2.9040729616367584,20.32851073145731,0.002874851537082188
0.461539,100,3.7478410817450802,3.6755414051212547,3.8866966008897434,27.206876206228205,0.0026574045500774787
0.461539,125,3.7478410817450802,3.6082408541689155,4.948988601054984,34.64292020738489,0.004029689955132771
0.461539,150,3.7478410817450802,3.4679262031380444,6.17907365190794,43.25351556335558,0.006471494281130299
0.461539,175,3.7478410817450802,3.293201674864587,7.591396600704079,53.13977620492855,0.008555538606847322
0.461539,200,3.7478410817450802,3.248781139593535,8.794507030105212,61.56154921073649,0.008106682637942907
0.461539,225,3.7478410817450802,1.0,9.59715953160772,1e-06,0.00593383646115723
0.461539,250,3.7478410817450802,1.0,8.133710043701791,1e-06,-0.011294375855002925
0.461539,275,3.7478410817450802,1.0,7.250143122517643,1e-06,-0.03292094933890033
0.461539,300,3.7478410817450802,1.0,6.872728869014985,1e-06,-0.051715476418531636
0.461539,325,3.7478410817450802,1.0,7.173040239285844,1e-06,-0.05426684571849716
0.461539,350,3.7478410817450802,1.0,6.107186304182916,1e-06,-0.10384101979220485
0.461539,375,3.7478410817450802,1.0,5.209262848081691,1e-06,-0.17924219286424367
0.461539,400,3.7478410817450802,1.0,5.099057582326195,1e-06,-0.20896610863927678
0.461539,425,3.7478410817450802,1.0,4.845035510799192,1e-06,-0.25898071698949177
0.461539,450,3.7478410817450802,1.0,4.579049653891632,1e-06,-0.321066439386568
0.461539,475,3.7478410817450802,1.0,4.325417862467541,1e-06,-0.3943518585785713
0.461539,500,3.7478410817450802,1.0,4.080879546311857,1e-06,-0.481527443260565
0.461539,525,3.7478410817450802,1.0,3.8408346189944527,1e-06,-0.5868949372527883
0.461539,550,3.7478410817450802,1.0,3.599658226718136,1e-06,-0.7175136733174073
0.461539,575,3.7478410817450802,1.0,3.348643537185815,1e-06,-0.8865998244383732
0.461539,600,3.7478410817450802,1.0,3.068911784062703,1e-06,-1.1256675994782266
0.461539,625,3.7478410817450802,1.0,2.6926309299851945,1e-06,-1.560419842957567
0.461539,650,3.7478410817450802,1.0,1.0,1e-06,0.005543396061301935
0.461539,675,3.7478410817450802,1.0,1.0,1e-06,0.005543396061301935
0.461539,700,3.7478410817450802,1.0,1.0,1e-06,0.005543396061301935
0.461539,725,3.7478410817450802,1.0,1.0,1e-06,0.005543396061301935
0.461539,750,3.7478410817450802,1.0,1.0,1e-06,0.005543396061301935
0.461539,775,3.7478410817450802,1.0,1.0,1e-06,0.005543396061301935
0.461539,800,3.7478410817450802,1.0,1.0,1e-06,0.005543396061301935
0.461539,825,3.7478410817450802,1.0,1.0,1e-06,0.005543396061301935
0.461539,850,3.7478410817450802,1.0,1.0,1e-06,0.005543396061301935
0.461539,875,3.7478410817450802,1.0,1.0,1e-06,0.005543396061301935
0.461539,900,3.7478410817450802,1.0,1.0,1e-06,0.005543396061301935
0.461539,925,3.7478410817450802,1.0,1.0,1e-06,0.005543396061301935
0.461539,950,3.7478410817450802,1.0,1.0,1e-06,0.005543396061301935
0.461539,975,3.7478410817450802,1.0,1.0,1e-06,0.005543396061301935
0.461539,1000,3.7478410817450802,1.0,1.0,1e-06,0.005543396061301935
0.461539,1025,3.7478410817450802,1.0,1.0,1e-06,0.005543396061301935
0.461539,1050,3.7478410817450802,1.0,1.0,1e-06,0.005543396061301935
0.461539,1075,3.7478410817450802,1.0,1.0,1e-06,0.005543396061301935
0.461539,1100,3.7478410817450802,1.0,1.0,1e-06,0.005543396061301935
0.461539,1125,3.7478410817450802,1.0,1.0,1e-06,0.005543396061301935
0.461539,1150,3.7478410817450802,1.0,1.0,1e-06,0.005543396061301935
0.461539,1175,3.7478410817450802,1.0,1.0,1e-06,0.005543396061301935
0.461539,1200,3.7478410817450802,1.0,1.0,1e-06,0.005543396061301935
0.461539,1225,3.7478410817450802,1.0,1.0,1e-06,0.005543396061301935
0.461539,1250,3.7478410817450802,1.0,1.0,1e-06,0.005543396061301935
0.461539,1275,3.7478410817450802,1.0,1.0,1e-06,0.005543396061301935
0.461539,1300,3.7478410817450802,1.0,1.0,1e-06,0.005543396061301935
0.461539,1325,3.7478410817450802,1.0,1.0,1e-06,0.005543396061301935
0.461539,1350,3.7478410817450802,1.0,1.0,1e-06,0.005543396061301935
0.461539,1375,3.7478410817450802,1.0,1.0,1e-06,0.005543396061301935
0.461539,1400,3.7478410817450802,1.0,1.0,1e-06,0.005543396061301935
0.461539,1425,3.7478410817450802,1.0,1.0,1e-06,0.005543396061301935
0.461539,1450,3.7478410817450802,1.0,1.0,1e-06,0.005543396061301935
0.461539,1475,3.7478410817450802,1.0,1.0,1e-06,0.005543396061301935
0.461539,1500,3.7478410817450802,1.0,1.0,1e-06,0.005543396061301935
0.461539,1525,3.7478410817450802,1.0,1.0,1e-06,0.005543396061301935
0.48718,-100,3.771959245530401,3.8394499112817644,3.720474960469512,-25.925925925925927,0.0026032113932668677
0.48718,-75,3.771959245530401,3.831634083176977,2.796270594138267,-19.573894158967867,0.0030486952244623017
0.48718,-50,3.771959245530401,3.8334760742573963,1.8632846545783746,-13.042992582048623,0.004716465821782511
0.48718,-25,3.771959245530401,3.8086931190080304,0.9377044723305896,-6.563931306314127,0.005596322045950322
0.48718,0,3.771959245530401,3.771959245530401,0.0,0.0,0.0034479405044793446
0.48718,25,3.771959245530401,3.734466887795977,0.9563422782244494,6.694395947571146,0.005600558740184333
0.48718,50,3.771959245530401,3.7098922826019276,1.9253543226455936,13.477480258519154,0.004605234935457677
0.48718,75,3.771959245530401,3.712778114830285,2.885786702816594,20.200506919716158,0.0029296854249907
0.48718,100,3.771959245530401,3.6996705031463337,3.8613477263894667,27.029434084726265,0.002674445279078797
0.48718,125,3.771959245530401,3.6337044010690684,4.914308068617006,34.40015648031905,0.004019017894306109
0.48718,150,3.771959245530401,3.494780949822573,6.131592147330245,42.92114503131172,0.006457849516960034
0.48718,175,3.771959245530401,3.3171519125889493,7.536585799740523,52.756100598183664,0.008620942939006957
0.48718,200,3.771959245530401,3.264903515642766,8.751078993464121,61.257552954248844,0.00827744017568474
0.48718,225,3.771959245530401,1.0,9.563384633844667,1e-06,0.006138377260428785
0.48718,250,3.771959245530401,1.0,8.177054506617475,1e-06,-0.010406525209703569
0.48718,275,3.771959245530401,1.0,7.276952774738914,1e-06,-0.03193428169276719
0.48718,300,3.771959245530401,1.0,6.887199376178141,1e-06,-0.050834783941817833
0.48718,325,3.771959245530401,1.0,7.234620535315633,1e-06,-0.052240774001725096
0.48718,350,3.771959245530401,1.0,6.307113933837944,1e-06,-0.09412493735668513
0.48718,375,3.771959245530401,1.0,5.174862203282189,1e-06,-0.18165516912978355
0.48718,400,3.771959245530401,1.0,5.104599406293784,1e-06,-0.20772378460579985
0.48718,425,3.771959245530401,1.0,4.862319232196329,1e-06,-0.25604281669027695
0.48718,450,3.771959245530401,1.0,4.5971611796004295,1e-06,-0.317333288226313
0.48718,475,3.771959245530401,1.0,4.343891458634332,1e-06,-0.38968746368542273
0.48718,500,3.771959245530401,1.0,4.099923023407988,1e-06,-0.475617662536189
0.48718,525,3.771959245530401,1.0,3.860750242158424,1e-06,-0.5792477713188657
0.48718,550,3.771959245530401,1.0,3.620936320465932,1e-06,-0.7072852018291637
0.48718,575,3.771959245530401,1.0,3.3722520903680335,1e-06,-0.872096200152851
0.48718,600,3.771959245530401,1.0,3.0975056087072472,1e-06,-1.1022729461697207
0.48718,625,3.771959245530401,1.0,2.7373251207330616,1e-06,-1.5054274438780404
0.48718,650,3.771959245530401,1.0,1.0,1e-06,0.00560586795059847
0.48718,675,3.771959245530401,1.0,1.0,1e-06,0.00560586795059847
0.48718,700,3.771959245530401,1.0,1.0,1e-06,0.00560586795059847
0.48718,725,3.771959245530401,1.0,1.0,1e-06,0.00560586795059847
0.48718,750,3.771959245530401,1.0,1.0,1e-06,0.00560586795059847
0.48718,775,3.771959245530401,1.0,1.0,1e-06,0.00560586795059847
0.48718,800,3.771959245530401,1.0,1.0,1e-06,0.00560586795059847
0.48718,825,3.771959245530401,1.0,1.0,1e-06,0.00560586795059847
0.48718,850,3.771959245530401,1.0,1.0,1e-06,0.00560586795059847
0.48718,875,3.771959245530401,1.0,1.0,1e-06,0.00560586795059847
0.48718,900,3.771959245530401,1.0,1.0,1e-06,0.00560586795059847
0.48718,925,3.771959245530401,1.0,1.0,1e-06,0.00560586795059847
0.48718,950,3.771959245530401,1.0,1.0,1e-06,0.00560586795059847
0.48718,975,3.771959245530401,1.0,1.0,1e-06,0.00560586795059847
0.48718,1000,3.771959245530401,1.0,1.0,1e-06,0.00560586795059847
0.48718,1025,3.771959245530401,1.0,1.0,1e-06,0.00560586795059847
0.48718,1050,3.771959245530401,1.0,1.0,1e-06,0.00560586795059847
0.48718,1075,3.771959245530401,1.0,1.0,1e-06,0.00560586795059847
0.48718,1100,3.771959245530401,1.0,1.0,1e-06,0.00560586795059847
0.48718,1125,3.771959245530401,1.0,1.0,1e-06,0.00560586795059847
0.48718,1150,3.771959245530401,1.0,1.0,1e-06,0.00560586795059847
0.48718,1175,3.771959245530401,1.0,1.0,1e-06,0.00560586795059847
0.48718,1200,3.771959245530401,1.0,1.0,1e-06,0.00560586795059847
0.48718,1225,3.771959245530401,1.0,1.0,1e-06,0.00560586795059847
0.48718,1250,3.771959245530401,1.0,1.0,1e-06,0.00560586795059847
0.48718,1275,3.771959245530401,1.0,1.0,1e-06,0.00560586795059847
0.48718,1300,3.771959245530401,1.0,1.0,1e-06,0.00560586795059847
0.48718,1325,3.771959245530401,1.0,1.0,1e-06,0.00560586795059847
0.48718,1350,3.771959245530401,1.0,1.0,1e-06,0.00560586795059847
0.48718,1375,3.771959245530401,1.0,1.0,1e-06,0.00560586795059847
0.48718,1400,3.771959245530401,1.0,1.0,1e-06,0.00560586795059847
0.48718,1425,3.771959245530401,1.0,1.0,1e-06,0.00560586795059847
0.48718,1450,3.771959245530401,1.0,1.0,1e-06,0.00560586795059847
0.48718,1475,3.771959245530401,1.0,1.0,1e-06,0.00560586795059847
0.48718,1500,3.771959245530401,1.0,1.0,1e-06,0.00560586795059847
0.48718,1525,3.771959245530401,1.0,1.0,1e-06,0.00560586795059847
0.5128210000000001,-100,3.7949538820504456,3.8626925909749126,3.6983823975774044,-25.88867678304183,0.0026165380908474505
0.5128210000000001,-75,3.7949538820504456,3.855183641431673,2.779189452647402,-19.454326168531814,0.0030959571079183135
0.5128210000000001,-50,3.7949538820504456,3.8569030466770022,1.8519669943508767,-12.963768960456138,0.004778638435745226
0.5128210000000001,-25,3.7949538820504456,3.83183855514008,0.9320404604828182,-6.524283223379728,0.005653444497543944
0.5128210000000001,0,3.7949538820504456,3.7949538820504456,0.0,0.0,0.0034971857990070956
0.5128210000000001,25,3.7949538820504456,3.757308193853974,0.9505285132772834,6.653699592940984,0.005657858108954968
0.5128210000000001,50,3.7949538820504456,3.7324329560480805,1.9137268443851811,13.396087910696268,0.004667103293077418
0.5128210000000001,75,3.7949538820504456,3.735250185151111,2.8684251879241343,20.07897631546894,0.002973443265299263
0.5128210000000001,100,3.7949538820504456,3.7228792828804655,3.8372757213500504,26.860930049450353,0.002683250320718313
0.5128210000000001,125,3.7949538820504456,3.658030685900288,4.881627408422896,34.17139185896028,0.004006954025030578
0.5128210000000001,150,3.7949538820504456,3.5200136025082926,6.087638812901704,42.61347169031193,0.0064519568257720705
0.5128210000000001,175,3.7949538820504456,3.3392680903462955,7.486670528872509,52.40669370210756,0.008695182991210611
0.5128210000000001,200,3.7949538820504456,3.2797641581524517,8.711427771539329,60.979994400775304,0.008448503955445488
0.5128210000000001,225,3.7949538820504456,1.0,9.531854943591695,1e-06,0.006336685532029757
0.5128210000000001,250,3.7949538820504456,1.0,8.205591784430624,1e-06,-0.009705555450420265
0.5128210000000001,275,3.7949538820504456,1.0,7.2941164581687,1e-06,-0.03115998069728144
0.5128210000000001,300,3.7949538820504456,1.0,6.9170912199010575,1e-06,-0.04958482359418299
0.5128210000000001,325,3.7949538820504456,1.0,7.309250861466195,1e-06,-0.04997727031485252
0.5128210000000001,350,3.7949538820504456,1.0,6.541676182490029,1e-06,-0.08404021481849999
0.5128210000000001,375,3.7949538820504456,1.0,5.114400945650048,1e-06,-0.18657876950973043
0.5128210000000001,400,3.7949538820504456,1.0,5.100155817195647,1e-06,-0.20753387215661956
0.5128210000000001,425,3.7949538820504456,1.0,4.87520430612999,1e-06,-0.2537252392005698
0.5128210000000001,450,3.7949538820504456,1.0,4.611525822429045,1e-06,-0.31428310490775513
0.5128210000000001,475,3.7949538820504456,1.0,4.358887476039752,1e-06,-0.3858318489706738
0.5128210000000001,500,3.7949538820504456,1.0,4.115701699172796,1e-06,-0.47067774044466393
0.5128210000000001,525,3.7949538820504456,1.0,3.877561990458368,1e-06,-0.5727861512103752
0.5128210000000001,550,3.7949538820504456,1.0,3.639202628580012,1e-06,-0.6985569862737914
0.5128210000000001,575,3.7949538820504456,1.0,3.3928107469787103,1e-06,-0.8596287448224018
0.5128210000000001,600,3.7949538820504456,1.0,3.122587854856274,1e-06,-1.0821978775922134
0.5128210000000001,625,3.7949538820504456,1.0,2.7761592931469727,1e-06,-1.4597063971770978
0.5128210000000001,650,3.7949538820504456,1.0,1.0,1e-06,0.00566389648685598
0.5128210000000001,675,3.7949538820504456,1.0,1.0,1e-06,0.00566389648685598
0.5128210000000001,700,3.7949538820504456,1.0,1.0,1e-06,0.00566389648685598
0.5128210000000001,725,3.7949538820504456,1.0,1.0,1e-06,0.00566389648685598
0.5128210000000001,750,3.7949538820504456,1.0,1.0,1e-06,0.00566389648685598
0.5128210000000001,775,3.7949538820504456,1.0,1.0,1e-06,0.00566389648685598
0.5128210000000001,800,3.7949538820504456,1.0,1.0,1e-06,0.00566389648685598
0.5128210000000001,825,3.7949538820504456,1.0,1.0,1e-06,0.00566389648685598
0.5128210000000001,850,3.7949538820504456,1.0,1.0,1e-06,0.00566389648685598
0.5128210000000001,875,3.7949538820504456,1.0,1.0,1e-06,0.00566389648685598
0.5128210000000001,900,3.7949538820504456,1.0,1.0,1e-06,0.00566389648685598
0.5128210000000001,925,3.7949538820504456,1.0,1.0,1e-06,0.00566389648685598
0.5128210000000001,950,3.7949538820504456,1.0,1.0,1e-06,0.00566389648685598
0.5128210000000001,975,3.7949538820504456,1.0,1.0,1e-06,0.00566389648685598
0.5128210000000001,1000,3.7949538820504456,1.0,1.0,1e-06,0.00566389648685598
0.5128210000000001,1025,3.7949538820504456,1.0,1.0,1e-06,0.00566389648685598
0.5128210000000001,1050,3.7949538820504456,1.0,1.0,1e-06,0.00566389648685598
0.5128210000000001,1075,3.7949538820504456,1.0,1.0,1e-06,0.00566389648685598
0.5128210000000001,1100,3.7949538820504456,1.0,1.0,1e-06,0.00566389648685598
0.5128210000000001,1125,3.7949538820504456,1.0,1.0,1e-06,0.00566389648685598
0.5128210000000001,1150,3.7949538820504456,1.0,1.0,1e-06,0.00566389648685598
0.5128210000000001,1175,3.7949538820504456,1.0,1.0,1e-06,0.00566389648685598
0.5128210000000001,1200,3.7949538820504456,1.0,1.0,1e-06,0.00566389648685598
0.5128210000000001,1225,3.7949538820504456,1.0,1.0,1e-06,0.00566389648685598
0.5128210000000001,1250,3.7949538820504456,1.0,1.0,1e-06,0.00566389648685598
0.5128210000000001,1275,3.7949538820504456,1.0,1.0,1e-06,0.00566389648685598
0.5128210000000001,1300,3.7949538820504456,1.0,1.0,1e-06,0.00566389648685598
0.5128210000000001,1325,3.7949538820504456,1.0,1.0,1e-06,0.00566389648685598
0.5128210000000001,1350,3.7949538820504456,1.0,1.0,1e-06,0.00566389648685598
0.5128210000000001,1375,3.7949538820504456,1.0,1.0,1e-06,0.00566389648685598
0.5128210000000001,1400,3.7949538820504456,1.0,1.0,1e-06,0.00566389648685598
0.5128210000000001,1425,3.7949538820504456,1.0,1.0,1e-06,0.00566389648685598
0.5128210000000001,1450,3.7949538820504456,1.0,1.0,1e-06,0.00566389648685598
0.5128210000000001,1475,3.7949538820504456,1.0,1.0,1e-06,0.00566389648685598
0.5128210000000001,1500,3.7949538820504456,1.0,1.0,1e-06,0.00566389648685598
0.5128210000000001,1525,3.7949538820504456,1.0,1.0,1e-06,0.00566389648685598
0.538462,-100,3.8160478287052735,3.883560588412256,3.6785094401101657,-25.74956608077116,0.002621898928129851
0.538462,-75,3.8160478287052735,3.8766354233792093,2.7638105068302243,-19.34667354781157,0.003131680209737632
0.538462,-50,3.8160478287052735,3.878336956131407,1.8417319649249961,-12.892123754474973,0.004831564497239065
0.538462,-25,3.8160478287052735,3.853071819969891,0.9269042307798128,-6.48832961545869,0.005706243896180413
0.538462,0,3.8160478287052735,3.8160478287052735,0.0,0.0,0.003543993196089102
0.538462,25,3.8160478287052735,3.778260952420582,0.9452572536421845,6.6168007754952916,0.0057107471672158796
0.538462,50,3.8160478287052735,3.753173713802748,1.9031512228140208,13.322058559698146,0.004719549506615455
0.538462,75,3.8160478287052735,3.7560212853991213,2.852562565589196,19.967937959124374,0.003006146324624521
0.538462,100,3.8160478287052735,3.74434423077236,3.8152780314131354,26.706946219891947,0.0026848295324572607
0.538462,125,3.8160478287052735,3.680350398156776,4.852022477557088,33.96415734289962,0.003995312740384126
0.538462,150,3.8160478287052735,3.5426889735107414,6.04867421012579,42.34071947088053,0.0064561693473945934
0.538462,175,3.8160478287052735,3.3585682502571417,7.443648047969825,52.10553633578878,0.00877986507038238
0.538462,200,3.8160478287052735,3.2926098347728967,8.677441301938908,60.742089113572355,0.008617385433577696
0.538462,225,3.8160478287052735,1.0,9.504052351885333,1e-06,0.006524011474505388
0.538462,250,3.8160478287052735,1.0,8.216294231392828,1e-06,-0.009227576915956553
0.538462,275,3.8160478287052735,1.0,7.3001162333775635,1e-06,-0.030634956081090358
0.538462,300,3.8160478287052735,1.0,6.967767420905072,1e-06,-0.04786782959322843
0.538462,325,3.8160478287052735,1.0,7.393039031420756,1e-06,-0.04761217927840151
0.538462,350,3.8160478287052735,1.0,6.787714627016454,1e-06,-0.07471906321871301
0.538462,375,3.8160478287052735,1.0,5.019508599113829,1e-06,-0.19514136218575273
0.538462,400,3.8160478287052735,1.0,5.082788392007073,1e-06,-0.20872612776852073
0.538462,425,3.8160478287052735,1.0,4.882583847491086,1e-06,-0.2521738622479931
0.538462,450,3.8160478287052735,1.0,4.621124571380775,1e-06,-0.3120830560073463
0.538462,475,3.8160478287052735,1.0,4.369352718079814,1e-06,-0.3829989595253256
0.538462,500,3.8160478287052735,1.0,4.127110763476488,1e-06,-0.46698575007974436
0.538462,525,3.8160478287052735,1.0,3.8900931581441,1e-06,-0.5678782885053191
0.538462,550,3.8160478287052735,1.0,3.653177842064771,1e-06,-0.6918299717988199
0.538462,575,3.8160478287052735,1.0,3.4088853554137057,1e-06,-0.8499067701021651
0.538462,600,3.8160478287052735,1.0,3.142479348315569,1e-06,-1.0664899372308687
0.538462,625,3.8160478287052735,1.0,2.8068674897178476,1e-06,-1.4247549440002363
0.538462,650,3.8160478287052735,1.0,1.0,1e-06,0.005717228983772554
0.538462,675,3.8160478287052735,1.0,1.0,1e-06,0.005717228983772554
0.538462,700,3.8160478287052735,1.0,1.0,1e-06,0.005717228983772554
0.538462,725,3.8160478287052735,1.0,1.0,1e-06,0.005717228983772554
0.538462,750,3.8160478287052735,1.0,1.0,1e-06,0.005717228983772554
0.538462,775,3.8160478287052735,1.0,1.0,1e-06,0.005717228983772554
0.538462,800,3.8160478287052735,1.0,1.0,1e-06,0.005717228983772554
0.538462,825,3.8160478287052735,1.0,1.0,1e-06,0.005717228983772554
0.538462,850,3.8160478287052735,1.0,1.0,1e-06,0.005717228983772554
0.538462,875,3.8160478287052735,1.0,1.0,1e-06,0.005717228983772554
0.538462,900,3.8160478287052735,1.0,1.0,1e-06,0.005717228983772554
0.538462,925,3.8160478287052735,1.0,1.0,1e-06,0.005717228983772554
0.538462,950,3.8160478287052735,1.0,1.0,1e-06,0.005717228983772554
0.538462,975,3.8160478287052735,1.0,1.0,1e-06,0.005717228983772554
0.538462,1000,3.8160478287052735,1.0,1.0,1e-06,0.005717228983772554
0.538462,1025,3.8160478287052735,1.0,1.0,1e-06,0.005717228983772554
0.538462,1050,3.8160478287052735,1.0,1.0,1e-06,0.005717228983772554
0.538462,1075,3.8160478287052735,1.0,1.0,1e-06,0.005717228983772554
0.538462,1100,3.8160478287052735,1.0,1.0,1e-06,0.005717228983772554
0.538462,1125,3.8160478287052735,1.0,1.0,1e-06,0.005717228983772554
0.538462,1150,3.8160478287052735,1.0,1.0,1e-06,0.005717228983772554
0.538462,1175,3.8160478287052735,1.0,1.0,1e-06,0.005717228983772554
0.538462,1200,3.8160478287052735,1.0,1.0,1e-06,0.005717228983772554
0.538462,1225,3.8160478287052735,1.0,1.0,1e-06,0.005717228983772554
0.538462,1250,3.8160478287052735,1.0,1.0,1e-06,0.005717228983772554
0.538462,1275,3.8160478287052735,1.0,1.0,1e-06,0.005717228983772554
0.538462,1300,3.8160478287052735,1.0,1.0,1e-06,0.005717228983772554
0.538462,1325,3.8160478287052735,1.0,1.0,1e-06,0.005717228983772554
0.538462,1350,3.8160478287052735,1.0,1.0,1e-06,0.005717228983772554
0.538462,1375,3.8160478287052735,1.0,1.0,1e-06,0.005717228983772554
0.538462,1400,3.8160478287052735,1.0,1.0,1e-06,0.005717228983772554
0.538462,1425,3.8160478287052735,1.0,1.0,1e-06,0.005717228983772554
0.538462,1450,3.8160478287052735,1.0,1.0,1e-06,0.005717228983772554
0.538462,1475,3.8160478287052735,1.0,1.0,1e-06,0.005717228983772554
0.538462,1500,3.8160478287052735,1.0,1.0,1e-06,0.005717228983772554
0.538462,1525,3.8160478287052735,1.0,1.0,1e-06,0.005717228983772554
0.564103,-100,3.8348498279618917,3.9020448781580024,3.6610840551013877,-25.627588385709714,0.0026219810145530343
0.564103,-75,3.8348498279618917,3.895654663320248,2.750317120038047,-19.252219840266328,0.003158328538882661
0.564103,-50,3.8348498279618917,3.8974220128628385,1.8327132959385082,-12.828993071569558,0.004877404216517476
0.564103,-25,3.8348498279618917,3.87201616133076,0.9223692315894457,-6.45658462112612,0.005756345738466634
0.564103,0,3.8348498279618917,3.8348498279618917,0.0,0.0,0.0035891170194354595
0.564103,25,3.8348498279618917,3.796918628024538,0.9406123547311077,6.584286483117754,0.005760867185018501
0.564103,50,3.8348498279618917,3.7716860275884425,1.8938101131986749,13.256670792390723,0.004764680466358486
0.564103,75,3.8348498279618917,3.7746421693166994,2.8384904405985685,19.86943308418998,0.003030164896506256
0.564103,100,3.8348498279618917,3.763589112470193,3.7957688416039668,26.57038189122777,0.0026819605297139473
0.564103,125,3.8348498279618917,3.7001613341241404,4.826044392296692,33.78231074607684,0.00398695325639892
0.564103,150,3.8348498279618917,3.5622742235221216,6.015418826286877,42.10793178400814,0.00647326033104503
0.564103,175,3.8348498279618917,3.3744603838760447,7.408591939456691,51.86014357619683,0.008877519658413746
0.564103,200,3.8348498279618917,3.302959779400389,8.650250223941676,60.55175156759173,0.008784057187309813
0.564103,225,3.8348498279618917,1.0,9.480918384133469,1e-06,0.006698891702119284
0.564103,250,3.8348498279618917,1.0,8.208051365992068,1e-06,-0.008985578156774272
0.564103,275,3.8348498279618917,1.0,7.294479553066512,1e-06,-0.030371845774511144
0.564103,300,3.8348498279618917,1.0,7.049382957944699,1e-06,-0.04548948562621973
0.564103,325,3.8348498279618917,1.0,7.481776627903158,1e-06,-0.04526626362631478
0.564103,350,3.8348498279618917,1.0,7.006131778624318,1e-06,-0.06732379941952789
0.564103,375,3.8348498279618917,1.0,4.881788149010846,1e-06,-0.2089070840588135
0.564103,400,3.8348498279618917,1.0,5.049672024718277,1e-06,-0.21164889028508901
0.564103,425,3.8348498279618917,1.0,4.8837600894094715,1e-06,-0.2514755352778658
0.564103,450,3.8348498279618917,1.0,4.625315164116576,1e-06,-0.3108303082207075
0.564103,475,3.8348498279618917,1.0,4.374583989644344,1e-06,-0.3813204787704788
0.564103,500,3.8348498279618917,1.0,4.13337381330337,1e-06,-0.46472195522145626
0.564103,525,3.8348498279618917,1.0,3.897478341244663,1e-06,-0.5647740232236739
0.564103,550,3.8348498279618917,1.0,3.661882703242326,1e-06,-0.6874573148650688
0.564103,575,3.8348498279618917,1.0,3.4193413702619075,1e-06,-0.8434437956260349
0.564103,600,3.8348498279618917,1.0,3.1558277907729173,1e-06,-1.0559052010138552
0.564103,625,3.8348498279618917,1.0,2.8277175114946878,1e-06,-1.4014503042394766
0.564103,650,3.8348498279618917,1.0,1.0,1e-06,0.005767483940253192
0.564103,675,3.8348498279618917,1.0,1.0,1e-06,0.005767483940253192
0.564103,700,3.8348498279618917,1.0,1.0,1e-06,0.005767483940253192
0.564103,725,3.8348498279618917,1.0,1.0,1e-06,0.005767483940253192
0.564103,750,3.8348498279618917,1.0,1.0,1e-06,0.005767483940253192
0.564103,775,3.8348498279618917,1.0,1.0,1e-06,0.005767483940253192
0.564103,800,3.8348498279618917,1.0,1.0,1e-06,0.005767483940253192
0.564103,825,3.8348498279618917,1.0,1.0,1e-06,0.005767483940253192
0.564103,850,3.8348498279618917,1.0,1.0,1e-06,0.005767483940253192
0.564103,875,3.8348498279618917,1.0,1.0,1e-06,0.005767483940253192
0.564103,900,3.8348498279618917,1.0,1.0,1e-06,0.005767483940253192
0.564103,925,3.8348498279618917,1.0,1.0,1e-06,0.005767483940253192
0.564103,950,3.8348498279618917,1.0,1.0,1e-06,0.005767483940253192
0.564103,975,3.8348498279618917,1.0,1.0,1e-06,0.005767483940253192
0.564103,1000,3.8348498279618917,1.0,1.0,1e-06,0.005767483940253192
0.564103,1025,3.8348498279618917,1.0,1.0,1e-06,0.005767483940253192
0.564103,1050,3.8348498279618917,1.0,1.0,1e-06,0.005767483940253192
0.564103,1075,3.8348498279618917,1.0,1.0,1e-06,0.005767483940253192
0.564103,1100,3.8348498279618917,1.0,1.0,1e-06,0.005767483940253192
0.564103,1125,3.8348498279618917,1.0,1.0,1e-06,0.005767483940253192
0.564103,1150,3.8348498279618917,1.0,1.0,1e-06,0.005767483940253192
0.564103,1175,3.8348498279618917,1.0,1.0,1e-06,0.005767483940253192
0.564103,1200,3.8348498279618917,1.0,1.0,1e-06,0.005767483940253192
0.564103,1225,3.8348498279618917,1.0,1.0,1e-06,0.005767483940253192
0.564103,1250,3.8348498279618917,1.0,1.0,1e-06,0.005767483940253192
0.564103,1275,3.8348498279618917,1.0,1.0,1e-06,0.005767483940253192
0.564103,1300,3.8348498279618917,1.0,1.0,1e-06,0.005767483940253192
0.564103,1325,3.8348498279618917,1.0,1.0,1e-06,0.005767483940253192
0.564103,1350,3.8348498279618917,1.0,1.0,1e-06,0.005767483940253192
0.564103,1375,3.8348498279618917,1.0,1.0,1e-06,0.005767483940253192
0.564103,1400,3.8348498279618917,1.0,1.0,1e-06,0.005767483940253192
0.564103,1425,3.8348498279618917,1.0,1.0,1e-06,0.005767483940253192
0.564103,1450,3.8348498279618917,1.0,1.0,1e-06,0.005767483940253192
0.564103,1475,3.8348498279618917,1.0,1.0,1e-06,0.005767483940253192
0.564103,1500,3.8348498279618917,1.0,1.0,1e-06,0.005767483940253192
0.564103,1525,3.8348498279618917,1.0,1.0,1e-06,0.005767483940253192
0.589744,-100,3.851522070796853,3.9184041840766968,3.6457990586492954,-25.520593410545068,0.0026207115251563264
0.589744,-75,3.851522070796853,3.9124851005214674,2.7384860105557087,-19.169402073889962,0.0031802259397360143
0.589744,-50,3.851522070796853,3.9143672644644925,1.8247795008152645,-12.773456505706852,0.004919983376430814
0.589744,-25,3.851522070796853,3.888850306961881,0.9183764582130953,-6.428635207491667,0.005806556906748607
0.589744,0,3.851522070796853,3.851522070796853,0.0,0.0,0.0036345476343350846
0.589744,25,3.851522070796853,3.813426095900075,0.9365406544179048,6.555784580925334,0.005811047392805021
0.589744,50,3.851522070796853,3.7880823883557135,1.8856129330274791,13.199290531192354,0.004806294875563179
0.589744,75,3.851522070796853,3.791191733379797,2.826099672024257,19.7826977041698,0.0030496516865007564
0.589744,100,3.851522070796853,3.780673541767494,3.778616198381311,26.450313388669176,0.002678551591744437
0.589744,125,3.851522070796853,3.7175234751404274,4.803505069048243,33.6245354833377,0.0039851433999088985
0.589744,150,3.851522070796853,3.578841452137836,5.987572155724022,41.913005090068154,0.006505871341676525
0.589744,175,3.851522070796853,3.386945384399053,7.3812822950009735,51.66897606500682,0.008991404935396768
0.589744,200,3.851522070796853,3.3107606475278972,8.629868363562462,60.40907854493724,0.008951658199300175
0.589744,225,3.851522070796853,1.0,9.462556877436752,1e-06,0.006864275104515145
0.589744,250,3.851522070796853,1.0,8.182045046227874,1e-06,-0.008964511585592524
0.589744,275,3.851522070796853,1.0,7.277897847128329,1e-06,-0.03035464328025961
0.589744,300,3.851522070796853,1.0,7.170925176638157,1e-06,-0.04233351072634168
0.589744,325,3.851522070796853,1.0,7.572502689084686,1e-06,-0.043006796969161085
0.589744,350,3.851522070796853,1.0,7.170374135855671,1e-06,-0.0621927053898091
0.589744,375,3.851522070796853,1.0,4.697045755690088,1e-06,-0.22974389762628308
0.589744,400,3.851522070796853,1.0,4.998033133707365,1e-06,-0.21670086779333642
0.589744,425,3.851522070796853,1.0,4.878593460950358,1e-06,-0.2516391825592708
0.589744,450,3.851522070796853,1.0,4.624017465807285,1e-06,-0.31052296475099533
0.589744,475,3.851522070796853,1.0,4.374436400718254,1e-06,-0.3808059653323551
0.589744,500,3.851522070796853,1.0,4.134278061832088,1e-06,-0.46391360904255996
0.589744,525,3.851522070796853,1.0,3.899431297756221,1e-06,-0.5635272957988671
0.589744,550,3.851522070796853,1.0,3.6649474448024675,1e-06,-0.6855331775413167
0.589744,575,3.851522070796853,1.0,3.4237097081101306,1e-06,-0.8403930315192045
0.589744,600,3.851522070796853,1.0,3.162055713489307,1e-06,-1.050655453159311
0.589744,625,3.851522070796853,1.0,2.8380877516558813,1e-06,-1.3896828163690054
0.589744,650,3.851522070796853,1.0,1.0,1e-06,0.005817525469620484
0.589744,675,3.851522070796853,1.0,1.0,1e-06,0.005817525469620484
0.589744,700,3.851522070796853,1.0,1.0,1e-06,0.005817525469620484
0.589744,725,3.851522070796853,1.0,1.0,1e-06,0.005817525469620484
0.589744,750,3.851522070796853,1.0,1.0,1e-06,0.005817525469620484
0.589744,775,3.851522070796853,1.0,1.0,1e-06,0.005817525469620484
0.589744,800,3.851522070796853,1.0,1.0,1e-06,0.005817525469620484
0.589744,825,3.851522070796853,1.0,1.0,1e-06,0.005817525469620484
0.589744,850,3.851522070796853,1.0,1.0,1e-06,0.005817525469620484
0.589744,875,3.851522070796853,1.0,1.0,1e-06,0.005817525469620484
0.589744,900,3.851522070796853,1.0,1.0,1e-06,0.005817525469620484
0.589744,925,3.851522070796853,1.0,1.0,1e-06,0.005817525469620484
0.589744,950,3.851522070796853,1.0,1.0,1e-06,0.005817525469620484
0.589744,975,3.851522070796853,1.0,1.0,1e-06,0.005817525469620484
0.589744,1000,3.851522070796853,1.0,1.0,1e-06,0.005817525469620484
0.589744,1025,3.851522070796853,1.0,1.0,1e-06,0.005817525469620484
0.589744,1050,3.851522070796853,1.0,1.0,1e-06,0.005817525469620484
0.589744,1075,3.851522070796853,1.0,1.0,1e-06,0.005817525469620484
0.589744,1100,3.851522070796853,1.0,1.0,1e-06,0.005817525469620484
0.589744,1125,3.851522070796853,1.0,1.0,1e-06,0.005817525469620484
0.589744,1150,3.851522070796853,1.0,1.0,1e-06,0.005817525469620484
0.589744,1175,3.851522070796853,1.0,1.0,1e-06,0.005817525469620484
0.589744,1200,3.851522070796853,1.0,1.0,1e-06,0.005817525469620484
0.589744,1225,3.851522070796853,1.0,1.0,1e-06,0.005817525469620484
0.589744,1250,3.851522070796853,1.0,1.0,1e-06,0.005817525469620484
0.589744,1275,3.851522070796853,1.0,1.0,1e-06,0.005817525469620484
0.589744,1300,3.851522070796853,1.0,1.0,1e-06,0.005817525469620484
0.589744,1325,3.851522070796853,1.0,1.0,1e-06,0.005817525469620484
0.589744,1350,3.851522070796853,1.0,1.0,1e-06,0.005817525469620484
0.589744,1375,3.851522070796853,1.0,1.0,1e-06,0.005817525469620484
0.589744,1400,3.851522070796853,1.0,1.0,1e-06,0.005817525469620484
0.589744,1425,3.851522070796853,1.0,1.0,1e-06,0.005817525469620484
0.589744,1450,3.851522070796853,1.0,1.0,1e-06,0.005817525469620484
0.589744,1475,3.851522070796853,1.0,1.0,1e-06,0.005817525469620484
0.589744,1500,3.851522070796853,1.0,1.0,1e-06,0.005817525469620484
0.589744,1525,3.851522070796853,1.0,1.0,1e-06,0.005817525469620484
0.6153850000000001,-100,3.8667689384521076,3.9334545023433964,3.6318493774882676,-25.422945642417872,0.0026230463152949845
0.6153850000000001,-75,3.8667689384521076,3.9279342286778935,2.7277151526776082,-19.09400606874326,0.0032033764944650813
0.6153850000000001,-50,3.8667689384521076,3.9299327427265336,1.817552006730151,-12.722864047111056,0.004964590051464727
0.6153850000000001,-25,3.8667689384521076,3.9042959984596335,0.9147432911945268,-6.403203038361688,0.005860670008853496
0.6153850000000001,0,3.8667689384521076,3.8667689384521076,0.0,0.0,0.0036833526859327676
0.6153850000000001,25,3.8667689384521076,3.8284696359732493,0.9328606234382907,6.530024364068034,0.005865108664770589
0.6153850000000001,50,3.8667689384521076,3.8030077886498286,1.87821259903153,13.14748819322071,0.004849682986226707
0.6153850000000001,75,3.8667689384521076,3.806269298738232,2.8149047987323037,19.704333591126126,0.0030703722830353443
0.6153850000000001,100,3.8667689384521076,3.7961868379282686,3.7631747054659135,26.342222938261393,0.0026794284100192817
0.6153850000000001,125,3.8667689384521076,3.7330579214931254,4.7835161502129795,33.484613051490854,0.003993207768397038
0.6153850000000001,150,3.8667689384521076,3.5930808093488187,5.963843443992837,41.74690410794986,0.0065558904295173895
0.6153850000000001,175,3.8667689384521076,3.3966591980624754,7.360173200261161,51.52121240182813,0.00912458613596118
0.6153850000000001,200,3.8667689384521076,3.316420243523774,8.615141168319116,60.30598817823381,0.009125937764286076
0.6153850000000001,225,3.8667689384521076,1.0,9.448214700816093,1e-06,0.007027263889541235
0.6153850000000001,250,3.8667689384521076,1.0,8.14179471413066,1e-06,-0.009119932044408235
0.6153850000000001,275,3.8667689384521076,1.0,7.252285396859182,1e-06,-0.03053702777591027
0.6153850000000001,300,3.8667689384521076,1.0,7.325198396347147,1e-06,-0.0386898752204467
0.6153850000000001,325,3.8667689384521076,1.0,7.663234577639729,1e-06,-0.04086010346867683
0.6153850000000001,350,3.8667689384521076,1.0,7.281965710349654,1e-06,-0.05884417653706406
0.6153850000000001,375,3.8667689384521076,1.0,4.474218439570687,1e-06,-0.25883502743492337
0.6153850000000001,400,3.8667689384521076,1.0,4.925089794378377,1e-06,-0.22437966855898667
0.6153850000000001,425,3.8667689384521076,1.0,4.867510513885704,1e-06,-0.25259631175778163
0.6153850000000001,450,3.8667689384521076,1.0,4.617764041285314,1e-06,-0.31105423480952676
0.6153850000000001,475,3.8667689384521076,1.0,4.369374528114896,1e-06,-0.3813361814031044
0.6153850000000001,500,3.8667689384521076,1.0,4.130225039152832,1e-06,-0.46442790515030324
0.6153850000000001,525,3.8667689384521076,1.0,3.8962945798177486,1e-06,-0.5639896594092376
0.6153850000000001,550,3.8667689384521076,1.0,3.662658526123686,1e-06,-0.6858894666798804
0.6153850000000001,575,3.8667689384521076,1.0,3.4222248935435773,1e-06,-0.8405557321492181
0.6153850000000001,600,3.8667689384521076,1.0,3.161367950595591,1e-06,-1.0504615301445008
0.6153850000000001,625,3.8667689384521076,1.0,2.8382942140896534,1e-06,-1.3886991405302789
0.6153850000000001,650,3.8667689384521076,1.0,1.0,1e-06,0.00587125863876781
0.6153850000000001,675,3.8667689384521076,1.0,1.0,1e-06,0.00587125863876781
0.6153850000000001,700,3.8667689384521076,1.0,1.0,1e-06,0.00587125863876781
0.6153850000000001,725,3.8667689384521076,1.0,1.0,1e-06,0.00587125863876781
0.6153850000000001,750,3.8667689384521076,1.0,1.0,1e-06,0.00587125863876781
0.6153850000000001,775,3.8667689384521076,1.0,1.0,1e-06,0.00587125863876781
0.6153850000000001,800,3.8667689384521076,1.0,1.0,1e-06,0.00587125863876781
0.6153850000000001,825,3.8667689384521076,1.0,1.0,1e-06,0.00587125863876781
0.6153850000000001,850,3.8667689384521076,1.0,1.0,1e-06,0.00587125863876781
0.6153850000000001,875,3.8667689384521076,1.0,1.0,1e-06,0.00587125863876781
0.6153850000000001,900,3.8667689384521076,1.0,1.0,1e-06,0.00587125863876781
0.6153850000000001,925,3.8667689384521076,1.0,1.0,1e-06,0.00587125863876781
0.6153850000000001,950,3.8667689384521076,1.0,1.0,1e-06,0.00587125863876781
0.6153850000000001,975,3.8667689384521076,1.0,1.0,1e-06,0.00587125863876781
0.6153850000000001,1000,3.8667689384521076,1.0,1.0,1e-06,0.00587125863876781
0.6153850000000001,1025,3.8667689384521076,1.0,1.0,1e-06,0.00587125863876781
0.6153850000000001,1050,3.8667689384521076,1.0,1.0,1e-06,0.00587125863876781
0.6153850000000001,1075,3.8667689384521076,1.0,1.0,1e-06,0.00587125863876781
0.6153850000000001,1100,3.8667689384521076,1.0,1.0,1e-06,0.00587125863876781
0.6153850000000001,1125,3.8667689384521076,1.0,1.0,1e-06,0.00587125863876781
0.6153850000000001,1150,3.8667689384521076,1.0,1.0,1e-06,0.00587125863876781
0.6153850000000001,1175,3.8667689384521076,1.0,1.0,1e-06,0.00587125863876781
0.6153850000000001,1200,3.8667689384521076,1.0,1.0,1e-06,0.00587125863876781
0.6153850000000001,1225,3.8667689384521076,1.0,1.0,1e-06,0.00587125863876781
0.6153850000000001,1250,3.8667689384521076,1.0,1.0,1e-06,0.00587125863876781
0.6153850000000001,1275,3.8667689384521076,1.0,1.0,1e-06,0.00587125863876781
0.6153850000000001,1300,3.8667689384521076,1.0,1.0,1e-06,0.00587125863876781
0.6153850000000001,1325,3.8667689384521076,1.0,1.0,1e-06,0.00587125863876781
0.6153850000000001,1350,3.8667689384521076,1.0,1.0,1e-06,0.00587125863876781
0.6153850000000001,1375,3.8667689384521076,1.0,1.0,1e-06,0.00587125863876781
0.6153850000000001,1400,3.8667689384521076,1.0,1.0,1e-06,0.00587125863876781
0.6153850000000001,1425,3.8667689384521076,1.0,1.0,1e-06,0.00587125863876781
0.6153850000000001,1450,3.8667689384521076,1.0,1.0,1e-06,0.00587125863876781
0.6153850000000001,1475,3.8667689384521076,1.0,1.0,1e-06,0.00587125863876781
0.6153850000000001,1500,3.8667689384521076,1.0,1.0,1e-06,0.00587125863876781
0.6153850000000001,1525,3.8667689384521076,1.0,1.0,1e-06,0.00587125863876781
0.6410260000000001,-100,3.8823596117710704,3.9490549713448053,3.617502007283911,-25.322514050987376,0.002633836412902864
0.6410260000000001,-75,3.8823596117710704,3.9438867134888795,2.71668191625301,-19.01677341377107,0.003235412253124607
0.6410260000000001,-50,3.8823596117710704,3.945940490624863,1.810178627839885,-12.671250394879195,0.005017727285973894
0.6410260000000001,-25,3.8823596117710704,3.9201306360873236,0.9110483560295891,-6.377338492207124,0.005922693983141687
0.6410260000000001,0,3.8823596117710704,3.8823596117710704,0.0,0.0,0.0037393419228823176
0.6410260000000001,25,3.8823596117710704,3.8438099799327996,0.9291376499030292,6.503963549321204,0.005927098383307214
0.6410260000000001,50,3.8823596117710704,3.8181737702721454,1.870752242464865,13.095265697254055,0.004901453928680809
0.6410260000000001,75,3.8823596117710704,3.821527059564107,2.8036660600037258,19.62566242002608,0.0030996432581500708
0.6410260000000001,100,3.8823596117710704,3.811817218428997,3.7477437838958148,26.234206487270704,0.002688947095705054
0.6410260000000001,125,3.8823596117710704,3.7486141879304045,4.763665173823001,33.34565621676101,0.0040108799470390775
0.6410260000000001,150,3.8823596117710704,3.60716477870725,5.9405579570587514,41.58390569941126,0.006617820727400238
0.6410260000000001,175,3.8823596117710704,3.4059015916243602,7.340200333878954,51.38140233715268,0.009272966452342123
0.6410260000000001,200,3.8823596117710704,3.3215426720142074,8.601855039273861,60.212985274917024,0.009313886982954206
0.6410260000000001,225,3.8823596117710704,1.0,9.435007227988567,1e-06,0.007201056016958882
0.6410260000000001,250,3.8823596117710704,1.0,8.097510204967541,1e-06,-0.009317982012766908
0.6410260000000001,275,3.8823596117710704,1.0,7.223736298493888,1e-06,-0.030772771592784413
0.6410260000000001,300,3.8823596117710704,1.0,7.4786627401619645,1e-06,-0.03530481143665343
0.6410260000000001,325,3.8823596117710704,1.0,7.750025180108534,1e-06,-0.0388644697477789
0.6410260000000001,350,3.8823596117710704,1.0,7.358709414585775,1e-06,-0.056537672165944707
0.6410260000000001,375,3.8823596117710704,1.0,4.246075991759878,1e-06,-0.293862291509798
0.6410260000000001,400,3.8823596117710704,1.0,4.829353846024236,1e-06,-0.23517025425044047
0.6410260000000001,425,3.8823596117710704,1.0,4.8529642026565485,1e-06,-0.253995089475017
0.6410260000000001,450,3.8823596117710704,1.0,4.609351723929962,1e-06,-0.31192617138202344
0.6410260000000001,475,3.8823596117710704,1.0,4.362119377048478,1e-06,-0.3823057604134206
0.6410260000000001,500,3.8823596117710704,1.0,4.123889087585005,1e-06,-0.46552181649362306
0.6410260000000001,525,3.8823596117710704,1.0,3.8907382147953102,1e-06,-0.5652319885408368
0.6410260000000001,550,3.8823596117710704,1.0,3.657739429032506,1e-06,-0.6873297276284868
0.6410260000000001,575,3.8823596117710704,1.0,3.417762395878044,1e-06,-0.8423115198921547
0.6410260000000001,600,3.8823596117710704,1.0,3.157022865784619,1e-06,-1.0528904029073307
0.6410260000000001,625,3.8823596117710704,1.0,2.8328585782767304,1e-06,-1.393621411165224
0.6410260000000001,650,3.8823596117710704,1.0,1.0,1e-06,0.005932874375719105
0.6410260000000001,675,3.8823596117710704,1.0,1.0,1e-06,0.005932874375719105
0.6410260000000001,700,3.8823596117710704,1.0,1.0,1e-06,0.005932874375719105
0.6410260000000001,725,3.8823596117710704,1.0,1.0,1e-06,0.005932874375719105
0.6410260000000001,750,3.8823596117710704,1.0,1.0,1e-06,0.005932874375719105
0.6410260000000001,775,3.8823596117710704,1.0,1.0,1e-06,0.005932874375719105
0.6410260000000001,800,3.8823596117710704,1.0,1.0,1e-06,0.005932874375719105
0.6410260000000001,825,3.8823596117710704,1.0,1.0,1e-06,0.005932874375719105
0.6410260000000001,850,3.8823596117710704,1.0,1.0,1e-06,0.005932874375719105
0.6410260000000001,875,3.8823596117710704,1.0,1.0,1e-06,0.005932874375719105
0.6410260000000001,900,3.8823596117710704,1.0,1.0,1e-06,0.005932874375719105
0.6410260000000001,925,3.8823596117710704,1.0,1.0,1e-06,0.005932874375719105
0.6410260000000001,950,3.8823596117710704,1.0,1.0,1e-06,0.005932874375719105
0.6410260000000001,975,3.8823596117710704,1.0,1.0,1e-06,0.005932874375719105
0.6410260000000001,1000,3.8823596117710704,1.0,1.0,1e-06,0.005932874375719105
0.6410260000000001,1025,3.8823596117710704,1.0,1.0,1e-06,0.005932874375719105
0.6410260000000001,1050,3.8823596117710704,1.0,1.0,1e-06,0.005932874375719105
0.6410260000000001,1075,3.8823596117710704,1.0,1.0,1e-06,0.005932874375719105
0.6410260000000001,1100,3.8823596117710704,1.0,1.0,1e-06,0.005932874375719105
0.6410260000000001,1125,3.8823596117710704,1.0,1.0,1e-06,0.005932874375719105
0.6410260000000001,1150,3.8823596117710704,1.0,1.0,1e-06,0.005932874375719105
0.6410260000000001,1175,3.8823596117710704,1.0,1.0,1e-06,0.005932874375719105
0.6410260000000001,1200,3.8823596117710704,1.0,1.0,1e-06,0.005932874375719105
0.6410260000000001,1225,3.8823596117710704,1.0,1.0,1e-06,0.005932874375719105
0.6410260000000001,1250,3.8823596117710704,1.0,1.0,1e-06,0.005932874375719105
0.6410260000000001,1275,3.8823596117710704,1.0,1.0,1e-06,0.005932874375719105
0.6410260000000001,1300,3.8823596117710704,1.0,1.0,1e-06,0.005932874375719105
0.6410260000000001,1325,3.8823596117710704,1.0,1.0,1e-06,0.005932874375719105
0.6410260000000001,1350,3.8823596117710704,1.0,1.0,1e-06,0.005932874375719105
0.6410260000000001,1375,3.8823596117710704,1.0,1.0,1e-06,0.005932874375719105
0.6410260000000001,1400,3.8823596117710704,1.0,1.0,1e-06,0.005932874375719105
0.6410260000000001,1425,3.8823596117710704,1.0,1.0,1e-06,0.005932874375719105
0.6410260000000001,1450,3.8823596117710704,1.0,1.0,1e-06,0.005932874375719105
0.6410260000000001,1475,3.8823596117710704,1.0,1.0,1e-06,0.005932874375719105
0.6410260000000001,1500,3.8823596117710704,1.0,1.0,1e-06,0.005932874375719105
0.6410260000000001,1525,3.8823596117710704,1.0,1.0,1e-06,0.005932874375719105
0.666667,-100,3.900707019568485,3.9676945862308344,3.6005075429168145,-25.2035528004177,0.0026578620559097915
0.666667,-75,3.900707019568485,3.962877831649126,2.703662885773867,-18.92564020041707,0.0032850044395999313
0.666667,-50,3.900707019568485,3.9648529137938127,1.8015440416482966,-12.610808291538076,0.0050865807125439946
0.666667,-25,3.900707019568485,3.9387690584177637,0.9067372365475119,-6.3471606558325835,0.005996703236793361
0.666667,0,3.900707019568485,3.900707019568485,0.0,0.0,0.003806867325535094
0.666667,25,3.900707019568485,3.861858267737003,0.924795350794008,6.473567455558056,0.006001134938066916
0.666667,50,3.900707019568485,3.835938340154523,1.862088623293514,13.034620363054598,0.004968973212103921
0.666667,75,3.900707019568485,3.839254025477831,2.7907207085502024,19.535044959851415,0.003145782065869478
0.666667,100,3.900707019568485,3.829918389623728,3.7300309908477645,26.11021693593435,0.002711146756016936
0.666667,125,3.900707019568485,3.7667963779907336,4.740671134091975,33.18469793864382,0.004035312957355916
0.666667,150,3.900707019568485,3.6242152093181055,5.912610093759641,41.38827065631749,0.006680438826408813
0.666667,175,3.900707019568485,3.418114788187977,7.31397321306845,51.19781249147915,0.00942603224426485
0.666667,200,3.900707019568485,3.3285316157604683,8.583793657282378,60.086555600976645,0.009522519606677488
0.666667,225,3.900707019568485,1.0,9.418712896282837,1e-06,0.0074024040209639255
0.666667,250,3.900707019568485,1.0,8.062799453309013,1e-06,-0.009369438227466902
0.666667,275,3.900707019568485,1.0,7.200757477710072,1e-06,-0.03085128227264451
0.666667,300,3.900707019568485,1.0,7.6034213561625,1e-06,-0.03261413862354953
0.666667,325,3.900707019568485,1.0,7.828949180459232,1e-06,-0.03703587270236292
0.666667,350,3.900707019568485,1.0,7.419304296242158,1e-06,-0.05465412949021068
0.666667,375,3.900707019568485,1.0,4.048895817390579,1e-06,-0.3292048686421044
0.666667,400,3.900707019568485,1.0,4.709579441065492,1e-06,-0.24972256493228623
0.666667,425,3.900707019568485,1.0,4.838193744053316,1e-06,-0.25535651566109413
0.666667,450,3.900707019568485,1.0,4.602958057344447,1e-06,-0.3123912648954953
0.666667,475,3.900707019568485,1.0,4.356782792788491,1e-06,-0.38279722560471235
0.666667,500,3.900707019568485,1.0,4.119348356165106,1e-06,-0.4660607968964825
0.666667,525,3.900707019568485,1.0,3.886873473964982,1e-06,-0.5658241170862269
0.666667,550,3.900707019568485,1.0,3.6544284053971126,1e-06,-0.6879960531144366
0.666667,575,3.900707019568485,1.0,3.4148500293096427,1e-06,-0.8431198381646299
0.666667,600,3.900707019568485,1.0,3.1542188950563097,1e-06,-1.0540885286220316
0.666667,625,3.900707019568485,1.0,2.8290945997883483,1e-06,-1.3966665346926024
0.666667,650,3.900707019568485,1.0,1.0,1e-06,0.006006663696552265
0.666667,675,3.900707019568485,1.0,1.0,1e-06,0.006006663696552265
0.666667,700,3.900707019568485,1.0,1.0,1e-06,0.006006663696552265
0.666667,725,3.900707019568485,1.0,1.0,1e-06,0.006006663696552265
0.666667,750,3.900707019568485,1.0,1.0,1e-06,0.006006663696552265
0.666667,775,3.900707019568485,1.0,1.0,1e-06,0.006006663696552265
0.666667,800,3.900707019568485,1.0,1.0,1e-06,0.006006663696552265
0.666667,825,3.900707019568485,1.0,1.0,1e-06,0.006006663696552265
0.666667,850,3.900707019568485,1.0,1.0,1e-06,0.006006663696552265
0.666667,875,3.900707019568485,1.0,1.0,1e-06,0.006006663696552265
0.666667,900,3.900707019568485,1.0,1.0,1e-06,0.006006663696552265
0.666667,925,3.900707019568485,1.0,1.0,1e-06,0.006006663696552265
0.666667,950,3.900707019568485,1.0,1.0,1e-06,0.006006663696552265
0.666667,975,3.900707019568485,1.0,1.0,1e-06,0.006006663696552265
0.666667,1000,3.900707019568485,1.0,1.0,1e-06,0.006006663696552265
0.666667,1025,3.900707019568485,1.0,1.0,1e-06,0.006006663696552265
0.666667,1050,3.900707019568485,1.0,1.0,1e-06,0.006006663696552265
0.666667,1075,3.900707019568485,1.0,1.0,1e-06,0.006006663696552265
0.666667,1100,3.900707019568485,1.0,1.0,1e-06,0.006006663696552265
0.666667,1125,3.900707019568485,1.0,1.0,1e-06,0.006006663696552265
0.666667,1150,3.900707019568485,1.0,1.0,1e-06,0.006006663696552265
0.666667,1175,3.900707019568485,1.0,1.0,1e-06,0.006006663696552265
0.666667,1200,3.900707019568485,1.0,1.0,1e-06,0.006006663696552265
0.666667,1225,3.900707019568485,1.0,1.0,1e-06,0.006006663696552265
0.666667,1250,3.900707019568485,1.0,1.0,1e-06,0.006006663696552265
0.666667,1275,3.900707019568485,1.0,1.0,1e-06,0.006006663696552265
0.666667,1300,3.900707019568485,1.0,1.0,1e-06,0.006006663696552265
0.666667,1325,3.900707019568485,1.0,1.0,1e-06,0.006006663696552265
0.666667,1350,3.900707019568485,1.0,1.0,1e-06,0.006006663696552265
0.666667,1375,3.900707019568485,1.0,1.0,1e-06,0.006006663696552265
0.666667,1400,3.900707019568485,1.0,1.0,1e-06,0.006006663696552265
0.666667,1425,3.900707019568485,1.0,1.0,1e-06,0.006006663696552265
0.666667,1450,3.900707019568485,1.0,1.0,1e-06,0.006006663696552265
0.666667,1475,3.900707019568485,1.0,1.0,1e-06,0.006006663696552265
0.666667,1500,3.900707019568485,1.0,1.0,1e-06,0.006006663696552265
0.666667,1525,3.900707019568485,1.0,1.0,1e-06,0.006006663696552265
0.692308,-100,3.9222237115085026,3.989882873164274,3.580484625701461,-25.063392379910226,0.0026995213030301564
0.692308,-75,3.9222237115085026,3.9854121642537264,2.688375824810578,-18.818630773674045,0.0033577603761491526
0.692308,-50,3.9222237115085026,3.987125817924787,1.7914802464334634,-12.540361725034243,0.005175457282601393
0.692308,-25,3.9222237115085026,3.9606378424601028,0.9017306589208954,-6.312114612446268,0.00608577842928497
0.692308,0,3.9222237115085026,3.9222237115085026,0.0,0.0,0.003890268898882207
0.692308,25,3.9222237115085026,3.883012473691614,0.9197571719446963,6.438300203612874,0.006090309022074714
0.692308,50,3.9222237115085026,3.8566672428070614,1.8520802270870127,12.964561589609088,0.005056589707899071
0.692308,75,3.9222237115085026,3.85976783729483,2.77588864562252,19.43122051935764,0.003214202327200863
0.692308,100,3.9222237115085026,3.8508071235338805,3.7097974080312563,25.968581856218794,0.0027501150571115937
0.692308,125,3.9222237115085026,3.788025995970308,4.714102510420789,32.99871757294552,0.004066755480468075
0.692308,150,3.9222237115085026,3.6449570896181194,5.878963977273181,41.15274784091227,0.0067374995944921275
0.692308,175,3.9222237115085026,3.4344659104095348,7.279152174498926,50.954065221492485,0.009572500230918397
0.692308,200,3.9222237115085026,3.3382456185134552,8.558815568565512,59.91170897995859,0.009747311551242803
0.692308,225,3.9222237115085026,1.0,9.398142248602834,1e-06,0.007632129839138103
0.692308,250,3.9222237115085026,1.0,8.04442167161243,1e-06,-0.009188443690689448
0.692308,275,3.9222237115085026,1.0,7.187692511276767,1e-06,-0.030676811216200375
0.692308,300,3.9222237115085026,1.0,7.694991230687649,1e-06,-0.0305813379090985
0.692308,325,3.9222237115085026,1.0,7.896988395487518,1e-06,-0.03540322355564745
0.692308,350,3.9222237115085026,1.0,7.472910266942267,1e-06,-0.052926597718844635
0.692308,375,3.9222237115085026,1.0,3.8975259779444604,1e-06,-0.36003642938892694
0.692308,400,3.9222237115085026,1.0,4.571199890866364,1e-06,-0.26808846139142833
0.692308,425,3.9222237115085026,1.0,4.823941012889172,1e-06,-0.2565717914215833
0.692308,450,3.9222237115085026,1.0,4.600286987279831,1e-06,-0.3121562931263199
0.692308,475,3.9222237115085026,1.0,4.354974376802065,1e-06,-0.3824625243776972
0.692308,500,3.9222237115085026,1.0,4.118109541570511,1e-06,-0.4656355331096193
0.692308,525,3.9222237115085026,1.0,3.886122872191,1e-06,-0.5652794398441421
0.692308,550,3.9222237115085026,1.0,3.65408464480872,1e-06,-0.6872986538564554
0.692308,575,3.9222237115085026,1.0,3.414813460756421,1e-06,-0.8422395025092684
0.692308,600,3.9222237115085026,1.0,3.1543120704800502,1e-06,-1.0530465578493506
0.692308,625,3.9222237115085026,1.0,2.8286114528649584,1e-06,-1.3960906597749485
0.692308,650,3.9222237115085026,1.0,1.0,1e-06,0.006095770986440868
0.692308,675,3.9222237115085026,1.0,1.0,1e-06,0.006095770986440868
0.692308,700,3.9222237115085026,1.0,1.0,1e-06,0.006095770986440868
0.692308,725,3.9222237115085026,1.0,1.0,1e-06,0.006095770986440868
0.692308,750,3.9222237115085026,1.0,1.0,1e-06,0.006095770986440868
0.692308,775,3.9222237115085026,1.0,1.0,1e-06,0.006095770986440868
0.692308,800,3.9222237115085026,1.0,1.0,1e-06,0.006095770986440868
0.692308,825,3.9222237115085026,1.0,1.0,1e-06,0.006095770986440868
0.692308,850,3.9222237115085026,1.0,1.0,1e-06,0.006095770986440868
0.692308,875,3.9222237115085026,1.0,1.0,1e-06,0.006095770986440868
0.692308,900,3.9222237115085026,1.0,1.0,1e-06,0.006095770986440868
0.692308,925,3.9222237115085026,1.0,1.0,1e-06,0.006095770986440868
0.692308,950,3.9222237115085026,1.0,1.0,1e-06,0.006095770986440868
0.692308,975,3.9222237115085026,1.0,1.0,1e-06,0.006095770986440868
0.692308,1000,3.9222237115085026,1.0,1.0,1e-06,0.006095770986440868
0.692308,1025,3.9222237115085026,1.0,1.0,1e-06,0.006095770986440868
0.692308,1050,3.9222237115085026,1.0,1.0,1e-06,0.006095770986440868
0.692308,1075,3.9222237115085026,1.0,1.0,1e-06,0.006095770986440868
0.692308,1100,3.9222237115085026,1.0,1.0,1e-06,0.006095770986440868
0.692308,1125,3.9222237115085026,1.0,1.0,1e-06,0.006095770986440868
0.692308,1150,3.9222237115085026,1.0,1.0,1e-06,0.006095770986440868
0.692308,1175,3.9222237115085026,1.0,1.0,1e-06,0.006095770986440868
0.692308,1200,3.9222237115085026,1.0,1.0,1e-06,0.006095770986440868
0.692308,1225,3.9222237115085026,1.0,1.0,1e-06,0.006095770986440868
0.692308,1250,3.9222237115085026,1.0,1.0,1e-06,0.006095770986440868
0.692308,1275,3.9222237115085026,1.0,1.0,1e-06,0.006095770986440868
0.692308,1300,3.9222237115085026,1.0,1.0,1e-06,0.006095770986440868
0.692308,1325,3.9222237115085026,1.0,1.0,1e-06,0.006095770986440868
0.692308,1350,3.9222237115085026,1.0,1.0,1e-06,0.006095770986440868
0.692308,1375,3.9222237115085026,1.0,1.0,1e-06,0.006095770986440868
0.692308,1400,3.9222237115085026,1.0,1.0,1e-06,0.006095770986440868
0.692308,1425,3.9222237115085026,1.0,1.0,1e-06,0.006095770986440868
0.692308,1450,3.9222237115085026,1.0,1.0,1e-06,0.006095770986440868
0.692308,1475,3.9222237115085026,1.0,1.0,1e-06,0.006095770986440868
0.692308,1500,3.9222237115085026,1.0,1.0,1e-06,0.006095770986440868
0.692308,1525,3.9222237115085026,1.0,1.0,1e-06,0.006095770986440868
0.7179490000000001,-100,3.9460944778669824,4.0149145259482,3.5581614984295196,-24.907130489006637,0.002763066107177338
0.7179490000000001,-75,3.9460944778669824,4.01074396041983,2.6713960851203624,-18.699772595842536,0.00345723362257468
0.7179490000000001,-50,3.9460944778669824,4.011980451146099,1.7803818412965147,-12.462672889075602,0.00528666473601097
0.7179490000000001,-25,3.9460944778669824,3.9849419137437936,0.8962310238728876,-6.2736171671102126,0.006192191018679111
0.7179490000000001,0,3.9460944778669824,3.9460944778669824,0.0,0.0,0.003993838973582176
0.7179490000000001,25,3.9460944778669824,3.90643634186974,0.9142421017205614,6.39969471204393,0.006196879348417597
0.7179490000000001,50,3.9460944778669824,3.8795063813544575,1.8411767994987425,12.888237596491198,0.005166578906851754
0.7179490000000001,75,3.9460944778669824,3.88217974074856,2.759863383404236,19.31904368382965,0.003308379967685471
0.7179490000000001,100,3.9460944778669824,3.87354969987682,3.688016262233208,25.816113835632457,0.002810058030114237
0.7179490000000001,125,3.9460944778669824,3.8113735326385836,4.685225078104719,32.79657554673303,0.0041077747594845644
0.7179490000000001,150,3.9460944778669824,3.668603474753394,5.841070471649125,40.88749330154388,0.006786696388235431
0.7179490000000001,175,3.9460944778669824,3.454669969277017,7.236581271823174,50.656068902762215,0.00970119709709983
0.7179490000000001,200,3.9460944778669824,3.3506190723969036,8.527208839347313,59.6904618754312,0.009976056253556631
0.7179490000000001,225,3.9460944778669824,1.0,9.373865801191295,1e-06,0.007880697513817888
0.7179490000000001,250,3.9460944778669824,1.0,8.04564742087332,1e-06,-0.00875118897684519
0.7179490000000001,275,3.9460944778669824,1.0,7.1865936428267005,1e-06,-0.030223604958784407
0.7179490000000001,300,3.9460944778669824,1.0,7.754235050334006,1e-06,-0.02912397808060294
0.7179490000000001,325,3.9460944778669824,1.0,7.951035839923407,1e-06,-0.03401563212168305
0.7179490000000001,350,3.9460944778669824,1.0,7.522151642682929,1e-06,-0.05129497047544508
0.7179490000000001,375,3.9460944778669824,1.0,3.7886856633652086,1e-06,-0.38436814881402614
0.7179490000000001,400,3.9460944778669824,1.0,4.431405782110348,1e-06,-0.2884888578251728
0.7179490000000001,425,3.9460944778669824,1.0,4.8100898498288505,1e-06,-0.2576780604916923
0.7179490000000001,450,3.9460944778669824,1.0,4.601575093240981,1e-06,-0.3112063953743693
0.7179490000000001,475,3.9460944778669824,1.0,4.356808280570314,1e-06,-0.38130377090648365
0.7179490000000001,500,3.9460944778669824,1.0,4.120141498787903,1e-06,-0.46428162782034404
0.7179490000000001,525,3.9460944778669824,1.0,3.888300270962802,1e-06,-0.5636888043242779
0.7179490000000001,550,3.9460944778669824,1.0,3.6563441313353024,1e-06,-0.6854221101195991
0.7179490000000001,575,3.9460944778669824,1.0,3.4170599282423173,1e-06,-0.8400266759765792
0.7179490000000001,600,3.9460944778669824,1.0,3.15634778595726,1e-06,-1.050493760818186
0.7179490000000001,625,3.9460944778669824,1.0,2.829535767089299,1e-06,-1.393908825612341
0.7179490000000001,650,3.9460944778669824,1.0,1.0,1e-06,0.006202435086344206
0.7179490000000001,675,3.9460944778669824,1.0,1.0,1e-06,0.006202435086344206
0.7179490000000001,700,3.9460944778669824,1.0,1.0,1e-06,0.006202435086344206
0.7179490000000001,725,3.9460944778669824,1.0,1.0,1e-06,0.006202435086344206
0.7179490000000001,750,3.9460944778669824,1.0,1.0,1e-06,0.006202435086344206
0.7179490000000001,775,3.9460944778669824,1.0,1.0,1e-06,0.006202435086344206
0.7179490000000001,800,3.9460944778669824,1.0,1.0,1e-06,0.006202435086344206
0.7179490000000001,825,3.9460944778669824,1.0,1.0,1e-06,0.006202435086344206
0.7179490000000001,850,3.9460944778669824,1.0,1.0,1e-06,0.006202435086344206
0.7179490000000001,875,3.9460944778669824,1.0,1.0,1e-06,0.006202435086344206
0.7179490000000001,900,3.9460944778669824,1.0,1.0,1e-06,0.006202435086344206
0.7179490000000001,925,3.9460944778669824,1.0,1.0,1e-06,0.006202435086344206
0.7179490000000001,950,3.9460944778669824,1.0,1.0,1e-06,0.006202435086344206
0.7179490000000001,975,3.9460944778669824,1.0,1.0,1e-06,0.006202435086344206
0.7179490000000001,1000,3.9460944778669824,1.0,1.0,1e-06,0.006202435086344206
0.7179490000000001,1025,3.9460944778669824,1.0,1.0,1e-06,0.006202435086344206
0.7179490000000001,1050,3.9460944778669824,1.0,1.0,1e-06,0.006202435086344206
0.7179490000000001,1075,3.9460944778669824,1.0,1.0,1e-06,0.006202435086344206
0.7179490000000001,1100,3.9460944778669824,1.0,1.0,1e-06,0.006202435086344206
0.7179490000000001,1125,3.9460944778669824,1.0,1.0,1e-06,0.006202435086344206
0.7179490000000001,1150,3.9460944778669824,1.0,1.0,1e-06,0.006202435086344206
0.7179490000000001,1175,3.9460944778669824,1.0,1.0,1e-06,0.006202435086344206
0.7179490000000001,1200,3.9460944778669824,1.0,1.0,1e-06,0.006202435086344206
0.7179490000000001,1225,3.9460944778669824,1.0,1.0,1e-06,0.006202435086344206
0.7179490000000001,1250,3.9460944778669824,1.0,1.0,1e-06,0.006202435086344206
0.7179490000000001,1275,3.9460944778669824,1.0,1.0,1e-06,0.006202435086344206
0.7179490000000001,1300,3.9460944778669824,1.0,1.0,1e-06,0.006202435086344206
0.7179490000000001,1325,3.9460944778669824,1.0,1.0,1e-06,0.006202435086344206
0.7179490000000001,1350,3.9460944778669824,1.0,1.0,1e-06,0.006202435086344206
0.7179490000000001,1375,3.9460944778669824,1.0,1.0,1e-06,0.006202435086344206
0.7179490000000001,1400,3.9460944778669824,1.0,1.0,1e-06,0.006202435086344206
0.7179490000000001,1425,3.9460944778669824,1.0,1.0,1e-06,0.006202435086344206
0.7179490000000001,1450,3.9460944778669824,1.0,1.0,1e-06,0.006202435086344206
0.7179490000000001,1475,3.9460944778669824,1.0,1.0,1e-06,0.006202435086344206
0.7179490000000001,1500,3.9460944778669824,1.0,1.0,1e-06,0.006202435086344206
0.7179490000000001,1525,3.9460944778669824,1.0,1.0,1e-06,0.006202435086344206
0.7435900000000001,-100,3.972876114391045,4.043446208877646,3.5330541196143606,-24.731378837300525,0.002853463810119851
0.7435900000000001,-75,3.972876114391045,4.03950231187772,2.652377666125232,-18.566643662876622,0.0035884890503872775
0.7435900000000001,-50,3.972876114391045,4.039987872197453,1.7680392537841834,-12.376274776489284,0.005422613752394844
0.7435900000000001,-25,3.972876114391045,4.012235651430548,0.8901342996030575,-6.230940097221402,0.006316789509347848
0.7435900000000001,0,3.972876114391045,3.972876114391045,0.0,0.0,0.004121558256689025
0.7435900000000001,25,3.972876114391045,3.932689282705174,0.9081390149826196,6.356973104878337,0.006321692891076064
0.7435900000000001,50,3.972876114391045,3.9049945455473027,1.829159313679924,12.804115195759469,0.0053015431215601505
0.7435900000000001,75,3.972876114391045,3.9069676011154524,2.742353356405296,19.196473494837072,0.0034333656800723837
0.7435900000000001,100,3.972876114391045,3.8986041503718476,3.6643151586322804,25.650206110425962,0.002895569871815113
0.7435900000000001,125,3.972876114391045,3.8373989551607703,4.653449658427485,32.5741476089924,0.004159039274227236
0.7435900000000001,150,3.972876114391045,3.696053473185845,5.797689774791294,40.58382842353906,0.006821008563219713
0.7435900000000001,175,3.972876114391045,3.480290303294871,7.183308810857509,50.283161676002564,0.009796237839420878
0.7435900000000001,200,3.972876114391045,3.3669963410584987,8.485731992938977,59.400123950572834,0.010199974899660178
0.7435900000000001,225,3.972876114391045,1.0,9.343933449411711,1e-06,0.008147462474484604
0.7435900000000001,250,3.972876114391045,1.0,8.076594006684397,1e-06,-0.007943106991665134
0.7435900000000001,275,3.972876114391045,1.0,7.203798954698967,1e-06,-0.029361406030190253
0.7435900000000001,300,3.972876114391045,1.0,7.773956704578898,1e-06,-0.028300285427970483
0.7435900000000001,325,3.972876114391045,1.0,7.986613416551345,1e-06,-0.032919779003718966
0.7435900000000001,350,3.972876114391045,1.0,7.572073050092214,1e-06,-0.04962474588086938
0.7435900000000001,375,3.972876114391045,1.0,3.7153035998019335,1e-06,-0.40166874361604055
0.7435900000000001,400,3.972876114391045,1.0,4.308299641146088,1e-06,-0.3080618737564528
0.7435900000000001,425,3.972876114391045,1.0,4.798400292855014,1e-06,-0.2584239324759861
0.7435900000000001,450,3.972876114391045,1.0,4.609196730070443,1e-06,-0.30914573382665594
0.7435900000000001,475,3.972876114391045,1.0,4.364585136384158,1e-06,-0.37883943396935216
0.7435900000000001,500,3.972876114391045,1.0,4.127656660433268,1e-06,-0.4614169833116951
0.7435900000000001,525,3.972876114391045,1.0,3.895568907799206,1e-06,-0.5603350846751602
0.7435900000000001,550,3.972876114391045,1.0,3.663371919268961,1e-06,-0.681455228915364
0.7435900000000001,575,3.972876114391045,1.0,3.4238398524413265,1e-06,-0.8352596293285336
0.7435900000000001,600,3.972876114391045,1.0,3.162854178384141,1e-06,-1.0445999081128685
0.7435900000000001,625,3.972876114391045,1.0,1.0,1e-06,0.006327550053223825
0.7435900000000001,650,3.972876114391045,1.0,1.0,1e-06,0.006327550053223825
0.7435900000000001,675,3.972876114391045,1.0,1.0,1e-06,0.006327550053223825
0.7435900000000001,700,3.972876114391045,1.0,1.0,1e-06,0.006327550053223825
0.7435900000000001,725,3.972876114391045,1.0,1.0,1e-06,0.006327550053223825
0.7435900000000001,750,3.972876114391045,1.0,1.0,1e-06,0.006327550053223825
0.7435900000000001,775,3.972876114391045,1.0,1.0,1e-06,0.006327550053223825
0.7435900000000001,800,3.972876114391045,1.0,1.0,1e-06,0.006327550053223825
0.7435900000000001,825,3.972876114391045,1.0,1.0,1e-06,0.006327550053223825
0.7435900000000001,850,3.972876114391045,1.0,1.0,1e-06,0.006327550053223825
0.7435900000000001,875,3.972876114391045,1.0,1.0,1e-06,0.006327550053223825
0.7435900000000001,900,3.972876114391045,1.0,1.0,1e-06,0.006327550053223825
0.7435900000000001,925,3.972876114391045,1.0,1.0,1e-06,0.006327550053223825
0.7435900000000001,950,3.972876114391045,1.0,1.0,1e-06,0.006327550053223825
0.7435900000000001,975,3.972876114391045,1.0,1.0,1e-06,0.006327550053223825
0.7435900000000001,1000,3.972876114391045,1.0,1.0,1e-06,0.006327550053223825
0.7435900000000001,1025,3.972876114391045,1.0,1.0,1e-06,0.006327550053223825
0.7435900000000001,1050,3.972876114391045,1.0,1.0,1e-06,0.006327550053223825
0.7435900000000001,1075,3.972876114391045,1.0,1.0,1e-06,0.006327550053223825
0.7435900000000001,1100,3.972876114391045,1.0,1.0,1e-06,0.006327550053223825
0.7435900000000001,1125,3.972876114391045,1.0,1.0,1e-06,0.006327550053223825
0.7435900000000001,1150,3.972876114391045,1.0,1.0,1e-06,0.006327550053223825
0.7435900000000001,1175,3.972876114391045,1.0,1.0,1e-06,0.006327550053223825
0.7435900000000001,1200,3.972876114391045,1.0,1.0,1e-06,0.006327550053223825
0.7435900000000001,1225,3.972876114391045,1.0,1.0,1e-06,0.006327550053223825
0.7435900000000001,1250,3.972876114391045,1.0,1.0,1e-06,0.006327550053223825
0.7435900000000001,1275,3.972876114391045,1.0,1.0,1e-06,0.006327550053223825
0.7435900000000001,1300,3.972876114391045,1.0,1.0,1e-06,0.006327550053223825
0.7435900000000001,1325,3.972876114391045,1.0,1.0,1e-06,0.006327550053223825
0.7435900000000001,1350,3.972876114391045,1.0,1.0,1e-06,0.006327550053223825
0.7435900000000001,1375,3.972876114391045,1.0,1.0,1e-06,0.006327550053223825
0.7435900000000001,1400,3.972876114391045,1.0,1.0,1e-06,0.006327550053223825
0.7435900000000001,1425,3.972876114391045,1.0,1.0,1e-06,0.006327550053223825
0.7435900000000001,1450,3.972876114391045,1.0,1.0,1e-06,0.006327550053223825
0.7435900000000001,1475,3.972876114391045,1.0,1.0,1e-06,0.006327550053223825
0.7435900000000001,1500,3.972876114391045,1.0,1.0,1e-06,0.006327550053223825
0.7435900000000001,1525,3.972876114391045,1.0,1.0,1e-06,0.006327550053223825
0.769231,-100,4.003316858600892,4.076338507382925,3.50454562589454,-24.53181938126178,0.002976609588027948
0.769231,-75,4.003316858600892,4.072501449565642,2.630885672349707,-18.41619970644795,0.0037567246265540442
0.769231,-50,4.003316858600892,4.071897953397101,1.7541837306846044,-12.279286114792232,0.005585104390848337
0.769231,-25,4.003316858600892,4.043257343948955,0.883304788099497,-6.183133516696479,0.00645958642817776
0.769231,0,4.003316858600892,4.003316858600892,0.0,0.0,0.004277247317755688
0.769231,25,4.003316858600892,3.9625300577757727,0.9013000581333823,6.309100406933676,0.006464756969201911
0.769231,50,4.003316858600892,3.933874254446584,1.8157309260160912,12.710116482112639,0.005463569452887118
0.769231,75,4.003316858600892,3.9348037583869524,2.7229530040598497,19.06067102841895,0.003594474722940656
0.769231,100,4.003316858600892,3.9266058607917027,3.6381839156206874,25.467287409344813,0.003012138535847403
0.769231,125,4.003316858600892,3.866819574597762,4.618043979722127,32.32630785805489,0.004222482957301847
0.769231,150,4.003316858600892,3.7283312352859963,5.747496688535956,40.232476819751696,0.006834916591063419
0.769231,175,4.003316858600892,3.5130779022022676,7.116266902116825,49.813868314817775,0.009841415111558319
0.769231,200,4.003316858600892,3.389076680578567,8.430446184696828,59.0131232928778,0.010408535318049434
0.769231,225,4.003316858600892,1.0,9.305839595886656,1e-06,0.008431948271545711
0.769231,250,4.003316858600892,1.0,8.150850749544178,1e-06,-0.006631151822960314
0.769231,275,4.003316858600892,1.0,7.246947843294589,1e-06,-0.027946435533988186
0.769231,300,4.003316858600892,1.0,7.740348961056527,1e-06,-0.028303118011438155
0.769231,325,4.003316858600892,1.0,7.997064312008146,1e-06,-0.03219726221339237
0.769231,350,4.003316858600892,1.0,7.626360563080689,1e-06,-0.04782079427748323
0.769231,375,4.003316858600892,1.0,3.67605825943667,1e-06,-0.4107562031283869
0.769231,400,4.003316858600892,1.0,4.215587935400545,1e-06,-0.32369037294981373
0.769231,425,4.003316858600892,1.0,4.791216486702332,1e-06,-0.2584694352588523
0.769231,450,4.003316858600892,1.0,4.6258098460070505,1e-06,-0.3055484629723712
0.769231,475,4.003316858600892,1.0,4.380916498914787,1e-06,-0.37454460379460797
0.769231,500,4.003316858600892,1.0,4.143175821123401,1e-06,-0.456404075313602
0.769231,525,4.003316858600892,1.0,3.910406194055287,1e-06,-0.5544282020773252
0.769231,550,4.003316858600892,1.0,3.6776651292918894,1e-06,-0.6743863471070122
0.769231,575,4.003316858600892,1.0,3.437773808373256,1e-06,-0.8265682923744542
0.769231,600,4.003316858600892,1.0,3.176813283100664,1e-06,-1.03328610861672
0.769231,625,4.003316858600892,1.0,1.0,1e-06,0.006471178311955226
0.769231,650,4.003316858600892,1.0,1.0,1e-06,0.006471178311955226
0.769231,675,4.003316858600892,1.0,1.0,1e-06,0.006471178311955226
0.769231,700,4.003316858600892,1.0,1.0,1e-06,0.006471178311955226
0.769231,725,4.003316858600892,1.0,1.0,1e-06,0.006471178311955226
0.769231,750,4.003316858600892,1.0,1.0,1e-06,0.006471178311955226
0.769231,775,4.003316858600892,1.0,1.0,1e-06,0.006471178311955226
0.769231,800,4.003316858600892,1.0,1.0,1e-06,0.006471178311955226
0.769231,825,4.003316858600892,1.0,1.0,1e-06,0.006471178311955226
0.769231,850,4.003316858600892,1.0,1.0,1e-06,0.006471178311955226
0.769231,875,4.003316858600892,1.0,1.0,1e-06,0.006471178311955226
0.769231,900,4.003316858600892,1.0,1.0,1e-06,0.006471178311955226
0.769231,925,4.003316858600892,1.0,1.0,1e-06,0.006471178311955226
0.769231,950,4.003316858600892,1.0,1.0,1e-06,0.006471178311955226
0.769231,975,4.003316858600892,1.0,1.0,1e-06,0.006471178311955226
0.769231,1000,4.003316858600892,1.0,1.0,1e-06,0.006471178311955226
0.769231,1025,4.003316858600892,1.0,1.0,1e-06,0.006471178311955226
0.769231,1050,4.003316858600892,1.0,1.0,1e-06,0.006471178311955226
0.769231,1075,4.003316858600892,1.0,1.0,1e-06,0.006471178311955226
0.769231,1100,4.003316858600892,1.0,1.0,1e-06,0.006471178311955226
0.769231,1125,4.003316858600892,1.0,1.0,1e-06,0.006471178311955226
0.769231,1150,4.003316858600892,1.0,1.0,1e-06,0.006471178311955226
0.769231,1175,4.003316858600892,1.0,1.0,1e-06,0.006471178311955226
0.769231,1200,4.003316858600892,1.0,1.0,1e-06,0.006471178311955226
0.769231,1225,4.003316858600892,1.0,1.0,1e-06,0.006471178311955226
0.769231,1250,4.003316858600892,1.0,1.0,1e-06,0.006471178311955226
0.769231,1275,4.003316858600892,1.0,1.0,1e-06,0.006471178311955226
0.769231,1300,4.003316858600892,1.0,1.0,1e-06,0.006471178311955226
0.769231,1325,4.003316858600892,1.0,1.0,1e-06,0.006471178311955226
0.769231,1350,4.003316858600892,1.0,1.0,1e-06,0.006471178311955226
0.769231,1375,4.003316858600892,1.0,1.0,1e-06,0.006471178311955226
0.769231,1400,4.003316858600892,1.0,1.0,1e-06,0.006471178311955226
0.769231,1425,4.003316858600892,1.0,1.0,1e-06,0.006471178311955226
0.769231,1450,4.003316858600892,1.0,1.0,1e-06,0.006471178311955226
0.769231,1475,4.003316858600892,1.0,1.0,1e-06,0.006471178311955226
0.769231,1500,4.003316858600892,1.0,1.0,1e-06,0.006471178311955226
0.769231,1525,4.003316858600892,1.0,1.0,1e-06,0.006471178311955226
0.794872,-100,4.032666301036869,4.109091441573295,3.476611433169905,-24.336280032189336,0.0031403789089925996
0.794872,-75,4.032666301036869,4.105036483164858,2.6100342245984938,-18.270239572189457,0.003961096505715708
0.794872,-50,4.032666301036869,4.102995371833202,1.7408884230999624,-12.186218961699737,0.005771197039653665
0.794872,-25,4.032666301036869,4.073300219708807,0.8767899194240857,-6.1375294359686,0.006620565994161385
0.794872,0,4.032666301036869,4.032666301036869,0.0,0.0,0.0044649289210216886
0.794872,25,4.032666301036869,3.9911622070649626,0.8948342327722492,6.263839629405744,0.006625982851965866
0.794872,50,4.032666301036869,3.9613587130573067,1.8031331319006974,12.621931923304881,0.005649498698998803
0.794872,75,4.032666301036869,3.9608777899313217,2.705028097943782,18.935196685606474,0.0037912735894693505
0.794872,100,4.032666301036869,3.9524952782651943,3.6143532831706398,25.300472982194478,0.0031687558895873652
0.794872,125,4.032666301036869,3.894124306325395,4.585663284589222,32.09964299212455,0.00431599799242205
0.794872,150,4.032666301036869,3.7592247841346857,5.7002633944657655,39.90184376126036,0.006852854182333817
0.794872,175,4.032666301036869,3.5467796727519145,7.048647592085335,49.340533144597345,0.009847616094074524
0.794872,200,4.032666301036869,3.412966066049295,8.371436462742695,58.600055239198866,0.010575079365676823
0.794872,225,4.032666301036869,3.4685709519135908,9.266887599668129,64.86821319767691,0.008696021075904708
0.794872,250,4.032666301036869,1.0,8.261252470613313,1e-06,-0.005022441248604256
0.794872,275,4.032666301036869,1.0,7.308655123089683,1e-06,-0.02624218076072349
0.794872,300,4.032666301036869,1.0,7.648926064171726,1e-06,-0.029329255902960833
0.794872,325,4.032666301036869,1.0,7.977133919112574,1e-06,-0.03201186955893784
0.794872,350,4.032666301036869,1.0,7.6685366796752295,1e-06,-0.04633930217364946
0.794872,375,4.032666301036869,1.0,3.676995645263065,1e-06,-0.40936687595951454
0.794872,400,4.032666301036869,1.0,4.175498467392262,1e-06,-0.33024668391281187
0.794872,425,4.032666301036869,1.0,4.792162893113551,1e-06,-0.25746886227873855
0.794872,450,4.032666301036869,1.0,4.645612354548861,1e-06,-0.3015218583520178
0.794872,475,4.032666301036869,1.0,4.399551654430731,1e-06,-0.3698748072227668
0.794872,500,4.032666301036869,1.0,4.160127749794089,1e-06,-0.45112406192744725
0.794872,525,4.032666301036869,1.0,3.9257981943998708,1e-06,-0.5484500260096684
0.794872,550,4.032666301036869,1.0,3.691567746999104,1e-06,-0.6675971582720658
0.794872,575,4.032666301036869,1.0,3.4501858481120258,1e-06,-0.8188202794405001
0.794872,600,4.032666301036869,1.0,3.187596073859076,1e-06,-1.024385012892204
0.794872,625,4.032666301036869,1.0,1.0,1e-06,0.006632964053906118
0.794872,650,4.032666301036869,1.0,1.0,1e-06,0.006632964053906118
0.794872,675,4.032666301036869,1.0,1.0,1e-06,0.006632964053906118
0.794872,700,4.032666301036869,1.0,1.0,1e-06,0.006632964053906118
0.794872,725,4.032666301036869,1.0,1.0,1e-06,0.006632964053906118
0.794872,750,4.032666301036869,1.0,1.0,1e-06,0.006632964053906118
0.794872,775,4.032666301036869,1.0,1.0,1e-06,0.006632964053906118
0.794872,800,4.032666301036869,1.0,1.0,1e-06,0.006632964053906118
0.794872,825,4.032666301036869,1.0,1.0,1e-06,0.006632964053906118
0.794872,850,4.032666301036869,1.0,1.0,1e-06,0.006632964053906118
0.794872,875,4.032666301036869,1.0,1.0,1e-06,0.006632964053906118
0.794872,900,4.032666301036869,1.0,1.0,1e-06,0.006632964053906118
0.794872,925,4.032666301036869,1.0,1.0,1e-06,0.006632964053906118
0.794872,950,4.032666301036869,1.0,1.0,1e-06,0.006632964053906118
0.794872,975,4.032666301036869,1.0,1.0,1e-06,0.006632964053906118
0.794872,1000,4.032666301036869,1.0,1.0,1e-06,0.006632964053906118
0.794872,1025,4.032666301036869,1.0,1.0,1e-06,0.006632964053906118
0.794872,1050,4.032666301036869,1.0,1.0,1e-06,0.006632964053906118
0.794872,1075,4.032666301036869,1.0,1.0,1e-06,0.006632964053906118
0.794872,1100,4.032666301036869,1.0,1.0,1e-06,0.006632964053906118
0.794872,1125,4.032666301036869,1.0,1.0,1e-06,0.006632964053906118
0.794872,1150,4.032666301036869,1.0,1.0,1e-06,0.006632964053906118
0.794872,1175,4.032666301036869,1.0,1.0,1e-06,0.006632964053906118
0.794872,1200,4.032666301036869,1.0,1.0,1e-06,0.006632964053906118
0.794872,1225,4.032666301036869,1.0,1.0,1e-06,0.006632964053906118
0.794872,1250,4.032666301036869,1.0,1.0,1e-06,0.006632964053906118
0.794872,1275,4.032666301036869,1.0,1.0,1e-06,0.006632964053906118
0.794872,1300,4.032666301036869,1.0,1.0,1e-06,0.006632964053906118
0.794872,1325,4.032666301036869,1.0,1.0,1e-06,0.006632964053906118
0.794872,1350,4.032666301036869,1.0,1.0,1e-06,0.006632964053906118
0.794872,1375,4.032666301036869,1.0,1.0,1e-06,0.006632964053906118
0.794872,1400,4.032666301036869,1.0,1.0,1e-06,0.006632964053906118
0.794872,1425,4.032666301036869,1.0,1.0,1e-06,0.006632964053906118
0.794872,1450,4.032666301036869,1.0,1.0,1e-06,0.006632964053906118
0.794872,1475,4.032666301036869,1.0,1.0,1e-06,0.006632964053906118
0.794872,1500,4.032666301036869,1.0,1.0,1e-06,0.006632964053906118
0.794872,1525,4.032666301036869,1.0,1.0,1e-06,0.006632964053906118
0.820513,-100,4.054239414807349,4.134615384615385,3.454570793595437,-24.181995555168058,0.003352436255191366
0.820513,-75,4.054239414807349,4.130477410020195,2.5939581919256476,-18.157707343479533,0.004198657560158448
0.820513,-50,4.054239414807349,4.1266556964187595,1.7309069785143287,-12.116348849600302,0.005976741220503825
0.820513,-25,4.054239414807349,4.095745038501905,0.8719850815554855,-6.103895570888398,0.006799858092676202
0.820513,0,4.054239414807349,4.054239414807349,0.0,0.0,0.004688781835650612
0.820513,25,4.054239414807349,4.011831044075148,0.8902240727966401,6.231568509576481,0.006805408729283694
0.820513,50,4.054239414807349,3.980699873354629,1.7943721883352381,12.560605318346667,0.005854776866948012
0.820513,75,4.054239414807349,3.978431892393268,2.693092656624672,18.851648596372705,0.004021267531406637
0.820513,100,4.054239414807349,3.969216949807407,3.5991265950850724,25.193886165595508,0.0033747260919217864
0.820513,125,4.054239414807349,3.9116687115417346,4.565095915319649,31.955671407237542,0.0044615148731728446
0.820513,150,4.054239414807349,3.7801095713792767,5.668769918950425,39.68138943265298,0.006908272299621069
0.820513,175,4.054239414807349,3.5721153551207148,6.998654162767137,48.990579139369956,0.009841158609598647
0.820513,200,4.054239414807349,3.4321428257671354,8.324661886715752,58.272633207010266,0.010675621725042883
0.820513,225,4.054239414807349,3.4792089735861085,9.238553184612732,64.66987229228913,0.008891782538587202
0.820513,250,4.054239414807349,1.0,8.390673671733829,1e-06,-0.0034423777527233246
0.820513,275,4.054239414807349,1.0,7.376239900271766,1e-06,-0.024630080612751702
0.820513,300,4.054239414807349,1.0,7.493161031019911,1e-06,-0.03174822045526843
0.820513,325,4.054239414807349,1.0,7.923953359908201,1e-06,-0.03254200349362052
0.820513,350,4.054239414807349,1.0,7.676007608725734,1e-06,-0.04577460295797553
0.820513,375,4.054239414807349,1.0,3.7285779790139437,1e-06,-0.39515453319587523
0.820513,400,4.054239414807349,1.0,4.211791320412058,1e-06,-0.3226693915986526
0.820513,425,4.054239414807349,1.0,4.809872457245063,1e-06,-0.2544946578514919
0.820513,450,4.054239414807349,1.0,4.6599793590699425,1e-06,-0.29862300719363405
0.820513,475,4.054239414807349,1.0,4.41094165928898,1e-06,-0.3669311389888856
0.820513,500,4.054239414807349,1.0,4.168527751487768,1e-06,-0.4482899647673832
0.820513,525,4.054239414807349,1.0,3.9311352352338167,1e-06,-0.5459789266021968
0.820513,550,4.054239414807349,1.0,3.6935331952139845,1e-06,-0.6659694514181397
0.820513,575,4.054239414807349,1.0,3.448000085927852,1e-06,-0.8190708459150771
0.820513,600,4.054239414807349,1.0,3.179106619246242,1e-06,-1.02937782705591
0.820513,625,4.054239414807349,1.0,1.0,1e-06,0.0068125132805032995
0.820513,650,4.054239414807349,1.0,1.0,1e-06,0.0068125132805032995
0.820513,675,4.054239414807349,1.0,1.0,1e-06,0.0068125132805032995
0.820513,700,4.054239414807349,1.0,1.0,1e-06,0.0068125132805032995
0.820513,725,4.054239414807349,1.0,1.0,1e-06,0.0068125132805032995
0.820513,750,4.054239414807349,1.0,1.0,1e-06,0.0068125132805032995
0.820513,775,4.054239414807349,1.0,1.0,1e-06,0.0068125132805032995
0.820513,800,4.054239414807349,1.0,1.0,1e-06,0.0068125132805032995
0.820513,825,4.054239414807349,1.0,1.0,1e-06,0.0068125132805032995
0.820513,850,4.054239414807349,1.0,1.0,1e-06,0.0068125132805032995
0.820513,875,4.054239414807349,1.0,1.0,1e-06,0.0068125132805032995
0.820513,900,4.054239414807349,1.0,1.0,1e-06,0.0068125132805032995
0.820513,925,4.054239414807349,1.0,1.0,1e-06,0.0068125132805032995
0.820513,950,4.054239414807349,1.0,1.0,1e-06,0.0068125132805032995
0.820513,975,4.054239414807349,1.0,1.0,1e-06,0.0068125132805032995
0.820513,1000,4.054239414807349,1.0,1.0,1e-06,0.0068125132805032995
0.820513,1025,4.054239414807349,1.0,1.0,1e-06,0.0068125132805032995
0.820513,1050,4.054239414807349,1.0,1.0,1e-06,0.0068125132805032995
0.820513,1075,4.054239414807349,1.0,1.0,1e-06,0.0068125132805032995
0.820513,1100,4.054239414807349,1.0,1.0,1e-06,0.0068125132805032995
0.820513,1125,4.054239414807349,1.0,1.0,1e-06,0.0068125132805032995
0.820513,1150,4.054239414807349,1.0,1.0,1e-06,0.0068125132805032995
0.820513,1175,4.054239414807349,1.0,1.0,1e-06,0.0068125132805032995
0.820513,1200,4.054239414807349,1.0,1.0,1e-06,0.0068125132805032995
0.820513,1225,4.054239414807349,1.0,1.0,1e-06,0.0068125132805032995
0.820513,1250,4.054239414807349,1.0,1.0,1e-06,0.0068125132805032995
0.820513,1275,4.054239414807349,1.0,1.0,1e-06,0.0068125132805032995
0.820513,1300,4.054239414807349,1.0,1.0,1e-06,0.0068125132805032995
0.820513,1325,4.054239414807349,1.0,1.0,1e-06,0.0068125132805032995
0.820513,1350,4.054239414807349,1.0,1.0,1e-06,0.0068125132805032995
0.820513,1375,4.054239414807349,1.0,1.0,1e-06,0.0068125132805032995
0.820513,1400,4.054239414807349,1.0,1.0,1e-06,0.0068125132805032995
0.820513,1425,4.054239414807349,1.0,1.0,1e-06,0.0068125132805032995
0.820513,1450,4.054239414807349,1.0,1.0,1e-06,0.0068125132805032995
0.820513,1475,4.054239414807349,1.0,1.0,1e-06,0.0068125132805032995
0.820513,1500,4.054239414807349,1.0,1.0,1e-06,0.0068125132805032995
0.820513,1525,4.054239414807349,1.0,1.0,1e-06,0.0068125132805032995
0.8461540000000001,-100,4.067993989738147,4.134615384615385,3.438102419104547,-24.06671693373183,0.003620019532372297
0.8461540000000001,-75,4.067993989738147,4.134615384615385,2.5824514093738626,-18.077159865617038,0.0044745875505000175
0.8461540000000001,-50,4.067993989738147,4.134615384615385,1.7241326558824073,-12.068928591176851,0.0062040162081457035
0.8461540000000001,-25,4.067993989738147,4.110557600868352,0.8688428476647854,-6.081899933653498,0.006998407010066802
0.8461540000000001,0,4.067993989738147,4.067993989738147,0.0,0.0,0.0049533602264138195
0.8461540000000001,25,4.067993989738147,4.024485550045945,0.8874248713323837,6.211974099326686,0.007003963473852424
0.8461540000000001,50,4.067993989738147,3.991814028723013,1.78937623132262,12.52563361925834,0.00608192474175567
0.8461540000000001,75,4.067993989738147,3.987300847935451,2.6871024090979674,18.80971686368577,0.004289971103099545
0.8461540000000001,100,4.067993989738147,3.976523583484627,3.5925134066967424,25.147593846877196,0.0036373422765804213
0.8461540000000001,125,4.067993989738147,3.919163370191514,4.556366032853144,31.89456222997201,0.004666332099920573
0.8461540000000001,150,4.067993989738147,3.7907041912920123,5.652926302663511,39.57048411864458,0.00700749067448186
0.8461540000000001,175,4.067993989738147,3.588624892666192,6.9664567202581305,48.765197041806914,0.009830147854441912
0.8461540000000001,200,4.067993989738147,3.446119699435256,8.290898478108815,58.036289346761706,0.010715266211925562
0.8461540000000001,225,4.067993989738147,3.4856142390519826,9.221576152270757,64.5510330658953,0.009022005117898833
0.8461540000000001,250,4.067993989738147,1.0,8.54931524960371,1e-06,-0.001828885196232289
0.8461540000000001,275,4.067993989738147,1.0,7.452924052178832,1e-06,-0.023062613783232377
0.8461540000000001,300,4.067993989738147,1.0,7.241541209708894,1e-06,-0.03650053778992859
0.8461540000000001,325,4.067993989738147,1.0,7.829330066076261,1e-06,-0.03397642065731079
0.8461540000000001,350,4.067993989738147,1.0,7.64292282422623,1e-06,-0.04624270286438621
0.8461540000000001,375,4.067993989738147,1.0,3.8533761017275183,1e-06,-0.36459573993430183
0.8461540000000001,400,4.067993989738147,1.0,4.334865024478194,1e-06,-0.30036063692899845
0.8461540000000001,425,4.067993989738147,1.0,4.844800032945932,1e-06,-0.24957101277176977
0.8461540000000001,450,4.067993989738147,1.0,4.668607132220763,1e-06,-0.2968701453204653
0.8461540000000001,475,4.067993989738147,1.0,4.414456180495545,1e-06,-0.36579754689363325
0.8461540000000001,500,4.067993989738147,1.0,4.167478579998307,1e-06,-0.44807920286186304
0.8461540000000001,525,4.067993989738147,1.0,3.9252063308404717,1e-06,-0.5473518208488748
0.8461540000000001,550,4.067993989738147,1.0,3.6819289304456424,1e-06,-0.6701360093238327
0.8461540000000001,575,4.067993989738147,1.0,3.428889461190695,1e-06,-0.8285946893912775
0.8461540000000001,600,4.067993989738147,1.0,1.0,1e-06,0.0070107008824907896
0.8461540000000001,625,4.067993989738147,1.0,1.0,1e-06,0.0070107008824907896
0.8461540000000001,650,4.067993989738147,1.0,1.0,1e-06,0.0070107008824907896
0.8461540000000001,675,4.067993989738147,1.0,1.0,1e-06,0.0070107008824907896
0.8461540000000001,700,4.067993989738147,1.0,1.0,1e-06,0.0070107008824907896
0.8461540000000001,725,4.067993989738147,1.0,1.0,1e-06,0.0070107008824907896
0.8461540000000001,750,4.067993989738147,1.0,1.0,1e-06,0.0070107008824907896
0.8461540000000001,775,4.067993989738147,1.0,1.0,1e-06,0.0070107008824907896
0.8461540000000001,800,4.067993989738147,1.0,1.0,1e-06,0.0070107008824907896
0.8461540000000001,825,4.067993989738147,1.0,1.0,1e-06,0.0070107008824907896
0.8461540000000001,850,4.067993989738147,1.0,1.0,1e-06,0.0070107008824907896
0.8461540000000001,875,4.067993989738147,1.0,1.0,1e-06,0.0070107008824907896
0.8461540000000001,900,4.067993989738147,1.0,1.0,1e-06,0.0070107008824907896
0.8461540000000001,925,4.067993989738147,1.0,1.0,1e-06,0.0070107008824907896
0.8461540000000001,950,4.067993989738147,1.0,1.0,1e-06,0.0070107008824907896
0.8461540000000001,975,4.067993989738147,1.0,1.0,1e-06,0.0070107008824907896
0.8461540000000001,1000,4.067993989738147,1.0,1.0,1e-06,0.0070107008824907896
0.8461540000000001,1025,4.067993989738147,1.0,1.0,1e-06,0.0070107008824907896
0.8461540000000001,1050,4.067993989738147,1.0,1.0,1e-06,0.0070107008824907896
0.8461540000000001,1075,4.067993989738147,1.0,1.0,1e-06,0.0070107008824907896
0.8461540000000001,1100,4.067993989738147,1.0,1.0,1e-06,0.0070107008824907896
0.8461540000000001,1125,4.067993989738147,1.0,1.0,1e-06,0.0070107008824907896
0.8461540000000001,1150,4.067993989738147,1.0,1.0,1e-06,0.0070107008824907896
0.8461540000000001,1175,4.067993989738147,1.0,1.0,1e-06,0.0070107008824907896
0.8461540000000001,1200,4.067993989738147,1.0,1.0,1e-06,0.0070107008824907896
0.8461540000000001,1225,4.067993989738147,1.0,1.0,1e-06,0.0070107008824907896
0.8461540000000001,1250,4.067993989738147,1.0,1.0,1e-06,0.0070107008824907896
0.8461540000000001,1275,4.067993989738147,1.0,1.0,1e-06,0.0070107008824907896
0.8461540000000001,1300,4.067993989738147,1.0,1.0,1e-06,0.0070107008824907896
0.8461540000000001,1325,4.067993989738147,1.0,1.0,1e-06,0.0070107008824907896
0.8461540000000001,1350,4.067993989738147,1.0,1.0,1e-06,0.0070107008824907896
0.8461540000000001,1375,4.067993989738147,1.0,1.0,1e-06,0.0070107008824907896
0.8461540000000001,1400,4.067993989738147,1.0,1.0,1e-06,0.0070107008824907896
0.8461540000000001,1425,4.067993989738147,1.0,1.0,1e-06,0.0070107008824907896
0.8461540000000001,1450,4.067993989738147,1.0,1.0,1e-06,0.0070107008824907896
0.8461540000000001,1475,4.067993989738147,1.0,1.0,1e-06,0.0070107008824907896
0.8461540000000001,1500,4.067993989738147,1.0,1.0,1e-06,0.0070107008824907896
0.8461540000000001,1525,4.067993989738147,1.0,1.0,1e-06,0.0070107008824907896
0.8717950000000001,-100,4.076858932141213,4.134615384615385,3.424549252264064,-23.97184476584845,0.00395053188542649
0.8717950000000001,-75,4.076858932141213,4.134615384615385,2.5735172607410504,-18.014620825187354,0.00479754927616692
0.8717950000000001,-50,4.076858932141213,4.134615384615385,1.7192725759814877,-12.034908031870414,0.006458050798233011
0.8717950000000001,-25,4.076858932141213,4.120648633762356,0.8667151433796649,-6.067006003657655,0.0072176789663208835
0.8717950000000001,0,4.076858932141213,4.076858932141213,0.0,0.0,0.005263285353367345
0.8717950000000001,25,4.076858932141213,4.0320734874886455,0.8857548312327558,6.20028381862929,0.0072231281603602265
0.8717950000000001,50,4.076858932141213,3.9976046205010274,1.7867842923300188,12.507490046310132,0.006336548048148652
0.8717950000000001,75,4.076858932141213,3.9902757859806113,2.6850990480229844,18.79569333616089,0.004606541754648913
0.8717950000000001,100,4.076858932141213,3.977207215082377,3.5918958990972287,25.143271293680602,0.00396335528081748
0.8717950000000001,125,4.076858932141213,3.9195790523902896,4.555882817633945,31.891179723437617,0.004931767376273456
0.8717950000000001,150,4.076858932141213,3.7943859605479178,5.647441154214341,39.53208807950038,0.007145409850985664
0.8717950000000001,175,4.076858932141213,3.5998560619566,6.94472211380917,48.61305479666419,0.009812238136027294
0.8717950000000001,200,4.076858932141213,3.4574331592398897,8.26376888735282,57.84638221146974,0.010708116034584157
0.8717950000000001,225,4.076858932141213,3.4893845732022766,9.211612096215296,64.48128467350708,0.009110773178815205
0.8717950000000001,250,4.076858932141213,1.0,8.77670390266955,1e-06,0.00012443671889425525
0.8717950000000001,275,4.076858932141213,1.0,7.551167709444648,1e-06,-0.021297411479097944
0.8717950000000001,300,4.076858932141213,1.0,6.993270804087714,1e-06,-0.04190725142090195
0.8717950000000001,325,4.076858932141213,1.0,7.670599489381571,1e-06,-0.03679981965081751
0.8717950000000001,350,4.076858932141213,1.0,7.563058477061566,1e-06,-0.04786844798546401
0.8717950000000001,375,4.076858932141213,1.0,4.131234226268029,1e-06,-0.30743341218353515
0.8717950000000001,400,4.076858932141213,1.0,4.549481552669744,1e-06,-0.2663864583305019
0.8717950000000001,425,4.076858932141213,1.0,4.8877977317485195,1e-06,-0.24389437556494625
0.8717950000000001,450,4.076858932141213,1.0,4.67481913491509,1e-06,-0.2956456016107142
0.8717950000000001,475,4.076858932141213,1.0,4.413561715653706,1e-06,-0.36568557563277215
0.8717950000000001,500,4.076858932141213,1.0,4.160160210473947,1e-06,-0.4495983957770281
0.8717950000000001,525,4.076858932141213,1.0,3.910894840292399,1e-06,-0.551585049323336
0.8717950000000001,550,4.076858932141213,1.0,3.659263511965755,1e-06,-0.6791009471219477
0.8717950000000001,575,4.076858932141213,1.0,1.0,1e-06,0.007229157382151961
0.8717950000000001,600,4.076858932141213,1.0,1.0,1e-06,0.007229157382151961
0.8717950000000001,625,4.076858932141213,1.0,1.0,1e-06,0.007229157382151961
0.8717950000000001,650,4.076858932141213,1.0,1.0,1e-06,0.007229157382151961
0.8717950000000001,675,4.076858932141213,1.0,1.0,1e-06,0.007229157382151961
0.8717950000000001,700,4.076858932141213,1.0,1.0,1e-06,0.007229157382151961
0.8717950000000001,725,4.076858932141213,1.0,1.0,1e-06,0.007229157382151961
0.8717950000000001,750,4.076858932141213,1.0,1.0,1e-06,0.007229157382151961
0.8717950000000001,775,4.076858932141213,1.0,1.0,1e-06,0.007229157382151961
0.8717950000000001,800,4.076858932141213,1.0,1.0,1e-06,0.007229157382151961
0.8717950000000001,825,4.076858932141213,1.0,1.0,1e-06,0.007229157382151961
0.8717950000000001,850,4.076858932141213,1.0,1.0,1e-06,0.007229157382151961
0.8717950000000001,875,4.076858932141213,1.0,1.0,1e-06,0.007229157382151961
0.8717950000000001,900,4.076858932141213,1.0,1.0,1e-06,0.007229157382151961
0.8717950000000001,925,4.076858932141213,1.0,1.0,1e-06,0.007229157382151961
0.8717950000000001,950,4.076858932141213,1.0,1.0,1e-06,0.007229157382151961
0.8717950000000001,975,4.076858932141213,1.0,1.0,1e-06,0.007229157382151961
0.8717950000000001,1000,4.076858932141213,1.0,1.0,1e-06,0.007229157382151961
0.8717950000000001,1025,4.076858932141213,1.0,1.0,1e-06,0.007229157382151961
0.8717950000000001,1050,4.076858932141213,1.0,1.0,1e-06,0.007229157382151961
0.8717950000000001,1075,4.076858932141213,1.0,1.0,1e-06,0.007229157382151961
0.8717950000000001,1100,4.076858932141213,1.0,1.0,1e-06,0.007229157382151961
0.8717950000000001,1125,4.076858932141213,1.0,1.0,1e-06,0.007229157382151961
0.8717950000000001,1150,4.076858932141213,1.0,1.0,1e-06,0.007229157382151961
0.8717950000000001,1175,4.076858932141213,1.0,1.0,1e-06,0.007229157382151961
0.8717950000000001,1200,4.076858932141213,1.0,1.0,1e-06,0.007229157382151961
0.8717950000000001,1225,4.076858932141213,1.0,1.0,1e-06,0.007229157382151961
0.8717950000000001,1250,4.076858932141213,1.0,1.0,1e-06,0.007229157382151961
0.8717950000000001,1275,4.076858932141213,1.0,1.0,1e-06,0.007229157382151961
0.8717950000000001,1300,4.076858932141213,1.0,1.0,1e-06,0.007229157382151961
0.8717950000000001,1325,4.076858932141213,1.0,1.0,1e-06,0.007229157382151961
0.8717950000000001,1350,4.076858932141213,1.0,1.0,1e-06,0.007229157382151961
0.8717950000000001,1375,4.076858932141213,1.0,1.0,1e-06,0.007229157382151961
0.8717950000000001,1400,4.076858932141213,1.0,1.0,1e-06,0.007229157382151961
0.8717950000000001,1425,4.076858932141213,1.0,1.0,1e-06,0.007229157382151961
0.8717950000000001,1450,4.076858932141213,1.0,1.0,1e-06,0.007229157382151961
0.8717950000000001,1475,4.076858932141213,1.0,1.0,1e-06,0.007229157382151961
0.8717950000000001,1500,4.076858932141213,1.0,1.0,1e-06,0.007229157382151961
0.8717950000000001,1525,4.076858932141213,1.0,1.0,1e-06,0.007229157382151961
0.897436,-100,4.083672151690497,4.134615384615385,3.4114752442507674,-23.880326709755373,0.004349825215644794
0.897436,-75,4.083672151690497,4.134615384615385,2.5653130840747047,-17.95719158852293,0.005174945763745641
0.897436,-50,4.083672151690497,4.134615384615385,1.7151193579649946,-12.005835505754963,0.006744160580574165
0.897436,-25,4.083672151690497,4.128844011363326,0.8649947931186951,-6.054963551830865,0.007460302491692266
0.897436,0,4.083672151690497,4.083672151690497,0.0,0.0,0.005622543457415248
0.897436,25,4.083672151690497,4.03744521540978,0.8845763548189964,6.192034483732975,0.007465548908385298
0.897436,50,4.083672151690497,4.000884087999971,1.7853196907856002,12.4972378354992,0.006624508933915047
0.897436,75,4.083672151690497,3.990082805813874,2.6852289127118207,18.796602388982745,0.004979056530529056
0.897436,100,4.083672151690497,3.9740120371428223,3.59478384871356,25.16348694099492,0.004357906152069175
0.897436,125,4.083672151690497,3.9158288096294482,4.560246048864601,31.921722342052206,0.005257966354777151
0.897436,150,4.083672151690497,3.794398004241933,5.647423228827193,39.53196260179035,0.007317474985050764
0.897436,175,4.083672151690497,3.609131456798793,6.926874318447342,48.4881202291314,0.009786741425513171
0.897436,200,4.083672151690497,3.4685640942139386,8.237249707765182,57.660747954356275,0.01066770861112436
0.897436,225,4.083672151690497,3.492105289186134,9.20443528503928,64.43104699527495,0.009181394530927693
0.897436,250,4.083672151690497,1.0,9.261542987997426,1e-06,0.0035088321121176996
0.897436,275,4.083672151690497,1.0,7.68699081997916,1e-06,-0.019086108215996538
0.897436,300,4.083672151690497,1.0,6.97344921138591,1e-06,-0.04224364742397838
0.897436,325,4.083672151690497,1.0,7.383186893613489,1e-06,-0.04265960141479758
0.897436,350,4.083672151690497,1.0,7.405010149981432,1e-06,-0.05148084110408391
0.897436,375,4.083672151690497,1.0,4.684704514600535,1e-06,-0.22418608658670208
0.897436,400,4.083672151690497,1.0,4.825979575384872,1e-06,-0.22962038881137037
0.897436,425,4.083672151690497,1.0,4.930771582531693,1e-06,-0.23843476811098602
0.897436,450,4.083672151690497,1.0,4.6821552276333795,1e-06,-0.294317107667203
0.897436,475,4.083672151690497,1.0,4.411703144462375,1e-06,-0.3658287477299433
0.897436,500,4.083672151690497,1.0,4.149552737090224,1e-06,-0.45202417211732
0.897436,525,4.083672151690497,1.0,3.890649027255798,1e-06,-0.5578693619748443
0.897436,550,4.083672151690497,1.0,3.62722691181732,1e-06,-0.6922997326522753
0.897436,575,4.083672151690497,1.0,1.0,1e-06,0.007470690545251871
0.897436,600,4.083672151690497,1.0,1.0,1e-06,0.007470690545251871
0.897436,625,4.083672151690497,1.0,1.0,1e-06,0.007470690545251871
0.897436,650,4.083672151690497,1.0,1.0,1e-06,0.007470690545251871
0.897436,675,4.083672151690497,1.0,1.0,1e-06,0.007470690545251871
0.897436,700,4.083672151690497,1.0,1.0,1e-06,0.007470690545251871
0.897436,725,4.083672151690497,1.0,1.0,1e-06,0.007470690545251871
0.897436,750,4.083672151690497,1.0,1.0,1e-06,0.007470690545251871
0.897436,775,4.083672151690497,1.0,1.0,1e-06,0.007470690545251871
0.897436,800,4.083672151690497,1.0,1.0,1e-06,0.007470690545251871
0.897436,825,4.083672151690497,1.0,1.0,1e-06,0.007470690545251871
0.897436,850,4.083672151690497,1.0,1.0,1e-06,0.007470690545251871
0.897436,875,4.083672151690497,1.0,1.0,1e-06,0.007470690545251871
0.897436,900,4.083672151690497,1.0,1.0,1e-06,0.007470690545251871
0.897436,925,4.083672151690497,1.0,1.0,1e-06,0.007470690545251871
0.897436,950,4.083672151690497,1.0,1.0,1e-06,0.007470690545251871
0.897436,975,4.083672151690497,1.0,1.0,1e-06,0.007470690545251871
0.897436,1000,4.083672151690497,1.0,1.0,1e-06,0.007470690545251871
0.897436,1025,4.083672151690497,1.0,1.0,1e-06,0.007470690545251871
0.897436,1050,4.083672151690497,1.0,1.0,1e-06,0.007470690545251871
0.897436,1075,4.083672151690497,1.0,1.0,1e-06,0.007470690545251871
0.897436,1100,4.083672151690497,1.0,1.0,1e-06,0.007470690545251871
0.897436,1125,4.083672151690497,1.0,1.0,1e-06,0.007470690545251871
0.897436,1150,4.083672151690497,1.0,1.0,1e-06,0.007470690545251871
0.897436,1175,4.083672151690497,1.0,1.0,1e-06,0.007470690545251871
0.897436,1200,4.083672151690497,1.0,1.0,1e-06,0.007470690545251871
0.897436,1225,4.083672151690497,1.0,1.0,1e-06,0.007470690545251871
0.897436,1250,4.083672151690497,1.0,1.0,1e-06,0.007470690545251871
0.897436,1275,4.083672151690497,1.0,1.0,1e-06,0.007470690545251871
0.897436,1300,4.083672151690497,1.0,1.0,1e-06,0.007470690545251871
0.897436,1325,4.083672151690497,1.0,1.0,1e-06,0.007470690545251871
0.897436,1350,4.083672151690497,1.0,1.0,1e-06,0.007470690545251871
0.897436,1375,4.083672151690497,1.0,1.0,1e-06,0.007470690545251871
0.897436,1400,4.083672151690497,1.0,1.0,1e-06,0.007470690545251871
0.897436,1425,4.083672151690497,1.0,1.0,1e-06,0.007470690545251871
0.897436,1450,4.083672151690497,1.0,1.0,1e-06,0.007470690545251871
0.897436,1475,4.083672151690497,1.0,1.0,1e-06,0.007470690545251871
0.897436,1500,4.083672151690497,1.0,1.0,1e-06,0.007470690545251871
0.897436,1525,4.083672151690497,1.0,1.0,1e-06,0.007470690545251871
0.923077,-100,4.091702217757163,4.134615384615385,3.3962498333077105,-23.773748833153974,0.0048211994369285445
0.923077,-75,4.091702217757163,4.134615384615385,2.5558254569492918,-17.89077819864504,0.0056119203897969224
0.923077,-50,4.091702217757163,4.134615384615385,1.7103289758076488,-11.972302830653542,0.0070666246325831955
0.923077,-25,4.091702217757163,4.134615384615385,0.8629995243385308,-6.040996670369715,0.007728484207732005
0.923077,0,4.091702217757163,4.091702217757163,0.0,0.0,0.006033335836965687
0.923077,25,4.091702217757163,4.043892752285015,0.8831659962818061,6.182161973972643,0.007733454036537625
0.923077,50,4.091702217757163,4.004925489564776,1.7835181107535105,12.484626775274574,0.0069506866127745145
0.923077,75,4.091702217757163,3.989941455454823,2.6853240414437005,18.797268290105904,0.005413593120650547
0.923077,100,4.091702217757163,3.970212480528974,3.5982241141438664,25.187568799007064,0.004823400709995427
0.923077,125,4.091702217757163,3.9113848981639077,4.5654271625186755,31.957990137630727,0.0056423235258756315
0.923077,150,4.091702217757163,3.7945279467528183,5.64722983445385,39.53060884117695,0.007517573842545882
0.923077,175,4.091702217757163,3.6202610696173485,6.905579326808722,48.339055287661054,0.009752800201293009
0.923077,200,4.091702217757163,3.482599040331024,8.204053421180761,57.42837394826533,0.01060631070583425
0.923077,225,4.091702217757163,3.495880627039001,9.194495056337788,64.36146539436452,0.00925742736072526
0.923077,250,4.091702217757163,1.0,9.83309530851101,1e-06,0.0066779298043315805
0.923077,275,4.091702217757163,1.0,7.887060871233703,1e-06,-0.016108322954045903
0.923077,300,4.091702217757163,1.0,7.093741183163449,1e-06,-0.03926682485502849
0.923077,325,4.091702217757163,1.0,6.856433205747321,1e-06,-0.05583560987463262
0.923077,350,4.091702217757163,1.0,7.008055952920297,1e-06,-0.06202951156598356
0.923077,375,4.091702217757163,1.0,5.3185031415491215,1e-06,-0.1606507134204543
0.923077,400,4.091702217757163,1.0,5.087543672092139,1e-06,-0.20049564913599624
0.923077,425,4.091702217757163,1.0,4.974784219479301,1e-06,-0.2329664188471125
0.923077,450,4.091702217757163,1.0,4.696324999048129,1e-06,-0.2919246915927706
0.923077,475,4.091702217757163,1.0,4.4140158139036085,1e-06,-0.36511636997899416
0.923077,500,4.091702217757163,1.0,4.140107621532765,1e-06,-0.45413337773512724
0.923077,525,4.091702217757163,1.0,3.868127093902117,1e-06,-0.564966155729036
0.923077,550,4.091702217757163,1.0,1.0,1e-06,0.007737690604908238
0.923077,575,4.091702217757163,1.0,1.0,1e-06,0.007737690604908238
0.923077,600,4.091702217757163,1.0,1.0,1e-06,0.007737690604908238
0.923077,625,4.091702217757163,1.0,1.0,1e-06,0.007737690604908238
0.923077,650,4.091702217757163,1.0,1.0,1e-06,0.007737690604908238
0.923077,675,4.091702217757163,1.0,1.0,1e-06,0.007737690604908238
0.923077,700,4.091702217757163,1.0,1.0,1e-06,0.007737690604908238
0.923077,725,4.091702217757163,1.0,1.0,1e-06,0.007737690604908238
0.923077,750,4.091702217757163,1.0,1.0,1e-06,0.007737690604908238
0.923077,775,4.091702217757163,1.0,1.0,1e-06,0.007737690604908238
0.923077,800,4.091702217757163,1.0,1.0,1e-06,0.007737690604908238
0.923077,825,4.091702217757163,1.0,1.0,1e-06,0.007737690604908238
0.923077,850,4.091702217757163,1.0,1.0,1e-06,0.007737690604908238
0.923077,875,4.091702217757163,1.0,1.0,1e-06,0.007737690604908238
0.923077,900,4.091702217757163,1.0,1.0,1e-06,0.007737690604908238
0.923077,925,4.091702217757163,1.0,1.0,1e-06,0.007737690604908238
0.923077,950,4.091702217757163,1.0,1.0,1e-06,0.007737690604908238
0.923077,975,4.091702217757163,1.0,1.0,1e-06,0.007737690604908238
0.923077,1000,4.091702217757163,1.0,1.0,1e-06,0.007737690604908238
0.923077,1025,4.091702217757163,1.0,1.0,1e-06,0.007737690604908238
0.923077,1050,4.091702217757163,1.0,1.0,1e-06,0.007737690604908238
0.923077,1075,4.091702217757163,1.0,1.0,1e-06,0.007737690604908238
0.923077,1100,4.091702217757163,1.0,1.0,1e-06,0.007737690604908238
0.923077,1125,4.091702217757163,1.0,1.0,1e-06,0.007737690604908238
0.923077,1150,4.091702217757163,1.0,1.0,1e-06,0.007737690604908238
0.923077,1175,4.091702217757163,1.0,1.0,1e-06,0.007737690604908238
0.923077,1200,4.091702217757163,1.0,1.0,1e-06,0.007737690604908238
0.923077,1225,4.091702217757163,1.0,1.0,1e-06,0.007737690604908238
0.923077,1250,4.091702217757163,1.0,1.0,1e-06,0.007737690604908238
0.923077,1275,4.091702217757163,1.0,1.0,1e-06,0.007737690604908238
0.923077,1300,4.091702217757163,1.0,1.0,1e-06,0.007737690604908238
0.923077,1325,4.091702217757163,1.0,1.0,1e-06,0.007737690604908238
0.923077,1350,4.091702217757163,1.0,1.0,1e-06,0.007737690604908238
0.923077,1375,4.091702217757163,1.0,1.0,1e-06,0.007737690604908238
0.923077,1400,4.091702217757163,1.0,1.0,1e-06,0.007737690604908238
0.923077,1425,4.091702217757163,1.0,1.0,1e-06,0.007737690604908238
0.923077,1450,4.091702217757163,1.0,1.0,1e-06,0.007737690604908238
0.923077,1475,4.091702217757163,1.0,1.0,1e-06,0.007737690604908238
0.923077,1500,4.091702217757163,1.0,1.0,1e-06,0.007737690604908238
0.923077,1525,4.091702217757163,1.0,1.0,1e-06,0.007737690604908238
0.9487180000000001,-100,4.106768017979938,4.134615384615385,3.3745947697220613,-23.622163388054428,0.005357024210221947
0.9487180000000001,-75,4.106768017979938,4.134615384615385,2.5417055089552947,-17.79193856268706,0.006105250172299062
0.9487180000000001,-50,4.106768017979938,4.134615384615385,1.7026051268146094,-11.918235887702266,0.007424230885141385
0.9487180000000001,-25,4.106768017979938,4.134615384615385,0.8595453330276026,-6.016817331193218,0.008019620078204408
0.9487180000000001,0,4.106768017979938,4.106768017979938,0.0,0.0,0.006489546666048628
0.9487180000000001,25,4.106768017979938,4.057324823562315,0.880242210504821,6.161695473533747,0.008024284002673646
0.9487180000000001,50,4.106768017979938,4.0156929872781255,1.7787358658856607,12.451151061199624,0.007314587242108229
0.9487180000000001,75,4.106768017979938,3.9958774043378837,2.6813349435231415,18.769344604661992,0.0059080706320726335
0.9487180000000001,100,4.106768017979938,3.972063308958945,3.596547480371978,25.175832362603845,0.0053505563224627755
0.9487180000000001,125,4.106768017979938,3.9128987283406875,4.563660880821055,31.94562616574738,0.006068727175149894
0.9487180000000001,150,4.106768017979938,3.8019113650642526,5.636262756012273,39.45383929208591,0.007726919822903954
0.9487180000000001,175,4.106768017979938,3.640457815634985,6.867268147602305,48.070877033216135,0.009700472117925804
0.9487180000000001,200,4.106768017979938,3.505926014992582,8.149467059272503,57.04626941490752,0.010532538045868114
0.9487180000000001,225,4.106768017979938,3.505529291287951,9.169188008994691,64.18431606296284,0.009367377633224143
0.9487180000000001,250,4.106768017979938,1.0,9.887207617123652,1e-06,0.007146274646964371
0.9487180000000001,275,4.106768017979938,1.0,8.21069755815837,1e-06,-0.01179525195589701
0.9487180000000001,300,4.106768017979938,1.0,7.297314555870952,1e-06,-0.03457698526313289
0.9487180000000001,325,4.106768017979938,1.0,6.691854303771579,1e-06,-0.0604424534943913
0.9487180000000001,350,4.106768017979938,1.0,6.429621947653827,1e-06,-0.08153643066739244
0.9487180000000001,375,4.106768017979938,1.0,5.6996672641482595,1e-06,-0.1326462617122359
0.9487180000000001,400,4.106768017979938,1.0,5.293046693222924,1e-06,-0.1805351453541625
0.9487180000000001,425,4.106768017979938,1.0,5.035437445896335,1e-06,-0.22556225650985995
0.9487180000000001,450,4.106768017979938,1.0,4.731389914337926,1e-06,-0.2862432660390231
0.9487180000000001,475,4.106768017979938,1.0,4.433744798233698,1e-06,-0.36080219466901875
0.9487180000000001,500,4.106768017979938,1.0,4.144454202792144,1e-06,-0.4525140863749497
0.9487180000000001,525,4.106768017979938,1.0,3.8554098877719487,1e-06,-0.5686412807855487
0.9487180000000001,550,4.106768017979938,1.0,1.0,1e-06,0.008027819365943049
0.9487180000000001,575,4.106768017979938,1.0,1.0,1e-06,0.008027819365943049
0.9487180000000001,600,4.106768017979938,1.0,1.0,1e-06,0.008027819365943049
0.9487180000000001,625,4.106768017979938,1.0,1.0,1e-06,0.008027819365943049
0.9487180000000001,650,4.106768017979938,1.0,1.0,1e-06,0.008027819365943049
0.9487180000000001,675,4.106768017979938,1.0,1.0,1e-06,0.008027819365943049
0.9487180000000001,700,4.106768017979938,1.0,1.0,1e-06,0.008027819365943049
0.9487180000000001,725,4.106768017979938,1.0,1.0,1e-06,0.008027819365943049
0.9487180000000001,750,4.106768017979938,1.0,1.0,1e-06,0.008027819365943049
0.9487180000000001,775,4.106768017979938,1.0,1.0,1e-06,0.008027819365943049
0.9487180000000001,800,4.106768017979938,1.0,1.0,1e-06,0.008027819365943049
0.9487180000000001,825,4.106768017979938,1.0,1.0,1e-06,0.008027819365943049
0.9487180000000001,850,4.106768017979938,1.0,1.0,1e-06,0.008027819365943049
0.9487180000000001,875,4.106768017979938,1.0,1.0,1e-06,0.008027819365943049
0.9487180000000001,900,4.106768017979938,1.0,1.0,1e-06,0.008027819365943049
0.9487180000000001,925,4.106768017979938,1.0,1.0,1e-06,0.008027819365943049
0.9487180000000001,950,4.106768017979938,1.0,1.0,1e-06,0.008027819365943049
0.9487180000000001,975,4.106768017979938,1.0,1.0,1e-06,0.008027819365943049
0.9487180000000001,1000,4.106768017979938,1.0,1.0,1e-06,0.008027819365943049
0.9487180000000001,1025,4.106768017979938,1.0,1.0,1e-06,0.008027819365943049
0.9487180000000001,1050,4.106768017979938,1.0,1.0,1e-06,0.008027819365943049
0.9487180000000001,1075,4.106768017979938,1.0,1.0,1e-06,0.008027819365943049
0.9487180000000001,1100,4.106768017979938,1.0,1.0,1e-06,0.008027819365943049
0.9487180000000001,1125,4.106768017979938,1.0,1.0,1e-06,0.008027819365943049
0.9487180000000001,1150,4.106768017979938,1.0,1.0,1e-06,0.008027819365943049
0.9487180000000001,1175,4.106768017979938,1.0,1.0,1e-06,0.008027819365943049
0.9487180000000001,1200,4.106768017979938,1.0,1.0,1e-06,0.008027819365943049
0.9487180000000001,1225,4.106768017979938,1.0,1.0,1e-06,0.008027819365943049
0.9487180000000001,1250,4.106768017979938,1.0,1.0,1e-06,0.008027819365943049
0.9487180000000001,1275,4.106768017979938,1.0,1.0,1e-06,0.008027819365943049
0.9487180000000001,1300,4.106768017979938,1.0,1.0,1e-06,0.008027819365943049
0.9487180000000001,1325,4.106768017979938,1.0,1.0,1e-06,0.008027819365943049
0.9487180000000001,1350,4.106768017979938,1.0,1.0,1e-06,0.008027819365943049
0.9487180000000001,1375,4.106768017979938,1.0,1.0,1e-06,0.008027819365943049
0.9487180000000001,1400,4.106768017979938,1.0,1.0,1e-06,0.008027819365943049
0.9487180000000001,1425,4.106768017979938,1.0,1.0,1e-06,0.008027819365943049
0.9487180000000001,1450,4.106768017979938,1.0,1.0,1e-06,0.008027819365943049
0.9487180000000001,1475,4.106768017979938,1.0,1.0,1e-06,0.008027819365943049
0.9487180000000001,1500,4.106768017979938,1.0,1.0,1e-06,0.008027819365943049
0.9487180000000001,1525,4.106768017979938,1.0,1.0,1e-06,0.008027819365943049
0.9743590000000001,-100,4.135546759843622,4.134615384615385,3.3419578344572294,-23.393704841200606,0.005946364574586179
0.9743590000000001,-75,4.135546759843622,4.134615384615385,2.5193667049724158,-17.63556693480691,0.0066469467033011785
0.9743590000000001,-50,4.135546759843622,4.134615384615385,1.6894422295662805,-11.826095606963964,0.0078124959481596585
0.9743590000000001,-25,4.135546759843622,4.134615384615385,0.8533264011841447,-5.973284808289013,0.008329604006150624
0.9743590000000001,0,4.135546759843622,4.135546759843622,0.0,0.0,0.006982261243891592
0.9743590000000001,25,4.135546759843622,4.084537525218602,0.8743777109104734,6.120643976373314,0.008333965318343104
0.9743590000000001,50,4.135546759843622,4.040100329568187,1.7679900398960078,12.375930279272055,0.007712263088237901
0.9743590000000001,75,4.135546759843622,4.014953011430661,2.668595543654408,18.680168805580855,0.006455709778004389
0.9743590000000001,100,4.135546759843622,3.986881555275181,3.583180008649203,25.08226006054442,0.00592710562005131
0.9743590000000001,125,4.135546759843622,3.9280101551757873,4.546104045482972,31.822728318380804,0.0065216471256476765
0.9743590000000001,150,4.135546759843622,3.8244317697673855,5.603073271686261,39.22151290180383,0.007932253680656165
0.9743590000000001,175,4.135546759843622,3.677507912588127,6.798081906071465,47.58657334250025,0.009625379914599028
0.9743590000000001,200,4.135546759843622,3.546360332268712,8.056549784705767,56.39584849294037,0.01044733687531388
0.9743590000000001,225,4.135546759843622,3.5278109104849484,9.111275507234776,63.778928550643435,0.009528787378046077
0.9743590000000001,250,4.135546759843622,1.0,9.877297760141243,1e-06,0.007517260926295289
0.9743590000000001,275,4.135546759843622,1.0,8.805124115192601,1e-06,-0.005291415263022385
0.9743590000000001,300,4.135546759843622,1.0,7.633597046551197,1e-06,-0.0276733822628875
0.9743590000000001,325,4.135546759843622,1.0,6.917394241532799,1e-06,-0.05320566145719448
0.9743590000000001,350,4.135546759843622,1.0,6.384521312615466,1e-06,-0.08269764034789934
0.9743590000000001,375,4.135546759843622,1.0,5.913521414291964,1e-06,-0.11894278547105494
0.9743590000000001,400,4.135546759843622,1.0,5.481149862389441,1e-06,-0.16393313019234743
0.9743590000000001,425,4.135546759843622,1.0,5.139380327636164,1e-06,-0.21342193084680416
0.9743590000000001,450,4.135546759843622,1.0,4.808949433219602,1e-06,-0.27426205079996496
0.9743590000000001,475,4.135546759843622,1.0,4.491286750647129,1e-06,-0.34902733132826624
0.9743590000000001,500,4.135546759843622,1.0,4.182274842266495,1e-06,-0.44211528865745897
0.9743590000000001,525,4.135546759843622,1.0,1.0,1e-06,0.00833714697453404
0.9743590000000001,550,4.135546759843622,1.0,1.0,1e-06,0.00833714697453404
0.9743590000000001,575,4.135546759843622,1.0,1.0,1e-06,0.00833714697453404
0.9743590000000001,600,4.135546759843622,1.0,1.0,1e-06,0.00833714697453404
0.9743590000000001,625,4.135546759843622,1.0,1.0,1e-06,0.00833714697453404
0.9743590000000001,650,4.135546759843622,1.0,1.0,1e-06,0.00833714697453404
0.9743590000000001,675,4.135546759843622,1.0,1.0,1e-06,0.00833714697453404
0.9743590000000001,700,4.135546759843622,1.0,1.0,1e-06,0.00833714697453404
0.9743590000000001,725,4.135546759843622,1.0,1.0,1e-06,0.00833714697453404
0.9743590000000001,750,4.135546759843622,1.0,1.0,1e-06,0.00833714697453404
0.9743590000000001,775,4.135546759843622,1.0,1.0,1e-06,0.00833714697453404
0.9743590000000001,800,4.135546759843622,1.0,1.0,1e-06,0.00833714697453404
0.9743590000000001,825,4.135546759843622,1.0,1.0,1e-06,0.00833714697453404
0.9743590000000001,850,4.135546759843622,1.0,1.0,1e-06,0.00833714697453404
0.9743590000000001,875,4.135546759843622,1.0,1.0,1e-06,0.00833714697453404
0.9743590000000001,900,4.135546759843622,1.0,1.0,1e-06,0.00833714697453404
0.9743590000000001,925,4.135546759843622,1.0,1.0,1e-06,0.00833714697453404
0.9743590000000001,950,4.135546759843622,1.0,1.0,1e-06,0.00833714697453404
0.9743590000000001,975,4.135546759843622,1.0,1.0,1e-06,0.00833714697453404
0.9743590000000001,1000,4.135546759843622,1.0,1.0,1e-06,0.00833714697453404
0.9743590000000001,1025,4.135546759843622,1.0,1.0,1e-06,0.00833714697453404
0.9743590000000001,1050,4.135546759843622,1.0,1.0,1e-06,0.00833714697453404
0.9743590000000001,1075,4.135546759843622,1.0,1.0,1e-06,0.00833714697453404
0.9743590000000001,1100,4.135546759843622,1.0,1.0,1e-06,0.00833714697453404
0.9743590000000001,1125,4.135546759843622,1.0,1.0,1e-06,0.00833714697453404
0.9743590000000001,1150,4.135546759843622,1.0,1.0,1e-06,0.00833714697453404
0.9743590000000001,1175,4.135546759843622,1.0,1.0,1e-06,0.00833714697453404
0.9743590000000001,1200,4.135546759843622,1.0,1.0,1e-06,0.00833714697453404
0.9743590000000001,1225,4.135546759843622,1.0,1.0,1e-06,0.00833714697453404
0.9743590000000001,1250,4.135546759843622,1.0,1.0,1e-06,0.00833714697453404
0.9743590000000001,1275,4.135546759843622,1.0,1.0,1e-06,0.00833714697453404
0.9743590000000001,1300,4.135546759843622,1.0,1.0,1e-06,0.00833714697453404
0.9743590000000001,1325,4.135546759843622,1.0,1.0,1e-06,0.00833714697453404
0.9743590000000001,1350,4.135546759843622,1.0,1.0,1e-06,0.00833714697453404
0.9743590000000001,1375,4.135546759843622,1.0,1.0,1e-06,0.00833714697453404
0.9743590000000001,1400,4.135546759843622,1.0,1.0,1e-06,0.00833714697453404
0.9743590000000001,1425,4.135546759843622,1.0,1.0,1e-06,0.00833714697453404
0.9743590000000001,1450,4.135546759843622,1.0,1.0,1e-06,0.00833714697453404
0.9743590000000001,1475,4.135546759843622,1.0,1.0,1e-06,0.00833714697453404
0.9743590000000001,1500,4.135546759843622,1.0,1.0,1e-06,0.00833714697453404
0.9743590000000001,1525,4.135546759843622,1.0,1.0,1e-06,0.00833714697453404
1.0,-100,4.18471629757626,4.134615384615385,3.2943555710401857,-23.0604889972813,0.006578576453373831
1.0,-75,4.18471629757626,4.134615384615385,2.485655145903004,-17.399586021321028,0.0072260962700230694
1.0,-50,4.18471629757626,4.134615384615385,1.6685865815437053,-11.680106070805937,0.00822481783356327
1.0,-25,4.18471629757626,4.134615384615385,0.8431540987859473,-5.902078691501631,0.008654489816993502
1.0,0,4.18471629757626,4.18471629757626,0.0,0.0,0.0075025627607724285
1.0,25,4.18471629757626,4.132333378863741,0.8642643862414126,6.049850703689888,0.008658547339122018
1.0,50,4.18471629757626,4.085120627536426,1.7485058078112867,12.239540654679008,0.008137206521860778
1.0,75,4.18471629757626,4.054361600112891,2.642656667325229,18.4985966712766,0.007046734397197562
1.0,100,4.18471629757626,4.022050902417391,3.551848206875769,24.862937448130385,0.006542484993908127
1.0,125,4.18471629757626,3.9641947386041663,4.504607879942478,31.532255159597348,0.0069935232306077184
1.0,150,4.18471629757626,3.869384251690558,5.537979697728173,38.76585788409721,0.008134272349356679
1.0,175,4.18471629757626,3.738358826502449,6.687426531334235,46.811985719339646,0.009535110810080542
1.0,200,4.18471629757626,3.6119889247015435,7.9101650550574165,55.37115538540191,0.010343424638484446
1.0,225,4.18471629757626,3.5714494397110776,8.99994741223536,62.99963188564751,0.00973445144851547
1.0,250,4.18471629757626,3.633599739472918,9.82889923904121,68.80229467328847,0.008010147927774073
1.0,275,4.18471629757626,1.0,10.308679478652037,1e-06,0.005179832520299865
1.0,300,4.18471629757626,1.0,8.228780156827911,1e-06,-0.017768384751957158
1.0,325,4.18471629757626,1.0,7.331204841672071,1e-06,-0.041861968862894214
1.0,350,4.18471629757626,1.0,6.689211831497713,1e-06,-0.07026251391856007
1.0,375,4.18471629757626,1.0,6.1714210655769985,1e-06,-0.10407072415474344
1.0,400,4.18471629757626,1.0,5.720931396705432,1e-06,-0.14492313690089642
1.0,425,4.18471629757626,1.0,5.324063835369055,1e-06,-0.19370360054241506
1.0,450,4.18471629757626,1.0,4.960654608751308,1e-06,-0.25268562819346285
1.0,475,4.18471629757626,1.0,4.616182157695613,1e-06,-0.3254119081477328
1.0,500,4.18471629757626,1.0,4.281856914735157,1e-06,-0.41694076121125484
1.0,525,4.18471629757626,1.0,1.0,1e-06,0.008661742377545576
1.0,550,4.18471629757626,1.0,1.0,1e-06,0.008661742377545576
1.0,575,4.18471629757626,1.0,1.0,1e-06,0.008661742377545576
1.0,600,4.18471629757626,1.0,1.0,1e-06,0.008661742377545576
1.0,625,4.18471629757626,1.0,1.0,1e-06,0.008661742377545576
1.0,650,4.18471629757626,1.0,1.0,1e-06,0.008661742377545576
1.0,675,4.18471629757626,1.0,1.0,1e-06,0.008661742377545576
1.0,700,4.18471629757626,1.0,1.0,1e-06,0.008661742377545576
1.0,725,4.18471629757626,1.0,1.0,1e-06,0.008661742377545576
1.0,750,4.18471629757626,1.0,1.0,1e-06,0.008661742377545576
1.0,775,4.18471629757626,1.0,1.0,1e-06,0.008661742377545576
1.0,800,4.18471629757626,1.0,1.0,1e-06,0.008661742377545576
1.0,825,4.18471629757626,1.0,1.0,1e-06,0.008661742377545576
1.0,850,4.18471629757626,1.0,1.0,1e-06,0.008661742377545576
1.0,875,4.18471629757626,1.0,1.0,1e-06,0.008661742377545576
1.0,900,4.18471629757626,1.0,1.0,1e-06,0.008661742377545576
1.0,925,4.18471629757626,1.0,1.0,1e-06,0.008661742377545576
1.0,950,4.18471629757626,1.0,1.0,1e-06,0.008661742377545576
1.0,975,4.18471629757626,1.0,1.0,1e-06,0.008661742377545576
1.0,1000,4.18471629757626,1.0,1.0,1e-06,0.008661742377545576
1.0,1025,4.18471629757626,1.0,1.0,1e-06,0.008661742377545576
1.0,1050,4.18471629757626,1.0,1.0,1e-06,0.008661742377545576
1.0,1075,4.18471629757626,1.0,1.0,1e-06,0.008661742377545576
1.0,1100,4.18471629757626,1.0,1.0,1e-06,0.008661742377545576
1.0,1125,4.18471629757626,1.0,1.0,1e-06,0.008661742377545576
1.0,1150,4.18471629757626,1.0,1.0,1e-06,0.008661742377545576
1.0,1175,4.18471629757626,1.0,1.0,1e-06,0.008661742377545576
1.0,1200,4.18471629757626,1.0,1.0,1e-06,0.008661742377545576
1.0,1225,4.18471629757626,1.0,1.0,1e-06,0.008661742377545576
1.0,1250,4.18471629757626,1.0,1.0,1e-06,0.008661742377545576
1.0,1275,4.18471629757626,1.0,1.0,1e-06,0.008661742377545576
1.0,1300,4.18471629757626,1.0,1.0,1e-06,0.008661742377545576
1.0,1325,4.18471629757626,1.0,1.0,1e-06,0.008661742377545576
1.0,1350,4.18471629757626,1.0,1.0,1e-06,0.008661742377545576
1.0,1375,4.18471629757626,1.0,1.0,1e-06,0.008661742377545576
1.0,1400,4.18471629757626,1.0,1.0,1e-06,0.008661742377545576
1.0,1425,4.18471629757626,1.0,1.0,1e-06,0.008661742377545576
1.0,1450,4.18471629757626,1.0,1.0,1e-06,0.008661742377545576
1.0,1475,4.18471629757626,1.0,1.0,1e-06,0.008661742377545576
1.0,1500,4.18471629757626,1.0,1.0,1e-06,0.008661742377545576
1.0,1525,4.18471629757626,1.0,1.0,1e-06,0.008661742377545576
