DISA,Altitude,Mach,FRAC,power_kW,FuelFlow_kgph,JetThrust_N
0,0.0,0.0,0.0,0.0,121.2605284000726,0.0
0,0.0,0.0,0.5,480.03958053040003,230.3243939025674,501.51623465143206
0,0.0,0.0,0.6,576.0556404350001,247.3470268040461,557.302931893092
0,0.0,0.0,0.7,672.0768093952,265.9774745734374,617.79049201716
0,0.0,0.0,0.8,768.0779934630001,284.9554324697451,681.98945385648
0,0.0,0.0,0.9,864.0814825962001,304.0663986733194,746.7507338685241
0,0.0,0.0,1.0,960.1016996604001,323.0268813431915,812.8697449608121
0,0.0,0.05,0.0,0.0,122.0368732760592,0.0
0,0.0,0.05,0.5,480.04899691540004,230.2699541721855,436.01139819098404
0,0.0,0.05,0.6,576.0535872938001,247.2955428866007,488.23933705562405
0,0.0,0.05,0.7,672.0606312662001,265.9224781134899,545.206284958104
0,0.0,0.05,0.8,768.0872096216001,284.8984088592035,605.8955460594962
0,0.0,0.05,0.9,864.0853894728,304.00789013871,667.381927740066
0,0.0,0.05,1.0,960.0996957552002,322.9608911117663,730.326240214956
0,0.0,0.1,0.0,0.0,121.0471961803502,0.0
0,0.0,0.1,0.5,480.0646236012,230.1234828340742,370.573978063212
0,0.0,0.1,0.6,576.0646555466001,247.1412048193777,419.215644975666
0,0.0,0.1,0.7,672.0702478776001,265.7580318958541,472.67901333576003
0,0.0,0.1,0.8,768.0893128194001,284.7379603341196,529.8641273018941
0,0.0,0.1,0.9,864.0793785778001,303.8352483004627,588.07296840831
0,0.0,0.1,1.0,960.1097128194001,322.7720021270072,647.851497388326
0,0.0,0.15,0.0,0.0,123.3038587718407,0.0
0,0.0,0.15,0.5,480.040131153,229.834823700626,305.04295404198
0,0.0,0.15,0.6,576.0526353978,246.8670510642293,350.218571044188
0,0.0,0.15,0.7,672.0558734274,265.4835071436088,400.1374393516501
0,0.0,0.15,0.8,768.0780443402001,284.4757711183889,453.820759735728
0,0.0,0.15,0.9,864.1034196960001,303.5398213939944,508.76534487702
0,0.0,0.15,1.0,960.0958898124,322.4487916081829,565.330241304444
0,0.0,0.2,0.0,0.0,120.9681569564547,0.0
0,0.0,0.2,0.5,480.05004810400004,229.4699089911095,239.52480850729202
0,0.0,0.2,0.6,576.0382609476001,246.4553495505761,281.125314586116
0,0.0,0.2,0.7,672.0591287476,265.1093263956274,327.58332450089404
0,0.0,0.2,0.8,768.0452375728,284.1107562911186,377.68167937500004
0,0.0,0.2,0.9,864.0512311772001,303.1294050367413,429.4194969016261
0,0.0,0.2,1.0,960.0749538446001,321.9910027111495,482.7451897389661
0,0.0,0.25,0.0,0.0,121.1087601778101,0.0
0,0.0,0.25,0.5,480.0591140928001,228.9730002513835,173.818119385218
0,0.0,0.25,0.6,576.0618507358,245.9348551265536,211.89546396757203
0,0.0,0.25,0.7,672.0641376899999,264.6387453502677,254.88884295428403
0,0.0,0.25,0.8,768.0808992076,283.7130183970789,301.512399159048
0,0.0,0.25,0.9,864.0882943968002,302.6191329160845,349.920144412608
0,0.0,0.25,1.0,960.1013993208,321.4459508992108,400.1482627605541
0,0.0,0.3,0.0,0.0,126.2657793592489,0.0
0,0.0,0.3,0.5,480.05230229220007,228.3359168317155,107.89536331450802
0,0.0,0.3,0.6,576.0668596782,245.360905775288,142.54150623174002
0,0.0,0.3,0.7,672.053268843,264.049005464302,182.06773437375602
0,0.0,0.3,0.8,768.0744878598001,283.1571155048535,225.254119402158
0,0.0,0.3,0.9,864.0651542974001,301.9941562591854,270.30876572700004
0,0.0,0.3,1.0,960.0919829358,320.7799984784542,317.334109182552
0,0.0,0.35,0.0,4.3782448314,121.5728452651728,0.0
0,0.0,0.35,0.5,480.05876287600006,227.4922114210288,41.78471443099801
0,0.0,0.35,0.6,576.0417164942,244.6155141274608,72.880950484188
0,0.0,0.35,0.7,672.0728024054,263.3098384272884,109.11219925036201
0,0.0,0.35,0.8,768.0848052636002,282.413323401887,148.84819699596002
0,0.0,0.35,0.9,864.0795788042,301.3201513768485,190.58270392299602
0,0.0,0.35,1.0,960.0972922178,320.0039109144516,234.30030205612803
0,0.0,0.4,0.0,9.3106646402,122.0375296555384,0.0
0,0.0,0.4,0.5,480.0552572728001,226.4505792930237,0.0
0,0.0,0.4,0.6,576.0627025186001,243.7683822568266,2.9802784865700005
0,0.0,0.4,0.7,672.0567752668,262.3736447970607,35.716309919136
0,0.0,0.4,0.8,768.0873597914001,281.5818108365237,72.22336478372401
0,0.0,0.4,0.9,864.1013164981999,300.5701912717046,110.74808019613802
0,0.0,0.4,1.0,960.1086115742002,319.1313365026763,151.12008043393803
0,0.0,0.45,0.0,14.780635711600002,122.6920602312438,0.0
0,0.0,0.45,0.5,480.02670859880004,225.2663879047446,0.0
0,0.0,0.45,0.6,576.0518837282,242.7232810954368,-67.310574466212
0,0.0,0.45,0.7,672.0376421572,261.298760475279,-38.033630145126004
0,0.0,0.45,0.8,768.0631685034001,280.556126437449,-4.765147668204
0,0.0,0.45,0.9,864.0768749272,299.5576994919713,30.559337233656002
0,0.0,0.45,1.0,960.0794614004001,318.2209274046085,67.697061174666
0,0.0,0.5,0.0,20.647065722800004,123.4533855728023,0.0
0,0.0,0.5,0.5,480.0469930102,223.9101834551393,0.0
0,0.0,0.5,0.6,576.0695143192,241.4052252527443,-138.055482144426
0,0.0,0.5,0.7,672.0629855676,260.0893553196045,-112.250801896926
0,0.0,0.5,0.8,768.0826019526,279.3165390538873,-82.275615589398
0,0.0,0.5,0.9,864.0720662112001,298.4528041717319,-49.907369658762
0,0.0,0.5,1.0,960.0951881994,317.1235993958995,-15.891411406794003
0,0.0,0.55,0.0,27.281484606200003,124.3386950564275,0.0
0,0.0,0.55,0.5,480.03882886080015,222.3182737427198,0.0
0,0.0,0.55,0.6,576.0448224652,239.8613018861472,-209.43423448332
0,0.0,0.55,0.7,672.0448544106001,258.6194461077746,-187.027042841562
0,0.0,0.55,0.8,768.0693287476,277.9125905995646,-160.33895811225602
0,0.0,0.55,0.9,864.0813824830002,297.0539958751701,-131.072988884376
0,0.0,0.55,1.0,960.0830679374,315.8688497867187,-99.88335444549
0,761.9999756160008,0.0,0.0,0.0,112.5420545154677,0.0
0,761.9999756160008,0.0,0.5,480.0431361902,217.6381177617709,485.569199143182
0,761.9999756160008,0.0,0.6,576.0667095084001,235.1108871018779,545.647764565596
0,761.9999756160008,0.0,0.7,672.0649385956001,253.8116933245033,608.961384278478
0,761.9999756160008,0.0,0.8,768.0782946232001,272.7980751473283,674.072531472648
0,761.9999756160008,0.0,0.9,864.0920002264002,291.8720628117572,740.0639418156602
0,761.9999756160008,0.0,1.0,960.1118168378,311.6292498174726,808.960669241802
0,761.9999756160008,0.05,0.0,0.0,112.5682675890411,0.0
0,761.9999756160008,0.05,0.5,480.0486957552001,217.5914310753878,424.12253428452607
0,761.9999756160008,0.05,0.6,576.0635543014,235.0625012207203,480.500105492022
0,761.9999756160008,0.05,0.7,672.0914841850001,253.7487019472921,540.2792363162041
0,761.9999756160008,0.05,0.8,768.0801975946001,272.7413944634854,602.0317896954901
0,761.9999756160008,0.05,0.9,864.1153405522001,291.7967354301914,664.988491352724
0,761.9999756160008,0.05,1.0,960.1137198092001,311.5229406695092,730.795042568976
0,761.9999756160008,0.1,0.0,0.0,112.6678880289395,0.0
0,761.9999756160008,0.1,0.5,480.05305314120017,217.4506851628414,362.691659272404
0,761.9999756160008,0.1,0.6,576.0832372130001,234.9201131898758,415.37503759336204
0,761.9999756160008,0.1,0.7,672.0924861376001,253.6081843406514,471.6269505892562
0,761.9999756160008,0.1,0.8,768.1032367602,272.5924243920893,530.043687264168
0,761.9999756160008,0.1,0.9,864.1076269122001,291.6422546717772,589.772307215784
0,761.9999756160008,0.1,1.0,960.1157237144001,311.2178336862016,652.8159190850221
0,761.9999756160008,0.15,0.0,0.0,116.7023008723578,0.0
0,761.9999756160008,0.15,0.5,480.0617687338,217.2070280240407,301.24346289160206
0,761.9999756160008,0.15,0.6,576.0651068766001,234.688963284859,350.216183239692
0,761.9999756160008,0.15,0.7,672.0915342416001,253.4144120422752,402.96436011585604
0,761.9999756160008,0.15,0.8,768.0854067634001,272.3388588705434,458.05412670633
0,761.9999756160008,0.15,0.9,864.0998139796001,291.3426017668511,514.645416202302
0,761.9999756160008,0.15,1.0,960.1138199224001,310.7558192585503,574.7429421624661
0,761.9999756160008,0.2,0.0,0.0,117.5886527034383,0.0
0,761.9999756160008,0.2,0.5,480.04483975580007,216.8833178521274,239.77587538535403
0,761.9999756160008,0.2,0.6,576.0275422704,234.3700788822462,285.008868198054
0,761.9999756160008,0.2,0.7,672.0496130700001,253.1164152908464,334.16734309959
0,761.9999756160008,0.2,0.8,768.0566570424,271.9731876637939,385.99285372494
0,761.9999756160008,0.2,0.9,864.0802804172001,290.9214204118662,439.46010716038205
0,761.9999756160008,0.2,1.0,960.0769569292,310.3220735933049,496.36643027248203
0,761.9999756160008,0.25,0.0,1.4811452524000002,113.3153153903656,0.0
0,761.9999756160008,0.25,0.5,480.0328688430001,216.421788106686,178.11242919393
0,761.9999756160008,0.25,0.6,576.0444211918,233.9578917507031,219.767737343154
0,761.9999756160008,0.25,0.7,672.051816381,252.7472320094349,265.417030169214
0,761.9999756160008,0.25,0.8,768.0504967982,271.5414120726663,313.871817128562
0,761.9999756160008,0.25,0.9,864.0820832754001,290.4393599771387,364.13931957156603
0,761.9999756160008,0.25,1.0,960.0871750404,309.7397293216003,417.94546020288607
0,761.9999756160008,0.3,0.0,5.108907892,113.7149311940488,0.0
0,761.9999756160008,0.3,0.5,480.03882886080015,215.877935836433,116.34630251613602
0,761.9999756160008,0.3,0.6,576.0426683902,233.4358978995736,154.39519895230202
0,761.9999756160008,0.3,0.7,672.0646883126,252.2178565792434,196.67757489903602
0,761.9999756160008,0.3,0.8,768.0697800776001,270.9975312641749,241.643339115948
0,761.9999756160008,0.3,0.9,864.0932024053999,289.8480210141522,288.706202417556
0,761.9999756160008,0.3,1.0,960.0922832754001,309.0885395911277,339.43295110355405
0,761.9999756160008,0.35,0.0,8.9397222574,114.1125909588134,0.0
0,761.9999756160008,0.35,0.5,480.0509499434,215.217066029121,54.327689978100004
0,761.9999756160008,0.35,0.6,576.067510414,232.8354786305906,88.86337247218201
0,761.9999756160008,0.35,0.7,672.077911461,251.5416818551211,127.62357042388801
0,761.9999756160008,0.35,0.8,768.0754898124002,270.4369738320784,169.28755882962002
0,761.9999756160008,0.35,0.9,864.1086288648002,289.133925521183,213.10192176134402
0,761.9999756160008,0.35,1.0,960.1078098480002,308.3390360977956,260.67487979841
0,761.9999756160008,0.4,0.0,13.149709623600002,114.5810517534247,0.0
0,761.9999756160008,0.4,0.5,480.0581121401999,214.4311271588497,0.0
0,761.9999756160008,0.4,0.6,576.0653071030001,232.0483402186338,22.984736961186
0,761.9999756160008,0.4,0.7,672.0812668944001,250.817335052708,58.440663650292
0,761.9999756160008,0.4,0.8,768.0894638098,269.7289321883335,96.82636284644401
0,761.9999756160008,0.4,0.9,864.1109322890001,288.3799962617255,137.34331945349402
0,761.9999756160008,0.4,1.0,960.1226348076,307.5250848414225,181.63312949027403
0,761.9999756160008,0.45,0.0,18.0431706268,115.2294573682301,0.0
0,761.9999756160008,0.45,0.5,480.04448853900004,213.3774448767123,0.0
0,761.9999756160008,0.45,0.6,576.05393769,231.1760516570806,-43.182837572952
0,761.9999756160008,0.45,0.7,672.0690456986,249.8516441123106,-11.161953586938
0,761.9999756160008,0.45,0.8,768.0913667812,268.8152963979861,24.062634969450002
0,761.9999756160008,0.45,0.9,864.0990122534001,287.587888921437,61.435019418696
0,761.9999756160008,0.45,1.0,960.1070089424001,306.5971429726027,102.55841475818401
0,761.9999756160008,0.5,0.0,23.4562880684,116.0067659945568,0.0
0,761.9999756160008,0.5,0.5,480.0504994339999,212.1271921453325,0.0
0,761.9999756160008,0.5,0.6,576.0772271386,230.175395292933,-109.74156188457
0,761.9999756160008,0.5,0.7,672.0842719315999,248.773019409961,-81.17491600541402
0,761.9999756160008,0.5,0.8,768.0962747898001,267.8293601506849,-48.994479705864
0,761.9999756160008,0.5,0.9,864.1375779916001,286.5845345241767,-14.728927381476002
0,761.9999756160008,0.5,1.0,960.1227357414001,305.5959588849678,23.180654362866004
0,761.9999756160008,0.55,0.0,30.430507564600003,116.7224465293477,0.0
0,761.9999756160008,0.55,0.5,480.05074971700003,210.725043003538,0.0
0,761.9999756160008,0.55,0.6,576.0501309266,228.828370799238,-176.83386264020402
0,761.9999756160008,0.55,0.7,672.0581776722,247.5252939501044,-151.707113361804
0,761.9999756160008,0.55,0.8,768.0802476512,266.5840618445977,-122.707271795262
0,761.9999756160008,0.55,0.9,864.0890953024,285.4296402105597,-91.32292364302802
0,761.9999756160008,0.55,1.0,960.0881761724002,304.5788406357616,-56.440510406742
0,1523.999951232002,0.0,0.0,0.0,109.2828440828268,0.0
0,1523.999951232002,0.0,0.5,480.06046644160006,206.1499395523905,472.504189838142
0,1523.999951232002,0.0,0.6,576.0681119138,223.8819142248934,535.235640306906
0,1523.999951232002,0.0,0.7,672.0900817796002,242.3216306557199,600.329461239354
0,1523.999951232002,0.0,0.8,768.0951735446,261.2013033274064,666.5410144349881
0,1523.999951232002,0.0,0.9,864.1092295440002,281.207858394448,734.91279185016
0,1523.999951232002,0.0,1.0,960.1262413446001,302.1810466315885,803.3337736956839
0,1523.999951232002,0.05,0.0,0.0,109.3896458662796,0.0
0,1523.999951232002,0.05,0.5,480.0689309305999,206.1073502084732,414.76247277234
0,1523.999951232002,0.05,0.6,576.0626024054001,223.8453211858841,473.77370426416803
0,1523.999951232002,0.05,0.7,672.0672428404,242.279712194321,535.376750745144
0,1523.999951232002,0.05,0.8,768.0850054900001,261.1512472575524,598.4053899058621
0,1523.999951232002,0.05,0.9,864.0962074426001,281.1139137890774,663.817121563134
0,1523.999951232002,0.05,1.0,960.1236367602,302.0612314115032,729.705499120752
0,1523.999951232002,0.1,0.0,0.0,109.7263554396262,0.0
0,1523.999951232002,0.1,0.5,480.05305314120017,205.9958157558741,357.015265713414
0,1523.999951232002,0.1,0.6,576.0846896750002,223.751819157126,412.33110552341407
0,1523.999951232002,0.1,0.7,672.0782618572,242.1561275875896,470.45871723958805
0,1523.999951232002,0.1,0.8,768.0876100744,260.9935683450967,530.317022376372
0,1523.999951232002,0.1,0.9,864.1062245068,280.8472127246666,592.88757494505
0,1523.999951232002,0.1,1.0,960.127143184,301.7085525885876,656.352130324506
0,1523.999951232002,0.15,0.0,1.38628061,105.0523744784541,0.0
0,1523.999951232002,0.15,0.5,480.05741052720003,205.8200188048626,299.285756787402
0,1523.999951232002,0.15,0.6,576.0756245068,223.5711108220993,350.848829105082
0,1523.999951232002,0.15,0.7,672.0771097348,241.9481638315341,405.53780662533603
0,1523.999951232002,0.15,0.8,768.083553028,260.7320359766851,462.239037882006
0,1523.999951232002,0.15,0.9,864.1216509661999,280.4100691377121,521.991814781976
0,1523.999951232002,0.15,1.0,960.1270430708,301.1168992371405,583.0560981944161
0,1523.999951232002,0.2,0.0,3.451373849,105.3312183293114,0.0
0,1523.999951232002,0.2,0.5,480.04258556760004,205.519295014243,241.49169885132602
0,1523.999951232002,0.2,0.6,576.0779287516001,223.283450526989,289.410731962968
0,1523.999951232002,0.2,0.7,672.0618835017999,241.651509312982,340.567549682514
0,1523.999951232002,0.2,0.8,768.0869092820001,260.3713046921891,394.14037049910604
0,1523.999951232002,0.2,0.9,864.1255578428002,279.9126181714597,450.802775467506
0,1523.999951232002,0.2,1.0,960.1115164982,300.2833024447065,509.6416153035901
0,1523.999951232002,0.25,0.0,6.007923607400001,105.7002018430554,0.0
0,1523.999951232002,0.25,0.5,480.0478948496,205.1543091930509,183.62747958601202
0,1523.999951232002,0.25,0.6,576.0772771952,222.8987761284587,227.88077774338802
0,1523.999951232002,0.25,0.7,672.0674430668,241.2976024101424,275.55529086716405
0,1523.999951232002,0.25,0.8,768.0725348318001,259.9727382535607,325.796850401484
0,1523.999951232002,0.25,0.9,864.0921003396,279.3335862067495,379.484540272068
0,1523.999951232002,0.25,1.0,960.1140201488001,299.3189822754242,435.886562010438
0,1523.999951232002,0.3,0.0,9.023821448400001,106.1813485863195,0.0
0,1523.999951232002,0.3,0.5,480.05024833040005,204.7047014135898,125.63640820684802
0,1523.999951232002,0.3,0.6,576.0465252102001,222.4239120081648,166.242809621658
0,1523.999951232002,0.3,0.7,672.0684950760001,240.8520924409871,210.46042282372804
0,1523.999951232002,0.3,0.8,768.0701805304,259.4926198225529,257.44306470174604
0,1523.999951232002,0.3,0.9,864.0745706824001,278.6911628616529,308.03336601853204
0,1523.999951232002,0.3,1.0,960.1004974814001,298.3882993322145,361.63206124122
0,1523.999951232002,0.35,0.0,12.6565872862,106.7824172171823,0.0
0,1523.999951232002,0.35,0.5,480.0280609476,204.1751402509299,67.46012050885801
0,1523.999951232002,0.35,0.6,576.03941307,221.8934086158033,104.47872334237802
0,1523.999951232002,0.35,0.7,672.0760076690001,240.3578962374127,145.304333038788
0,1523.999951232002,0.35,0.8,768.0519492602001,258.9198414747347,188.94749332397402
0,1523.999951232002,0.35,0.9,864.0874926706,277.9954277483444,236.493236261436
0,1523.999951232002,0.35,1.0,960.0812642586001,297.4521052341468,286.96169104633805
0,1523.999951232002,0.4,0.0,16.624088173,107.4184587572349,0.0
0,1523.999951232002,0.4,0.5,480.0465425007999,203.5342163329402,9.055890449298001
0,1523.999951232002,0.4,0.6,576.0447215314001,221.2657624640298,42.50363441293201
0,1523.999951232002,0.4,0.7,672.0610825962001,239.6708989712419,79.946390592222
0,1523.999951232002,0.4,0.8,768.0683776722,258.2860698942212,120.339856605276
0,1523.999951232002,0.4,0.9,864.0630510996001,277.2920687148689,164.590620166896
0,1523.999951232002,0.4,1.0,960.0816655320001,296.5274476019233,212.01756983068202
0,1523.999951232002,0.45,0.0,21.258389746,108.0718183294929,0.0
0,1523.999951232002,0.45,0.5,480.03407102200003,202.7860265342466,0.0
0,1523.999951232002,0.45,0.6,576.0344541842001,220.54571323959,-19.741985915652002
0,1523.999951232002,0.45,0.7,672.0438032220001,238.8810765613717,14.299543373808
0,1523.999951232002,0.45,0.8,768.0609651924001,257.6026422470289,51.605891328222
0,1523.999951232002,0.45,0.9,864.0766738802001,276.5461348405153,92.58239265382801
0,1523.999951232002,0.45,1.0,960.0850710220001,295.6276893486347,136.838753855496
0,1523.999951232002,0.5,0.0,27.067854525800005,108.6536774511476,0.0
0,1523.999951232002,0.5,0.5,480.05936437580004,201.8388817059784,0.0
0,1523.999951232002,0.5,0.6,576.0683121402,219.7061482126463,-82.309328648778
0,1523.999951232002,0.5,0.7,672.0823189036001,238.0167403436452,-51.592044019362
0,1523.999951232002,0.5,0.8,768.1044889958001,256.6784126883788,-17.444825022702002
0,1523.999951232002,0.5,0.9,864.1049222146,275.7065698135717,20.41607095374
0,1523.999951232002,0.5,1.0,960.106107103,294.7264461712783,61.499079124560005
0,1523.999951232002,0.55,0.0,33.591728742,109.363597004536,0.0
0,1523.999951232002,0.55,0.5,480.04989793420003,200.5856595943029,0.0
0,1523.999951232002,0.55,0.6,576.0642550938,218.7293778860565,-145.339572727272
0,1523.999951232002,0.55,0.7,672.0757073294001,236.9852594073301,-118.00066448154601
0,1523.999951232002,0.55,0.8,768.0749383692,255.6927332852218,-86.870460930792
0,1523.999951232002,0.55,0.9,864.1017169510002,274.775515873265,-51.96020139248401
0,1523.999951232002,0.55,1.0,960.0946876334001,293.7613550017237,-14.078245763274
0,2285.999926848002,0.0,0.0,2.623716689,97.37877391717319,0.0
0,2285.999926848002,0.0,0.5,480.0580620836,196.301028624331,461.089882503096
0,2285.999926848002,0.0,0.6,576.0631530280001,214.0268638328949,525.1508703441001
0,2285.999926848002,0.0,0.7,672.0865761764001,232.4070298494965,591.7624590814861
0,2285.999926848002,0.0,0.8,768.0951735446,251.9083809062869,660.189151107024
0,2285.999926848002,0.0,0.9,864.1219513058,272.8883364486074,729.2501379531061
0,2285.999926848002,0.0,1.0,960.1205316098001,295.27112698612,797.4221960729641
0,2285.999926848002,0.05,0.0,2.8669975092,97.42511112709789,0.0
0,2285.999926848002,0.05,0.5,480.05105005660005,196.2665773567087,406.9144248477
0,2285.999926848002,0.05,0.6,576.0515333320001,213.9889290288488,467.345612234886
0,2285.999926848002,0.05,0.7,672.080365055,232.3577443120748,530.603612739354
0,2285.999926848002,0.05,0.8,768.0895639230001,251.8372229145423,595.967118574674
0,2285.999926848002,0.05,0.9,864.0934026318,272.7738896921891,662.4146729720521
0,2285.999926848002,0.05,1.0,960.1074093952,295.0996561513199,728.3239536050941
0,2285.999926848002,0.1,0.0,3.6213849364,97.54758227469837,0.0
0,2285.999926848002,0.1,0.5,480.05936437580004,196.1538578654632,352.7519582188141
0,2285.999926848002,0.1,0.6,576.0520847752,213.8926283813844,409.558203942888
0,2285.999926848002,0.1,0.7,672.0910336756001,232.2207818213735,469.50864506053205
0,2285.999926848002,0.1,0.8,768.085707103,251.6294303879162,531.8311693302301
0,2285.999926848002,0.1,0.9,864.1152396184,272.4397710166016,595.8444842630281
0,2285.999926848002,0.1,1.0,960.1125176302002,294.5803317950649,659.498082320154
0,2285.999926848002,0.15,0.0,4.9461353172,97.76739641721854,0.0
0,2285.999926848002,0.15,0.5,480.0413833886001,195.9646404570444,298.57952935641606
0,2285.999926848002,0.15,0.6,576.0418166074,213.7288956197042,351.8042395929601
0,2285.999926848002,0.15,0.7,672.0528183336,231.9940291442439,408.38429466450003
0,2285.999926848002,0.15,0.8,768.0757400954,251.2715257925247,467.703689941488
0,2285.999926848002,0.15,0.9,864.0768749272,271.87607297478,529.2621265585501
0,2285.999926848002,0.15,1.0,960.0875754932001,293.7496763125284,590.6776569909599
0,2285.999926848002,0.2,0.0,6.6906742958,98.07171041177538,0.0
0,2285.999926848002,0.2,0.5,480.0684796006,195.6926284732832,244.39692296665802
0,2285.999926848002,0.2,0.6,576.0753742238002,213.5092246362152,294.003184606824
0,2285.999926848002,0.2,0.7,672.0848225542,231.7466026187971,347.1639672496382
0,2285.999926848002,0.2,0.8,768.0904649418001,250.8405212016693,403.45391875404005
0,2285.999926848002,0.2,0.9,864.1304658514001,271.1010988699084,462.652592898804
0,2285.999926848002,0.2,1.0,960.1267419106,292.6600578387009,521.7291171430801
0,2285.999926848002,0.25,0.0,8.9042953142,98.49990936632497,0.0
0,2285.999926848002,0.25,0.5,480.057310414,195.3817679940125,190.120825223406
0,2285.999926848002,0.25,0.6,576.0596474248,213.2218646943663,236.15732892813602
0,2285.999926848002,0.25,0.7,672.066792331,231.4238632148236,285.890569901244
0,2285.999926848002,0.25,0.8,768.0941715920001,250.2507813157036,339.08827543899
0,2285.999926848002,0.25,0.9,864.1016168378001,270.2566509971877,395.614345578144
0,2285.999926848002,0.25,1.0,960.108310414,291.2509126179806,452.47449305289007
0,2285.999926848002,0.3,0.0,11.622819203600002,98.9733891481448,0.0
0,2285.999926848002,0.3,0.5,480.05665967820005,194.9998487050712,135.750741929418
0,2285.999926848002,0.3,0.6,576.045222918,212.8498968294475,178.27580786631
0,2285.999926848002,0.3,0.7,672.087828412,231.0228555872267,224.614006754676
0,2285.999926848002,0.3,0.8,768.0777431800001,249.7171228105779,274.58495170814405
0,2285.999926848002,0.3,0.9,864.0999140928002,269.4580907401796,328.197230015424
0,2285.999926848002,0.3,1.0,960.1029018394001,289.8210654785449,382.81296848302213
0,2285.999926848002,0.35,0.0,14.845171798600003,99.55827472657172,0.0
0,2285.999926848002,0.35,0.5,480.0515506226,194.5432878879616,81.21806774281201
0,2285.999926848002,0.35,0.6,576.0586955288001,212.3402099765944,120.276506390502
0,2285.999926848002,0.35,0.7,672.0547713616,230.571420424839,163.144080374352
0,2285.999926848002,0.35,0.8,768.0979775348001,249.1397184611268,209.96638705211402
0,2285.999926848002,0.35,0.9,864.0943044712001,268.5544779533702,260.51155494949205
0,2285.999926848002,0.35,1.0,960.1022002264001,288.2817110371043,312.55295148092404
0,2285.999926848002,0.4,0.0,18.893432034400004,100.1577017069763,0.0
0,2285.999926848002,0.4,0.5,480.03832829480007,194.012270807312,26.500867156302004
0,2285.999926848002,0.4,0.6,576.0408154754,211.7464438598385,62.099171581524004
0,2285.999926848002,0.4,0.7,672.0572758328,230.0531384160392,101.657361073884
0,2285.999926848002,0.4,0.8,768.0707812096,248.5607725789712,145.143508534332
0,2285.999926848002,0.4,0.9,864.0862904915999,267.6288205471287,192.566729700114
0,2285.999926848002,0.4,1.0,960.0936856807999,287.0465208814297,241.69690813976402
0,2285.999926848002,0.45,0.0,23.862525277800003,100.7680723999819,0.0
0,2285.999926848002,0.45,0.5,480.0534544146,193.3829254607639,0.0
0,2285.999926848002,0.45,0.6,576.0560909444001,211.1365587847229,3.7169699970480004
0,2285.999926848002,0.45,0.7,672.0622847751999,229.4022771092262,39.987343527054
0,2285.999926848002,0.45,0.8,768.0711324264,247.9604674629412,80.243280808614
0,2285.999926848002,0.45,0.9,864.0892955288,266.8226073638755,124.34901460535401
0,2285.999926848002,0.45,1.0,960.0987947364001,285.8298342644471,170.48543422772403
0,2285.999926848002,0.5,0.0,29.521011966600003,101.4799194540506,0.0
0,2285.999926848002,0.5,0.5,480.0385785778,192.6682161617527,0.0
0,2285.999926848002,0.5,0.6,576.0584953024002,210.4228057506124,-54.969520083324014
0,2285.999926848002,0.5,0.7,672.0733029714002,228.5649680066225,-22.001406775656005
0,2285.999926848002,0.5,0.8,768.0714327660002,247.2598495038556,15.1652497227
0,2285.999926848002,0.5,0.9,864.091299434,266.0765307983308,56.019043341030006
0,2285.999926848002,0.5,1.0,960.0974924442002,284.6821357974236,98.949409732866
0,2285.999926848002,0.55,0.0,35.8389434832,102.2610115022226,0.0
0,2285.999926848002,0.55,0.5,480.05380481080005,191.7896884863467,0.0
0,2285.999926848002,0.55,0.6,576.0681119138,209.6096966061871,-114.00565226589002
0,2285.999926848002,0.55,0.7,672.076458999,227.7384814460673,-84.28734577032002
0,2285.999926848002,0.55,0.8,768.0927691866,246.4026950975234,-50.151816250998
0,2285.999926848002,0.55,0.9,864.0968089424001,265.2571540018144,-12.48212567679
0,2285.999926848002,0.55,1.0,960.0951881994,283.7064793978046,27.223892400474003
0,3047.999902464003,0.0,0.0,5.3538414006,90.58480045522998,0.0
0,3047.999902464003,0.0,0.5,480.04373769000006,186.9740834770026,450.894838052736
0,3047.999902464003,0.0,0.6,576.0562419348,204.829642288397,516.58229751975
0,3047.999902464003,0.0,0.7,672.0604810964002,223.8474914955094,584.736290528544
0,3047.999902464003,0.0,0.8,768.0743877466001,244.2061541528622,654.609218978022
0,3047.999902464003,0.0,0.9,864.0740701164001,266.3850642415858,723.6335471534401
0,3047.999902464003,0.0,1.0,960.0958898124,289.3893469638937,793.011245929056
0,3047.999902464003,0.05,0.0,5.5603453906,90.6267474548671,0.0
0,3047.999902464003,0.05,0.5,480.0552072162,186.9492977831806,400.040380970538
0,3047.999902464003,0.05,0.6,576.0608496038001,204.8011162140071,462.23724702863404
0,3047.999902464003,0.05,0.7,672.0534190128001,223.791738538329,527.2234112509981
0,3047.999902464003,0.05,0.8,768.0757400954,244.101986776286,594.3260510043781
0,3047.999902464003,0.05,0.9,864.0781763988001,266.2375505560192,661.021780491996
0,3047.999902464003,0.05,1.0,960.1027007924,289.2149638252745,728.199792664344
0,3047.999902464003,0.1,0.0,6.227496473,90.75265208001453,0.0
0,3047.999902464003,0.1,0.5,480.04834535900005,186.8736995222716,349.172331017664
0,3047.999902464003,0.1,0.6,576.0644553202001,204.7146528376123,407.900710430598
0,3047.999902464003,0.1,0.7,672.0704481040001,223.6219949687018,469.77884373281415
0,3047.999902464003,0.1,0.8,768.1020345812001,243.7874855663613,534.227517077562
0,3047.999902464003,0.1,0.9,864.1088290911999,265.7707955059421,598.634785500906
0,3047.999902464003,0.1,1.0,960.1077097348001,288.6899856229701,663.6359958274201
0,3047.999902464003,0.15,0.0,7.3549705108,90.98852108681848,0.0
0,3047.999902464003,0.15,0.5,480.0545056032,186.7467165259911,298.322615293164
0,3047.999902464003,0.15,0.6,576.0490789174,204.5676533081738,353.561556055092
0,3047.999902464003,0.15,0.7,672.0575761724001,223.3329929085548,412.31001651239404
0,3047.999902464003,0.15,0.8,768.0828522356001,243.2616507490702,474.12954095753406
0,3047.999902464003,0.15,0.9,864.0999140928002,265.0529881706432,536.25682795839
0,3047.999902464003,0.15,1.0,960.0985945100001,287.8222659865735,599.16821026062
0,3047.999902464003,0.2,0.0,8.9454787664,91.30095210487164,0.0
0,3047.999902464003,0.2,0.5,480.052452462,186.5288013459131,247.49464424731204
0,3047.999902464003,0.2,0.6,576.0560909444001,204.3677990901751,299.21745970716603
0,3047.999902464003,0.2,0.7,672.0577263422001,222.905443783725,354.808709279178
0,3047.999902464003,0.2,0.8,768.0726850016001,242.5234839539145,413.937158485158
0,3047.999902464003,0.2,0.9,864.0957068766,264.0694790771115,473.72140253823005
0,3047.999902464003,0.2,1.0,960.0963903784001,286.6113759068312,534.60246599298
0,3047.999902464003,0.25,0.0,10.9351523006,91.6826496376667,0.0
0,3047.999902464003,0.25,0.5,480.0626697526001,186.2289346381203,196.59968745648
0,3047.999902464003,0.25,0.6,576.0610498302001,204.1070377220358,244.83767351089202
0,3047.999902464003,0.25,0.7,672.0770096216,222.4673008905924,297.22581546365404
0,3047.999902464003,0.25,0.8,768.0974269122,241.9966212922072,353.277319245312
0,3047.999902464003,0.25,0.9,864.1228531452001,262.82215315259,410.9464676052119
0,3047.999902464003,0.25,1.0,960.1169250728001,285.2103402241677,469.800162716808
0,3047.999902464003,0.3,0.0,13.466220787800001,92.16502399301461,0.0
0,3047.999902464003,0.3,0.5,480.0628199224,185.8536259279688,145.62798819492
0,3047.999902464003,0.3,0.6,576.0704153380001,203.7943779302368,190.415122127538
0,3047.999902464003,0.3,0.7,672.096543184,222.0030586089994,239.47567747257003
0,3047.999902464003,0.3,0.8,768.1164090314,241.3423760988842,292.498990100394
0,3047.999902464003,0.3,0.9,864.1049222146,261.5307103866461,347.759695113138
0,3047.999902464003,0.3,1.0,960.1200310438,283.426529105416,404.57732205290404
0,3047.999902464003,0.35,0.0,17.022288426,92.64619178907739,0.0
0,3047.999902464003,0.35,0.5,480.053154075,185.4078731498685,94.51169464921801
0,3047.999902464003,0.35,0.6,576.0635543014,203.4307053358432,135.941766289098
0,3047.999902464003,0.35,0.7,672.0769595649999,221.6005800925338,181.56761165789402
0,3047.999902464003,0.35,0.8,768.0862577256,240.5429877651275,231.501599465136
0,3047.999902464003,0.35,0.9,864.0874926706,260.0853005505761,284.06473127894407
0,3047.999902464003,0.35,1.0,960.1004974814001,281.5115946066406,338.69749263966
0,3047.999902464003,0.4,0.0,21.1093499122,93.18482577229429,0.0
0,3047.999902464003,0.4,0.5,480.0411831622,184.9559523695909,43.235731356972
0,3047.999902464003,0.4,0.6,576.0649066502,202.9442191349905,81.36250055656801
0,3047.999902464003,0.4,0.7,672.0843720448,221.1349820107049,123.624756314598
0,3047.999902464003,0.4,0.8,768.0834028582001,239.7117325117482,170.299792214244
0,3047.999902464003,0.4,0.9,864.0957068766,259.0772345369681,219.89862132361202
0,3047.999902464003,0.4,1.0,960.1069080086002,279.4532301974054,272.09680559985003
0,3047.999902464003,0.45,0.0,25.7464628608,93.76796256490974,0.0
0,3047.999902464003,0.45,0.5,480.0689309305999,184.4249493241404,0.0
0,3047.999902464003,0.45,0.6,576.0692640362,202.3208134847138,26.562162293436003
0,3047.999902464003,0.45,0.7,672.0874271386001,220.6183706584414,65.597755328028
0,3047.999902464003,0.45,0.8,768.0887121402001,239.0551457793704,108.867645011202
0,3047.999902464003,0.45,0.9,864.1136369866001,258.0035782951102,155.45823679201203
0,3047.999902464003,0.45,1.0,960.1227357414001,277.4904094705616,204.742291616478
0,3047.999902464003,0.5,0.0,31.032577681600003,94.44350944779099,0.0
0,3047.999902464003,0.5,0.5,480.0516507358,183.8197899005715,0.0
0,3047.999902464003,0.5,0.6,576.0635042448,201.6513630244942,-28.509754479822
0,3047.999902464003,0.5,0.7,672.0779615176001,220.0173656538148,7.416315256812002
0,3047.999902464003,0.5,0.8,768.0807982738,238.4340957033476,47.40320862400201
0,3047.999902464003,0.5,0.9,864.0809812096,256.8696717504309,90.68560981557
0,3047.999902464003,0.5,1.0,960.1090120270001,276.1280084805407,137.03757772412402
0,3047.999902464003,0.55,0.0,38.499335248,95.31289272312438,0.0
0,3047.999902464003,0.55,0.5,480.05175166960004,183.1524381704618,0.0
0,3047.999902464003,0.55,0.6,576.0518837282,200.9631236432006,-83.870620062306
0,3047.999902464003,0.55,0.7,672.0631357374001,219.2043140537059,-51.135557452056005
0,3047.999902464003,0.55,0.8,768.0753396426,237.7495115557471,-14.165302766538002
0,3047.999902464003,0.55,0.9,864.0733685034,256.0345614956908,25.660697593608
0,3047.999902464003,0.55,1.0,960.0844703428,274.709925645015,68.93637574546801
0,3809.999878080004,0.0,0.0,8.0013719016,84.6420922300644,0.0
0,3809.999878080004,0.0,0.5,469.33106071720005,176.5889011575796,435.61994504490013
0,3809.999878080004,0.0,0.6,563.1908923674,194.4688316244217,501.027498044304
0,3809.999878080004,0.0,0.7,657.0515749798001,213.2656105386918,569.94845581443
0,3809.999878080004,0.0,0.8,750.92933674,233.9701131342647,638.2837262432399
0,3809.999878080004,0.0,0.9,844.7772483546,255.9531236562642,706.1501943180301
0,3809.999878080004,0.0,1.0,938.6492002668,278.5050149512837,775.0914973567922
0,3809.999878080004,0.05,0.0,8.1985629022,84.677649939218,0.0
0,3809.999878080004,0.05,0.5,470.17835647640004,176.7183393780278,388.7276434013281
0,3809.999878080004,0.05,0.6,564.2026683700001,194.6266532280686,451.03352154214207
0,3809.999878080004,0.05,0.7,658.2449111942,213.4476891769936,517.081074649062
0,3809.999878080004,0.05,0.8,752.2779378598001,234.162157699628,583.103506878354
0,3809.999878080004,0.05,0.9,846.292633142,256.1560904135898,648.945146098788
0,3809.999878080004,0.05,1.0,940.3387828428001,278.7443029325955,715.9612132600621
0,3809.999878080004,0.1,0.0,8.8163245324,84.78260983670508,0.0
0,3809.999878080004,0.1,0.5,472.77453547060003,177.1238588543046,342.853172782428
0,3809.999878080004,0.1,0.6,567.3344111336002,195.1027173578881,402.36117036330603
0,3809.999878080004,0.1,0.7,661.9102146426001,214.0161844498775,465.93476718373205
0,3809.999878080004,0.1,0.8,756.4602234112001,234.7671889350449,529.9182541324981
0,3809.999878080004,0.1,0.9,851.0045725016,256.8101639096435,594.1068769740721
0,3809.999878080004,0.1,1.0,945.556684468,279.4811565009525,659.5104763955401
0,3809.999878080004,0.15,0.0,9.828465702,84.99617036233332,0.0
0,3809.999878080004,0.15,0.5,477.16512622900007,177.8091569257008,297.840562581408
0,3809.999878080004,0.15,0.6,572.5906790912001,195.9076168465028,354.7864214728681
0,3809.999878080004,0.15,0.7,668.0227926504,214.9941112768757,416.1387876261
0,3809.999878080004,0.15,0.8,763.456509662,235.7694153701352,478.39646930321413
0,3809.999878080004,0.15,0.9,858.8862188632,257.900410224712,541.242749681634
0,3809.999878080004,0.15,1.0,954.3187336958,280.7143765825093,605.28302038281
0,3809.999878080004,0.2,0.0,11.468434802,85.25676050104329,0.0
0,3809.999878080004,0.2,0.5,480.05495693320006,178.1736861350812,251.67399692727602
0,3809.999878080004,0.2,0.6,576.0523851148,196.3026277013517,305.789402278206
0,3809.999878080004,0.2,0.7,672.0550224652001,215.4884071303638,364.571869377408
0,3809.999878080004,0.2,0.8,768.0898642626,235.9922419342284,424.99163640456607
0,3809.999878080004,0.2,0.9,864.0869921046,258.0243377581421,486.25112772759604
0,3809.999878080004,0.2,1.0,960.0990950760001,280.9367320317518,548.715060911094
0,3809.999878080004,0.25,0.0,13.690312697600001,85.56774215086638,0.0
0,3809.999878080004,0.25,0.5,480.03427124840005,177.9496319589041,203.79638341616402
0,3809.999878080004,0.25,0.6,576.0457735406001,195.9543751124014,254.61290963677803
0,3809.999878080004,0.25,0.7,672.0729025186,215.0904975390547,310.273953559878
0,3809.999878080004,0.25,0.8,768.0626679374001,234.9596330357435,368.27700799890005
0,3809.999878080004,0.25,0.9,864.0792784646001,256.7646192206296,427.50490828353
0,3809.999878080004,0.25,1.0,960.0922832754001,279.4551717332849,488.02233064292403
0,3809.999878080004,0.3,0.0,16.4387671514,85.95271643481811,0.0
0,3809.999878080004,0.3,0.5,480.05380481080005,177.6587880127914,155.9131135485
0,3809.999878080004,0.3,0.6,576.0592970286001,195.6198709366779,203.27884636382402
0,3809.999878080004,0.3,0.7,672.0564749272,214.5994854543228,255.85078565323204
0,3809.999878080004,0.3,0.8,768.0775930102001,234.0475677841785,311.29837061908205
0,3809.999878080004,0.3,0.9,864.087692897,255.2668973903656,368.386308771096
0,3809.999878080004,0.3,1.0,960.0989949628,277.6658494596752,426.95901605280005
0,3809.999878080004,0.35,0.0,19.668728349600002,86.402859891046,0.0
0,3809.999878080004,0.35,0.5,480.05019827380005,177.2586084619432,107.98170593364001
0,3809.999878080004,0.35,0.6,576.0497304738001,195.2597394230246,151.910228428266
0,3809.999878080004,0.35,0.7,672.0725020658001,213.9993085264447,201.26465498277602
0,3809.999878080004,0.35,0.8,768.0830024054001,233.1740230723033,253.80340966134003
0,3809.999878080004,0.35,0.9,864.0892955288,253.6543002622698,308.65119575274605
0,3809.999878080004,0.35,1.0,960.1038028582002,275.5776742874898,365.356194651756
0,3809.999878080004,0.4,0.0,23.407461547800004,86.94452079887508,0.0
0,3809.999878080004,0.4,0.5,480.0647237143999,176.7616571487798,59.890560069648004
0,3809.999878080004,0.4,0.6,576.0734211958,194.8420841779008,100.52063402165399
0,3809.999878080004,0.4,0.7,672.1059086918,213.3425510324776,146.508031156872
0,3809.999878080004,0.4,0.8,768.1046391656,232.4428228821555,196.02040021410002
0,3809.999878080004,0.4,0.9,864.1042214222001,251.9843080586955,248.33200031085602
0,3809.999878080004,0.4,1.0,960.1300481080002,273.4747354893405,303.12546874302
0,3809.999878080004,0.45,0.0,27.8409549154,87.53737322416765,0.0
0,3809.999878080004,0.45,0.5,480.0419848884,176.1803407214914,11.611790510166
0,3809.999878080004,0.45,0.6,576.0470257762,194.3687615903112,49.038756842922005
0,3809.999878080004,0.45,0.7,672.0788124798,212.7494843364783,91.56576042444603
0,3809.999878080004,0.45,0.8,768.0757400954,231.6192200871814,137.99339922753
0,3809.999878080004,0.45,0.9,864.0899971418,250.670278446793,187.39101666377402
0,3809.999878080004,0.45,1.0,960.0978928970001,271.2241697883517,240.015932918916
0,3809.999878080004,0.5,0.0,34.352582497200004,88.27275637149597,0.0
0,3809.999878080004,0.5,0.5,480.0463422744,175.6241384116847,0.0
0,3809.999878080004,0.5,0.6,576.052485228,193.7192284811757,-2.657327928486
0,3809.999878080004,0.5,0.7,672.0683449062,212.2287040622335,36.664478704854
0,3809.999878080004,0.5,0.8,768.0636190128,230.6998878773474,79.67002668702
0,3809.999878080004,0.5,0.9,864.1079272518001,249.6240348201941,126.21362079942001
0,3809.999878080004,0.5,1.0,960.0934854544001,269.0756863011885,176.08440518314802
0,3809.999878080004,0.55,0.0,41.6990039972,89.08646481892407,0.0
0,3809.999878080004,0.55,0.5,480.05771168740006,174.9977198719949,0.0
0,3809.999878080004,0.55,0.6,576.0612500566001,192.9250369138166,-54.67162190028
0,3809.999878080004,0.55,0.7,672.0850736578,211.6197752520185,-18.32882156259
0,3809.999878080004,0.55,0.8,768.0818002264,229.9341653079017,21.20524523271
0,3809.999878080004,0.55,0.9,864.0935027450001,248.5685677285676,64.61591262726601
0,3809.999878080004,0.55,1.0,960.1024004527999,267.5135737843601,111.449605413762
0,4571.999853696005,0.0,0.0,10.7360476608,78.86149570107956,0.0
0,4571.999853696005,0.0,0.5,442.81742712240003,164.1491663890048,410.60227635180604
0,4571.999853696005,0.0,0.6,531.3780676908001,180.9849093859203,472.93555063477805
0,4571.999853696005,0.0,0.7,619.9435662112,198.6575469792253,539.1679677615001
0,4571.999853696005,0.0,0.8,708.523490059,218.4241286793976,603.6730480944241
0,4571.999853696005,0.0,0.9,797.0768683174001,239.291036306813,668.63744317293
0,4571.999853696005,0.0,1.0,885.6330505660001,260.8185849677946,734.416069798488
0,4571.999853696005,0.05,0.0,10.8587396698,78.88928679887509,0.0
0,4571.999853696005,0.05,0.5,443.64313535740007,164.2785480008165,367.48917441343804
0,4571.999853696005,0.05,0.6,532.3603931800001,181.147956762043,426.97977233696406
0,4571.999853696005,0.05,0.7,621.0894208684,198.8356424280142,490.59745546581007
0,4571.999853696005,0.05,0.8,709.8051261158001,218.6260245510297,553.0048348698721
0,4571.999853696005,0.05,0.9,798.5507824425999,239.4954734851674,616.1245971517561
0,4571.999853696005,0.05,1.0,887.2665377466001,261.0401123402885,680.1482951196782
0,4571.999853696005,0.1,0.0,11.523315709400002,78.98881413861926,0.0
0,4571.999853696005,0.1,0.5,446.06927454320004,164.6569402442167,325.295680574634
0,4571.999853696005,0.1,0.6,535.2793732374,181.6356420367414,382.31097662511604
0,4571.999853696005,0.1,0.7,624.4818592254,199.370700242493,443.620303580916
0,4571.999853696005,0.1,0.8,713.7274677434,219.1601682062052,504.27502959187206
0,4571.999853696005,0.1,0.9,802.9315563632001,240.1004471762679,565.790084498562
0,4571.999853696005,0.1,1.0,892.1341424644002,261.7184573740361,628.3628780804761
0,4571.999853696005,0.15,0.0,12.6684203382,79.16505366624331,0.0
0,4571.999853696005,0.15,0.5,450.10155441460006,165.283429895582,283.896895045302
0,4571.999853696005,0.15,0.6,540.1309508166,182.4381999863014,338.684873484342
0,4571.999853696005,0.15,0.7,630.1536355311999,200.2636911906015,398.020401120804
0,4571.999853696005,0.15,0.8,720.1718627466,220.0707344985031,457.08833807637006
0,4571.999853696005,0.15,0.9,810.1907406978,241.101660269981,517.284639875388
0,4571.999853696005,0.15,1.0,900.2124242804,262.8404569236143,578.71323962298
0,4571.999853696005,0.2,0.0,14.261144213800002,79.4152282836796,0.0
0,4571.999853696005,0.2,0.5,455.8138494866,166.1711094565001,243.13541845038603
0,4571.999853696005,0.2,0.6,546.9580482212001,183.5762614177629,295.96111579095606
0,4571.999853696005,0.2,0.7,638.1352523084001,201.5251940697632,353.46464446524004
0,4571.999853696005,0.2,0.8,729.2911708522001,221.3527254935136,411.2265600084179
0,4571.999853696005,0.2,0.9,820.4451355474001,242.5178586461036,470.39719702252205
0,4571.999853696005,0.2,1.0,911.6141763058,264.4351788220993,530.920217021964
0,4571.999853696005,0.25,0.0,16.313782386,79.72364008854214,0.0
0,4571.999853696005,0.25,0.5,463.18467481000005,167.3157239224349,202.82872564416002
0,4571.999853696005,0.25,0.6,555.8276805708001,185.0422445165563,253.92008424783003
0,4571.999853696005,0.25,0.7,648.4617204560001,203.244171925338,309.701873768364
0,4571.999853696005,0.25,0.8,741.0890987104001,223.0294569318697,366.38219705656803
0,4571.999853696005,0.25,0.9,833.7343578388002,244.3743697571442,424.89263548578003
0,4571.999853696005,0.25,1.0,926.3773635996001,266.4970557738365,484.72832008939804
0,4571.999853696005,0.3,0.0,18.820535674600002,80.10057641395265,0.0
0,4571.999853696005,0.3,0.5,472.41742676260003,168.7488407954278,162.92483784145801
0,4571.999853696005,0.3,0.6,566.9136936166001,186.8689022912093,212.43857205740403
0,4571.999853696005,0.3,0.7,661.3957870674001,205.3755652183616,266.61113303193605
0,4571.999853696005,0.3,0.8,755.8801839424001,225.1742847174998,322.51041917001606
0,4571.999853696005,0.3,0.9,850.3654818362002,246.7282466875624,380.64400039743
0,4571.999853696005,0.3,1.0,944.856290059,268.9905076133539,439.620926771796
0,4571.999853696005,0.35,0.0,21.7702480226,80.55695149859386,0.0
0,4571.999853696005,0.35,0.5,480.0419848884,169.8377738836977,121.62086968000202
0,4571.999853696005,0.35,0.6,576.0586955288001,188.2029344010705,169.07275917886201
0,4571.999853696005,0.35,0.7,672.0865761764001,206.9668180834619,221.39432150913004
0,4571.999853696005,0.35,0.8,768.0796469720001,226.5169119833076,276.091587842532
0,4571.999853696005,0.35,0.9,864.0766738802001,248.0773413731289,333.50807908572
0,4571.999853696005,0.35,1.0,960.0941870674001,270.4090475285313,391.40561996705407
0,4571.999853696005,0.4,0.0,26.0085132648,81.10812873927243,0.0
0,4571.999853696005,0.4,0.5,480.04378774660006,169.4483738336206,76.500857207082
0,4571.999853696005,0.4,0.6,576.0722190168,187.6672057040733,120.53031826512601
0,4571.999853696005,0.4,0.7,672.079614206,206.4484219217092,169.659752962392
0,4571.999853696005,0.4,0.8,768.0746380296001,225.2549375214552,221.71551546513604
0,4571.999853696005,0.4,0.9,864.0961073294001,246.2835933333938,277.19923554615605
0,4571.999853696005,0.4,1.0,960.1060069898002,268.1404349006623,333.286820619522
0,4571.999853696005,0.45,0.0,31.346829734,81.75070881075933,0.0
0,4571.999853696005,0.45,0.5,480.05931431920004,168.9415422081103,31.295539439934004
0,4571.999853696005,0.45,0.6,576.0625022922001,187.204676652454,71.93180798311201
0,4571.999853696005,0.45,0.7,672.0651396426001,205.8567971085004,117.79720690214401
0,4571.999853696005,0.45,0.8,768.0904148852001,224.4441413778463,166.92282991969202
0,4571.999853696005,0.45,0.9,864.1111333360001,244.4239977534246,220.20906526634403
0,4571.999853696005,0.45,1.0,960.1142211958,265.6183138277239,274.375823093064
0,4571.999853696005,0.5,0.0,37.3572963808,82.4679383636941,0.0
0,4571.999853696005,0.5,0.5,480.0635215354,168.2910093249569,0.0
0,4571.999853696005,0.5,0.6,576.0693140928001,186.6968316855665,23.31627480798
0,4571.999853696005,0.5,0.7,672.0778105272001,205.1149035001361,65.652630794058
0,4571.999853696005,0.5,0.8,768.0915670076001,223.7464506934591,111.86281791762
0,4571.999853696005,0.5,0.9,864.0921003396,242.7118587825456,162.35363390446201
0,4571.999853696005,0.5,1.0,960.1209320626001,263.2106680494421,214.62704380840802
0,4571.999853696005,0.55,0.0,44.36398783960001,83.2590173917264,0.0
0,4571.999853696005,0.55,0.5,480.0710341284,167.6052541739091,0.0
0,4571.999853696005,0.55,0.6,576.0576943968,186.0741539942847,-25.452723736440003
0,4571.999853696005,0.55,0.7,672.1007003436,204.436501389912,13.567823194002
0,4571.999853696005,0.55,0.8,768.0883116874002,222.9949200495328,56.509125534708005
0,4571.999853696005,0.55,0.9,864.1228531452001,241.7188413094439,104.129154635814
0,4571.999853696005,0.55,1.0,960.1220341284001,260.8649577335571,153.902132003004
0,5333.999829312005,0.0,0.0,13.677894557800002,73.36570377202214,0.0
0,5333.999829312005,0.0,0.5,425.105158522,153.5589190499864,392.288084984796
0,5333.999829312005,0.0,0.6,510.1200496766,169.648813319423,454.25507103669
0,5333.999829312005,0.0,0.7,595.1444072728,187.2651267229429,517.927106076072
0,5333.999829312005,0.0,0.8,680.1614525024,206.8684327410868,580.0289688306962
0,5333.999829312005,0.0,0.9,765.200083615,227.4230665446793,643.515136776666
0,5333.999829312005,0.0,1.0,850.2271459088001,248.8275017137803,706.310495266992
0,5333.999829312005,0.05,0.0,13.885082928200001,73.39833467431734,0.0
0,5333.999829312005,0.05,0.5,426.0998053202,153.7146274204844,352.54477214140803
0,5333.999829312005,0.05,0.6,511.317242711,169.8530221918716,411.86495519815804
0,5333.999829312005,0.05,0.7,596.552960608,187.4985330201397,473.23173136008006
0,5333.999829312005,0.05,0.8,681.759177935,207.1115757237594,533.542716277494
0,5333.999829312005,0.05,0.9,767.0021080854001,227.71265387263,595.37157664677
0,5333.999829312005,0.05,1.0,852.2188438632,249.1367776190692,656.6308428898681
0,5333.999829312005,0.1,0.0,14.504612951400002,73.49392139798603,0.0
0,5333.999829312005,0.1,0.5,429.09296187340004,154.1896206646104,314.01845181121803
0,5333.999829312005,0.1,0.6,514.9088702296,170.4577245357888,371.08302568768204
0,5333.999829312005,0.1,0.7,600.7227746806001,188.1416272477547,430.52244239188803
0,5333.999829312005,0.1,0.8,686.544642234,207.8567961421573,489.39278852541
0,5333.999829312005,0.1,0.9,772.3637057972,228.5816586654269,549.9095356450082
0,5333.999829312005,0.1,1.0,858.1860246806001,250.0481860233149,609.9147788330521
0,5333.999829312005,0.15,0.0,15.582709846,73.67171041159393,0.0
0,5333.999829312005,0.15,0.5,433.9858599450001,154.96672203783,276.445036731402
0,5333.999829312005,0.15,0.6,520.7675152086,171.4626784779098,331.609280314158
0,5333.999829312005,0.15,0.7,607.5769182406001,189.2168395253561,389.38855147731005
0,5333.999829312005,0.15,0.8,694.3625304374001,209.0640740294838,447.1386698962261
0,5333.999829312005,0.15,0.9,781.1660727442002,229.9850068810669,506.733494507394
0,5333.999829312005,0.15,1.0,867.9696158716001,251.5444800059875,565.8158463646921
0,5333.999829312005,0.2,0.0,17.056203824,73.9071008181076,0.0
0,5333.999829312005,0.2,0.5,440.93020713940007,156.0635929668874,239.688466083066
0,5333.999829312005,0.2,0.6,529.1093466648,172.8893990428196,293.30011318792805
0,5333.999829312005,0.2,0.7,617.3073189602001,190.7291673195137,349.68365390666406
0,5333.999829312005,0.2,0.8,705.4888127870001,210.7951731508664,406.68569959941004
0,5333.999829312005,0.2,0.9,793.6694047744,231.9790807214914,465.6587800427641
0,5333.999829312005,0.2,1.0,881.868228032,253.6676065667241,524.049382980354
0,5333.999829312005,0.25,0.0,18.956076638400003,74.20466201052345,0.0
0,5333.999829312005,0.25,0.5,449.2725399822,157.3574058101243,203.188055969514
0,5333.999829312005,0.25,0.6,539.1121627870001,174.5947847437177,255.41756060759403
0,5333.999829312005,0.25,0.7,628.9820361902,192.4763283227797,310.54305129771006
0,5333.999829312005,0.25,0.8,718.8166508732002,212.8123330224984,367.07536006541415
0,5333.999829312005,0.25,0.9,808.6748545238,234.2674390031752,425.606256303228
0,5333.999829312005,0.25,1.0,898.5338607212001,256.1381010310261,483.35095812465005
0,5333.999829312005,0.3,0.0,21.977999324600002,74.60067965698993,0.0
0,5333.999829312005,0.3,0.5,458.95360622980013,158.841821335934,166.75037954744403
0,5333.999829312005,0.3,0.6,550.7528718912001,176.5596896976323,217.783936645968
0,5333.999829312005,0.3,0.7,642.5551434104,194.4453596252381,271.734397551078
0,5333.999829312005,0.3,0.8,734.3535072323999,215.1091007276603,327.99967344467404
0,5333.999829312005,0.3,0.9,826.1336406048001,236.9056919921074,386.283999510024
0,5333.999829312005,0.3,1.0,917.9285488802001,258.9597323176994,443.47004804718006
0,5333.999829312005,0.35,0.0,25.731433571800004,75.07863526381203,0.0
0,5333.999829312005,0.35,0.5,469.9755607778,160.551704382473,130.301043006288
0,5333.999829312005,0.35,0.6,563.9749797704001,178.7758045988388,180.21970580598602
0,5333.999829312005,0.35,0.7,657.9618279916,196.8428252057516,232.98110368163404
0,5333.999829312005,0.35,0.8,751.9912489408001,217.7256524916992,289.214726486532
0,5333.999829312005,0.35,0.9,845.9779962282,239.7199276645196,346.96954711881006
0,5333.999829312005,0.35,1.0,939.9715561368001,262.0574874336388,404.20042570677003
0,5333.999829312005,0.4,0.0,30.117497900600004,75.62582182953824,0.0
0,5333.999829312005,0.4,0.5,480.04463952940006,162.104365596208,92.84453248593601
0,5333.999829312005,0.4,0.6,576.0761250728,180.6829294449787,141.14973425830203
0,5333.999829312005,0.4,0.7,672.0722517828,198.9655662663522,192.45327962830203
0,5333.999829312005,0.4,0.8,768.1080454762001,219.8012067449878,248.42909783630404
0,5333.999829312005,0.4,0.9,864.1094297704001,241.8237796862923,305.332881459606
0,5333.999829312005,0.4,1.0,960.1132192432001,264.3488010604191,362.566377825036
0,5333.999829312005,0.45,0.0,35.067412080800004,76.24425901932324,0.0
0,5333.999829312005,0.45,0.5,480.06467365780003,161.7017874298286,50.29139516709
0,5333.999829312005,0.45,0.6,576.0714673472,180.1965428940397,95.13384983256
0,5333.999829312005,0.45,0.7,672.0981458158001,198.4335784177629,143.502739439598
0,5333.999829312005,0.45,0.8,768.0943718184002,218.1014033106232,197.04771395416802
0,5333.999829312005,0.45,0.9,864.1025186772001,239.5331940185068,252.10850884296002
0,5333.999829312005,0.45,1.0,960.1291462686,261.4112661636578,307.64034709900807
0,5333.999829312005,0.5,0.0,40.795268190600005,76.92595191590313,0.0
0,5333.999829312005,0.5,0.5,480.05310319780006,161.2003668414225,7.607114536560001
0,5333.999829312005,0.5,0.6,576.0676105272,179.5988506642475,48.990932250414005
0,5333.999829312005,0.5,0.7,672.0739044712001,197.8624987968793,94.286737043268
0,5333.999829312005,0.5,0.8,768.0921176302002,216.5429886009254,144.992616905136
0,5333.999829312005,0.5,0.9,864.1145388260002,237.2496474709245,198.03474327945
0,5333.999829312005,0.5,1.0,960.1280442028001,258.6687311773565,251.87563918809602
0,5333.999829312005,0.55,0.0,47.36213446140001,77.66200641358976,0.0
0,5333.999829312005,0.55,0.5,480.0480950759999,160.5900677279325,0.0
0,5333.999829312005,0.55,0.6,576.0635543014,179.0592955041277,2.8967689387560003
0,5333.999829312005,0.55,0.7,672.0663910576001,197.2443184512383,44.892627918138004
0,5333.999829312005,0.55,0.8,768.0692286344001,215.7984109946476,92.58556823808601
0,5333.999829312005,0.55,0.9,864.0819831622001,235.0348462643564,143.06391186087
0,5333.999829312005,0.55,1.0,960.0990950760001,255.7701738999365,195.074359901652
0,6095.999804928007,0.0,0.0,16.7740142548,68.30939743681394,0.0
0,6095.999804928007,0.0,0.5,392.16340734560004,140.5921503902749,363.64826855557203
0,6095.999804928007,0.0,0.6,470.59637011640007,155.3481842471197,422.07243286824
0,6095.999804928007,0.0,0.7,549.024223011,171.8863726013789,480.80674264807806
0,6095.999804928007,0.0,0.8,627.4509246038001,190.2061025826908,538.5142671363841
0,6095.999804928007,0.0,0.9,705.8994131266002,209.6681340291209,598.223138770488
0,6095.999804928007,0.0,1.0,784.3330758692,229.7773289752336,654.9586408933261
0,6095.999804928007,0.05,0.0,17.017816156000002,68.33600302812303,0.0
0,6095.999804928007,0.05,0.5,393.02412647960006,140.7288705398712,327.42728049847204
0,6095.999804928007,0.05,0.6,471.63534244420003,155.524837813118,383.36117022957615
0,6095.999804928007,0.05,0.7,550.2408486740001,172.0708503230518,440.0827125035881
0,6095.999804928007,0.05,0.8,628.8395931598,190.4211335293478,496.15696893054604
0,6095.999804928007,0.05,0.9,707.4671374232001,209.9120625151048,554.3394169684141
0,6095.999804928007,0.05,1.0,786.0607236174001,230.0465423402885,609.843663360624
0,6095.999804928007,0.1,0.0,17.7468224252,68.44417558269073,0.0
0,6095.999804928007,0.1,0.5,395.7671058902,141.1633867375488,292.369319594352
0,6095.999804928007,0.1,0.6,474.9146873504,156.0870794691101,346.20593898429007
0,6095.999804928007,0.1,0.7,554.0704321394,172.6540942510206,401.2135416135
0,6095.999804928007,0.1,0.8,633.2071447526,191.1296467557834,456.09272146237805
0,6095.999804928007,0.1,0.9,712.3650936732,210.6780419286946,512.996583374352
0,6095.999804928007,0.1,1.0,791.5315571394001,230.9148902857661,567.6093370863301
0,6095.999804928007,0.15,0.0,18.957596389600003,68.60571651410686,0.0
0,6095.999804928007,0.15,0.5,400.2200277834,141.8729423114397,258.16168620811806
0,6095.999804928007,0.15,0.6,480.2628116308,156.9992443705888,310.239066170418
0,6095.999804928007,0.15,0.7,560.303365908,173.5961559980042,363.81554698242604
0,6095.999804928007,0.15,0.8,640.3284945464001,192.2652665304364,417.804980967066
0,6095.999804928007,0.15,0.9,720.371403125,211.9542218834256,473.79572784621
0,6095.999804928007,0.15,1.0,800.4348472186001,232.3047324292843,527.7477594178021
0,6095.999804928007,0.2,0.0,20.580951622,68.8054420761136,0.0
0,6095.999804928007,0.2,0.5,406.3726494300001,142.8448438274517,224.63554592556002
0,6095.999804928007,0.2,0.6,487.62532263500003,158.2500252932958,275.23411648332603
0,6095.999804928007,0.2,0.7,568.9134556072,174.8933522599111,327.530685155058
0,6095.999804928007,0.2,0.8,650.1736405846,193.8150580137894,381.01063114144813
0,6095.999804928007,0.2,0.9,731.4397363438001,213.6721718945841,436.35734115342603
0,6095.999804928007,0.2,1.0,812.7319263624,234.1948101225619,489.89205006588014
0,6095.999804928007,0.25,0.0,22.797782007000002,69.09335172992834,0.0
0,6095.999804928007,0.25,0.5,414.5516787698,144.1458239790439,191.783696188854
0,6095.999804928007,0.25,0.6,497.45078494100017,159.9193611173909,241.23122265349804
0,6095.999804928007,0.25,0.7,580.3691497736002,176.6459247681212,292.47341906290205
0,6095.999804928007,0.25,0.8,663.2619200922001,195.8948668037739,345.804332776056
0,6095.999804928007,0.25,0.9,746.172622162,216.0012635990202,400.802976245364
0,6095.999804928007,0.25,1.0,829.0979481444,236.7570218061327,454.165885560156
0,6095.999804928007,0.3,0.0,25.6929260962,69.47707688115757,0.0
0,6095.999804928007,0.3,0.5,424.55196498220005,145.7372906470108,159.341457677094
0,6095.999804928007,0.3,0.6,509.4628286748,161.9502417996916,207.85922298002401
0,6095.999804928007,0.3,0.7,594.3700357738,178.7745194424386,258.211071681024
0,6095.999804928007,0.3,0.8,679.271483902,198.4269963772113,311.694154107336
0,6095.999804928007,0.3,0.9,764.1907620270001,218.6906435435,366.10210465336206
0,6095.999804928007,0.3,1.0,849.1089380862002,239.8765216560827,420.04700216971804
0,6095.999804928007,0.35,0.0,29.217146248400002,69.92742712265265,0.0
0,6095.999804928007,0.35,0.5,436.54893265280003,147.7308217930691,127.448619707178
0,6095.999804928007,0.35,0.6,523.8707092982,164.3505200341105,174.91326047349003
0,6095.999804928007,0.35,0.7,611.1709492966,181.3268943227797,224.65469729194803
0,6095.999804928007,0.35,0.8,698.4695874838001,201.4925991911458,278.71166014923
0,6095.999804928007,0.35,0.9,785.7983761562001,221.9294018839699,332.620985250246
0,6095.999804928007,0.35,1.0,873.1061788042,243.6260943437358,387.468883881618
0,6095.999804928007,0.4,0.0,33.2076485532,70.43458670398259,0.0
0,6095.999804928007,0.4,0.5,449.7673338818001,149.8935252761499,95.29937655037801
0,6095.999804928007,0.4,0.6,539.7159922704,166.9797783317609,141.67859870287202
0,6095.999804928007,0.4,0.7,629.689793843,184.1650019975506,191.33354121789603
0,6095.999804928007,0.4,0.8,719.6178674806001,204.76480902522,245.758030245882
0,6095.999804928007,0.4,0.9,809.5906671006001,225.3836622859476,299.256300674562
0,6095.999804928007,0.4,1.0,899.5453864408,247.5778627884424,354.939666655266
0,6095.999804928007,0.45,0.0,37.9802532296,71.01905122643564,0.0
0,6095.999804928007,0.45,0.5,462.39247331420006,151.8987636496417,61.97441368965
0,6095.999804928007,0.45,0.6,554.8806146224,169.3948763329402,107.10196634029201
0,6095.999804928007,0.45,0.7,647.3453655482,186.9423162072939,156.42652576643403
0,6095.999804928007,0.45,0.8,739.8349092618,207.5894527334664,210.783114050586
0,6095.999804928007,0.45,0.9,832.3223990136001,228.4564034021591,263.95515069000004
0,6095.999804928007,0.45,1.0,924.7867494866001,250.9423475070308,320.25264726516605
0,6095.999804928007,0.5,0.0,43.42724011560001,71.66661426145333,0.0
0,6095.999804928007,0.5,0.5,476.53720557080004,154.1676621277329,28.488254453274003
0,6095.999804928007,0.5,0.6,571.8594317634002,172.1178654330945,72.323447064792
0,6095.999804928007,0.5,0.7,667.1717910616001,190.2486348501316,121.52925725463601
0,6095.999804928007,0.5,0.8,762.4810952660001,210.5398798963077,174.93617948221802
0,6095.999804928007,0.5,0.9,857.7812333684001,231.8846645334301,228.81787846810204
0,6095.999804928007,0.5,1.0,953.0982512128,254.7010575771568,286.099757232828
0,6095.999804928007,0.55,0.0,49.6727700942,72.3813025076658,0.0
0,6095.999804928007,0.55,0.5,480.0654745634,154.3460003854668,0.0
0,6095.999804928007,0.55,0.6,576.075474337,172.3835526882881,30.589762168812
0,6095.999804928007,0.55,0.7,672.0786623100001,190.6796960496235,77.55724540271402
0,6095.999804928007,0.55,0.8,768.0899643758,209.6808550657716,128.53172391213002
0,6095.999804928007,0.55,0.9,864.0987119138,230.6555422621791,181.11796067026202
0,6095.999804928007,0.55,1.0,960.1129189036001,252.8408056177085,237.45641200696804
0,6857.999780544007,0.0,0.0,19.243006813800005,63.67564275986573,0.0
0,6857.999780544007,0.0,0.5,360.46770772760004,128.8553035403248,335.86231731360004
0,6857.999780544007,0.0,0.6,432.5489581622,142.2608434022499,390.84117332106
0,6857.999780544007,0.0,0.7,504.6526725218,157.8972893939036,445.75108147369804
0,6857.999780544007,0.0,0.8,576.7453169874,174.7343170793795,500.012358192732
0,6857.999780544007,0.0,0.9,648.8476289416,192.6911024252926,555.2275921661701
0,6857.999780544007,0.0,1.0,720.9361162476,211.2093729299646,606.06920990616
0,6857.999780544007,0.05,0.0,19.469329935,63.70893752707975,0.0
0,6857.999780544007,0.05,0.5,361.2802190734,128.9875548825184,302.997946282416
0,6857.999780544007,0.05,0.6,433.5357920278,142.4257326643382,355.71637346322
0,6857.999780544007,0.05,0.7,505.80153221620003,158.0643484977774,408.81871361238603
0,6857.999780544007,0.05,0.8,578.0461362104,174.9395823344825,461.54173535962803
0,6857.999780544007,0.05,0.9,650.3156831622,192.9251796050077,515.3625061865281
0,6857.999780544007,0.05,1.0,722.5643442028,211.4615966864737,565.2539392074959
0,6857.999780544007,0.1,0.0,20.13268246,63.80333219450241,0.0
0,6857.999780544007,0.1,0.5,363.7033277834,129.377269321056,271.144678343154
0,6857.999780544007,0.1,0.6,436.4263235244,142.9311074361789,322.007649318432
0,6857.999780544007,0.1,0.7,509.18615682,158.5775478931325,373.497326006112
0,6857.999780544007,0.1,0.8,581.9100281412002,175.5423291073211,425.06786510588415
0,6857.999780544007,0.1,0.9,654.6401114044,193.6061946014697,477.778267697808
0,6857.999780544007,0.1,1.0,727.396838729,212.2086444877982,526.9875519474721
0,6857.999780544007,0.15,0.0,21.2577357278,63.96831408890503,0.0
0,6857.999780544007,0.15,0.5,367.8045749818,130.0446205833258,240.18533981904002
0,6857.999780544007,0.15,0.6,441.3636964748,143.7852068475007,289.5156143182381
0,6857.999780544007,0.15,0.7,514.9402237144001,159.4579174545042,339.67399703160004
0,6857.999780544007,0.15,0.8,588.499871212,176.6050346189785,390.402125555442
0,6857.999780544007,0.15,0.9,662.0395846944001,194.7945263734918,442.31950793738406
0,6857.999780544007,0.15,1.0,735.6192170844,213.4875374465209,491.061443066502
0,6857.999780544007,0.2,0.0,22.845139653600004,64.19786538474101,0.0
0,6857.999780544007,0.2,0.5,373.50199503760007,130.9510319888415,209.84625308493
0,6857.999780544007,0.2,0.6,448.2122312337999,144.9639441573982,257.951696417646
0,6857.999780544007,0.2,0.7,522.920337973,160.6612687609544,306.99810597825604
0,6857.999780544007,0.2,0.8,597.6139200922001,178.0462465269891,357.14577782268003
0,6857.999780544007,0.2,0.9,672.3278875566001,196.4059815042185,408.44454758368806
0,6857.999780544007,0.2,1.0,747.0255767788001,215.2589559522816,457.09535469859804
0,6857.999780544007,0.25,0.0,24.889317439800003,64.48113500172367,0.0
0,6857.999780544007,0.25,0.5,381.01734197120004,132.1988004899755,180.28564933302002
0,6857.999780544007,0.25,0.6,457.2095308902,146.5308824435272,227.25462983777402
0,6857.999780544007,0.25,0.7,533.4293174078,162.2517646609816,275.431374578514
0,6857.999780544007,0.25,0.8,609.6239607414,179.9592394898848,325.32950617398006
0,6857.999780544007,0.25,0.9,685.8148473682,198.4361056892861,375.94825563695406
0,6857.999780544007,0.25,1.0,762.0360354706002,217.6286804938765,425.02710117298204
0,6857.999780544007,0.3,0.0,27.33508866,64.83549851637486,0.0
0,6857.999780544007,0.3,0.5,390.182728408,133.7601565095709,151.23597702675002
0,6857.999780544007,0.3,0.6,468.219314299,148.3951040251293,197.07197854944602
0,6857.999780544007,0.3,0.7,546.2593557366001,164.1854595425928,244.63744533921002
0,6857.999780544007,0.3,0.8,624.2914841284,182.3071341505942,294.640723514214
0,6857.999780544007,0.3,0.9,702.3269679536,200.9249745684478,344.702028274296
0,6857.999780544007,0.3,1.0,780.367110325,220.5142888965799,394.51017193434
0,6857.999780544007,0.35,0.0,30.355707412800005,65.24495814088723,0.0
0,6857.999780544007,0.35,0.5,401.1135774822,135.5998207032568,122.47611959814
0,6857.999780544007,0.35,0.6,481.32717742560004,150.6297935767033,167.253511484136
0,6857.999780544007,0.35,0.7,561.5583570828001,166.5484453172458,214.56604225379402
0,6857.999780544007,0.35,0.8,641.7710051302,185.0974837854486,264.89568143715604
0,6857.999780544007,0.35,0.9,722.007544126,203.8835683458224,314.55620202005997
0,6857.999780544007,0.35,1.0,802.2249007762,223.9815842558287,365.464864221534
0,6857.999780544007,0.4,0.0,33.883488969000005,65.72467001896037,0.0
0,6857.999780544007,0.4,0.5,413.7131478392001,137.71349549306,93.809088069312
0,6857.999780544007,0.4,0.6,496.4423651924001,153.1632083065409,137.68644891678602
0,6857.999780544007,0.4,0.7,579.2020588089999,169.2944783430101,185.036294024736
0,6857.999780544007,0.4,0.8,661.9394140524001,188.2701377415404,235.707306069312
0,6857.999780544007,0.4,0.9,744.6813277288002,207.2675559092806,285.193174411068
0,6857.999780544007,0.4,1.0,827.4284497534001,227.9702741632042,337.59063271579805
0,6857.999780544007,0.45,0.0,38.327987403200005,66.33762459212556,0.0
0,6857.999780544007,0.45,0.5,428.2284367966,140.1576767660347,65.200107590772
0,6857.999780544007,0.45,0.6,513.8643875728001,156.0726166642475,108.310332420444
0,6857.999780544007,0.45,0.7,599.5099049038,172.4925458341649,155.9361108459
0,6857.999780544007,0.45,0.8,685.1437524822001,191.6659466853851,206.227990424148
0,6857.999780544007,0.45,0.9,770.793777369,211.1693824370861,256.720895739924
0,6857.999780544007,0.45,1.0,856.4473579156002,232.5848684541413,310.936334441502
0,6857.999780544007,0.5,0.0,43.385850692800005,67.00311338347093,0.0
0,6857.999780544007,0.5,0.5,444.43964418260003,142.9031240561553,36.46617839172001
0,6857.999780544007,0.5,0.6,533.3426694332001,159.3043784579516,78.92669531854801
0,6857.999780544007,0.5,0.7,622.2475467780001,176.2143494125012,127.05390290208001
0,6857.999780544007,0.5,0.8,711.1211715718001,195.4139633372947,176.88530319075002
0,6857.999780544007,0.5,0.9,800.0076682972,215.6319371585775,229.036489798578
0,6857.999780544007,0.5,1.0,888.8998238802001,237.7287806309535,285.15240558512403
0,6857.999780544007,0.55,0.0,49.095482097200005,67.7296159924703,0.0
0,6857.999780544007,0.55,0.5,458.54546030480003,145.1747205673592,5.7108161094600005
0,6857.999780544007,0.55,0.6,550.258729548,162.047798597478,47.094335347752
0,6857.999780544007,0.55,0.7,641.9763561772,179.3604188300826,95.185965622902
0,6857.999780544007,0.55,0.8,733.6711931032,198.2700313885512,144.161744122242
0,6857.999780544007,0.55,0.9,825.3894712888,219.0928507127824,197.585728387278
0,6857.999780544007,0.55,1.0,917.0996353816001,241.8042768414225,255.79591018720203
0,7619.999756160008,0.0,0.0,20.720286219600002,59.22749750948018,0.0
0,7619.999756160008,0.0,0.5,329.61639812420003,117.712780004536,308.91930509609404
0,7619.999756160008,0.0,0.6,395.53718854100003,130.0395665081194,360.81414034050005
0,7619.999756160008,0.0,0.7,461.4575284484,144.5760575696272,411.845172629352
0,7619.999756160008,0.0,0.8,527.3880101511999,160.1124475623696,462.46656922804806
0,7619.999756160008,0.0,0.9,593.3091764028001,176.2419758306269,512.900009404398
0,7619.999756160008,0.0,1.0,659.2297912112,193.7463837844507,557.849421074946
0,7619.999756160008,0.05,0.0,20.926383192000003,59.26118479442982,0.0
0,7619.999756160008,0.05,0.5,330.3418610426,117.8317245744353,279.18834030087004
0,7619.999756160008,0.05,0.6,396.403742141,130.1821688096707,328.997756151834
0,7619.999756160008,0.05,0.7,462.47391212,144.7272830975234,378.37581120616204
0,7619.999756160008,0.05,0.8,528.545284278,160.2880447457135,427.5942014069881
0,7619.999756160008,0.05,0.9,594.6216153218,176.4435577816384,476.82946770967203
0,7619.999756160008,0.05,1.0,660.6810674442,193.9629426964529,521.079218411598
0,7619.999756160008,0.1,0.0,21.5439807022,59.35962721328132,0.0
0,7619.999756160008,0.1,0.5,332.68385672500006,118.2162202580967,250.51091105779204
0,7619.999756160008,0.1,0.6,399.2167162698001,130.6521786224259,298.61430420591006
0,7619.999756160008,0.1,0.7,465.7647265524,145.2546168740815,346.61579975437803
0,7619.999756160008,0.1,0.8,532.292878315,160.8788124760955,394.71426071616
0,7619.999756160008,0.1,0.9,598.8380091122001,177.103756238592,443.028460792764
0,7619.999756160008,0.1,1.0,665.3620537718,194.685404571623,486.84618035130006
0,7619.999756160008,0.15,0.0,22.579432656,59.52318126009254,0.0
0,7619.999756160008,0.15,0.5,336.56204761080005,118.8699372600925,222.71107825566602
0,7619.999756160008,0.15,0.6,403.8633186368,131.44274396217,269.386725785562
0,7619.999756160008,0.15,0.7,471.19273706340005,146.1175963558923,316.23501451634405
0,7619.999756160008,0.15,0.8,538.4877469114001,161.8559683028214,363.48662202006005
0,7619.999756160008,0.15,0.9,605.8192192998,178.160022868729,411.053679048474
0,7619.999756160008,0.15,1.0,673.1250979948,195.8794617692099,454.794127687746
0,7619.999756160008,0.2,0.0,24.067452895200002,59.75539877592308,0.0
0,7619.999756160008,0.2,0.5,342.00626086880004,119.8231995638211,195.735977468724
0,7619.999756160008,0.2,0.6,410.40247488680006,132.5204404700172,241.122812414946
0,7619.999756160008,0.2,0.7,478.80307090880007,147.3112820885422,287.04073813984803
0,7619.999756160008,0.2,0.8,547.1960542246001,163.2338889481992,333.70235242528804
0,7619.999756160008,0.2,0.9,615.6013580288001,179.6816733099882,380.66961057925806
0,7619.999756160008,0.2,1.0,684.0102183134001,197.549182625601,424.68847330833
0,7619.999756160008,0.25,0.0,25.9458637372,60.05004017908011,0.0
0,7619.999756160008,0.25,0.5,349.02889248260004,121.0481529130908,169.310277223626
0,7619.999756160008,0.25,0.6,418.82950185560003,133.9615241898757,213.52630018704602
0,7619.999756160008,0.25,0.7,488.64295854220006,148.8534491838882,258.86337778917
0,7619.999756160008,0.25,0.8,558.4416395052,165.0280369911095,305.228654771964
0,7619.999756160008,0.25,0.9,628.2572002102,181.6485488058605,351.60937419531
0,7619.999756160008,0.25,1.0,698.0662486336001,199.7100156844779,396.32162012011804
0,7619.999756160008,0.3,0.0,28.272431319000003,60.40803038918624,0.0
0,7619.999756160008,0.3,0.5,357.546223199,122.529627129003,143.26914072147602
0,7619.999756160008,0.3,0.6,429.05554825760004,135.7086851931416,186.37031342344804
0,7619.999756160008,0.3,0.7,500.5714594518,150.7108889572712,231.370886741148
0,7619.999756160008,0.3,0.8,572.0847160050001,167.1938955869546,277.76373601561204
0,7619.999756160008,0.3,0.9,643.5944661344,184.0212717338293,323.73263745207004
0,7619.999756160008,0.3,1.0,715.1030149054001,202.4029797509752,369.68583711675
0,7619.999756160008,0.35,0.0,31.085772256000002,60.82990414732831,0.0
0,7619.999756160008,0.35,0.5,367.44403452460006,124.2435364063322,117.372290241822
0,7619.999756160008,0.35,0.6,440.93746944940006,137.7371817629502,159.56471739747
0,7619.999756160008,0.35,0.7,514.4318062136,152.825406326862,204.28922528553002
0,7619.999756160008,0.35,0.8,587.9080618774001,169.6740701280958,250.90447310497802
0,7619.999756160008,0.35,0.9,661.4181246200001,186.736679487254,296.643734294292
0,7619.999756160008,0.35,1.0,734.8915254164001,205.5592003602468,344.12160584617203
0,7619.999756160008,0.4,0.0,34.451322833400006,61.31161463775743,0.0
0,7619.999756160008,0.4,0.5,378.7529282746,126.1990181275515,91.55069474812801
0,7619.999756160008,0.4,0.6,454.5087229342001,140.02979458133,132.917156842008
0,7619.999756160008,0.4,0.7,530.2685746401999,155.2134346394811,177.494711999682
0,7619.999756160008,0.4,0.8,606.0208128194,172.3079113861018,223.946077163424
0,7619.999756160008,0.4,0.9,681.7714491874001,189.7982415673592,270.145440878082
0,7619.999756160008,0.4,1.0,757.5216842820001,209.2000512492062,319.56848256055804
0,7619.999756160008,0.45,0.0,38.32107548940001,61.85150523913637,0.0
0,7619.999756160008,0.45,0.5,391.73778182000007,128.4287537216728,65.81183080857001
0,7619.999756160008,0.45,0.6,470.08614893680004,142.6951888383381,106.497166776924
0,7619.999756160008,0.45,0.7,548.437571968,157.973059352082,151.014136288554
0,7619.999756160008,0.45,0.8,626.792751706,175.3360070017237,197.39642148534
0,7619.999756160008,0.45,0.9,705.1336062298001,193.4145355362424,244.828303335462
0,7619.999756160008,0.45,1.0,783.4840773650001,213.4068986777647,296.17007804260805
0,7619.999756160008,0.5,0.0,42.6811235158,62.43312856944571,0.0
0,7619.999756160008,0.5,0.5,406.23709369540006,130.9148104147691,39.97188640737602
0,7619.999756160008,0.5,0.6,487.4918947162,145.6581227671233,80.04897321775202
0,7619.999756160008,0.5,0.7,568.7553358344,161.0696149263359,124.75140370030802
0,7619.999756160008,0.5,0.8,649.9904285050001,178.6848579120022,170.97473353468203
0,7619.999756160008,0.5,0.9,731.2461559832,197.4747834385376,220.18480067106603
0,7619.999756160008,0.5,1.0,812.4931194534,218.167079153588,273.806747629338
0,7619.999756160008,0.55,0.0,47.789503762,63.13735123550758,0.0
0,7619.999756160008,0.55,0.5,421.92863889880005,133.5109166363966,13.470236364354001
0,7619.999756160008,0.55,0.6,506.3056423876,148.8175845717137,53.18312427258601
0,7619.999756160008,0.55,0.7,590.7031805708001,164.4813290256736,97.998031111596
0,7619.999756160008,0.55,0.8,675.0808339748,182.2329202281593,144.29314676515202
0,7619.999756160008,0.55,0.9,759.4839817796001,201.7854988260909,195.578367692862
0,7619.999756160008,0.55,1.0,843.8637892586,223.5067627089722,252.80376118074
2,0.0,0.0,0.0,0.0,121.5201473030028,0.0
2,0.0,0.0,0.5,480.05630928200003,230.817747526354,499.818089746206
2,0.0,0.0,0.6,576.0656574992,248.0630643007349,554.988190300236
2,0.0,0.0,0.7,672.0626351714001,266.7977935996553,615.3544959505022
2,0.0,0.0,0.8,768.1000815532001,285.8330324184886,679.3663576498261
2,0.0,0.0,0.9,864.104121309,304.9657283851946,743.9687605881302
2,0.0,0.0,1.0,960.1154225542,323.8702152889413,810.198789910356
2,0.0,0.05,0.0,0.0,121.4879379245214,0.0
2,0.0,0.05,0.5,480.04453859560005,230.7582677559648,434.42181031557
2,0.0,0.05,0.6,576.0526353978,248.0068687669419,486.10478662746004
2,0.0,0.05,0.7,672.0479603816,266.735801528622,542.9672876554081
2,0.0,0.05,0.8,768.0661735406001,285.7734675012248,603.475193048112
2,0.0,0.05,0.9,864.083585794,304.9058205412319,664.791238150578
2,0.0,0.05,1.0,960.0855715880001,323.8043682165472,727.7896774560719
2,0.0,0.1,0.0,0.0,121.5728878386102,0.0
2,0.0,0.1,0.5,480.04704306680003,230.6033729591763,369.07637448435605
2,0.0,0.1,0.6,576.0369586554001,247.8555856947292,417.234080398674
2,0.0,0.1,0.7,672.055923484,266.5739817645832,470.6496290593021
2,0.0,0.1,0.8,768.0690784646,285.6094493571624,527.6194149261421
2,0.0,0.1,0.9,864.0754725218002,304.7285246309534,585.6620198236501
2,0.0,0.1,1.0,960.0855715880001,323.6085973058151,645.4423836944161
2,0.0,0.15,0.0,0.0,121.5861515696271,0.0
2,0.0,0.15,0.5,480.0509499434,230.3414265523905,303.74480553417004
2,0.0,0.15,0.6,576.0702651682,247.5729799426653,348.482309341782
2,0.0,0.15,0.7,672.0809164982002,266.2950312462125,398.32931354139004
2,0.0,0.15,0.8,768.0924187904001,285.3527137519732,451.80209122125007
2,0.0,0.15,0.9,864.0849881994,304.4503161067768,506.605003224474
2,0.0,0.15,1.0,960.1090120270001,323.2903267092443,563.1669148962782
2,0.0,0.2,0.0,0.0,121.6477010640479,0.0
2,0.0,0.2,0.5,480.0485455854,229.9675887311077,238.320792341478
2,0.0,0.2,0.6,576.053236077,247.1625921236506,279.582147000156
2,0.0,0.2,0.7,672.0523177676001,265.9245057319242,325.90246182001204
2,0.0,0.2,0.8,768.0451875162,285.0115423888234,375.853844391564
2,0.0,0.2,0.9,864.0641531654001,304.0423554415313,427.418785851288
2,0.0,0.2,1.0,960.0859728614001,322.8396195058514,480.7531344799261
2,0.0,0.25,0.0,0.0,126.5626051072304,0.0
2,0.0,0.25,0.5,480.0412832754,229.4820162217182,172.76736308092802
2,0.0,0.25,0.6,576.0483781250001,246.6267062324231,210.543858975912
2,0.0,0.25,0.7,672.0678943968,265.4394183725846,253.42248144859803
2,0.0,0.25,0.8,768.0750384824,284.6054091065046,299.87640567330607
2,0.0,0.25,0.9,864.0641531654001,303.5302554701079,348.11015435334605
2,0.0,0.25,1.0,960.0930850016,322.2888567713871,398.254802297814
2,0.0,0.3,0.0,1.8614662726,122.0136440858206,0.0
2,0.0,0.3,0.5,480.04028132280007,228.8377795288941,106.949244713388
2,0.0,0.3,0.6,576.0448725218,245.9482470457226,141.29711268334202
2,0.0,0.3,0.7,672.0533689562001,264.848936024585,180.76992837888602
2,0.0,0.3,0.8,768.0640703428002,284.0268056832078,223.82901113357403
2,0.0,0.3,0.9,864.0675586553999,302.9081064379934,268.735789729176
2,0.0,0.3,1.0,960.0855715880001,321.6259883517192,315.56425185377407
2,0.0,0.35,0.0,6.463800552,122.2750618334392,0.0
2,0.0,0.35,0.5,480.04243539780003,227.9725155845051,40.92651400853401
2,0.0,0.35,0.6,576.0600478776,245.1701604015241,71.82679840875001
2,0.0,0.35,0.7,672.0750565936,264.0784166919169,107.97980254030202
2,0.0,0.35,0.8,768.0812496038001,283.2909514210288,147.63351889162803
2,0.0,0.35,0.9,864.0737689562002,302.2600007086093,189.192272643066
2,0.0,0.35,1.0,960.1090120270001,320.8573244723759,232.78806338865002
2,0.0,0.4,0.0,11.338808723000001,122.7872329165382,0.0
2,0.0,0.4,0.5,480.06307020540004,226.9319683773928,0.0
2,0.0,0.4,0.6,576.0670599046001,244.2472159992743,1.9889579634540002
2,0.0,0.4,0.7,672.0825691866,263.1257181353533,34.78426859985
2,0.0,0.4,0.8,768.0901145456,282.4475033223261,71.21878900983002
2,0.0,0.4,0.9,864.1155407786,301.4805432932959,109.58514601095602
2,0.0,0.4,1.0,960.1118168378,319.9814667596843,149.74981338009002
2,0.0,0.45,0.0,16.701872847,123.4187771109498,0.0
2,0.0,0.45,0.5,480.04714318000003,225.7276888764402,0.0
2,0.0,0.45,0.6,576.056592331,243.1950041381657,-68.157985731066
2,0.0,0.45,0.7,672.0378924402,262.0560881242856,-38.79077457116401
2,0.0,0.45,0.8,768.067826229,281.4018019222535,-5.6106163953840005
2,0.0,0.45,0.9,864.0680592214,300.4668805101152,29.587838423682
2,0.0,0.45,1.0,960.0812642586001,319.081994356618,66.55383616266
2,0.0,0.5,0.0,22.725625828400002,124.1987627175905,0.0
2,0.0,0.5,0.5,480.0420850016,224.3821493068131,0.0
2,0.0,0.5,0.6,576.0638045844,241.8861146840243,-138.76809499522201
2,0.0,0.5,0.7,672.071149717,260.8305780454505,-112.81987246761
2,0.0,0.5,0.8,768.0809492642001,280.1537910800146,-82.92375771880201
2,0.0,0.5,0.9,864.0674585422001,299.3583304240225,-50.66735204916001
2,0.0,0.5,1.0,960.0964904916,317.9608228837885,-16.840514763534003
2,0.0,0.55,0.0,29.578594289200005,125.0240502043001,0.0
2,0.0,0.55,0.5,480.0571602442001,222.7577017922526,0.0
2,0.0,0.55,0.6,576.0697145456,240.3424196233331,-210.01562573376003
2,0.0,0.55,0.7,672.0647383692001,259.3296009846685,-187.427641083144
2,0.0,0.55,0.8,768.0894638098,278.7458449331398,-160.785736884234
2,0.0,0.55,0.9,864.1102314966,297.9538682814116,-131.64751519689
2,0.0,0.55,1.0,960.1069080086002,316.7115839616257,-100.752344025564
2,761.9999756160008,0.0,0.0,0.0,113.1043532479361,0.0
2,761.9999756160008,0.0,0.5,480.05029920760006,218.135426504672,484.008318745182
2,761.9999756160008,0.0,0.6,576.0578946232001,235.7899460594212,543.4119379541161
2,761.9999756160008,0.0,0.7,672.0757573860001,254.5769022056609,606.540732791532
2,761.9999756160008,0.0,0.8,768.0591615136001,273.627132020684,671.4443562883981
2,761.9999756160008,0.0,0.9,864.1025186772001,292.7215076832078,737.4327084801599
2,761.9999756160008,0.0,1.0,960.0865735406,312.3129347766488,806.0557974254941
2,761.9999756160008,0.05,0.0,0.0,113.1421243079924,0.0
2,761.9999756160008,0.05,0.5,480.0422351714,218.0869260027216,422.636277670068
2,761.9999756160008,0.05,0.6,576.0529857940002,235.7380336005625,478.40595201861004
2,761.9999756160008,0.05,0.7,672.0712498302,254.5327848963985,538.034191213596
2,761.9999756160008,0.05,0.8,768.059562787,273.5856706389367,599.6196521016241
2,761.9999756160008,0.05,0.9,864.091299434,292.6801319161753,662.3666673369901
2,761.9999756160008,0.05,1.0,960.100797821,312.2143351635671,728.0508435728221
2,761.9999756160008,0.1,0.0,0.0,113.2520456483716,0.0
2,761.9999756160008,0.1,0.5,480.04273573740005,217.9412546709607,361.31351442093603
2,761.9999756160008,0.1,0.6,576.052485228,235.5740584977774,413.417174911818
2,761.9999756160008,0.1,0.7,672.0482106646,254.3894691388914,469.5453379824901
2,761.9999756160008,0.1,0.8,768.0451875162,273.4319894190329,527.81730911679
2,761.9999756160008,0.1,0.9,864.0722664376001,292.5056626950014,587.3917493149861
2,761.9999756160008,0.1,1.0,960.0827667772002,311.9006905686292,650.1684065987881
2,761.9999756160008,0.15,0.0,0.0,118.0093273877347,0.0
2,761.9999756160008,0.15,0.5,480.042034945,217.717614065318,300.030712645818
2,761.9999756160008,0.15,0.6,576.0484281816001,235.3404098594756,348.454531542348
2,761.9999756160008,0.15,0.7,672.0663410010001,254.2024646135354,401.05212015792
2,761.9999756160008,0.15,0.8,768.0601634662,273.1684008939491,456.00279224346
2,761.9999756160008,0.15,0.9,864.0736688430001,292.2248557876259,512.4480440079
2,761.9999756160008,0.15,1.0,960.0875754932001,311.4991832879434,572.249648573988
2,761.9999756160008,0.2,0.0,0.0,118.8314953175179,0.0
2,761.9999756160008,0.2,0.5,480.06201901680004,217.3581534341831,238.59097144159202
2,761.9999756160008,0.2,0.6,576.053437124,235.0199974915178,283.42825905471005
2,761.9999756160008,0.2,0.7,672.0653899255999,253.9457865526626,332.52220941139205
2,761.9999756160008,0.2,0.8,768.0749383692,272.8196341488705,384.176032979046
2,761.9999756160008,0.2,0.9,864.0985116874001,291.8265181227434,437.44755494840405
2,761.9999756160008,0.2,1.0,960.1203313834001,311.0620967774653,494.15296975598403
2,761.9999756160008,0.25,0.0,3.3930915546000002,113.9254222216275,0.0
2,761.9999756160008,0.25,0.5,480.06862977040004,216.9274917700263,177.09822391338002
2,761.9999756160008,0.25,0.6,576.0719687338,234.5951323646013,218.38854538069802
2,761.9999756160008,0.25,0.7,672.0852238276,253.5380256550848,263.97318154977
2,761.9999756160008,0.25,0.8,768.0778933498001,272.3817480998821,312.234292120674
2,761.9999756160008,0.25,0.9,864.1145388260002,291.3414026930055,362.352209376696
2,761.9999756160008,0.25,1.0,960.1156236012,310.4784388111222,415.891361171286
2,761.9999756160008,0.3,0.0,6.849869054600001,114.3380014030663,0.0
2,761.9999756160008,0.3,0.5,480.0448898124001,216.3573403436451,115.38622895923201
2,761.9999756160008,0.3,0.6,576.0518336716001,234.0156863615168,153.15644708133001
2,761.9999756160008,0.3,0.7,672.0908334492001,252.973670765944,195.32910634729802
2,761.9999756160008,0.3,0.8,768.0933198092,271.8436918990293,240.18742914797403
2,761.9999756160008,0.3,0.9,864.1060242804,290.7421539596298,287.108174044692
2,761.9999756160008,0.3,1.0,960.1082103008001,309.8328743884605,337.475949597402
2,761.9999756160008,0.35,0.0,10.685934439400002,114.7754523608818,0.0
2,761.9999756160008,0.35,0.5,480.05405509380006,215.6940008091264,53.48960974434001
2,761.9999756160008,0.35,0.6,576.0666594518001,233.3187236361244,87.715596931116
2,761.9999756160008,0.35,0.7,672.077911461,252.3234232651728,126.52555711996202
2,761.9999756160008,0.35,0.8,768.0708813228,271.2921296260546,168.03562999654199
2,761.9999756160008,0.35,0.9,864.0758729746001,290.0457334607639,211.70440046355603
2,761.9999756160008,0.35,1.0,960.0947877466001,309.0854841282773,258.856488386034
2,761.9999756160008,0.4,0.0,14.9048597808,115.2429924464302,0.0
2,761.9999756160008,0.4,0.5,480.034772635,214.8837328568448,0.0
2,761.9999756160008,0.4,0.6,576.0606994340001,232.504086994194,21.982069473672
2,761.9999756160008,0.4,0.7,672.0702478776001,251.5678663904563,57.495929780058006
2,761.9999756160008,0.4,0.8,768.0682275024,270.5553902106505,95.74447211590801
2,761.9999756160008,0.4,0.9,864.0752714748,289.2716445091173,136.122857773518
2,761.9999756160008,0.4,1.0,960.0899798511999,308.2667641790801,180.05246163042602
2,761.9999756160008,0.45,0.0,19.8164609676,115.8880997894403,0.0
2,761.9999756160008,0.45,0.5,480.0449398690001,213.8212986923705,0.0
2,761.9999756160008,0.45,0.6,576.0592970286001,231.6356248957634,-44.04831394887002
2,761.9999756160008,0.45,0.7,672.0663910576001,250.6154246780369,-11.912492406276002
2,761.9999756160008,0.45,0.8,768.085957386,269.6491500345641,23.193943864938003
2,761.9999756160008,0.45,0.9,864.0807809832002,288.496213792434,60.43014516924001
2,761.9999756160008,0.45,1.0,960.100797821,307.3478745458587,101.07854356353602
2,761.9999756160008,0.5,0.0,25.492000545,116.6196850118842,0.0
2,761.9999756160008,0.5,0.5,480.0422351714,212.5688475809671,0.0
2,761.9999756160008,0.5,0.6,576.0476773326001,230.6270306908283,-110.502253766058
2,761.9999756160008,0.5,0.7,672.0655400954,249.5210665174635,-81.756008780292
2,761.9999756160008,0.5,0.8,768.0792456986001,268.6417979447519,-49.720117834464006
2,761.9999756160008,0.5,0.9,864.1104317230001,287.4749551594848,-15.545351011344001
2,761.9999756160008,0.5,1.0,960.0959899256001,306.3597965271705,21.836139389064
2,761.9999756160008,0.55,0.0,32.4955556706,117.3443171966797,0.0
2,761.9999756160008,0.55,0.5,480.05826231000003,211.1540770524358,0.0
2,761.9999756160008,0.55,0.6,576.0710668944,229.2948690051711,-177.438701347908
2,761.9999756160008,0.55,0.7,672.0820177434001,248.2731408220992,-152.10401246363404
2,761.9999756160008,0.55,0.8,768.0905650550001,267.3942151760864,-123.231399775176
2,761.9999756160008,0.55,0.9,864.1040211958001,286.3316543881883,-91.916483888922
2,761.9999756160008,0.55,1.0,960.1151222146001,305.3261742873084,-57.450762109356
2,1523.999951232002,0.0,0.0,0.0,110.3935074020684,0.0
2,1523.999951232002,0.0,0.5,480.0509499434,206.5992764525084,470.814553932954
2,1523.999951232002,0.0,0.6,576.0598977078001,224.4458265374218,533.1909848463661
2,1523.999951232002,0.0,0.7,672.1023530320001,243.1044003780278,598.0516767927242
2,1523.999951232002,0.0,0.8,768.0792456986001,262.0034046651547,663.97212334761
2,1523.999951232002,0.0,0.9,864.0875927838002,281.8552502000363,732.230191359744
2,1523.999951232002,0.0,1.0,960.118227365,302.7694162142793,800.477435962974
2,1523.999951232002,0.05,0.0,0.0,110.5029286215186,0.0
2,1523.999951232002,0.05,0.5,480.04889680220003,206.5578861824368,413.166499477116
2,1523.999951232002,0.05,0.6,576.060248104,224.4095759572712,471.86784972604215
2,1523.999951232002,0.05,0.7,672.0771097348,243.0361546901025,533.2120787504281
2,1523.999951232002,0.05,0.8,768.0720334452,261.9522346683299,596.010759616272
2,1523.999951232002,0.05,0.9,864.087692897,281.7708715185521,661.2779459198221
2,1523.999951232002,0.05,1.0,960.1072091688001,302.6546546015604,727.005577261656
2,1523.999951232002,0.1,0.0,1.5538635420000002,105.4086659616257,0.0
2,1523.999951232002,0.1,0.5,480.0431361902,206.4414688840606,355.53356452105805
2,1523.999951232002,0.1,0.6,576.053437124,224.3130039626236,410.53701785065203
2,1523.999951232002,0.1,0.7,672.0496631266001,242.9090004643927,468.4508329896781
2,1523.999951232002,0.1,0.8,768.0640703428002,261.7924425227253,528.10438389093
2,1523.999951232002,0.1,0.9,864.0763735406001,281.5209036863831,590.445648511488
2,1523.999951232002,0.1,1.0,960.0940861336001,302.2972070858206,653.7647973618301
2,1523.999951232002,0.15,0.0,3.0502735956,105.5985257143246,0.0
2,1523.999951232002,0.15,0.5,480.047393463,206.2463258145696,297.92108737360206
2,1523.999951232002,0.15,0.6,576.0624021790001,224.1322385511204,349.219035103554
2,1523.999951232002,0.15,0.7,672.0576762856001,242.699894710968,403.70952637507804
2,1523.999951232002,0.15,0.8,768.0613656452001,261.5295113128005,460.20330733007404
2,1523.999951232002,0.15,0.9,864.0919001131999,281.1152270158759,519.639626738694
2,1523.999951232002,0.15,1.0,960.1027007924,301.7037268192869,580.5867315813181
2,1523.999951232002,0.2,0.0,4.988923042400001,105.8923820820103,0.0
2,1523.999951232002,0.2,0.5,480.0440380296001,205.9777122203574,240.27067936456203
2,1523.999951232002,0.2,0.6,576.0591969154001,223.8339138438719,287.89600763015403
2,1523.999951232002,0.2,0.7,672.0580275024001,242.4146334992289,338.93465838540004
2,1523.999951232002,0.2,0.8,768.0661735406001,261.1937079454776,392.25740071841403
2,1523.999951232002,0.2,0.9,864.1010153380001,280.6862785816929,448.59621903327
2,1523.999951232002,0.2,1.0,960.1039029714,300.8678170260365,507.28879605789
2,1523.999951232002,0.25,0.0,7.543541929000001,106.2583461565817,0.0
2,1523.999951232002,0.25,0.5,480.05555761240004,205.5997906239681,182.498238888042
2,1523.999951232002,0.25,0.6,576.056342048,223.4399303655992,226.531937320458
2,1523.999951232002,0.25,0.7,672.0606813228001,242.0562718241858,274.098152745648
2,1523.999951232002,0.25,0.8,768.0664238236001,260.7912013586139,324.112479409488
2,1523.999951232002,0.25,0.9,864.0964076690002,280.0968530841876,377.477331261954
2,1523.999951232002,0.25,1.0,960.1077097348001,299.9619193088089,433.60410960174
2,1523.999951232002,0.3,0.0,10.5333299192,106.7448824163114,0.0
2,1523.999951232002,0.3,0.5,480.0515506226,205.1469846904654,124.61555817526201
2,1523.999951232002,0.3,0.6,576.0508325396,222.9581272428559,165.043182514518
2,1523.999951232002,0.3,0.7,672.0615831622,241.617843548671,209.183407364316
2,1523.999951232002,0.3,0.8,768.0737870674001,260.3115680776558,255.946875212028
2,1523.999951232002,0.3,0.9,864.0919001131999,279.4996600396444,306.21897222147004
2,1523.999951232002,0.3,1.0,960.108310414,299.027324755602,359.49026911089607
2,1523.999951232002,0.35,0.0,14.080728739000001,107.3113215325229,0.0
2,1523.999951232002,0.35,0.5,480.059714772,204.6006196517282,66.53128902512402
2,1523.999951232002,0.35,0.6,576.0541379164,222.4128471250114,103.41254906274602
2,1523.999951232002,0.35,0.7,672.0768093952,241.1098268845142,144.19829025294
2,1523.999951232002,0.35,0.8,768.0685278420001,259.7427018076749,187.645352093892
2,1523.999951232002,0.35,0.9,864.0821833885999,278.8013840874535,234.77623357234202
2,1523.999951232002,0.35,1.0,960.0964904916,298.1240254215731,284.985802398066
2,1523.999951232002,0.4,0.0,18.181340793000004,107.9785591096798,0.0
2,1523.999951232002,0.4,0.5,480.05771168740006,203.9597097689377,8.222179702044
2,1523.999951232002,0.4,0.6,576.0591468588,221.7462663951737,41.54396697851401
2,1523.999951232002,0.4,0.7,672.076458999,240.4138063888234,79.02159097509602
2,1523.999951232002,0.4,0.8,768.0819503962,259.1030480752064,119.223587361648
2,1523.999951232002,0.4,0.9,864.0791783514001,278.1028508232786,163.157634100692
2,1523.999951232002,0.4,1.0,960.0933853412,297.2152729448426,210.22173044888402
2,1523.999951232002,0.45,0.0,23.057350096,108.6011366832078,0.0
2,1523.999951232002,0.45,0.5,480.0463422744,203.2075222776921,0.0
2,1523.999951232002,0.45,0.6,576.0642550938,220.9959062868548,-20.606160742398004
2,1523.999951232002,0.45,0.7,672.0796642626001,239.6285809745079,13.563639643092001
2,1523.999951232002,0.45,0.8,768.0779934630001,258.4266731155765,50.691582393144
2,1523.999951232002,0.45,0.9,864.1006148852,277.3677670935317,91.345544176194
2,1523.999951232002,0.45,1.0,960.1055056032,296.3237954590402,135.205378147224
2,1523.999951232002,0.5,0.0,28.890451438200003,109.2151626099066,0.0
2,1523.999951232002,0.5,0.5,480.04619210460004,202.2356347968793,0.0
2,1523.999951232002,0.5,0.6,576.0630028582001,220.1667923370226,-83.058820357128
2,1523.999951232002,0.5,0.7,672.0786623100001,238.751195764311,-52.194490029528005
2,1523.999951232002,0.5,0.8,768.0826019526,257.4871101018779,-18.213174514920002
2,1523.999951232002,0.5,0.9,864.0882943968002,276.5253468392452,19.371103118136002
2,1523.999951232002,0.5,1.0,960.1020000000001,295.425465053343,59.989487592804004
2,1523.999951232002,0.55,0.0,35.4180881054,109.9172435045813,0.0
2,1523.999951232002,0.55,0.5,480.04829530240005,200.9752168386102,0.0
2,1523.999951232002,0.55,0.6,576.042067711,219.1868383594303,-145.999844707794
2,1523.999951232002,0.55,0.7,672.0736041316002,237.7134897493423,-118.43575377618602
2,1523.999951232002,0.55,0.8,768.0775429536,256.5021731607548,-87.446699808006
2,1523.999951232002,0.55,0.9,864.1092295440002,275.5844415926699,-52.823216568276
2,1523.999951232002,0.55,1.0,960.1005975946001,294.4400144239318,-15.424101430584003
2,2285.999926848002,0.0,0.0,4.0048513164,97.9122541752699,0.0
2,2285.999926848002,0.0,0.5,480.05655956499993,196.7500225977502,459.304563161598
2,2285.999926848002,0.0,0.6,576.0598476512,214.5546546891046,523.1692323714781
2,2285.999926848002,0.0,0.7,672.0676432932,233.0838899591763,589.5738552183481
2,2285.999926848002,0.0,0.8,768.0768922178002,252.5432944841695,657.6348951082681
2,2285.999926848002,0.0,0.9,864.0931022922001,273.4442108025946,726.6922219589339
2,2285.999926848002,0.0,1.0,960.1050050372002,295.786681955729,794.8199295461042
2,2285.999926848002,0.05,0.0,4.2608030212,97.936861154223,0.0
2,2285.999926848002,0.05,0.5,480.0463422744,196.7134871030573,405.237031333596
2,2285.999926848002,0.05,0.6,576.058044793,214.5230586488252,465.547830315414
2,2285.999926848002,0.05,0.7,672.0737543014001,233.0411579240679,528.5806481340001
2,2285.999926848002,0.05,0.8,768.0686279552001,252.4747058695455,593.557814052126
2,2285.999926848002,0.05,0.9,864.1065248464,273.3353032714325,660.009140984886
2,2285.999926848002,0.05,1.0,960.1035025186001,295.619836654722,725.8254684990541
2,2285.999926848002,0.1,0.0,4.9990443228000006,98.05980341667424,0.0
2,2285.999926848002,0.1,0.5,480.04629221780004,196.6050792249841,351.20597224066205
2,2285.999926848002,0.1,0.6,576.0490789174,214.42177503783,407.86360160007007
2,2285.999926848002,0.1,0.7,672.0584279552,232.9047521629321,467.67715008168005
2,2285.999926848002,0.1,0.8,768.084004358,252.2640295773383,529.5824984835001
2,2285.999926848002,0.1,0.9,864.091299434,273.0007279840334,593.5268704545181
2,2285.999926848002,0.1,1.0,960.1038028582002,295.1002559221628,657.0727628711401
2,2285.999926848002,0.15,0.0,6.2427284502000004,98.28714837920711,0.0
2,2285.999926848002,0.15,0.5,480.0545056032,196.4133771184796,297.15942177675606
2,2285.999926848002,0.15,0.6,576.0596474248,214.2625826630681,350.219241390942
2,2285.999926848002,0.15,0.7,672.077911461,232.6978592925701,406.65411501330004
2,2285.999926848002,0.15,0.8,768.0819003396001,251.9252568297197,465.578069314974
2,2285.999926848002,0.15,0.9,864.1108321758,272.4358589387645,527.0980123706221
2,2285.999926848002,0.15,1.0,960.100797821,294.297726043001,588.3267019942621
2,2285.999926848002,0.2,0.0,8.018185175000001,98.59366870706705,0.0
2,2285.999926848002,0.2,0.5,480.0654745634,196.1487322107412,243.09726740191203
2,2285.999926848002,0.2,0.6,576.0491798512002,214.040898564184,292.538315478948
2,2285.999926848002,0.2,0.7,672.0881287516,232.4526601532251,345.60483856067407
2,2285.999926848002,0.2,0.8,768.0804979342,251.4919677762859,401.496623665368
2,2285.999926848002,0.2,0.9,864.111633902,271.662655140343,460.59886573839606
2,2285.999926848002,0.2,1.0,960.1122172906001,293.2055952685295,519.502396482762
2,2285.999926848002,0.25,0.0,10.2626894744,99.02438791554023,0.0
2,2285.999926848002,0.25,0.5,480.06121729060015,195.8390712731561,188.948594258424
2,2285.999926848002,0.25,0.6,576.0664592254,213.758906618162,234.84647319025203
2,2285.999926848002,0.25,0.7,672.1003991834,232.1351605569264,284.517445310868
2,2285.999926848002,0.25,0.8,768.1152577296001,250.9140782767849,337.280335564326
2,2285.999926848002,0.25,0.9,864.1246560034001,270.9023010345641,393.584550286158
2,2285.999926848002,0.25,1.0,960.1298478816001,291.7978778954006,450.38478246161407
2,2285.999926848002,0.3,0.0,12.9607443174,99.494790713871,0.0
2,2285.999926848002,0.3,0.5,480.0552572728001,195.4525690238592,134.690918818302
2,2285.999926848002,0.3,0.6,576.0522850016001,213.3760886086365,177.07931230605
2,2285.999926848002,0.3,0.7,672.0585280684002,231.7406348521274,223.31540808700203
2,2285.999926848002,0.3,0.8,768.0785449062,250.3845030789259,272.919355318302
2,2285.999926848002,0.3,0.9,864.0956067634,270.1205596245124,326.29018157505
2,2285.999926848002,0.3,1.0,960.1023003396001,290.4279952085639,380.80052881101
2,2285.999926848002,0.35,0.0,16.2579824066,100.0724088661889,0.0
2,2285.999926848002,0.35,0.5,480.05195189600005,194.9939810561553,80.274791999094
2,2285.999926848002,0.35,0.6,576.0612500566001,212.8614899039281,119.21444226615002
2,2285.999926848002,0.35,0.7,672.0755571596001,231.2895847220358,162.08529948118203
2,2285.999926848002,0.35,0.8,768.1042387128001,249.8488740318425,208.49633129971804
2,2285.999926848002,0.35,0.9,864.1135368734001,269.2483281394357,258.76517443623004
2,2285.999926848002,0.35,1.0,960.1214334492001,288.8833579181712,310.671953596158
2,2285.999926848002,0.4,0.0,20.489414512600003,100.6295393704981,0.0
2,2285.999926848002,0.4,0.5,480.05821225340003,194.4414049739635,25.66838456259
2,2285.999926848002,0.4,0.6,576.0548395294,212.2676241372585,61.156717868862
2,2285.999926848002,0.4,0.7,672.0886793742001,230.7777135243582,100.76365673866802
2,2285.999926848002,0.4,0.8,768.0979775348001,249.2661587630409,143.86007340381602
2,2285.999926848002,0.4,0.9,864.0792784646001,268.3397464242947,190.97501335143
2,2285.999926848002,0.4,1.0,960.1018998868002,287.7189552249841,239.94612388870203
2,2285.999926848002,0.45,0.0,25.4737085504,101.2474057955185,0.0
2,2285.999926848002,0.45,0.5,480.04544043500005,193.8150720489885,0.0
2,2285.999926848002,0.45,0.6,576.053236077,211.6574962531979,2.8896789208980005
2,2285.999926848002,0.45,0.7,672.0610825962001,230.0962133778463,39.194993663826004
2,2285.999926848002,0.45,0.8,768.0698801908001,248.6574301883335,79.09390034977201
2,2285.999926848002,0.45,0.9,864.0940041316001,267.5563203225075,122.94730975665601
2,2285.999926848002,0.45,1.0,960.0933853412,286.5145470680396,168.866992083636
2,2285.999926848002,0.5,0.0,31.133190627,101.9630648096707,0.0
2,2285.999926848002,0.5,0.5,480.0521020658,193.0927814032478,0.0
2,2285.999926848002,0.5,0.6,576.0645053768001,210.9394741793523,-55.68060141197401
2,2285.999926848002,0.5,0.7,672.0774100744002,229.2644294652999,-22.642713325386
2,2285.999926848002,0.5,0.8,768.0736861336001,247.9682626125374,14.215025859342001
2,2285.999926848002,0.5,0.9,864.0992124798,266.8151261348998,54.79974131200801
2,2285.999926848002,0.5,1.0,960.1004974814001,285.3866939047447,97.48879755153
2,2285.999926848002,0.55,0.0,37.4747718356,102.7504315275334,0.0
2,2285.999926848002,0.55,0.5,480.03647538000007,192.1890970369228,0.0
2,2285.999926848002,0.55,0.6,576.0587956420001,210.1146723105325,-114.600969113862
2,2285.999926848002,0.55,0.7,672.0691458118001,228.4307040168738,-84.8022895104
2,2285.999926848002,0.55,0.8,768.0876100744,247.0966308983035,-50.970852765294005
2,2285.999926848002,0.55,0.9,864.0889951892001,265.996320570988,-13.507903001670002
2,2285.999926848002,0.55,1.0,960.0828677110002,284.4300837381838,25.885650306516002
2,3047.999902464003,0.0,0.0,6.5482714748,91.05581705960266,0.0
2,3047.999902464003,0.0,0.5,480.04483975580007,187.4882531724576,449.02433085001803
2,3047.999902464003,0.0,0.6,576.0543881994001,205.3981660995192,514.603531762782
2,3047.999902464003,0.0,0.7,672.0490616267999,224.3887313473646,582.477804239562
2,3047.999902464003,0.0,0.8,768.0772926706001,244.7196529657988,652.36130165976
2,3047.999902464003,0.0,0.9,864.0821833885999,266.885998744262,721.3110403029301
2,3047.999902464003,0.0,1.0,960.092784662,289.8315165556564,790.5829417244221
2,3047.999902464003,0.05,0.0,6.756031803400001,91.09063230672231,0.0
2,3047.999902464003,0.05,0.5,480.031867711,187.4613832515649,398.28007485974405
2,3047.999902464003,0.05,0.6,576.0391119098,205.3649284087817,460.38006847232407
2,3047.999902464003,0.05,0.7,672.0418493734,224.3267102702531,525.1042445468821
2,3047.999902464003,0.05,0.8,768.0821506226,244.6123445116575,592.1957232714601
2,3047.999902464003,0.05,0.9,864.0453203954002,266.7353444489704,658.7614690983481
2,3047.999902464003,0.05,1.0,960.0752541842002,289.6487665669963,725.8364435922601
2,3047.999902464003,0.1,0.0,7.424712484200001,91.24499891218363,0.0
2,3047.999902464003,0.1,0.5,480.04368763340005,187.3846139872086,347.569977195672
2,3047.999902464003,0.1,0.6,576.053236077,205.2801782623606,406.18915859029204
2,3047.999902464003,0.1,0.7,672.0485110042,224.1605648578427,467.79403506897603
2,3047.999902464003,0.1,0.8,768.0703307002001,244.2964439923796,532.176627881514
2,3047.999902464003,0.1,0.9,864.0862904915999,266.2790119377665,596.494901656962
2,3047.999902464003,0.1,1.0,960.0925836150001,289.1320410617799,661.37859090072
2,3047.999902464003,0.15,0.0,8.5491322488,91.43566568883244,0.0
2,3047.999902464003,0.15,0.5,480.0487458118001,187.2493076500045,296.863480810512
2,3047.999902464003,0.15,0.6,576.0669597914,205.1403315382382,351.9958951550581
2,3047.999902464003,0.15,0.7,672.0713499434002,223.8719482978318,410.500285784358
2,3047.999902464003,0.15,0.8,768.0907152248001,243.7750068708156,472.190721995454
2,3047.999902464003,0.15,0.9,864.1086288648002,265.5834199834891,534.164352798384
2,3047.999902464003,0.15,1.0,960.1133193564001,288.2597239619885,597.027729465552
2,3047.999902464003,0.2,0.0,10.1628700492,91.76231015304364,0.0
2,3047.999902464003,0.2,0.5,480.0559080086,187.0237970879978,246.16219062204001
2,3047.999902464003,0.2,0.6,576.0594471984,204.9403491320874,297.780779394252
2,3047.999902464003,0.2,0.7,672.0672428404,223.4561494417128,353.143974064728
2,3047.999902464003,0.2,0.8,768.0806981606002,243.1123957631317,412.03436209828203
2,3047.999902464003,0.2,0.9,864.1137370998,264.5981976599837,471.737523552372
2,3047.999902464003,0.2,1.0,960.1037027450002,287.0633397283861,532.47098350215
2,3047.999902464003,0.25,0.0,12.172637615600001,92.14401470343827,0.0
2,3047.999902464003,0.25,0.5,480.05355452780003,186.7252005657262,195.40752223839004
2,3047.999902464003,0.25,0.6,576.0514332188001,204.6720920319332,243.52957744869602
2,3047.999902464003,0.25,0.7,672.0631357374001,223.0576400795609,295.71098348391604
2,3047.999902464003,0.25,0.8,768.0877602442,242.5911584092353,351.49319869910397
2,3047.999902464003,0.25,0.9,864.102217517,263.3393928139345,409.05774360712803
2,3047.999902464003,0.25,1.0,960.0919829358,285.6692996568086,467.6277988600681
2,3047.999902464003,0.3,0.0,14.9101674216,92.59520752472103,0.0
2,3047.999902464003,0.3,0.5,480.04238534120003,186.3441954360882,144.558535577148
2,3047.999902464003,0.3,0.6,576.0463249838,204.3667993161571,189.23893758462
2,3047.999902464003,0.3,0.7,672.0663910576001,222.6236090319333,238.12101432966003
2,3047.999902464003,0.3,0.8,768.0855068766001,241.936884677674,290.841012176946
2,3047.999902464003,0.3,0.9,864.0957068766,262.0950367375488,345.945257278698
2,3047.999902464003,0.3,1.0,960.1069080086002,283.9529061492335,402.53905201217407
2,3047.999902464003,0.35,0.0,18.4582883694,93.0763112267078,0.0
2,3047.999902464003,0.35,0.5,480.04924719840017,185.9106780767486,93.57771079225802
2,3047.999902464003,0.35,0.6,576.0577945100001,204.0064535317972,134.905684217766
2,3047.999902464003,0.35,0.7,672.0633359638,222.2295684771841,180.40027373491202
2,3047.999902464003,0.35,0.8,768.0739372372001,241.1220482680759,230.00071265509803
2,3047.999902464003,0.35,0.9,864.0809812096,260.6528535937585,282.339855685272
2,3047.999902464003,0.35,1.0,960.0979930102,282.0495081163023,336.74582944233003
2,3047.999902464003,0.4,0.0,22.5578443112,93.62049192062052,0.0
2,3047.999902464003,0.4,0.5,480.04674272720007,185.4554024160392,42.44099368924799
2,3047.999902464003,0.4,0.6,576.0593971418,203.5156557177719,80.45334399471601
2,3047.999902464003,0.4,0.7,672.0903821192001,221.7697383943573,122.61177918759
2,3047.999902464003,0.4,0.8,768.0828522356001,240.3236307022589,168.92679484296002
2,3047.999902464003,0.4,0.9,864.1093296572,259.7263971168466,218.34886281007803
2,3047.999902464003,0.4,1.0,960.1067077822,280.0411712386828,270.28535741407205
2,3047.999902464003,0.45,0.0,27.1156799144,94.21743467077928,0.0
2,3047.999902464003,0.45,0.5,480.06206907340004,184.9163328738093,0.0
2,3047.999902464003,0.45,0.6,576.0662089424002,202.8942341768121,25.792437856416
2,3047.999902464003,0.45,0.7,672.0877274782,221.259537385376,64.73111930115601
2,3047.999902464003,0.45,0.8,768.0902647154,239.6563650547038,107.66028689770202
2,3047.999902464003,0.45,0.9,864.1071263462001,258.6384062582781,154.01991241698602
2,3047.999902464003,0.45,1.0,960.118227365,278.0728969012973,203.03776129144202
2,3047.999902464003,0.5,0.0,32.477226749,94.87127986092716,0.0
2,3047.999902464003,0.5,0.5,480.0505995472,184.3041343300372,0.0
2,3047.999902464003,0.5,0.6,576.059497255,202.2364628736279,-29.150503222764005
2,3047.999902464003,0.5,0.7,672.0744550938001,220.6488382687109,6.672793059702
2,3047.999902464003,0.5,0.8,768.080648104,239.0722645117482,46.35439975042801
2,3047.999902464003,0.5,0.9,864.0683603816001,257.5399077139617,89.373721645824
2,3047.999902464003,0.5,1.0,960.096190152,276.7886209758686,135.476770721754
2,3047.999902464003,0.55,0.0,40.3191872534,95.76177909335027,0.0
2,3047.999902464003,0.55,0.5,480.0345715879999,183.6297299123651,0.0
2,3047.999902464003,0.55,0.6,576.0569427272001,201.5431408788896,-84.38806414684801
2,3047.999902464003,0.55,0.7,672.062184662,219.8285477807312,-51.769813128264005
2,3047.999902464003,0.55,0.8,768.0789954156,238.3896504382654,-15.072893554950001
2,3047.999902464003,0.55,0.9,864.0885947364001,256.7237290714869,24.562865332236004
2,3047.999902464003,0.55,1.0,960.0827667772002,275.3608870695818,67.52145479032801
2,3809.999878080004,0.0,0.0,9.098857933000001,85.05704148879616,0.0
2,3809.999878080004,0.0,0.5,461.68526710460003,175.6509938295382,428.56965868794003
2,3809.999878080004,0.0,0.6,554.0258563268001,193.2033165496689,492.77392458478806
2,3809.999878080004,0.0,0.7,646.3577808336,211.5775428699991,559.9971435721741
2,3809.999878080004,0.0,0.8,738.7220107212,231.6567838941305,627.3964533550561
2,3809.999878080004,0.0,0.9,831.0244847146,253.0859191423388,693.9178877935921
2,3809.999878080004,0.0,1.0,923.3766443968002,275.214972461036,761.5454384136061
2,3809.999878080004,0.05,0.0,9.3110191394,85.0776011841604,0.0
2,3809.999878080004,0.05,0.5,462.5314607980002,175.7827740568811,382.08800070117604
2,3809.999878080004,0.05,0.6,555.0472489408,193.361538156491,443.1975692173261
2,3809.999878080004,0.05,0.7,647.5419008894,211.7691308235508,507.534094039434
2,3809.999878080004,0.05,0.8,740.0603937298001,231.8457874996825,572.5869699964261
2,3809.999878080004,0.05,0.9,832.5532428202001,253.2896568999365,637.0993654271401
2,3809.999878080004,0.05,1.0,925.0654252466001,275.4569734463395,702.7111931439601
2,3809.999878080004,0.1,0.0,9.905730115599999,85.2084812873991,0.0
2,3809.999878080004,0.1,0.5,465.05291185320004,176.1765002231697,336.56212507348204
2,3809.999878080004,0.1,0.6,558.0705067432,193.8350460087091,394.86272539652407
2,3809.999878080004,0.1,0.7,651.0749285414001,212.3488622090175,456.649960657506
2,3809.999878080004,0.1,0.8,744.095478412,232.4130546926426,519.669043707198
2,3809.999878080004,0.1,0.9,837.0976960786,253.9033824733739,582.487844761746
2,3809.999878080004,0.1,1.0,930.108228885,276.1692700946204,646.460474050314
2,3809.999878080004,0.15,0.0,11.118592507,85.39178847346457,0.0
2,3809.999878080004,0.15,0.5,469.260540815,176.8341718764402,291.82284998466605
2,3809.999878080004,0.15,0.6,563.1227760026001,194.6231841946839,347.55732378906004
2,3809.999878080004,0.15,0.7,656.9649770618,213.3233480730291,407.10007175422203
2,3809.999878080004,0.15,0.8,750.8230058538,233.362598136442,468.344105957574
2,3809.999878080004,0.15,0.9,844.6867936166,254.9568219465663,529.79502776277
2,3809.999878080004,0.15,1.0,938.5402139190002,277.3609997883516,592.39697408892
2,3809.999878080004,0.2,0.0,12.742157813,85.64518978318063,0.0
2,3809.999878080004,0.2,0.5,475.24885700600004,177.7642120075297,247.74509949512404
2,3809.999878080004,0.2,0.6,570.2948618532,195.7392295449515,301.10894338093806
2,3809.999878080004,0.2,0.7,665.3428706056001,214.6972565228159,358.690232278686
2,3809.999878080004,0.2,0.8,760.4025991672,234.7202875101152,418.397087979486
2,3809.999878080004,0.2,0.9,855.4424437702,256.4708199294204,478.699744939416
2,3809.999878080004,0.2,1.0,950.4993174644002,279.0528934523269,540.235707814572
2,3809.999878080004,0.25,0.0,14.9667658448,85.9519028611086,0.0
2,3809.999878080004,0.25,0.5,480.04483975580007,178.4344620062597,202.60125301462202
2,3809.999878080004,0.25,0.6,576.0614002264,196.5074793859204,253.45029349932602
2,3809.999878080004,0.25,0.7,672.068745359,215.6468285048535,308.712994873206
2,3809.999878080004,0.25,0.8,768.076290718,235.4949762326046,366.62555739348005
2,3809.999878080004,0.25,0.9,864.089395642,257.231916497233,425.594904445788
2,3809.999878080004,0.25,1.0,960.0982933498001,279.8519107889867,485.84037153082204
2,3809.999878080004,0.3,0.0,17.707107847000003,86.33587035344281,0.0
2,3809.999878080004,0.3,0.5,480.059464489,178.1322963328495,154.851181536282
2,3809.999878080004,0.3,0.6,576.0557405482001,196.1944200587862,202.17179561132403
2,3809.999878080004,0.3,0.7,672.0823189036001,215.159499724213,254.42045161579202
2,3809.999878080004,0.3,0.8,768.0717331056001,234.5861376733194,309.65136289579806
2,3809.999878080004,0.3,0.9,864.095406537,255.7212022831353,366.52749104571603
2,3809.999878080004,0.3,1.0,960.1139200356,278.0608752854033,424.85209663281
2,3809.999878080004,0.35,0.0,20.9579631624,86.79431609779553,0.0
2,3809.999878080004,0.35,0.5,480.04163367160004,177.7251777795518,107.02140729680401
2,3809.999878080004,0.35,0.6,576.0354060802001,195.8295624257462,150.91711215873602
2,3809.999878080004,0.35,0.7,672.0614830490001,214.5454171888778,199.93011202857002
2,3809.999878080004,0.35,0.8,768.0712825962,233.7406048797061,252.27836590294802
2,3809.999878080004,0.35,0.9,864.0781763988001,254.1199699236143,306.85852706216406
2,3809.999878080004,0.35,1.0,960.0864734273999,275.9660464931507,363.28287085813804
2,3809.999878080004,0.4,0.0,24.672651139400003,87.32660383180622,0.0
2,3809.999878080004,0.4,0.5,480.0435875202,177.2270840011794,59.069913744534
2,3809.999878080004,0.4,0.6,576.063604358,195.4151624111404,99.66844225476602
2,3809.999878080004,0.4,0.7,672.0714000000002,213.9295493762134,145.299439996788
2,3809.999878080004,0.4,0.8,768.0643206258001,233.0376173111676,194.588387863254
2,3809.999878080004,0.4,0.9,864.0807809832002,252.5057737184977,246.62716661721603
2,3809.999878080004,0.4,1.0,960.1009980474001,273.9307540799238,301.07640954468
2,3809.999878080004,0.45,0.0,29.411090134800002,87.93260583516285,0.0
2,3809.999878080004,0.45,0.5,480.0591140928001,176.6541769973691,10.896344588052001
2,3809.999878080004,0.45,0.6,576.0589958684001,194.9353438655538,48.311548047840006
2,3809.999878080004,0.45,0.7,672.0756072162001,213.377658679579,90.570926697174
2,3809.999878080004,0.45,0.8,768.072183615,232.2139859779552,136.743745658982
2,3809.999878080004,0.45,0.9,864.0885947364001,251.2354614126826,185.81725777923003
2,3809.999878080004,0.45,1.0,960.1058067634001,271.6984055995645,238.06647159048603
2,3809.999878080004,0.5,0.0,35.9414749914,88.67290738410597,0.0
2,3809.999878080004,0.5,0.5,480.0496476511999,176.0879806901025,0.0
2,3809.999878080004,0.5,0.6,576.0622019526,194.2775295210923,-3.279747336096
2,3809.999878080004,0.5,0.7,672.0754069898001,212.8192865279869,35.787909802722005
2,3809.999878080004,0.5,0.8,768.0765910576,231.3063039190783,78.54715183669201
2,3809.999878080004,0.5,0.9,864.0957068766,250.2318211652,124.73815334257202
2,3809.999878080004,0.5,1.0,960.1011982738002,269.6097733477275,174.22629694885802
2,3809.999878080004,0.55,0.0,43.312475102600004,89.49194827152319,0.0
2,3809.999878080004,0.55,0.5,480.0569600178,175.4581211874263,0.0
2,3809.999878080004,0.55,0.6,576.0683121402,193.4754997628595,-55.173163598322006
2,3809.999878080004,0.55,0.7,672.0878784686,212.2090585261726,-19.06737732207
2,3809.999878080004,0.55,0.8,768.0855068766001,230.5584135379661,20.244197960448002
2,3809.999878080004,0.55,0.9,864.0884946232,249.1678164619432,63.31209308377801
2,3809.999878080004,0.55,1.0,960.1059068766001,268.0925201343555,109.77829884390601
2,4571.999853696005,0.0,0.0,11.734500401800002,79.20718593050893,0.0
2,4571.999853696005,0.0,0.5,435.66813015440005,163.2291918348907,403.93534026337807
2,4571.999853696005,0.0,0.6,522.7845065168,179.8468053810215,465.07021559275205
2,4571.999853696005,0.0,0.7,609.919414489,197.0523740036288,530.00564875566
2,4571.999853696005,0.0,0.8,697.0423023124001,216.225903043001,593.4541451712721
2,4571.999853696005,0.0,0.9,784.1724524458001,236.5890775490338,657.077993533038
2,4571.999853696005,0.0,1.0,871.317527652,257.6214882445795,721.4644665278821
2,4571.999853696005,0.05,0.0,11.9659309374,79.24267954558651,0.0
2,4571.999853696005,0.05,0.5,436.471399903,163.3595582498413,361.171733635944
2,4571.999853696005,0.05,0.6,523.7754967214,180.0056548290846,419.477779914732
2,4571.999853696005,0.05,0.7,611.0738838050002,197.2373513783907,481.78970585545807
2,4571.999853696005,0.05,0.8,698.3691657382001,216.4144926101787,543.158835570582
2,4571.999853696005,0.05,0.9,785.6597398892001,236.8019526891046,604.9325562495601
2,4571.999853696005,0.05,1.0,872.9623333684,257.8553796918262,667.5296095337101
2,4571.999853696005,0.1,0.0,12.6425336906,79.34688996344008,0.0
2,4571.999853696005,0.1,0.5,438.8723466688,163.7358372600926,319.346362918968
2,4571.999853696005,0.1,0.6,526.6608699264001,180.4649001119478,375.09262895458204
2,4571.999853696005,0.1,0.7,614.4309616874,197.792125840606,435.08301197407206
2,4571.999853696005,0.1,0.8,702.1940414214001,216.9522629608092,494.6757130050121
2,4571.999853696005,0.1,0.9,789.9738999636,237.3987026891953,554.894038386072
2,4571.999853696005,0.1,1.0,877.7693351350001,258.5170490376486,616.0285809885901
2,4571.999853696005,0.15,0.0,13.798760731800002,79.51995238982128,0.0
2,4571.999853696005,0.15,0.5,442.93297416720003,164.3718788001452,278.330550893934
2,4571.999853696005,0.15,0.6,531.5178560802,181.2342203707702,331.72661056827604
2,4571.999853696005,0.15,0.7,620.0988811732,198.735615435181,389.69731710663604
2,4571.999853696005,0.15,0.8,708.6908251698001,217.8915405921256,447.83085918971403
2,4571.999853696005,0.15,0.9,797.2490613802,238.4010152068403,506.6937042898501
2,4571.999853696005,0.15,1.0,885.8564318362002,259.6453588127551,566.6488084765201
2,4571.999853696005,0.2,0.0,15.400997002600002,79.76640814732832,0.0
2,4571.999853696005,0.2,0.5,448.5334288446,165.2436106321328,237.85949102084402
2,4571.999853696005,0.2,0.6,538.2391231646001,182.338273111222,289.245895164072
2,4571.999853696005,0.2,0.7,627.9451178242,200.0425778564819,345.318434133288
2,4571.999853696005,0.2,0.8,717.6595260956001,219.174288552209,402.09552222008404
2,4571.999853696005,0.2,0.9,807.3672243208001,239.7848325072123,459.94602139563
2,4571.999853696005,0.2,1.0,897.069161934,261.1876545640933,519.050915497422
2,4571.999853696005,0.25,0.0,17.4530492664,80.08073812782365,0.0
2,4571.999853696005,0.25,0.5,455.8194090516001,166.3816004840787,197.86653028157403
2,4571.999853696005,0.25,0.6,546.9704187662002,183.778171324594,247.452368364432
2,4571.999853696005,0.25,0.7,638.1302942432001,201.7354567914361,301.848712614834
2,4571.999853696005,0.25,0.8,729.300286077,220.8478789130001,357.43874871243
2,4571.999853696005,0.25,0.9,820.4571565168001,241.5816645480359,414.49014562678815
2,4571.999853696005,0.25,1.0,911.6231914174,263.2133239769573,472.979749483164
2,4571.999853696005,0.3,0.0,19.9556847842,80.45990838909553,0.0
2,4571.999853696005,0.3,0.5,464.6429130134,167.7519683209653,158.08277155301403
2,4571.999853696005,0.3,0.6,557.5764636926,185.4982486041006,206.03524860672601
2,4571.999853696005,0.3,0.7,650.5283958118001,203.7778449335027,258.95334125938206
2,4571.999853696005,0.3,0.8,743.4420633530001,222.8615982894856,313.442809885128
2,4571.999853696005,0.3,0.9,836.3794708522,243.7676968712692,370.01703734364605
2,4571.999853696005,0.3,1.0,929.3116691826001,265.6887578956727,427.9701631821
2,4571.999853696005,0.35,0.0,22.8874333776,80.91407105851401,0.0
2,4571.999853696005,0.35,0.5,475.4264602846,169.4480594451601,118.60027252735202
2,4571.999853696005,0.35,0.6,570.5024662678001,187.598074395083,165.07166491200002
2,4571.999853696005,0.35,0.7,665.5857854382001,206.2662141595755,216.46794321398403
2,4571.999853696005,0.35,0.8,760.6581348278,225.3412296684206,270.24358551451803
2,4571.999853696005,0.35,0.9,855.7710038042001,246.538072546403,326.57770161601206
2,4571.999853696005,0.35,1.0,950.848713353,268.6319181002449,383.783831197536
2,4571.999853696005,0.4,0.0,27.388335752800003,81.47077302140978,0.0
2,4571.999853696005,0.4,0.5,480.03231822039993,169.9072902249841,75.70899175501201
2,4571.999853696005,0.4,0.6,576.0560408878,188.1690398630137,119.523726557928
2,4571.999853696005,0.4,0.7,672.04575625,206.9947158487708,168.451905544692
2,4571.999853696005,0.4,0.8,768.0481433174001,225.7914372187245,220.19181729329404
2,4571.999853696005,0.4,0.9,864.0670580894001,246.6645413865554,275.299800679134
2,4571.999853696005,0.4,1.0,960.0733512128,268.4848329560918,331.088660645358
2,4571.999853696005,0.45,0.0,32.7454127792,82.10824194121383,0.0
2,4571.999853696005,0.45,0.5,480.0521020658,169.3986171813481,30.589874708778005
2,4571.999853696005,0.45,0.6,576.0488286344,187.7322101966797,71.06812246056602
2,4571.999853696005,0.45,0.7,672.0600806436,206.3995078492244,116.714386493628
2,4571.999853696005,0.45,0.8,768.0989794874001,225.0220884216638,165.57544762327802
2,4571.999853696005,0.45,0.9,864.0932024053999,244.8173674256555,218.330308394814
2,4571.999853696005,0.45,1.0,960.1074093952,265.9430373410142,272.241238413606
2,4571.999853696005,0.5,0.0,38.770391737,82.82707057116937,0.0
2,4571.999853696005,0.5,0.5,480.06312108260005,168.7468136448335,0.0
2,4571.999853696005,0.5,0.6,576.0719186772001,187.2107730751157,22.568759888598002
2,4571.999853696005,0.5,0.7,672.0930367602,205.6492333556201,64.672955710902
2,4571.999853696005,0.5,0.8,768.1038382600001,224.3312791954096,110.59416466698602
2,4571.999853696005,0.5,0.9,864.1109322890001,243.1864950647737,160.628234755296
2,4571.999853696005,0.5,1.0,960.130548674,263.6000685673591,212.555324932566
2,4571.999853696005,0.55,0.0,45.7576907766,83.61797135217273,0.0
2,4571.999853696005,0.55,0.5,480.068179261,168.0703390352899,0.0
2,4571.999853696005,0.55,0.6,576.0564421612,186.5762024239318,-26.093325688122
2,4571.999853696005,0.55,0.7,672.0715001132,205.0021269324141,12.667885123278001
2,4571.999853696005,0.55,0.8,768.104839392,223.5648997786446,55.44578921943601
2,4571.999853696005,0.55,0.9,864.1134367602,242.258696354985,102.53325473622002
2,4571.999853696005,0.55,1.0,960.1203313834001,261.2650661727297,151.88768129073
2,5333.999829312005,0.0,0.0,14.673817389000002,73.6788632169101,0.0
2,5333.999829312005,0.0,0.5,421.8012719316,153.3050536430192,388.462968973464
2,5333.999829312005,0.0,0.6,506.163850093,169.2938500339291,449.53946052569404
2,5333.999829312005,0.0,0.7,590.5066952861999,186.6047425335208,512.8524490361581
2,5333.999829312005,0.0,0.8,674.8680712686001,205.9494855635489,574.3190872922581
2,5333.999829312005,0.0,0.9,759.234756533,226.2257110752971,636.959894157972
2,5333.999829312005,0.0,1.0,843.5993385996001,247.3152740373764,699.659911724928
2,5333.999829312005,0.05,0.0,14.869673273400002,73.70526904055157,0.0
2,5333.999829312005,0.05,0.5,422.75279537920005,153.457478244761,348.89365759663804
2,5333.999829312005,0.05,0.6,507.3182201164,169.4922623691373,407.339811240054
2,5333.999829312005,0.05,0.7,591.8558970852,186.8120784483353,468.31169934040804
2,5333.999829312005,0.05,0.8,676.4150606444001,206.1861185530255,527.970735341742
2,5333.999829312005,0.05,0.9,760.9640569696,226.4989651741813,588.929074608798
2,5333.999829312005,0.05,1.0,845.5281293580001,247.6129568681847,650.0738094178022
2,5333.999829312005,0.1,0.0,15.5171283146,73.80735219005716,0.0
2,5333.999829312005,0.1,0.5,425.77735547380007,153.9425085276241,310.593483881604
2,5333.999829312005,0.1,0.6,510.9350901116,170.1141830953461,366.79731784680604
2,5333.999829312005,0.1,0.7,596.0832089586,187.4894096728658,425.80440493206004
2,5333.999829312005,0.1,0.8,681.2402928606001,206.9404763538964,483.99894856975203
2,5333.999829312005,0.1,0.9,766.4008323092002,227.3814049274245,543.6801598374301
2,5333.999829312005,0.1,1.0,851.5560132398001,248.5460664973238,603.4804579613041
2,5333.999829312005,0.15,0.0,16.545635530600002,73.97053523977138,0.0
2,5333.999829312005,0.15,0.5,430.04789163160007,154.6022073314887,272.83678034151
2,5333.999829312005,0.15,0.6,516.0459600582001,170.9746928499501,327.013989705942
2,5333.999829312005,0.15,0.7,602.0588033878,188.359699622063,384.262155411288
2,5333.999829312005,0.15,0.8,688.048408146,207.9060386383017,441.20801430274804
2,5333.999829312005,0.15,0.9,774.056093184,228.4965796275061,499.833693657144
2,5333.999829312005,0.15,1.0,860.0749465880001,249.7740322681665,558.51495796866
2,5333.999829312005,0.2,0.0,18.019079452000003,74.21086556853852,0.0
2,5333.999829312005,0.2,0.5,436.06069945020005,155.5277786551756,235.757924588802
2,5333.999829312005,0.2,0.6,523.2464944696001,172.2023732384106,288.21315504042605
2,5333.999829312005,0.2,0.7,610.4777170844001,189.5943470833712,343.88813924018405
2,5333.999829312005,0.2,0.8,697.6731287152,209.2809754003447,399.89486190145806
2,5333.999829312005,0.2,0.9,784.8917288608001,230.1132745659077,457.7811243209821
2,5333.999829312005,0.2,1.0,872.1056721014002,251.5146973134356,515.4590459051881
2,5333.999829312005,0.25,0.0,20.0922728336,74.52426033693187,0.0
2,5333.999829312005,0.25,0.5,443.47565007680004,156.6619710500771,199.01499574156202
2,5333.999829312005,0.25,0.6,532.145326229,173.7011374161299,249.906972669816
2,5333.999829312005,0.25,0.7,620.8537691664001,191.0682399525538,304.118208248316
2,5333.999829312005,0.25,0.8,709.5474363802001,210.9897735259911,359.48280722184603
2,5333.999829312005,0.25,0.9,798.2305859638001,232.0782651345369,416.76972092679
2,5333.999829312005,0.25,1.0,886.9279598278,253.586482647918,473.64173892142816
2,5333.999829312005,0.3,0.0,23.197630024800002,74.9238691230155,0.0
2,5333.999829312005,0.3,0.5,452.15240285820005,158.0083672346911,162.32974607341802
2,5333.999829312005,0.3,0.6,542.5741190936001,175.4351348061327,211.83649791843
2,5333.999829312005,0.3,0.7,633.0107095246001,192.9701675644561,264.67322906871
2,5333.999829312005,0.3,0.8,723.4353807406001,212.9730959360428,319.51625423025007
2,5333.999829312005,0.3,0.9,813.8668629366,234.3016189236143,376.422729026652
2,5333.999829312005,0.3,1.0,904.2981949628,255.9093207354622,432.63832097178005
2,5333.999829312005,0.35,0.0,26.964913538200005,75.41008397668512,0.0
2,5333.999829312005,0.35,0.5,462.5074697364,159.6103705944843,125.84768486736601
2,5333.999829312005,0.35,0.6,555.0036742602001,177.5010950651365,174.12681161891402
2,5333.999829312005,0.35,0.7,647.5051880660001,195.2569267691191,225.648444763896
2,5333.999829312005,0.35,0.8,740.0040480514001,215.3711898256373,280.233048805248
2,5333.999829312005,0.35,0.9,832.5027069898,236.9490378332578,336.92083887554406
2,5333.999829312005,0.35,1.0,925.0104310964001,258.6958584102331,392.654226424614
2,5333.999829312005,0.4,0.0,31.332182844600002,75.95189459330491,0.0
2,5333.999829312005,0.4,0.5,474.45675562340006,161.449377940851,89.366705023596
2,5333.999829312005,0.4,0.6,569.3549088656001,179.8538580685839,136.542274654632
2,5333.999829312005,0.4,0.7,664.2487039012001,197.9681225592851,186.83855797068003
2,5333.999829312005,0.4,0.8,759.1309292974,218.1043871939581,241.35686129293202
2,5333.999829312005,0.4,0.9,854.0113017788,239.8330041176631,297.439103164434
2,5333.999829312005,0.4,1.0,948.9165171046,261.9037201311803,353.47315835832006
2,5333.999829312005,0.45,0.0,36.25310358560001,76.56347886319513,0.0
2,5333.999829312005,0.45,0.5,480.07003217580007,162.1202988220992,49.57453026279602
2,5333.999829312005,0.45,0.6,576.0829869300001,180.6769897487073,94.18594527111
2,5333.999829312005,0.45,0.7,672.0974942594,198.9393531927788,142.30221201273
2,5333.999829312005,0.45,0.8,768.1214179738001,218.4784537889867,195.425049114834
2,5333.999829312005,0.45,0.9,864.102217517,239.8374303516285,250.12758036142802
2,5333.999829312005,0.45,1.0,960.1239370998001,261.6780238367051,305.43808186260605
2,5333.999829312005,0.5,0.0,42.03424125339999,77.24140985856846,0.0
2,5333.999829312005,0.5,0.5,480.04188477520006,161.606585738456,6.959084947122002
2,5333.999829312005,0.5,0.6,576.0724192432001,180.0611939833983,48.122055210306
2,5333.999829312005,0.5,0.7,672.0727523488001,198.3865062312438,93.168676946268
2,5333.999829312005,0.5,0.8,768.0904649418001,217.0092580331126,143.39840021199
2,5333.999829312005,0.5,0.9,864.1072264594001,237.5825666048263,196.10447246174402
2,5333.999829312005,0.5,1.0,960.1118168378,258.9715822363241,249.61898289682202
2,5333.999829312005,0.55,0.0,48.57998692140001,77.97774272103783,0.0
2,5333.999829312005,0.55,0.5,480.05110011320005,160.9913036614352,0.0
2,5333.999829312005,0.55,0.6,576.0787296571999,179.5329890888143,2.152238774994
2,5333.999829312005,0.55,0.7,672.0871267990001,197.7512356914633,43.906572308214
2,5333.999829312005,0.55,0.8,768.0948723844001,216.3047424992289,91.15008182742
2,5333.999829312005,0.55,0.9,864.1018170642001,235.3828705474009,141.23675211723003
2,5333.999829312005,0.55,1.0,960.1217337888,256.0639441850676,192.90409026688803
2,6095.999804928007,0.0,0.0,17.729092541600004,68.56678193604283,0.0
2,6095.999804928007,0.0,0.5,388.97326494180004,140.3440815205479,360.00842268652804
2,6095.999804928007,0.0,0.6,466.77269661220004,154.9927638819741,417.513130583934
2,6095.999804928007,0.0,0.7,544.5657669914001,171.2060144522362,475.92236133241806
2,6095.999804928007,0.0,0.8,622.3503728816,189.3146821733648,533.0017904843941
2,6095.999804928007,0.0,0.9,700.1453462322,208.4248488384287,591.7725729993
2,6095.999804928007,0.0,1.0,777.9511383732,228.325465754604,648.5142697133101
2,6095.999804928007,0.05,0.0,17.9648492804,68.59843505279869,0.0
2,6095.999804928007,0.05,0.5,389.85702324140004,140.4829144354532,323.976707280072
2,6095.999804928007,0.05,0.6,467.83510855840007,155.175870832532,379.0441469199001
2,6095.999804928007,0.05,0.7,545.7971675574,171.3767858662796,435.388156752318
2,6095.999804928007,0.05,0.8,623.7871236740001,189.5343391216547,490.8174466341301
2,6095.999804928007,0.05,0.9,701.7560937662,208.6857669329584,548.094021341328
2,6095.999804928007,0.05,1.0,779.7252148488001,228.6013182366869,603.5412295429442
2,6095.999804928007,0.1,0.0,18.687696946600003,68.70196710269437,0.0
2,6095.999804928007,0.1,0.5,392.49918045360005,140.9082792154586,289.045353837702
2,6095.999804928007,0.1,0.6,471.0037651924,155.7175958344371,342.00848694196804
2,6095.999804928007,0.1,0.7,549.5147596377999,171.9476367134174,396.59286590338803
2,6095.999804928007,0.1,0.8,627.9948026924001,190.1825590039917,450.717362526354
2,6095.999804928007,0.1,0.9,706.4966318564001,209.42206377175,506.79498047316605
2,6095.999804928007,0.1,1.0,785.0133368572001,229.4241359961898,561.287003266836
2,6095.999804928007,0.15,0.0,19.9058981616,68.86791976503675,0.0
2,6095.999804928007,0.15,0.5,396.9726124232,141.6246165975687,255.03185678586001
2,6095.999804928007,0.15,0.6,476.3645603574,156.6326309341377,306.247195287726
2,6095.999804928007,0.15,0.7,555.7584120836,172.9069173105325,359.31164371964405
2,6095.999804928007,0.15,0.8,635.1608284120001,191.3196066262361,412.57536618005406
2,6095.999804928007,0.15,0.9,714.5389024620001,210.6886782704346,467.74886250523207
2,6095.999804928007,0.15,1.0,793.9495321758001,230.8237723695001,521.523570234744
2,6095.999804928007,0.2,0.0,21.600977937,69.09202400009073,0.0
2,6095.999804928007,0.2,0.5,403.21338456300003,142.6175914972331,221.73244539045604
2,6095.999804928007,0.2,0.6,483.8411158878001,157.9138083554386,271.497197554044
2,6095.999804928007,0.2,0.7,564.498022825,174.2411346850222,323.260473578196
2,6095.999804928007,0.2,0.8,645.1352452094,192.8920134937857,375.989058714192
2,6095.999804928007,0.2,0.9,725.7743205086001,212.4527727414497,430.52363629413605
2,6095.999804928007,0.2,1.0,806.4260182770001,232.7600656343101,483.82338132975
2,6095.999804928007,0.25,0.0,23.817360274400002,69.38077623369318,0.0
2,6095.999804928007,0.25,0.5,411.327452745,143.9049509559104,189.00550522992603
2,6095.999804928007,0.25,0.6,493.5815336716002,159.5680100243128,237.60558617842202
2,6095.999804928007,0.25,0.7,575.8488878032,175.979772579697,288.29298502065603
2,6095.999804928007,0.25,0.8,658.1028185600002,194.946508866461,340.774290493098
2,6095.999804928007,0.25,0.9,740.3734780684,214.757963905289,394.97359683520204
2,6095.999804928007,0.25,1.0,822.649546972,235.2911673633312,448.056898157946
2,6095.999804928007,0.3,0.0,26.720233595,69.75988240088905,0.0
2,6095.999804928007,0.3,0.5,421.30372327780003,145.4801985477638,156.66563404984802
2,6095.999804928007,0.3,0.6,505.56017077940004,161.6013889720585,204.364485164532
2,6095.999804928007,0.3,0.7,589.8289387694,178.1054549501951,254.125777947426
2,6095.999804928007,0.3,0.8,674.0729648488001,197.4600347834528,306.68116407574803
2,6095.999804928007,0.3,0.9,758.3494965354001,217.4941881982219,360.5120586065461
2,6095.999804928007,0.3,1.0,842.6078470084002,238.394219363422,413.90106251432405
2,6095.999804928007,0.35,0.0,30.243025082600003,70.20580687625873,0.0
2,6095.999804928007,0.35,0.5,431.8415016696,147.1676519425746,124.08465333217801
2,6095.999804928007,0.35,0.6,518.2219221014,163.703227878436,170.710563090144
2,6095.999804928007,0.35,0.7,604.5842622534001,180.2131474702894,219.49182359781602
2,6095.999804928007,0.35,0.8,690.941593463,199.9699059345913,272.29555607284806
2,6095.999804928007,0.35,0.9,777.3154531978,220.1291859566361,325.50122748297
2,6095.999804928007,0.35,1.0,863.6887122534,241.446743710968,379.43835974167206
2,6095.999804928007,0.4,0.0,34.2518390764,70.71455851700989,0.0
2,6095.999804928007,0.4,0.5,442.8468768152,148.9258497585957,91.055093203074
2,6095.999804928007,0.4,0.6,531.4328607940001,165.8420738621973,136.26527465397
2,6095.999804928007,0.4,0.7,620.001515342,182.5026337141432,184.213108210824
2,6095.999804928007,0.4,0.8,708.5694182204,202.4690691644743,237.23018710314003
2,6095.999804928007,0.4,0.9,797.1583571798001,222.8179095216366,289.885224924834
2,6095.999804928007,0.4,1.0,885.7182961352,244.3700581439717,344.090471419926
2,6095.999804928007,0.45,0.0,39.005727508,71.29583892062053,0.0
2,6095.999804928007,0.45,0.5,455.3300245472001,150.9369992901207,57.960666016176006
2,6095.999804928007,0.45,0.6,546.3869237508,168.2333433701352,101.820382554198
2,6095.999804928007,0.45,0.7,637.4756770052002,185.4010057269346,149.431565035368
2,6095.999804928007,0.45,0.8,728.5396382924001,205.3179558721764,202.390221006204
2,6095.999804928007,0.45,0.9,819.617573577,225.8383957201306,254.542151356416
2,6095.999804928007,0.45,1.0,910.6734716486,247.6661540156038,309.33916724403
2,6095.999804928007,0.5,0.0,44.4532215248,71.9365775739817,0.0
2,6095.999804928007,0.5,0.5,469.38700676340005,153.1963744177629,24.682030477104004
2,6095.999804928007,0.5,0.6,563.2762380498001,170.9487080822825,67.23001542272401
2,6095.999804928007,0.5,0.7,657.1687246564001,188.752098058514,114.730282427838
2,6095.999804928007,0.5,0.8,751.0353681072002,208.349906956999,167.003056236324
2,6095.999804928007,0.5,0.9,844.8942478614002,229.2287360825547,219.377781467922
2,6095.999804928007,0.5,1.0,938.7951489004,251.3780061699175,275.070923746542
2,6095.999804928007,0.55,0.0,50.7151676064,72.65362841204754,0.0
2,6095.999804928007,0.55,0.5,480.0596647153999,154.7258204764583,0.0
2,6095.999804928007,0.55,0.6,576.0530358506,172.809474197859,29.692065111324005
2,6095.999804928007,0.55,0.7,672.0669425008,191.094310334936,76.24017550149
2,6095.999804928007,0.55,0.8,768.0633687298,210.0055930821011,126.85955616688202
2,6095.999804928007,0.55,0.9,864.0796789174,230.9461148611086,179.18130932578802
2,6095.999804928007,0.55,1.0,960.0919829358,253.0488264502404,235.15925111401802
2,6857.999780544007,0.0,0.0,20.1233382878,63.93220666778554,0.0
2,6857.999780544007,0.0,0.5,357.52501233020007,128.6313635171006,332.4087984839159
2,6857.999780544007,0.0,0.6,429.0152297178,141.9212856191599,386.60668584384007
2,6857.999780544007,0.0,0.7,500.538403222,157.2055093997097,441.1762829253781
2,6857.999780544007,0.0,0.8,572.0187537152001,173.848093904291,494.64723060753005
2,6857.999780544007,0.0,0.9,643.5225938834,191.5392780775651,549.0916147442881
2,6857.999780544007,0.0,1.0,715.0444650954,209.8504985176449,600.0752040979081
2,6857.999780544007,0.05,0.0,20.346060616200003,63.96481604944209,0.0
2,6857.999780544007,0.05,0.5,358.39993030600004,128.7750367043455,299.76747187926003
2,6857.999780544007,0.05,0.6,430.0668236942001,142.1058059142701,351.750298697952
2,6857.999780544007,0.05,0.7,501.76629818480006,157.400809195591,404.43359873023803
2,6857.999780544007,0.05,0.8,573.4249026924001,174.0765312731561,456.41764880943003
2,6857.999780544007,0.05,0.9,645.1021889796,191.8034804086909,509.472692814624
2,6857.999780544007,0.05,1.0,716.7944003396001,210.1317194633947,559.4160899416321
2,6857.999780544007,0.1,0.0,21.0201474098,64.06205190900843,0.0
2,6857.999780544007,0.1,0.5,360.8090650186,129.1636372159122,268.076075555442
2,6857.999780544007,0.1,0.6,432.95815609640016,142.6053415754332,318.18047822946
2,6857.999780544007,0.1,0.7,505.1432091486,157.9117381635671,369.24585478011
2,6857.999780544007,0.1,0.8,577.2796785778,174.687701504672,420.065855060544
2,6857.999780544007,0.1,0.9,649.4465504164,192.5080240129729,472.0598771593321
2,6857.999780544007,0.1,1.0,721.6132720852002,210.8783387233058,521.2392942806281
2,6857.999780544007,0.15,0.0,22.147851215600003,64.22590584124104,0.0
2,6857.999780544007,0.15,0.5,364.93049651520005,129.8301749044725,237.27343180833603
2,6857.999780544007,0.15,0.6,437.9116070626,143.4625245200036,285.80121806128204
2,6857.999780544007,0.15,0.7,510.90233422140005,158.8019875694457,335.56150777056604
2,6857.999780544007,0.15,0.8,583.8735286384001,175.7420691723669,385.52159017079407
2,6857.999780544007,0.15,0.9,656.8595471944001,193.6817933302187,436.6925389956361
2,6857.999780544007,0.15,1.0,729.8577877668,212.1662549115486,485.36824680128404
2,6857.999780544007,0.2,0.0,23.732868016000005,64.45400776884696,0.0
2,6857.999780544007,0.2,0.5,370.6613240176,130.7610435801506,207.153851831388
2,6857.999780544007,0.2,0.6,444.79785577700005,144.661650295836,254.401358965908
2,6857.999780544007,0.2,0.7,518.939246309,160.0143054967795,303.033093003102
2,6857.999780544007,0.2,0.8,593.0466287152001,177.2062819647102,352.40974864741804
2,6857.999780544007,0.2,0.9,667.1787530320001,195.3289558788896,403.09826799627
2,6857.999780544007,0.2,1.0,741.3293589020001,213.9581615331579,451.46136913462203
2,6857.999780544007,0.25,0.0,25.7873500764,64.73961190728477,0.0
2,6857.999780544007,0.25,0.5,378.0430928626,131.9324994287399,177.51080521482
2,6857.999780544007,0.25,0.6,453.6480046208,146.2066015068493,223.79171636745
2,6857.999780544007,0.25,0.7,529.2653632398001,161.5645105506668,271.439968534812
2,6857.999780544007,0.25,0.8,604.8676958522001,179.0677620040824,320.53826391279006
2,6857.999780544007,0.25,0.9,680.4933187338,197.3638342537422,370.64703607331404
2,6857.999780544007,0.25,1.0,756.0995582228002,216.2672217335571,419.29090485466804
2,6857.999780544007,0.3,0.0,28.2332238716,65.08770776984488,0.0
2,6857.999780544007,0.3,0.5,387.1824350966,133.4857599454777,148.5852938493
2,6857.999780544007,0.3,0.6,464.629890912,148.0917247748345,193.843710908232
2,6857.999780544007,0.3,0.7,542.0489728412,163.5142247407239,240.67840676833802
2,6857.999780544007,0.3,0.8,619.4776213252001,181.3948831665608,289.86826074822
2,6857.999780544007,0.3,0.9,696.9204940896001,199.8224638285403,339.42369346809005
2,6857.999780544007,0.3,1.0,774.3639683538001,219.1294147457135,388.72715899017004
2,6857.999780544007,0.35,0.0,31.198686816000006,65.48815866787626,0.0
2,6857.999780544007,0.35,0.5,397.93628157140006,135.3071348711784,119.88895299889201
2,6857.999780544007,0.35,0.6,477.5434720649999,150.2614093659621,164.035509445038
2,6857.999780544007,0.35,0.7,557.117981343,165.8080796742266,210.47847325566602
2,6857.999780544007,0.35,0.8,636.7076167408001,184.1180009227071,259.983938230632
2,6857.999780544007,0.35,0.9,716.3036634864001,202.7148825777012,309.146219918844
2,6857.999780544007,0.35,1.0,795.889842517,222.4993535426835,359.442972966924
2,6857.999780544007,0.4,0.0,34.773876896000004,65.9673063309444,0.0
2,6857.999780544007,0.4,0.5,410.62998787800007,137.4452098546675,91.405028887788
2,6857.999780544007,0.4,0.6,492.7495142019999,152.8407402497505,134.638861744464
2,6857.999780544007,0.4,0.7,574.8957617238001,168.5944601547673,181.13946558985202
2,6857.999780544007,0.4,0.8,657.0134096944001,187.3403259163567,230.984791476054
2,6857.999780544007,0.4,0.9,739.1470856242001,206.1353480915359,279.94276419555604
2,6857.999780544007,0.4,1.0,821.2722470084001,226.5295329022045,331.61036167644016
2,6857.999780544007,0.45,0.0,39.120141304200004,66.55435473355712,0.0
2,6857.999780544007,0.45,0.5,424.5964406815999,139.8098377476186,62.678586042996
2,6857.999780544007,0.45,0.6,509.5245336918,155.6398843403792,105.09397444345802
2,6857.999780544007,0.45,0.7,594.4279849046001,171.7434563792071,151.621509592014
2,6857.999780544007,0.45,0.8,679.3601850178001,190.5988434780006,201.25061684527802
2,6857.999780544007,0.45,0.9,764.2883280846,209.8084804063322,250.88868325844402
2,6857.999780544007,0.45,1.0,849.205102559,230.828012870997,304.13108673486
2,6857.999780544007,0.5,0.0,44.30735987480002,67.24749848126645,0.0
2,6857.999780544007,0.5,0.5,437.61730543740003,141.9478556546312,32.601081334206
2,6857.999780544007,0.5,0.6,525.1542992036001,158.1939013390184,73.826990796636
2,6857.999780544007,0.5,0.7,612.6869864610001,174.5618184001633,120.209383640346
2,6857.999780544007,0.5,0.8,700.2185207754,193.2889233110768,169.13596260237603
2,6857.999780544007,0.5,0.9,787.7329267060001,213.0225672059331,219.65272149790204
2,6857.999780544007,0.5,1.0,875.2605549644001,234.4968756782183,274.12443327423
2,6857.999780544007,0.55,0.0,50.015586412,67.96803332359612,0.0
2,6857.999780544007,0.55,0.5,451.6486939602001,144.2218793196045,2.0648490448740002
2,6857.999780544007,0.55,0.6,542.004145925,160.9286121696453,42.22406556522001
2,6857.999780544007,0.55,0.7,632.3249398488001,177.8884965028577,88.431639804354
2,6857.999780544007,0.55,0.8,722.6603585058,196.1486040225892,136.461710718102
2,6857.999780544007,0.55,0.9,812.9834558538,216.4584096839336,188.150441247384
2,6857.999780544007,0.55,1.0,903.3209276519999,238.4034994370861,244.137978290976
2,7619.999756160008,0.0,0.0,21.480509754,59.45229789041096,0.0
2,7619.999756160008,0.0,0.5,327.440185798,117.6006097574163,306.12465394387806
2,7619.999756160008,0.0,0.6,392.92721115780006,129.7504217567813,357.241456365948
2,7619.999756160008,0.0,0.7,458.42179916720005,144.0977665215459,408.101584483824
2,7619.999756160008,0.0,0.8,523.9024131792,159.4477232215368,458.09037436146605
2,7619.999756160008,0.0,0.9,589.3952492076,175.3627772727025,508.19571160650605
2,7619.999756160008,0.0,1.0,654.8766148892,192.5984995849587,553.220608235988
2,7619.999756160008,0.05,0.0,21.685675345400004,59.48487124838974,0.0
2,7619.999756160008,0.05,0.5,328.205867143,117.7247515615531,276.556994425404
2,7619.999756160008,0.05,0.6,393.8422466264,129.9011906728659,325.627032485832
2,7619.999756160008,0.05,0.7,459.4913240742,144.2690230856391,374.79267569389816
2,7619.999756160008,0.05,0.8,525.1258005862001,159.6414669816747,423.38379258945
2,7619.999756160008,0.05,0.9,590.7765553404,175.5909863356618,472.24272524583006
2,7619.999756160008,0.05,1.0,656.408878598,192.8348181859748,516.5444058025021
2,7619.999756160008,0.1,0.0,22.3041287414,59.58259272584596,0.0
2,7619.999756160008,0.1,0.5,330.500982768,118.10223011349,247.97546880552602
2,7619.999756160008,0.1,0.6,396.5909612104,130.3763261403429,295.352343077484
2,7619.999756160008,0.1,0.7,462.71592511320006,144.775426169736,343.088058370596
2,7619.999756160008,0.1,0.8,528.7903023084001,160.2265663629683,390.54943547789406
2,7619.999756160008,0.1,0.9,594.8985374596,176.2729435618253,438.49879566385204
2,7619.999756160008,0.1,1.0,661.0038676868,193.5349505271705,482.3024819779321
2,7619.999756160008,0.15,0.0,23.3406819404,59.7464896993559,0.0
2,7619.999756160008,0.15,0.5,334.38132772880004,118.737636326862,220.23340325725204
2,7619.999756160008,0.15,0.6,401.26055268640005,131.1719595904926,266.249321934288
2,7619.999756160008,0.15,0.7,468.1400287476,145.6396337314706,312.801126571164
2,7619.999756160008,0.15,0.8,534.993686271,161.2113035364239,359.40627515192404
2,7619.999756160008,0.15,0.9,601.8845063066,177.3944429904745,406.56526715666405
2,7619.999756160008,0.15,1.0,668.7566445626,194.7242249967341,450.255508291974
2,7619.999756160008,0.2,0.0,24.8160911988,59.97429174154041,0.0
2,7619.999756160008,0.2,0.5,339.7926849834,119.66560626608,193.28736713979
2,7619.999756160008,0.2,0.6,407.75272958640005,132.318273251202,238.09260532780803
2,7619.999756160008,0.2,0.7,475.7025314602001,146.8300216601651,283.66152015293403
2,7619.999756160008,0.2,0.8,543.6518573860001,162.5824138353443,329.66579339001004
2,7619.999756160008,0.2,0.9,611.6193645254001,178.9119249775923,376.168021725342
2,7619.999756160008,0.2,1.0,679.5846182972001,196.3797539276059,420.12375442653007
2,7619.999756160008,0.25,0.0,26.713196129400004,60.26934718307176,0.0
2,7619.999756160008,0.25,0.5,346.788395173,120.8927009188968,166.975674773292
2,7619.999756160008,0.25,0.6,416.14845312700004,133.7894961576703,210.67181202421202
2,7619.999756160008,0.25,0.7,485.51777647560004,148.3744872532886,255.54162858054602
2,7619.999756160008,0.25,0.8,554.871699624,164.3671246103602,301.23176362818
2,7619.999756160008,0.25,0.9,624.227174527,180.8806849328677,347.191999487256
2,7619.999756160008,0.25,1.0,693.5944201164001,198.522840412864,391.69549356121803
2,7619.999756160008,0.3,0.0,29.052662722600004,60.62832219631679,0.0
2,7619.999756160008,0.3,0.5,354.95172233180006,122.3151529119115,140.843004134448
2,7619.999756160008,0.3,0.6,425.945091858,135.4596315202758,183.40642662757804
2,7619.999756160008,0.3,0.7,496.9356565734002,150.1157806076386,227.811345477408
2,7619.999756160008,0.3,0.8,567.9242173836001,166.3955781388914,273.405459468834
2,7619.999756160008,0.3,0.9,638.923697918,183.1050090220448,318.93725078430606
2,7619.999756160008,0.3,1.0,709.912158615,201.0985586363966,364.39178585964004
2,7619.999756160008,0.35,0.0,31.821070065400004,61.02680302023043,0.0
2,7619.999756160008,0.35,0.5,364.6462611902,123.9964097663068,114.94389306939001
2,7619.999756160008,0.35,0.6,437.5842992641999,137.4384280464484,156.574784939034
2,7619.999756160008,0.35,0.7,510.5189302069999,152.1700046331308,200.63555167979402
2,7619.999756160008,0.35,0.8,583.4210563632001,168.7906306008346,246.38078238034802
2,7619.999756160008,0.35,0.9,656.3619985406001,185.733368131271,291.64090221789604
2,7619.999756160008,0.35,1.0,729.2911708522001,204.1992120209562,338.514233537634
2,7619.999756160008,0.4,0.0,35.254910154200005,61.53011508563912,0.0
2,7619.999756160008,0.4,0.5,375.9550047704,125.9509352226254,89.24715332841002
2,7619.999756160008,0.4,0.6,451.13351471540005,139.7615089429375,130.041966218472
2,7619.999756160008,0.4,0.7,526.3345132033999,154.5752803341196,173.883730185396
2,7619.999756160008,0.4,0.8,601.5202345812,171.4903193990747,219.67390836976202
2,7619.999756160008,0.4,0.9,676.7178768152,188.7939589755965,265.20394308315605
2,7619.999756160008,0.4,1.0,751.9110114934,207.8362509498322,313.895108008482
2,7619.999756160008,0.45,0.0,39.048350292600006,62.04523449623515,0.0
2,7619.999756160008,0.45,0.5,388.79718962040005,128.1582126267804,63.55687240287
2,7619.999756160008,0.45,0.6,466.5479129366,142.3863269714234,103.61495953116
2,7619.999756160008,0.45,0.7,544.3054726714,157.3098339705162,147.37574854602602
2,7619.999756160008,0.45,0.8,622.0600273690001,174.479423827996,193.02691051413
2,7619.999756160008,0.45,0.9,699.8098234072,192.3145090265808,239.60700671985
2,7619.999756160008,0.45,1.0,777.5828096014,211.9666860759322,290.245093484808
2,7619.999756160008,0.5,0.0,43.467608712,62.64597517127823,0.0
2,7619.999756160008,0.5,0.5,403.3745594296,130.6556481236505,37.835026463388004
2,7619.999756160008,0.5,0.6,484.042459945,145.3690636304999,77.30160353038201
2,7619.999756160008,0.5,0.7,564.725710604,160.4820879234328,121.21071532739401
2,7619.999756160008,0.5,0.8,645.3948879730001,177.8586993072666,166.712996706564
2,7619.999756160008,0.5,0.9,726.0502415144001,196.3925039703348,215.01737644787403
2,7619.999756160008,0.5,1.0,806.7441107374,216.7053791297288,267.69067020927
2,7619.999756160008,0.55,0.0,48.59453698000001,63.34660014796335,0.0
2,7619.999756160008,0.55,0.5,418.30142606120006,133.1469731626599,11.220415652754001
2,7619.999756160008,0.55,0.6,501.953917707,148.3824110588769,50.144794735728006
2,7619.999756160008,0.55,0.7,585.6111425736,163.8274838355258,94.24178955945601
2,7619.999756160008,0.55,0.8,669.2893534646001,181.1465289144516,139.39995797389201
2,7619.999756160008,0.55,0.9,752.9419206056001,200.3873183707702,189.542736776316
2,7619.999756160008,0.55,1.0,836.5903806436,221.5927989781366,245.41992104368202
4,0.0,0.0,0.0,0.0,122.0681263896398,0.0
4,0.0,0.0,0.5,480.04519015200003,231.2463244956001,497.96303966316606
4,0.0,0.0,0.6,576.0431689562,248.7928076372131,552.665384974164
4,0.0,0.0,0.7,672.0418493734,267.6290488530345,612.96886396515
4,0.0,0.0,0.8,768.0837540750001,286.6951552853125,676.75005787851
4,0.0,0.0,0.9,864.0609470812002,305.7402168721764,741.404273238552
4,0.0,0.0,1.0,960.0830679374,324.7136063111676,807.479902620468
4,0.0,0.05,0.0,0.0,122.0853733101697,0.0
4,0.0,0.05,0.5,480.0543053767999,231.1956256136261,432.713693390748
4,0.0,0.05,0.6,576.0506323132001,248.7401812545586,483.96904719009
4,0.0,0.05,0.7,672.0705982738,267.5745380109771,540.8357268759061
4,0.0,0.05,0.8,768.0552554576001,286.6609753648735,601.09340210073
4,0.0,0.05,0.9,864.065655684,305.6869055718045,662.417961096276
4,0.0,0.05,1.0,960.0951881994,324.6558402385921,725.303880007938
4,0.0,0.1,0.0,0.0,122.1836299965527,0.0
4,0.0,0.1,0.5,480.0337206258001,231.0420870849134,367.49898985569007
4,0.0,0.1,0.6,576.0477774458001,248.5680255020412,415.362868597908
4,0.0,0.1,0.7,672.0643879730001,267.4064080214097,468.67933805107805
4,0.0,0.1,0.8,768.0692286344001,286.4980996860201,525.4554915668521
4,0.0,0.1,0.9,864.0655555708001,305.513007583235,583.47637135788
4,0.0,0.1,1.0,960.0908808700002,324.4580136390275,643.1360777059681
4,0.0,0.15,0.0,0.0,126.2988883939944,0.0
4,0.0,0.15,0.5,480.05270274500003,230.771189028123,302.26045231305
4,0.0,0.15,0.6,576.0463249838,248.2810791307267,346.760756123628
4,0.0,0.15,0.7,672.0665420480001,267.1257442730654,396.52238652642
4,0.0,0.15,0.8,768.068277559,286.2083551638393,449.78457746468405
4,0.0,0.15,0.9,864.0647538446002,305.2268036739545,504.53851011748804
4,0.0,0.15,1.0,960.0923833886,324.136773194321,560.987979684132
4,0.0,0.2,0.0,0.0,122.3672936766761,0.0
4,0.0,0.2,0.5,480.05200195260005,230.3939102438538,236.96030158554603
4,0.0,0.2,0.6,576.0501809832001,247.867321928241,278.048926968582
4,0.0,0.2,0.7,672.0653899255999,266.7510208307176,324.33022956457205
4,0.0,0.2,0.8,768.0735359638,285.8970521079561,374.04766111897806
4,0.0,0.2,0.9,864.0733685034,304.8298938566634,425.50978998019815
4,0.0,0.2,1.0,960.0952883126001,323.684809840606,478.758466336458
4,0.0,0.25,0.0,0.0,128.0032888239136,0.0
4,0.0,0.25,0.5,480.03807801180005,229.9264272347818,171.553883771886
4,0.0,0.25,0.6,576.0569427272001,247.3366328034111,209.20039111309802
4,0.0,0.25,0.7,672.0583778986,266.2687035518462,252.020742348606
4,0.0,0.25,0.8,768.0997812136001,285.5092506670598,298.341732408258
4,0.0,0.25,0.9,864.0704635794001,304.3248470406423,346.373667571008
4,0.0,0.25,1.0,960.0970919914,323.1394436402069,396.39389035045804
4,0.0,0.3,0.0,4.136601108200001,122.6852213465481,0.0
4,0.0,0.3,0.5,480.0545056032,229.2955969641658,105.94649893720202
4,0.0,0.3,0.6,576.0585954156,246.6907544601288,140.164715973282
4,0.0,0.3,0.7,672.0808664416,265.7032637418126,179.66242746652202
4,0.0,0.3,0.8,768.06707538,284.8902422446702,222.42659679378602
4,0.0,0.3,0.9,864.0559389594001,303.7175743839246,267.15556713615
4,0.0,0.3,1.0,960.0868738802002,322.4754332231698,313.91104953931807
4,0.0,0.35,0.0,8.4218407768,122.9991372886692,0.0
4,0.0,0.35,0.5,480.05841247980004,228.4526625537513,40.108035301026
4,0.0,0.35,0.6,576.041115815,245.8790020516193,70.827673483644
4,0.0,0.35,0.7,672.0849735446001,264.879232873265,106.96048403086202
4,0.0,0.35,0.8,768.0746880862001,284.1600703667785,146.427545509014
4,0.0,0.35,0.9,864.064453505,303.0778350367414,187.8181939095
4,0.0,0.35,1.0,960.0947877466001,321.7025433453688,231.25536691257003
4,0.0,0.4,0.0,13.304300816400001,123.4851238364329,0.0
4,0.0,0.4,0.5,480.044689586,227.4060479300553,0.0
4,0.0,0.4,0.6,576.042067711,244.953230492425,1.184732687292
4,0.0,0.4,0.7,672.0729025186,263.9024910849133,33.890862740196
4,0.0,0.4,0.8,768.0737870674001,283.3172786475551,70.214472567162
4,0.0,0.4,0.9,864.1056238276001,302.2729070098884,108.353523302178
4,0.0,0.4,1.0,960.0981932366001,320.827913244761,148.36722564648602
4,0.0,0.45,0.0,18.688615198000004,124.145379837703,0.0
4,0.0,0.45,0.5,480.03497286140004,226.1942726970879,0.0
4,0.0,0.45,0.6,576.0408154754,243.804218330763,-68.87399435301
4,0.0,0.45,0.7,672.0342366672,262.8140721527715,-39.522832370868
4,0.0,0.45,0.8,768.0589112306001,282.2465922538329,-6.430929993642001
4,0.0,0.45,0.9,864.060346402,301.2762343030936,28.542572112516
4,0.0,0.45,1.0,960.0747536182001,319.9470585333394,65.37291026204402
4,0.0,0.5,0.0,24.720011247800002,124.9225668256373,0.0
4,0.0,0.5,0.5,480.0409328792,224.8368827409961,0.0
4,0.0,0.5,0.6,576.073069979,242.3535831900572,-139.49283769713603
4,0.0,0.5,0.7,672.0866262330001,261.5680599228886,-113.40077930689202
4,0.0,0.5,0.8,768.0910163850001,280.9962398725392,-83.553604764168
4,0.0,0.5,0.9,864.1042214222001,300.1771074496961,-51.53059719792599
4,0.0,0.5,1.0,960.106107103,318.8092684490611,-17.871596145942
4,0.0,0.55,0.0,31.826767491200002,125.6997397783725,0.0
4,0.0,0.55,0.5,480.0654745634,223.1952879558197,0.0
4,0.0,0.55,0.6,576.0693140928001,240.7991235994739,-210.633191243706
4,0.0,0.55,0.7,672.0870266858,260.0264210188697,-187.83439966460404
4,0.0,0.55,0.8,768.1017342416001,279.5688764955094,-161.242145162868
4,0.0,0.55,0.9,864.1156408918,298.8197890731198,-132.253767993732
4,0.0,0.55,1.0,960.1237368734002,317.5526909891137,-101.600729005776
4,761.9999756160008,0.0,0.0,0.0,113.7441566891953,0.0
4,761.9999756160008,0.0,0.5,480.0468428404001,218.5979695914905,482.33716385962805
4,761.9999756160008,0.0,0.6,576.0404642586001,236.4365097882609,541.031380053318
4,761.9999756160008,0.0,0.7,672.0655400954,255.3742914592216,604.156147917168
4,761.9999756160008,0.0,0.8,768.0562565896,274.458473356618,668.861950619016
4,761.9999756160008,0.0,0.9,864.0530340354001,293.4881439441169,734.8304419533001
4,761.9999756160008,0.0,1.0,960.076856816,312.9973617300191,803.3194419756661
4,761.9999756160008,0.05,0.0,0.0,113.7735323609725,0.0
4,761.9999756160008,0.05,0.5,480.04559060480005,218.5565507831806,421.10809747175404
4,761.9999756160008,0.05,0.6,576.0460238236001,236.3886235601923,476.24542443046806
4,761.9999756160008,0.05,0.7,672.0747053768,255.3245493099882,535.844843608074
4,761.9999756160008,0.05,0.8,768.0682275024,274.4076458186519,597.215578240974
4,761.9999756160008,0.05,0.9,864.0812823698,293.4428846374853,660.1212112188541
4,761.9999756160008,0.05,1.0,960.0798618532,312.8900532758777,725.4456656859719
4,761.9999756160008,0.1,0.0,0.0,113.8657286483716,0.0
4,761.9999756160008,0.1,0.5,480.06492394080004,218.412777946022,359.90587431229204
4,761.9999756160008,0.1,0.6,576.0762760632001,236.2552592267078,411.490304758302
4,761.9999756160008,0.1,0.7,672.093888543,255.2208100069854,467.614210882434
4,761.9999756160008,0.1,0.8,768.0926190168,274.2668142913907,525.628778649282
4,761.9999756160008,0.1,0.9,864.1180444292,293.2683298015967,585.226406973516
4,761.9999756160008,0.1,1.0,960.1261412314001,312.5889154468838,647.872478752422
4,761.9999756160008,0.15,0.0,0.0,119.2613859814025,0.0
4,761.9999756160008,0.15,0.5,480.0580620836,218.1717477286583,298.686931628316
4,761.9999756160008,0.15,0.6,576.0758747898001,236.0191974698358,346.71573035114403
4,761.9999756160008,0.15,0.7,672.0648384824,255.0226975571986,399.20230073677806
4,761.9999756160008,0.15,0.8,768.0876100744,274.0055102288851,454.00771308446406
4,761.9999756160008,0.15,0.9,864.0903975946002,292.9876945914905,510.42104753593804
4,761.9999756160008,0.15,1.0,960.1171261198,312.2533123150685,569.9030239194601
4,761.9999756160008,0.2,0.0,2.2870269708000004,114.2247607380931,0.0
4,761.9999756160008,0.2,0.5,480.03612498379994,217.8311761363513,237.38716078354201
4,761.9999756160008,0.2,0.6,576.0649066502,235.6928603764855,281.89259739517803
4,761.9999756160008,0.2,0.7,672.0568753800001,254.7520848827906,330.87187931259
4,761.9999756160008,0.2,0.8,768.0877602442,273.656914713236,382.346407142238
4,761.9999756160008,0.2,0.9,864.0648539578001,292.5996933829266,435.531058043928
4,761.9999756160008,0.2,1.0,960.0988948496001,311.8065171895129,491.870776678512
4,761.9999756160008,0.25,0.0,5.2311149264,114.5277689912909,0.0
4,761.9999756160008,0.25,0.5,480.0365754932,217.3950748968521,176.02103539620603
4,761.9999756160008,0.25,0.6,576.0453230312,235.2556021687381,216.97545931630802
4,761.9999756160008,0.25,0.7,672.0695971418,254.321194912728,262.52821242370806
4,761.9999756160008,0.25,0.8,768.0746880862001,273.2121467382746,310.582508788398
4,761.9999756160008,0.25,0.9,864.0591442230002,292.1210598759866,360.58690747002
4,761.9999756160008,0.25,1.0,960.0778587686001,311.2302267670326,413.74763139633006
4,761.9999756160008,0.3,0.0,8.6065381424,114.9836659434818,0.0
4,761.9999756160008,0.3,0.5,480.05115016980005,216.8490663521727,114.47019767337001
4,761.9999756160008,0.3,0.6,576.0502310398001,234.6758422450332,151.935799465758
4,761.9999756160008,0.3,0.7,672.0828194696,253.755212408328,194.072436156522
4,761.9999756160008,0.3,0.8,768.0906651682001,272.6859980003629,238.74328205296803
4,761.9999756160008,0.3,0.9,864.0932024053999,291.5401144457952,285.523440066942
4,761.9999756160008,0.3,1.0,960.1021001132,310.5842623411957,335.552284386396
4,761.9999756160008,0.35,0.0,12.429704515800001,115.439412719042,0.0
4,761.9999756160008,0.35,0.5,480.05079977360015,216.17370520176,52.653173572692005
4,761.9999756160008,0.35,0.6,576.0545383692,234.0265514770026,86.73181169268
4,761.9999756160008,0.35,0.7,672.0717003396,253.1140742196316,125.43739840262401
4,761.9999756160008,0.35,0.8,768.1021346944001,272.1606202627234,166.857091900422
4,761.9999756160008,0.35,0.9,864.100514772,290.8634826420213,210.29691203921402
4,761.9999756160008,0.35,1.0,960.1081101876001,309.8495505442257,257.142137725704
4,761.9999756160008,0.4,0.0,16.6668143532,115.9029055210016,0.0
4,761.9999756160008,0.4,0.5,480.04569071800006,215.3469187557834,0.0
4,761.9999756160008,0.4,0.6,576.0642550938,233.149565802141,21.107741584776
4,761.9999756160008,0.4,0.7,672.0659906048,252.346980879071,56.58053948269801
4,761.9999756160008,0.4,0.8,768.0769923309999,271.3880733116212,94.69868714229001
4,761.9999756160008,0.4,0.9,864.0971092820001,290.1072974582237,134.91770642196002
4,761.9999756160008,0.4,1.0,960.1110151116001,309.0276039027488,178.533020405124
4,761.9999756160008,0.45,0.0,21.580631980600003,116.5384113842874,0.0
4,761.9999756160008,0.45,0.5,480.0413833886001,214.2758038206478,0.0
4,761.9999756160008,0.45,0.6,576.0551398690001,232.2062334017963,-44.82588193221601
4,761.9999756160008,0.45,0.7,672.0624349450001,251.3772066314071,-12.654894096768
4,761.9999756160008,0.45,0.8,768.0879104140001,270.485488369228,22.323535302684
4,761.9999756160008,0.45,0.9,864.0891954156001,289.3280117401796,59.405410062306004
4,761.9999756160008,0.45,1.0,960.100297255,308.1092850342919,99.66347581713599
4,761.9999756160008,0.5,0.0,27.508553652800003,117.2356739951012,0.0
4,761.9999756160008,0.5,0.5,480.05310319780006,213.0321331298195,0.0
4,761.9999756160008,0.5,0.6,576.0583951892,231.1004388931326,-111.24353494993201
4,761.9999756160008,0.5,0.7,672.0600806436,250.274110623696,-82.32597477766201
4,761.9999756160008,0.5,0.8,768.088361744,269.4555779716956,-50.416490678862
4,761.9999756160008,0.5,0.9,864.0773754932001,288.2823388783453,-16.437039413256002
4,761.9999756160008,0.5,1.0,960.0910810964,307.1372263240497,20.58913784928
4,761.9999756160008,0.55,0.0,34.5079507982,117.9558804137712,0.0
4,761.9999756160008,0.55,0.5,480.06141751700005,211.5848673725846,0.0
4,761.9999756160008,0.55,0.6,576.0568426140001,229.7146795890411,-178.108901310648
4,761.9999756160008,0.55,0.7,672.0705482172001,249.0083101665608,-152.530181742708
4,761.9999756160008,0.55,0.8,768.0971265726001,268.2018272008527,-123.74835944856001
4,761.9999756160008,0.55,0.9,864.0923005660002,287.1563135658169,-92.61934980005401
4,761.9999756160008,0.55,1.0,960.1078098480002,306.0845863893677,-58.622875641330005
4,1523.999951232002,0.0,0.0,0.0,111.5042703712238,0.0
4,1523.999951232002,0.0,0.5,480.0627198092,207.0480846934591,469.162770600678
4,1523.999951232002,0.0,0.6,576.0644553202001,225.1326235680849,530.9588573746381
4,1523.999951232002,0.0,0.7,672.0814671208001,243.8378560246757,595.6586122765741
4,1523.999951232002,0.0,0.8,768.0893128194001,262.7911713861925,661.425852793398
4,1523.999951232002,0.0,0.9,864.1001143192001,282.4949039325048,729.6414394148882
4,1523.999951232002,0.0,1.0,960.1144214222002,303.3734046344009,797.71023966942
4,1523.999951232002,0.05,0.0,2.2168123318000004,105.8467087370044,0.0
4,1523.999951232002,0.05,0.5,480.06532439360006,207.0106490746621,411.62271536786403
4,1523.999951232002,0.05,0.6,576.0826865904,225.1020273018235,469.810276634622
4,1523.999951232002,0.05,0.7,672.0800647154,243.7713521049624,531.0032421586201
4,1523.999951232002,0.05,0.8,768.0823007924,262.7456552354168,593.6598046195742
4,1523.999951232002,0.05,0.9,864.1111333360001,282.4158647086093,658.846583563938
4,1523.999951232002,0.05,1.0,960.1199309306,303.2559309533702,724.360154104356
4,1523.999951232002,0.1,0.0,0.0,111.9506084171278,0.0
4,1523.999951232002,0.1,0.5,480.0656247332001,206.8954168149324,354.116069825826
4,1523.999951232002,0.1,0.6,576.0630028582001,224.9955469244308,408.63482330794204
4,1523.999951232002,0.1,0.7,672.094389109,243.6740661865191,466.516941320892
4,1523.999951232002,0.1,0.8,768.0707812096,262.5890612438538,525.9335124120001
4,1523.999951232002,0.1,0.9,864.1238542772002,282.1498204915178,588.135271512096
4,1523.999951232002,0.1,1.0,960.1178269122001,302.8972838959448,651.2311410698941
4,1523.999951232002,0.15,0.0,4.5553697002,106.1660286986301,0.0
4,1523.999951232002,0.15,0.5,480.06317113919994,206.694349020049,296.5932968173561
4,1523.999951232002,0.15,0.6,576.0690129326,224.8076142045723,347.521932416274
4,1523.999951232002,0.15,0.7,672.0691958683999,243.4446580497143,401.86302443641205
4,1523.999951232002,0.15,0.8,768.0862577256,262.3277857195863,458.214241719696
4,1523.999951232002,0.15,0.9,864.1062245068,281.7916590519822,517.4168694423961
4,1523.999951232002,0.15,1.0,960.1207318362,302.2979210096163,578.165106379014
4,1523.999951232002,0.2,0.0,6.5623258909999995,106.4378979912002,0.0
4,1523.999951232002,0.2,0.5,480.040582483,206.4210378446884,239.03776978573802
4,1523.999951232002,0.2,0.6,576.0497304738001,224.5041919130001,286.37023480850405
4,1523.999951232002,0.2,0.7,672.053970456,243.1546566833893,337.25334554465405
4,1523.999951232002,0.2,0.8,768.0829022922001,262.0061457395446,390.41952031975205
4,1523.999951232002,0.2,0.9,864.0890953024,281.3566572364148,446.52226403723404
4,1523.999951232002,0.2,1.0,960.1004974814001,301.4594413714053,504.99186024487204
4,1523.999951232002,0.25,0.0,9.0361526046,106.8227080633222,0.0
4,1523.999951232002,0.25,0.5,480.0441881994,206.040489794702,181.37267286461403
4,1523.999951232002,0.25,0.6,576.0507324264,224.1048549419396,225.17792495213402
4,1523.999951232002,0.25,0.7,672.0704481040001,242.7985509326862,272.61305578214404
4,1523.999951232002,0.25,0.8,768.0753396426,261.6103208431462,322.45703608179605
4,1523.999951232002,0.25,0.9,864.1201484476002,280.7978991168466,375.59641166586
4,1523.999951232002,0.25,1.0,960.1079099612,300.6092540379208,431.375862312318
4,1523.999951232002,0.3,0.0,12.0525477292,107.3120855151955,0.0
4,1523.999951232002,0.3,0.5,480.0383783513999,205.5905676267804,123.58757408844001
4,1523.999951232002,0.3,0.6,576.0419667772001,223.6297190066225,163.855161703002
4,1523.999951232002,0.3,0.7,672.062184662,242.3702593458224,207.88234749651602
4,1523.999951232002,0.3,0.8,768.0873597914001,261.1221499505579,254.53543320975004
4,1523.999951232002,0.3,0.9,864.0725667772001,280.2154406921891,304.44369829519803
4,1523.999951232002,0.3,1.0,960.0968909444001,299.6651506373038,357.39854258631607
4,1523.999951232002,0.35,0.0,15.58106044,107.8714359201669,0.0
4,1523.999951232002,0.35,0.5,480.05270274500003,205.0332228517645,65.620972812318
4,1523.999951232002,0.35,0.6,576.0475763988001,223.0793417722943,102.40315853552401
4,1523.999951232002,0.35,0.7,672.061733332,241.845766761408,143.063207262822
4,1523.999951232002,0.35,0.8,768.0598631266001,260.5611929831262,186.34716933478802
4,1523.999951232002,0.35,0.9,864.076573767,279.5634514232061,233.15779142825403
4,1523.999951232002,0.35,1.0,960.0862732010002,298.7980017656718,283.031227840746
4,1523.999951232002,0.4,0.0,19.7584166472,108.5376596881067,0.0
4,1523.999951232002,0.4,0.5,480.04919714180005,204.3909997421755,7.401234901368001
4,1523.999951232002,0.4,0.6,576.0696144324,222.4025242360519,40.697152664784
4,1523.999951232002,0.4,0.7,672.0580275024001,241.1425218808854,78.04086878095201
4,1523.999951232002,0.4,0.8,768.0894129326001,259.9320193338474,118.135986451098
4,1523.999951232002,0.4,0.9,864.1014166114,278.8688302368684,161.71501363479
4,1523.999951232002,0.4,1.0,960.105606537,297.9068101300916,208.46952721564202
4,1523.999951232002,0.45,0.0,24.844575866,109.149258461036,0.0
4,1523.999951232002,0.45,0.5,480.046892897,203.6505339814025,0.0
4,1523.999951232002,0.45,0.6,576.0571930102002,221.6054489031117,-21.340121935440003
4,1523.999951232002,0.45,0.7,672.0545210786,240.382082160392,12.791933524062001
4,1523.999951232002,0.45,0.8,768.088361744,259.2342856081829,49.755470062914
4,1523.999951232002,0.45,0.9,864.0892955288,278.1394008210106,90.08435770765202
4,1523.999951232002,0.45,1.0,960.1043042448,297.0235853413771,133.599550265412
4,1523.999951232002,0.5,0.0,30.6854950644,109.7688736718679,0.0
4,1523.999951232002,0.5,0.5,480.05305314120017,202.6272196596208,0.0
4,1523.999951232002,0.5,0.6,576.0598476512,220.7041486492788,-83.71409164872601
4,1523.999951232002,0.5,0.7,672.0748555466,239.4869929500136,-52.78390586884801
4,1523.999951232002,0.5,0.8,768.0806981606002,258.2871552829538,-18.964569616608
4,1523.999951232002,0.5,0.9,864.0971092820001,277.3028627186791,18.320909513676
4,1523.999951232002,0.5,1.0,960.0994955288,296.1228277819106,58.53044607795
4,1523.999951232002,0.55,0.0,37.222707313,110.4743599736914,0.0
4,1523.999951232002,0.55,0.5,480.0501482172,201.3578495835072,0.0
4,1523.999951232002,0.55,0.6,576.074973771,219.6340620263994,-146.651793623874
4,1523.999951232002,0.55,0.7,672.08251913,238.4466455105688,-118.867858315206
4,1523.999951232002,0.55,0.8,768.0819003396001,257.3106988769845,-88.00128697437002
4,1523.999951232002,0.55,0.9,864.1122345812001,276.3448527749251,-53.71520344575001
4,1523.999951232002,0.55,1.0,960.1103143192001,295.1438871456954,-16.719485369664
4,2285.999926848002,0.0,0.0,5.3215516111999985,98.40919847083373,0.0
4,2285.999926848002,0.0,0.5,480.03797789860005,197.1984883798422,457.53727957291204
4,2285.999926848002,0.0,0.6,576.0558406614,215.151989956999,521.113528422102
4,2285.999926848002,0.0,0.7,672.0637372372,233.7320242267986,587.2993931472361
4,2285.999926848002,0.0,0.8,768.0541533918,253.172696907194,655.0978087938901
4,2285.999926848002,0.0,0.9,864.0588438834001,274.0050246109952,724.1426681735401
4,2285.999926848002,0.0,1.0,960.0738517788001,296.2447562351447,792.36415091064
4,2285.999926848002,0.05,0.0,5.543883334,98.45453637458043,0.0
4,2285.999926848002,0.05,0.5,480.0443884258001,197.1622668057697,403.585473081252
4,2285.999926848002,0.05,0.6,576.0551398690001,215.1211653848317,463.59624051371406
4,2285.999926848002,0.05,0.7,672.0426510996,233.6933184224803,526.4759305829101
4,2285.999926848002,0.05,0.8,768.0623667772,253.1067642200852,591.205890233112
4,2285.999926848002,0.05,0.9,864.0837860204001,273.8900922366869,657.6034622064601
4,2285.999926848002,0.05,1.0,960.0862732010002,296.0783394755511,723.438603467118
4,2285.999926848002,0.1,0.0,6.3504568182000005,98.58396757742901,0.0
4,2285.999926848002,0.1,0.5,480.04368763340005,197.0512605444979,349.67196932236806
4,2285.999926848002,0.1,0.6,576.0551899256001,215.0271346969065,406.09314242712617
4,2285.999926848002,0.1,0.7,672.0549215314,233.5572696232423,465.730825193172
4,2285.999926848002,0.1,0.8,768.073135511,252.8940888476822,527.3801256001742
4,2285.999926848002,0.1,0.9,864.0922004528001,273.5581438707248,591.231241083714
4,2285.999926848002,0.1,1.0,960.0953884258,295.6130122730655,654.7457788872001
4,2285.999926848002,0.15,0.0,7.595922468200001,98.80355996380297,0.0
4,2285.999926848002,0.15,0.5,480.05225223560006,196.8618283975324,295.758744466878
4,2285.999926848002,0.15,0.6,576.0492799644,214.8693987079743,348.59553433366204
4,2285.999926848002,0.15,0.7,672.0629855676,233.3664526699628,404.813440687656
4,2285.999926848002,0.15,0.8,768.0669752668,252.572020326227,463.49029636833006
4,2285.999926848002,0.15,0.9,864.0796789174,272.9910764454323,524.9189695115521
4,2285.999926848002,0.15,1.0,960.0925836150001,294.8546282414043,586.0433933032141
4,2285.999926848002,0.2,0.0,9.345716569200002,99.11899638582963,0.0
4,2285.999926848002,0.2,0.5,480.042785794,196.5972695723488,241.79792499185402
4,2285.999926848002,0.2,0.6,576.0405143152001,214.6456584524177,291.06733004857205
4,2285.999926848002,0.2,0.7,672.0541206258,233.1180984178536,343.912364691126
4,2285.999926848002,0.2,0.8,768.0647210786,252.1359901984034,399.556346576772
4,2285.999926848002,0.2,0.9,864.1011162718002,272.2077359583598,458.51072092056006
4,2285.999926848002,0.2,1.0,960.0897788042,293.7523603104418,517.298120206098
4,2285.999926848002,0.25,0.0,11.6245679022,99.54231998004173,0.0
4,2285.999926848002,0.25,0.5,480.05856264960005,196.2858663987118,187.77390209331602
4,2285.999926848002,0.25,0.6,576.05393769,214.3648515450422,233.50946414287802
4,2285.999926848002,0.25,0.7,672.0656402086,232.7997707448063,282.98921128909205
4,2285.999926848002,0.25,0.8,768.0851056032001,251.6009613900027,335.54411300625605
4,2285.999926848002,0.25,0.9,864.115741005,271.5286479947383,391.58342332725005
4,2285.999926848002,0.25,1.0,960.1114163850001,292.341901395083,448.278645928344
4,2285.999926848002,0.3,0.0,14.3300007598,100.0104593685929,0.0
4,2285.999926848002,0.3,0.5,480.03557354060007,195.9051751896943,133.62313962089402
4,2285.999926848002,0.3,0.6,576.0518837282,213.9666851095891,175.89625793216402
4,2285.999926848002,0.3,0.7,672.0632859072,232.4136259252473,221.958019519698
4,2285.999926848002,0.3,0.8,768.0910163850001,251.0557378807947,271.379304600096
4,2285.999926848002,0.3,0.9,864.0942043580002,270.7445935838701,324.43774437643805
4,2285.999926848002,0.3,1.0,960.096690718,291.0294998662796,378.82053490050004
4,2285.999926848002,0.35,0.0,17.672735374800002,100.5790903150685,0.0
4,2285.999926848002,0.35,0.5,480.03131626780004,195.435650526989,79.32617305351202
4,2285.999926848002,0.35,0.6,576.0509326528,213.4435202550123,118.17200902630202
4,2285.999926848002,0.35,0.7,672.0455560236,231.9670305673592,160.87749610086001
4,2285.999926848002,0.35,0.8,768.0741374636001,250.5461226074572,207.03258267846002
4,2285.999926848002,0.35,0.9,864.0757728614001,269.8938640238592,257.04269154009603
4,2285.999926848002,0.35,1.0,960.0883763988,289.5010816520003,308.77091381136
4,2285.999926848002,0.4,0.0,22.065808448200002,101.1068025741631,0.0
4,2285.999926848002,0.4,0.5,480.059965055,194.8865009047447,24.858977554950002
4,2285.999926848002,0.4,0.6,576.0660078954,212.8472128315341,60.244199787156
4,2285.999926848002,0.4,0.7,672.0601307002,231.4543738663703,99.70965634753202
4,2285.999926848002,0.4,0.8,768.0778933498001,249.9914763333938,142.56707726923202
4,2285.999926848002,0.4,0.9,864.0885947364001,269.0311413861925,189.42432026687402
4,2285.999926848002,0.4,1.0,960.1032021790002,288.3959009493786,238.22367524386203
4,2285.999926848002,0.45,0.0,27.0759530272,101.751445819922,0.0
4,2285.999926848002,0.45,0.5,480.0291129568001,194.2517590241314,0.0
4,2285.999926848002,0.45,0.6,576.0407153622001,212.2157827900753,2.102965842054
4,2285.999926848002,0.45,0.7,672.0532187864001,230.7722168725393,38.34650103669
4,2285.999926848002,0.45,0.8,768.0505468548,249.3735813701352,77.978374848528
4,2285.999926848002,0.45,0.9,864.0448198294001,268.2826942755149,121.54273269230401
4,2285.999926848002,0.45,1.0,960.0749538446001,287.1955190232242,167.26071404196003
4,2285.999926848002,0.5,0.0,32.723876132200004,102.4330535696271,0.0
4,2285.999926848002,0.5,0.5,480.04053242640003,193.518374489159,0.0
4,2285.999926848002,0.5,0.6,576.0601479908,211.4741605288941,-56.364805260918004
4,2285.999926848002,0.5,0.7,672.0691458118001,229.9574801128549,-23.306268537090002
4,2285.999926848002,0.5,0.8,768.076290718,248.6827295704436,13.266896217960001
4,2285.999926848002,0.5,0.9,864.1081274782,267.5570342463033,53.618140171596
4,2285.999926848002,0.5,1.0,960.0972922178,286.0948501692824,96.068357245014
4,2285.999926848002,0.55,0.0,39.340348493600004,103.2560781143972,0.0
4,2285.999926848002,0.55,0.5,480.0596647153999,192.5666471683752,0.0
4,2285.999926848002,0.55,0.6,576.0736214222,210.6456463499048,-115.213871554782
4,2285.999926848002,0.55,0.7,672.0945392788,229.1335919354985,-85.28038375117802
4,2285.999926848002,0.55,0.8,768.0885119138001,247.7996760111585,-51.77257280395201
4,2285.999926848002,0.55,0.9,864.1238542772002,266.7321177566906,-14.520170637588002
4,2285.999926848002,0.55,1.0,960.1203313834001,285.156685997097,24.727349832108
4,3047.999902464003,0.0,0.0,7.738169375200001,91.53552145223624,0.0
4,3047.999902464003,0.0,0.5,479.84314530240005,187.9654592996462,447.0265262666281
4,3047.999902464003,0.0,0.6,575.8234442796002,205.9224874545042,512.4757435186622
4,3047.999902464003,0.0,0.7,671.7809543742002,224.8735899329584,580.065255630168
4,3047.999902464003,0.0,0.8,767.7851943564,245.1614796308628,649.9379247484202
4,3047.999902464003,0.0,0.9,863.7160587484002,267.3261692558287,718.7477468556001
4,3047.999902464003,0.0,1.0,959.7078272518002,290.1862510674046,787.945885668942
4,3047.999902464003,0.05,0.0,7.942611197400001,91.56099954921528,0.0
4,3047.999902464003,0.05,0.5,480.0389798512,187.9753962206296,396.559828083804
4,3047.999902464003,0.05,0.6,576.0530859071999,205.9353942236233,458.558247037506
4,3047.999902464003,0.05,0.7,672.073102745,224.8688212401343,523.03174278432
4,3047.999902464003,0.05,0.8,768.0965250728001,245.1269287133267,590.089283369586
4,3047.999902464003,0.05,0.9,864.069762787,267.2431608776195,656.5666314997021
4,3047.999902464003,0.05,1.0,960.0985945100001,290.1006157677583,723.5652305010361
4,3047.999902464003,0.1,0.0,8.6285999734,91.71144705923977,0.0
4,3047.999902464003,0.1,0.5,480.05024833040005,187.8978129147238,345.981133062642
4,3047.999902464003,0.1,0.6,576.0497805304001,205.8501584593124,404.495045551674
4,3047.999902464003,0.1,0.7,672.0496631266001,224.6972933288579,465.82706643627
4,3047.999902464003,0.1,0.8,768.0923687338001,244.8118277325592,530.1657588759841
4,3047.999902464003,0.1,0.9,864.0983114610001,266.8170396003811,594.353001879714
4,3047.999902464003,0.1,1.0,960.0965906048001,289.5718115701715,659.157771249054
4,3047.999902464003,0.15,0.0,9.771401998600002,91.91922508282683,0.0
4,3047.999902464003,0.15,0.5,480.0376275024,187.7491286935499,295.418159385426
4,3047.999902464003,0.15,0.6,576.0470257762,205.7085128905017,350.428482545988
4,3047.999902464003,0.15,0.7,672.0450554576,224.4052358058605,408.674129114328
4,3047.999902464003,0.15,0.8,768.0510482414,244.2829664584959,470.23689607356005
4,3047.999902464003,0.15,0.9,864.0945046976002,266.1104538746258,532.1138012222341
4,3047.999902464003,0.15,1.0,960.0858727482,288.6950111599383,594.8139998317441
4,3047.999902464003,0.2,0.0,11.376932978400001,92.20849147255738,0.0
4,3047.999902464003,0.2,0.5,480.0552572728001,187.5287723245033,244.87646065482602
4,3047.999902464003,0.2,0.6,576.0587455854001,205.5118282883063,296.35183987378207
4,3047.999902464003,0.2,0.7,672.060531153,223.9901363704981,351.442428495312
4,3047.999902464003,0.2,0.8,768.1049395052002,243.708103415767,410.168415210708
4,3047.999902464003,0.2,0.9,864.0957068766,265.12443201261,469.77735135500404
4,3047.999902464003,0.2,1.0,960.1044043580001,287.5295235458587,530.388328677438
4,3047.999902464003,0.25,0.0,13.415814612200002,92.60947757951557,0.0
4,3047.999902464003,0.25,0.5,480.06427238440006,187.2234800765672,194.24380516648802
4,3047.999902464003,0.25,0.6,576.0587455854001,205.2559497659439,242.24085783282
4,3047.999902464003,0.25,0.7,672.069446972,223.6241222370498,294.15601877369403
4,3047.999902464003,0.25,0.8,768.0787451326001,243.1839537580514,349.73199716162407
4,3047.999902464003,0.25,0.9,864.0801803040001,263.8933537024404,407.150093322588
4,3047.999902464003,0.25,1.0,960.1117167246001,286.1470765487617,465.66762666270006
4,3047.999902464003,0.3,0.0,16.331207827,93.03143742021228,0.0
4,3047.999902464003,0.3,0.5,480.0616678,186.8404903697723,143.53178453691
4,3047.999902464003,0.3,0.6,576.0712671208,204.9542552073846,188.096872223568
4,3047.999902464003,0.3,0.7,672.0715001132,223.2113217673047,236.670931974708
4,3047.999902464003,0.3,0.8,768.1165099652001,242.5257394104146,289.24178990183407
4,3047.999902464003,0.3,0.9,864.0925007924,262.6640171604827,344.199552005232
4,3047.999902464003,0.3,1.0,960.1196297704001,284.4918475033113,400.55606845300207
4,3047.999902464003,0.35,0.0,19.8713443368,93.50205448924976,0.0
4,3047.999902464003,0.35,0.5,480.06106712080003,186.412640891681,92.67045762374401
4,3047.999902464003,0.35,0.6,576.0573431800001,204.59720722698,133.88927217527402
4,3047.999902464003,0.35,0.7,672.0785121402,222.8179806333122,179.097946569234
4,3047.999902464003,0.35,0.8,768.0943217618001,241.7225531517736,228.50810976516604
4,3047.999902464003,0.35,0.9,864.0997138664001,261.2827701729112,280.64842892671203
4,3047.999902464003,0.35,1.0,960.1217337888,282.5881065436814,334.850426441916
4,3047.999902464003,0.4,0.0,23.9639703116,94.05124668493151,0.0
4,3047.999902464003,0.4,0.5,480.05460653700004,185.9565086159848,41.65144753908601
4,3047.999902464003,0.4,0.6,576.0637044712,204.0920322228069,79.56284949505199
4,3047.999902464003,0.4,0.7,672.0972439764,222.360363433548,121.44198006448201
4,3047.999902464003,0.4,0.8,768.1089965516001,240.9382418967614,167.59023595545003
4,3047.999902464003,0.4,0.9,864.107526799,260.3665074611268,216.79107970766404
4,3047.999902464003,0.4,1.0,960.1246387128,280.6280268912274,268.455878368524
4,3047.999902464003,0.45,0.0,28.555395534600002,94.65023108872359,0.0
4,3047.999902464003,0.45,0.5,480.0602662152,185.407316420303,0.0
4,3047.999902464003,0.45,0.6,576.0580948496,203.4679977956092,25.018715804082
4,3047.999902464003,0.45,0.7,672.0892308174,221.843923310714,63.72650438292602
4,3047.999902464003,0.45,0.8,768.0761906048001,240.2979313169736,106.46036131500001
4,3047.999902464003,0.45,0.9,864.0890953024,259.2719205268076,152.595885510684
4,3047.999902464003,0.45,1.0,960.1074093952,278.6843094739182,201.315239250972
4,3047.999902464003,0.5,0.0,34.169573926400005,95.32212975551121,0.0
4,3047.999902464003,0.5,0.5,480.05766163080006,184.7939188026853,0.0
4,3047.999902464003,0.5,0.6,576.0391627870001,202.8154517970607,-29.791330254378
4,3047.999902464003,0.5,0.7,672.0661908312001,221.2303544636669,5.794359908568
4,3047.999902464003,0.5,0.8,768.0802476512,239.7073062777828,45.305062428318
4,3047.999902464003,0.5,0.9,864.078978125,258.2141409022045,88.119326719578
4,3047.999902464003,0.5,1.0,960.0938859072,277.456543938583,133.97195969203202
4,3047.999902464003,0.55,0.0,42.111316929000004,96.21160114351811,0.0
4,3047.999902464003,0.55,0.5,480.05685990460006,184.0901026895582,0.0
4,3047.999902464003,0.55,0.6,576.0717176302,202.1249854975052,-84.89281568044201
4,3047.999902464003,0.55,0.7,672.0878784686,220.4232135537513,-52.458939377460005
4,3047.999902464003,0.55,0.8,768.1092968912001,239.0415395894947,-15.952559752668002
4,3047.999902464003,0.55,0.9,864.1102314966,257.4212915677221,23.460707621736002
4,3047.999902464003,0.55,1.0,960.1193294307999,276.016531104418,66.217786931142
4,3809.999878080004,0.0,0.0,10.210532138400001,85.47686704354531,0.0
4,3809.999878080004,0.0,0.5,454.02645057000007,174.7066761582146,421.5948964342501
4,3809.999878080004,0.0,0.6,544.8407361012,191.9424985882246,484.55838963378005
4,3809.999878080004,0.0,0.7,635.6300786748001,209.9588207810034,549.9305561534401
4,3809.999878080004,0.0,0.8,726.4570859678,229.3130866936406,616.5105603047161
4,3809.999878080004,0.0,0.9,817.2782325356002,250.2501249362242,681.864695964606
4,3809.999878080004,0.0,1.0,908.0671245998,271.9647922755148,747.9628724840582
4,3809.999878080004,0.05,0.0,10.421649541600003,85.51396675324322,0.0
4,3809.999878080004,0.05,0.5,454.84114060880006,174.8302036884696,375.488485838466
4,3809.999878080004,0.05,0.6,545.8234119866,192.0960516199764,435.37244030141403
4,3809.999878080004,0.05,0.7,636.7785879730001,210.1494800722127,497.91663405283805
4,3809.999878080004,0.05,0.8,727.7646669348001,229.498506645015,562.084838230146
4,3809.999878080004,0.05,0.9,818.7466880296001,250.4579740714869,625.4024947026782
4,3809.999878080004,0.05,1.0,909.7080242602,272.196113877801,689.583092955372
4,3809.999878080004,0.1,0.0,11.138638123800002,85.60449191626599,0.0
4,3809.999878080004,0.1,0.5,457.32763246280007,175.2213174363604,330.35402421252
4,3809.999878080004,0.1,0.6,548.7985883732001,192.5628062022136,387.41508977787
4,3809.999878080004,0.1,0.7,640.2581239934001,210.7203028489522,447.44455841685607
4,3809.999878080004,0.1,0.8,731.7346394688001,230.0688007625874,509.54485539804
4,3809.999878080004,0.1,0.9,823.209352086,251.0938869555475,571.099778810946
4,3809.999878080004,0.1,1.0,914.6746975542,272.8965891456954,633.6450588176941
4,3809.999878080004,0.15,0.0,12.264439778800002,85.78812752599111,0.0
4,3809.999878080004,0.15,0.5,461.5283995674001,175.8797310838247,286.01359565625006
4,3809.999878080004,0.15,0.6,553.8273170804001,193.3490023844689,340.501175567784
4,3809.999878080004,0.15,0.7,646.129841951,211.6863362482083,398.30695233945005
4,3809.999878080004,0.15,0.8,738.4410815936,231.0330783584324,458.58486029294403
4,3809.999878080004,0.15,0.9,830.7488148124,252.1592053534428,518.658870293256
4,3809.999878080004,0.15,1.0,923.0442767787999,274.0714429159938,579.855344128368
4,3809.999878080004,0.2,0.0,13.984342704200001,86.0263376040098,0.0
4,3809.999878080004,0.2,0.5,467.3652576164,176.7981641052345,242.22013579995001
4,3809.999878080004,0.2,0.6,560.8436374596,194.4458737813663,294.37925402886
4,3809.999878080004,0.2,0.7,654.3160581056001,213.0279637399982,350.212748324208
4,3809.999878080004,0.2,0.8,747.7807651116001,232.4540164213009,408.7833222396
4,3809.999878080004,0.2,0.9,841.2761748666,253.6453911857026,467.70540739923
4,3809.999878080004,0.2,1.0,934.7346215152002,275.7101965090266,527.813536581408
4,3809.999878080004,0.25,0.0,16.230609652400002,86.34147414061509,0.0
4,3809.999878080004,0.25,0.5,474.90602263500006,177.9727324931507,198.844262827056
4,3809.999878080004,0.25,0.6,569.8985859072,195.8942815359703,248.80272073734002
4,3809.999878080004,0.25,0.7,664.8750728048001,214.7566361754513,302.92404666909005
4,3809.999878080004,0.25,0.8,759.8490544106,234.2853568062234,359.99502064449
4,3809.999878080004,0.25,0.9,854.8470278986,255.5506451397986,417.977901071346
4,3809.999878080004,0.25,1.0,949.8139482414001,277.8184457586864,477.23069715367205
4,3809.999878080004,0.3,0.0,18.975866228,86.72760492497505,0.0
4,3809.999878080004,0.3,0.5,480.0480950759999,178.6083454917899,153.793893020922
4,3809.999878080004,0.3,0.6,576.0448224652,196.7616587135081,201.06549349425003
4,3809.999878080004,0.3,0.7,672.0860247332001,215.7112191914179,252.98940808726203
4,3809.999878080004,0.3,0.8,768.0775429536,235.1502927947927,308.062709591406
4,3809.999878080004,0.3,0.9,864.0999140928002,256.204176409326,364.702753357866
4,3809.999878080004,0.3,1.0,960.1030019526,278.4541303368412,422.7602526752221
4,3809.999878080004,0.35,0.0,22.222817128600003,87.17653480431825,0.0
4,3809.999878080004,0.35,0.5,480.0400310398,178.2010131356255,106.08947851748401
4,3809.999878080004,0.35,0.6,576.0544883125999,196.4037255798785,149.959127930766
4,3809.999878080004,0.35,0.7,672.0579774458001,215.0909826891046,198.65570456054402
4,3809.999878080004,0.35,0.8,768.0862577256,234.3462213829266,250.79658642192
4,3809.999878080004,0.35,0.9,864.1064247332001,254.5923788197405,305.14798318851007
4,3809.999878080004,0.35,1.0,960.1082103008001,276.3932246208836,361.265469641538
4,3809.999878080004,0.4,0.0,25.949023867800005,87.71076407420847,0.0
4,3809.999878080004,0.4,0.5,480.06692702540005,177.6823456266897,58.245798252642004
4,3809.999878080004,0.4,0.6,576.080332289,195.9863847232151,98.83178100318601
4,3809.999878080004,0.4,0.7,672.0942389392001,214.4911631909644,144.14132056493403
4,3809.999878080004,0.4,0.8,768.1118013624001,233.6382363478182,193.31588868160804
4,3809.999878080004,0.4,0.9,864.0943044712001,253.037261913998,244.96642901808002
4,3809.999878080004,0.4,1.0,960.1227357414001,274.3615298970335,299.090553769854
4,3809.999878080004,0.45,0.0,31.0154804806,88.33893888514923,0.0
4,3809.999878080004,0.45,0.5,480.0479449062001,177.1274570115214,10.198890381372001
4,3809.999878080004,0.45,0.6,576.0747226674,195.4949440970698,47.57358923948401
4,3809.999878080004,0.45,0.7,672.0803149984,213.959789148417,89.537716841496
4,3809.999878080004,0.45,0.8,768.0649213050001,232.8099364395355,135.484873599306
4,3809.999878080004,0.45,0.9,864.1009152248,251.7917062959268,184.27993248541804
4,3809.999878080004,0.45,1.0,960.1104144324001,272.1742124174,236.16315654115803
4,3809.999878080004,0.5,0.0,37.5412100734,89.0798827783725,0.0
4,3809.999878080004,0.5,0.5,480.0365754932,176.5568915467659,0.0
4,3809.999878080004,0.5,0.6,576.0332019486,194.828592140978,-3.9026169035700002
4,3809.999878080004,0.5,0.7,672.062184662,213.3930211407058,34.872480361026
4,3809.999878080004,0.5,0.8,768.0490943927999,231.9106923423751,77.43494871096601
4,3809.999878080004,0.5,0.9,864.0732683902002,250.8166211289123,123.311772883068
4,3809.999878080004,0.5,1.0,960.0752541842002,270.1350654706523,172.30352716453802
4,3809.999878080004,0.55,0.0,44.915776512200004,89.90134426979952,0.0
4,3809.999878080004,0.55,0.5,480.05185178280004,175.9178946616167,0.0
4,3809.999878080004,0.55,0.6,576.0647056032001,194.0239069230699,-55.675972594242005
4,3809.999878080004,0.55,0.7,672.063436077,212.7778962579153,-19.857300236466
4,3809.999878080004,0.55,0.8,768.0940714788001,231.1806201143972,19.299429838920002
4,3809.999878080004,0.55,0.9,864.1223517586001,249.7709772731561,62.11205006806801
4,3809.999878080004,0.55,1.0,960.106107103,268.6895700198676,108.13633095388202
4,4571.999853696005,0.0,0.0,12.956748816000001,79.5660042173637,0.0
4,4571.999853696005,0.0,0.5,428.58189055220004,162.3193109281502,397.36505643357606
4,4571.999853696005,0.0,0.6,514.3083453024001,178.7193662561009,457.379258781522
4,4571.999853696005,0.0,0.7,600.0164694898,195.5924442862197,520.648459459128
4,4571.999853696005,0.0,0.8,685.7481334088001,214.0973369069219,583.412047427748
4,4571.999853696005,0.0,0.9,771.4536029552002,233.9298653294022,645.7131059221921
4,4571.999853696005,0.0,1.0,857.1751997534001,254.4919518237322,708.8076347864821
4,4571.999853696005,0.05,0.0,13.085642099200001,79.5903969256101,0.0
4,4571.999853696005,0.05,0.5,429.3983333926,162.4473503070852,354.973002950412
4,4571.999853696005,0.05,0.6,515.2786005862,178.8774021304545,412.16158608332404
4,4571.999853696005,0.05,0.7,601.154811554,195.7845604310986,472.806384112062
4,4571.999853696005,0.05,0.8,687.044695359,214.2901094312801,533.4502133184841
4,4571.999853696005,0.05,0.9,772.9160976108002,234.1381149356799,593.9069717431621
4,4571.999853696005,0.05,1.0,858.8063826892001,254.7218455784269,655.2082349657461
4,4571.999853696005,0.1,0.0,13.774027847800003,79.6920590191418,0.0
4,4571.999853696005,0.1,0.5,431.7447865742001,162.8126500488978,313.486783653582
4,4571.999853696005,0.1,0.6,518.0981608506,179.3229696439263,368.0991997456621
4,4571.999853696005,0.1,0.7,604.4402165912,196.3294405457679,426.42398637531005
4,4571.999853696005,0.1,0.8,690.8103696758,214.8481966683298,485.20234821227405
4,4571.999853696005,0.1,0.9,777.13384375,234.7130776283226,544.119471827316
4,4571.999853696005,0.1,1.0,863.5015932972002,255.3612419989114,603.983227812888
4,4571.999853696005,0.15,0.0,14.903743764800002,79.86472892778735,0.0
4,4571.999853696005,0.15,0.5,435.77240789940004,163.4474920472648,272.809247194176
4,4571.999853696005,0.15,0.6,522.9264982172,180.0906337492516,325.08416415505803
4,4571.999853696005,0.15,0.7,610.0766324224,197.2729731816203,381.41130277866006
4,4571.999853696005,0.15,0.8,697.2329276924,215.7770807668512,438.57300843186607
4,4571.999853696005,0.15,0.9,784.3706404754,235.7160324902477,496.21759372092606
4,4571.999853696005,0.15,1.0,871.5439139594,256.4741322364148,554.8378222265341
4,4571.999853696005,0.2,0.0,16.522190988600002,80.11903691136715,0.0
4,4571.999853696005,0.2,0.5,441.27514552880007,164.3128846476459,232.61835801296402
4,4571.999853696005,0.2,0.6,529.5300149458001,181.127925258006,282.757515964308
4,4571.999853696005,0.2,0.7,617.7995082754,198.5501384073301,337.32371238165615
4,4571.999853696005,0.2,0.8,706.0590854746,217.0280329189876,393.10085351229003
4,4571.999853696005,0.2,0.9,794.2906145658001,237.0603014065137,449.67075552168006
4,4571.999853696005,0.2,1.0,882.5696243936001,258.0053205311621,507.35718610592403
4,4571.999853696005,0.25,0.0,18.5651501838,80.42582156881066,0.0
4,4571.999853696005,0.25,0.5,448.36529200760003,165.4130253102604,192.883891789512
4,4571.999853696005,0.25,0.6,538.0235047704001,182.4739219072848,241.075643490066
4,4571.999853696005,0.25,0.7,627.7013019728001,200.1967016529983,294.016175633334
4,4571.999853696005,0.25,0.8,717.3635217254001,218.6424148565726,348.5108308836
4,4571.999853696005,0.25,0.9,807.0472781250002,238.7785222970154,404.230630455036
4,4571.999853696005,0.25,1.0,896.7212677434001,260.0021209429375,461.25178347679207
4,4571.999853696005,0.3,0.0,21.081776111,80.80586996570807,0.0
4,4571.999853696005,0.3,0.5,457.02842200840007,166.7713860342919,153.39544282477803
4,4571.999853696005,0.3,0.6,548.4202925938,184.1530945346095,199.88127946941
4,4571.999853696005,0.3,0.7,639.8375065896,202.2182166469201,251.33206136623204
4,4571.999853696005,0.3,0.8,731.2405463616001,220.5932995822371,304.64427876590406
4,4571.999853696005,0.3,0.9,822.65876231,240.982872894312,359.73941791649406
4,4571.999853696005,0.3,1.0,914.0469270658001,262.4465450248572,416.30696637268204
4,4571.999853696005,0.35,0.0,24.1990041018,81.26493653370227,0.0
4,4571.999853696005,0.35,0.5,467.41834797460007,168.4000310090719,114.057807200568
4,4571.999853696005,0.35,0.6,560.9040410050001,186.1768794880704,159.01378533348
4,4571.999853696005,0.35,0.7,654.3779641696,204.6327434154949,209.08537526784602
4,4571.999853696005,0.35,0.8,747.8618535212,223.1256289233421,261.29550345960604
4,4571.999853696005,0.35,0.9,841.3428888260001,243.6981664947837,316.05798914982597
4,4571.999853696005,0.35,1.0,934.8282815168001,265.3331667689377,372.178910518338
4,4571.999853696005,0.4,0.0,28.8083143018,81.84206251837068,0.0
4,4571.999853696005,0.4,0.5,479.6880305668,170.3024727771025,74.76026516250602
4,4571.999853696005,0.4,0.6,575.6357238236001,188.6073544534156,118.35929999493601
4,4571.999853696005,0.4,0.7,671.5775071192,207.4650540851855,167.026425404916
4,4571.999853696005,0.4,0.8,767.4861340718,226.2222846153497,218.41101912260402
4,4571.999853696005,0.4,0.9,863.4386861012,246.9154229101878,273.08831695160404
4,4571.999853696005,0.4,1.0,959.3828729342001,268.6554757141432,328.517827020306
4,4571.999853696005,0.45,0.0,34.1495586718,82.47788978771659,0.0
4,4571.999853696005,0.45,0.5,480.0395304738,169.8505094233875,29.898018142146
4,4571.999853696005,0.45,0.6,576.0465252102001,188.2254211292752,70.20435864934801
4,4571.999853696005,0.45,0.7,672.0479103250001,206.9607927724757,115.63354287408
4,4571.999853696005,0.45,0.8,768.0843046976001,225.6024626192507,164.20543990065602
4,4571.999853696005,0.45,0.9,864.1012163850002,245.2116788597478,216.582513792414
4,4571.999853696005,0.45,1.0,960.0848707956001,266.2781267845414,270.14506900689
4,4571.999853696005,0.5,0.0,40.1512161776,83.18730220257643,0.0
4,4571.999853696005,0.5,0.5,480.05175166960004,169.194336729384,0.0
4,4571.999853696005,0.5,0.6,576.0545884258,187.7179186212465,21.825164295858002
4,4571.999853696005,0.5,0.7,672.0792129326001,206.2007240490792,63.713586752046005
4,4571.999853696005,0.5,0.8,768.0792957552002,224.9107392336932,109.364670431478
4,4571.999853696005,0.5,0.9,864.12084924,243.6555911860655,158.95834716762002
4,4571.999853696005,0.5,1.0,960.1054054900001,263.9845286951829,210.504210656586
4,4571.999853696005,0.55,0.0,47.168842131400005,83.97251311385286,0.0
4,4571.999853696005,0.55,0.5,480.0504994339999,168.5274706171641,0.0
4,4571.999853696005,0.55,0.6,576.0437704560001,187.0727396987209,-26.725335458052
4,4571.999853696005,0.55,0.7,672.0832199224001,205.599905244761,11.927949525954
4,4571.999853696005,0.55,0.8,768.0844048108,224.1434035520276,54.329593371438
4,4571.999853696005,0.55,0.9,864.0860902652001,242.7593169370408,100.90017750351001
4,4571.999853696005,0.55,1.0,960.0918828226002,261.6665163769391,149.893311622824
4,5333.999829312005,0.0,0.0,15.666471770400003,73.98207123777557,0.0
4,5333.999829312005,0.0,0.5,416.9602882984001,152.7636280586955,383.60236784192404
4,5333.999829312005,0.0,0.6,500.3484285778,168.5943745400526,443.48964468039003
4,5333.999829312005,0.0,0.7,583.7311356646001,185.4667241433367,506.227436531586
4,5333.999829312005,0.0,0.8,667.1340762856,204.4543055078472,566.860515724734
4,5333.999829312005,0.0,0.9,750.520940532,224.3808501152137,628.42999593759
4,5333.999829312005,0.0,1.0,833.9169191826,245.1475164790892,690.366816385554
4,5333.999829312005,0.05,0.0,15.8703334284,74.01148948299011,0.0
4,5333.999829312005,0.05,0.5,417.7213611538,152.879474592307,344.16192451225197
4,5333.999829312005,0.05,0.6,501.27020117240005,168.746499724213,401.40751158446403
4,5333.999829312005,0.05,0.7,584.816587597,185.6385519400345,461.76023415013805
4,5333.999829312005,0.05,0.8,668.3554105514,204.6152681890593,520.531090060674
4,5333.999829312005,0.05,0.9,751.8948341850001,224.576021255103,580.366999744224
4,5333.999829312005,0.05,1.0,835.4430234678,245.3592496217908,640.678728404022
4,5333.999829312005,0.1,0.0,16.495223610800004,74.11010313127099,0.0
4,5333.999829312005,0.1,0.5,419.9898318968,153.2244008390638,305.647768284474
4,5333.999829312005,0.1,0.6,503.99304716200015,169.19520784741,360.53479167967805
4,5333.999829312005,0.1,0.7,587.9807859112,186.0590914185793,418.808362838712
4,5333.999829312005,0.1,0.8,671.9870562701999,205.0945440402794,475.9530455988001
4,5333.999829312005,0.1,0.9,755.9772994906001,225.1481857968793,534.371690560092
4,5333.999829312005,0.1,1.0,839.9774087848001,245.9835408931326,593.3421189746821
4,5333.999829312005,0.15,0.0,17.548609777600003,74.27848294738276,0.0
4,5333.999829312005,0.15,0.5,423.80974869420004,153.8016479942847,267.89436754773004
4,5333.999829312005,0.15,0.6,508.5785197526,169.9587886454686,320.701437077406
4,5333.999829312005,0.15,0.7,593.3409803970001,186.8071240230427,377.088040840434
4,5333.999829312005,0.15,0.8,678.1034910980001,205.9574098369773,432.93327354354
4,5333.999829312005,0.15,0.9,762.8619447526002,226.1275404714688,490.22903876146205
4,5333.999829312005,0.15,1.0,847.634822914,247.0099958246394,547.9683288784321
4,5333.999829312005,0.2,0.0,19.020552001000002,74.50876220221356,0.0
4,5333.999829312005,0.2,0.5,429.2597463616001,154.636287134174,230.78512600420203
4,5333.999829312005,0.2,0.6,515.101148298,171.0571159603556,281.76359723589
4,5333.999829312005,0.2,0.7,600.9646366834,187.9689713743083,336.46376025015604
4,5333.999829312005,0.2,0.8,686.809794506,207.1697558347093,391.23539103587404
4,5333.999829312005,0.2,0.9,772.6583085826001,227.5244353025492,447.68661231155403
4,5333.999829312005,0.2,1.0,858.5213965152001,248.4772785828722,504.373286768274
4,5333.999829312005,0.25,0.0,21.321914033200002,74.83877604989569,0.0
4,5333.999829312005,0.25,0.5,436.30676948980005,155.74236702522,194.10762202154402
4,5333.999829312005,0.25,0.6,523.5760564562,172.4685886849315,243.502680396822
4,5333.999829312005,0.25,0.7,610.8364292448,189.5252017391817,296.66017491541203
4,5333.999829312005,0.25,0.8,698.0871846014,208.7474025099338,350.57877722406005
4,5333.999829312005,0.25,0.9,785.3415464950001,229.3336459211648,406.46649131781004
4,5333.999829312005,0.25,1.0,872.6186472146001,250.3707967712964,462.28726859700004
4,5333.999829312005,0.3,0.0,24.434978299600004,75.24191094584052,0.0
4,5333.999829312005,0.3,0.5,444.90789331340005,157.0824384812665,157.716537145398
4,5333.999829312005,0.3,0.6,533.8839429374,174.1965897700263,205.68628174432803
4,5333.999829312005,0.3,0.7,622.8694081258,191.4371949280595,257.360900740482
4,5333.999829312005,0.3,0.8,711.8440044672,210.7045689228885,310.7369478730441
4,5333.999829312005,0.3,0.9,800.8213563834,231.5280881357162,366.23149136296803
4,5333.999829312005,0.3,1.0,889.8126814764001,252.6683354767305,421.367399339502
4,5333.999829312005,0.35,0.0,28.177923637600003,75.73016043554388,0.0
4,5333.999829312005,0.35,0.5,455.1043390321999,158.6657815759775,121.46381771092801
4,5333.999829312005,0.35,0.6,546.1196674604,176.2385208324413,168.18301331462402
4,5333.999829312005,0.35,0.7,637.1495705652,193.7623885898576,218.48545697055002
4,5333.999829312005,0.35,0.8,728.1618438996001,213.0309050498957,271.510746387342
4,5333.999829312005,0.35,0.9,819.1902444858001,234.1238373954459,326.786345819934
4,5333.999829312005,0.35,1.0,910.2132865540001,255.3831434593124,381.43205906282407
4,5333.999829312005,0.4,0.0,32.5357675324,76.27664009507394,0.0
4,5333.999829312005,0.4,0.5,466.940031723,160.4968510815568,85.242120162738
4,5333.999829312005,0.4,0.6,560.3287093184,178.5836744187608,130.80543734781602
4,5333.999829312005,0.4,0.7,653.7212937904001,196.4768400783816,179.88290304600002
4,5333.999829312005,0.4,0.8,747.1020575194001,215.7858041109498,232.619292583986
4,5333.999829312005,0.4,0.9,840.4883307568,237.0639135989295,287.675532050676
4,5333.999829312005,0.4,1.0,933.885372728,258.5385790331126,342.24382269000006
4,5333.999829312005,0.45,0.0,37.473334965,76.88926671241948,0.0
4,5333.999829312005,0.45,0.5,480.0346224652,162.5331142627234,48.810398572782006
4,5333.999829312005,0.45,0.6,576.0656574992,181.1242419539145,93.18737815279201
4,5333.999829312005,0.45,0.7,672.059530021,199.4494540840062,141.07514472605402
4,5333.999829312005,0.45,0.8,768.0764909444001,218.8172695778826,193.70879506116603
4,5333.999829312005,0.45,0.9,864.078978125,240.1332282551937,248.152063584348
4,5333.999829312005,0.45,1.0,960.0977927838002,261.9818746696906,303.136032820698
4,5333.999829312005,0.5,0.0,43.2428037008,77.56120093504492,0.0
4,5333.999829312005,0.5,0.5,480.05305314120017,162.0136617183163,6.327182824116001
4,5333.999829312005,0.5,0.6,576.0820358546,180.5480081400707,47.294279722998006
4,5333.999829312005,0.5,0.7,672.0705982738,198.9002048118479,92.09847080002801
4,5333.999829312005,0.5,0.8,768.0996310438001,217.4898335437721,141.827997954258
4,5333.999829312005,0.5,0.9,864.1306660778,237.9167704272884,194.256213921
4,5333.999829312005,0.5,1.0,960.1168249596001,259.2808866798512,247.43284512685204
4,5333.999829312005,0.55,0.0,49.79140669800001,78.28910987099701,0.0
4,5333.999829312005,0.55,0.5,480.0548067634,161.3976371792616,0.0
4,5333.999829312005,0.55,0.6,576.0653071030001,180.0054690966162,1.41159368658
4,5333.999829312005,0.55,0.7,672.087828412,198.2586240465391,42.93495606523201
4,5333.999829312005,0.55,0.8,768.093219696,216.8046921987662,89.70761304582001
4,5333.999829312005,0.55,0.9,864.1135368734001,235.7254412199038,139.45990752447602
4,5333.999829312005,0.55,1.0,960.1086115742002,256.359513782727,190.78279508950203
4,6095.999804928007,0.0,0.0,18.8235817418,68.84276307411776,0.0
4,6095.999804928007,0.0,0.5,385.87926157220005,140.1100618851492,356.444438540652
4,6095.999804928007,0.0,0.6,463.0656221620002,154.6590026361245,413.10594808236607
4,6095.999804928007,0.0,0.7,540.2416891454001,170.568017341105,471.19141113475206
4,6095.999804928007,0.0,0.8,617.4022303768,188.4660798817019,527.6819431098601
4,6095.999804928007,0.0,0.9,694.5981821394,207.2526645630046,585.5827672223761
4,6095.999804928007,0.0,1.0,771.7748506226001,226.9254438811576,642.2635798147801
4,6095.999804928007,0.05,0.0,19.0599908576,68.8785921304545,0.0
4,6095.999804928007,0.05,0.5,386.77128331380004,140.2541486429284,320.619571591704
4,6095.999804928007,0.05,0.6,464.1385525589999,154.8450363935408,374.84322081775804
4,6095.999804928007,0.05,0.7,541.4957292448,170.7591192089268,430.838151247812
4,6095.999804928007,0.05,0.8,618.8558609112,188.686507830264,485.6820914082061
4,6095.999804928007,0.05,0.9,696.2023189198001,207.5064298522181,542.0617910889721
4,6095.999804928007,0.05,1.0,773.5614486336001,227.2027097077928,597.398049563238
4,6095.999804928007,0.1,0.0,19.7688423702,68.97684179923796,0.0
4,6095.999804928007,0.1,0.5,389.46830994500004,140.6853384984124,285.89047693344605
4,6095.999804928007,0.1,0.6,467.3537880902,155.3941715127461,338.034720314676
4,6095.999804928007,0.1,0.7,545.2386647356001,171.3226605243582,392.24395953204
4,6095.999804928007,0.1,0.8,623.1466306032,189.3497902883063,445.76407250020804
4,6095.999804928007,0.1,0.9,701.028753315,208.2681406939128,500.988676649076
4,6095.999804928007,0.1,1.0,778.926501892,228.0474429628958,555.3033756006661
4,6095.999804928007,0.15,0.0,20.969035518200002,69.14039584604917,0.0
4,6095.999804928007,0.15,0.5,393.8658372352,141.3938947661254,252.01913743083
4,6095.999804928007,0.15,0.6,472.620372631,156.2995836120838,302.41233233673006
4,6095.999804928007,0.15,0.7,551.4154530522001,172.2687770403701,355.061699122746
4,6095.999804928007,0.15,0.8,630.1768749232,190.4238891067768,407.55401393968805
4,6095.999804928007,0.15,0.9,708.9387981808001,209.4980620358342,461.94849394108803
4,6095.999804928007,0.15,1.0,787.7217575194001,229.4018345326137,515.4924213446701
4,6095.999804928007,0.2,0.0,22.6710969584,69.3665347171369,0.0
4,6095.999804928007,0.2,0.5,400.0357883126,142.3767039710605,218.845888230354
4,6095.999804928007,0.2,0.6,480.0300139756,157.5618289532795,267.78720992793
4,6095.999804928007,0.2,0.7,560.0540405482001,173.5977691102241,319.09672970221203
4,6095.999804928007,0.2,0.8,640.041855684,191.973209475279,371.011234975458
4,6095.999804928007,0.2,0.9,720.0527592214002,211.2327878526717,424.747718260866
4,6095.999804928007,0.2,1.0,800.0686725218001,231.3116293414679,477.77987750862604
4,6095.999804928007,0.25,0.0,24.885733059000003,69.66407438891409,0.0
4,6095.999804928007,0.25,0.5,407.73201846300003,143.5928338584777,186.06252150948
4,6095.999804928007,0.25,0.6,489.26116329640007,159.1312800078926,233.746052509662
4,6095.999804928007,0.25,0.7,570.8158008894001,175.2048700543409,283.87050197675404
4,6095.999804928007,0.25,0.8,652.3491521184,193.8625302034836,335.44365396095407
4,6095.999804928007,0.25,0.9,733.8984311934001,213.3462488396081,388.77095171607
4,6095.999804928007,0.25,1.0,815.4481107212,233.6225454630319,441.525440616414
4,6095.999804928007,0.3,0.0,27.784477120400002,70.04809194012519,0.0
4,6095.999804928007,0.3,0.5,415.78172698700007,144.8170162074753,152.905473171066
4,6095.999804928007,0.3,0.6,498.93566884700004,160.7398513730382,199.340094345084
4,6095.999804928007,0.3,0.7,582.1035083886001,176.7419255301642,248.233836102252
4,6095.999804928007,0.3,0.8,665.2572245836001,195.6498533968974,299.50591431915007
4,6095.999804928007,0.3,0.9,748.4409419146,215.3590685598294,352.481945482128
4,6095.999804928007,0.3,1.0,831.5803328954001,235.823212288397,404.817506805558
4,6095.999804928007,0.35,0.0,31.2854685484,70.49396635661799,0.0
4,6095.999804928007,0.35,0.5,425.1510866834,146.2300159617164,119.78343944120401
4,6095.999804928007,0.35,0.6,510.20419318,162.5703922194502,165.12128035788
4,6095.999804928007,0.35,0.7,595.2053113842001,178.6720938340742,212.77604516414402
4,6095.999804928007,0.35,0.8,680.2468482414,197.7646421136714,264.00334226065803
4,6095.999804928007,0.35,0.9,765.305563539,217.6450853024585,316.338942728424
4,6095.999804928007,0.35,1.0,850.3171993734002,238.335010940216,368.805984983436
4,6095.999804928007,0.4,0.0,35.272158345600005,71.00214676476459,0.0
4,6095.999804928007,0.4,0.5,435.9529653379999,147.980518278055,86.92212656126999
4,6095.999804928007,0.4,0.6,523.1694631063999,164.6859233982582,130.997317989846
4,6095.999804928007,0.4,0.7,610.3669278784,181.0537263064501,177.56450635077002
4,6095.999804928007,0.4,0.8,697.5360442028001,200.2207874582237,228.89829072033
4,6095.999804928007,0.4,0.9,784.758001423,220.2616365986574,280.656566055558
4,6095.999804928007,0.4,1.0,871.9303730676,241.2033719545496,333.53327825202
4,6095.999804928007,0.45,0.0,40.0287358834,71.57611061906921,0.0
4,6095.999804928007,0.45,0.5,448.36684458280007,149.9875699992743,54.05868520806602
4,6095.999804928007,0.45,0.6,538.0547080854001,167.0932547880795,96.737329054212
4,6095.999804928007,0.45,0.7,627.7329057406001,183.9623922021229,142.706020089864
4,6095.999804928007,0.45,0.8,717.4143578954,203.0396917057063,194.126528735832
4,6095.999804928007,0.45,0.9,807.0761771952001,223.2656609120929,245.355562862256
4,6095.999804928007,0.45,1.0,896.7536231808,244.456321752699,298.70828486360404
4,6095.999804928007,0.5,0.0,45.608558215,72.23238998058605,0.0
4,6095.999804928007,0.5,0.5,462.28398835300004,152.2243157075206,20.968642186800004
4,6095.999804928007,0.5,0.6,554.7376702054,169.7567926560828,62.2881800079
4,6095.999804928007,0.5,0.7,647.1983148488001,187.2660549174453,108.08477786337001
4,6095.999804928007,0.5,0.8,739.6499936166001,206.2343187017146,159.225453437358
4,6095.999804928007,0.5,0.9,832.1037263462001,226.5970220928967,210.163155843102
4,6095.999804928007,0.5,1.0,924.5677764796001,248.093617525719,264.323533143054
4,6095.999804928007,0.55,0.0,51.7369327728,72.92798193486348,0.0
4,6095.999804928007,0.55,0.5,477.63472770860005,154.6427264835344,0.0
4,6095.999804928007,0.55,0.6,573.1629056274,172.7075627456228,27.546730418592002
4,6095.999804928007,0.55,0.7,668.6895301504001,190.8748676573528,73.236038542128
4,6095.999804928007,0.55,0.8,764.2146529754,209.4990903480904,123.214939581888
4,6095.999804928007,0.55,0.9,859.7315607738002,230.2462679022952,174.85140263652602
4,6095.999804928007,0.55,1.0,955.2735625202,252.1685710418217,230.051145238992
4,6857.999780544007,0.0,0.0,21.023570953000004,64.18552236278691,0.0
4,6857.999780544007,0.0,0.5,354.77622225100004,128.4482710695818,329.12374709029206
4,6857.999780544007,0.0,0.6,425.7258677474,141.6273005954822,382.52126489115
4,6857.999780544007,0.0,0.7,496.6784173472001,156.5843451707339,436.829245696074
4,6857.999780544007,0.0,0.8,567.6241559670001,173.0503472209925,489.60624258961803
4,6857.999780544007,0.0,0.9,638.5990939966001,190.517048676676,543.36994097463
4,6857.999780544007,0.0,1.0,709.5483882762,208.5902658240044,594.3097376023501
4,6857.999780544007,0.05,0.0,21.2367185206,64.21746787952463,0.0
4,6857.999780544007,0.05,0.5,355.54480852,128.5621040199583,296.587341985242
4,6857.999780544007,0.05,0.6,426.65234812420005,141.7903334685657,347.73374731141206
4,6857.999780544007,0.05,0.7,497.7691285050001,156.7577860796517,400.12004458734
4,6857.999780544007,0.05,0.8,568.8568087686001,173.2407786741359,451.41855012408007
4,6857.999780544007,0.05,0.9,639.9923209856001,190.7335219739635,503.76702907839
4,6857.999780544007,0.05,1.0,711.0917210584001,208.8242288507666,553.648568368434
4,6857.999780544007,0.1,0.0,21.9076336952,64.31744528132089,0.0
4,6857.999780544007,0.1,0.5,358.0040047562,128.9609418057697,265.100313346638
4,6857.999780544007,0.1,0.6,429.6031321758,142.3059455146512,314.37369155346
4,6857.999780544007,0.1,0.7,501.1999315532001,157.2792091660165,365.12518924589403
4,6857.999780544007,0.1,0.8,572.8089513058001,173.8786761353534,415.244080217274
4,6857.999780544007,0.1,0.9,644.3878698092001,191.4234600821918,466.49110605913216
4,6857.999780544007,0.1,1.0,716.0056051544001,209.5859822658986,515.58854515476
4,6857.999780544007,0.15,0.0,23.0248223326,64.47996399827633,0.0
4,6857.999780544007,0.15,0.5,362.0792824264001,129.6220254159485,234.435663170016
4,6857.999780544007,0.15,0.6,434.49147263500004,143.1614727735644,282.15553479313206
4,6857.999780544007,0.15,0.7,506.9116760026001,158.1469288024132,331.51636144657806
4,6857.999780544007,0.15,0.8,579.3203105514001,174.9139259904745,380.76368420475
4,6857.999780544007,0.15,0.9,651.7322496564001,192.5915895885875,431.21231727651
4,6857.999780544007,0.15,1.0,724.1553587686001,210.8606492261635,479.76039497463
4,6857.999780544007,0.2,0.0,24.600604921200002,64.70436110115214,0.0
4,6857.999780544007,0.2,0.5,367.76951484680006,130.5374745540234,204.42274172258402
4,6857.999780544007,0.2,0.6,441.30920371120004,144.3510036194321,250.87160164882204
4,6857.999780544007,0.2,0.7,514.8603374838,159.3541636484623,299.06479190372403
4,6857.999780544007,0.2,0.8,588.4097176342,176.3487991347183,347.699740669512
4,6857.999780544007,0.2,0.9,661.9659095852,194.2381097929783,397.64880883219803
4,6857.999780544007,0.2,1.0,735.5177441502001,212.6300260782909,445.835520699492
4,6857.999780544007,0.25,0.0,26.593880068800004,64.96971993268622,0.0
4,6857.999780544007,0.25,0.5,375.01805682,131.6940105180985,174.879924178344
4,6857.999780544007,0.25,0.6,450.0189134298,145.861732336569,220.32445298278802
4,6857.999780544007,0.25,0.7,525.0164638422001,160.893532592942,267.436486463454
4,6857.999780544007,0.25,0.8,600.0135645658,178.1594661391636,315.770615900124
4,6857.999780544007,0.25,0.9,675.0297475218001,196.2442763609725,365.31206919900006
4,6857.999780544007,0.25,1.0,750.0332078954,214.8698553197859,413.536711927878
4,6857.999780544007,0.3,0.0,29.009967725200003,65.31720152136442,0.0
4,6857.999780544007,0.3,0.5,384.09574409360005,133.1928748135716,145.92663990643203
4,6857.999780544007,0.3,0.6,460.8973729382001,147.7567354490611,190.48804802550603
4,6857.999780544007,0.3,0.7,537.7239439198,162.8296686635217,236.73463448850603
4,6857.999780544007,0.3,0.8,614.5356899418,180.4515507662161,285.071156622714
4,6857.999780544007,0.3,0.9,691.3564018394,198.6785777894403,334.09570896471007
4,6857.999780544007,0.3,1.0,768.1807194534,217.7007096036469,382.90525125514205
4,6857.999780544007,0.35,0.0,32.08153917320001,65.73691292316067,0.0
4,6857.999780544007,0.35,0.5,394.74343447,134.997174048172,117.30051910176601
4,6857.999780544007,0.35,0.6,473.6819836716,149.9174113137077,160.831393859136
4,6857.999780544007,0.35,0.7,552.6456514392,165.0796926058242,206.50153104411604
4,6857.999780544007,0.35,0.8,631.5715543742,183.1278241739091,255.12337624342803
4,6857.999780544007,0.35,0.9,710.5468418378001,201.5293344535063,303.780250730418
4,6857.999780544007,0.35,1.0,789.4825115540002,220.997305596208,353.421003423642
4,6857.999780544007,0.4,0.0,35.6670909694,66.21681006586229,0.0
4,6857.999780544007,0.4,0.5,406.61346024420004,137.0088513031843,88.568850488118
4,6857.999780544007,0.4,0.6,487.9484232172,152.3133063554386,131.070879983274
4,6857.999780544007,0.4,0.7,569.2692127870001,167.6955299782274,176.44756186734602
4,6857.999780544007,0.4,0.8,650.5864951124,186.0444143430101,225.34841810758203
4,6857.999780544007,0.4,0.9,731.9279695464,204.6062164213009,273.73634164800006
4,6857.999780544007,0.4,1.0,813.2415960988001,224.5871146764946,324.50699070682214
4,6857.999780544007,0.45,0.0,40.04267459500001,66.79627712174545,0.0
4,6857.999780544007,0.45,0.5,418.03800197280003,138.8964447662161,58.79960253228601
4,6857.999780544007,0.45,0.6,501.6489474612,154.5546921005171,100.03779353013601
4,6857.999780544007,0.45,0.7,585.2646015524001,170.1116562916629,145.04782999106402
4,6857.999780544007,0.45,0.8,668.8756479746,188.5213476888324,193.70009523249
4,6857.999780544007,0.45,0.9,752.5036225542001,207.3279774415313,242.01642378236403
4,6857.999780544007,0.45,1.0,836.0932824992001,227.7646374431643,293.70768890740203
4,6857.999780544007,0.5,0.0,45.120979851200005,67.4607090625964,0.0
4,6857.999780544007,0.5,0.5,430.678316761,140.9524961746349,28.754798023182
4,6857.999780544007,0.5,0.6,516.8026008530001,157.0318967935226,68.797388887458
4,6857.999780544007,0.5,0.7,602.9281371806001,173.0930221796245,113.46581272811402
4,6857.999780544007,0.5,0.8,689.0949931800001,191.132487947927,161.380119161184
4,6857.999780544007,0.5,0.9,775.1994934266,210.3735202131906,210.29355541240201
4,6857.999780544007,0.5,1.0,861.3466164578001,231.2255224591309,263.14170692271
4,6857.999780544007,0.55,0.0,50.9277177772,68.21013395881339,0.0
4,6857.999780544007,0.55,0.5,444.7401569292,143.253918419668,0.0
4,6857.999780544007,0.55,0.6,533.6850032382,159.7877951607548,37.453579588194
4,6857.999780544007,0.55,0.7,622.6266943402001,176.4258682844961,81.87483141222002
4,6857.999780544007,0.55,0.8,711.5851133732001,194.0209656131725,128.83787176398602
4,6857.999780544007,0.55,0.9,800.5141319494002,213.8182577325592,178.85290791891603
4,6857.999780544007,0.55,1.0,889.4811155846,235.0708961411594,232.91215093377002
4,7619.999756160008,0.0,0.0,22.239389145600004,59.68022812074754,0.0
4,7619.999756160008,0.0,0.5,325.30030963980005,117.4910884202123,303.38094425192406
4,7619.999756160008,0.0,0.6,390.3635123322,129.5204138491336,353.7448885527481
4,7619.999756160008,0.0,0.7,455.427941001,143.6410340071669,404.41257822180603
4,7619.999756160008,0.0,0.8,520.4817773650001,158.8326123739454,453.81937989788406
4,7619.999756160008,0.0,0.9,585.531506626,174.5858611641114,503.307973664034
4,7619.999756160008,0.0,1.0,650.6054780522,191.4731166167105,548.678661571656
4,7619.999756160008,0.05,0.0,22.450840533,59.712612939218,0.0
4,7619.999756160008,0.05,0.5,326.06381229180005,117.6161935068493,273.95551078526404
4,7619.999756160008,0.05,0.6,391.27869797060004,129.6811907978772,322.284830361648
4,7619.999756160008,0.05,0.7,456.4887010794002,143.8099920734827,371.226895801608
4,7619.999756160008,0.05,0.8,521.7045640928002,159.0269699401252,419.23315227994203
4,7619.999756160008,0.05,0.9,586.9027965152001,174.8103298465028,467.4727236799621
4,7619.999756160008,0.05,1.0,652.1245694898,191.7049238368865,512.037625431024
4,7619.999756160008,0.1,0.0,23.069339062,59.81021652100154,0.0
4,7619.999756160008,0.1,0.5,328.36125677960007,117.993336617527,245.504551098114
4,7619.999756160008,0.1,0.6,394.03369835060005,130.169690114125,292.147087412796
4,7619.999756160008,0.1,0.7,459.70624003480003,144.3191652380477,339.62102495890804
4,7619.999756160008,0.1,0.8,525.3634061367999,159.6088571321782,386.54307629784
4,7619.999756160008,0.1,0.9,591.0337945666,175.4900171131271,433.8213019500362
4,7619.999756160008,0.1,1.0,656.7173552676002,192.4047988660982,477.8387456969281
4,7619.999756160008,0.15,0.0,24.102627093600002,59.97070106976323,0.0
4,7619.999756160008,0.15,0.5,332.1762155118,118.6194912954731,217.84791806316002
4,7619.999756160008,0.15,0.6,398.61185939520004,130.97925817781,263.127169694928
4,7619.999756160008,0.15,0.7,465.0393391292,145.1647406050984,309.374294392548
4,7619.999756160008,0.15,0.8,531.4635134864,160.5726636131725,355.37628747205207
4,7619.999756160008,0.15,0.9,597.9089742076001,176.6225528866915,402.058638469488
4,7619.999756160008,0.15,1.0,664.3476731848,193.5714294132269,445.72801078066806
4,7619.999756160008,0.2,0.0,25.588027157,60.2016867629502,0.0
4,7619.999756160008,0.2,0.5,337.3081707754,119.4586207634038,190.696335037362
4,7619.999756160008,0.2,0.6,404.76928893720003,132.0659213065409,234.87886023525002
4,7619.999756160008,0.2,0.7,472.22194343060005,146.269892769482,280.076050659636
4,7619.999756160008,0.2,0.8,539.6757237871999,161.8366797286583,325.415105050728
4,7619.999756160008,0.2,0.9,607.1461327822001,178.0388939540053,371.43322559666416
4,7619.999756160008,0.2,1.0,674.6149391454,195.1447069309625,415.18307866266
4,7619.999756160008,0.25,0.0,27.466610325000005,60.48955384332759,0.0
4,7619.999756160008,0.25,0.5,344.00061346420006,120.6330675129275,164.307185816004
4,7619.999756160008,0.25,0.6,412.81003240620004,133.4827905651819,207.439434227718
4,7619.999756160008,0.25,0.7,481.61957607940013,147.7156881056881,251.76818309273403
4,7619.999756160008,0.25,0.8,550.4129424442,163.4991046207022,296.69959815480604
4,7619.999756160008,0.25,0.9,619.2098144122,179.8818274134083,342.1780063820581
4,7619.999756160008,0.25,1.0,688.019157859,197.212736913998,386.313191398596
4,7619.999756160008,0.3,0.0,29.815755074600002,60.84855037721129,0.0
4,7619.999756160008,0.3,0.5,352.20385871,122.0669984274698,138.319466653368
4,7619.999756160008,0.3,0.6,422.64586299320007,135.1763689208927,180.37550515630804
4,7619.999756160008,0.3,0.7,493.09074676180006,149.4698166496417,224.15890491825604
4,7619.999756160008,0.3,0.8,563.5236604382001,165.5420639953733,268.97765279523605
4,7619.999756160008,0.3,0.9,633.9714491308001,182.1219995816021,314.031927248886
4,7619.999756160008,0.3,1.0,704.416382956,199.7716222553751,358.93377855119405
4,7619.999756160008,0.35,0.0,32.6791501498,61.26928213798422,0.0
4,7619.999756160008,0.35,0.5,361.89291431920003,123.7497542411322,112.57867974830401
4,7619.999756160008,0.35,0.6,434.2786590516,137.1569932978318,153.653976484932
4,7619.999756160008,0.35,0.7,506.66114846380003,151.5368618295383,197.044949385438
4,7619.999756160008,0.35,0.8,579.0405327256,167.9395871202032,242.00386334355002
4,7619.999756160008,0.35,0.9,651.4253764392001,184.7492737699356,286.790772196236
4,7619.999756160008,0.35,1.0,723.8061631064,202.8709764483353,333.025840438368
4,7619.999756160008,0.4,0.0,35.964279465400004,61.72476505180079,0.0
4,7619.999756160008,0.4,0.5,373.07832254000004,125.685533817654,86.93138419673402
4,7619.999756160008,0.4,0.6,447.68763560400004,139.4593573047265,127.15869228955201
4,7619.999756160008,0.4,0.7,522.3141041316001,153.9295587172276,170.28864586456802
4,7619.999756160008,0.4,0.8,596.9216898326,170.657136177175,215.40714638751
4,7619.999756160008,0.4,0.9,671.5448012856001,187.7617070390094,260.25912291271203
4,7619.999756160008,0.4,1.0,746.1609015322,206.4315890395537,308.18530475871603
4,7619.999756160008,0.45,0.0,39.83980668359999,62.26282125265354,0.0
4,7619.999756160008,0.45,0.5,385.54013303080006,127.8259358371587,61.16701772227201
4,7619.999756160008,0.45,0.6,462.6359888260001,142.0053934213009,100.59742052976002
4,7619.999756160008,0.45,0.7,539.7593166680001,156.5544483252291,143.54962946108404
4,7619.999756160008,0.45,0.8,616.861858712,173.5150320791981,188.455918752486
4,7619.999756160008,0.45,0.9,693.9744678768001,191.0858583380205,234.14187024921003
4,7619.999756160008,0.45,1.0,771.08191875,210.3422385613717,283.90970013621603
4,7619.999756160008,0.5,0.0,44.2561823352,62.85745801959539,0.0
4,7619.999756160008,0.5,0.5,399.1603197142,130.1497591956818,35.123904431154
4,7619.999756160008,0.5,0.6,478.9859325922001,144.7840068226436,73.777600430688
4,7619.999756160008,0.5,0.7,558.8358122534,159.5829439440261,116.64838425009
4,7619.999756160008,0.5,0.8,638.6629030320001,176.558033544135,161.312100984342
4,7619.999756160008,0.5,0.9,718.4851850946001,194.7557204514198,208.47127892467802
4,7619.999756160008,0.5,1.0,798.3177353250001,214.5742571838882,260.069331599616
4,7619.999756160008,0.55,0.0,49.397857605800006,63.55970359393995,0.0
4,7619.999756160008,0.55,0.5,412.13653316220007,132.3231415939399,7.938799174614
4,7619.999756160008,0.55,0.6,494.57873499760007,147.3792564292843,45.595943989134
4,7619.999756160008,0.55,0.7,577.0111208158,162.3645987730201,88.245283406742
4,7619.999756160008,0.55,0.8,659.4303335422001,179.241317533793,132.282734802372
4,7619.999756160008,0.55,0.9,741.8664752466001,198.007785096344,180.83853861381002
4,7619.999756160008,0.55,1.0,824.2863395294,218.5179591318153,234.57095088827404
6,0.0,0.0,0.0,0.0,122.7276109227978,0.0
6,0.0,0.0,0.5,480.04819518920004,231.6780430102513,496.13964756186607
6,0.0,0.0,0.6,576.0334530522,249.5447668225528,550.4567000666581
6,0.0,0.0,0.7,672.0654900388,268.4599045710787,610.7019420717601
6,0.0,0.0,0.8,768.059562787,287.5748394611268,674.19407952897
6,0.0,0.0,0.9,864.044619603,306.5195030580604,738.868977777546
6,0.0,0.0,1.0,960.0757555708001,325.5595676461944,804.8273894453101
6,0.0,0.05,0.0,0.0,122.7599204190329,0.0
6,0.0,0.05,0.5,480.03887891740004,231.6265445897669,430.9891554169741
6,0.0,0.05,0.6,576.0415663244002,249.4785772913,481.96284614662807
6,0.0,0.05,0.7,672.0639875202,268.4015387276604,538.700026582872
6,0.0,0.05,0.8,768.0661735406001,287.5240123910007,598.716465051012
6,0.0,0.05,0.9,864.0754725218002,306.4607947557834,660.0393065888161
6,0.0,0.05,1.0,960.0796616268001,325.4965758011431,722.83003626141
6,0.0,0.1,0.0,0.0,122.8026524541414,0.0
6,0.0,0.1,0.5,480.05300308460005,231.4684516389368,365.90936283594
6,0.0,0.1,0.6,576.060248104,249.3174143745805,413.591660789538
6,0.0,0.1,0.7,672.0786623100001,268.233266046902,466.7579138533081
6,0.0,0.1,0.8,768.0920675736,287.3651624750975,523.271555665782
6,0.0,0.1,0.9,864.069762787,306.2963480703075,581.2931791991941
6,0.0,0.1,1.0,960.0963903784001,325.3031749677039,640.84283613966
6,0.0,0.15,0.0,0.0,122.9980668708156,0.0
6,0.0,0.15,0.5,480.03983081340004,231.2079040736642,300.79428163600204
6,0.0,0.15,0.6,576.0472760592,249.0178185461308,345.12006042452407
6,0.0,0.15,0.7,672.0534190128001,267.9598266833893,394.77761093093403
6,0.0,0.15,0.8,768.0555057406001,287.0883817985122,447.78098441260806
6,0.0,0.15,0.9,864.0975097348,306.0029202440352,502.46455512145207
6,0.0,0.15,1.0,960.0922832754001,324.9788509897487,558.8565363376381
6,0.0,0.2,0.0,0.49072618540000007,123.099750017146,0.0
6,0.0,0.2,0.5,480.06016528140003,230.8236437135081,235.60953819711
6,0.0,0.2,0.6,576.0573431800001,248.5994924184886,276.579057151782
6,0.0,0.2,0.7,672.0722017262001,267.5846466292298,322.764123397716
6,0.0,0.2,0.8,768.0940714788001,286.7773070485349,372.25779124842006
6,0.0,0.2,0.9,864.083585794,305.6176891159394,423.65496497709006
6,0.0,0.2,1.0,960.1133193564001,324.5366528597478,476.792319734808
6,0.0,0.25,0.0,2.8123636024,123.2307302381384,0.0
6,0.0,0.25,0.5,480.0441881994,230.3494359726935,170.31565545640802
6,0.0,0.25,0.6,576.0534871806,248.0469593775741,207.85364001910202
6,0.0,0.25,0.7,672.0936883166,267.0935058885059,250.65353344600803
6,0.0,0.25,0.8,768.0971265726001,286.3903341522272,296.74168810209005
6,0.0,0.25,0.9,864.111633902,305.1163826804863,344.682314208078
6,0.0,0.25,1.0,960.1153224410001,323.9894026677856,394.59364233781804
6,0.0,0.3,0.0,6.532246798000001,123.4058563066316,0.0
6,0.0,0.3,0.5,480.05360458440003,229.6953054001633,104.81533527372602
6,0.0,0.3,0.6,576.0512830490001,247.3858327261181,138.97438564594202
6,0.0,0.3,0.7,672.0610825962001,266.4680440815568,178.38011284262402
6,0.0,0.3,0.8,768.0753896992001,285.7438845763404,221.04792838682403
6,0.0,0.3,0.9,864.0636517788,304.5098814918807,265.62608049562203
6,0.0,0.3,1.0,960.092784662,323.3228219379479,312.265651626852
6,0.0,0.35,0.0,10.613440173600003,123.7605052036651,0.0
6,0.0,0.35,0.5,480.057511461,228.8488874533249,39.08483171623801
6,0.0,0.35,0.6,576.0567425007999,246.5785631602105,69.853370960604
6,0.0,0.35,0.7,672.0697473116,265.6636872873084,105.87859330032602
6,0.0,0.35,0.8,768.0833027450001,285.0173679321419,145.23620232198002
6,0.0,0.35,0.9,864.111633902,303.877223838338,186.47622331753803
6,0.0,0.35,1.0,960.1185285252001,322.554929058877,229.80293100441602
6,0.0,0.4,0.0,15.266811670000003,124.2380397545133,0.0
6,0.0,0.4,0.5,480.0457908312,227.8436055553842,0.0
6,0.0,0.4,0.6,576.0704153380001,245.6358015246304,0.38835585049800003
6,0.0,0.4,0.7,672.0802148852,264.7024506512747,33.063610808382
6,0.0,0.4,0.8,768.0965759500001,284.1673803663249,69.232145455242
6,0.0,0.4,0.9,864.0984115742001,303.0569904268348,107.12989093098601
6,0.0,0.4,1.0,960.1091121402002,321.6762446570806,147.077439347454
6,0.0,0.45,0.0,20.749121283,124.8821332883063,0.0
6,0.0,0.45,0.5,480.04108304900006,226.6552452451238,0.0
6,0.0,0.45,0.6,576.0363079196001,244.4678577507031,-69.503503778478
6,0.0,0.45,0.7,672.0521667772,263.6054941075025,-40.17545652674401
6,0.0,0.45,0.8,768.0641704559999,283.081702508573,-7.25146377879
6,0.0,0.45,0.9,864.0710642586001,302.0576617925248,27.491629872630003
6,0.0,0.45,1.0,960.0819658716001,320.7984164024313,64.275826636098
6,0.0,0.5,0.0,26.7264036864,125.640088778554,0.0
6,0.0,0.5,0.5,480.06106712080003,225.3071639009344,0.0
6,0.0,0.5,0.6,576.0495803040001,242.9922946928241,-139.96675328004602
6,0.0,0.5,0.7,672.0796642626001,262.3385511851583,-113.899708120506
6,0.0,0.5,0.8,768.0729352846,281.8276663553479,-84.18576621840002
6,0.0,0.5,0.9,864.0991123665999,300.940231635943,-52.43602036873201
6,0.0,0.5,1.0,960.1018998868002,319.6539160894493,-18.887068724370003
6,0.0,0.55,0.0,34.0580707984,126.386208385376,0.0
6,0.0,0.55,0.5,480.05215212240006,223.6322603133448,0.0
6,0.0,0.55,0.6,576.0714673472,241.3308971773565,-211.115058019866
6,0.0,0.55,0.7,672.0714000000002,260.7428009744172,-188.207895346548
6,0.0,0.55,0.8,768.0845549806,280.3962486771297,-161.689442597298
6,0.0,0.55,0.9,864.1002144324001,299.5706057932505,-133.020767006358
6,0.0,0.55,1.0,960.1084105272001,318.383946242493,-102.41058617328
6,761.9999756160008,0.0,0.0,0.0,114.3782066344915,0.0
6,761.9999756160008,0.0,0.5,480.06687696880005,219.0572429447519,480.655924414512
6,761.9999756160008,0.0,0.6,576.0708166114001,237.1248492873084,538.783345302048
6,761.9999756160008,0.0,0.7,672.0813169510001,256.1771923354804,601.804708509312
6,761.9999756160008,0.0,0.8,768.093219696,275.2873585327044,666.32053885551
6,761.9999756160008,0.0,0.9,864.0885947364001,294.2645744348181,732.3698094201721
6,761.9999756160008,0.0,1.0,960.1155226674,313.7029481495964,800.692759169226
6,761.9999756160008,0.05,0.0,0.0,114.3989515944843,0.0
6,761.9999756160008,0.05,0.5,480.0634714788002,219.0040172590946,419.529969100704
6,761.9999756160008,0.05,0.6,576.0578946232001,237.0732222108319,474.16052859252005
6,761.9999756160008,0.05,0.7,672.0981958724001,256.1510363383834,533.734596919524
6,761.9999756160008,0.05,0.8,768.0851056032001,275.2351892297016,594.852640184418
6,761.9999756160008,0.05,0.9,864.1027189036,294.1966997439899,657.693503965344
6,761.9999756160008,0.05,1.0,960.1111152248001,313.5921846972694,722.9491231176061
6,761.9999756160008,0.1,0.0,0.22929451380000002,114.5284258386102,0.0
6,761.9999756160008,0.1,0.5,480.0382281816,218.8608867662161,358.428469210812
6,761.9999756160008,0.1,0.6,576.0661580652,236.9383299120022,409.58366244041406
6,761.9999756160008,0.1,0.7,672.0740045844001,256.0221974209381,465.54409692436803
6,761.9999756160008,0.1,0.8,768.0652725218,275.0781671645651,523.436333748174
6,761.9999756160008,0.1,0.9,864.0811822566001,294.0320247526082,583.0422459925139
6,761.9999756160008,0.1,1.0,960.0984943968002,313.3227140202304,645.32486261166
6,761.9999756160008,0.15,0.0,0.0,120.5367668654631,0.0
6,761.9999756160008,0.15,0.5,480.0672774216002,218.6150878560283,297.328197474462
6,761.9999756160008,0.15,0.6,576.0706163850001,236.6986278923161,344.983989819546
6,761.9999756160008,0.15,0.7,672.0745051504001,255.828568281593,397.41571409740203
6,761.9999756160008,0.15,0.8,768.0841545278,274.8269141759957,451.99818966548406
6,761.9999756160008,0.15,0.9,864.0762734274,293.7469347702985,508.39166325948
6,761.9999756160008,0.15,1.0,960.1115164982,313.0140949622607,567.5018956700941
6,761.9999756160008,0.2,0.0,4.380607338800001,114.8631438172004,0.0
6,761.9999756160008,0.2,0.5,480.03872874760003,218.2726173012792,236.151599175954
6,761.9999756160008,0.2,0.6,576.0448725218,236.3728185224531,280.331173869516
6,761.9999756160008,0.2,0.7,672.0659906048,255.5539864528713,329.254405990818
6,761.9999756160008,0.2,0.8,768.0694789174,274.4814311996734,380.519653521084
6,761.9999756160008,0.2,0.9,864.0758729746001,293.3671006441077,433.67552354973003
6,761.9999756160008,0.2,1.0,960.0967908312002,312.5639304532341,489.6492866800921
6,761.9999756160008,0.25,0.0,7.175242698800001,115.1923075996553,0.0
6,761.9999756160008,0.25,0.5,480.0478948496,217.8331892517464,174.881568240456
6,761.9999756160008,0.25,0.6,576.0523851148,235.921726286764,215.62497483126603
6,761.9999756160008,0.25,0.7,672.0541206258,255.1101321693732,261.09152721775206
6,761.9999756160008,0.25,0.8,768.0679763987999,274.0370632278872,308.957906304432
6,761.9999756160008,0.25,0.9,864.076573767,292.879471978046,358.86997817655606
6,761.9999756160008,0.25,1.0,960.0776585422,311.9929509501043,411.690806940336
6,761.9999756160008,0.3,0.0,10.5291177794,115.6351981328132,0.0
6,761.9999756160008,0.3,0.5,480.0605665548,217.2911213231425,113.439493055196
6,761.9999756160008,0.3,0.6,576.0686625364,235.3366404728295,150.769728840654
6,761.9999756160008,0.3,0.7,672.0737543014001,254.54549189785,192.823154459166
6,761.9999756160008,0.3,0.8,768.0608642586001,273.5264481805316,237.28270901596804
6,761.9999756160008,0.3,0.9,864.1008151116001,292.3076358599292,283.967746293462
6,761.9999756160008,0.3,1.0,960.1048048108,311.3506702961989,333.703208707638
6,761.9999756160008,0.35,0.0,14.180721310800001,116.0997898908646,0.0
6,761.9999756160008,0.35,0.5,480.0515506226,216.6313509397623,51.77907076372801
6,761.9999756160008,0.35,0.6,576.061450283,234.6271709814933,85.659853837404
6,761.9999756160008,0.35,0.7,672.0821186772,253.9028402468475,124.373949547386
6,761.9999756160008,0.35,0.8,768.0757400954,272.993303831534,165.56420830580402
6,761.9999756160008,0.35,0.9,864.1199482212,291.6331743657807,208.916677858812
6,761.9999756160008,0.35,1.0,960.1229359678,310.616843184614,255.475758449142
6,761.9999756160008,0.4,0.0,18.4238289136,116.5604840741178,0.0
6,761.9999756160008,0.4,0.5,480.063571592,215.8033223786628,0.0
6,761.9999756160008,0.4,0.6,576.0517335584,233.8090217970607,20.244124564818
6,761.9999756160008,0.4,0.7,672.0573258894,253.1159301407965,55.690568538528005
6,761.9999756160008,0.4,0.8,768.0684777854001,272.2024245711694,93.62840760042002
6,761.9999756160008,0.4,0.9,864.1056238276001,290.8605132617255,133.66394269813202
6,761.9999756160008,0.4,1.0,960.1032021790002,309.789871006169,176.98766562939002
6,761.9999756160008,0.45,0.0,23.386514912200003,117.1981672646285,0.0
6,761.9999756160008,0.45,0.5,480.0448898124001,214.7410309053797,0.0
6,761.9999756160008,0.45,0.6,576.0604483304002,232.8503414386284,-45.501160872552006
6,761.9999756160008,0.45,0.7,672.0681446798,252.143700201125,-13.368549165510002
6,761.9999756160008,0.45,0.8,768.1027361942,271.309205317155,21.453797087184004
6,761.9999756160008,0.45,0.9,864.0984115742001,290.107583308446,58.343419333584
6,761.9999756160008,0.45,1.0,960.1142211958,308.8777486781275,98.296120123278
6,761.9999756160008,0.5,0.0,29.5034691798,117.8527694198494,0.0
6,761.9999756160008,0.5,0.5,480.03807801180005,213.4476321005171,0.0
6,761.9999756160008,0.5,0.6,576.0453230312,231.7251296998095,-111.77322631860001
6,761.9999756160008,0.5,0.7,672.0575761724001,251.0232141138529,-82.89064650358802
6,761.9999756160008,0.5,0.8,768.068277559,270.2639039202577,-51.120927256476
6,761.9999756160008,0.5,0.9,864.0874926706,289.0306147595936,-17.381215476702
6,761.9999756160008,0.5,1.0,960.0899798511999,307.9058331269165,19.396488220032
6,761.9999756160008,0.55,0.0,36.50216881520001,118.568471007439,0.0
6,761.9999756160008,0.55,0.5,480.05645945180004,212.0101891113127,0.0
6,761.9999756160008,0.55,0.6,576.0589458118001,230.2373302874898,-178.593566906832
6,761.9999756160008,0.55,0.7,672.0684950760001,249.7544152703438,-152.917681310856
6,761.9999756160008,0.55,0.8,768.0814998868001,269.0068413102604,-124.27106844629401
6,761.9999756160008,0.55,0.9,864.0837860204001,287.9069875947564,-93.406884909954
6,761.9999756160008,0.55,1.0,960.0958898124,306.82409588524,-59.58063968241001
6,1523.999951232002,0.0,0.0,3.7249208590000005,106.3861282235326,0.0
6,1523.999951232002,0.0,0.5,480.0477947364,207.4705797430827,467.43375060043206
6,1523.999951232002,0.0,0.6,576.0692139796,225.8293865258097,528.7384095941641
6,1523.999951232002,0.0,0.7,672.0771097348,244.5684845143791,593.278543679976
6,1523.999951232002,0.0,0.8,768.0727350582001,263.584649029756,658.9267707362341
6,1523.999951232002,0.0,0.9,864.1178442028,283.1323017406332,727.1360844778801
6,1523.999951232002,0.0,1.0,960.1067077822,303.975851521818,794.9667159130621
6,1523.999951232002,0.05,0.0,0.0,112.7700352725211,0.0
6,1523.999951232002,0.05,0.5,480.0523523488002,207.4357570105234,410.00188052623804
6,1523.999951232002,0.05,0.6,576.0733210826,225.79763375914,467.77305370488
6,1523.999951232002,0.05,0.7,672.0661908312001,244.5300785954822,528.8550695015281
6,1523.999951232002,0.05,0.8,768.0785949628001,263.5364488810669,591.3253489605002
6,1523.999951232002,0.05,0.9,864.1293637856,283.0559465146512,656.506975531638
6,1523.999951232002,0.05,1.0,960.1153224410001,303.8536662244398,721.7304914353381
6,1523.999951232002,0.1,0.0,4.850777494200001,106.5380751606641,0.0
6,1523.999951232002,0.1,0.5,480.05916414940003,207.3173551349905,352.61603929813805
6,1523.999951232002,0.1,0.6,576.0595973682001,225.6920099967341,406.77656338935003
6,1523.999951232002,0.1,0.7,672.0945392788,244.4086642983761,464.4735189069361
6,1523.999951232002,0.1,0.8,768.0901646022,263.3709743511748,523.761261095226
6,1523.999951232002,0.1,0.9,864.1052225542,282.80520768221,585.8797357274401
6,1523.999951232002,0.1,1.0,960.1162242803999,303.5019867077021,648.7425154434841
6,1523.999951232002,0.15,0.0,6.2033970921999995,106.7355878396081,0.0
6,1523.999951232002,0.15,0.5,480.05931431920004,207.1330631457861,295.21277884051807
6,1523.999951232002,0.15,0.6,576.0569427272001,225.4801056246031,345.84159329088607
6,1523.999951232002,0.15,0.7,672.0704481040001,244.2049265407784,400.07972592126004
6,1523.999951232002,0.15,0.8,768.0746880862001,263.1060155228159,456.2163637406762
6,1523.999951232002,0.15,0.9,864.0863906048,282.4709753215096,515.2205394659401
6,1523.999951232002,0.15,1.0,960.1021001132,302.8939145124739,575.7782804914141
6,1523.999951232002,0.2,0.0,8.142866318400001,107.0172153382927,0.0
6,1523.999951232002,0.2,0.5,480.0484955288,206.8442182798694,237.76637153854202
6,1523.999951232002,0.2,0.6,576.0619516696,225.1783680247664,284.88670361844004
6,1523.999951232002,0.2,0.7,672.0683449062,243.9027608673682,335.604028305546
6,1523.999951232002,0.2,0.8,768.0967261198,262.8334893829266,388.59381380958604
6,1523.999951232002,0.2,0.9,864.0919001131999,282.0355444966887,444.48701789646003
6,1523.999951232002,0.2,1.0,960.1091121402002,302.0568907922526,502.73064853149606
6,1523.999951232002,0.25,0.0,10.534405725800001,107.3923598366144,0.0
6,1523.999951232002,0.25,0.5,480.0506996604,206.4822303772113,180.24632395446602
6,1523.999951232002,0.25,0.6,576.0618507358,224.7767180528894,223.85669107216802
6,1523.999951232002,0.25,0.7,672.0782118006001,243.5443706540869,271.13571918325204
6,1523.999951232002,0.25,0.8,768.0822006792,262.4129644074209,320.8239588490861
6,1523.999951232002,0.25,0.9,864.1142384864,281.4856669154495,373.673382550314
6,1523.999951232002,0.25,1.0,960.1225346944001,301.2633275339744,429.200626239924
6,1523.999951232002,0.3,0.0,13.5718812438,107.8756123275878,0.0
6,1523.999951232002,0.3,0.5,480.02951340960016,206.0194164110496,122.54600202398402
6,1523.999951232002,0.3,0.6,576.033853505,224.2983699283317,162.70033039537202
6,1523.999951232002,0.3,0.7,672.0440034484001,243.1173071471469,206.568188955282
6,1523.999951232002,0.3,0.8,768.071182483,261.9238512851311,253.079038830618
6,1523.999951232002,0.3,0.9,864.0636517788,280.911089722943,302.73491102362203
6,1523.999951232002,0.3,1.0,960.0759557972001,300.3179394447972,355.279527566502
6,1523.999951232002,0.35,0.0,17.120698060400002,108.4367190038102,0.0
6,1523.999951232002,0.35,0.5,480.05440549,205.4692529795882,64.714879294758
6,1523.999951232002,0.35,0.6,576.066258999,223.7460366550849,101.412542610456
6,1523.999951232002,0.35,0.7,672.05642405,242.5750249478364,141.92886801508803
6,1523.999951232002,0.35,0.8,768.0610152490001,261.3717177795518,185.07258082420802
6,1523.999951232002,0.35,0.9,864.0796789174,280.2605853780277,231.572083735146
6,1523.999951232002,0.35,1.0,960.0881761724002,299.4770607232151,281.07837074116804
6,1523.999951232002,0.4,0.0,21.349747964600002,109.0876799605371,0.0
6,1523.999951232002,0.4,0.5,480.0400310398,204.8165928280867,6.585701805144001
6,1523.999951232002,0.4,0.6,576.0564421612,223.061652275152,39.86713616424
6,1523.999951232002,0.4,0.7,672.059530021,241.8641276089086,77.102070170664
6,1523.999951232002,0.4,0.8,768.0764909444001,260.7375181254649,117.03304585387801
6,1523.999951232002,0.4,0.9,864.0869921046,279.5801556493695,160.281019601934
6,1523.999951232002,0.4,1.0,960.0812642586001,298.5994612423115,206.6581181742
6,1523.999951232002,0.45,0.0,26.624623027200002,109.7018986373038,0.0
6,1523.999951232002,0.45,0.5,480.05089988680004,204.0496281435181,0.0
6,1523.999951232002,0.45,0.6,576.0467254366,222.2749849780459,-22.000956615792
6,1523.999951232002,0.45,0.7,672.067042614,241.1114544997732,12.034789098024001
6,1523.999951232002,0.45,0.8,768.1041385996,260.0380426315886,48.86613521420401
6,1523.999951232002,0.45,0.9,864.0793785778001,278.8365918523088,88.80756243513001
6,1523.999951232002,0.45,1.0,960.1031020658,297.7325692148236,132.014552063394
6,1523.999951232002,0.5,0.0,32.4529107298,110.3220991159394,0.0
6,1523.999951232002,0.5,0.5,480.06226929980005,203.0080245537513,0.0
6,1523.999951232002,0.5,0.6,576.0829368734,221.3488134156763,-84.23332658664002
6,1523.999951232002,0.5,0.7,672.0885292044001,240.2234039417581,-53.403227980872
6,1523.999951232002,0.5,0.8,768.1000314966001,259.0921403862832,-19.685207056284
6,1523.999951232002,0.5,0.9,864.1286629932001,278.009276747165,17.199634688082003
6,1523.999951232002,0.5,1.0,960.1267419106,296.8249016589858,57.180857019594
6,1523.999951232002,0.55,0.0,38.9901919088,111.0263648232786,0.0
6,1523.999951232002,0.55,0.5,480.0581121401999,201.7453366359431,0.0
6,1523.999951232002,0.55,0.6,576.0793311570001,220.2699178339835,-147.025064225886
6,1523.999951232002,0.55,0.7,672.0933370998001,239.1871828508573,-119.29683130734601
6,1523.999951232002,0.55,0.8,768.0825018394,258.1215951383471,-88.554161576034
6,1523.999951232002,0.55,0.9,864.1113335624001,277.0355333451874,-54.685136482284
6,1523.999951232002,0.55,1.0,960.1200310438,295.8479886412048,-17.873910554808003
6,2285.999926848002,0.0,0.0,6.6393071976,98.93150671042366,0.0
6,2285.999926848002,0.0,0.5,480.05004810400004,197.6323051567632,455.73016172930403
6,2285.999926848002,0.0,0.6,576.0509326528,215.7884740736642,519.046511759622
6,2285.999926848002,0.0,0.7,672.0802148852,234.3905094537785,585.087757735404
6,2285.999926848002,0.0,0.8,768.0771925574,253.8149200167831,652.64703084735
6,2285.999926848002,0.0,0.9,864.0991123665999,274.5728344983217,721.7151077112901
6,2285.999926848002,0.0,1.0,960.0975925574002,296.7509165102966,789.9219602528101
6,2285.999926848002,0.05,0.0,6.892779869800001,98.97329604799057,0.0
6,2285.999926848002,0.05,0.5,480.055357386,197.5964835858659,401.913236833416
6,2285.999926848002,0.05,0.6,576.0518336716001,215.7543081884242,461.697965297646
6,2285.999926848002,0.05,0.7,672.0799145456,234.344136688016,524.3924928714781
6,2285.999926848002,0.05,0.8,768.078444793,253.7458747903475,588.880545418242
6,2285.999926848002,0.05,0.9,864.10291913,274.4623564283771,655.256015520876
6,2285.999926848002,0.05,1.0,960.1001971418001,296.580730364057,721.091161674576
6,2285.999926848002,0.1,0.0,7.7005465064,99.0927332533793,0.0
6,2285.999926848002,0.1,0.5,480.05089988680004,197.4814936672412,348.105863155512
6,2285.999926848002,0.1,0.6,576.0492299078,215.6602063888234,404.345049349164
6,2285.999926848002,0.1,0.7,672.0602308134,234.2161833916357,463.69669955901605
6,2285.999926848002,0.1,0.8,768.0535518920001,253.5334567299283,525.16882780824
6,2285.999926848002,0.1,0.9,864.0687608344001,274.1226985275334,588.9768992013061
6,2285.999926848002,0.1,1.0,960.0851711352,296.1166027032569,652.4243876502661
6,2285.999926848002,0.15,0.0,8.9113212914,99.32324128195592,0.0
6,2285.999926848002,0.15,0.5,480.0635215354,197.2938037563277,294.31431846847806
6,2285.999926848002,0.15,0.6,576.0639046976,215.5048830506214,346.97802186755405
6,2285.999926848002,0.15,0.7,672.0693969154001,234.0447551302731,403.00132215512406
6,2285.999926848002,0.15,0.8,768.080648104,253.2329472100154,461.44433935861804
6,2285.999926848002,0.15,0.9,864.0773754932001,273.5558594081466,522.748137176958
6,2285.999926848002,0.15,1.0,960.0982933498001,295.3655857476186,583.8313860201902
6,2285.999926848002,0.2,0.0,10.6999847526,99.62856206813028,0.0
6,2285.999926848002,0.2,0.5,480.0449398690001,197.0384964665699,240.47289900433802
6,2285.999926848002,0.2,0.6,576.0701650550001,215.2818136775832,289.61422379366405
6,2285.999926848002,0.2,0.7,672.0629855676,233.7934024917899,342.25853117425214
6,2285.999926848002,0.2,0.8,768.0814498302001,252.7970026969065,397.6728483475442
6,2285.999926848002,0.2,0.9,864.087692897,272.7999600745714,456.485109179484
6,2285.999926848002,0.2,1.0,960.0988948496001,294.3020666622516,515.118402107232
6,2285.999926848002,0.25,0.0,12.9543797438,100.0302906371224,0.0
6,2285.999926848002,0.25,0.5,480.05200195260005,196.7250516392997,186.55454134779
6,2285.999926848002,0.25,0.6,576.062652462,214.9960673157943,232.19537899727402
6,2285.999926848002,0.25,0.7,672.0808664416,233.4686359372222,281.49974483908204
6,2285.999926848002,0.25,0.8,768.1016341284001,252.2875871912366,333.826699301634
6,2285.999926848002,0.25,0.9,864.1021174038001,272.1618768808854,389.608581789966
6,2285.999926848002,0.25,1.0,960.1055056032,292.9547993596117,446.22853961901615
6,2285.999926848002,0.3,0.0,15.716186180200003,100.5189186093622,0.0
6,2285.999926848002,0.3,0.5,480.06226929980005,196.3428900092534,132.580001782998
6,2285.999926848002,0.3,0.6,576.0587455854001,214.5871068765309,174.73899967570202
6,2285.999926848002,0.3,0.7,672.0895812136001,233.0858745363331,220.66151507400002
6,2285.999926848002,0.3,0.8,768.0953237144,251.7667213022771,269.813643700062
6,2285.999926848002,0.3,0.9,864.1063246200001,271.3703122349633,322.6176746506559
6,2285.999926848002,0.3,1.0,960.1090120270001,291.6451674434365,376.8854835807601
6,2285.999926848002,0.35,0.0,19.2483653318,101.062164091173,0.0
6,2285.999926848002,0.35,0.5,480.0283112306,195.8734794995011,78.38673834776401
6,2285.999926848002,0.35,0.6,576.0471258894,214.0557613722217,117.15907593667201
6,2285.999926848002,0.35,0.7,672.0526681638,232.6425344089631,159.70250546019003
6,2285.999926848002,0.35,0.8,768.0684777854001,251.2531649450241,205.59687118786204
6,2285.999926848002,0.35,0.9,864.0827848884,270.5260075212737,255.35764530830403
6,2285.999926848002,0.35,1.0,960.0805634662,290.1845663756691,306.92340390604204
6,2285.999926848002,0.4,0.0,23.634336112200003,101.5752418481357,0.0
6,2285.999926848002,0.4,0.5,480.06612611980006,195.3288557611358,24.046693438614003
6,2285.999926848002,0.4,0.6,576.0568426140001,213.4653075624603,59.387452598166
6,2285.999926848002,0.4,0.7,672.0705982738,232.1333186709607,98.69992820041202
6,2285.999926848002,0.4,0.8,768.0856570464001,250.6988330594212,141.30894895194
6,2285.999926848002,0.4,0.9,864.0931022922001,269.6988926516375,187.87725292644
6,2285.999926848002,0.4,1.0,960.1091121402002,289.0695062963803,236.52171865891802
6,2285.999926848002,0.45,0.0,28.551573179800002,102.2287515970244,0.0
6,2285.999926848002,0.45,0.5,480.03231822039993,194.6970121491427,0.0
6,2285.999926848002,0.45,0.6,576.0340537314,212.8254826005625,1.3746756846900001
6,2285.999926848002,0.45,0.7,672.0535691826001,231.4315446793069,37.46795045254801
6,2285.999926848002,0.45,0.8,768.0453885632,250.0787682543773,76.873305778038
6,2285.999926848002,0.45,0.9,864.0534344882,268.9616390801053,120.13778375676
6,2285.999926848002,0.45,1.0,960.0766565896001,287.881031365327,165.71954281713602
6,2285.999926848002,0.5,0.0,34.293466473200006,102.9072468074027,0.0
6,2285.999926848002,0.5,0.5,480.0376275024,193.9664121976776,0.0
6,2285.999926848002,0.5,0.6,576.0606994340001,212.0806336471015,-56.945036860404
6,2285.999926848002,0.5,0.7,672.0683449062,230.6202058413318,-24.03687310332
6,2285.999926848002,0.5,0.8,768.0725348318001,249.3983385257189,12.338847620946002
6,2285.999926848002,0.5,0.9,864.1007149984001,268.2377208191055,52.396151862516
6,2285.999926848002,0.5,1.0,960.0897788042,286.8068899734192,94.66583525830201
6,2285.999926848002,0.55,0.0,41.3760338904,103.7638159459312,0.0
6,2285.999926848002,0.55,0.5,480.040582483,192.9833311777194,0.0
6,2285.999926848002,0.55,0.6,576.0307984112001,211.2344154679307,-115.66575866260801
6,2285.999926848002,0.55,0.7,672.0649385956001,229.7863091634764,-85.88081382804
6,2285.999926848002,0.55,0.8,768.0605639190002,248.4865586565363,-52.561673687292
6,2285.999926848002,0.55,0.9,864.0708640322,267.4021249464755,-15.599781210552
6,2285.999926848002,0.55,1.0,960.0822662112,285.8840026476458,23.468844750582
6,3047.999902464003,0.0,0.0,8.926431819800001,91.98993394819922,0.0
6,3047.999902464003,0.0,0.5,471.96911164700003,187.0018240480813,439.9526114098501
6,3047.999902464003,0.0,0.6,566.3640557366001,204.6731198763495,503.92878326082604
6,3047.999902464003,0.0,0.7,660.7605031654001,223.1508426907376,569.9938877094
6,3047.999902464003,0.0,0.8,755.1677176868001,242.8493499324141,638.713031962236
6,3047.999902464003,0.0,0.9,849.5811441502002,264.5184155062143,706.4312212922581
6,3047.999902464003,0.0,1.0,943.9508449426,286.8281916629774,774.159045021978
6,3047.999902464003,0.05,0.0,9.1451660322,92.05385351991292,0.0
6,3047.999902464003,0.05,0.5,472.80689090800007,187.1265080787445,390.32884246540806
6,3047.999902464003,0.05,0.6,567.3675182406001,204.8391366327679,450.99234170067
6,3047.999902464003,0.05,0.7,661.9269926302001,223.3318509111857,514.0360269655381
6,3047.999902464003,0.05,0.8,756.4899742642001,243.0412087653089,579.9891003244801
6,3047.999902464003,0.05,0.9,851.0674796976001,264.7266080360156,645.4227479168701
6,3047.999902464003,0.05,1.0,945.6160860608002,287.061568954096,711.08810551317
6,3047.999902464003,0.1,0.0,9.834757242200002,92.18048610405515,0.0
6,3047.999902464003,0.1,0.5,475.54446174400005,187.5498316729566,341.76490152512406
6,3047.999902464003,0.1,0.6,570.6398010632,205.3861589866643,399.434573440518
6,3047.999902464003,0.1,0.7,665.7386960422,223.9307281796244,459.76974466453805
6,3047.999902464003,0.1,0.8,760.848109472,243.7015073400163,523.3426319938741
6,3047.999902464003,0.1,0.9,855.9843680102,265.4652033725847,586.823388235392
6,3047.999902464003,0.1,1.0,951.0804089424,287.8348012907557,650.800939924212
6,3047.999902464003,0.15,0.0,10.974607569200002,92.39129152009436,0.0
6,3047.999902464003,0.15,0.5,479.89007541640007,188.2189817799147,293.917414473606
6,3047.999902464003,0.15,0.6,575.855549434,206.2438275491246,348.7825219336921
6,3047.999902464003,0.15,0.7,671.8271836958,224.8938778132995,406.726502676648
6,3047.999902464003,0.15,0.8,767.8139432568,244.7338163530799,468.21046230142804
6,3047.999902464003,0.15,0.9,863.7970971014001,266.5746100736642,529.8863368195321
6,3047.999902464003,0.15,1.0,959.7703339950001,289.0561139093713,592.4755905947341
6,3047.999902464003,0.2,0.0,12.587967893600002,92.67804467350086,0.0
6,3047.999902464003,0.2,0.5,480.03522314440005,188.0182138704527,243.55723781512202
6,3047.999902464003,0.2,0.6,576.0436703428,206.0803520994285,294.945286020462
6,3047.999902464003,0.2,0.7,672.0465579762001,224.5524781442438,349.784861587392
6,3047.999902464003,0.2,0.8,768.0710323132,244.2963583776649,408.30007562559604
6,3047.999902464003,0.2,0.9,864.0704635794001,265.6483533644198,467.827669839684
6,3047.999902464003,0.2,1.0,960.076856816,287.9849418977592,528.2952565663079
6,3047.999902464003,0.25,0.0,14.736767256200002,93.06313311040552,0.0
6,3047.999902464003,0.25,0.5,480.0617687338,187.7090666211558,193.06591784495401
6,3047.999902464003,0.25,0.6,576.0573431800001,205.8292132638121,240.96927365002804
6,3047.999902464003,0.25,0.7,672.0645381428001,224.192018206931,292.59341602491
6,3047.999902464003,0.25,0.8,768.1014839586,243.7692674100518,348.02847480324004
6,3047.999902464003,0.25,0.9,864.1016168378001,264.4697016692371,405.32319291017404
6,3047.999902464003,0.25,1.0,960.1043042448,286.6048083693187,463.66370088376806
6,3047.999902464003,0.3,0.0,17.724072931400002,93.45635962360518,0.0
6,3047.999902464003,0.3,0.5,480.0509499434,187.3221648365236,142.471359581628
6,3047.999902464003,0.3,0.6,576.0400638058001,205.525191669237,186.93580228738801
6,3047.999902464003,0.3,0.7,672.0521667772,223.7967355370589,235.23465778428002
6,3047.999902464003,0.3,0.8,768.0921176302002,243.1001458413318,287.63256624887407
6,3047.999902464003,0.3,0.9,864.0874926706,263.2240889746893,342.442905889854
6,3047.999902464003,0.3,1.0,960.097392331,284.9737647790076,398.5708096293
6,3047.999902464003,0.35,0.0,21.288325234000002,93.94470923106232,0.0
6,3047.999902464003,0.35,0.5,480.0460419348001,186.90966378436,91.754656310856
6,3047.999902464003,0.35,0.6,576.0516334452001,205.1735406907376,132.876412481274
6,3047.999902464003,0.35,0.7,672.0613328792,223.3998252519278,177.792482963634
6,3047.999902464003,0.35,0.8,768.0990796006,242.2830820456319,227.06328743036403
6,3047.999902464003,0.35,0.9,864.0968089424001,261.9361868216457,279.021697969476
6,3047.999902464003,0.35,1.0,960.1091121402002,283.1326727377302,332.95394207922004
6,3047.999902464003,0.4,0.0,25.354144668600004,94.47732538873267,0.0
6,3047.999902464003,0.4,0.5,480.05836242320004,186.4416525839608,40.857228533814
6,3047.999902464003,0.4,0.6,576.0594471984,204.6467926498231,78.657015308718
6,3047.999902464003,0.4,0.7,672.0841217618,222.9481187423569,120.293304203688
6,3047.999902464003,0.4,0.8,768.0876100744,241.5574215485803,166.25602572809998
6,3047.999902464003,0.4,0.9,864.104121309,261.0115862658986,215.26592340930603
6,3047.999902464003,0.4,1.0,960.1128187904,281.2077727797333,266.673215948832
6,3047.999902464003,0.45,0.0,30.008129973800003,95.06211833484534,0.0
6,3047.999902464003,0.45,0.5,480.0697818928,185.9042536982673,0.0
6,3047.999902464003,0.45,0.6,576.0608496038001,204.021202186882,24.249064762692
6,3047.999902464003,0.45,0.7,672.0738043580001,222.4336206232423,62.670899074014
6,3047.999902464003,0.45,0.8,768.0999313834,240.9315887445341,105.304482896382
6,3047.999902464003,0.45,0.9,864.1063246200001,259.9060345661799,151.21456507495802
6,3047.999902464003,0.45,1.0,960.1118168378,279.3588855888597,199.712655456006
6,3047.999902464003,0.5,0.0,35.960607280400005,95.77407907402704,0.0
6,3047.999902464003,0.5,0.5,480.06196896020003,185.3015780371042,0.0
6,3047.999902464003,0.5,0.6,576.054187973,203.3779648002359,-30.442530535032002
6,3047.999902464003,0.5,0.7,672.0686452458001,221.8038467352808,4.912677777546
6,3047.999902464003,0.5,0.8,768.0740874070001,240.3410207818199,44.27308561922399
6,3047.999902464003,0.5,0.9,864.0872924442001,258.8784657077021,86.870460930792
6,3047.999902464003,0.5,1.0,960.0964904916,278.1221534326409,132.48193543523402
6,3047.999902464003,0.55,0.0,43.917504303200005,96.66851892252564,0.0
6,3047.999902464003,0.55,0.5,480.0545056032,184.5743905103874,0.0
6,3047.999902464003,0.55,0.6,576.0738216486001,202.6896112659893,-85.410930111738
6,3047.999902464003,0.55,0.7,672.0902319494002,220.9917799383108,-53.21325073218
6,3047.999902464003,0.55,0.8,768.101433902,239.6712704361789,-16.836556292556
6,3047.999902464003,0.55,0.9,864.1127359678002,258.1118009085549,22.398119941890002
6,3047.999902464003,0.55,1.0,960.1187287516001,276.6724890598748,64.83713684217001
6,3809.999878080004,0.0,0.0,11.386807258200001,85.85850048226436,0.0
6,3809.999878080004,0.0,0.5,446.45508291560014,173.7697115277148,414.74862057043805
6,3809.999878080004,0.0,0.6,535.7529817068,190.6841648570262,476.46877711864204
6,3809.999878080004,0.0,0.7,625.0328986902,208.3514915309807,540.0999356851561
6,3809.999878080004,0.0,0.8,714.3341529148001,227.0695306389368,605.607052303176
6,3809.999878080004,0.0,0.9,803.6340547906001,247.5349454887055,669.97158000465
6,3809.999878080004,0.0,1.0,892.9270948092001,268.7583298639209,734.7176279769482
6,3809.999878080004,0.05,0.0,11.6260581118,85.88628409462035,0.0
6,3809.999878080004,0.05,0.5,447.28820445100007,173.9048035942121,369.06155346013804
6,3809.999878080004,0.05,0.6,536.7509338818,190.8405876191599,427.70111926773
6,3809.999878080004,0.05,0.7,626.216267897,208.5386962918444,488.55597558952803
6,3809.999878080004,0.05,0.8,715.6664257358002,227.2786794336388,551.6058554455681
6,3809.999878080004,0.05,0.9,805.1365184104001,247.7496480117028,613.8969125621641
6,3809.999878080004,0.05,1.0,894.5921357010001,268.9915644638484,676.7410204299359
6,3809.999878080004,0.1,0.0,12.417942856,85.99621947019868,0.0
6,3809.999878080004,0.1,0.5,449.7539613841999,174.2918766082736,324.30028904057406
6,3809.999878080004,0.1,0.6,539.707778885,191.305829206931,380.13544207716006
6,3809.999878080004,0.1,0.7,629.6737667044001,209.1093043300372,438.51458551038604
6,3809.999878080004,0.1,0.8,719.6370506468,227.8868087053434,499.50222920598003
6,3809.999878080004,0.1,0.9,809.5732375566,248.380991970607,559.92875352414
6,3809.999878080004,0.1,1.0,899.5251520860002,269.682930419668,621.1488558590701
6,3809.999878080004,0.15,0.0,13.592337981200002,86.16957523224167,0.0
6,3809.999878080004,0.15,0.5,453.85285428119994,174.9349282624513,280.27370019818403
6,3809.999878080004,0.15,0.6,544.6240156412001,192.0969082349633,333.533615871918
6,3809.999878080004,0.15,0.7,635.4020897356,210.0537221191146,389.70358998648004
6,3809.999878080004,0.15,0.8,726.1765072364001,228.912735913363,448.87829311848606
6,3809.999878080004,0.15,0.9,816.9510248504001,249.415985449424,507.74333519448004
6,3809.999878080004,0.15,1.0,907.7266437096001,270.8320567342828,567.6161677729622
6,3809.999878080004,0.2,0.0,15.250507168600002,86.41504525092986,0.0
6,3809.999878080004,0.2,0.5,459.64934373380004,175.8417962797787,236.84509980469804
6,3809.999878080004,0.2,0.6,551.5763768152001,193.2278879727842,287.71250876907004
6,3809.999878080004,0.2,0.7,643.5014576892,211.3933795367867,341.95920911598597
6,3809.999878080004,0.2,0.8,735.4506289174001,230.3358297828178,399.49049601753603
6,3809.999878080004,0.2,0.9,827.3654424442001,250.8798127416312,457.0409293924321
6,3809.999878080004,0.2,1.0,919.2972842416,272.4457102450331,515.7977520585121
6,3809.999878080004,0.25,0.0,17.4726845832,86.72155856119025,0.0
6,3809.999878080004,0.25,0.5,467.1078181638,176.9842694421664,193.82158946535
6,3809.999878080004,0.25,0.6,560.521588066,194.6814639555475,242.48048477868602
6,3809.999878080004,0.25,0.7,653.9524379366,213.106046698993,295.012873609608
6,3809.999878080004,0.25,0.8,747.3618504528001,232.1617020541595,350.922033906444
6,3809.999878080004,0.25,0.9,840.7932509460001,252.7702469289667,407.484503385036
6,3809.999878080004,0.25,1.0,934.2154361012,274.5238633493605,465.40776209512205
6,3809.999878080004,0.3,0.0,20.2213614196,87.11333617399984,0.0
6,3809.999878080004,0.3,0.5,476.1974755296,178.3636319703348,150.976993206732
6,3809.999878080004,0.3,0.6,571.4181787314001,196.4448014614896,197.61430375255802
6,3809.999878080004,0.3,0.7,666.6760452660001,215.1726923435544,248.58524948565002
6,3809.999878080004,0.3,0.8,761.9161310398,234.4531012956545,302.954378636448
6,3809.999878080004,0.3,0.9,857.1526611538001,255.126893939853,358.748317580268
6,3809.999878080004,0.3,1.0,952.3910441826,277.0422155034927,416.02056194529604
6,3809.999878080004,0.35,0.0,23.462808556000002,87.55868193132541,0.0
6,3809.999878080004,0.35,0.5,480.0458909444,178.6665115675406,105.171025175832
6,3809.999878080004,0.35,0.6,576.0434701164,196.9569870476277,148.98855879877203
6,3809.999878080004,0.35,0.7,672.0674430668,215.6466998488615,197.39660742093602
6,3809.999878080004,0.35,0.8,768.0751894728,234.9452558455956,249.33911068050602
6,3809.999878080004,0.35,0.9,864.0831853412,255.0776084024313,303.433524881256
6,3809.999878080004,0.35,1.0,960.0823663244,276.813692052073,359.26662284020205
6,3809.999878080004,0.4,0.0,27.209990651800002,88.09375378100336,0.0
6,3809.999878080004,0.4,0.5,480.0533042448,178.1497144828087,57.44579567172601
6,3809.999878080004,0.4,0.6,576.066258999,196.5423732301551,97.98350856294
6,3809.999878080004,0.4,0.7,672.0709995472,215.0525056585322,142.985593830618
6,3809.999878080004,0.4,0.8,768.0758902652,234.2284333134355,191.93721538160403
6,3809.999878080004,0.4,0.9,864.0796789174,253.5826276465572,243.34432198553404
6,3809.999878080004,0.4,1.0,960.100797821,274.7831112551937,297.16483348120806
6,3809.999878080004,0.45,0.0,32.616495698600005,88.75054028104873,0.0
6,3809.999878080004,0.45,0.5,480.040131153,177.5986804011612,9.5076699102
6,3809.999878080004,0.45,0.6,576.0508325396,196.0388684146784,46.840709408724
6,3809.999878080004,0.45,0.7,672.0742048108,214.5389207630409,88.51148935675201
6,3809.999878080004,0.45,0.8,768.0553555708001,233.4038737857208,134.26049259268802
6,3809.999878080004,0.45,0.9,864.1113335624001,252.3618291840697,182.799757922166
6,3809.999878080004,0.45,1.0,960.0969910576,272.656843616892,234.30922696473604
6,3809.999878080004,0.5,0.0,39.1429679344,89.49356185158305,0.0
6,3809.999878080004,0.5,0.5,480.05185178280004,177.0288003219632,0.0
6,3809.999878080004,0.5,0.6,576.0628026318,195.367176533158,-4.5230154848340005
6,3809.999878080004,0.5,0.7,672.0864760632,213.9817191470562,33.99841180335601
6,3809.999878080004,0.5,0.8,768.0843046976001,232.5115541879706,76.30792945406401
6,3809.999878080004,0.5,0.9,864.0862904915999,251.4270919396716,121.91477514077401
6,3809.999878080004,0.5,1.0,960.1065075557999,270.6799745913998,170.59548852838802
6,3809.999878080004,0.55,0.0,46.51830081360001,90.318827817654,0.0
6,3809.999878080004,0.55,0.5,480.05771168740006,176.3823652491155,0.0
6,3809.999878080004,0.55,0.6,576.0799318362001,194.5692155791527,-56.19057871442401
6,3809.999878080004,0.55,0.7,672.0922859112001,213.3555574515105,-20.617023295638
6,3809.999878080004,0.55,0.8,768.1150066260001,231.8042545384197,18.363019033128
6,3809.999878080004,0.55,0.9,864.1327700962001,250.3682840028123,60.84929782608602
6,3809.999878080004,0.55,1.0,960.1240372130001,269.2901890565182,106.56865901358601
6,4571.999853696005,0.0,0.0,13.979994344800001,79.91484254195773,0.0
6,4571.999853696005,0.0,0.5,421.5531988074,161.4216659080105,390.849310449906
6,4571.999853696005,0.0,0.6,505.87004903380006,177.5761651347183,449.77505560495206
6,4571.999853696005,0.0,0.7,590.1701204520001,194.1369117966978,511.39796294340607
6,4571.999853696005,0.0,0.8,674.4878224612,212.0145297305634,573.4394210945401
6,4571.999853696005,0.0,0.9,758.7999649054,231.2905414547764,634.53599858418
6,4571.999853696005,0.0,1.0,843.1138100946001,251.4188963190602,696.2934792567601
6,4571.999853696005,0.05,0.0,14.228432636,79.94581729075568,0.0
6,4571.999853696005,0.05,0.5,422.31094166800005,161.5404532836796,348.795366168942
6,4571.999853696005,0.05,0.6,506.7828565734002,177.7190528186519,404.89205719347
6,4571.999853696005,0.05,0.7,591.2332348318001,194.3132088686383,463.910383596198
6,4571.999853696005,0.05,0.8,675.7219777814,212.186086180078,523.7869104213902
6,4571.999853696005,0.05,0.9,760.1466121766,231.4737054818108,582.985951544304
6,4571.999853696005,0.05,1.0,844.6305981080002,251.6312006943664,642.98787235683
6,4571.999853696005,0.1,0.0,14.888435471800001,80.0519692444888,0.0
6,4571.999853696005,0.1,0.5,424.63811157020007,161.9027265687199,307.64704567350606
6,4571.999853696005,0.1,0.6,509.5872907179999,178.1638633670507,361.18871738472603
6,4571.999853696005,0.1,0.7,594.4997069858001,194.8578466422027,417.92115646327204
6,4571.999853696005,0.1,0.8,679.4428260026001,212.7222574536877,475.86543078874803
6,4571.999853696005,0.1,0.9,764.3495325356,232.0429432167287,533.50747658901
6,4571.999853696005,0.1,1.0,849.2975603816002,252.286644961535,592.0304950292041
6,4571.999853696005,0.15,0.0,16.0125171492,80.21805758042277,0.0
6,4571.999853696005,0.15,0.5,428.5021044348,162.496392567722,267.252870169362
6,4571.999853696005,0.15,0.6,514.1990085584,178.888352860655,318.4175656865282
6,4571.999853696005,0.15,0.7,599.8919065128,195.7596746195228,373.11752319303
6,4571.999853696005,0.15,0.8,685.6012328792001,213.6107650913545,429.377612462106
6,4571.999853696005,0.15,0.9,771.2785041478,232.9811930036288,485.717370241026
6,4571.999853696005,0.15,1.0,856.9989988802,253.3672968144788,543.0327663434521
6,4571.999853696005,0.2,0.0,17.6405177982,80.46873185094802,0.0
6,4571.999853696005,0.2,0.5,433.92600784280006,163.3446383653271,227.39491824495602
6,4571.999853696005,0.2,0.6,520.7216871604,179.9071412985575,276.402349832994
6,4571.999853696005,0.2,0.7,607.5007378396001,197.0363406599837,329.329514185518
6,4571.999853696005,0.2,0.8,694.3024280522,214.8479969006623,384.113392255362
6,4571.999853696005,0.2,0.9,781.1039672744,234.3672802635399,439.431321394296
6,4571.999853696005,0.2,1.0,867.8734513988002,254.887691105416,495.70384388309407
6,4571.999853696005,0.25,0.0,19.6772281244,80.77460983452781,0.0
6,4571.999853696005,0.25,0.5,440.9125273124002,164.4422662594575,187.952008822116
6,4571.999853696005,0.25,0.6,529.107744033,181.211162409961,234.94614445579202
6,4571.999853696005,0.25,0.7,617.3050147154,198.6503225943936,286.32711732240006
6,4571.999853696005,0.25,0.8,705.4674263098,216.4238442633585,339.724131139932
6,4571.999853696005,0.25,0.9,793.6606399458001,236.1563597282047,394.137048123588
6,4571.999853696005,0.25,1.0,881.8494961958,256.8505689087363,449.7515396451
6,4571.999853696005,0.3,0.0,22.212331501800005,81.15165282745171,0.0
6,4571.999853696005,0.3,0.5,449.5108963818,165.7948159432096,148.78467552471602
6,4571.999853696005,0.3,0.6,539.4091691098,182.8301843843781,193.92684369181202
6,4571.999853696005,0.3,0.7,629.2900122938001,200.6716088145696,243.898874900604
6,4571.999853696005,0.3,0.8,719.2048127264,218.5746543186973,296.02993642668605
6,4571.999853696005,0.3,0.9,809.1095468588001,238.3492454391727,349.75854191447405
6,4571.999853696005,0.3,1.0,899.0110749070001,259.253445526354,404.911061768598
6,4571.999853696005,0.35,0.0,25.607527074800004,81.62432605316158,0.0
6,4571.999853696005,0.35,0.5,459.68435299160006,167.3814428066769,109.68943141510202
6,4571.999853696005,0.35,0.6,551.6148933174001,184.8560825709879,153.25518866889
6,4571.999853696005,0.35,0.7,643.5599073860001,203.0380215170099,201.89181574808404
6,4571.999853696005,0.35,0.8,735.4918492966001,221.1319265478545,252.78557863666805
6,4571.999853696005,0.35,0.9,827.4219382924001,240.9600862806859,306.029817003834
6,4571.999853696005,0.35,1.0,919.3681053040001,262.0928664279235,360.89488531958403
6,4571.999853696005,0.4,0.0,30.2508257062,82.20487849777739,0.0
6,4571.999853696005,0.4,0.5,471.6752605312,169.2400531156673,70.610182659786
6,4571.999853696005,0.4,0.6,566.0134076124,187.2517203007348,112.77052124599801
6,4571.999853696005,0.4,0.7,660.3482493168001,205.8500583415586,160.110717275124
6,4571.999853696005,0.4,0.8,754.7006214990001,224.2391474699265,209.97982334544602
6,4571.999853696005,0.4,0.9,849.0259967618002,244.0999306196136,262.96389866947203
6,4571.999853696005,0.4,1.0,943.3596362872001,265.3681462278872,317.372862075192
6,4571.999853696005,0.45,0.0,35.5896058144,82.84293268538511,0.0
6,4571.999853696005,0.45,0.5,480.03342028620006,170.3063277784632,29.21762597292
6,4571.999853696005,0.45,0.6,576.0318495998001,188.7449307501587,69.369522502434
6,4571.999853696005,0.45,0.7,672.0454559104,207.5227920873628,114.59088944734201
6,4571.999853696005,0.45,0.8,768.0797971418,226.1885046980858,162.881867146614
6,4571.999853696005,0.45,0.9,864.0663564764001,245.6177836038283,214.77651645542403
6,4571.999853696005,0.45,1.0,960.0812642586001,266.6055347635852,268.076824190868
6,4571.999853696005,0.5,0.0,41.58095576360001,83.55227398856935,0.0
6,4571.999853696005,0.5,0.5,480.0495975946,169.6484848957634,0.0
6,4571.999853696005,0.5,0.6,576.0473761724,188.2338445879525,21.11699922024
6,4571.999853696005,0.5,0.7,672.0812668944001,206.7557703263177,62.77728848622001
6,4571.999853696005,0.5,0.8,768.0874599046001,225.5039345856845,108.19121131295401
6,4571.999853696005,0.5,0.9,864.1011162718002,244.1318836217908,157.254863953572
6,4571.999853696005,0.5,1.0,960.0984943968002,264.3547117506124,208.48460757108603
6,4571.999853696005,0.55,0.0,48.5728370336,84.34076165100245,0.0
6,4571.999853696005,0.55,0.5,480.057310414,168.9873297060691,0.0
6,4571.999853696005,0.55,0.6,576.0553901520001,187.5773439381294,-27.340889927736
6,4571.999853696005,0.55,0.7,672.0720507358001,206.1962837799147,11.133769665018
6,4571.999853696005,0.55,0.8,768.0821506226,224.7270044418943,53.222547511980004
6,4571.999853696005,0.55,0.9,864.1016168378001,243.2707600611449,99.38864832712201
6,4571.999853696005,0.55,1.0,960.106107103,262.0787320467205,148.00839930445804
6,5333.999829312005,0.0,0.0,16.644623688000003,74.28308041077746,0.0
6,5333.999829312005,0.0,0.5,410.18034585220005,151.8398270414588,377.423312078274
6,5333.999829312005,0.0,0.6,492.2211134500001,167.4361393812029,435.79573736483405
6,5333.999829312005,0.0,0.7,574.265636934,183.743491751066,497.538176826306
6,5333.999829312005,0.0,0.8,656.2869710826001,202.3265814837159,557.2227447207961
6,5333.999829312005,0.0,0.9,738.3234305304001,221.7974218889595,617.3847414023521
6,5333.999829312005,0.0,1.0,820.3643983546,242.0523597463485,678.07575421278
6,5333.999829312005,0.05,0.0,16.851950739800003,74.3150759863921,0.0
6,5333.999829312005,0.05,0.5,410.9005249272,151.9497338787989,338.28337981607405
6,5333.999829312005,0.05,0.6,493.08368467820003,167.5766855260818,394.028603633742
6,5333.999829312005,0.05,0.7,575.2639895618,183.9022560522544,453.34800380377203
6,5333.999829312005,0.05,0.8,657.4342782018001,202.4781068970335,511.14612785775006
6,5333.999829312005,0.05,0.9,739.6078221620002,221.9736759196226,569.6227406876161
6,5333.999829312005,0.05,1.0,821.8000470812001,242.2482167396354,628.6713794855342
6,5333.999829312005,0.1,0.0,17.498466194000002,74.41661644153135,0.0
6,5333.999829312005,0.1,0.5,413.18787685560005,152.3020131663794,300.10056082036806
6,5333.999829312005,0.1,0.6,495.8346280118,168.0314615337023,353.520640437888
6,5333.999829312005,0.1,0.7,578.4818797340001,184.4238213619705,410.746298150034
6,5333.999829312005,0.1,0.8,661.1070441866,202.9983875181893,466.88931649621804
6,5333.999829312005,0.1,0.9,743.7239443766001,222.55661996217,523.956875128302
6,5333.999829312005,0.1,1.0,826.3806625404001,242.8793609308719,581.64020841696
6,5333.999829312005,0.15,0.0,18.5280303428,74.5829901598476,0.0
6,5333.999829312005,0.15,0.5,416.94087946720003,152.8921525876803,262.590779751762
6,5333.999829312005,0.15,0.6,500.32578986500005,168.7880181824367,313.975818736272
6,5333.999829312005,0.15,0.7,583.740300946,185.2815615039463,369.38584471173004
6,5333.999829312005,0.15,0.8,667.1214045804,203.8245461229248,424.04858084773804
6,5333.999829312005,0.15,0.9,750.4956972348001,223.5126733991654,479.954364945594
6,5333.999829312005,0.15,1.0,833.90184394,243.9055590182346,536.5720475101141
6,5333.999829312005,0.2,0.0,20.1049740804,74.82226410596027,0.0
6,5333.999829312005,0.2,0.5,422.2888035212,153.7335880388279,225.72656217942603
6,5333.999829312005,0.2,0.6,506.72921477200003,169.8661287286583,275.27294277159604
6,5333.999829312005,0.2,0.7,591.1996772154,186.4688083550758,328.9748713944
6,5333.999829312005,0.2,0.8,675.6536611902001,205.0146196631589,382.50069454258204
6,5333.999829312005,0.2,0.9,760.1100503436,224.863281547038,437.54633568030005
6,5333.999829312005,0.2,1.0,844.5693936570001,245.3490553888234,493.18968147048605
6,5333.999829312005,0.25,0.0,22.569010215400002,75.15848151165746,0.0
6,5333.999829312005,0.25,0.5,429.1950363074001,154.8220210061689,189.28093456410602
6,5333.999829312005,0.25,0.6,515.0454525348,171.2606394472467,237.24078543211203
6,5333.999829312005,0.25,0.7,600.8822968588,188.0419286785812,289.274230770294
6,5333.999829312005,0.25,0.8,686.7261023326001,206.5486061087726,341.95857302052605
6,5333.999829312005,0.25,0.9,772.5661010430001,226.6282466682392,396.40628442584404
6,5333.999829312005,0.25,1.0,858.4115091486001,247.1970578943119,451.17788096026806
6,5333.999829312005,0.3,0.0,25.6550225822,75.56018856001089,0.0
6,5333.999829312005,0.3,0.5,437.69198249920015,156.1507707349179,153.158800634532
6,5333.999829312005,0.3,0.6,525.22416837,172.9617851144879,199.65712921539
6,5333.999829312005,0.3,0.7,612.7588086554001,189.9831333274064,250.15815208784403
6,5333.999829312005,0.3,0.8,700.3135331258001,208.454174451329,302.20856160264
6,5333.999829312005,0.3,0.9,787.8245327458001,228.7746309574526,356.23871058976204
6,5333.999829312005,0.3,1.0,875.3753503396001,249.4515071348997,410.35391043292805
6,5333.999829312005,0.35,0.0,29.406210026600004,76.04691055220901,0.0
6,5333.999829312005,0.35,0.5,447.77263089019993,157.7237198289939,117.169654693476
6,5333.999829312005,0.35,0.6,537.3221584654,174.9816009136351,162.385350602706
6,5333.999829312005,0.35,0.7,626.8832556800002,192.3074132977411,211.483964028414
6,5333.999829312005,0.35,0.8,716.4375419146,210.7940596917355,262.98029036017203
6,5333.999829312005,0.35,0.9,805.9883717820001,231.3266063024585,316.844105277546
6,5333.999829312005,0.35,1.0,895.5480665912,252.1172868920439,370.464750686646
6,5333.999829312005,0.4,0.0,33.7801565552,76.59770884251111,0.0
6,5333.999829312005,0.4,0.5,459.48300975500007,159.5443522926608,81.19973840748001
6,5333.999829312005,0.4,0.6,551.3867033312,177.2953011508664,125.21852774092201
6,5333.999829312005,0.4,0.7,643.2761233910002,194.9862284799964,173.06847599256602
6,5333.999829312005,0.4,0.8,735.1774134298001,213.5125084049714,224.17704342495003
6,5333.999829312005,0.4,0.9,827.0679847914,234.2837006527261,278.006592369198
6,5333.999829312005,0.4,1.0,918.9701257923999,255.2464523157942,331.29987858937204
6,5333.999829312005,0.45,0.0,38.699299056,77.21185593976232,0.0
6,5333.999829312005,0.45,0.5,472.60404515280004,161.5456215118389,44.99066001460802
6,5333.999829312005,0.45,0.6,567.1317656048001,179.8422794971424,87.899824855458
6,5333.999829312005,0.45,0.7,661.6494197566001,197.995021486256,134.601288074946
6,5333.999829312005,0.45,0.8,756.1724324264001,216.5321950649551,185.39045240469602
6,5333.999829312005,0.45,0.9,850.7113721216,237.474515688651,238.80935769213602
6,5333.999829312005,0.45,1.0,945.224017331,258.8738967825456,292.33006761142803
6,5333.999829312005,0.5,0.0,44.450175457600004,77.8865176694185,0.0
6,5333.999829312005,0.5,0.5,480.0390299078,162.4403542281593,5.70670595418
6,5333.999829312005,0.5,0.6,576.0602981606002,181.0041979600835,46.424507256204
6,5333.999829312005,0.5,0.7,672.0584279552,199.414003510206,91.07049160624801
6,5333.999829312005,0.5,0.8,768.0814498302001,217.9891408990293,140.32509031787401
6,5333.999829312005,0.5,0.9,864.0902974814001,238.2503894497868,192.34053904758002
6,5333.999829312005,0.5,1.0,960.1040030846001,259.5911904295564,245.30863858947603
6,5333.999829312005,0.55,0.0,50.988524237200004,78.60670256744989,0.0
6,5333.999829312005,0.55,0.5,480.04529026520004,161.8207890762043,0.0
6,5333.999829312005,0.55,0.6,576.0725694130001,180.4762078040461,0.692526913386
6,5333.999829312005,0.55,0.7,672.0966432972,198.7634565918534,42.002469479124
6,5333.999829312005,0.55,0.8,768.1038382600001,217.3090681322689,88.38777368282402
6,5333.999829312005,0.55,0.9,864.0935027450001,236.0756928890502,137.630658451902
6,5333.999829312005,0.55,1.0,960.1091121402002,256.6850658406061,188.695844173914
6,6095.999804928007,0.0,0.0,19.899393265400004,69.12134259539147,0.0
6,6095.999804928007,0.0,0.5,382.56142642300006,139.834166361789,352.77245517175203
6,6095.999804928007,0.0,0.6,459.0703554536001,154.2650907373673,408.522116978514
6,6095.999804928007,0.0,0.7,535.5647098076,169.8513375001361,466.301730654606
6,6095.999804928007,0.0,0.8,612.0963784848001,187.5246890172367,522.1431516779941
6,6095.999804928007,0.0,0.9,688.5883793580001,205.9755989872086,579.1434407686621
6,6095.999804928007,0.0,1.0,765.1111322162001,225.3926569772294,635.7255117735061
6,6095.999804928007,0.05,0.0,20.134865256,69.15031124639391,0.0
6,6095.999804928007,0.05,0.5,383.4158589404,139.9704579699719,317.1028835898
6,6095.999804928007,0.05,0.6,460.08849274740004,154.4393882612719,370.443955258146
6,6095.999804928007,0.05,0.7,536.7618027288,170.0311461788987,426.08401781715
6,6095.999804928007,0.05,0.8,613.4367653986001,187.7297259664338,480.27433074805805
6,6095.999804928007,0.05,0.9,690.1246,206.2136738594756,535.75274677155
6,6095.999804928007,0.05,1.0,766.816341478,225.6466079989114,590.904968150112
6,6095.999804928007,0.1,0.0,20.849807261800002,69.2478399737821,0.0
6,6095.999804928007,0.1,0.5,385.9133443726,140.3690099055611,282.441361841562
6,6095.999804928007,0.1,0.6,463.0858064602,154.9500173438265,333.68741886110405
6,6095.999804928007,0.1,0.7,540.2750965920001,170.5609071092262,387.49038390816605
6,6095.999804928007,0.1,0.8,617.4549703388001,188.3231210860927,440.29852012099803
6,6095.999804928007,0.1,0.9,694.6284335584,206.8903056632496,494.60168617259404
6,6095.999804928007,0.1,1.0,771.8137175210002,226.3959688010524,548.67429208515
6,6095.999804928007,0.15,0.0,22.067564532200002,69.4163479780459,0.0
6,6095.999804928007,0.15,0.5,390.09129715600005,141.0313501339018,248.60556050299203
6,6095.999804928007,0.15,0.6,468.1149364408,155.8046449464756,298.08440732947804
6,6095.999804928007,0.15,0.7,546.1411039942001,171.4408911704618,350.267100234744
6,6095.999804928007,0.15,0.8,624.142980967,189.3188941366234,402.011900132304
6,6095.999804928007,0.15,0.9,702.1652424644001,208.0272391325411,455.45346509724607
6,6095.999804928007,0.15,1.0,780.1912097914002,227.654702067586,508.70613906882005
6,6095.999804928007,0.2,0.0,23.7487293934,69.64039560446341,0.0
6,6095.999804928007,0.2,0.5,395.11424227440006,141.8059532416765,214.97317759948803
6,6095.999804928007,0.2,0.6,474.12814553280003,156.8120541127642,262.76313226317
6,6095.999804928007,0.2,0.7,553.1573743168001,172.4057254958723,313.42936869875416
6,6095.999804928007,0.2,0.8,632.151593843,190.3919506076386,364.251570848088
6,6095.999804928007,0.2,0.9,711.2135292812,209.2497508250023,416.992398375168
6,6095.999804928007,0.2,1.0,790.2132583158001,229.0147900567903,469.39851736423805
6,6095.999804928007,0.25,0.0,25.9644864336,69.93970558269075,0.0
6,6095.999804928007,0.25,0.5,401.44421609600005,142.7705587933412,181.68160485736803
6,6095.999804928007,0.25,0.6,481.7328197,158.0748711544045,227.97774804974404
6,6095.999804928007,0.25,0.7,562.0262049402,173.5941714208473,277.220534957982
6,6095.999804928007,0.25,0.8,642.3218952458001,191.7938859465663,327.483726630984
6,6095.999804928007,0.25,0.9,722.6037116672001,210.8620766059149,379.55554320453
6,6095.999804928007,0.25,1.0,802.8919886724001,230.7081971830718,431.321324466186
6,6095.999804928007,0.3,0.0,28.8391450644,70.31935444425294,0.0
6,6095.999804928007,0.3,0.5,409.2858951346,143.96184591046,148.680111217176
6,6095.999804928007,0.3,0.6,491.1463293176001,159.6311440927153,193.69138072468803
6,6095.999804928007,0.3,0.7,573.0047357980001,175.2628073563459,241.587582902358
6,6095.999804928007,0.3,0.8,654.8595857980001,193.5500416411141,291.448160400474
6,6095.999804928007,0.3,0.9,736.7203958158001,212.874867787898,343.17470435833206
6,6095.999804928007,0.3,1.0,818.5765981646,232.8097792453053,394.42670153086203
6,6095.999804928007,0.35,0.0,32.35166017820001,70.77228903374763,0.0
6,6095.999804928007,0.35,0.5,418.53868039500003,145.3926502504763,115.78768348316402
6,6095.999804928007,0.35,0.6,502.22553138340004,161.4658543289486,159.67222731629403
6,6095.999804928007,0.35,0.7,585.9333429576001,177.2905895345187,206.248932643908
6,6095.999804928007,0.35,0.8,669.6591847550001,195.6246110912637,255.95038841618404
6,6095.999804928007,0.35,0.9,753.3674468386001,215.190281722943,307.34543367158403
6,6095.999804928007,0.35,1.0,837.068145452,235.2676808611086,358.43186498196
6,6095.999804928007,0.4,0.0,36.317478835,71.27789959693368,0.0
6,6095.999804928007,0.4,0.5,429.20825863520014,147.0573596050984,82.924261702128
6,6095.999804928007,0.4,0.6,515.05471875,163.5731613489069,125.78069422934401
6,6095.999804928007,0.4,0.7,600.8972719882,179.7570722710696,171.17344486334403
6,6095.999804928007,0.4,0.8,686.75074413,198.0278446707793,220.86836842455003
6,6095.999804928007,0.4,0.9,772.6012604706001,217.7665856821192,271.680417511734
6,6095.999804928007,0.4,1.0,858.4362510592001,238.0957229589041,323.157401648466
6,6095.999804928007,0.45,0.0,41.071480509400004,71.85631775560192,0.0
6,6095.999804928007,0.45,0.5,441.47403517140003,149.0457225229974,50.25051869422201
6,6095.999804928007,0.45,0.6,529.7730791276,165.9632743564366,91.802436865986
6,6095.999804928007,0.45,0.7,618.0713221782,182.5654538619251,136.288570426932
6,6095.999804928007,0.45,0.8,706.3655081824,200.8542591533158,186.065770489368
6,6095.999804928007,0.45,0.9,794.6573899418,220.7140429968248,236.389826711808
6,6095.999804928007,0.45,1.0,882.9556830490001,241.2992585636396,288.36697760178
6,6095.999804928007,0.5,0.0,46.653093390200006,72.51780090111585,0.0
6,6095.999804928007,0.5,0.5,455.23891907340004,151.2482738077656,17.34414579051
6,6095.999804928007,0.5,0.6,546.3058853978,168.5966159613535,57.53613590617201
6,6095.999804928007,0.5,0.7,637.3510647922,185.7990580094348,101.69805161115602
6,6095.999804928007,0.5,0.8,728.3997497898,204.034465917899,151.32192820252203
6,6095.999804928007,0.5,0.9,819.4439280522001,224.0018295627325,201.17804813937602
6,6095.999804928007,0.5,1.0,910.4904589747999,244.8908384182165,253.86429378294602
6,6095.999804928007,0.55,0.0,52.766003741000006,73.20470553497233,0.0
6,6095.999804928007,0.55,0.5,470.33312081580004,153.6225532393178,0.0
6,6095.999804928007,0.55,0.6,564.4043127668,171.4717728191055,22.880285193612004
6,6095.999804928007,0.55,0.7,658.4834177636001,189.3485626762225,66.9116153937
6,6095.999804928007,0.55,0.8,752.5273633328001,207.3921683604282,115.57892673927601
6,6095.999804928007,0.55,0.9,846.599155963,227.6430374135898,165.713495017224
6,6095.999804928007,0.55,1.0,940.672752272,249.0723864646648,219.309239735586
6,6857.999780544007,0.0,0.0,21.9428956978,64.4310569433911,0.0
6,6857.999780544007,0.0,0.5,351.97759795440004,128.2400500015422,325.84138686976803
6,6857.999780544007,0.0,0.6,422.37349846780006,141.3305174209381,378.43460599883406
6,6857.999780544007,0.0,0.7,492.76809586840005,155.9620670147873,432.48410696706605
6,6857.999780544007,0.0,0.8,563.1462164416,172.249988119296,484.61730185946004
6,6857.999780544007,0.0,0.9,633.5412151156002,189.447761592307,537.612797543514
6,6857.999780544007,0.0,1.0,703.9538936166,207.304905445523,588.573947406522
6,6857.999780544007,0.05,0.0,22.165157669600003,64.46408036342194,0.0
6,6857.999780544007,0.05,0.5,352.7695491672,128.3574670739363,293.50847359541405
6,6857.999780544007,0.05,0.6,423.3227176706,141.4982193369319,343.855845162984
6,6857.999780544007,0.05,0.7,493.87443371200004,156.1292402716139,395.945359869444
6,6857.999780544007,0.05,0.8,564.416032576,172.4472865275333,446.58632374309803
6,6857.999780544007,0.05,0.9,634.9908878962,189.6898622275243,498.21319154237403
6,6857.999780544007,0.05,1.0,705.5397490702001,207.5492479698812,548.033284010982
6,6857.999780544007,0.1,0.0,22.755614655400002,64.54103536024675,0.0
6,6857.999780544007,0.1,0.5,355.0750576912001,128.7352029378572,262.07661889840205
6,6857.999780544007,0.1,0.6,426.0850804738,141.9761959965527,310.55023917640807
6,6857.999780544007,0.1,0.7,497.10424391980007,156.6027626268711,360.95749179197406
6,6857.999780544007,0.1,0.8,568.1079809064,173.0159534976867,410.35469331964805
6,6857.999780544007,0.1,0.9,639.1153244300001,190.311526577429,460.8738840570481
6,6857.999780544007,0.1,1.0,710.141951233,208.2351172738819,509.8655257985521
6,6857.999780544007,0.15,0.0,23.878159349,64.70404671269164,0.0
6,6857.999780544007,0.15,0.5,359.10863903420005,129.3807383544407,231.54023981781
6,6857.999780544007,0.15,0.6,430.92779229060005,142.8226855229067,278.464473453474
6,6857.999780544007,0.15,0.7,502.75713821960005,157.4801913461853,327.42384558298806
6,6857.999780544007,0.15,0.8,574.5566331824001,174.0328715113853,375.95836955476807
6,6857.999780544007,0.15,0.9,646.3821222914002,191.4615095070308,425.66154278478604
6,6857.999780544007,0.15,1.0,718.2126703994,209.4960634234782,474.05297952936
6,6857.999780544007,0.2,0.0,25.45123724,64.9341191822553,0.0
6,6857.999780544007,0.2,0.5,364.75316895820004,130.3003278762587,201.69605003070603
6,6857.999780544007,0.2,0.6,437.7093119300002,144.0076048701805,247.32402387277202
6,6857.999780544007,0.2,0.7,510.66162352040004,158.6915810790166,295.01923945725
6,6857.999780544007,0.2,0.8,583.6109300736001,175.4593633025492,342.95938115208
6,6857.999780544007,0.2,0.9,656.5479161384,193.0662824794521,392.12136436473
6,6857.999780544007,0.2,1.0,729.5169556598,211.2504202733376,440.153676291714
6,6857.999780544007,0.25,0.0,27.513944174200002,65.22199328023224,0.0
6,6857.999780544007,0.25,0.5,371.6998958926,131.407193270616,172.12454458122
6,6857.999780544007,0.25,0.6,446.0364685964,145.4493309343192,216.687058527786
6,6857.999780544007,0.25,0.7,520.3794534686,160.1358339468384,263.250807080184
6,6857.999780544007,0.25,0.8,594.705908995,177.1472452387735,310.78344645117005
6,6857.999780544007,0.25,0.9,669.0441352078001,194.9734358638302,359.638361920068
6,6857.999780544007,0.25,1.0,743.3979380498,213.3261607269346,407.473679976132
6,6857.999780544007,0.3,0.0,29.915052598200003,65.56878995119295,0.0
6,6857.999780544007,0.3,0.5,380.31098672380006,132.8172236445614,142.967523826512
6,6857.999780544007,0.3,0.6,456.36363753640006,147.2456492868548,186.68930551055402
6,6857.999780544007,0.3,0.7,532.4329169874001,161.9311244549578,232.254472265508
6,6857.999780544007,0.3,0.8,608.4907769688,179.2563515712601,279.65316950478604
6,6857.999780544007,0.3,0.9,684.5455317998001,197.241648488524,328.06354721494216
6,6857.999780544007,0.3,1.0,760.6208213252002,215.9033638745351,376.26127331977807
6,6857.999780544007,0.35,0.0,32.957778315000006,65.98909363839246,0.0
6,6857.999780544007,0.35,0.5,390.29003662880007,134.4605456949106,114.11699343660001
6,6857.999780544007,0.35,0.6,468.3462808134,149.2942910458133,156.864550886274
6,6857.999780544007,0.35,0.7,546.4115154916001,164.0780509706976,201.535602290484
6,6857.999780544007,0.35,0.8,624.4575177676,181.680158881339,249.09939076684202
6,6857.999780544007,0.35,0.9,702.5235032948001,199.8072300234056,297.091814615442
6,6857.999780544007,0.35,1.0,780.587035228,218.8752354181258,345.91438707672006
6,6857.999780544007,0.4,0.0,36.533409877800004,66.4761506040098,0.0
6,6857.999780544007,0.4,0.5,400.12959848400004,136.1068946698721,84.56200689690601
6,6857.999780544007,0.4,0.6,480.1662467052,151.218405500499,125.945790359466
6,6857.999780544007,0.4,0.7,560.2000901156001,166.0857024627597,169.878286004196
6,6857.999780544007,0.4,0.8,640.223565245,183.8608657821827,217.42170963975002
6,6857.999780544007,0.4,0.9,720.2453885066001,202.1405191880613,264.93131746204205
6,6857.999780544007,0.4,1.0,800.2802831056,221.5706406735916,314.267820803706
6,6857.999780544007,0.45,0.0,40.9564151568,67.05689579869365,0.0
6,6857.999780544007,0.45,0.5,411.2888369502,137.9340806358523,54.89142713300401
6,6857.999780544007,0.45,0.6,493.54462144240017,153.4312511359884,94.99016565423001
6,6857.999780544007,0.45,0.7,575.8071168014001,168.6942017652182,138.46526462584202
6,6857.999780544007,0.45,0.8,658.0743199426,186.3762766264175,185.90987327820602
6,6857.999780544007,0.45,0.9,740.3112216082001,204.7963334859839,233.02638389230202
6,6857.999780544007,0.45,1.0,822.5750192594,224.6121857526989,283.13078656632
6,6857.999780544007,0.5,0.0,46.1192200568,67.7356979120929,0.0
6,6857.999780544007,0.5,0.5,423.80589187420003,139.9892894644834,25.067470074570004
6,6857.999780544007,0.5,0.6,508.5533773892001,155.8890956753153,63.98173523973001
6,6857.999780544007,0.5,0.7,593.3214468346001,171.6553508845142,107.00699728811401
6,6857.999780544007,0.5,0.8,678.0845089788,189.0051068504944,153.78222800879402
6,6857.999780544007,0.5,0.9,762.8410087848,207.7918627612266,201.26547701383203
6,6857.999780544007,0.5,1.0,847.6083782584002,228.0200448506759,252.46464401188803
6,6857.999780544007,0.55,0.0,51.81986096760001,68.45158523215096,0.0
6,6857.999780544007,0.55,0.5,437.6852207552001,142.250349751701,0.0
6,6857.999780544007,0.55,0.6,525.2285257560001,158.6131411581239,32.742265168074
6,6857.999780544007,0.55,0.7,612.7770899822001,174.9400679523723,75.46286684937002
6,6857.999780544007,0.55,0.8,700.3175401156001,191.9087327061599,121.31538728185801
6,6857.999780544007,0.55,0.9,787.8453185438001,211.1496367832713,169.65288313142403
6,6857.999780544007,0.55,1.0,875.3901761198,231.7980725010433,222.10584810460202
6,7619.999756160008,0.0,0.0,23.0137097674,59.9049966885603,0.0
6,7619.999756160008,0.0,0.5,322.8693871766,117.3274272380477,300.486338037732
6,7619.999756160008,0.0,0.6,387.44370593060006,129.2700174755511,349.998467335902
6,7619.999756160008,0.0,0.7,452.02628812660004,143.088458392815,400.470469576254
6,7619.999756160008,0.0,0.8,516.5879844114,158.1136480703983,449.25470016042004
6,7619.999756160008,0.0,0.9,581.1632041842,173.6966826439263,498.08664279712804
6,7619.999756160008,0.0,1.0,645.7399264756,190.2819151143065,543.6683627131681
6,7619.999756160008,0.05,0.0,23.222013333200003,59.93841262632677,0.0
6,7619.999756160008,0.05,0.5,323.6170382984,117.4504551152136,271.186376847078
6,7619.999756160008,0.05,0.6,388.3398347752,129.4284533530799,318.69280908511206
6,7619.999756160008,0.05,0.7,453.0739752264,143.253418766579,367.39166587246206
6,7619.999756160008,0.05,0.8,517.7847261158,158.299353871995,414.77617328994
6,7619.999756160008,0.05,0.9,582.4970295804001,173.9139124384469,462.37152678024
6,7619.999756160008,0.05,1.0,647.2338755498,190.5113662923887,507.05189453641805
6,7619.999756160008,0.1,0.0,23.836824906400004,60.03640498312619,0.0
6,7619.999756160008,0.1,0.5,325.8078753578,117.810472475914,242.80082245234203
6,7619.999756160008,0.1,0.6,390.97417905480006,129.893951784995,288.623123457438
6,7619.999756160008,0.1,0.7,456.14431331260005,143.7294108490429,335.81114098732206
6,7619.999756160008,0.1,0.8,521.2929618006001,158.8441769101878,382.05608338821014
6,7619.999756160008,0.1,0.9,586.4657506994001,174.5641314009798,428.70804370178405
6,7619.999756160008,0.1,1.0,651.6203592052001,191.1839433271342,472.7331793107
6,7619.999756160008,0.15,0.0,24.872143102400003,60.19931668565727,0.0
6,7619.999756160008,0.15,0.5,329.468471024,118.41438978436,215.15936274063
6,7619.999756160008,0.15,0.6,395.363492139,130.6707106993559,259.626026887458
6,7619.999756160008,0.15,0.7,461.255333429,144.5252014934229,305.51927700155403
6,7619.999756160008,0.15,0.8,527.1360802070001,159.7507314747347,350.857377249456
6,7619.999756160008,0.15,0.9,593.0250912476,175.6066772204482,396.831034722738
6,7619.999756160008,0.15,1.0,658.9301302474,192.3055143352989,440.4360831037861
6,7619.999756160008,0.2,0.0,26.3544314506,60.42777557516102,0.0
6,7619.999756160008,0.2,0.5,334.5680708502,119.2510280044452,188.11617038121602
6,7619.999756160008,0.2,0.6,401.48493590920003,131.7507202080196,231.50275911609003
6,7619.999756160008,0.2,0.7,468.4023269728,145.6237716172548,276.302194156296
6,7619.999756160008,0.2,0.8,535.2955013098001,161.0017121651093,320.96126250064805
6,7619.999756160008,0.2,0.9,602.2157218022,177.059068164565,366.446036575542
6,7619.999756160008,0.2,1.0,669.1359923512001,193.8660422781457,409.905605031846
6,7619.999756160008,0.25,0.0,28.262210746,60.72054000435453,0.0
6,7619.999756160008,0.25,0.5,341.27606555020003,120.3834566426563,161.726140412298
6,7619.999756160008,0.25,0.6,409.53552083400007,133.173900160029,204.212360488752
6,7619.999756160008,0.25,0.7,477.789742331,147.0712656803955,248.07895175078403
6,7619.999756160008,0.25,0.8,546.0326190330001,162.6618956358523,292.296765567576
6,7619.999756160008,0.25,0.9,614.2952295238,178.9060138195591,337.28757726648615
6,7619.999756160008,0.25,1.0,682.5615466648001,195.9390697277511,381.05848998525
6,7619.999756160008,0.3,0.0,30.594699777400002,61.07388269218906,0.0
6,7619.999756160008,0.3,0.5,349.524538165,121.8263962836796,135.89689709395802
6,7619.999756160008,0.3,0.6,419.42747225500005,134.9023578569355,177.43967017022402
6,7619.999756160008,0.3,0.7,489.3368923674,148.8461962608183,220.59200451934802
6,7619.999756160008,0.3,0.8,559.2462624232,164.7229730490792,264.690119849694
6,7619.999756160008,0.3,0.9,629.1532289416,181.1696294486982,309.270571688232
6,7619.999756160008,0.3,1.0,699.0635000162001,198.4869327594122,353.62180897428004
6,7619.999756160008,0.35,0.0,33.306598142400006,61.4390041869727,0.0
6,7619.999756160008,0.35,0.5,358.649380397,123.4061271859748,109.98546534914401
6,7619.999756160008,0.35,0.6,430.3796068726,136.769877242493,150.44381309911802
6,7619.999756160008,0.35,0.7,502.10918261240005,150.7642147606822,193.08422760811803
6,7619.999756160008,0.35,0.8,573.8322969478,166.9018666021954,237.178423611822
6,7619.999756160008,0.35,0.9,645.5708385632,183.5592283000998,281.448279823326
6,7619.999756160008,0.35,1.0,717.3032683498001,201.272828089903,326.94093169584005
6,7619.999756160008,0.4,0.0,36.7592792072,61.94380819404881,0.0
6,7619.999756160008,0.4,0.5,369.2072675918,125.2318567661254,84.148417628814
6,7619.999756160008,0.4,0.6,443.0587385026,138.9363356091808,123.65994217962
6,7619.999756160008,0.4,0.7,516.8997664578001,152.9642392417672,165.856494169674
6,7619.999756160008,0.4,0.8,590.7379395456,169.4458896033748,210.18652501169402
6,7619.999756160008,0.4,0.9,664.5877323294002,186.3153409380387,254.29125084178202
6,7619.999756160008,0.4,1.0,738.4322658878,204.4903984259276,301.23685728490204
6,7619.999756160008,0.45,0.0,40.623678268800006,62.47725242846776,0.0
6,7619.999756160008,0.45,0.5,381.28111645580003,127.3113516354894,58.343062141518004
6,7619.999756160008,0.45,0.6,457.5368395091999,141.4089143005534,96.97021828124402
6,7619.999756160008,0.45,0.7,533.8008005660001,155.6199819601742,138.866797438446
6,7619.999756160008,0.45,0.8,610.0511388422,172.1911656640661,183.02587028602804
6,7619.999756160008,0.45,0.9,686.3087903056,189.4459482445795,227.68813378680602
6,7619.999756160008,0.45,1.0,762.5654389958,208.193827121564,276.379969058886
6,7619.999756160008,0.5,0.0,45.04523765060001,63.07367447273882,0.0
6,7619.999756160008,0.5,0.5,393.1326614974,129.3098802481176,31.651826293164003
6,7619.999756160008,0.5,0.6,471.74833496120004,143.7941444623061,69.274817674524
6,7619.999756160008,0.5,0.7,550.3706199992,158.1481709175361,110.64799791507001
6,7619.999756160008,0.5,0.8,629.0135406654,174.6609887780096,154.37541638349603
6,7619.999756160008,0.5,0.9,707.6140379528001,192.40202925347,199.987037679198
6,7619.999756160008,0.5,1.0,786.244136744,211.6871928631952,250.083381513042
6,7619.999756160008,0.55,0.0,50.20205463239999,63.77641221473284,0.0
6,7619.999756160008,0.55,0.5,405.61763670560003,131.3952572694367,4.452389316606
6,7619.999756160008,0.55,0.6,486.75598884220005,146.3024595777012,40.91120857315801
6,7619.999756160008,0.55,0.7,567.8881060600002,161.0427880467205,82.070000178474
6,7619.999756160008,0.55,0.8,648.9985364610001,177.2119503137984,125.00562659046001
6,7619.999756160008,0.55,0.9,730.1151262856,195.4681027144153,171.83084462821202
6,7619.999756160008,0.55,1.0,811.2447390322001,215.3044290617799,223.38099931501202
8,0.0,0.0,0.0,0.0,123.4056705741631,0.0
8,0.0,0.0,0.5,480.06702713860005,232.2102736677855,494.18264605571403
8,0.0,0.0,0.6,576.0763261198,250.3097754682029,548.4425820812401
8,0.0,0.0,0.7,672.0721007924001,269.2740560629593,608.3952642121201
8,0.0,0.0,0.8,768.07433769,288.4037536432913,671.7574914042301
8,0.0,0.0,0.9,864.0718659848001,307.3110101596662,736.4099159109002
8,0.0,0.0,1.0,960.1057066502001,326.4087266674227,802.284852282144
8,0.0,0.05,0.0,0.0,123.4400647653089,0.0
8,0.0,0.05,0.5,480.05440549,232.1522792893042,429.19368301332605
8,0.0,0.05,0.6,576.0622019526,250.2514952394992,480.11701455471604
8,0.0,0.05,0.7,672.0585280684002,269.2198020650458,536.5980687074701
8,0.0,0.05,0.8,768.0600132964001,288.3452736469201,596.4435736463821
8,0.0,0.05,0.9,864.1035198092002,307.2511313217818,657.7265809292641
8,0.0,0.05,1.0,960.0922832754001,326.3428510567904,720.3701474706661
8,0.0,0.1,0.0,0.0,123.5224022609997,0.0
8,0.0,0.1,0.5,480.06307020540004,231.9747405700807,364.25186932365
8,0.0,0.1,0.6,576.0596474248,250.0735710201397,411.84621484729803
8,0.0,0.1,0.7,672.0629855676,269.0465604559557,464.82256405800604
8,0.0,0.1,0.8,768.1085460422,288.1904785000453,521.185876941114
8,0.0,0.1,0.9,864.0861903784,307.0832010998821,579.1393355064241
8,0.0,0.1,1.0,960.1144214222002,326.1497926822099,638.606040705864
8,0.0,0.15,0.0,0.6307755256,123.6942300576975,0.0
8,0.0,0.15,0.5,480.05230229220007,231.6829398912274,299.29805789499005
8,0.0,0.15,0.6,576.0452729746,249.7699774991382,343.53991612017
8,0.0,0.15,0.7,672.0658404350002,268.7805452449424,393.045009223944
8,0.0,0.15,0.8,768.0597129568001,287.9349999808582,445.83656781048006
8,0.0,0.15,0.9,864.0647538446002,306.7910008856936,500.50131987979205
8,0.0,0.15,1.0,960.0901800776,325.825754086637,556.7327408157901
8,0.0,0.2,0.0,0.0,129.9743192065681,0.0
8,0.0,0.2,0.5,480.0487458118001,231.2956385712601,234.27540136539002
8,0.0,0.2,0.6,576.0644052636001,249.3463404521455,275.17502321509204
8,0.0,0.2,0.7,672.0652898124001,268.3999111124014,321.19417129984805
8,0.0,0.2,0.8,768.1126030886,287.6263523846503,370.53220616365803
8,0.0,0.2,0.9,864.0888950760002,306.4083681407965,421.797042678396
8,0.0,0.2,1.0,960.1207318362,325.3827283477275,474.83901736840807
8,0.0,0.25,0.0,0.0,130.9289592990112,0.0
8,0.0,0.25,0.5,480.0509499434,230.7508866447428,169.08772699434002
8,0.0,0.25,0.6,576.0614002264,248.7859261790801,206.64329714998203
8,0.0,0.25,0.7,672.0592789174,267.9141388353443,249.27639656119203
8,0.0,0.25,0.8,768.0714828225999,287.2031434112311,295.135003937928
8,0.0,0.25,0.9,864.0813824830002,305.9043491691917,342.995888138442
8,0.0,0.25,1.0,960.1036026318001,324.8421593783906,392.77461972302405
8,0.0,0.3,0.0,8.691528505,124.1724920997006,0.0
8,0.0,0.3,0.5,480.053154075,230.1139314132269,103.721461483332
8,0.0,0.3,0.6,576.0584953024002,248.1102366050077,137.93800020600602
8,0.0,0.3,0.7,672.0674931234,267.283651491427,177.202504424484
8,0.0,0.3,0.8,768.0773427272001,286.5628042932051,219.672283879818
8,0.0,0.3,0.9,864.1034196960001,305.2977909041096,264.131760147948
8,0.0,0.3,1.0,960.1028017261999,324.1739800393722,310.62868931879404
8,0.0,0.35,0.0,12.8085591238,124.5219587333757,0.0
8,0.0,0.35,0.5,480.05595806520006,229.2389303155221,38.10198104882401
8,0.0,0.35,0.6,576.0605492642001,247.2918305764311,68.954181525306
8,0.0,0.35,0.7,672.0773600178001,266.4613338528532,104.90018551504802
8,0.0,0.35,0.8,768.0860574992001,285.8311479590856,144.05837371695
8,0.0,0.35,0.9,864.0675586553999,304.6780114814479,185.095499832936
8,0.0,0.35,1.0,960.0889778986001,323.4045166215187,228.258809275266
8,0.0,0.4,0.0,17.397387147800004,124.9896419779552,0.0
8,0.0,0.4,0.5,480.0690310438,228.2236539522816,0.0
8,0.0,0.4,0.6,576.0795313834001,246.3357055599202,-0.38398636399200003
8,0.0,0.4,0.7,672.0786122534,265.5125469062868,32.240312454504
8,0.0,0.4,0.8,768.108946495,284.9986360875442,68.231753232258
8,0.0,0.4,0.9,864.1351736336001,303.8371042216275,105.951426230496
8,0.0,0.4,1.0,960.1302483344001,322.5310575243582,145.848879682968
8,0.0,0.45,0.0,22.722217056,125.6111917070671,0.0
8,0.0,0.45,0.5,480.059464489,227.0384347195863,0.0
8,0.0,0.45,0.6,576.0714673472,245.120703634673,-70.107745535058
8,0.0,0.45,0.7,672.0843720448,264.401227207566,-40.810602736596
8,0.0,0.45,0.8,768.0959744502001,283.919554305543,-8.051314675404
8,0.0,0.45,0.9,864.1036199224001,302.8497120563368,26.451814410252005
8,0.0,0.45,1.0,960.1267419106,321.667278504037,63.135146005932
8,0.0,0.5,0.0,28.761368596400004,126.3548125806042,0.0
8,0.0,0.5,0.5,480.03983081340004,225.718779799873,0.0
8,0.0,0.5,0.6,576.0552399822001,243.6457398797968,-140.42177682779402
8,0.0,0.5,0.7,672.0832699790001,263.1210065190057,-114.37519436989801
8,0.0,0.5,0.8,768.0704308134001,282.6466721547673,-84.81441936151802
8,0.0,0.5,0.9,864.0809812096,301.6991578941305,-53.34861184606801
8,0.0,0.5,1.0,960.0923833886,320.4978212678037,-19.833632592312
8,0.0,0.55,0.0,36.2658622744,127.0895248454141,0.0
8,0.0,0.55,0.5,480.04163367160004,224.0777992885784,0.0
8,0.0,0.55,0.6,576.0466253234,241.9725780604191,-211.40739770719804
8,0.0,0.55,0.7,672.0527182204,261.4852798505852,-188.52979879364403
8,0.0,0.55,0.8,768.0528510996,281.20460316393,-162.147641729304
8,0.0,0.55,0.9,864.0825846619999,300.3213659047447,-133.78105276536002
8,0.0,0.55,1.0,960.0825665508,319.2170293466388,-103.220893500648
8,761.9999756160008,0.0,0.0,1.0812972346,115.0105859232514,0.0
8,761.9999756160008,0.0,0.5,480.07258670360005,219.5507677979679,478.90110829684204
8,761.9999756160008,0.0,0.6,576.0606493774001,237.8572911247392,536.685649266228
8,761.9999756160008,0.0,0.7,672.0881287516,256.9936278220993,599.4783557277901
8,761.9999756160008,0.0,0.8,768.0955739974,276.0836633332124,663.8534817582361
8,761.9999756160008,0.0,0.9,864.0983114610001,295.0247858494058,729.9289643488921
8,761.9999756160008,0.0,1.0,960.1260411182001,314.4012245696272,798.1112489265302
8,761.9999756160008,0.05,0.0,1.4218437728000002,115.0348644785449,0.0
8,761.9999756160008,0.05,0.5,480.0567097348,219.4918882662615,417.88849051488006
8,761.9999756160008,0.05,0.6,576.0622019526,237.8057786690556,472.25437068579004
8,761.9999756160008,0.05,0.7,672.0758574992001,256.949282206931,531.510865907868
8,761.9999756160008,0.05,0.8,768.0841545278,276.0312367182256,592.556076242592
8,761.9999756160008,0.05,0.9,864.0783774458001,294.9621654692915,655.384585092468
8,761.9999756160008,0.05,1.0,960.1016996604001,314.2907464996825,720.489532802424
8,761.9999756160008,0.1,0.0,0.0,121.2243779376758,0.0
8,761.9999756160008,0.1,0.5,480.05089988680004,219.3366650458133,356.93676174756604
8,761.9999756160008,0.1,0.6,576.0553901520001,237.6623482907557,407.843070395838
8,761.9999756160008,0.1,0.7,672.069446972,256.8309804491518,463.57242607830005
8,761.9999756160008,0.1,0.8,768.0712825962,275.8801253432823,521.2926039732181
8,761.9999756160008,0.1,0.9,864.0659560236,294.7846978617437,580.8916121352961
8,761.9999756160008,0.1,1.0,960.0915824830001,314.0955178154767,642.835336665522
8,761.9999756160008,0.15,0.0,4.080197987800001,115.2844182723397,0.0
8,761.9999756160008,0.15,0.5,480.049046972,219.0747326742266,295.95714264085206
8,761.9999756160008,0.15,0.6,576.031949713,237.4220890736642,343.37274534024004
8,761.9999756160008,0.15,0.7,672.0604810964002,256.6357803031843,395.62114201348203
8,761.9999756160008,0.15,0.8,768.0646209654001,275.6268166658804,450.03279169926003
8,761.9999756160008,0.15,0.9,864.0672583158,294.499493726481,506.397890542698
8,761.9999756160008,0.15,1.0,960.0819658716001,313.7817305293477,565.1514642288901
8,761.9999756160008,0.2,0.0,6.275776474,115.5416245245396,0.0
8,761.9999756160008,0.2,0.5,480.07078384540006,218.7180276205208,234.92359731825601
8,761.9999756160008,0.2,0.6,576.0734211958,237.0883278278146,278.931445809786
8,761.9999756160008,0.2,0.7,672.0775101876,256.3634829370407,327.66395694001204
8,761.9999756160008,0.2,0.8,768.1067932406,275.2992659956454,378.74744263910407
8,761.9999756160008,0.2,0.9,864.0932024053999,294.1280545207294,431.83156109986203
8,761.9999756160008,0.2,1.0,960.1249390524,313.3330794826273,487.5771959330581
8,761.9999756160008,0.25,0.0,9.0411188758,115.8580817733829,0.0
8,761.9999756160008,0.25,0.5,480.05841247980004,218.2780143031843,173.76124755805202
8,761.9999756160008,0.25,0.6,576.0677615176,236.61524804917,214.36143480952202
8,761.9999756160008,0.25,0.7,672.0829696394,255.9104627328313,259.703229304134
8,761.9999756160008,0.25,0.8,768.0661735406001,274.8741150185068,307.378432346832
8,761.9999756160008,0.25,0.9,864.0965077822,293.6560736981766,357.19938109779
8,761.9999756160008,0.25,1.0,960.1033022922,312.7707802823188,409.737504573936
8,761.9999756160008,0.3,0.0,12.3590172112,116.31387860782,0.0
8,761.9999756160008,0.3,0.5,480.0478948496,217.7260950683117,112.41587845488
8,761.9999756160008,0.3,0.6,576.0530859071999,236.0096600841876,149.62706652847803
8,761.9999756160008,0.3,0.7,672.0705982738,255.3409681537694,191.59885174122002
8,761.9999756160008,0.3,0.8,768.0814498302001,274.3678405904019,235.89123551809203
8,761.9999756160008,0.3,0.9,864.1091294308001,293.0712166579879,282.43284794848205
8,761.9999756160008,0.3,1.0,960.1132192432001,312.1199905550213,331.843754886798
8,761.9999756160008,0.35,0.0,16.2486866498,116.810594597478,0.0
8,761.9999756160008,0.35,0.5,480.03918007760007,217.0744342229883,50.85714336225601
8,761.9999756160008,0.35,0.6,576.0577945100001,235.2809731303638,84.656359425792
8,761.9999756160008,0.35,0.7,672.0620336716,254.691806041731,123.32633457606002
8,761.9999756160008,0.35,0.8,768.1024358546001,273.8197903920893,164.35046966553602
8,761.9999756160008,0.35,0.9,864.1031193564,292.4002101620249,207.530092509894
8,761.9999756160008,0.35,1.0,960.1036026318001,311.3949012905742,253.72587451780802
8,761.9999756160008,0.4,0.0,20.3302148302,117.2329754941486,0.0
8,761.9999756160008,0.4,0.5,480.0533042448,216.2134673887327,0.0
8,761.9999756160008,0.4,0.6,576.0635042448,234.4481899116393,19.435500443898004
8,761.9999756160008,0.4,0.7,672.0610825962001,253.8903900895401,54.82083521607001
8,761.9999756160008,0.4,0.8,768.1111005700001,273.0131205970245,92.60990622899399
8,761.9999756160008,0.4,0.9,864.1253576164,291.6392277471651,132.469389675546
8,761.9999756160008,0.4,1.0,960.1144214222002,310.56727226481,175.44716964436202
8,761.9999756160008,0.45,0.0,25.2171397544,117.8286260703075,0.0
8,761.9999756160008,0.45,0.5,480.0548067634,215.1328155357888,0.0
8,761.9999756160008,0.45,0.6,576.07231913,233.4750607835435,-46.19029201479
8,761.9999756160008,0.45,0.7,672.0708493774001,252.9043111510478,-14.092058820840002
8,761.9999756160008,0.45,0.8,768.0995309306,272.1299243465481,20.601160053474
8,761.9999756160008,0.45,0.9,864.1021174038001,290.8730485659077,57.285161995908005
8,761.9999756160008,0.45,1.0,960.1129189036001,309.6523517859022,96.93973462958401
8,761.9999756160008,0.5,0.0,31.4665093204,118.466023878436,0.0
8,761.9999756160008,0.5,0.5,480.04083276600005,213.8944131908736,0.0
8,761.9999756160008,0.5,0.6,576.0537875202,232.3264911984941,-112.27637293441802
8,761.9999756160008,0.5,0.7,672.0518664376,251.7799419920167,-83.43045179007
8,761.9999756160008,0.5,0.8,768.0740874070001,271.0630354098703,-51.82573570528201
8,761.9999756160008,0.5,0.9,864.087692897,289.7914254771841,-18.290372038554
8,761.9999756160008,0.5,1.0,960.0905805304,308.6926286121745,18.221981990520003
8,761.9999756160008,0.55,0.0,38.47612703879999,119.1872225856845,0.0
8,761.9999756160008,0.55,0.5,480.06742841200014,212.4493603167014,0.0
8,761.9999756160008,0.55,0.6,576.0666594518001,230.8485150220448,-178.936079846832
8,761.9999756160008,0.55,0.7,672.0750565936,250.5061176115395,-153.293863272858
8,761.9999756160008,0.55,0.8,768.0929694130001,269.795464646285,-124.80310847512202
8,761.9999756160008,0.55,0.9,864.0886948496001,288.6642581672866,-94.17776899792801
8,761.9999756160008,0.55,1.0,960.11311913,307.582479916901,-60.62709989582402
8,1523.999951232002,0.0,0.0,5.331803367000001,106.989282017146,0.0
8,1523.999951232002,0.0,0.5,480.05195189600005,207.8895627180441,465.722316193134
8,1523.999951232002,0.0,0.6,576.0624021790001,226.5349158689105,526.5923311590481
8,1523.999951232002,0.0,0.7,672.0574760592,245.309707240225,590.9401344429662
8,1523.999951232002,0.0,0.8,768.0803477644,264.3617363677765,656.471887527456
8,1523.999951232002,0.0,0.9,864.095406537,283.7901731615713,724.6076588478421
8,1523.999951232002,0.0,1.0,960.1036026318001,304.581639254468,792.272841853878
8,1523.999951232002,0.05,0.0,5.616662348,107.0271237210378,0.0
8,1523.999951232002,0.05,0.5,480.05195189600005,207.8515848727207,408.405794691048
8,1523.999951232002,0.05,0.6,576.0712671208,226.5025918696362,465.808101005478
8,1523.999951232002,0.05,0.7,672.0697473116,245.264390857117,526.7013726000181
8,1523.999951232002,0.05,0.8,768.0754898124002,264.3070823666879,589.0217341451521
8,1523.999951232002,0.05,0.9,864.0810813228001,283.7038520085276,654.0750162246302
8,1523.999951232002,0.05,1.0,960.0925836150001,304.4626516432913,719.1595061259841
8,1523.999951232002,0.1,0.0,6.503968922,107.1357318346185,0.0
8,1523.999951232002,0.1,0.5,480.03877880420004,207.7389079549125,351.10394742192
8,1523.999951232002,0.1,0.6,576.0760750162001,226.3833474143155,405.02282863396204
8,1523.999951232002,0.1,0.7,672.0754069898001,245.1490299413953,462.490276016538
8,1523.999951232002,0.1,0.8,768.085957386,264.1553141444253,521.627875211058
8,1523.999951232002,0.1,0.9,864.0849881994,283.4665341013336,583.631740120506
8,1523.999951232002,0.1,1.0,960.1026006792,304.0981514399891,646.2647817285662
8,1523.999951232002,0.15,0.0,7.901108531800001,107.3148626132632,0.0
8,1523.999951232002,0.15,0.5,480.0449398690001,207.5558440456319,293.869315870746
8,1523.999951232002,0.15,0.6,576.0775274782001,226.168244888143,344.260998826668
8,1523.999951232002,0.15,0.7,672.0607822566002,244.9225626466479,398.21511972719406
8,1523.999951232002,0.15,0.8,768.0879104140001,263.914455624331,454.23001866165004
8,1523.999951232002,0.15,0.9,864.1003145456001,283.1567445077566,513.084907675494
8,1523.999951232002,0.15,1.0,960.1122172906001,303.5009013189695,573.44531721015
8,1523.999951232002,0.2,0.0,9.745905956600001,107.622174994194,0.0
8,1523.999951232002,0.2,0.5,480.0474943968,207.2521934481539,236.49168516712203
8,1523.999951232002,0.2,0.6,576.0555403218001,225.8587266417491,283.42919362573207
8,1523.999951232002,0.2,0.7,672.0535691826001,244.6456107406333,333.963777873264
8,1523.999951232002,0.2,0.8,768.0660233707999,263.6072644139527,386.719499820192
8,1523.999951232002,0.2,0.9,864.087692897,282.7146034542321,442.48697229983406
8,1523.999951232002,0.2,1.0,960.1010981605999,302.6825528347093,500.48011343576405
8,1523.999951232002,0.25,0.0,12.228239830400002,107.9967913011884,0.0
8,1523.999951232002,0.25,0.5,480.06532439360006,206.8853797761953,179.069816470776
8,1523.999951232002,0.25,0.6,576.0624522356001,225.4523360474463,222.56231509974
8,1523.999951232002,0.25,0.7,672.0794640362001,244.2911901495056,269.673614624106
8,1523.999951232002,0.25,0.8,768.0970264594,263.2239462834982,319.200060963168
8,1523.999951232002,0.25,0.9,864.1357751334001,282.1719217195864,371.80578670758604
8,1523.999951232002,0.25,1.0,960.123536647,301.9177439567268,427.06410391583404
8,1523.999951232002,0.3,0.0,15.290109324600001,108.4833631167559,0.0
8,1523.999951232002,0.3,0.5,480.0447396426,206.4282622295201,121.49864638388401
8,1523.999951232002,0.3,0.6,576.0535872938001,224.9756440763857,161.58234369400202
8,1523.999951232002,0.3,0.7,672.053970456,243.8800884066951,205.291281142794
8,1523.999951232002,0.3,0.8,768.0574587686001,262.7306066949106,251.563291852026
8,1523.999951232002,0.3,0.9,864.0665567028001,281.6034835231789,301.042809025266
8,1523.999951232002,0.3,1.0,960.0836686166,301.0048791666516,353.26473923433
8,1523.999951232002,0.35,0.0,18.710375868800003,109.0098042546494,0.0
8,1523.999951232002,0.35,0.5,480.0506996604,205.880283610723,63.763760004714
8,1523.999951232002,0.35,0.6,576.0569427272001,224.4423284979588,100.48886349994801
8,1523.999951232002,0.35,0.7,672.0809164982002,243.3234145141976,140.851273375428
8,1523.999951232002,0.35,0.8,768.0531514392001,262.1825855026763,183.79985656263
8,1523.999951232002,0.35,0.9,864.0924006792001,280.9733961824367,230.00761673736002
8,1523.999951232002,0.35,1.0,960.0880760592001,300.156319916266,279.262890688782
8,1523.999951232002,0.4,0.0,23.062615065600003,109.6241370843691,0.0
8,1523.999951232002,0.4,0.5,480.05019827380005,205.2272805325229,5.752323784746
8,1523.999951232002,0.4,0.6,576.0618507358,223.7139124234782,39.048021361272006
8,1523.999951232002,0.4,0.7,672.0775101876,242.6085765591944,76.165585969242
8,1523.999951232002,0.4,0.8,768.0757901520001,261.5538399269709,115.93715613018001
8,1523.999951232002,0.4,0.9,864.1057239408,280.2784606076386,158.88693321963
8,1523.999951232002,0.4,1.0,960.0970919914,299.2992791950467,204.98976210867002
8,1523.999951232002,0.45,0.0,28.3717920288,110.2537818484986,0.0
8,1523.999951232002,0.45,0.5,480.0525025186,204.4671977739272,0.0
8,1523.999951232002,0.45,0.6,576.0519846620001,222.9209634390819,-22.664252496270002
8,1523.999951232002,0.45,0.7,672.0851737710001,241.8564746826635,11.265695863422001
8,1523.999951232002,0.45,0.8,768.0899643758,260.8381734273791,47.94081204158399
8,1523.999951232002,0.45,0.9,864.0861903784,279.5432346545405,87.56892310412401
8,1523.999951232002,0.45,1.0,960.106107103,298.4381270961626,130.47539677187402
8,1523.999951232002,0.5,0.0,34.204940145200005,110.882784736188,0.0
8,1523.999951232002,0.5,0.5,480.0376275024,203.4279502262542,0.0
8,1523.999951232002,0.5,0.6,576.0593971418,221.9893097279325,-84.74599506219
8,1523.999951232002,0.5,0.7,672.0599805304,240.9486358973964,-54.030501286146006
8,1523.999951232002,0.5,0.8,768.0547040144,259.8844184881611,-20.436156891150002
8,1523.999951232002,0.5,0.9,864.0927018394001,278.708067323324,16.1056923951
8,1523.999951232002,0.5,1.0,960.083368277,297.5425377648553,55.67194072763401
8,1523.999951232002,0.55,0.0,40.7477152412,111.5746077716593,0.0
8,1523.999951232002,0.55,0.5,480.04639233100005,202.1359788011431,0.0
8,1523.999951232002,0.55,0.6,576.0631530280001,220.9025184110496,-147.393857694468
8,1523.999951232002,0.55,0.7,672.0812668944001,239.9064465719859,-119.768173150164
8,1523.999951232002,0.55,0.8,768.0879104140001,258.9118460896308,-89.109345693522
8,1523.999951232002,0.55,0.9,864.1042214222001,277.7220169230699,-55.634386630284006
8,1523.999951232002,0.55,1.0,960.1079099612,296.5738774441622,-19.188034844748
8,2285.999926848002,0.0,0.0,8.172367709000001,99.47634425165563,0.0
8,2285.999926848002,0.0,0.5,480.05215212240006,198.0656367836342,453.9451115051161
8,2285.999926848002,0.0,0.6,576.0383610608,216.4224164157671,516.996708818898
8,2285.999926848002,0.0,0.7,672.051816381,235.0453969913817,582.929432016162
8,2285.999926848002,0.0,0.8,768.0587610608001,254.4429235982945,650.2549400465581
8,2285.999926848002,0.0,0.9,864.089395642,275.1371893874626,719.2893429954541
8,2285.999926848002,0.0,1.0,960.0880760592001,297.2320057092443,787.504484350122
8,2285.999926848002,0.05,0.0,8.3819177662,99.51801241867007,0.0
8,2285.999926848002,0.05,0.5,480.0644225542,198.026688638211,400.25103621472203
8,2285.999926848002,0.05,0.6,576.0633031978,216.3911492669872,459.79729738404006
8,2285.999926848002,0.05,0.7,672.0909335624001,234.9994382639935,522.343766399994
8,2285.999926848002,0.05,0.8,768.1013337888,254.3830442925701,586.645320650928
8,2285.999926848002,0.05,0.9,864.0897969154,275.030594857117,652.931942896926
8,2285.999926848002,0.05,1.0,960.1090120270001,297.0862342597297,718.7517787222082
8,2285.999926848002,0.1,0.0,9.1142630568,99.64785765989296,0.0
8,2285.999926848002,0.1,0.5,480.06046644160006,197.915653370861,346.57648905495
8,2285.999926848002,0.1,0.6,576.0606493774001,216.2966900376486,402.595904267172
8,2285.999926848002,0.1,0.7,672.0886793742001,234.892872271886,461.80678165868403
8,2285.999926848002,0.1,0.8,768.0638701164,254.1904429976413,523.027113966588
8,2285.999926848002,0.1,0.9,864.0834856808,274.6909654945115,586.7868421046941
8,2285.999926848002,0.1,1.0,960.1058067634001,296.6271031298195,650.182591527546
8,2285.999926848002,0.15,0.0,10.3798096094,99.8521951883335,0.0
8,2285.999926848002,0.15,0.5,480.04368763340005,197.7209248075841,292.89113316540005
8,2285.999926848002,0.15,0.6,576.0389116834,216.1376978983943,345.38175009676803
8,2285.999926848002,0.15,0.7,672.063436077,234.7131632430373,401.22108179122205
8,2285.999926848002,0.15,0.8,768.0535518920001,253.8893337068856,459.417342886656
8,2285.999926848002,0.15,0.9,864.0636517788,274.1182156849316,520.667273205618
8,2285.999926848002,0.15,1.0,960.0855715880001,295.8696332574617,581.6555529966721
8,2285.999926848002,0.2,0.0,12.113175298400002,100.1577517658532,0.0
8,2285.999926848002,0.2,0.5,480.05305314120017,197.4732559410324,239.173502770818
8,2285.999926848002,0.2,0.6,576.056592331,215.9182407177719,288.17530246751403
8,2285.999926848002,0.2,0.7,672.0714000000002,234.4706195633675,340.63765718829006
8,2285.999926848002,0.2,0.8,768.0836030846,253.4651825037649,395.81996588211
8,2285.999926848002,0.2,0.9,864.094704924,273.4276773380205,454.3703462131681
8,2285.999926848002,0.2,1.0,960.1059068766001,294.8096262467568,513.05690968917
8,2285.999926848002,0.25,0.0,14.3667291746,100.5701887239409,0.0
8,2285.999926848002,0.25,0.5,480.06537445020007,197.1632375737095,185.40017487915003
8,2285.999926848002,0.25,0.6,576.0571930102002,215.6282248484079,230.91910728024604
8,2285.999926848002,0.25,0.7,672.0740045844001,234.1474520858206,280.02376850586603
8,2285.999926848002,0.25,0.8,768.0944719316,252.9869199939218,332.1206374544519
8,2285.999926848002,0.25,0.9,864.1212505134,272.7911936891954,387.69260844098403
8,2285.999926848002,0.25,1.0,960.112417517,293.5674114739182,444.19639566687
8,2285.999926848002,0.3,0.0,17.117577318600002,101.028241482718,0.0
8,2285.999926848002,0.3,0.5,480.05215212240006,196.7800050579697,131.48542339455602
8,2285.999926848002,0.3,0.6,576.0789298836,215.2003187616801,173.612949241116
8,2285.999926848002,0.3,0.7,672.1003991834,233.7648478791618,219.36392926602002
8,2285.999926848002,0.3,0.8,768.1099985042,252.461627870997,268.26799534180805
8,2285.999926848002,0.3,0.9,864.0909982738001,272.0105657382745,320.800437996192
8,2285.999926848002,0.3,1.0,960.1203313834001,292.249155863558,374.96405938299
8,2285.999926848002,0.35,0.0,20.7882286172,101.5259137372766,0.0
8,2285.999926848002,0.35,0.5,480.04333723720003,196.3159059354078,77.45193735279003
8,2285.999926848002,0.35,0.6,576.0427685034,214.6744984474281,116.149866452004
8,2285.999926848002,0.35,0.7,672.0534190128001,233.3194806011975,158.55532197720603
8,2285.999926848002,0.35,0.8,768.0625177676001,251.9614929068312,204.18818886127204
8,2285.999926848002,0.35,0.9,864.0680592214,271.1608640226799,253.690781620584
8,2285.999926848002,0.35,1.0,960.0767567027999,290.891352336932,305.0550300696361
8,2285.999926848002,0.4,0.0,25.1931716696,102.0726076675134,0.0
8,2285.999926848002,0.4,0.5,480.064322441,195.7685696608909,23.208686600484
8,2285.999926848002,0.4,0.6,576.0559407746,214.0867716768575,58.53634708660201
8,2285.999926848002,0.4,0.7,672.071650283,232.8072524416221,97.693708364406
8,2285.999926848002,0.4,0.8,768.0821506226,251.409616245396,140.06526978767403
8,2285.999926848002,0.4,0.9,864.0828850016001,270.3575636110859,186.35276697483602
8,2285.999926848002,0.4,1.0,960.1022002264001,289.7437965610995,234.844139209218
8,2285.999926848002,0.45,0.0,30.111056190600003,102.6997611837975,0.0
8,2285.999926848002,0.45,0.5,480.0390299078,195.1433932363241,0.0
8,2285.999926848002,0.45,0.6,576.0348045804002,213.4386804505126,0.6624004537920001
8,2285.999926848002,0.45,0.7,672.0520166074,232.0902011357163,36.602063061102
8,2285.999926848002,0.45,0.8,768.0549542974001,250.7873525924885,75.79477656735601
8,2285.999926848002,0.45,0.9,864.0463223480002,269.6220518077656,118.81891810912201
8,2285.999926848002,0.45,1.0,960.0734513260002,288.5680571697361,164.18486955208803
8,2285.999926848002,0.5,0.0,35.8635261974,103.3900352011249,0.0
8,2285.999926848002,0.5,0.5,480.0528529148,194.4140779734192,0.0
8,2285.999926848002,0.5,0.6,576.0688627628,212.6865500357435,-57.524676401808
8,2285.999926848002,0.5,0.7,672.0781116874001,231.2862298416039,-24.752656645332003
8,2285.999926848002,0.5,0.8,768.0929193564001,250.114404092806,11.441933450178
8,2285.999926848002,0.5,0.9,864.1026187904,268.8968198521274,51.17729510031601
8,2285.999926848002,0.5,1.0,960.1098129326,287.5175019299646,93.31325655128401
8,2285.999926848002,0.55,0.0,43.3674470966,104.2878374154949,0.0
8,2285.999926848002,0.55,0.5,480.05460653700004,193.4057120743899,0.0
8,2285.999926848002,0.55,0.6,576.0721189036001,211.8273249696997,-116.069943503976
8,2285.999926848002,0.55,0.7,672.0812668944001,230.4496201597569,-86.439212674122
8,2285.999926848002,0.55,0.8,768.085707103,249.1862343859204,-53.337935228424
8,2285.999926848002,0.55,0.9,864.1056238276001,268.0883512123742,-16.63810429512
8,2285.999926848002,0.55,1.0,960.1023003396001,286.6062076786719,22.276121725704
8,3047.999902464003,0.0,0.0,10.139380374200002,92.46089347609544,0.0
8,3047.999902464003,0.0,0.5,464.27228081740003,186.0420583009163,433.212583060026
8,3047.999902464003,0.0,0.6,557.1137240702001,203.4439690668602,495.56325700035006
8,3047.999902464003,0.0,0.7,649.9553683700001,221.507477599111,560.3015054637001
8,3047.999902464003,0.0,0.8,742.8357786344001,240.5987837635852,627.8446462161719
8,3047.999902464003,0.0,0.9,835.6674559266,261.8190270612356,694.292988393312
8,3047.999902464003,0.0,1.0,928.5237249596001,283.5395770203211,760.7340105796201
8,3047.999902464003,0.05,0.0,10.362289799400001,92.50166245468566,0.0
8,3047.999902464003,0.05,0.5,465.0954345246,186.1556919514651,383.93349467319
8,3047.999902464003,0.05,0.6,558.1131295278001,203.6110567089722,443.08587574759207
8,3047.999902464003,0.05,0.7,651.1354322,221.6844310505307,504.80401146945
8,3047.999902464003,0.05,0.8,744.1410053000002,240.8229665957543,569.4307866499561
8,3047.999902464003,0.05,0.9,837.1708714424001,262.0160545901298,633.775639429548
8,3047.999902464003,0.05,1.0,930.1901682568001,283.7814353144335,698.1298623845701
8,3047.999902464003,0.1,0.0,11.0333173962,92.62659631189332,0.0
8,3047.999902464003,0.1,0.5,467.6236481444,186.5470765786991,335.664839031522
8,3047.999902464003,0.1,0.6,561.1321801140001,204.1078372605461,391.8031943086801
8,3047.999902464003,0.1,0.7,654.6467221580001,222.2236152135535,450.81692614497007
8,3047.999902464003,0.1,0.8,748.1857566502,241.4822373260455,512.914492808718
8,3047.999902464003,0.1,0.9,841.7245400388001,262.6547941632949,575.3236239218161
8,3047.999902464003,0.1,1.0,935.2320700558,284.4998709588134,637.9201976878502
8,3047.999902464003,0.15,0.0,12.181828335600002,92.84097041123107,0.0
8,3047.999902464003,0.15,0.5,471.81159337400004,187.1698398846956,288.066965624592
8,3047.999902464003,0.15,0.6,566.1656674806001,204.9370078190148,341.487123530784
8,3047.999902464003,0.15,0.7,660.5303601512,223.1296836923705,397.986056859006
8,3047.999902464003,0.15,0.8,754.8924982940001,242.5789370256736,457.88169590625
8,3047.999902464003,0.15,0.9,849.2706143394,263.7238529417581,518.6181797559841
8,3047.999902464003,0.15,1.0,943.6198805506001,285.6969405779734,579.76783696524
8,3047.999902464003,0.2,0.0,13.784811352400002,93.1469555301642,0.0
8,3047.999902464003,0.2,0.5,477.800159848,188.0856174464302,241.12768588477803
8,3047.999902464003,0.2,0.6,573.363998581,206.1201142864012,292.01032688889603
8,3047.999902464003,0.2,0.7,668.9159665144001,224.4944262214461,346.263021212262
8,3047.999902464003,0.2,0.8,764.507702365,244.1571259274245,404.2321962284759
8,3047.999902464003,0.2,0.9,860.0715410980001,265.2463319276059,463.460507528634
8,3047.999902464003,0.2,1.0,955.6190515322,287.4055674741904,523.4289403617121
8,3047.999902464003,0.25,0.0,16.1782373192,93.48665600444527,0.0
8,3047.999902464003,0.25,0.5,480.04944742480006,188.1961951662887,191.90511213304202
8,3047.999902464003,0.25,0.6,576.0488786910001,206.3807900398259,239.660839967934
8,3047.999902464003,0.25,0.7,672.0656902652,224.7604133620611,291.0743466708001
8,3047.999902464003,0.25,0.8,768.0901646022,244.3601497612265,346.33125957599407
8,3047.999902464003,0.25,0.9,864.0935027450001,265.0444215529348,403.53832372854004
8,3047.999902464003,0.25,1.0,960.0905805304,287.0587993414678,461.68441157130604
8,3047.999902464003,0.3,0.0,19.095918366800003,93.89164027179534,0.0
8,3047.999902464003,0.3,0.5,480.05575783880005,187.8041822299737,141.43062912039602
8,3047.999902464003,0.3,0.6,576.0497805304001,206.082164979316,185.76742214646
8,3047.999902464003,0.3,0.7,672.0482607212001,224.3797937325592,233.82787885102803
8,3047.999902464003,0.3,0.8,768.072183615,243.6872297997823,286.047641442486
8,3047.999902464003,0.3,0.9,864.0775757196002,263.795925092806,340.72598148943206
8,3047.999902464003,0.3,1.0,960.0878758328,285.446687363422,396.6573757691161
8,3047.999902464003,0.35,0.0,22.6513648108,94.3722153146149,0.0
8,3047.999902464003,0.35,0.5,480.048845925,187.3977776004718,90.836423156094
8,3047.999902464003,0.35,0.6,576.0447215314001,205.7225901952282,131.83009905912002
8,3047.999902464003,0.35,0.7,672.0563239368001,223.9875805607367,176.52558631507802
8,3047.999902464003,0.35,0.8,768.0601134096,242.8639128550304,225.58181131794004
8,3047.999902464003,0.35,0.9,864.083585794,262.5893180879979,277.402277216988
8,3047.999902464003,0.35,1.0,960.095488539,283.6636472449424,331.09982167416007
8,3047.999902464003,0.4,0.0,26.6979764612,94.90967174462489,0.0
8,3047.999902464003,0.4,0.5,480.05455565980003,186.9274108258188,40.065925781574
8,3047.999902464003,0.4,0.6,576.052485228,205.1991684965073,77.753236200024
8,3047.999902464003,0.4,0.7,672.0628854544001,223.5340036269618,119.15299544471401
8,3047.999902464003,0.4,0.8,768.0823516696,242.167321126735,164.93820719145
8,3047.999902464003,0.4,0.9,864.1135368734001,261.6585780683117,213.86078853816602
8,3047.999902464003,0.4,1.0,960.1012992076002,281.7983692806859,264.92974679556
8,3047.999902464003,0.45,0.0,31.337379704400004,95.51272542048444,0.0
8,3047.999902464003,0.45,0.5,480.05370469760004,186.3888835101152,0.0
8,3047.999902464003,0.45,0.6,576.0653571596001,204.5724074979588,23.47478490357
8,3047.999902464003,0.45,0.7,672.065089586,223.0212903173365,61.67606534674201
8,3047.999902464003,0.45,0.8,768.0939213089999,241.5989970832804,104.15185345765202
8,3047.999902464003,0.45,0.9,864.1018170642001,260.5474295990203,149.87001584986203
8,3047.999902464003,0.45,1.0,960.1164245068001,280.0369167019867,198.10709179846202
8,3047.999902464003,0.5,0.0,37.7104522586,96.21954646974508,0.0
8,3047.999902464003,0.5,0.5,480.05926426260004,185.7713740469927,0.0
8,3047.999902464003,0.5,0.6,576.066258999,203.9399496120838,-31.081972835760002
8,3047.999902464003,0.5,0.7,672.076458999,222.382507702894,4.048390410834
8,3047.999902464003,0.5,0.8,768.0955739974,240.9766478156582,43.26918019208401
8,3047.999902464003,0.5,0.9,864.121550853,259.5542123582509,85.66997264826
8,3047.999902464003,0.5,1.0,960.1147217618002,278.7906471601197,131.05372497802202
8,3047.999902464003,0.55,0.0,45.69617942120001,97.11760552825909,0.0
8,3047.999902464003,0.55,0.5,480.0457908312,185.0475128624694,0.0
8,3047.999902464003,0.55,0.6,576.0717176302,203.2393746942756,-85.946816071578
8,3047.999902464003,0.55,0.7,672.0739044712001,221.5581479428468,-53.955539882706
8,3047.999902464003,0.55,0.8,768.0942216486001,240.314007701896,-17.699052805896002
8,3047.999902464003,0.55,0.9,864.091299434,258.8003397074299,21.336129213168
8,3047.999902464003,0.55,1.0,960.1036026318001,277.3685095555657,63.51196406339401
8,3809.999878080004,0.0,0.0,12.607265123200001,86.25255507221264,0.0
8,3809.999878080004,0.0,0.5,438.99545636320005,172.8449247716593,408.026104417932
8,3809.999878080004,0.0,0.6,526.8048154754,189.4643090920802,468.45553520304003
8,3809.999878080004,0.0,0.7,614.5848241874002,206.7608669749615,530.4648167099821
8,3809.999878080004,0.0,0.8,702.4087579762,224.9754443087182,594.9527616098221
8,3809.999878080004,0.0,0.9,790.2027899216,244.8573438833349,658.3224555840242
8,3809.999878080004,0.0,1.0,878.0022320828,265.5978687531525,721.7360890753861
8,3809.999878080004,0.05,0.0,12.8444677592,86.28484304780913,0.0
8,3809.999878080004,0.05,0.5,439.79276691460007,172.970437346911,362.71633488321004
8,3809.999878080004,0.05,0.6,527.7610967618001,189.6163341584868,420.05902437391205
8,3809.999878080004,0.05,0.7,615.7170051868,206.9422181221084,479.337993337896
8,3809.999878080004,0.05,0.8,703.6795260066001,225.1700872572802,541.305390405318
8,3809.999878080004,0.05,0.9,791.6185555102002,245.065878871995,602.5758176772181
8,3809.999878080004,0.05,1.0,879.5891395456,265.8247926597115,664.1235336392581
8,3809.999878080004,0.1,0.0,13.6232581892,86.38882515975689,0.0
8,3809.999878080004,0.1,0.5,442.22306326000006,173.356439475279,318.32315933418005
8,3809.999878080004,0.1,0.6,530.6639996240001,190.0985082783271,372.852398605302
8,3809.999878080004,0.1,0.7,619.1240182204,207.5037173160665,429.68883929155805
8,3809.999878080004,0.1,0.8,707.5737194130002,225.7791447234873,489.52639303722003
8,3809.999878080004,0.1,0.9,796.0142553242,245.6816035256282,548.9455427614621
8,3809.999878080004,0.1,1.0,884.4497322364001,266.5087915395083,608.8907189659141
8,3809.999878080004,0.15,0.0,14.737007692,86.56094535643653,0.0
8,3809.999878080004,0.15,0.5,446.32175593060003,173.9945937806405,274.70321653328403
8,3809.999878080004,0.15,0.6,535.5895526520001,190.9060922326953,326.65333336620597
8,3809.999878080004,0.15,0.7,624.8356125,208.4543597159576,381.2969572801621
8,3809.999878080004,0.15,0.8,714.1286525186001,226.8171501560374,439.311529940052
8,3809.999878080004,0.15,0.9,803.3813239408001,246.7359852285222,497.12249333623805
8,3809.999878080004,0.15,1.0,892.6481187096001,267.6452108526717,555.6427129564081
8,3809.999878080004,0.2,0.0,16.4760281356,86.80115451465119,0.0
8,3809.999878080004,0.2,0.5,452.02388376860006,174.8689239958269,231.60635460131402
8,3809.999878080004,0.2,0.6,542.4227101875999,192.0189539319605,281.184070234452
8,3809.999878080004,0.2,0.7,632.8219879366001,209.7683752926608,333.89930715187205
8,3809.999878080004,0.2,0.8,723.2484611902,228.2725394865282,390.169852851702
8,3809.999878080004,0.2,0.9,813.6272543014001,248.2086645208201,446.58169492536604
8,3809.999878080004,0.2,1.0,904.0414571232,269.2330512930237,504.066013516758
8,3809.999878080004,0.25,0.0,18.7112120602,87.11131557316521,0.0
8,3809.999878080004,0.25,0.5,459.33425549000003,175.9873253881883,188.87422980610802
8,3809.999878080004,0.25,0.6,551.218716664,193.4439753020956,236.262602726766
8,3809.999878080004,0.25,0.7,643.0947141696,211.4431932655357,287.246431839444
8,3809.999878080004,0.25,0.8,734.958089206,230.1591051051438,341.947226056128
8,3809.999878080004,0.25,0.9,826.82031212,250.0932165562007,397.177917149244
8,3809.999878080004,0.25,1.0,918.6944558902002,271.2606622417672,453.80437293807
8,3809.999878080004,0.3,0.0,21.4485096364,87.49389124158579,0.0
8,3809.999878080004,0.3,0.5,468.44915615300005,177.3715136856573,146.39747287288202
8,3809.999878080004,0.3,0.6,562.1570282746001,195.215237081466,191.80622375422203
8,3809.999878080004,0.3,0.7,655.8379543540001,213.5203896371224,241.22601645681002
8,3809.999878080004,0.3,0.8,749.5142727644001,232.4726341129457,294.33839712816
8,3809.999878080004,0.3,0.9,843.2139807366001,252.4639408718135,348.77266734710406
8,3809.999878080004,0.3,1.0,936.9152421046,273.7800707785539,404.712644022456
8,3809.999878080004,0.35,0.0,24.700987278000003,87.94124356454687,0.0
8,3809.999878080004,0.35,0.5,479.0252500000001,178.9467472423115,103.83823393066201
8,3809.999878080004,0.35,0.6,574.8426213089999,197.2492012970154,147.390197699052
8,3809.999878080004,0.35,0.7,670.6524792044002,215.9136292191781,195.36789349123202
8,3809.999878080004,0.35,0.8,766.4313348318001,235.2138699076476,247.00648991218202
8,3809.999878080004,0.35,0.9,862.236234662,255.1686692422209,300.70731760053604
8,3809.999878080004,0.35,1.0,958.0470945100001,276.782910053343,356.122236617994
8,3809.999878080004,0.4,0.0,28.4733371758,88.48083428050441,0.0
8,3809.999878080004,0.4,0.5,480.0534544146,178.6186824159485,56.658226310532
8,3809.999878080004,0.4,0.6,576.0754242804001,197.0667086203393,97.06736963015402
8,3809.999878080004,0.4,0.7,672.0664919914001,215.6112923163386,141.798169970226
8,3809.999878080004,0.4,0.8,768.0779934630001,234.8325648925882,190.63283803132802
8,3809.999878080004,0.4,0.9,864.0840871806,254.1356177671233,241.75446988585202
8,3809.999878080004,0.4,1.0,960.1024004527999,275.2015515357888,295.264204711938
8,3809.999878080004,0.45,0.0,34.2000288542,89.15851544933321,0.0
8,3809.999878080004,0.45,0.5,480.0581621968,178.0743871012429,8.836271152170001
8,3809.999878080004,0.45,0.6,576.051032766,196.5629179546403,46.04245853684401
8,3809.999878080004,0.45,0.7,672.080615338,215.1221787262088,87.501541022742
8,3809.999878080004,0.45,0.8,768.0775429536,233.9968403639663,133.06209363909002
8,3809.999878080004,0.45,0.9,864.1031193564,252.9638194596752,181.31058994771803
8,3809.999878080004,0.45,1.0,960.1047046976001,273.1293095894947,232.478030461446
8,3809.999878080004,0.5,0.0,40.710476413200006,89.90075853415587,0.0
8,3809.999878080004,0.5,0.5,480.06317113919994,177.5056635224531,0.0
8,3809.999878080004,0.5,0.6,576.0748236012001,195.9028051124014,-5.182020167478001
8,3809.999878080004,0.5,0.7,672.0933370998001,214.5594519201669,33.122107125492
8,3809.999878080004,0.5,0.8,768.1036880902001,233.1375016128096,75.22686075458401
8,3809.999878080004,0.5,0.9,864.1042214222001,252.0337648255466,120.575118957678
8,3809.999878080004,0.5,1.0,960.1229359678,271.2355916334029,168.899843967624
8,3809.999878080004,0.55,0.0,48.0992449762,90.72200575487618,0.0
8,3809.999878080004,0.55,0.5,480.067928978,176.8572579076476,0.0
8,3809.999878080004,0.55,0.6,576.0779287516001,195.1295442375034,-56.714745838674006
8,3809.999878080004,0.55,0.7,672.0988966648001,213.9308204974145,-21.368834305896
8,3809.999878080004,0.55,0.8,768.0963248464002,232.4255474233875,17.434598564922002
8,3809.999878080004,0.55,0.9,864.1099311570001,250.955767964438,59.591541379986005
8,3809.999878080004,0.55,1.0,960.1171261198,269.8984895576522,104.962155891978
8,4571.999853696005,0.0,0.0,15.068150974800002,80.26581515249933,0.0
8,4571.999853696005,0.0,0.5,414.45914545200003,160.5047033076295,384.380420236428
8,4571.999853696005,0.0,0.6,497.35767638260006,176.3896607456228,442.18033514377805
8,4571.999853696005,0.0,0.7,580.2413815330001,192.6621768155675,502.163926620972
8,4571.999853696005,0.0,0.8,663.1255380134,209.8936015498503,563.4731801811421
8,4571.999853696005,0.0,0.9,746.047558619,228.6808430784723,623.3838604394941
8,4571.999853696005,0.0,1.0,828.9247523084,248.4096326657897,683.8149401797561
8,4571.999853696005,0.05,0.0,15.292946959400002,80.2990958845142,0.0
8,4571.999853696005,0.05,0.5,415.20218808420003,160.6199500703983,342.683281471146
8,4571.999853696005,0.05,0.6,498.2492476148001,176.5326340442711,397.667960198586
8,4571.999853696005,0.05,0.7,581.2899704722,192.8375026517282,455.066156357736
8,4571.999853696005,0.05,0.8,664.3353018192001,210.063288043001,514.1602661949601
8,4571.999853696005,0.05,0.9,747.3800817230001,228.8750434504219,572.160947508612
8,4571.999853696005,0.05,1.0,830.4178996564001,248.6177676512746,630.851210124366
8,4571.999853696005,0.1,0.0,15.9666168882,80.39780216510933,0.0
8,4571.999853696005,0.1,0.5,417.494023771,160.9799959693369,301.891286973276
8,4571.999853696005,0.1,0.6,501.0058005700001,176.9628961730926,354.29854604113206
8,4571.999853696005,0.1,0.7,584.4932359112,193.3797703479997,409.42720742246405
8,4571.999853696005,0.1,0.8,668.0010057204,210.5955046653361,466.559907122694
8,4571.999853696005,0.1,0.9,751.5086754164,229.4555888774381,522.9648451140961
8,4571.999853696005,0.1,1.0,835.011537217,249.2602480728476,580.1885211442321
8,4571.999853696005,0.15,0.0,17.140680491,80.57818909407604,0.0
8,4571.999853696005,0.15,0.5,421.32896657500004,161.5718205502132,261.824186861622
8,4571.999853696005,0.15,0.6,505.59107293420004,177.6839161654722,311.861246598594
8,4571.999853696005,0.15,0.7,589.844715625,194.2849681766307,364.995205585164
8,4571.999853696005,0.15,0.8,674.1181922178,211.4773016064592,420.365064578844
8,4571.999853696005,0.15,0.9,758.3765426908,230.4389122385013,475.43396234518804
8,4571.999853696005,0.15,1.0,842.6526230474001,250.3259089296018,531.441061770696
8,4571.999853696005,0.2,0.0,18.732440161600003,80.81582138973056,0.0
8,4571.999853696005,0.2,0.5,426.6936686166,162.4081018084006,222.29935323657602
8,4571.999853696005,0.2,0.6,512.0202917610001,178.6892696429285,270.16621673441404
8,4571.999853696005,0.2,0.7,597.3600371200001,195.542659095709,321.531081706758
8,4571.999853696005,0.2,0.8,682.707245836,212.7922308746258,375.34237471130405
8,4571.999853696005,0.2,0.9,768.0266559064002,231.8183318431462,429.30033664980004
8,4571.999853696005,0.2,1.0,853.3792239610002,251.818033990293,484.31502929686803
8,4571.999853696005,0.25,0.0,20.791919676000003,81.12452606241496,0.0
8,4571.999853696005,0.25,0.5,433.57055100260004,163.4681088191055,183.13711848894002
8,4571.999853696005,0.25,0.6,520.2880968912001,179.9802127557834,229.01774944771802
8,4571.999853696005,0.25,0.7,607.0045415346001,197.1493740718498,278.80845919911604
8,4571.999853696005,0.25,0.8,693.7173796410001,214.5267279177175,331.15895408673003
8,4571.999853696005,0.25,0.9,780.4257101916,233.5832398878708,384.24203522258404
8,4571.999853696005,0.25,1.0,867.1490158716001,253.7459608729021,438.51533414581206
8,4571.999853696005,0.3,0.0,23.3037139104,81.5025898821555,0.0
8,4571.999853696005,0.3,0.5,442.05627877180007,164.8009413872811,144.24467139805802
8,4571.999853696005,0.3,0.6,530.4652100946,181.615696615259,188.190999672522
8,4571.999853696005,0.3,0.7,618.8824557366001,199.1407208730836,236.66784935824802
8,4571.999853696005,0.3,0.8,707.2895850218001,216.6699000176903,287.67683849289006
8,4571.999853696005,0.3,0.9,795.7177495674,235.753624835435,340.042863895812
8,4571.999853696005,0.3,1.0,884.1254787112001,256.1102884125918,393.78725923013405
8,4571.999853696005,0.35,0.0,27.009289124400002,81.98732027959721,0.0
8,4571.999853696005,0.35,0.5,452.12225155240003,166.3744046374853,105.432974179302
8,4571.999853696005,0.35,0.6,542.5579409646,183.5814726871995,147.725429792556
8,4571.999853696005,0.35,0.7,632.9834631428,201.4851605356074,194.909024012472
8,4571.999853696005,0.35,0.8,723.3991184266,219.2705466262361,244.56526807666802
8,4571.999853696005,0.35,0.9,813.8531392222001,238.3512585545677,296.41463228176804
8,4571.999853696005,0.35,1.0,904.2545201690001,258.904479013608,349.86773503974604
8,4571.999853696005,0.4,0.0,31.650071796200002,82.56271853125284,0.0
8,4571.999853696005,0.4,0.5,463.79962424400003,168.1823015614624,66.56652871360801
8,4571.999853696005,0.4,0.6,556.5689449628001,185.9224568836977,107.3707117791
8,4571.999853696005,0.4,0.7,649.3194337322001,204.2238545557471,153.335674316748
8,4571.999853696005,0.4,0.8,742.0805903016001,222.3605491660165,201.78918908517602
8,4571.999853696005,0.4,0.9,834.852866001,241.3985435622789,253.168410242748
8,4571.999853696005,0.4,1.0,927.6045569494,262.1246762710696,306.487492580346
8,4571.999853696005,0.45,0.0,36.9666612392,83.20568457071579,0.0
8,4571.999853696005,0.45,0.5,477.3283550574001,170.2390528584777,27.494316152688
8,4571.999853696005,0.45,0.6,572.7942264594,188.6277424515105,67.100961439974
8,4571.999853696005,0.45,0.7,668.2593962484001,207.3419120550667,111.772032416352
8,4571.999853696005,0.45,0.8,763.7386910252,225.9303557483444,159.31090062980402
8,4571.999853696005,0.45,0.9,859.203260135,244.9620539542774,210.38251580900402
8,4571.999853696005,0.45,1.0,954.6711346216,265.8184534281049,263.09116179885
8,4571.999853696005,0.5,0.0,42.9961387262,83.91308387018054,0.0
8,4571.999853696005,0.5,0.5,480.05300308460005,170.0981782899392,0.0
8,4571.999853696005,0.5,0.6,576.0533870674002,188.7389199422118,20.395202129610002
8,4571.999853696005,0.5,0.7,672.0530686166001,207.3302333658714,61.83486902485201
8,4571.999853696005,0.5,0.8,768.0977773084,226.0817384704708,107.08636242935401
8,4571.999853696005,0.5,0.9,864.0740701164001,244.6108595875896,155.59483095248402
8,4571.999853696005,0.5,1.0,960.0983934630001,264.7273790362878,206.51028469625402
8,4571.999853696005,0.55,0.0,49.972077379400005,84.69877338174726,0.0
8,4571.999853696005,0.55,0.5,480.0543053767999,169.4480168717228,0.0
8,4571.999853696005,0.55,0.6,576.0644052636001,188.0722395624603,-27.94027289361
8,4571.999853696005,0.55,0.7,672.0821186772,206.7335830156945,10.365870332663999
8,4571.999853696005,0.55,0.8,768.0735359638,225.3093056723215,52.148906450256014
8,4571.999853696005,0.55,0.9,864.1060242804,243.7838303326681,97.90996614168002
8,4571.999853696005,0.55,1.0,960.1028017261999,262.4925748639209,146.13826886597403
8,5333.999829312005,0.0,0.0,17.621170512000003,74.58436093096253,0.0
8,5333.999829312005,0.0,0.5,403.47748564640005,150.947179020049,371.28781906755006
8,5333.999829312005,0.0,0.6,484.14849049160006,166.2840862597297,428.22808031896204
8,5333.999829312005,0.0,0.7,564.8688552474,182.2516380375579,488.90311734726004
8,5333.999829312005,0.0,0.8,645.5601699426,200.245858534428,547.74654685674
8,5333.999829312005,0.0,0.9,726.2324024054001,219.260023969609,606.6355941967861
8,5333.999829312005,0.0,1.0,806.9397450598001,239.0073596690556,666.04077917916
8,5333.999829312005,0.05,0.0,17.818668417,74.61630644770027,0.0
8,5333.999829312005,0.05,0.5,404.21178806800003,151.065951892679,332.46639937434
8,5333.999829312005,0.05,0.6,485.0559386926,166.434198328495,386.84209498750204
8,5333.999829312005,0.05,0.7,565.8889455692001,182.4225806810306,445.08972323785207
8,5333.999829312005,0.05,0.8,646.7476462524,200.4130037208564,501.99589955869203
8,5333.999829312005,0.05,0.9,727.5861618168001,219.4513120377393,559.172690460384
8,5333.999829312005,0.05,1.0,808.4256801544,239.2070852310623,616.9822006230961
8,5333.999829312005,0.1,0.0,18.4606558004,74.72052388315342,0.0
8,5333.999829312005,0.1,0.5,406.46493246480003,151.4225427934319,294.56820863177404
8,5333.999829312005,0.1,0.6,487.7529398852,166.8879890651365,346.63218655203605
8,5333.999829312005,0.1,0.7,569.0549467416001,182.9362652264357,402.74261723850003
8,5333.999829312005,0.1,0.8,650.348238826,200.9183073810215,457.99783225812
8,5333.999829312005,0.1,0.9,731.6447361740001,220.0147817736551,513.7168097985001
8,5333.999829312005,0.1,1.0,812.9329192028001,239.8241521175723,570.20081445558
8,5333.999829312005,0.15,0.0,19.526011238800002,74.888004043001,0.0
8,5333.999829312005,0.15,0.5,410.1627160818,152.0087991429738,257.365749745104
8,5333.999829312005,0.15,0.6,492.1855026924,167.6387491766307,307.38220488221407
8,5333.999829312005,0.15,0.7,574.2270211392,183.8057696723215,361.559115771084
8,5333.999829312005,0.15,0.8,656.2545655886,201.7308593280414,415.367198940078
8,5333.999829312005,0.15,0.9,738.2760999636001,220.9329004066044,469.968409965978
8,5333.999829312005,0.15,1.0,820.3281860972,240.825308134809,525.3278908175761
8,5333.999829312005,0.2,0.0,21.3269869824,75.14170523813844,0.0
8,5333.999829312005,0.2,0.5,415.3813939946,152.8328019411231,220.73963248953
8,5333.999829312005,0.2,0.6,498.4672695464001,168.6918457231244,268.942545218886
8,5333.999829312005,0.2,0.7,581.531532956,185.0290809032931,321.421179090396
8,5333.999829312005,0.2,0.8,664.608568184,202.8778583743083,373.958964946644
8,5333.999829312005,0.2,0.9,747.68029413,222.2460589004808,427.616562608928
8,5333.999829312005,0.2,1.0,830.7703514594,242.2363092766942,482.14203423771005
8,5333.999829312005,0.25,0.0,23.750635647200003,75.47528121935953,0.0
8,5333.999829312005,0.25,0.5,422.18848270940003,153.9066579506487,184.578838635114
8,5333.999829312005,0.25,0.6,506.60665570020006,170.0644694843509,231.13900548076802
8,5333.999829312005,0.25,0.7,591.0609408352001,186.6296138420575,282.03955012556406
8,5333.999829312005,0.25,0.8,675.5138728008001,204.4126013171551,333.565983344748
8,5333.999829312005,0.25,0.9,759.9226302272001,223.9620528727207,386.57122107542403
8,5333.999829312005,0.25,1.0,844.3706541842001,244.0733465489431,440.3462664248341
8,5333.999829312005,0.3,0.0,26.9153542218,75.88324188460493,0.0
8,5333.999829312005,0.3,0.5,430.57689388340003,155.2256415200036,148.695005637024
8,5333.999829312005,0.3,0.6,516.6880048836,171.7499383020049,193.82845929631802
8,5333.999829312005,0.3,0.7,602.8020216284,188.5840677188606,243.164331435564
8,5333.999829312005,0.3,0.8,688.9205959856,206.3190262746984,293.829966026982
8,5333.999829312005,0.3,0.9,775.0296538446001,226.079254240225,346.52004292243805
8,5333.999829312005,0.3,1.0,861.1535875403999,246.2860490254014,399.61110950283603
8,5333.999829312005,0.35,0.0,30.6448975206,76.36904316774019,0.0
8,5333.999829312005,0.35,0.5,440.49641746440005,156.7820290791073,112.954191363552
8,5333.999829312005,0.35,0.6,528.6068900024001,173.7257514126826,156.75119378226
8,5333.999829312005,0.35,0.7,616.6988309306,190.8585770017237,204.670168177398
8,5333.999829312005,0.35,0.8,704.8037939602001,208.5809857503402,254.644435506384
8,5333.999829312005,0.35,0.9,792.8945327094,228.5681376224258,307.13268420542397
8,5333.999829312005,0.35,1.0,881.0081604544001,248.9419489380386,359.782462006968
8,5333.999829312005,0.4,0.0,34.994246564200004,76.9166292688016,0.0
8,5333.999829312005,0.4,0.5,451.9170514957999,158.5488646245124,77.15661290983802
8,5333.999829312005,0.4,0.6,542.295142994,175.9470775833258,119.639750369832
8,5333.999829312005,0.4,0.7,632.6840024054001,193.4819816856573,166.358725786638
8,5333.999829312005,0.4,0.8,723.0567846216001,211.2005068946748,215.78404273364401
8,5333.999829312005,0.4,0.9,813.4642256994001,231.4542456782183,268.17097121199004
8,5333.999829312005,0.4,1.0,903.8349047178001,252.0810227445341,320.318532075696
8,5333.999829312005,0.45,0.0,39.9347935954,77.53054057470743,0.0
8,5333.999829312005,0.45,0.5,464.8959442028,160.5304597693913,41.174018752020004
8,5333.999829312005,0.45,0.6,557.8946562662001,178.4774083120748,82.605475122786
8,5333.999829312005,0.45,0.7,650.8524491106,196.446472118026,128.07997870252203
8,5333.999829312005,0.45,0.8,743.8256675938002,214.4339968892317,176.995729362606
8,5333.999829312005,0.45,0.9,836.8280362508,234.7918314698358,229.28690590205403
8,5333.999829312005,0.45,1.0,929.8101196758,255.649701364692,281.354543817732
8,5333.999829312005,0.5,0.0,45.64457270780001,78.19906284042457,0.0
8,5333.999829312005,0.5,0.5,479.51293175940003,162.7762142041187,4.9000977665639995
8,5333.999829312005,0.5,0.6,575.4268679940001,181.3675135925792,45.358597200840016
8,5333.999829312005,0.5,0.7,671.3262287314,199.7908256826635,89.69219507047801
8,5333.999829312005,0.5,0.8,767.2303981848,218.2880939153588,138.39213322011003
8,5333.999829312005,0.5,0.9,863.1388741470001,238.3848532072032,190.007282183796
8,5333.999829312005,0.5,1.0,959.0449966284001,259.6604354236596,242.61722573041803
8,5333.999829312005,0.55,0.0,52.22243255680001,78.9250873169736,0.0
8,5333.999829312005,0.55,0.5,480.05575783880005,162.247310356618,0.0
8,5333.999829312005,0.55,0.6,576.0664592254,180.9560974613082,0.011797124262
8,5333.999829312005,0.55,0.7,672.0888295440001,199.2796539057425,41.065500866544006
8,5333.999829312005,0.55,0.8,768.1060916276001,217.8086178286311,87.04251985968001
8,5333.999829312005,0.55,0.9,864.0989121402001,236.4235889839427,135.88084302315602
8,5333.999829312005,0.55,1.0,960.1146216486001,257.0291785136533,186.65134039767602
8,6095.999804928007,0.0,0.0,20.9644746234,69.39979346067314,0.0
8,6095.999804928007,0.0,0.5,377.7382974046,139.2621445112039,348.039004629624
8,6095.999804928007,0.0,0.6,453.276020076,153.520070086637,402.64029394419606
8,6095.999804928007,0.0,0.7,528.8307217820001,168.6853497651275,459.995896172736
8,6095.999804928007,0.0,0.8,604.3672923309999,186.0156594948744,514.9080061942741
8,6095.999804928007,0.0,0.9,679.911375473,204.0399195284405,570.828758107608
8,6095.999804928007,0.0,1.0,755.4560601148,223.1349380030845,626.8421646642541
8,6095.999804928007,0.05,0.0,21.1989011696,69.42848374689287,0.0
8,6095.999804928007,0.05,0.5,378.4197851896001,139.3657125847773,312.499083981546
8,6095.999804928007,0.05,0.6,454.09406554820004,153.6594026546312,364.670425029372
8,6095.999804928007,0.05,0.7,529.7853503800001,168.8100052575524,419.812566741414
8,6095.999804928007,0.05,0.8,605.4471846984001,186.1678417555112,473.0601225910561
8,6095.999804928007,0.05,0.9,681.1456809629999,204.210205792434,527.4485156482081
8,6095.999804928007,0.05,1.0,756.8305052110001,223.317616412229,581.9719321993501
8,6095.999804928007,0.1,0.0,21.9057069264,69.5278473426472,0.0
8,6095.999804928007,0.1,0.5,380.49918312780005,139.684967984487,277.819864100394
8,6095.999804928007,0.1,0.6,456.58887172140004,154.0758302876712,327.831313655538
8,6095.999804928007,0.1,0.7,532.6815916114001,169.2039311915087,380.997561826266
8,6095.999804928007,0.1,0.8,608.7842776884002,186.5961333423751,432.859285855458
8,6095.999804928007,0.1,0.9,684.8754950598001,204.7309575284405,485.96035381370416
8,6095.999804928007,0.1,1.0,760.9824884662,223.8770454143155,539.25584679582
8,6095.999804928007,0.15,0.0,23.128867027200005,69.69347859892952,0.0
8,6095.999804928007,0.15,0.5,383.9863072364,140.2235949501043,243.83610206478602
8,6095.999804928007,0.15,0.6,460.77386197040005,154.7773188969427,291.95108193636
8,6095.999804928007,0.15,0.7,537.5743386926,169.8769653059059,343.36348770477605
8,6095.999804928007,0.15,0.8,614.365950473,187.3444377618616,394.02684703166403
8,6095.999804928007,0.15,0.9,691.145040718,205.6106417042548,446.12468480256604
8,6095.999804928007,0.15,1.0,767.9597917772,224.8114261646558,498.37614452010007
8,6095.999804928007,0.2,0.0,24.801248186000002,69.93927002367776,0.0
8,6095.999804928007,0.2,0.5,388.8336267222,140.9672733679579,210.379565304678
8,6095.999804928007,0.2,0.6,466.597697918,155.7464362972875,256.80190494327604
8,6095.999804928007,0.2,0.7,544.3699324426001,170.8350889347728,306.63726370292403
8,6095.999804928007,0.2,0.8,622.1195290750001,188.4023745806949,356.29328758023007
8,6095.999804928007,0.2,0.9,699.8898598076,206.8428189705162,407.65715926504805
8,6095.999804928007,0.2,1.0,777.6629461150001,226.109165120929,459.080579271006
8,6095.999804928007,0.25,0.0,27.014888898800002,70.21743550657716,0.0
8,6095.999804928007,0.25,0.5,395.1309455874,141.9308510752064,177.32623967058004
8,6095.999804928007,0.25,0.6,474.15824678200005,157.0026282570988,222.27707032330804
8,6095.999804928007,0.25,0.7,553.1826676705999,172.2184210850948,270.62335407630604
8,6095.999804928007,0.25,0.8,632.2025309468,189.7781104134083,319.516777785744
8,6095.999804928007,0.25,0.9,711.2309588252,208.4500195645469,370.3857916678921
8,6095.999804928007,0.25,1.0,790.2637941462,227.7895227869001,421.12262002041
8,6095.999804928007,0.3,0.0,29.916592864400005,70.59950450430918,0.0
8,6095.999804928007,0.3,0.5,402.8167582208,143.1285204652091,144.517003436652
8,6095.999804928007,0.3,0.6,483.3789777651999,158.5306324330037,188.16057473736603
8,6095.999804928007,0.3,0.7,563.9439274458,173.916682518915,235.082684792802
8,6095.999804928007,0.3,0.8,644.5028662314,191.4957179657081,283.54304982003003
8,6095.999804928007,0.3,0.9,725.0601523286001,210.3942511379842,333.991775859588
8,6095.999804928007,0.3,1.0,805.6295595084,229.8257433946294,384.268428291132
8,6095.999804928007,0.35,0.0,33.3860215546,71.04193094021592,0.0
8,6095.999804928007,0.35,0.5,411.979665625,144.5584391841604,111.851451381054
8,6095.999804928007,0.35,0.6,494.37073013020006,160.3561477424476,154.366530619224
8,6095.999804928007,0.35,0.7,576.7641489368,176.0393945734374,199.92622695322203
8,6095.999804928007,0.35,0.8,659.1783034848002,193.5445735275333,248.153893582056
8,6095.999804928007,0.35,0.9,741.557247728,212.7199729911095,298.371966514776
8,6095.999804928007,0.35,1.0,823.9642392586001,232.2499787782818,348.307936004028
8,6095.999804928007,0.4,0.0,37.3741474018,71.55146761643834,0.0
8,6095.999804928007,0.4,0.5,422.57759645860006,146.1992770042638,79.197104391636
8,6095.999804928007,0.4,0.6,507.0902311772,162.44243892307,120.67747650327601
8,6095.999804928007,0.4,0.7,591.6246520052,178.4777938122108,165.080624071902
8,6095.999804928007,0.4,0.8,676.1219603776001,195.9465939980042,213.06093274851003
8,6095.999804928007,0.4,0.9,760.6349955490001,215.3125385998367,262.94695406502603
8,6095.999804928007,0.4,1.0,845.1578976148002,235.034046725846,313.04650284138
8,6095.999804928007,0.45,0.0,42.1139994704,72.13270544661164,0.0
8,6095.999804928007,0.45,0.5,434.70223225660004,148.1176379629865,46.57173888998399
8,6095.999804928007,0.45,0.6,521.6495699426,164.8479710003629,87.01504053580801
8,6095.999804928007,0.45,0.7,608.5936022518,181.2501821348998,130.29217681418402
8,6095.999804928007,0.45,0.8,695.5457987104002,198.7350587056156,178.31474669454602
8,6095.999804928007,0.45,0.9,782.4798139554001,218.2202622658079,227.67887615134202
8,6095.999804928007,0.45,1.0,869.4254997736,238.2093846798512,278.275376952342
8,6095.999804928007,0.5,0.0,47.68745804900001,72.79620217536062,0.0
8,6095.999804928007,0.5,0.5,448.11867134540006,150.2443336748617,13.748616202860001
8,6095.999804928007,0.5,0.6,537.7479349814,167.4080699186247,52.826127928266004
8,6095.999804928007,0.5,0.7,627.3806041074,184.3306047155947,95.45097767066402
8,6095.999804928007,0.5,0.8,717.0093671774001,201.7841851314524,143.335421868408
8,6095.999804928007,0.5,0.9,806.6419361902001,221.4225987966978,192.27274595067001
8,6095.999804928007,0.5,1.0,896.2490625000002,241.8937671424295,243.49588396148403
8,6095.999804928007,0.55,0.0,53.792442224400006,73.48556951882429,0.0
8,6095.999804928007,0.55,0.5,463.0295600744001,152.5937417978772,0.0
8,6095.999804928007,0.55,0.6,555.653382669,170.2372965872267,18.316877647068004
8,6095.999804928007,0.55,0.7,648.2431971378,187.8266118817019,60.72927639886801
8,6095.999804928007,0.55,0.8,740.8799417206001,205.6038884342738,108.19856555508001
8,6095.999804928007,0.55,0.9,833.4736630660001,225.0607231143065,156.726591567084
8,6095.999804928007,0.55,1.0,926.0732443160001,245.9949627381838,208.76723946309002
8,6857.999780544007,0.0,0.0,22.789660528800002,64.65961595064866,0.0
8,6857.999780544007,0.0,0.5,348.53760418620004,127.8990503356618,322.16973622772406
8,6857.999780544007,0.0,0.6,418.24179962400007,140.8758986075478,373.81512419097004
8,6857.999780544007,0.0,0.7,487.94932505660006,155.1562964081466,427.48026692401805
8,6857.999780544007,0.0,0.8,557.6484368774001,171.21223953089,478.924966769634
8,6857.999780544007,0.0,0.9,627.3604198092,188.115885289032,531.102017997474
8,6857.999780544007,0.0,1.0,697.0647900348,205.676260470743,581.98144916604
8,6857.999780544007,0.05,0.0,23.008384894000002,64.69218229102785,0.0
8,6857.999780544007,0.05,0.5,349.2600620674,128.0182087084278,289.960856675028
8,6857.999780544007,0.05,0.6,419.1080775024,141.0281234416221,339.38401089747003
8,6857.999780544007,0.05,0.7,488.9582461918,155.3045095144698,391.05123650716206
8,6857.999780544007,0.05,0.8,558.8146260026001,171.3844242894856,440.98197533451605
8,6857.999780544007,0.05,0.9,628.6591858910001,188.3072159305997,491.76371202651
8,6857.999780544007,0.05,1.0,698.5138629568,205.8909059172639,541.482934434288
8,6857.999780544007,0.1,0.0,23.672807481400003,64.78943967123288,0.0
8,6857.999780544007,0.1,0.5,351.54250598720006,128.3935174185793,258.708062850006
8,6857.999780544007,0.1,0.6,421.8523592052,141.5065857191327,306.248687665536
8,6857.999780544007,0.1,0.7,492.15700407500003,155.785798948925,356.176329197304
8,6857.999780544007,0.1,0.8,562.4700125,171.9399697519732,404.891719573572
8,6857.999780544007,0.1,0.9,632.759030684,188.9389453896399,454.57032973275005
8,6857.999780544007,0.1,1.0,703.0828578994001,206.5768608359793,503.40708712278604
8,6857.999780544007,0.15,0.0,24.7916619368,64.9524940649551,0.0
8,6857.999780544007,0.15,0.5,355.33567696880004,129.0052013383834,228.222674160096
8,6857.999780544007,0.15,0.6,426.39250513420006,142.2968652086546,274.16010355041004
8,6857.999780544007,0.15,0.7,497.4672634096001,156.5778772831353,322.591951928862
8,6857.999780544007,0.15,0.8,568.523389962,172.8553903518099,370.323415168476
8,6857.999780544007,0.15,0.9,639.5821210988,189.978207440352,419.174318342934
8,6857.999780544007,0.15,1.0,710.6570796006,207.7073834941486,467.34964410149416
8,6857.999780544007,0.2,0.0,26.367581565600002,65.18194524303729,0.0
8,6857.999780544007,0.2,0.5,360.67844191060004,129.8702800181439,198.34541230211403
8,6857.999780544007,0.2,0.6,432.8179672542,143.4168656780368,242.98475190112202
8,6857.999780544007,0.2,0.7,504.966808049,157.6967642933866,290.07445843114203
8,6857.999780544007,0.2,0.8,577.0938118572,174.1664931568538,337.144079023752
8,6857.999780544007,0.2,0.9,649.2173092416001,191.449773273519,385.41209856996005
8,6857.999780544007,0.2,1.0,721.3662501496001,209.3095300129729,433.13736232536
8,6857.999780544007,0.25,0.0,28.413691044200004,65.46757791971332,0.0
8,6857.999780544007,0.25,0.5,367.6337580652,130.9852549505579,168.98792361666602
8,6857.999780544007,0.25,0.6,441.14712700520016,144.870541778554,212.594934107556
8,6857.999780544007,0.25,0.7,514.669110604,159.1521966651547,258.41423078486406
8,6857.999780544007,0.25,0.8,588.1901431274,175.858615126735,305.100143916876
8,6857.999780544007,0.25,0.9,661.7233451487999,193.3565126195228,353.05221484810204
8,6857.999780544007,0.25,1.0,735.2576500566,211.3878828849678,400.52392606010403
8,6857.999780544007,0.3,0.0,30.8319015928,65.81552360564274,0.0
8,6857.999780544007,0.3,0.5,375.32207516980003,132.1960018712692,139.52047849139402
8,6857.999780544007,0.3,0.6,450.3870912112001,146.4489019097342,182.09707794663004
8,6857.999780544007,0.3,0.7,525.4567149216001,160.7827406023769,226.761039332982
8,6857.999780544007,0.3,0.8,600.5152203226,177.6215956707793,273.13998258208204
8,6857.999780544007,0.3,0.9,675.597165342,195.300344189785,320.800291204932
8,6857.999780544007,0.3,1.0,750.6576237710001,213.5771133622426,368.09666025686414
8,6857.999780544007,0.35,0.0,33.874413953600005,66.23432131597569,0.0
8,6857.999780544007,0.35,0.5,383.82923947280005,133.522723981584,109.93010547195603
8,6857.999780544007,0.35,0.6,460.58739375000005,148.1841133444616,151.492362641466
8,6857.999780544007,0.35,0.7,537.3575689966,162.516295415767,195.02741605670403
8,6857.999780544007,0.35,0.8,614.1112657746002,179.5127012084732,241.20333720714
8,6857.999780544007,0.35,0.9,690.886149624,197.3594941023315,288.30429773376
8,6857.999780544007,0.35,1.0,767.6507653056001,215.8877015279869,335.756485708182
8,6857.999780544007,0.4,0.0,37.4664640812,66.71596724448881,0.0
8,6857.999780544007,0.4,0.5,393.58651073940007,135.1749270381022,80.58495703843201
8,6857.999780544007,0.4,0.6,472.32627123220004,150.1315000306632,120.897002832606
8,6857.999780544007,0.4,0.7,551.0373074426001,164.7201033186973,163.4948821275
8,6857.999780544007,0.4,0.8,629.7592125000001,181.7228193369319,209.59654647254402
8,6857.999780544007,0.4,0.9,708.4733538608001,199.6989362982854,256.20150911770804
8,6857.999780544007,0.4,1.0,787.1915530886,218.5402460923524,304.05735837800404
8,6857.999780544007,0.45,0.0,41.8603290336,67.30046030518007,0.0
8,6857.999780544007,0.45,0.5,404.62035988440005,136.9772557307448,51.086729785938005
8,6857.999780544007,0.45,0.6,485.53655836840005,152.3322810089812,90.158756411262
8,6857.999780544007,0.45,0.7,566.4686846984001,167.3008470791981,132.06938838508802
8,6857.999780544007,0.45,0.8,647.4015618774,184.1909011505035,178.06697772679203
8,6857.999780544007,0.45,0.9,728.3131526924002,202.3117331787172,224.30829927660002
8,6857.999780544007,0.45,1.0,809.2403693726001,221.5239394841695,272.87310139227606
8,6857.999780544007,0.5,0.0,46.939456531000005,67.95910272639027,0.0
8,6857.999780544007,0.5,0.5,417.02061552800006,139.0175311075025,21.454168958376002
8,6857.999780544007,0.5,0.6,500.4055259258,154.7694521678309,59.28311337055802
8,6857.999780544007,0.5,0.7,583.8288518920001,170.2521168218271,100.80670082914202
8,6857.999780544007,0.5,0.8,667.2122597712,186.9433585547492,146.39349972277802
8,6857.999780544007,0.5,0.9,750.6019288284001,205.2572915309807,192.50438745199202
8,6857.999780544007,0.5,1.0,834.0175411546,224.8705059318697,242.095040288178
8,6857.999780544007,0.55,0.0,52.743371593,68.70011118152954,0.0
8,6857.999780544007,0.55,0.5,430.7840970246,141.2598590822825,0.0
8,6857.999780544007,0.55,0.6,516.9333741308001,157.4747658060419,28.211704612476
8,6857.999780544007,0.55,0.7,603.0814982940001,173.4951722724304,69.320807376282
8,6857.999780544007,0.55,0.8,689.2409926908001,189.8801364864375,113.98598223705001
8,6857.999780544007,0.55,0.9,775.3912208724,208.5394387538782,160.74190990704
8,6857.999780544007,0.55,1.0,861.5468584492002,228.594693622698,211.55279934327
8,7619.999756160008,0.0,0.0,23.812466216,60.12585271069582,0.0
8,7619.999756160008,0.0,0.5,320.18032446840004,117.1196421968611,297.371833623018
8,7619.999756160008,0.0,0.6,384.22609148000004,128.9602138467749,346.059867001464
8,7619.999756160008,0.0,0.7,448.2648202054,142.4646667745623,396.28585687614003
8,7619.999756160008,0.0,0.8,512.3018223884001,157.3030952035743,444.43400667943206
8,7619.999756160008,0.0,0.9,576.329507479,172.7025372086547,492.60149378470805
8,7619.999756160008,0.0,1.0,640.3754246604,189.0249951955003,538.197026758314
8,7619.999756160008,0.05,0.0,24.021928469000002,60.15821226580785,0.0
8,7619.999756160008,0.05,0.5,320.8539492642,117.2218750551574,268.18481852085
8,7619.999756160008,0.05,0.6,385.0264817432,129.1012025682664,314.84992154523604
8,7619.999756160008,0.05,0.7,449.19505728900003,142.5908212262542,363.26954221173
8,7619.999756160008,0.05,0.8,513.3667388058001,157.4629013843781,410.014944948378
8,7619.999756160008,0.05,0.9,577.5311580126001,172.8848446207022,456.923819325204
8,7619.999756160008,0.05,1.0,641.713307103,189.2231787569627,501.61479030339603
8,7619.999756160008,0.1,0.0,24.640250569,60.25769703211467,0.0
8,7619.999756160008,0.1,0.5,322.9487227846,117.5736902454867,239.878198679658
8,7619.999756160008,0.1,0.6,387.53884301220006,129.5468982698902,284.87085994844404
8,7619.999756160008,0.1,0.7,452.1257579762001,143.0335760858206,331.70846716854
8,7619.999756160008,0.1,0.8,516.7214123302001,157.9686906624331,377.308555564248
8,7619.999756160008,0.1,0.9,581.312358902,173.4872484668421,423.254479275474
8,7619.999756160008,0.1,1.0,645.8992984839999,189.8450714127733,467.2434014805481
8,7619.999756160008,0.15,0.0,25.676180112,60.41960896062779,0.0
8,7619.999756160008,0.15,0.5,326.444461552,118.1507086269618,212.29456983134403
8,7619.999756160008,0.15,0.6,391.732973104,130.2871782981947,255.89364380811003
8,7619.999756160008,0.15,0.7,457.027520169,143.7828512732468,301.388419260852
8,7619.999756160008,0.15,0.8,522.3123505094001,158.8134664909734,346.056055321746
8,7619.999756160008,0.15,0.9,587.5840085786001,174.4604206362152,391.288808375388
8,7619.999756160008,0.15,1.0,652.8869200194,190.8837622308809,434.80179906424803
8,7619.999756160008,0.2,0.0,27.144578984600003,60.64780398838792,0.0
8,7619.999756160008,0.2,0.5,331.34266808500007,118.9528029471106,185.285927241492
8,7619.999756160008,0.2,0.6,397.60343882600006,131.3210293118026,227.770840875732
8,7619.999756160008,0.2,0.7,463.8648356848,144.8101628197406,272.077394902236
8,7619.999756160008,0.2,0.8,530.1363989570001,159.9909331475098,316.040222514324
8,7619.999756160008,0.2,0.9,596.399848957,175.8321732794158,360.8071971139021
8,7619.999756160008,0.2,1.0,662.6754200396,192.3332123329402,404.02601811772206
8,7619.999756160008,0.25,0.0,29.0535489706,60.94213147092444,0.0
8,7619.999756160008,0.25,0.5,337.65666564520006,119.9856186308627,158.72490013380002
8,7619.999756160008,0.25,0.6,405.18590017180003,132.6564036545405,200.33559841911003
8,7619.999756160008,0.25,0.7,472.72475130980007,146.1573014663885,243.62053420643403
8,7619.999756160008,0.25,0.8,540.2362805708,161.5009619760501,287.05143432966
8,7619.999756160008,0.25,0.9,607.7740042044001,177.5460970597841,331.43363967852605
8,7619.999756160008,0.25,1.0,675.3067697728001,194.2005034125918,374.7187222571101
8,7619.999756160008,0.3,0.0,31.332649766,61.2793692355983,0.0
8,7619.999756160008,0.3,0.5,345.4215381650001,121.3174663958995,132.70123668463202
8,7619.999756160008,0.3,0.6,414.51514155480004,134.2925013200581,173.457839809716
8,7619.999756160008,0.3,0.7,483.60200863920005,147.7974543687744,215.78696877276002
8,7619.999756160008,0.3,0.8,552.6791089424,163.3764337054341,259.02410443278603
8,7619.999756160008,0.3,0.9,621.7757920440001,179.6155263521727,302.972409496218
8,7619.999756160008,0.3,1.0,690.8626090718001,196.4987415387826,346.70083593129607
8,7619.999756160008,0.35,0.0,34.1810024226,61.69156338474099,0.0
8,7619.999756160008,0.35,0.5,354.57715782060006,122.9141017598657,106.991187869412
8,7619.999756160008,0.35,0.6,425.48776163080004,136.1952284704708,146.71889190882
8,7619.999756160008,0.35,0.7,496.39944124760007,149.7188703225075,188.39738329104
8,7619.999756160008,0.35,0.8,567.3169815896,165.56693530391,231.614286222396
8,7619.999756160008,0.35,0.9,638.2381284686,182.0212731680124,275.26235912175
8,7619.999756160008,0.35,1.0,709.1497079722001,199.2373499442076,319.853355465798
8,7619.999756160008,0.4,0.0,37.54049697200001,62.16570656363966,0.0
8,7619.999756160008,0.4,0.5,365.0709110224,124.7292371038737,81.279534136416
8,7619.999756160008,0.4,0.6,438.0805456258,138.3548764907013,120.03786783912001
8,7619.999756160008,0.4,0.7,511.111140815,152.0259464135898,161.240838720654
8,7619.999756160008,0.4,0.8,584.1139381792001,168.0941820315704,204.61996067343603
8,7619.999756160008,0.4,0.9,657.1387235204,184.7467464984124,248.09789760940802
8,7619.999756160008,0.4,1.0,730.1545438066,202.4116885920348,294.006937570038
8,7619.999756160008,0.45,0.0,41.4131447048,62.69949372475733,0.0
8,7619.999756160008,0.45,0.5,375.39029164780004,126.4822666917355,54.77428281448202
8,7619.999756160008,0.45,0.6,450.47158511080005,140.4441515546585,92.44275502123202
8,7619.999756160008,0.45,0.7,525.5535301302001,154.2390914666606,133.000421737722
8,7619.999756160008,0.45,0.8,600.6389315168001,170.3112106242402,176.19408271957803
8,7619.999756160008,0.45,0.9,675.7187725178001,187.2091028864193,219.67672676195403
8,7619.999756160008,0.45,1.0,750.7855914174,205.4024351392543,266.780207205204
8,7619.999756160008,0.5,0.0,45.834365178800006,63.28968320493513,0.0
8,7619.999756160008,0.5,0.5,386.5808081036,128.3534123049079,27.983277839748002
8,7619.999756160008,0.5,0.6,463.8742011926,142.6975444125919,64.46140014699002
8,7619.999756160008,0.5,0.7,541.2071365338,156.7448507722943,104.49048132230399
8,7619.999756160008,0.5,0.8,618.5160307568,172.6162020204119,147.06937561423803
8,7619.999756160008,0.5,0.9,695.82863163,189.8637316778554,191.103617174316
8,7619.999756160008,0.5,1.0,773.1385278056001,208.6088835156491,239.55455820265203
8,7619.999756160008,0.55,0.0,50.998441188200005,63.99515547155947,0.0
8,7619.999756160008,0.55,0.5,398.96884337200004,130.4269249045632,0.957876581046
8,7619.999756160008,0.55,0.6,478.76640814200005,145.2071732226254,36.36672731307
8,7619.999756160008,0.55,0.7,558.5497740702,159.6670662492062,75.89325882369
8,7619.999756160008,0.55,0.8,638.3586836352001,175.1421210182346,117.759241789266
8,7619.999756160008,0.55,0.9,718.1391946960001,192.8909426080922,162.886721044278
8,7619.999756160008,0.55,1.0,797.9403413850001,212.1542332956546,212.66112228669002
10,0.0,0.0,0.0,0.25323387760000005,124.0824736073664,0.0
10,0.0,0.0,0.5,480.0590139796,232.8303670110678,492.09745174220404
10,0.0,0.0,0.6,576.0728697526,251.0656752696181,546.313487394906
10,0.0,0.0,0.7,672.0556231444001,270.0936611653815,606.1282640300581
10,0.0,0.0,0.8,768.0694789174,289.1328976767668,669.410196402948
10,0.0,0.0,0.9,864.1125357414,308.1038309559104,733.935543715836
10,0.0,0.0,1.0,960.1035025186001,327.2541453080831,799.745676638832
10,0.0,0.05,0.0,0.47226514720000007,124.110714299374,0.0
10,0.0,0.05,0.5,480.0457908312,232.7780835551121,427.28390914855805
10,0.0,0.05,0.6,576.0610498302001,251.0049108106686,478.17897847935603
10,0.0,0.05,0.7,672.0542707956,270.0358090102513,534.523996278426
10,0.0,0.05,0.8,768.0925189036002,289.0910077536061,594.311826931284
10,0.0,0.05,0.9,864.0712653056,308.0541744213916,655.4445395360941
10,0.0,0.05,1.0,960.1047046976001,327.1898973127098,717.9992631139021
10,0.0,0.1,0.0,1.0905782206,124.2103702951103,0.0
10,0.0,0.1,0.5,480.06507411060005,232.6008587565091,362.526323383224
10,0.0,0.1,0.6,576.0758747898001,250.8241023578881,410.07650430978003
10,0.0,0.1,0.7,672.0684950760001,269.8757029440262,462.946160739678
10,0.0,0.1,0.8,768.0844548674,288.9198508394267,519.1726935267181
10,0.0,0.1,0.9,864.0806808700002,307.8784775881339,576.996315222558
10,0.0,0.1,1.0,960.1135195828001,326.9968960146059,636.3151135484221
10,0.0,0.15,0.0,2.1739417260000002,124.4038993167015,0.0
10,0.0,0.15,0.5,480.0465925574,232.3170824688379,297.75489030903003
10,0.0,0.15,0.6,576.0538876334001,250.5281332248934,341.98605234439805
10,0.0,0.15,0.7,672.0752067634,269.6045190370135,391.3398036591121
10,0.0,0.15,0.8,768.0977773084,288.6999230117935,444.039828108954
10,0.0,0.15,0.9,864.0979101876001,307.5966999128187,498.515982767418
10,0.0,0.15,1.0,960.1179270254001,326.6748850374672,554.647321422348
10,0.0,0.2,0.0,0.0,131.4659160759321,0.0
10,0.0,0.2,0.5,480.0332200598,231.9021828011431,232.89077812631402
10,0.0,0.2,0.6,576.040414202,250.0967861751791,273.768449789604
10,0.0,0.2,0.7,672.0633359638,269.2199732944752,319.683199930248
10,0.0,0.2,0.8,768.0809492642001,288.3833656451964,368.86911011827806
10,0.0,0.2,0.9,864.069762787,307.2013601664701,419.96017024638604
10,0.0,0.2,1.0,960.0950880862,326.2400544513291,472.87290991109404
10,0.0,0.25,0.0,7.4375392827999995,124.6840493767577,0.0
10,0.0,0.25,0.5,480.06467365780003,231.3485217980586,167.891608198314
10,0.0,0.25,0.6,576.0520847752,249.5483074354532,205.424029372254
10,0.0,0.25,0.7,672.0704481040001,268.7270622473011,247.95338650698002
10,0.0,0.25,0.8,768.0830024054001,287.9405396739545,293.63000697261
10,0.0,0.25,0.9,864.0978100744,306.7004256637939,341.324659857258
10,0.0,0.25,1.0,960.1101140928,325.6922896353987,391.03794700509
10,0.0,0.3,0.0,10.809694049,124.9444537829992,0.0
10,0.0,0.3,0.5,480.0654745634,230.6348118052255,102.667089221004
10,0.0,0.3,0.6,576.0724192432001,248.8557709440261,136.908602030046
10,0.0,0.3,0.7,672.0688955288,268.0736170603284,176.04502108809
10,0.0,0.3,0.8,768.1093978250001,287.3018281711876,218.348750270112
10,0.0,0.3,0.9,864.0965077822,306.1051460847319,262.61172197152206
10,0.0,0.3,1.0,960.1201311570002,325.0185706032841,309.04488501902404
10,0.0,0.35,0.0,14.8166567692,125.3022867988751,0.0
10,0.0,0.35,0.5,480.05660962160005,229.7028722438538,37.157584798488
10,0.0,0.35,0.6,576.0666594518001,248.0462739920167,68.10173042719201
10,0.0,0.35,0.7,672.0927364206,267.251099186247,103.91151702069602
10,0.0,0.35,0.8,768.1119515322,286.572056296471,142.88670545179804
10,0.0,0.35,0.9,864.1068260066,305.494846503402,183.78716401168202
10,0.0,0.35,1.0,960.1290461553999,324.2636701080469,226.92912021872402
10,0.0,0.4,0.0,19.4399138868,125.7499390072576,0.0
10,0.0,0.4,0.5,480.048845925,228.6353414307357,0.0
10,0.0,0.4,0.6,576.0493800776,247.0861227447156,-1.0590059731020003
10,0.0,0.4,0.7,672.0641376899999,266.2830667067948,31.418697307074
10,0.0,0.4,0.8,768.0662736538001,285.7175288115758,67.16419911478201
10,0.0,0.4,0.9,864.113336647,304.6177036343101,104.76385557884402
10,0.0,0.4,1.0,960.0983934630001,323.3872411627506,144.46501975844401
10,0.0,0.45,0.0,24.836817093,126.368561929511,0.0
10,0.0,0.45,0.5,480.0431361902,227.4514784661163,0.0
10,0.0,0.45,0.6,576.0551899256001,245.8351420543409,-70.666403712366
10,0.0,0.45,0.7,672.0802148852,265.1869097015332,-41.451390623874005
10,0.0,0.45,0.8,768.0680773326001,284.6443291815295,-8.944343770824
10,0.0,0.45,0.9,864.099312593,303.6237153932686,25.452165929652
10,0.0,0.45,1.0,960.1099138664001,322.523147753969,62.11869481910401
10,0.0,0.5,0.0,31.075786374600003,127.0650535400526,0.0
10,0.0,0.5,0.5,480.0395304738,226.0542973169736,0.0
10,0.0,0.5,0.6,576.0569927838001,244.3251132258006,-140.836041335682
10,0.0,0.5,0.7,672.0797643758,263.8996643958088,-114.84033672850201
10,0.0,0.5,0.8,768.0925189036002,283.4234451043274,-85.487051166132
10,0.0,0.5,0.9,864.0910992076002,302.4678213056337,-54.21887361706201
10,0.0,0.5,1.0,960.0982933498001,321.3362438295383,-20.812001233254
10,0.0,0.55,0.0,38.444523271,127.7976811099519,0.0
10,0.0,0.55,0.5,480.05645945180004,224.462002572258,0.0
10,0.0,0.55,0.6,576.0592970286001,242.6099473303094,-211.69742298566402
10,0.0,0.55,0.7,672.0828194696,262.2337840377393,-188.84143663862403
10,0.0,0.55,0.8,768.073135511,282.0195827325592,-162.58770235461603
10,0.0,0.55,0.9,864.1011162718002,301.0763515468566,-134.505046831848
10,0.0,0.55,1.0,960.0964904916,320.0646749055611,-104.018655068328
10,761.9999756160008,0.0,0.0,3.1941108254000006,115.6247826115395,0.0
10,761.9999756160008,0.0,0.5,480.0412332188,220.1814268391545,476.94750745488005
10,761.9999756160008,0.0,0.6,576.0429687298001,238.5858784286492,534.628413794706
10,761.9999756160008,0.0,0.7,672.0574760592,257.7853066209743,597.119894804664
10,761.9999756160008,0.0,0.8,768.0757901520001,276.786907745895,661.532393889906
10,761.9999756160008,0.0,0.9,864.0708640322,295.7759450283951,727.512980824014
10,761.9999756160008,0.0,1.0,960.0945875202,315.1224302944752,795.4514206535821
10,761.9999756160008,0.05,0.0,3.5500641286000003,115.6458845334301,0.0
10,761.9999756160008,0.05,0.5,480.06196896020003,220.1272154146784,416.1180704862721
10,761.9999756160008,0.05,0.6,576.0482780118,238.5400764276513,470.36075853874803
10,761.9999756160008,0.05,0.7,672.080615338,257.7518691625692,529.3731496815301
10,761.9999756160008,0.05,0.8,768.0779934630001,276.7380222116484,590.4020417211841
10,761.9999756160008,0.05,0.9,864.1155407786,295.7178650351991,653.14181525439
10,761.9999756160008,0.05,1.0,960.1096127062002,315.0586389109136,717.9160862929441
10,761.9999756160008,0.1,0.0,0.0,122.5391214733739,0.0
10,761.9999756160008,0.1,0.5,480.05921420600004,219.9707645821464,355.316372172762
10,761.9999756160008,0.1,0.6,576.0620517828,238.3917922096526,406.13659753312805
10,761.9999756160008,0.1,0.7,672.0742048108,257.6359940907195,461.62718255207403
10,761.9999756160008,0.1,0.8,768.058360608,276.580514528622,519.301933445064
10,761.9999756160008,0.1,0.9,864.0796789174,295.548250121564,578.7838706842501
10,761.9999756160008,0.1,1.0,960.0992953023999,314.871577309081,640.4031522785821
10,761.9999756160008,0.15,0.0,6.075126644399999,115.9264060584233,0.0
10,761.9999756160008,0.15,0.5,480.06302014880004,219.708860748798,294.51458089145405
10,761.9999756160008,0.15,0.6,576.0536874070001,238.1548452995555,341.85681242605204
10,761.9999756160008,0.15,0.7,672.0868765160001,257.4401090270344,393.86113437825003
10,761.9999756160008,0.15,0.8,768.0816500566,276.3357724689286,448.19424095384403
10,761.9999756160008,0.15,0.9,864.0906979342002,295.2625032919351,504.43301613196803
10,761.9999756160008,0.15,1.0,960.110714772,314.5582466347637,562.967567472156
10,761.9999756160008,0.2,0.0,8.2734213166,116.1908151748163,0.0
10,761.9999756160008,0.2,0.5,480.0496476511999,219.3297120081648,233.62451913246602
10,761.9999756160008,0.2,0.6,576.0456233708001,237.8120463211467,277.559759773758
10,761.9999756160008,0.2,0.7,672.0659906048,257.1356018145696,326.07709448899203
10,761.9999756160008,0.2,0.8,768.0676760592,276.0019396435635,377.034471816618
10,761.9999756160008,0.2,0.9,864.0537348278,294.8922921661073,429.99980678978403
10,761.9999756160008,0.2,1.0,960.0834683902001,314.0962317392725,485.361303574686
10,761.9999756160008,0.25,0.0,10.859190999800001,116.559577400254,0.0
10,761.9999756160008,0.25,0.5,480.06226929980005,218.8498218830627,172.62978052597202
10,761.9999756160008,0.25,0.6,576.048628408,237.3375672331489,213.156092629326
10,761.9999756160008,0.25,0.7,672.0735031978,256.6816679188968,258.302532422088
10,761.9999756160008,0.25,0.8,768.074838256,275.5856406665155,305.83778467750204
10,761.9999756160008,0.25,0.9,864.078978125,294.4217106529076,355.51762299022204
10,761.9999756160008,0.25,1.0,960.1003973682001,313.5482676235145,407.791365621024
10,761.9999756160008,0.3,0.0,14.134464088800001,117.0052445636397,0.0
10,761.9999756160008,0.3,0.5,480.07028327940003,218.2535429978227,111.44617049827802
10,761.9999756160008,0.3,0.6,576.0693641494001,236.7191726168012,148.60001701267802
10,761.9999756160008,0.3,0.7,672.0766592254,256.1159707968793,190.36513481046603
10,761.9999756160008,0.3,0.8,768.0834529148001,275.0844488518552,234.48438318921004
10,761.9999756160008,0.3,0.9,864.1010153380001,293.840251534428,280.916689954362
10,761.9999756160008,0.3,1.0,960.1119169510001,312.8925375061236,330.055641618318
10,761.9999756160008,0.35,0.0,17.9228542548,117.5081641113127,0.0
10,761.9999756160008,0.35,0.5,480.03246839020005,217.5255980381929,49.973185966704
10,761.9999756160008,0.35,0.6,576.0473761724,235.9825333191509,83.78229576116401
10,761.9999756160008,0.35,0.7,672.0572758328,255.464324454595,122.286626760606
10,761.9999756160008,0.35,0.8,768.0555057406001,274.5148686580786,163.08890643276
10,761.9999756160008,0.35,0.9,864.0811822566001,293.1601932707067,206.15571530076602
10,761.9999756160008,0.35,1.0,960.0774583158001,312.170389551574,252.065244565596
10,761.9999756160008,0.4,0.0,22.144861769800002,117.9326151998549,0.0
10,761.9999756160008,0.4,0.5,480.040131153,216.6451714003448,0.0
10,761.9999756160008,0.4,0.6,576.0333521184001,235.1262781012429,18.666069589398003
10,761.9999756160008,0.4,0.7,672.0601307002,254.6416353510841,53.936613596250005
10,761.9999756160008,0.4,0.8,768.0770423876,273.7011742458496,91.49900954548201
10,761.9999756160008,0.4,0.9,864.0781763988001,292.4099187771025,131.240345599902
10,761.9999756160008,0.4,1.0,960.0780589950002,311.3428461405244,173.88150874432802
10,761.9999756160008,0.45,0.0,27.3197655962,118.4631611656536,0.0
10,761.9999756160008,0.45,0.5,480.05736047060003,215.5589658191055,0.0
10,761.9999756160008,0.45,0.6,576.0519337848,234.1503933957181,-46.820139060156
10,761.9999756160008,0.45,0.7,672.0589285212001,253.6672355696272,-14.788769285136
10,761.9999756160008,0.45,0.8,768.1005821192001,272.8254021478727,19.634735328054003
10,761.9999756160008,0.45,0.9,864.1007149984001,291.631832132904,56.23048636497601
10,761.9999756160008,0.45,1.0,960.1084105272001,310.4288393530799,95.60866573519802
10,761.9999756160008,0.5,0.0,33.4088137196,119.0879665931235,0.0
10,761.9999756160008,0.5,0.5,480.06036632840005,214.3164942021229,0.0
10,761.9999756160008,0.5,0.6,576.0669597914,232.9582636988116,-112.76869124829001
10,761.9999756160008,0.5,0.7,672.0767092820001,252.5392397151411,-83.957339445672
10,761.9999756160008,0.5,0.8,768.0850054900001,271.778815594575,-52.603861495416005
10,761.9999756160008,0.5,0.9,864.1015167246001,290.558061738093,-19.18131180504
10,761.9999756160008,0.5,1.0,960.1048048108,309.4788533326681,17.100560373666
10,761.9999756160008,0.55,0.0,40.4202974824,119.8037968367051,0.0
10,761.9999756160008,0.55,0.5,480.0534544146,212.8629037163204,0.0
10,761.9999756160008,0.55,0.6,576.0688127062,231.4546737517917,-179.30289652644603
10,761.9999756160008,0.55,0.7,672.0702979342001,251.2552781781729,-153.66328794385802
10,761.9999756160008,0.55,0.8,768.0890625364,270.5549906753153,-125.36508902794802
10,761.9999756160008,0.55,0.9,864.1063246200001,289.4191581946839,-94.915952886216
10,761.9999756160008,0.55,1.0,960.1072091688001,308.3512004048807,-61.67528246002201
10,1523.999951232002,0.0,0.0,7.036427541000001,107.5757306489159,0.0
10,1523.999951232002,0.0,0.5,480.04443848240004,208.4982772575524,463.75743688936205
10,1523.999951232002,0.0,0.6,576.0610498302001,227.2549080168738,524.4884307459721
10,1523.999951232002,0.0,0.7,672.0893809872001,246.0529000401887,588.64782744768
10,1523.999951232002,0.0,0.8,768.0848052636002,265.0383396333121,654.2098537830241
10,1523.999951232002,0.0,0.9,864.1134367602,284.4433900426382,722.161813087638
10,1523.999951232002,0.0,1.0,960.1020000000001,305.1764617538783,789.6564637938901
10,1523.999951232002,0.05,0.0,7.2989268132000005,107.6203546288669,0.0
10,1523.999951232002,0.05,0.5,480.0413333320001,208.4573295640933,406.59807989631616
10,1523.999951232002,0.05,0.6,576.0756745634001,227.2104622839518,463.88832086982006
10,1523.999951232002,0.05,0.7,672.0756072162001,246.007383889413,524.561116884882
10,1523.999951232002,0.05,0.8,768.0900144324,264.990624634673,586.9120110120961
10,1523.999951232002,0.05,0.9,864.102217517,284.3591821227434,651.7705010895542
10,1523.999951232002,0.05,1.0,960.1016996604001,305.0586736843872,716.644149811128
10,1523.999951232002,0.1,0.0,8.043837131,107.7489006784904,0.0
10,1523.999951232002,0.1,0.5,480.0411831622,208.3337449573619,349.46262052039805
10,1523.999951232002,0.1,0.6,576.0518837282,227.0793819452055,403.24822505444405
10,1523.999951232002,0.1,0.7,672.0662408878001,245.8839134356346,460.50927413937603
10,1523.999951232002,0.1,0.8,768.0737870674001,264.8393991067767,519.660084547296
10,1523.999951232002,0.1,0.9,864.0845877466,284.1493053690466,581.353882278246
10,1523.999951232002,0.1,1.0,960.1005975946001,304.7077937061599,643.8634332923101
10,1523.999951232002,0.15,0.0,9.4300947642,107.9446575540234,0.0
10,1523.999951232002,0.15,0.5,480.04559060480005,208.1189853578881,292.338987626994
10,1523.999951232002,0.15,0.6,576.0502310398001,226.8624520361064,342.6561397671721
10,1523.999951232002,0.15,0.7,672.0523177676001,245.6603589125465,396.407478328092
10,1523.999951232002,0.15,0.8,768.0660233707999,264.6101331933231,452.362241776368
10,1523.999951232002,0.15,0.9,864.083585794,283.8413431583961,510.96988537795215
10,1523.999951232002,0.15,1.0,960.0975925574002,304.1054899777737,571.1418491860621
10,1523.999951232002,0.2,0.0,11.3334223046,108.2367216267804,0.0
10,1523.999951232002,0.2,0.5,480.0454904916,207.821959374399,235.20664022578802
10,1523.999951232002,0.2,0.6,576.0701650550001,226.5518058275424,282.05472344880604
10,1523.999951232002,0.2,0.7,672.0730526884,245.3896030791073,332.34578099599804
10,1523.999951232002,0.2,0.8,768.0667249838001,264.304598136442,385.008848299614
10,1523.999951232002,0.2,0.9,864.0918,283.3980030310261,440.5276955291521
10,1523.999951232002,0.2,1.0,960.1048048108,303.3516748712692,498.20419813117803
10,1523.999951232002,0.25,0.0,13.855978708000002,108.6371439865735,0.0
10,1523.999951232002,0.25,0.5,480.03532325760006,207.4246495539327,177.924149830812
10,1523.999951232002,0.25,0.6,576.060949717,226.1440018886873,221.33154867331203
10,1523.999951232002,0.25,0.7,672.0642378032001,245.0336404874354,268.211588353632
10,1523.999951232002,0.25,0.8,768.0661234840001,263.9155690834619,317.61177952996803
10,1523.999951232002,0.25,0.9,864.104121309,282.8637447550576,369.98194933946405
10,1523.999951232002,0.25,1.0,960.0957896992,302.5773000694003,424.905778196592
10,1523.999951232002,0.3,0.0,16.788146628000003,109.0804270374671,0.0
10,1523.999951232002,0.3,0.5,480.05300308460005,206.9264556578064,120.47656330571401
10,1523.999951232002,0.3,0.6,576.0585453589999,225.6711934572258,160.50642736774802
10,1523.999951232002,0.3,0.7,672.0712498302,244.6387863589767,204.02829892783802
10,1523.999951232002,0.3,0.8,768.0655728614,263.4384205005897,250.136201901432
10,1523.999951232002,0.3,0.9,864.0817829358,282.2928508666425,299.361872948754
10,1523.999951232002,0.3,1.0,960.0964904916,301.704726125465,351.322783832328
10,1523.999951232002,0.35,0.0,20.406222084600003,109.6253221230155,0.0
10,1523.999951232002,0.35,0.5,480.05280285820004,206.3313192377756,62.836645978722004
10,1523.999951232002,0.35,0.6,576.080533336,225.1217584525991,99.58216813822202
10,1523.999951232002,0.35,0.7,672.0755571596001,244.0640089309626,139.73048296099202
10,1523.999951232002,0.35,0.8,768.1065930142,262.8969378397895,182.55192045182403
10,1523.999951232002,0.35,0.9,864.1033195828,281.6898902909372,228.49582333670404
10,1523.999951232002,0.35,1.0,960.1191292044001,300.8489990988842,277.450997236182
10,1523.999951232002,0.4,0.0,24.8899968966,110.1747641452418,0.0
10,1523.999951232002,0.4,0.5,480.0596647153999,205.6318577790983,4.913387268636002
10,1523.999951232002,0.4,0.6,576.06460549,224.3876889999093,38.263510151328006
10,1523.999951232002,0.4,0.7,672.0910336756001,243.3558526664247,75.24134905194602
10,1523.999951232002,0.4,0.8,768.0847051504,262.2792431120385,114.83660333745601
10,1523.999951232002,0.4,0.9,864.0900972549999,281.0017795656355,157.50098396617202
10,1523.999951232002,0.4,1.0,960.1050050372002,300.0086350012701,203.31640046117403
10,1523.999951232002,0.45,0.0,30.093190908000004,110.8096061436088,0.0
10,1523.999951232002,0.45,0.5,480.04944742480006,204.8591681368049,0.0
10,1523.999951232002,0.45,0.6,576.061450283,223.5641147431734,-23.314894970136002
10,1523.999951232002,0.45,0.7,672.0669425008,242.6002101769936,10.501158050922001
10,1523.999951232002,0.45,0.8,768.0746380296001,261.5411043872812,46.966587807216015
10,1523.999951232002,0.45,0.9,864.0888950760002,280.2477071471469,86.34789872431803
10,1523.999951232002,0.45,1.0,960.0992953023999,299.1703265924884,128.99567236848603
10,1523.999951232002,0.5,0.0,35.93935866399999,111.4351035063957,0.0
10,1523.999951232002,0.5,0.5,480.04078270939993,203.7876531984941,0.0
10,1523.999951232002,0.5,0.6,576.0580948496,222.6340456060056,-85.25141694253801
10,1523.999951232002,0.5,0.7,672.0708493774001,241.6800924638483,-54.63959204734801
10,1523.999951232002,0.5,0.8,768.0749383692,260.6074515959357,-21.234515409954
10,1523.999951232002,0.5,0.9,864.1050223278,279.4227055106596,15.048252195438002
10,1523.999951232002,0.5,1.0,960.0983934630001,298.2557771106777,54.33668828233801
10,1523.999951232002,0.55,0.0,42.497675924000006,112.1217297754695,0.0
10,1523.999951232002,0.55,0.5,480.05465659360004,202.5244225863195,0.0
10,1523.999951232002,0.55,0.6,576.0625022922001,221.5398446396626,-147.739839801246
10,1523.999951232002,0.55,0.7,672.0895812136001,240.6287091473283,-120.21524550466202
10,1523.999951232002,0.55,0.8,768.0901646022,259.6341652736097,-89.75405290744202
10,1523.999951232002,0.55,0.9,864.0962074426001,278.4144392615441,-56.566540489536
10,1523.999951232002,0.55,1.0,960.108310414,297.2869736309535,-20.319384443820002
10,2285.999926848002,0.0,0.0,9.5490751994,100.0417340028123,0.0
10,2285.999926848002,0.0,0.5,480.06762863840004,198.5363324497868,452.155275885852
10,2285.999926848002,0.0,0.6,576.0651068766001,217.0602282622698,514.99337999109
10,2285.999926848002,0.0,0.7,672.0733029714002,235.7012552969246,580.7064496399321
10,2285.999926848002,0.0,0.8,768.0852565936,255.050538713871,647.9749145866921
10,2285.999926848002,0.0,0.9,864.099312593,275.7185343529892,716.8923982969981
10,2285.999926848002,0.0,1.0,960.1161241672,297.7437342157308,785.0847674341982
10,2285.999926848002,0.05,0.0,9.7825227698,100.0838377288397,0.0
10,2285.999926848002,0.05,0.5,480.0450900388,198.4984116809399,398.56733556948
10,2285.999926848002,0.05,0.6,576.0412159282,217.0220076080014,457.90633237272016
10,2285.999926848002,0.05,0.7,672.0546712484,235.6555534136805,520.2646198863961
10,2285.999926848002,0.05,0.8,768.0520493734,254.9817788698177,584.412106923876
10,2285.999926848002,0.05,0.9,864.0680592214,275.5978905883154,650.6404921839901
10,2285.999926848002,0.05,1.0,960.0766565896001,297.579430689286,716.3696159036341
10,2285.999926848002,0.1,0.0,10.5293590358,100.2087860890865,0.0
10,2285.999926848002,0.1,0.5,480.04028132280007,198.382279764946,345.012022057164
10,2285.999926848002,0.1,0.6,576.055890718,216.9273631140343,400.865729509014
10,2285.999926848002,0.1,0.7,672.0420996564001,235.5494585364239,459.842318263482
10,2285.999926848002,0.1,0.8,768.046991195,254.8039402651729,520.955952897534
10,2285.999926848002,0.1,0.9,864.0715656451999,275.252521764946,584.590624668204
10,2285.999926848002,0.1,1.0,960.07635625,297.1255253318516,647.9074933609741
10,2285.999926848002,0.15,0.0,11.8118140514,100.4394293234147,0.0
10,2285.999926848002,0.15,0.5,480.0590139796,198.1893074729203,291.47349167890803
10,2285.999926848002,0.15,0.6,576.0763261198,216.7711405874082,343.81803173440807
10,2285.999926848002,0.15,0.7,672.0786623100001,235.3802861994013,399.45551566027814
10,2285.999926848002,0.15,0.8,768.0718332188001,254.5074284378119,457.509354982218
10,2285.999926848002,0.15,0.9,864.1092295440002,274.6976471849769,518.6652899643601
10,2285.999926848002,0.15,1.0,960.1015995472002,296.3732236876531,579.5219762838661
10,2285.999926848002,0.2,0.0,13.630011727200001,100.7231274818108,0.0
10,2285.999926848002,0.2,0.5,480.04949748140007,197.9439226011068,237.87636712270202
10,2285.999926848002,0.2,0.6,576.0573932366001,216.5520689069219,286.75009633809003
10,2285.999926848002,0.2,0.7,672.076458999,235.1367722196317,339.026603537622
10,2285.999926848002,0.2,0.8,768.0799973682001,254.0737398490429,394.02501703395603
10,2285.999926848002,0.2,0.9,864.0977099612002,274.0624767629502,452.328381925728
10,2285.999926848002,0.2,1.0,960.1071090556001,295.3102182905743,510.99549555978
10,2285.999926848002,0.25,0.0,15.8110024072,101.1131988822462,0.0
10,2285.999926848002,0.25,0.5,480.0572103008001,197.628407581965,184.2215633874
10,2285.999926848002,0.25,0.6,576.0583951892,216.2485043919986,229.647968364276
10,2285.999926848002,0.25,0.7,672.0662408878001,234.8171308519459,278.53042187355004
10,2285.999926848002,0.25,0.8,768.0972767424,253.6375955682664,330.45937629982205
10,2285.999926848002,0.25,0.9,864.1092295440002,273.4264211876985,385.79302188966
10,2285.999926848002,0.25,1.0,960.1067077822,294.1393622128277,442.21300109217003
10,2285.999926848002,0.3,0.0,18.676215932,101.5396556007439,0.0
10,2285.999926848002,0.3,0.5,480.05385486740005,197.2365087986029,130.43604692811002
10,2285.999926848002,0.3,0.6,576.0699648286001,215.8222254526898,172.48932575536202
10,2285.999926848002,0.3,0.7,672.0747053768,234.4281588754423,217.990447483578
10,2285.999926848002,0.3,0.8,768.0902647154,253.1365464447972,266.692592395152
10,2285.999926848002,0.3,0.9,864.1213506266,272.6491340820104,319.085793753342
10,2285.999926848002,0.3,1.0,960.1197298836001,292.8595981360791,373.06563248262
10,2285.999926848002,0.35,0.0,22.411164523000004,102.0067605951193,0.0
10,2285.999926848002,0.35,0.5,480.05660962160005,196.7632577905289,76.513735693626
10,2285.999926848002,0.35,0.6,576.0526854544,215.2900518716321,115.17822085077002
10,2285.999926848002,0.35,0.7,672.0727523488001,233.9878887139617,157.38320844523201
10,2285.999926848002,0.35,0.8,768.0965759500001,252.6502314733739,202.829865722946
10,2285.999926848002,0.35,0.9,864.1148391656001,271.8124247502495,252.09771968535003
10,2285.999926848002,0.35,1.0,960.1150221014001,291.5547915213645,303.36420026220003
10,2285.999926848002,0.4,0.0,26.705943666600003,102.5283404078745,0.0
10,2285.999926848002,0.4,0.5,480.0513003396,196.2090255548399,22.369784335668005
10,2285.999926848002,0.4,0.6,576.0390618532,214.7109913686837,57.693823970706
10,2285.999926848002,0.4,0.7,672.0676432932,233.4609259345006,96.69865445024399
10,2285.999926848002,0.4,0.8,768.0714828225999,252.0836496659712,138.826703852298
10,2285.999926848002,0.4,0.9,864.078978125,271.0207744896127,184.86968594463602
10,2285.999926848002,0.4,1.0,960.0832681638001,290.4183722082011,233.15980736155802
10,2285.999926848002,0.45,0.0,31.651937840600006,103.1708208294475,0.0
10,2285.999926848002,0.45,0.5,480.04328718060003,195.5852484396263,0.0
10,2285.999926848002,0.45,0.6,576.0507324264,214.0523919887508,-0.040054441812000005
10,2285.999926848002,0.45,0.7,672.0665420480001,232.7448603674136,35.749572818652005
10,2285.999926848002,0.45,0.8,768.0654727482001,251.4698665482174,74.723082936348
10,2285.999926848002,0.45,0.9,864.0746707956,270.308135382473,117.48474702610801
10,2285.999926848002,0.45,1.0,960.0960900388001,289.254083667967,162.701710233216
10,2285.999926848002,0.5,0.0,37.405635465,103.8660558218271,0.0
10,2285.999926848002,0.5,0.5,480.0441381428,194.8380153736732,0.0
10,2285.999926848002,0.5,0.6,576.0600478776,213.2937080716683,-58.090649676906004
10,2285.999926848002,0.5,0.7,672.076458999,231.9465995279869,-25.462093911870003
10,2285.999926848002,0.5,0.8,768.0993298836,250.7812702050259,10.514109933096002
10,2285.999926848002,0.5,0.9,864.0927018394001,269.5750221946839,49.99719123075601
10,2285.999926848002,0.5,1.0,960.100797821,288.2285134218453,91.92738558649802
10,2285.999926848002,0.55,0.0,45.300106984,104.8176909781366,0.0
10,2285.999926848002,0.55,0.5,480.05135039620006,193.8141157840878,0.0
10,2285.999926848002,0.55,0.6,576.0581949628,212.4233615138347,-116.51332161176401
10,2285.999926848002,0.55,0.7,672.069446972,231.0995392368684,-87.019708497876
10,2285.999926848002,0.55,0.8,768.0845549806,249.8544993396535,-54.122558978334006
10,2285.999926848002,0.55,0.9,864.1021174038001,268.7643832453053,-17.659854646434002
10,2285.999926848002,0.55,1.0,960.0965906048001,287.3398060165109,21.07391598543
10,3047.999902464003,0.0,0.0,11.4988782414,92.98073152063867,0.0
10,3047.999902464003,0.0,0.5,456.3224672138,185.0222565216366,426.37060328709003
10,3047.999902464003,0.0,0.6,547.5811109274,202.1476434551392,487.06736542186803
10,3047.999902464003,0.0,0.7,638.8534274782,219.8292191310896,550.4922382307041
10,3047.999902464003,0.0,0.8,730.1052593912001,238.5637481945024,616.079502876684
10,3047.999902464003,0.0,0.9,821.3846889028,258.9914565461308,682.0712116952581
10,3047.999902464003,0.0,1.0,912.6455359274,280.2765761482355,747.095673757356
10,3047.999902464003,0.05,0.0,11.723763671400002,93.02232109053796,0.0
10,3047.999902464003,0.05,0.5,457.15929539940004,185.1486392792343,377.53844046349207
10,3047.999902464003,0.05,0.6,548.5830700922,202.3148597532432,435.06838177849215
10,3047.999902464003,0.05,0.7,640.0238246402,220.0182508070398,495.47952237260404
10,3047.999902464003,0.05,0.8,731.4479505498001,238.7818916804863,558.2919037560481
10,3047.999902464003,0.05,0.9,822.8852987872001,259.2065590723034,621.93639096897
10,3047.999902464003,0.05,1.0,914.3202935438001,280.5132657463486,684.8957446549681
10,3047.999902464003,0.1,0.0,12.418292431600001,93.14286473745805,0.0
10,3047.999902464003,0.1,0.5,459.6576572324,185.5204069086456,329.61472471065605
10,3047.999902464003,0.1,0.6,551.602121499,202.815366182346,384.23273844278407
10,3047.999902464003,0.1,0.7,643.5286039578,220.5828625403248,441.916218522702
10,3047.999902464003,0.1,0.8,735.4604457552001,239.4394346777647,502.26270735286806
10,3047.999902464003,0.1,0.9,827.3877299402001,259.8391306432913,563.88852115827
10,3047.999902464003,0.1,1.0,919.3339470084002,281.233900238592,625.1229992505961
10,3047.999902464003,0.15,0.0,13.555049096600001,93.35199247936133,0.0
10,3047.999902464003,0.15,0.5,463.89108011400003,186.154049833167,282.437961177372
10,3047.999902464003,0.15,0.6,556.6628552474001,203.6527468644652,334.385357478942
10,3047.999902464003,0.15,0.7,649.4392380498,221.5350614437993,389.56979464603205
10,3047.999902464003,0.15,0.8,742.215520739,240.5461288426926,447.75941099043007
10,3047.999902464003,0.15,0.9,835.0054770859999,260.9393428854214,507.6367207023421
10,3047.999902464003,0.15,1.0,927.7765506064,282.431227169736,567.361343038644
10,3047.999902464003,0.2,0.0,15.255301934400002,93.59916871042367,0.0
10,3047.999902464003,0.2,0.5,469.7519792812001,187.0227262023043,235.746147036708
10,3047.999902464003,0.2,0.6,563.6961546612,204.8115242498413,285.25178326814404
10,3047.999902464003,0.2,0.7,657.6323160616,222.8606986332215,338.16671990871004
10,3047.999902464003,0.2,0.8,751.5837537516,242.0767168987572,394.418226782118
10,3047.999902464003,0.2,0.9,845.5562767586001,262.5135911710968,452.68866150123006
10,3047.999902464003,0.2,1.0,939.4982488276,284.0952796770389,511.23250962121807
10,3047.999902464003,0.25,0.0,17.5272495596,93.93250188269981,0.0
10,3047.999902464003,0.25,0.5,477.2847303202001,188.152306630772,189.439738242216
10,3047.999902464003,0.25,0.6,572.7283642828,206.2992951239227,236.629512374178
10,3047.999902464003,0.25,0.7,668.1783078388,224.5471812600926,287.40189846291
10,3047.999902464003,0.25,0.8,763.6419759298001,244.0342837827271,342.013076615364
10,3047.999902464003,0.25,0.9,859.1103009258001,264.5121052806859,398.81137114618804
10,3047.999902464003,0.25,1.0,954.5557377466,286.2295427004445,456.34780552792205
10,3047.999902464003,0.3,0.0,20.462209981400004,94.31843289939218,0.0
10,3047.999902464003,0.3,0.5,480.04353746360005,188.2880700476277,140.40322730557202
10,3047.999902464003,0.3,0.6,576.0327514392001,206.6391102189966,184.5775321929
10,3047.999902464003,0.3,0.7,672.0578264554,224.9441626568992,232.43737417546802
10,3047.999902464003,0.3,0.8,768.0814998868001,244.2692886891046,284.51442141091206
10,3047.999902464003,0.3,0.9,864.0597457228,264.366304825093,339.028917946488
10,3047.999902464003,0.3,1.0,960.0815654188,285.9215234133176,394.78089416211606
10,3047.999902464003,0.35,0.0,24.031039590800003,94.81242184985939,0.0
10,3047.999902464003,0.35,0.5,480.05290297140004,187.8863339931961,89.933837949648
10,3047.999902464003,0.35,0.6,576.0484281816001,206.2648723945387,130.78165716369602
10,3047.999902464003,0.35,0.7,672.0635870674,224.5498226845687,175.264057333596
10,3047.999902464003,0.35,0.8,768.0897641494001,243.4568508950377,224.22225513303002
10,3047.999902464003,0.35,0.9,864.0965077822,263.2492456656083,275.842106310078
10,3047.999902464003,0.35,1.0,960.0974924442002,284.1335143665064,329.29042856602206
10,3047.999902464003,0.4,0.0,28.1125841832,95.33405172149143,0.0
10,3047.999902464003,0.4,0.5,480.0616177434,187.4108986402976,39.285446438238
10,3047.999902464003,0.4,0.6,576.0558406614,205.7369248119387,76.82582369847
10,3047.999902464003,0.4,0.7,672.0786623100001,224.0981587484351,118.02761535688201
10,3047.999902464003,0.4,0.8,768.1031366470002,242.782760397986,163.661822934456
10,3047.999902464003,0.4,0.9,864.074871022,262.3070552626327,212.33245665555003
10,3047.999902464003,0.4,1.0,960.1085114610001,282.3927922447609,263.23126427043604
10,3047.999902464003,0.45,0.0,32.714535242400004,95.93774774163114,0.0
10,3047.999902464003,0.45,0.5,480.064322441,186.8679740967069,0.0
10,3047.999902464003,0.45,0.6,576.0549896992001,205.1048238879615,22.668470298474002
10,3047.999902464003,0.45,0.7,672.0635870674,223.6004504701987,60.686232308394004
10,3047.999902464003,0.45,0.8,768.0907152248001,242.2081256611631,102.99813776359801
10,3047.999902464003,0.45,0.9,864.0896968022001,261.185998410596,148.54118307567
10,3047.999902464003,0.45,1.0,960.1034024054,280.7171747333757,196.49308764346802
10,3047.999902464003,0.5,0.0,39.455879947,96.67521511603013,0.0
10,3047.999902464003,0.5,0.5,480.0567097348,186.2488800596026,0.0
10,3047.999902464003,0.5,0.6,576.0686625364,204.4806757756509,-31.763823131502004
10,3047.999902464003,0.5,0.7,672.0582777854,222.9442782440352,3.1734655708140003
10,3047.999902464003,0.5,0.8,768.0837540750001,241.6228405474009,42.25949118930001
10,3047.999902464003,0.5,0.9,864.0946048108001,260.2207640820104,84.468809125932
10,3047.999902464003,0.5,1.0,960.1038028582002,279.45879842874,129.570570552192
10,3047.999902464003,0.55,0.0,47.44444310320001,97.56991180867279,0.0
10,3047.999902464003,0.55,0.5,480.0365254366,185.5098416785812,0.0
10,3047.999902464003,0.55,0.6,576.0564421612,203.7810571227434,-86.493192713466
10,3047.999902464003,0.55,0.7,672.0496130700001,222.1163493328495,-54.70794295104601
10,3047.999902464003,0.55,0.8,768.0631685034001,240.9640554349996,-18.558481381902002
10,3047.999902464003,0.55,0.9,864.0698629002001,259.4855952053888,20.301691203948
10,3047.999902464003,0.55,1.0,960.080963919,278.0721544392634,62.111751592506
10,3809.999878080004,0.0,0.0,13.863622597,86.64562439118208,0.0
10,3809.999878080004,0.0,0.5,431.6281875202,171.9097164124104,401.480907214464
10,3809.999878080004,0.0,0.6,517.9419949264001,188.2717653567994,460.4548439401681
10,3809.999878080004,0.0,0.7,604.2837995634001,205.1776099628051,521.032333283154
10,3809.999878080004,0.0,0.8,690.5927990742,222.9356690528894,584.3905677529921
10,3809.999878080004,0.0,0.9,776.9515827458,242.2649209657988,646.9029175870801
10,3809.999878080004,0.0,1.0,863.2545713616,262.4760418671868,708.9596469222961
10,3809.999878080004,0.05,0.0,14.144766721800002,86.67559983380207,0.0
10,3809.999878080004,0.05,0.5,432.43521397560005,172.0386690149687,356.55232522371
10,3809.999878080004,0.05,0.6,518.9201131994,188.4321998466842,412.50144699456
10,3809.999878080004,0.05,0.7,605.407817234,205.3657850237685,470.35374191652
10,3809.999878080004,0.05,0.8,691.8970738438001,223.1488866518189,531.164472785562
10,3809.999878080004,0.05,0.9,778.3914395092,242.4847921847955,591.5225679113521
10,3809.999878080004,0.05,1.0,864.8759374596001,262.7015383939944,651.734737845576
10,3809.999878080004,0.1,0.0,14.859435467800001,86.77660508001452,0.0
10,3809.999878080004,0.1,0.5,434.8366613074,172.4109367653089,312.531710785602
10,3809.999878080004,0.1,0.6,521.804834848,188.9057076989023,365.71102337847003
10,3809.999878080004,0.1,0.7,608.7689513422,205.9194174886147,421.113435780576
10,3809.999878080004,0.1,0.8,695.7400306274,223.7729210790166,479.6695311846901
10,3809.999878080004,0.1,0.9,782.7213764392,243.1097398356165,538.206768804936
10,3809.999878080004,0.1,1.0,869.6786318968002,263.3765140442711,596.83129340142
10,3809.999878080004,0.15,0.0,15.944114395000001,86.95054564202123,0.0
10,3809.999878080004,0.15,0.5,438.77628230920004,173.0162814535063,269.19738463233
10,3809.999878080004,0.15,0.6,526.5212317068,189.6758565023134,319.79302425793804
10,3809.999878080004,0.15,0.7,614.2672322930001,206.8271856300463,373.01090380785007
10,3809.999878080004,0.15,0.8,702.035871592,224.7940080146965,429.591330750582
10,3809.999878080004,0.15,0.9,789.7954457228001,244.1141225451329,486.47824805811
10,3809.999878080004,0.15,1.0,877.5457536384001,264.474698667967,543.782150404878
10,3809.999878080004,0.2,0.0,17.6649798842,87.18652178417854,0.0
10,3809.999878080004,0.2,0.5,444.40408430220003,173.8859861348998,226.440608691528
10,3809.999878080004,0.2,0.6,533.2740525024001,190.7788238540325,274.67351576834403
10,3809.999878080004,0.2,0.7,622.1533862104001,208.1215266646104,325.963869497112
10,3809.999878080004,0.2,0.8,711.0492993208001,226.2503681131271,380.821363383846
10,3809.999878080004,0.2,0.9,799.9264297178,245.5684699960084,436.23138935930405
10,3809.999878080004,0.2,1.0,888.8030587282001,266.0406661861563,492.46038334647005
10,3809.999878080004,0.25,0.0,19.912323459600003,87.49886718751702,0.0
10,3809.999878080004,0.25,0.5,451.58448447200004,174.9728630664974,184.00000644564
10,3809.999878080004,0.25,0.6,541.90031951,192.1786599950104,230.07298288543802
10,3809.999878080004,0.25,0.7,632.2107451528001,209.7556827942484,279.59786345106005
10,3809.999878080004,0.25,0.8,722.5424571596002,228.1307512265264,332.87117627379
10,3809.999878080004,0.25,0.9,812.8641020456,247.4039362616348,387.00665288300405
10,3809.999878080004,0.25,1.0,903.1712723682001,268.0627659800417,442.30916404659604
10,3809.999878080004,0.3,0.0,22.653406463600003,87.87823019885694,0.0
10,3809.999878080004,0.3,0.5,460.41514981,176.3017980598748,141.74570188086
10,3809.999878080004,0.3,0.6,552.4957458724,193.895996200127,185.828663460132
10,3809.999878080004,0.3,0.7,644.583002745,211.7908605866824,233.75859337630803
10,3809.999878080004,0.3,0.8,736.6607939966001,230.4900536970879,285.583394510568
10,3809.999878080004,0.3,0.9,828.7477505296001,249.6723491218362,338.607377485146
10,3809.999878080004,0.3,1.0,920.8355087888001,270.5650702874898,393.18727442009407
10,3809.999878080004,0.35,0.0,25.868811859,88.3380822701624,0.0
10,3809.999878080004,0.35,0.5,470.9057978614,177.8678371575796,99.49339857025802
10,3809.999878080004,0.35,0.6,565.0843727078001,195.9241498432369,141.76561656180002
10,3809.999878080004,0.35,0.7,659.261846309,214.2076437474372,188.15985056715002
10,3809.999878080004,0.35,0.8,753.4442779754,233.21903956999,238.58145447490202
10,3809.999878080004,0.35,0.9,847.624405397,252.4835864078745,290.713895838828
10,3809.999878080004,0.35,1.0,941.8166038446001,273.5377844108682,344.799869542128
10,3809.999878080004,0.4,0.0,29.997881500400002,88.88566837122382,0.0
10,3809.999878080004,0.4,0.5,480.05100000000004,179.0877930402794,55.884318322602006
10,3809.999878080004,0.4,0.6,576.0736214222,197.6043217767395,96.141747981972
10,3809.999878080004,0.4,0.7,672.0624349450001,216.1883682421301,140.683060377552
10,3809.999878080004,0.4,0.8,768.0796970286002,235.4053287373673,189.33626019000002
10,3809.999878080004,0.4,0.9,864.090597821,254.6900642735191,240.18433185238803
10,3809.999878080004,0.4,1.0,960.1089119138001,275.6384953550757,293.41105802223603
10,3809.999878080004,0.45,0.0,35.737038913400006,89.56830349750523,0.0
10,3809.999878080004,0.45,0.5,480.04048236980003,178.5552054208473,8.179287295872001
10,3809.999878080004,0.45,0.6,576.0429186732001,197.0919934994103,45.230697976002006
10,3809.999878080004,0.45,0.7,672.0742048108,215.6946146151683,86.51349883776601
10,3809.999878080004,0.45,0.8,768.0696299078,234.576700405425,131.877282663126
10,3809.999878080004,0.45,0.9,864.0879932366,253.5730336522725,179.856402330528
10,3809.999878080004,0.45,1.0,960.0898789174,273.5590861004264,230.66120971555202
10,3809.999878080004,0.5,0.0,42.266537522,90.3056211631135,0.0
10,3809.999878080004,0.5,0.5,480.0454904916,177.9765589562732,0.0
10,3809.999878080004,0.5,0.6,576.042067711,196.4225860804681,-5.891423182722001
10,3809.999878080004,0.5,0.7,672.0699975946001,215.1310307262996,32.250465516654
10,3809.999878080004,0.5,0.8,768.0560563632,233.7198458845142,74.17379493447
10,3809.999878080004,0.5,0.9,864.077775946,252.6364970953461,119.24035092354
10,3809.999878080004,0.5,1.0,960.0819658716001,271.7871253681394,167.15529345207003
10,3809.999878080004,0.55,0.0,49.6687819782,91.1344427129638,0.0
10,3809.999878080004,0.55,0.5,480.068679827,177.3319082250748,0.0
10,3809.999878080004,0.55,0.6,576.080783619,195.6587339352264,-57.311966079984
10,3809.999878080004,0.55,0.7,672.0888295440001,214.4971880341105,-22.115600589852
10,3809.999878080004,0.55,0.8,768.098528978,233.0505951919623,16.531113038748
10,3809.999878080004,0.55,0.9,864.1045217618001,251.5628979299646,58.36857935554801
10,3809.999878080004,0.55,1.0,960.1249390524,270.5162132914815,103.42599024912
10,4571.999853696005,0.0,0.0,16.158610208400003,80.6184158461399,0.0
10,4571.999853696005,0.0,0.5,407.45038854300003,159.5950366715958,378.03229029951
10,4571.999853696005,0.0,0.6,488.93445617720005,175.1995872053888,434.702612209866
10,4571.999853696005,0.0,0.7,570.4313448658,191.2114275219087,493.08784258734005
10,4571.999853696005,0.0,0.8,651.9209220084001,207.8186756056427,553.5237713322241
10,4571.999853696005,0.0,0.9,733.4102480474002,226.2063228512202,612.423867161106
10,4571.999853696005,0.0,1.0,814.894766191,245.4439712299737,671.5822568910841
10,4571.999853696005,0.05,0.0,16.4001989514,80.65552959103692,0.0
10,4571.999853696005,0.05,0.5,408.18539257760006,159.7106834375397,336.708647216172
10,4571.999853696005,0.05,0.6,489.81816359960004,175.3362783489069,390.55899158892004
10,4571.999853696005,0.05,0.7,571.4578465354,191.3860108960356,446.3990719188
10,4571.999853696005,0.05,0.8,653.0966276318,208.0228844780913,504.5056582335
10,4571.999853696005,0.05,0.9,734.7454766696,226.4005943348454,561.5550392145541
10,4571.999853696005,0.05,1.0,816.375091664,245.650907141613,618.9822070753861
10,4571.999853696005,0.1,0.0,17.0811073928,80.75692735498504,0.0
10,4571.999853696005,0.1,0.5,410.46215138060006,160.0683021827089,296.262155306964
10,4571.999853696005,0.1,0.6,492.5484212483999,175.7686962843146,347.55683448486
10,4571.999853696005,0.1,0.7,574.6527968346,191.9214397076113,401.152094792064
10,4571.999853696005,0.1,0.8,656.7571732414001,208.611496401887,457.353164188536
10,4571.999853696005,0.1,0.9,738.8339011724,226.9917190271251,512.675237734044
10,4571.999853696005,0.1,1.0,820.9248542044,246.2820227946113,568.6052521758841
10,4571.999853696005,0.15,0.0,18.2222920154,80.93040428758053,0.0
10,4571.999853696005,0.15,0.5,414.206064206,160.6539872996462,256.48758081823803
10,4571.999853696005,0.15,0.6,497.05255596700005,176.4769381635671,305.43453440715604
10,4571.999853696005,0.15,0.7,579.8978956056001,192.8033938429647,357.032029275306
10,4571.999853696005,0.15,0.8,662.7506986012,209.5937488772567,411.532487673384
10,4571.999853696005,0.15,0.9,745.5804616106001,227.9531128573891,465.364908833286
10,4571.999853696005,0.15,1.0,828.432963446,247.3272671150322,520.100551295094
10,4571.999853696005,0.2,0.0,19.830489945200004,81.1707060781094,0.0
10,4571.999853696005,0.2,0.5,419.51722538000007,161.471037060147,217.284577244658
10,4571.999853696005,0.2,0.6,503.4181659848,177.4779369865736,264.05883424998
10,4571.999853696005,0.2,0.7,587.3318283514,194.0524184944208,313.888654086084
10,4571.999853696005,0.2,0.8,671.231667711,210.9332065272612,366.73624778960414
10,4571.999853696005,0.2,0.9,755.1138764796,229.3115732313345,419.43653157067206
10,4571.999853696005,0.2,1.0,839.0322966850001,248.7956918706341,473.18391166061406
10,4571.999853696005,0.25,0.0,21.89783409,81.47586312029394,0.0
10,4571.999853696005,0.25,0.5,426.3526871604001,162.5252615688107,178.46039298271802
10,4571.999853696005,0.25,0.6,511.61334719440003,178.8117407905289,223.16246627320803
10,4571.999853696005,0.25,0.7,596.8852272922,195.6626315100245,271.47367670115
10,4571.999853696005,0.25,0.8,682.1562055506,212.6776835326137,322.809291068418
10,4571.999853696005,0.25,0.9,767.4104550574,231.0582776227887,374.592692174316
10,4571.999853696005,0.25,1.0,852.6939548511999,250.694920981584,427.56695205609003
10,4571.999853696005,0.3,0.0,24.4470329136,81.8562684790892,0.0
10,4571.999853696005,0.3,0.5,434.7316318928,163.816504567087,139.83766015296
10,4571.999853696005,0.3,0.6,521.6713568726001,180.4460966878345,182.64597450514802
10,4571.999853696005,0.3,0.7,608.6199476148,197.629535544135,229.61209747337404
10,4571.999853696005,0.3,0.8,695.5753993936002,214.8801922439445,279.496435583442
10,4571.999853696005,0.3,0.9,782.5194317028,233.255332255738,330.56770824970204
10,4571.999853696005,0.3,1.0,869.4546491268001,253.0188439900209,382.95937808574604
10,4571.999853696005,0.35,0.0,28.3808260142,82.3510499504672,0.0
10,4571.999853696005,0.35,0.5,444.62335764880004,165.3593140067132,101.268970972092
10,4571.999853696005,0.35,0.6,533.5283359274,182.3606026451964,142.300308619392
10,4571.999853696005,0.35,0.7,622.4646176342001,199.9317573276785,188.054351688588
10,4571.999853696005,0.35,0.8,711.3945881064,217.4982715054885,236.548968009816
10,4571.999853696005,0.35,0.9,800.3006175736,235.8015821751792,286.950304937604
10,4571.999853696005,0.35,1.0,889.2322916114001,255.7495285898576,339.053931177192
10,4571.999853696005,0.4,0.0,33.026091623800006,82.93027419740544,0.0
10,4571.999853696005,0.4,0.5,456.0432908877999,167.1046335918534,62.57413427542201
10,4571.999853696005,0.4,0.6,547.2326669348,184.6034302730654,102.11134240368602
10,4571.999853696005,0.4,0.7,638.4485869300001,202.5962088871451,146.617747837638
10,4571.999853696005,0.4,0.8,729.6531883894,220.5028665836887,193.85606583928202
10,4571.999853696005,0.4,0.9,820.8666547906,238.7428719555475,243.650024570568
10,4571.999853696005,0.4,1.0,912.0737607212001,258.9609599297832,295.61295138744606
10,4571.999853696005,0.45,0.0,38.273910683800004,83.56126166225167,0.0
10,4571.999853696005,0.45,0.5,469.1041738438,169.0850867393632,23.642772821514
10,4571.999853696005,0.45,0.6,562.9365580652,187.2106303839245,61.945892147832005
10,4571.999853696005,0.45,0.7,656.7518639594,205.6233912791436,105.25837576161602
10,4571.999853696005,0.45,0.8,750.5790398326,223.9409649860292,151.329174797724
10,4571.999853696005,0.45,0.9,844.42304375,242.2487018896853,200.68662035914804
10,4571.999853696005,0.45,1.0,938.2249763260002,262.6687287768303,252.25144927890602
10,4571.999853696005,0.5,0.0,44.3529532314,84.27095244189422,0.0
10,4571.999853696005,0.5,0.5,480.03877880420004,170.5418183027307,0.0
10,4571.999853696005,0.5,0.6,576.0503812096,189.234600602014,19.660565696772
10,4571.999853696005,0.5,0.7,672.0571757196001,207.9103502514742,60.984580651302004
10,4571.999853696005,0.5,0.8,768.0629182204,226.6430238615622,105.776343401652
10,4571.999853696005,0.5,0.9,864.0797798512,245.1075114831715,153.99743867508002
10,4571.999853696005,0.5,1.0,960.08747538,265.1108969344099,204.561983018778
10,4571.999853696005,0.55,0.0,51.3661783074,85.06238141422482,0.0
10,4571.999853696005,0.55,0.5,480.0487458118001,169.9066619159031,0.0
10,4571.999853696005,0.55,0.6,576.0668596782,188.5679487605008,-28.553919076914003
10,4571.999853696005,0.55,0.7,672.0752067634,207.3103880621428,9.617347446630001
10,4571.999853696005,0.55,0.8,768.0732856808,225.8754594061508,51.121299127668
10,4571.999853696005,0.55,0.9,864.0774756064001,244.3142621455139,96.40120153402201
10,4571.999853696005,0.55,1.0,960.0980931234002,262.8902561493242,144.282245067576
10,5333.999829312005,0.0,0.0,18.5843514032,74.8997472941123,0.0
10,5333.999829312005,0.0,0.5,396.8430913810001,150.0791449951919,365.211947773596
10,5333.999829312005,0.0,0.6,476.199829831,165.2079457876259,420.97049534463
10,5333.999829312005,0.0,0.7,555.5557665548,180.8457340121564,480.26018007059406
10,5333.999829312005,0.0,0.8,634.9242740500001,198.1940902009435,538.43814608199
10,5333.999829312005,0.0,0.9,714.2849193766001,216.7743958179261,596.1108810416761
10,5333.999829312005,0.0,1.0,793.6662495674001,236.0031641261907,654.2524868579701
10,5333.999829312005,0.05,0.0,18.806157942000002,74.9376610453597,0.0
10,5333.999829312005,0.05,0.5,397.57564100100006,150.1887804853488,326.72269712959803
10,5333.999829312005,0.05,0.6,477.08909681840004,165.3535460077112,379.90682936883604
10,5333.999829312005,0.05,0.7,556.6041552676,181.0213021894221,436.77813787238404
10,5333.999829312005,0.05,0.8,636.1075431436001,198.3582795744353,493.0001886329521
10,5333.999829312005,0.05,0.9,715.6229019324,216.9551757324685,548.9862332987341
10,5333.999829312005,0.05,1.0,795.1520336716002,236.2088864609453,605.510101568988
10,5333.999829312005,0.1,0.0,19.427791983600002,75.03236261580332,0.0
10,5333.999829312005,0.1,0.5,399.76895791360005,150.5375617334664,289.100473955832
10,5333.999829312005,0.1,0.6,479.72173835300003,165.7790539467477,339.96861198346204
10,5333.999829312005,0.1,0.7,559.6737917408002,181.5356005408691,394.689585105354
10,5333.999829312005,0.1,0.8,639.6368140888001,198.8509337774653,449.22528319191605
10,5333.999829312005,0.1,0.9,719.591923391,217.5055244285585,503.74298956304415
10,5333.999829312005,0.1,1.0,799.5453291276001,236.8014530360156,558.9762152519161
10,5333.999829312005,0.15,0.0,20.601095710800003,75.20044956409326,0.0
10,5333.999829312005,0.15,0.5,403.4733030482,151.1285867758324,252.23132909020202
10,5333.999829312005,0.15,0.6,484.1663213089999,166.501544360156,300.973039139388
10,5333.999829312005,0.15,0.7,564.8501734678001,182.4184543324866,353.814438251736
10,5333.999829312005,0.15,0.8,645.5394350218,199.6833885725302,406.88900060146807
10,5333.999829312005,0.15,0.9,726.2306496038002,218.4202020985213,460.22088802998
10,5333.999829312005,0.15,1.0,806.9458051908001,237.8036083594303,514.3506544591801
10,5333.999829312005,0.2,0.0,22.537378547200003,75.46310989467477,0.0
10,5333.999829312005,0.2,0.5,408.6533906048,151.9530747240316,215.908149850932
10,5333.999829312005,0.2,0.6,490.38217592980004,167.5470314895219,262.81455813459
10,5333.999829312005,0.2,0.7,572.1162697162,183.6541156030119,313.933298201292
10,5333.999829312005,0.2,0.8,653.8567748504,200.8573146161662,365.660067239082
10,5333.999829312005,0.2,0.9,735.5677293580001,219.7096602873084,418.08354674116805
10,5333.999829312005,0.2,1.0,817.309636077,239.2022168883244,471.34334987493605
10,5333.999829312005,0.25,0.0,25.0305722414,75.80146860391908,0.0
10,5333.999829312005,0.25,0.5,415.3320603432,153.0099121189331,179.97836140237803
10,5333.999829312005,0.25,0.6,498.4031601714001,168.8898154817201,225.24557125778404
10,5333.999829312005,0.25,0.7,581.4801453428001,185.2388720422753,274.86877750239603
10,5333.999829312005,0.25,0.8,664.5490664780001,202.3632315992017,325.35694146047405
10,5333.999829312005,0.25,0.9,747.6136802838,221.3786817229429,377.097822031392
10,5333.999829312005,0.25,1.0,830.6823010794001,241.0008337386374,429.7018303180682
10,5333.999829312005,0.3,0.0,28.117235344,76.20546760029029,0.0
10,5333.999829312005,0.3,0.5,423.47252312420005,154.2959438477729,144.293445240714
10,5333.999829312005,0.3,0.6,508.1674188470001,170.5201451482355,188.08864212692401
10,5333.999829312005,0.3,0.7,592.8803948496001,187.1474247360065,236.28393638988604
10,5333.999829312005,0.3,0.8,677.5612656978001,204.2046801345369,285.6827868727141
10,5333.999829312005,0.3,0.9,762.2621214384001,223.3957419446612,336.97646297700004
10,5333.999829312005,0.3,1.0,846.9689872534001,243.2370652907557,389.12891688270605
10,5333.999829312005,0.35,0.0,31.873656575200002,76.69360246920077,0.0
10,5333.999829312005,0.35,0.5,433.20397585300003,155.819850213372,108.772039863564
10,5333.999829312005,0.35,0.6,519.8479968022,172.4379634125918,151.18841665851002
10,5333.999829312005,0.35,0.7,606.4986785616001,189.4112256297741,197.96332933146002
10,5333.999829312005,0.35,0.8,693.1279738438001,206.3973230365599,246.53679213147603
10,5333.999829312005,0.35,0.9,779.7919788648001,225.8688347921619,297.58757273784
10,5333.999829312005,0.35,1.0,866.4226765523999,245.8956777395446,349.14097640452803
10,5333.999829312005,0.4,0.0,36.2185259634,77.2381120546131,0.0
10,5333.999829312005,0.4,0.5,444.4306791276,157.5451673005534,73.188072051402
10,5333.999829312005,0.4,0.6,533.3349557932,174.6223971266443,114.26279140907401
10,5333.999829312005,0.4,0.7,622.1965604382001,191.9926978171097,159.78683703906003
10,5333.999829312005,0.4,0.8,711.078448674,209.1581758290846,207.619948333182
10,5333.999829312005,0.4,0.9,799.9917913284,228.7608249999093,258.567583614186
10,5333.999829312005,0.4,1.0,888.8691720084001,248.9691898560283,309.68018291317804
10,5333.999829312005,0.45,0.0,41.1256598038,77.84704788242766,0.0
10,5333.999829312005,0.45,0.5,457.2746922744001,159.5217514115032,37.451304323664004
10,5333.999829312005,0.45,0.6,548.7461988074,177.1593665045813,77.43693039297601
10,5333.999829312005,0.45,0.7,640.2000255134001,194.9317031348998,121.74562757187601
10,5333.999829312005,0.45,0.8,731.6397781088,212.5039142000363,168.98947471098
10,5333.999829312005,0.45,0.9,823.1127871604001,232.0839049453869,219.838818564288
10,5333.999829312005,0.45,1.0,914.5637089424,252.4744490254014,270.65149885389
10,5333.999829312005,0.5,0.0,46.8722707266,78.51641974553208,0.0
10,5333.999829312005,0.5,0.5,471.70135479060013,161.7331972697995,1.391625182178
10,5333.999829312005,0.5,0.6,566.0355958158,180.0374506370317,40.43721959461801
10,5333.999829312005,0.5,0.7,660.378801896,198.2214026984487,83.53419406655401
10,5333.999829312005,0.5,0.8,754.7333773892,216.3490881143972,130.44799573667402
10,5333.999829312005,0.5,0.9,849.0497375404,235.7153326016511,180.73965023499002
10,5333.999829312005,0.5,1.0,943.3920918378,256.3990907050713,231.81768508529402
10,5333.999829312005,0.55,0.0,53.457915607800004,79.2370327171369,0.0
10,5333.999829312005,0.55,0.5,480.05004810400004,162.6840399051982,0.0
10,5333.999829312005,0.55,0.6,576.0614002264,181.4437116243309,-0.6393297607620001
10,5333.999829312005,0.55,0.7,672.0660907179999,199.7994489090084,40.154548558278
10,5333.999829312005,0.55,0.8,768.0898642626,218.2804699951919,85.67960215491601
10,5333.999829312005,0.55,0.9,864.0682594478001,236.7725845027669,134.136331651938
10,5333.999829312005,0.55,1.0,960.0904804172,257.3748612576431,184.63748663652603
10,6095.999804928007,0.0,0.0,22.0352780252,69.68245628921346,0.0
10,6095.999804928007,0.0,0.5,371.667214677,138.4425253735825,342.4762813293361
10,6095.999804928007,0.0,0.6,445.99825407500003,152.4951426526354,395.6835576572341
10,6095.999804928007,0.0,0.7,520.3131900186,167.0531211361698,452.15531503018804
10,6095.999804928007,0.0,0.8,594.6641379932,184.0898603484532,506.32707354583204
10,6095.999804928007,0.0,0.9,668.9954522922001,201.7201514067858,560.9384816712601
10,6095.999804928007,0.0,1.0,743.3246625728,220.3203739070126,615.8548046019602
10,6095.999804928007,0.05,0.0,22.243039174400003,69.70986890447246,0.0
10,6095.999804928007,0.05,0.5,372.35644072,138.5504906750431,307.239450381864
10,6095.999804928007,0.05,0.6,446.8323767424001,152.6353748768938,358.050041342532
10,6095.999804928007,0.05,0.7,521.2999237710001,167.2100430835526,412.34394975866405
10,6095.999804928007,0.05,0.8,595.7642146588,184.2438840272158,464.75290671209405
10,6095.999804928007,0.05,0.9,670.2475885996001,201.9036153192416,517.8316134684001
10,6095.999804928007,0.05,1.0,744.7141837322001,220.5083492003085,571.2871823195461
10,6095.999804928007,0.1,0.0,22.9482874324,69.80807553197859,0.0
10,6095.999804928007,0.1,0.5,374.41319994540004,138.8675331916901,272.823099396078
10,6095.999804928007,0.1,0.6,449.2878663283999,153.0448915778826,321.49979559621
10,6095.999804928007,0.1,0.7,524.1762309872,167.6799817846321,373.884747285588
10,6095.999804928007,0.1,0.8,599.0314384824,184.6878239254287,424.754588091834
10,6095.999804928007,0.1,0.9,673.9097360204,202.4126883660528,476.55217412649
10,6095.999804928007,0.1,1.0,748.8085190168,221.0543577449878,528.805571488656
10,6095.999804928007,0.15,0.0,24.1796551744,69.97711219540962,0.0
10,6095.999804928007,0.15,0.5,377.85962967940003,139.4033044621247,239.092850759532
10,6095.999804928007,0.15,0.6,453.4301328590001,153.7366575368774,285.89629965342607
10,6095.999804928007,0.15,0.7,529.0014632034,168.4654355048535,336.55245642249
10,6095.999804928007,0.15,0.8,604.559620456,185.44298126481,386.1235517698021
10,6095.999804928007,0.15,0.9,680.1301991308001,203.283477500499,436.93459289033405
10,6095.999804928007,0.15,1.0,755.7081402288001,221.9844694555929,488.14809650145
10,6095.999804928007,0.2,0.0,25.870843664600002,70.20309387226708,0.0
10,6095.999804928007,0.2,0.5,382.64817369020005,140.1388878449605,205.87213415861402
10,6095.999804928007,0.2,0.6,459.1814449992,154.6971802491155,250.99707392482804
10,6095.999804928007,0.2,0.7,535.7159685438,169.5269134044271,299.98933218962406
10,6095.999804928007,0.2,0.8,612.2386212888,186.4858269696997,348.560402292102
10,6095.999804928007,0.2,0.9,688.7641289012,204.4949673510841,398.618668473102
10,6095.999804928007,0.2,1.0,765.3082181800002,223.2577516095437,448.98155098381204
10,6095.999804928007,0.25,0.0,28.087651072800004,70.50327496852037,0.0
10,6095.999804928007,0.25,0.5,388.83054701040004,141.1141442414043,173.01839570769602
10,6095.999804928007,0.25,0.6,466.59409138100006,155.9363250560646,216.68154896249402
10,6095.999804928007,0.25,0.7,544.3851586755999,170.9333315859567,264.099172488228
10,6095.999804928007,0.25,0.8,622.1281937904,187.8228855363331,311.881552722894
10,6095.999804928007,0.25,0.9,699.9002781452,206.0550812555566,361.40639414418007
10,6095.999804928007,0.25,1.0,777.6770202256001,224.8923928892316,411.130284514026
10,6095.999804928007,0.3,0.0,30.9748172888,70.88431612183616,0.0
10,6095.999804928007,0.3,0.5,396.486483239,142.3150974001633,140.46679770723603
10,6095.999804928007,0.3,0.6,475.7743035980001,157.4579614621246,182.81082598317002
10,6095.999804928007,0.3,0.7,555.0709888988,172.7105325937585,228.73657078918802
10,6095.999804928007,0.3,0.8,634.3723327458,189.4825412835889,275.92753882339804
10,6095.999804928007,0.3,0.9,713.6561461150001,207.9882760162388,325.142401140942
10,6095.999804928007,0.3,1.0,792.9642016494,226.9124940707612,374.351533706304
10,6095.999804928007,0.35,0.0,34.4690223548,71.33288857144153,0.0
10,6095.999804928007,0.35,0.5,405.5034666276,143.7265981951375,108.008622557682
10,6095.999804928007,0.35,0.6,486.60818729380003,159.2454989262451,149.186619352848
10,6095.999804928007,0.35,0.7,567.6965796612001,174.8039190353806,193.77770866469402
10,6095.999804928007,0.35,0.8,648.8074096944001,191.5271993851946,240.53324489132402
10,6095.999804928007,0.35,0.9,729.9009611740001,210.2549896816656,289.516358060622
10,6095.999804928007,0.35,1.0,811.0078851512001,229.2776501550395,338.44088194501205
10,6095.999804928007,0.4,0.0,38.4073443468,71.83501559820377,0.0
10,6095.999804928007,0.4,0.5,416.011043657,145.3640380935317,75.589029044298
10,6095.999804928007,0.4,0.6,499.20693130660004,161.3197539879343,115.70394885541802
10,6095.999804928007,0.4,0.7,582.4176447364,177.210393810215,159.07064248152
10,6095.999804928007,0.4,0.8,665.608223104,193.9114583111676,205.51074875562003
10,6095.999804928007,0.4,0.9,748.8065651682,212.8857329033839,254.41921856920803
10,6095.999804928007,0.4,1.0,832.0232886724001,232.0267812170916,303.18590759780403
10,6095.999804928007,0.45,0.0,43.17214183480001,72.41379773636942,0.0
10,6095.999804928007,0.45,0.5,427.8055660252,147.1654821007893,42.94963029819
10,6095.999804928007,0.45,0.6,513.3679409848,163.6478033449152,82.09351613832601
10,6095.999804928007,0.45,0.7,598.9215010592001,179.8918644521455,124.34722375198201
10,6095.999804928007,0.45,0.8,684.4929420076002,196.5746827263903,170.55184748679002
10,6095.999804928007,0.45,0.9,770.0523619866001,215.6924728437812,218.97214339308002
10,6095.999804928007,0.45,1.0,855.6110311166,235.2905675924885,268.23189447793203
10,6095.999804928007,0.5,0.0,48.62845401920001,73.04450636859295,0.0
10,6095.999804928007,0.5,0.5,441.06949496280004,149.2524011226527,10.250854487412001
10,6095.999804928007,0.5,0.6,529.2922592254,166.2242785335208,48.28926024153001
10,6095.999804928007,0.5,0.7,617.5020005660001,182.9176044935136,89.553810056634
10,6095.999804928007,0.5,0.8,705.7066837282001,199.8681516765853,135.5879063847
10,6095.999804928007,0.5,0.9,793.965560135,218.9394548752609,183.580535741064
10,6095.999804928007,0.5,1.0,882.1574214222002,238.9444253683208,233.40943568527203
10,6095.999804928007,0.55,0.0,54.8543601694,73.7590659588134,0.0
10,6095.999804928007,0.55,0.5,455.82947617240006,151.5769098667332,0.0
10,6095.999804928007,0.55,0.6,546.9844928768,169.0370718553026,13.975100437914001
10,6095.999804928007,0.55,0.7,638.1741192068001,186.332530782092,54.84636710922601
10,6095.999804928007,0.55,0.8,729.3407055506001,203.8146232371406,100.65842208437401
10,6095.999804928007,0.55,0.9,820.4896621240001,222.5181279607185,147.976442847156
10,6095.999804928007,0.55,1.0,911.6641615136,242.9700503057245,198.559468210488
10,6857.999780544007,0.0,0.0,23.697064417400004,64.90777745268983,0.0
10,6857.999780544007,0.0,0.5,344.56975946800003,127.4868061276422,318.12280394340604
10,6857.999780544007,0.0,0.6,413.4864866308001,140.2983796373038,368.76660088837804
10,6857.999780544007,0.0,0.7,482.410225,154.1971875083008,422.022856566696
10,6857.999780544007,0.0,0.8,551.311826043,169.9783485668148,472.69174013800205
10,6857.999780544007,0.0,0.9,620.2191868774,186.5575702292479,523.964155974798
10,6857.999780544007,0.0,1.0,689.1414727846001,203.7999461615713,574.7916621816601
10,6857.999780544007,0.05,0.0,23.914934538,64.93823102776014,0.0
10,6857.999780544007,0.05,0.5,345.3135783878,127.6067214654813,286.14300193802404
10,6857.999780544007,0.05,0.6,414.37991077780003,140.4524323221446,334.579625925468
10,6857.999780544007,0.05,0.7,483.4509000728,154.3499264985032,385.80426120713406
10,6857.999780544007,0.05,0.8,552.4891843548,170.1579434427107,434.974308153
10,6857.999780544007,0.05,0.9,621.5628791680001,186.7604513718588,484.855622363112
10,6857.999780544007,0.05,1.0,690.6316150954,204.0190889537331,534.436944168204
10,6857.999780544007,0.1,0.0,24.579796967000004,65.0378084263812,0.0
10,6857.999780544007,0.1,0.5,347.5945452276,127.9692230564275,255.092819196138
10,6857.999780544007,0.1,0.6,417.10606132360004,140.9295097933412,301.65574571748004
10,6857.999780544007,0.1,0.7,486.61479804740003,154.8112990497143,351.105518088402
10,6857.999780544007,0.1,0.8,556.125839016,170.7056221760864,399.0269536836661
10,6857.999780544007,0.1,0.9,625.6619722914,187.3912245659984,447.84396275619
10,6857.999780544007,0.1,1.0,695.1765188632002,204.6971631081376,496.44434218024804
10,6857.999780544007,0.15,0.0,25.696698394400002,65.20096995545678,0.0
10,6857.999780544007,0.15,0.5,351.3736174806,128.5868611755421,224.79899799357
10,6857.999780544007,0.15,0.6,421.64575674320014,141.7219165512111,269.77414706503805
10,6857.999780544007,0.15,0.7,491.93642761560005,155.6211384605824,317.66538769812
10,6857.999780544007,0.15,0.8,562.1958451164,171.6229988148417,364.610172110184
10,6857.999780544007,0.15,0.9,632.4690355676,188.4221487727479,412.58002924908004
10,6857.999780544007,0.15,1.0,702.7482369138,205.8311122262542,460.495084317576
10,6857.999780544007,0.2,0.0,27.2730668914,65.42977878925882,0.0
10,6857.999780544007,0.2,0.5,356.18309745920004,129.3559671636578,194.822789040264
10,6857.999780544007,0.2,0.6,427.40277861820005,142.7188320669509,238.390395863928
10,6857.999780544007,0.2,0.7,498.65333649339993,156.6394267775561,284.79459210279
10,6857.999780544007,0.2,0.8,569.8856138624,172.7171286695092,330.96849242688
10,6857.999780544007,0.2,0.9,641.1134837888,189.6485720752064,378.28483487625607
10,6857.999780544007,0.2,1.0,712.3570304576,207.1954837582328,425.53562524195803
10,6857.999780544007,0.25,0.0,29.335498104000003,65.72035092034837,0.0
10,6857.999780544007,0.25,0.5,361.9439014796001,130.257181802776,164.99677690419003
10,6857.999780544007,0.25,0.6,434.32293452460004,143.9021097637667,207.28066480090203
10,6857.999780544007,0.25,0.7,506.72034983020006,157.816850860655,252.245401478994
10,6857.999780544007,0.25,0.8,579.0953266494,173.9662960121564,297.85235970567004
10,6857.999780544007,0.25,0.9,651.4951454924,191.0897273745804,344.67186267036607
10,6857.999780544007,0.25,1.0,723.8873015726001,208.761565429375,391.32644076141
10,6857.999780544007,0.3,0.0,31.724148178800004,66.06111573056336,0.0
10,6857.999780544007,0.3,0.5,369.0132121038001,131.3602633074481,135.453905536488
10,6857.999780544007,0.3,0.6,442.8051058134,145.3576988619251,176.606478085422
10,6857.999780544007,0.3,0.7,516.6340135066,159.270255613989,220.30414685848802
10,6857.999780544007,0.3,0.8,590.4121835018,175.5444278374308,265.42374831588
10,6857.999780544007,0.3,0.9,664.2246127264,192.8858314564093,311.924670208998
10,6857.999780544007,0.3,1.0,738.026173104,210.6823395066679,358.149492421182
10,6857.999780544007,0.35,0.0,34.795807431,66.48535956599837,0.0
10,6857.999780544007,0.35,0.5,377.3638338272,132.6594160761136,106.00843016979601
10,6857.999780544007,0.35,0.6,452.8417790709999,147.0689812178173,146.17848967121404
10,6857.999780544007,0.35,0.7,528.3032712848001,161.1634743848317,188.64218218230002
10,6857.999780544007,0.35,0.8,603.7831457592,177.4055794531434,233.45033173030802
10,6857.999780544007,0.35,0.9,679.2840554940001,194.9453949394902,279.66862173142204
10,6857.999780544007,0.35,1.0,754.7404895294002,212.9407293633312,325.792260728088
10,6857.999780544007,0.4,0.0,38.399295902,66.96272241957726,0.0
10,6857.999780544007,0.4,0.5,387.05774738840006,134.2147042112855,76.66068842401201
10,6857.999780544007,0.4,0.6,464.4650594518,149.0369561376214,115.86064852546801
10,6857.999780544007,0.4,0.7,541.8733734678,163.3959365503039,157.27203363795
10,6857.999780544007,0.4,0.8,619.2888997372,179.5985507788261,201.89084203272603
10,6857.999780544007,0.4,0.9,696.7190507398,197.2608519158124,247.64522272182003
10,6857.999780544007,0.4,1.0,774.1107361173999,215.5460875882247,294.108551373252
10,6857.999780544007,0.45,0.0,42.7905414992,67.54528797958814,0.0
10,6857.999780544007,0.45,0.5,398.02833894120005,136.0403907501588,47.407822762608
10,6857.999780544007,0.45,0.6,477.63873469840007,151.247317075025,85.43683876912802
10,6857.999780544007,0.45,0.7,557.2536125728001,165.9662727428105,125.97933216237601
10,6857.999780544007,0.45,0.8,636.8469546208,182.0773545488524,170.45254809244202
10,6857.999780544007,0.45,0.9,716.4527172704001,199.8622835598295,215.808307328922
10,6857.999780544007,0.45,1.0,796.0667950598001,218.4921886348544,262.89147675483
10,6857.999780544007,0.5,0.0,47.86834783060001,68.20233132377756,0.0
10,6857.999780544007,0.5,0.5,410.29656907140003,138.0618912410415,17.927513829918002
10,6857.999780544007,0.5,0.6,492.37933333600006,153.6538203880976,54.745575337068004
10,6857.999780544007,0.5,0.7,574.424107103,168.8595902125556,94.783987543476
10,6857.999780544007,0.5,0.8,656.5014865904,184.8627927996916,139.013021105574
10,6857.999780544007,0.5,0.9,738.5513193564001,202.7704783406514,184.00356858021604
10,6857.999780544007,0.5,1.0,820.6134726108,221.7811317011703,232.01411625638403
10,6857.999780544007,0.55,0.0,53.635412208400005,68.94675922126463,0.0
10,6857.999780544007,0.55,0.5,423.71143096700007,140.2431553392906,0.0
10,6857.999780544007,0.55,0.6,508.4685322728,156.2599210750249,23.695074547452002
10,6857.999780544007,0.55,0.7,593.213963826,172.017553057879,63.256209651096
10,6857.999780544007,0.55,0.8,677.9706146224,187.9407306823007,106.83187531493401
10,6857.999780544007,0.55,0.9,762.6984155846001,205.963392106686,151.941998949972
10,6857.999780544007,0.55,1.0,847.4448991470001,225.5473520063504,201.134108622216
10,7619.999756160008,0.0,0.0,24.603570569600002,60.34885050421845,0.0
10,7619.999756160008,0.0,0.5,316.24523646100005,116.6833051660165,293.396090206758
10,7619.999756160008,0.0,0.6,379.5062636926,128.3616504989567,340.98173590173
10,7619.999756160008,0.0,0.7,442.75722462400006,141.4172951857933,390.815788219164
10,7619.999756160008,0.0,0.8,506.00608153700006,156.0250158185612,438.18416817021
10,7619.999756160008,0.0,0.9,569.2603470246,171.1699926458315,485.503275188316
10,7619.999756160008,0.0,1.0,632.5087033716001,187.1273506585322,531.103847995182
10,7619.999756160008,0.05,0.0,24.8147134114,60.38126713580694,0.0
10,7619.999756160008,0.05,0.5,316.9463825396,116.8029706773111,264.40685186223004
10,7619.999756160008,0.05,0.6,380.3307451306,128.50937798739,310.021242619704
10,7619.999756160008,0.05,0.7,443.7193658149999,141.5626530647737,357.99427044981604
10,7619.999756160008,0.05,0.8,507.114822918,156.193088731652,403.97674029174004
10,7619.999756160008,0.05,0.9,570.5017154188,171.3617087875352,450.04294476141007
10,7619.999756160008,0.05,1.0,633.8841495998,187.3314168397895,494.66749758749404
10,7619.999756160008,0.1,0.0,25.430054271600003,60.47934557516103,0.0
10,7619.999756160008,0.1,0.5,319.0100528582,117.1382524030663,236.28481713744603
10,7619.999756160008,0.1,0.6,382.81030045280005,128.9477922277057,280.21981312663803
10,7619.999756160008,0.1,0.7,446.61675916880006,141.9928150758414,326.602117895592
10,7619.999756160008,0.1,0.8,510.4132,156.6932527018961,371.41351642348803
10,7619.999756160008,0.1,0.9,574.2056847186001,171.9315748315341,416.49138023262003
10,7619.999756160008,0.1,1.0,638.0167002264,187.9420584121383,460.3618908212941
10,7619.999756160008,0.15,0.0,26.466963611000004,60.64215014233875,0.0
10,7619.999756160008,0.15,0.5,322.462643657,117.71271544262,208.87301724504601
10,7619.999756160008,0.15,0.6,386.96461339140006,129.6811907978772,251.438044655952
10,7619.999756160008,0.15,0.7,451.45235884540006,142.7406334095981,296.37550751793606
10,7619.999756160008,0.15,0.8,515.9386263988001,157.5283199153588,340.325681723412
10,7619.999756160008,0.15,0.9,580.4520910980001,172.9089729993649,384.64554482415605
10,7619.999756160008,0.15,1.0,644.9383094154001,188.963745118661,427.96131656216403
10,7619.999756160008,0.2,0.0,27.8738174836,60.8506420897215,0.0
10,7619.999756160008,0.2,0.5,327.31790162720006,118.5127180502586,182.03367390839404
10,7619.999756160008,0.2,0.6,392.7802096944,130.7051048905017,223.46525749825202
10,7619.999756160008,0.2,0.7,458.2447973884,143.772357154858,267.150082036068
10,7619.999756160008,0.2,0.8,523.693055963,158.6841564586773,310.34445250901405
10,7619.999756160008,0.2,0.9,589.1622513259999,174.2480166109952,354.2421390529561
10,7619.999756160008,0.2,1.0,654.634150566,190.393507111222,397.217115308706
10,7619.999756160008,0.25,0.0,29.771279375200002,61.14256393912729,0.0
10,7619.999756160008,0.25,0.5,333.5975152268,119.5453695221809,155.63269331148
10,7619.999756160008,0.25,0.6,400.3191972934,132.0343823427379,196.19380472953802
10,7619.999756160008,0.25,0.7,467.03749766740003,145.1088879980042,238.76917113819002
10,7619.999756160008,0.25,0.8,533.7587792812,160.1861473286764,281.46289533978
10,7619.999756160008,0.25,0.9,600.4845175736,175.9983757683027,325.129781985624
10,7619.999756160008,0.25,1.0,667.2002396224001,192.242437343373,367.91060233481403
10,7619.999756160008,0.3,0.0,32.1398017732,61.49595668583871,0.0
10,7619.999756160008,0.3,0.5,341.34621043820005,120.8141758511295,129.56513438253
10,7619.999756160008,0.3,0.6,409.61821187540005,133.6726362826817,169.463948100678
10,7619.999756160008,0.3,0.7,477.88355250240005,146.7517103952644,211.063167309456
10,7619.999756160008,0.3,0.8,546.1482661910001,162.0424591398893,253.44715705940402
10,7619.999756160008,0.3,0.9,614.4251017828001,178.0695758349814,296.767856090706
10,7619.999756160008,0.3,1.0,682.6942729706,194.5197162388642,339.87408819810605
10,7619.999756160008,0.35,0.0,34.99150740140001,61.90884323813845,0.0
10,7619.999756160008,0.35,0.5,350.43639380860003,122.4014881001542,103.99453726431001
10,7619.999756160008,0.35,0.6,420.5154787152,135.6045318517645,143.0006203626
10,7619.999756160008,0.35,0.7,490.61717689600005,148.7703266527261,183.718622279346
10,7619.999756160008,0.35,0.8,560.6910772517999,164.2195108070398,226.072187094138
10,7619.999756160008,0.35,0.9,630.7769485204,180.4510080718498,269.07693751045804
10,7619.999756160008,0.35,1.0,700.8761430506,197.1885084175814,312.770662491672
10,7619.999756160008,0.4,0.0,38.34787136179999,62.38272957289306,0.0
10,7619.999756160008,0.4,0.5,359.11953249920003,123.8814343507212,77.525068758522
10,7619.999756160008,0.4,0.6,430.9394119866,137.3606023994376,115.31805909808801
10,7619.999756160008,0.4,0.7,502.7802274418001,150.6289509969156,155.25754378134002
10,7619.999756160008,0.4,0.8,574.5917433740001,166.0896571140343,197.419399210572
10,7619.999756160008,0.4,0.9,646.4320073860001,182.4791331767214,240.058751929458
10,7619.999756160008,0.4,1.0,718.2380138098001,199.6330181142158,284.448908471574
10,7619.999756160008,0.45,0.0,42.20169288940001,62.91748750195047,0.0
10,7619.999756160008,0.45,0.5,368.99630774380006,125.5474859382201,51.042232461990004
10,7619.999756160008,0.45,0.6,442.7984441825999,139.3730225843237,87.60927602149802
10,7619.999756160008,0.45,0.7,516.6099223318,152.810885977683,126.867321424536
10,7619.999756160008,0.45,0.8,590.4054225783999,168.28225744262,168.92291466065402
10,7619.999756160008,0.45,0.9,664.186197158,184.8036559560011,211.243475907156
10,7619.999756160008,0.45,1.0,737.9974242036001,202.4386300924431,256.701783517872
10,7619.999756160008,0.5,0.0,46.630946216800005,63.51290228676405,0.0
10,7619.999756160008,0.5,0.5,380.0531468184,127.4035834787263,24.399882996258004
10,7619.999756160008,0.5,0.6,456.07339295760005,141.6156930179625,59.818847646096
10,7619.999756160008,0.5,0.7,532.0961427474001,155.4240538552118,98.501627887278
10,7619.999756160008,0.5,0.8,608.1041176342,170.5808955719858,139.936064120622
10,7619.999756160008,0.5,0.9,684.1127432568001,187.3915099483807,182.55875113845602
10,7619.999756160008,0.5,1.0,760.1287321232002,205.5762189748708,229.321323559482
10,7619.999756160008,0.55,0.0,51.7987534944,64.21223508944934,0.0
10,7619.999756160008,0.55,0.5,392.35558530080004,129.4558659683389,0.0
10,7619.999756160008,0.55,0.6,470.82260543340004,144.104162829629,31.933528507188
10,7619.999756160008,0.55,0.7,549.2973892626001,158.299739372131,69.977908665588
10,7619.999756160008,0.55,0.8,627.7778319494001,173.1441350999728,110.692421843388
10,7619.999756160008,0.55,0.9,706.2219130296002,190.3374683038193,154.157030132952
10,7619.999756160008,0.55,1.0,784.6997018960001,209.0595621808038,202.25638652142
12,0.0,0.0,0.0,1.76736725,124.790358524721,0.0
12,0.0,0.0,0.5,480.03637526680006,233.4477482860383,490.001096399892
12,0.0,0.0,0.6,576.05393769,251.8154641453325,544.27234024548
12,0.0,0.0,0.7,672.069446972,270.9169781101334,603.950043202044
12,0.0,0.0,0.8,768.0682275024,289.8807730869999,667.151749258302
12,0.0,0.0,0.9,864.0976098480002,308.8899700616892,731.5005947601661
12,0.0,0.0,1.0,960.0977927838002,328.1036757942484,797.18208471594
12,0.0,0.05,0.0,1.9916273828000002,124.8246100246757,0.0
12,0.0,0.05,0.5,480.05665967820005,233.3859414796335,425.36778411527416
12,0.0,0.05,0.6,576.0696144324,251.7506734555929,476.29122819663
12,0.0,0.05,0.7,672.0669425008,270.861982118026,532.498012666158
12,0.0,0.05,0.8,768.0615658716,289.8262907831806,592.165929538722
12,0.0,0.05,0.9,864.1081274782,308.8306334503312,653.15764424526
12,0.0,0.05,1.0,960.100797821,328.0396846430192,715.6127699531581
12,0.0,0.1,0.0,2.5963152138,124.938928592942,0.0
12,0.0,0.1,0.5,480.0534544146,233.2188107962442,360.79136812303204
12,0.0,0.1,0.6,576.0701650550001,251.5825434660256,408.40393044204603
12,0.0,0.1,0.7,672.076257952,270.6982493563459,461.10223743414605
12,0.0,0.1,0.8,768.0881615176,289.6798910245849,517.1942653896481
12,0.0,0.1,0.9,864.0896968022001,308.6791225400526,574.888720562772
12,0.0,0.1,1.0,960.1250391656001,327.8459413507213,634.1153535495241
12,0.0,0.15,0.0,4.4020381284,125.0815308944933,0.0
12,0.0,0.15,0.5,480.0459910576001,232.9298232391364,296.183480084646
12,0.0,0.15,0.6,576.0708166114001,251.2817200254922,340.45279316848803
12,0.0,0.15,0.7,672.08251913,270.4263229872993,389.68962524461205
12,0.0,0.15,0.8,768.0701805304,289.4525385766125,442.20209939459403
12,0.0,0.15,0.9,864.0801803040001,308.3840666306813,496.54991445444006
12,0.0,0.15,1.0,960.1142211958,327.5178194478817,552.584375770812
12,0.0,0.2,0.0,0.0,132.9653651713689,0.0
12,0.0,0.2,0.5,480.0412832754,232.5134101091354,231.51095496144
12,0.0,0.2,0.6,576.0780789214001,250.8564263571623,272.45254932541803
12,0.0,0.2,0.7,672.0893809872001,270.0406347795519,318.213780273312
12,0.0,0.2,0.8,768.0834028582001,289.1330974444344,367.20594557031006
12,0.0,0.2,0.9,864.0902974814001,307.9909828086728,418.14208220261406
12,0.0,0.2,1.0,960.1092122534001,327.0918118557561,470.9324468869019
12,0.0,0.25,0.0,9.572186577800002,125.4465312187245,0.0
12,0.0,0.25,0.5,480.04083276600005,231.9523965330672,166.670138551686
12,0.0,0.25,0.6,576.0569427272001,250.297525546403,204.27229536021
12,0.0,0.25,0.7,672.0885292044001,269.5410420419124,246.66274392559802
12,0.0,0.25,0.8,768.0581603816,288.6759083182437,292.134115958454
12,0.0,0.25,0.9,864.0747709088001,307.4947884605825,339.68735992930203
12,0.0,0.25,1.0,960.0975925574002,326.5460175817836,389.24269968137406
12,0.0,0.3,0.0,12.832633066000001,125.7165871635671,0.0
12,0.0,0.3,0.5,480.04944742480006,231.2214821931416,101.62626579197399
12,0.0,0.3,0.6,576.0529857940002,249.6089292032115,135.89275268738402
12,0.0,0.3,0.7,672.0885792610001,268.873119547038,174.92826743330403
12,0.0,0.3,0.8,768.0872096216001,288.0652948162933,217.049001737568
12,0.0,0.3,0.9,864.0808810963999,306.9040773388369,261.118894001658
12,0.0,0.3,1.0,960.1021001132,325.8774097013517,307.39959964652405
12,0.0,0.35,0.0,16.812456903,126.0780038336206,0.0
12,0.0,0.35,0.5,480.0660260066,230.2784637134174,36.298410660666
12,0.0,0.35,0.6,576.0756245068,248.7891243331217,67.26607714226401
12,0.0,0.35,0.7,672.0899816664,268.0429492145514,102.94501400660401
12,0.0,0.35,0.8,768.1030865904,287.3060541696453,141.69121785819002
12,0.0,0.35,0.9,864.1238542772002,306.2915793774834,182.47382260846203
12,0.0,0.35,1.0,960.1266417974001,325.1168558279053,225.41672986694402
12,0.0,0.4,0.0,21.459645999000003,126.5225715730745,0.0
12,0.0,0.4,0.5,480.0652242804,229.1779946271432,0.0
12,0.0,0.4,0.6,576.0589958684001,247.7941933945387,-1.7635501976400003
12,0.0,0.4,0.7,672.0757073294001,267.0686345799692,30.622242181608
12,0.0,0.4,0.8,768.0591615136001,286.4346797673955,66.11811077256
12,0.0,0.4,0.9,864.1194468346001,305.3971039731471,103.59853358916602
12,0.0,0.4,1.0,960.1025005660001,324.2527624191237,143.211745338816
12,0.0,0.45,0.0,26.8441917898,127.1582416481902,0.0
12,0.0,0.45,0.5,480.05896392300014,227.8664207072485,0.0
12,0.0,0.45,0.6,576.0436703428,246.5341033920892,-71.190565943574
12,0.0,0.45,0.7,672.0662408878001,265.9540596507303,-42.103001920056
12,0.0,0.45,0.8,768.0766419348,285.3539989083735,-9.839917248084001
12,0.0,0.45,0.9,864.1059241672001,304.4018591139436,24.464162889012
12,0.0,0.45,1.0,960.1023003396001,323.3918100879071,60.950162993874
12,0.0,0.5,0.0,33.292521570000005,127.8270492962896,0.0
12,0.0,0.5,0.5,480.059965055,226.480276370861,0.0
12,0.0,0.5,0.6,576.0766765160001,245.0239033341196,-141.18702413138402
12,0.0,0.5,0.7,672.0977445424,264.6712691172095,-115.30966263801601
12,0.0,0.5,0.8,768.0901646022,284.1254333666878,-86.242478134428
12,0.0,0.5,0.9,864.1056238276001,303.2334867986029,-55.09054947719401
12,0.0,0.5,1.0,960.1147217618002,322.1846037800962,-21.748265247786
12,0.0,0.55,0.0,40.78838499780001,128.5290094882518,0.0
12,0.0,0.55,0.5,480.0617687338,224.8285018557562,0.0
12,0.0,0.55,0.6,576.077878695,243.2708742140978,-211.937646882654
12,0.0,0.55,0.7,672.0759576124001,262.9799462179988,-189.135904799226
12,0.0,0.55,0.8,768.0965250728001,282.7400459953733,-163.16237545839002
12,0.0,0.55,0.9,864.1106319493999,301.838276191418,-135.221202245052
12,0.0,0.55,1.0,960.1279440896001,320.8951881647465,-104.79170188086601
12,761.9999756160008,0.0,0.0,0.0,123.3596973437358,0.0
12,761.9999756160008,0.0,0.5,480.0597648286,220.8195240680396,475.03701920598013
12,761.9999756160008,0.0,0.6,576.0596474248,239.3357243808401,532.6562585374801
12,761.9999756160008,0.0,0.7,672.0591287476,258.5873789526445,594.821544902508
12,761.9999756160008,0.0,0.8,768.0819503962,277.4927795478545,659.2908962427481
12,761.9999756160008,0.0,0.9,864.0785776722001,296.5420676010161,725.128425307902
12,761.9999756160008,0.0,1.0,960.1073092820002,315.9057422433095,792.755305581162
12,761.9999756160008,0.05,0.0,0.0,123.4775424897034,0.0
12,761.9999756160008,0.05,0.5,480.0554074426,220.7642847991472,414.36710029961404
12,761.9999756160008,0.05,0.6,576.0551398690001,239.2879668087635,468.546550677282
12,761.9999756160008,0.05,0.7,672.0738043580001,258.5498011104962,527.27141688606
12,761.9999756160008,0.05,0.8,768.0490943927999,277.4350705517554,588.284969239044
12,761.9999756160008,0.05,0.9,864.0828850016001,296.4779337585957,650.8832947141141
12,761.9999756160008,0.05,1.0,960.089178125,315.8407517859022,715.3477187610602
12,761.9999756160008,0.1,0.0,6.435805783000001,116.398678813118,0.0
12,761.9999756160008,0.1,0.5,480.04994799080015,220.6089759639844,353.73544498168803
12,761.9999756160008,0.1,0.6,576.059497255,239.1409242380477,404.46357350553006
12,761.9999756160008,0.1,0.7,672.0475090516001,258.4310137348272,459.678171383508
12,761.9999756160008,0.1,0.8,768.0601134096,277.2884424872539,517.3350382079881
12,761.9999756160008,0.1,0.9,864.0623494866,296.3074907682119,576.6763885644301
12,761.9999756160008,0.1,1.0,960.0919829358,315.6510918008709,637.988812815816
12,761.9999756160008,0.15,0.0,7.9554798466,116.5809006104509,0.0
12,761.9999756160008,0.15,0.5,480.0498478776001,220.3376638688197,293.083126347396
12,761.9999756160008,0.15,0.6,576.0618507358,238.8968670960718,340.37440174260604
12,761.9999756160008,0.15,0.7,672.0697473116,258.2430665119296,392.10788892706205
12,761.9999756160008,0.15,0.8,768.0718832754001,277.0468695755239,446.39585719020613
12,761.9999756160008,0.15,0.9,864.0669579762,296.0316523213282,502.46783835263403
12,761.9999756160008,0.15,1.0,960.1004974814001,315.3325638923161,560.6913879433021
12,761.9999756160008,0.2,0.0,10.007612529200001,116.8736645718044,0.0
12,761.9999756160008,0.2,0.5,480.06702713860005,219.965196350812,232.36564707279
12,761.9999756160008,0.2,0.6,576.0637044712,238.5562243920893,276.23688183168
12,761.9999756160008,0.2,0.7,672.0993479947999,257.9252529950105,324.55660615270205
12,761.9999756160008,0.2,0.8,768.0986791478,276.7137792121927,375.36499524447004
12,761.9999756160008,0.2,0.9,864.1042214222001,295.6647535024948,428.2234906455661
12,761.9999756160008,0.2,1.0,960.1239370998001,314.8680362283408,483.41744477934606
12,761.9999756160008,0.25,0.0,12.630758080600001,117.2366021896036,0.0
12,761.9999756160008,0.25,0.5,480.0468428404001,219.4720139564547,171.50347076016
12,761.9999756160008,0.25,0.6,576.0541379164,238.0526765353352,211.99532116870802
12,761.9999756160008,0.25,0.7,672.0700977078001,257.4553573352082,256.91203263957004
12,761.9999756160008,0.25,0.8,768.0612154754001,276.2885716264175,304.29743548373403
12,761.9999756160008,0.25,0.9,864.0632513260001,295.1846631418852,353.861137444584
12,761.9999756160008,0.25,1.0,960.0883763988,314.3301231865191,405.85866785448604
12,761.9999756160008,0.3,0.0,16.0084518968,117.7155926584415,0.0
12,761.9999756160008,0.3,0.5,480.04729334980004,218.8671544183072,110.46985204193402
12,761.9999756160008,0.3,0.6,576.0673602442,237.4381224173092,147.59092496101803
12,761.9999756160008,0.3,0.7,672.0664919914001,256.8949716003811,189.16837991898
12,761.9999756160008,0.3,0.8,768.0732856808,275.7988301950467,233.10686954016
12,761.9999756160008,0.3,0.9,864.0782773326002,294.6008058757144,279.41366977801204
12,761.9999756160008,0.3,1.0,960.1004974814001,313.6743935369682,328.310381611674
12,761.9999756160008,0.35,0.0,19.855848947000002,118.2424763729475,0.0
12,761.9999756160008,0.35,0.5,480.0477446798,218.1429793131634,49.18098289473601
12,761.9999756160008,0.35,0.6,576.074973771,236.7007551606641,82.932530943108
12,761.9999756160008,0.35,0.7,672.08592462,256.2388990241313,121.273953002202
12,761.9999756160008,0.35,0.8,768.0908662152001,275.2221968458678,161.87617575914402
12,761.9999756160008,0.35,0.9,864.1014166114,293.9327116835707,204.81355877320803
12,761.9999756160008,0.35,1.0,960.1067077822,312.9586704287399,250.49726925669603
12,761.9999756160008,0.4,0.0,23.944449058200004,118.6475247343736,0.0
12,761.9999756160008,0.4,0.5,480.0516507358,217.1917366745895,0.0
12,761.9999756160008,0.4,0.6,576.0753742238002,235.844371286764,17.97750114699
12,761.9999756160008,0.4,0.7,672.071149717,255.4145537671233,53.08497963615001
12,761.9999756160008,0.4,0.8,768.1167602482002,274.4019634343645,90.435042027792
12,761.9999756160008,0.4,0.9,864.1198481080002,293.1986848043182,130.089541265838
12,761.9999756160008,0.4,1.0,960.1242382600001,312.1294423259548,172.549950545742
12,761.9999756160008,0.45,0.0,29.250152421600003,119.1334612232605,0.0
12,761.9999756160008,0.45,0.5,480.0524024054,215.9935680993378,0.0
12,761.9999756160008,0.45,0.6,576.0454231444,234.8533524260183,-47.36300739093001
12,761.9999756160008,0.45,0.7,672.0613829358,254.4180522897578,-15.490661480910003
12,761.9999756160008,0.45,0.8,768.0790955288,273.5170824921528,18.688098064482002
12,761.9999756160008,0.45,0.9,864.1049222146,292.3982686261454,55.185968689236006
12,761.9999756160008,0.45,1.0,960.1027007924,311.2179768452327,94.32731504057402
12,761.9999756160008,0.5,0.0,35.513240778400004,119.7302542646285,0.0
12,761.9999756160008,0.5,0.5,480.04073265280005,214.6747267533339,0.0
12,761.9999756160008,0.5,0.6,576.045723484,233.6417769607185,-113.18228051638201
12,761.9999756160008,0.5,0.7,672.0729025186,253.2878865934863,-84.48575862342001
12,761.9999756160008,0.5,0.8,768.0733857940002,272.4541627097886,-53.42618613393601
12,761.9999756160008,0.5,0.9,864.0833855676001,291.3229562307902,-20.079493273686
12,761.9999756160008,0.5,1.0,960.0936856807999,310.2702752873991,15.995863174368003
12,761.9999756160008,0.55,0.0,42.390276616600005,120.4257606041913,0.0
12,761.9999756160008,0.55,0.5,480.0647237143999,213.2479350767486,0.0
12,761.9999756160008,0.55,0.6,576.0631029714001,232.0813921769029,-179.62785812479203
12,761.9999756160008,0.55,0.7,672.0810666680001,251.9995558990293,-154.030887510192
12,761.9999756160008,0.55,0.8,768.0969764028001,271.2288238603829,-126.03107118848402
12,761.9999756160008,0.55,0.9,864.0980103008001,290.1728876864738,-95.67466308569401
12,761.9999756160008,0.55,1.0,960.1133193564001,309.1366826633403,-62.633266687992005
12,1523.999951232002,0.0,0.0,8.556966517000001,108.1896279196226,0.0
12,1523.999951232002,0.0,0.5,480.04799496280003,209.1153151379842,461.829778956084
12,1523.999951232002,0.0,0.6,576.0676105272,227.9553968521274,522.45561155403
12,1523.999951232002,0.0,0.7,672.0863250728,246.79403668348,586.3292007794761
12,1523.999951232002,0.0,0.8,768.0704808700001,265.7272784353624,651.995160219942
12,1523.999951232002,0.0,0.9,864.1205489004001,285.1076292334211,719.7759168780182
12,1523.999951232002,0.0,1.0,960.1162242803999,305.7688004908827,787.0947410130422
12,1523.999951232002,0.05,0.0,8.845666726600001,108.2255496082736,0.0
12,1523.999951232002,0.05,0.5,480.064322441,209.0783511018779,404.84102765845205
12,1523.999951232002,0.05,0.6,576.0818348076,227.9123508963985,462.00041890279203
12,1523.999951232002,0.05,0.7,672.0770096216,246.7304740736642,522.396146414604
12,1523.999951232002,0.05,0.8,768.0807982738,265.6771933594303,584.835849254118
12,1523.999951232002,0.05,0.9,864.1322687096001,285.0484067750159,649.5528178778101
12,1523.999951232002,0.05,1.0,960.1183274782001,305.6574653381113,714.21816001536
12,1523.999951232002,0.1,0.0,9.6283074118,108.3563590676767,0.0
12,1523.999951232002,0.1,0.5,480.05660962160005,208.9490986138982,347.86896163404003
12,1523.999951232002,0.1,0.6,576.0511328792002,227.7785294832623,401.559376929018
12,1523.999951232002,0.1,0.7,672.0769595649999,246.6322173872812,458.56563553092616
12,1523.999951232002,0.1,0.8,768.0627680506,265.5184295260819,517.727533572018
12,1523.999951232002,0.1,0.9,864.0754725218002,284.8430984786356,579.1476585708662
12,1523.999951232002,0.1,1.0,960.099595642,305.2973623626962,641.5139706734221
12,1523.999951232002,0.15,0.0,11.057981349800002,108.5569913035471,0.0
12,1523.999951232002,0.15,0.5,480.0440380296001,208.7419484315522,290.95393380022205
12,1523.999951232002,0.15,0.6,576.0627525752,227.5597146469201,341.143343292906
12,1523.999951232002,0.15,0.7,672.0862249596,246.4387880156037,394.692794940906
12,1523.999951232002,0.15,0.8,768.0816500566,265.2972731506849,450.5397793530482
12,1523.999951232002,0.15,0.9,864.0853894728,284.5348508856029,508.901229546402
12,1523.999951232002,0.15,1.0,960.0969910576,304.7110774749161,568.8735083104921
12,1523.999951232002,0.2,0.0,12.8970181626,108.8460073988932,0.0
12,1523.999951232002,0.2,0.5,480.04048236980003,208.4273471038737,233.90955840113403
12,1523.999951232002,0.2,0.6,576.058295076,227.2460560167831,280.655391725478
12,1523.999951232002,0.2,0.7,672.0602308134,246.1389638812483,330.729276496542
12,1523.999951232002,0.2,0.8,768.057909278,264.9980202489341,383.323058325438
12,1523.999951232002,0.2,0.9,864.086490718,284.0806311397079,438.597723187008
12,1523.999951232002,0.2,1.0,960.0965906048001,304.0218818287218,496.00215797470815
12,1523.999951232002,0.25,0.0,15.435826549000002,109.2507203190602,0.0
12,1523.999951232002,0.25,0.5,480.0782964384,208.0293949391273,176.803065833856
12,1523.999951232002,0.25,0.6,576.0616505094,226.8424925794249,220.103248340052
12,1523.999951232002,0.25,0.7,672.0770096216,245.7819444390819,266.77527991191
12,1523.999951232002,0.25,0.8,768.1038382600001,264.6111900438175,316.075090331616
12,1523.999951232002,0.25,0.9,864.1251565694001,283.5747562469382,368.19196692894
12,1523.999951232002,0.25,1.0,960.1290461553999,303.2470504150413,422.8622823870061
12,1523.999951232002,0.3,0.0,18.449632680600004,109.7212297849043,0.0
12,1523.999951232002,0.3,0.5,480.07158475100005,207.5190367359158,119.49700076252401
12,1523.999951232002,0.3,0.6,576.0685123666001,226.3639446871995,159.44760733024202
12,1523.999951232002,0.3,0.7,672.0814671208001,245.3928012331489,202.753896352854
12,1523.999951232002,0.3,0.8,768.0769923309999,264.1298435328857,248.744243992398
12,1523.999951232002,0.3,0.9,864.1177440896,283.0004929750522,297.710574027636
12,1523.999951232002,0.3,1.0,960.1250391656001,302.4066858495872,349.41841677897014
12,1523.999951232002,0.35,0.0,22.0505420058,110.243316736188,0.0
12,1523.999951232002,0.35,0.5,480.05916414940003,206.9177893901842,61.99080048730801
12,1523.999951232002,0.35,0.6,576.0475263422001,225.7797725647283,98.591146090668
12,1523.999951232002,0.35,0.7,672.069446972,244.7932385791527,138.62963169270603
12,1523.999951232002,0.35,0.8,768.0987792610001,263.5867332568266,181.293341974668
12,1523.999951232002,0.35,0.9,864.107526799,282.3985031672866,227.008969771122
12,1523.999951232002,0.35,1.0,960.100797821,301.5491029018416,275.62066190828403
12,1523.999951232002,0.4,0.0,26.597367618800003,110.7630261247392,0.0
12,1523.999951232002,0.4,0.5,480.048845925,206.211089511476,4.219593057372
12,1523.999951232002,0.4,0.6,576.0672601310001,225.0650347274789,37.513573176156
12,1523.999951232002,0.4,0.7,672.0801648286,244.0876806978137,74.30284891722
12,1523.999951232002,0.4,0.8,768.0751894728,262.9741782189967,113.73537530493601
12,1523.999951232002,0.4,0.9,864.1001143192001,281.7074511320875,156.144862696746
12,1523.999951232002,0.4,1.0,960.1052052635999,300.72481472131,201.68279967297002
12,1523.999951232002,0.45,0.0,31.9160356416,111.3724761086819,0.0
12,1523.999951232002,0.45,0.5,480.0545056032,205.3601597159576,0.0
12,1523.999951232002,0.45,0.6,576.0499807568,224.2521398537604,-23.910471149334
12,1523.999951232002,0.45,0.7,672.0813169510001,243.3286402866734,9.733933958364
12,1523.999951232002,0.45,0.8,768.0848052636002,262.2209914215731,45.99691899495001
12,1523.999951232002,0.45,0.9,864.1014166114,280.9596613365691,85.16197213477801
12,1523.999951232002,0.45,1.0,960.1101140928,299.8919318526717,127.48966743651602
12,1523.999951232002,0.5,0.0,37.7063574646,111.9918915518461,0.0
12,1523.999951232002,0.5,0.5,480.05405509380006,204.1746120596027,0.0
12,1523.999951232002,0.5,0.6,576.0643051504001,223.2906323383834,-85.71954405676202
12,1523.999951232002,0.5,0.7,672.0787624231999,242.4038680336569,-55.24386805522201
12,1523.999951232002,0.5,0.8,768.0880105272,261.287253015513,-22.077224461446
12,1523.999951232002,0.5,0.9,864.121550853,280.1393708485893,14.034497074752
12,1523.999951232002,0.5,1.0,960.1047046976001,298.9853777559649,53.098048951332004
12,1523.999951232002,0.55,0.0,44.235678823600004,112.6881833947201,0.0
12,1523.999951232002,0.55,0.5,480.05004810400004,202.8939057531525,0.0
12,1523.999951232002,0.55,0.6,576.0644553202001,222.171359827996,-148.08354664349403
12,1523.999951232002,0.55,0.7,672.071650283,241.3510283313073,-120.656759363448
12,1523.999951232002,0.55,0.8,768.078444793,260.3022023892769,-90.481633573716
12,1523.999951232002,0.55,0.9,864.0920002264002,279.1041776021048,-57.475697051388
12,1523.999951232002,0.55,1.0,960.100297255,298.0169172029393,-21.495608131074
12,2285.999926848002,0.0,0.0,10.935171995000001,100.6029052409507,0.0
12,2285.999926848002,0.0,0.5,474.80965793580003,198.0482757101515,446.96750639402404
12,2285.999926848002,0.0,0.6,569.7601999232,216.4859649903837,508.79080337454604
12,2285.999926848002,0.0,0.7,664.7345327458,234.9288224987753,573.432517012278
12,2285.999926848002,0.0,0.8,759.6715520658001,253.9222004005262,639.581272906884
12,2285.999926848002,0.0,0.9,854.6471871806001,274.1621042204482,707.8810785672782
12,2285.999926848002,0.0,1.0,949.6065941098001,295.8162358745351,775.1997559110421
12,2285.999926848002,0.05,0.0,11.1712471266,100.6412896392089,0.0
12,2285.999926848002,0.05,0.5,475.6475873666,198.1757008152046,394.224291062448
12,2285.999926848002,0.05,0.6,570.762860701,216.6485127134174,452.7405522116402
12,2285.999926848002,0.05,0.7,665.8968658716001,235.1244932917536,514.167693832716
12,2285.999926848002,0.05,0.8,761.0422404552002,254.1366175411413,577.407438397482
12,2285.999926848002,0.05,0.9,856.1558611012001,274.3852587403611,643.004298298824
12,2285.999926848002,0.05,1.0,951.2891646588001,296.0550101675587,708.0531766405021
12,2285.999926848002,0.1,0.0,11.944575643000002,100.7674585939399,0.0
12,2285.999926848002,0.1,0.5,478.0978177272,198.5372606442892,342.341663957832
12,2285.999926848002,0.1,0.6,573.7081853008,217.1172804110496,397.787047054782
12,2285.999926848002,0.1,0.7,669.3469521992001,235.6836369114579,456.25712767357805
12,2285.999926848002,0.1,0.8,764.9333787678,254.7765561881521,516.876090440556
12,2285.999926848002,0.1,0.9,860.5745992602,275.0375909360429,580.1597402711881
12,2285.999926848002,0.1,1.0,956.1918286910001,296.7392948975778,643.1666151810902
12,2285.999926848002,0.15,0.0,13.219653464600002,100.9959315186428,0.0
12,2285.999926848002,0.15,0.5,480.05270274500003,198.7293192448517,290.02183865747406
12,2285.999926848002,0.15,0.6,576.0541379164,217.4079957011703,342.274506956382
12,2285.999926848002,0.15,0.7,672.0663410010001,236.0429693544407,397.7058861671281
12,2285.999926848002,0.15,0.8,768.0651215314001,255.1182987839064,455.60368637968816
12,2285.999926848002,0.15,0.9,864.1056238276001,275.2614308415132,516.595136861958
12,2285.999926848002,0.15,1.0,960.0968909444001,296.8720739632587,577.3743271822681
12,2285.999926848002,0.2,0.0,14.9556844624,101.2749040254922,0.0
12,2285.999926848002,0.2,0.5,480.05560766900004,198.4857051473283,236.579471233644
12,2285.999926848002,0.2,0.6,576.0635543014,217.1862970992471,285.347295447984
12,2285.999926848002,0.2,0.7,672.0775101876,235.7983699859385,337.429881606972
12,2285.999926848002,0.2,0.8,768.0732356242002,254.6888932700717,392.269119554004
12,2285.999926848002,0.2,0.9,864.1014166114,274.7027012601833,450.336850222182
12,2285.999926848002,0.2,1.0,960.1011982738002,295.8131233352082,508.95730380772204
12,2285.999926848002,0.25,0.0,17.2167558552,101.6555592108319,0.0
12,2285.999926848002,0.25,0.5,480.06552462,198.1678055478545,183.059226153342
12,2285.999926848002,0.25,0.6,576.0745224410001,216.8754366199764,228.41153090217003
12,2285.999926848002,0.25,0.7,672.0685951892001,235.4818696958179,277.078470376554
12,2285.999926848002,0.25,0.8,768.1099985042,254.2778486037377,328.832601305208
12,2285.999926848002,0.25,0.9,864.1170432972001,274.0671598410596,383.919828406884
12,2285.999926848002,0.25,1.0,960.1207318362,294.6978915586502,440.262311610198
12,2285.999926848002,0.3,0.0,20.294468673600004,102.0502921687381,0.0
12,2285.999926848002,0.3,0.5,480.06226929980005,197.7681686913726,129.43054147623602
12,2285.999926848002,0.3,0.6,576.0409155886001,216.4407627602286,171.36349550766602
12,2285.999926848002,0.3,0.7,672.0591287476,235.092498183979,216.68114284000802
12,2285.999926848002,0.3,0.8,768.0694789174,253.7864224806314,265.19879070993
12,2285.999926848002,0.3,0.9,864.0965077822,273.2918713477275,317.300141684988
12,2285.999926848002,0.3,1.0,960.097392331,293.4568763274971,371.17840575538804
12,2285.999926848002,0.35,0.0,23.9991658456,102.5054967177719,0.0
12,2285.999926848002,0.35,0.5,480.0392301341999,197.2807402608183,75.592782007512
12,2285.999926848002,0.35,0.6,576.0519337848,215.8966676810306,114.217506305364
12,2285.999926848002,0.35,0.7,672.0526681638,234.6504712834074,156.230202242268
12,2285.999926848002,0.35,0.8,768.0858072162,253.3031915102967,201.45810139824601
12,2285.999926848002,0.35,0.9,864.1028190168,272.4441687123288,250.48028061487202
12,2285.999926848002,0.35,1.0,960.096190152,292.2382767128731,301.560106318548
12,2285.999926848002,0.4,0.0,28.369268683800005,103.0418177001724,0.0
12,2285.999926848002,0.4,0.5,480.0532541882,196.711331296471,21.588673789914
12,2285.999926848002,0.4,0.6,576.0509326528,215.3228039444797,56.872394758872005
12,2285.999926848002,0.4,0.7,672.0450554576,234.1116300470833,95.673767659008
12,2285.999926848002,0.4,0.8,768.0627680506,252.7445765497596,137.61516218788802
12,2285.999926848002,0.4,0.9,864.0791783514001,271.6958072163658,183.40396053441003
12,2285.999926848002,0.4,1.0,960.0819658716001,291.0969745539327,231.517281664746
12,2285.999926848002,0.45,0.0,33.172907631600005,103.6441359315976,0.0
12,2285.999926848002,0.45,0.5,480.0376275024,196.0546163759412,0.0
12,2285.999926848002,0.45,0.6,576.0545383692,214.6618204520548,-0.729444915276
12,2285.999926848002,0.45,0.7,672.0439033352001,233.3898961309081,34.89577613398801
12,2285.999926848002,0.45,0.8,768.0627680506,252.1210277404518,73.63947474807001
12,2285.999926848002,0.45,0.9,864.0800801908,271.0078106440171,116.198919198054
12,2285.999926848002,0.45,1.0,960.0769569292,289.9495900075298,161.167932394854
12,2285.999926848002,0.5,0.0,38.9302019458,104.3611086403883,0.0
12,2285.999926848002,0.5,0.5,480.06527433700006,195.2563129630772,0.0
12,2285.999926848002,0.5,0.6,576.0689128194001,213.9023084582237,-58.632656832288006
12,2285.999926848002,0.5,0.7,672.0814170642001,232.6039857988751,-26.163467445192
12,2285.999926848002,0.5,0.8,768.1017342416001,251.4249216300463,9.557172816114
12,2285.999926848002,0.5,0.9,864.1088290911999,270.2587927685748,48.840750112308
12,2285.999926848002,0.5,1.0,960.1204314966001,288.952688994829,90.644317434132
12,2285.999926848002,0.55,0.0,47.24895074460001,105.3429470773837,0.0
12,2285.999926848002,0.55,0.5,480.05034926420007,194.2179786390275,0.0
12,2285.999926848002,0.55,0.6,576.0506323132001,213.0445542810487,-116.96931887487
12,2285.999926848002,0.55,0.7,672.0800146588001,231.756240122199,-87.585349046118
12,2285.999926848002,0.55,0.8,768.0848553202,250.4849586131725,-54.947051234460005
12,2285.999926848002,0.55,0.9,864.1178442028,269.4490389724214,-18.656963638236
12,2285.999926848002,0.55,1.0,960.1060069898002,288.0728906660619,19.961008261656
12,3047.999902464003,0.0,0.0,12.7769791534,93.48949719658894,0.0
12,3047.999902464003,0.0,0.5,448.72169992320005,184.0400035784269,419.78509231058405
12,3047.999902464003,0.0,0.6,538.4503833522001,200.9391379557289,478.987118189118
12,3047.999902464003,0.0,0.7,628.2019557770001,218.2974600715776,541.099657561386
12,3047.999902464003,0.0,0.8,717.9476182406001,236.6041115865009,604.91758354104
12,3047.999902464003,0.0,0.9,807.702896495,256.3182236304092,670.0298903861641
12,3047.999902464003,0.0,1.0,897.4283746604001,277.1693977996009,734.12354417556
12,3047.999902464003,0.05,0.0,13.027360625400002,93.53210806114488,0.0
12,3047.999902464003,0.05,0.5,449.5779607373999,184.1715264937857,371.34986773315205
12,3047.999902464003,0.05,0.6,539.4747810034,201.1043126001996,427.42191739816803
12,3047.999902464003,0.05,0.7,629.4007506226001,218.4962289008437,486.57456269683803
12,3047.999902464003,0.05,0.8,719.3009271426,236.8362041890593,547.6435140713461
12,3047.999902464003,0.05,0.9,809.2231901116,256.5740450762951,610.3587196406701
12,3047.999902464003,0.05,1.0,899.1472067028,277.4100855581058,672.3711375875341
12,3047.999902464003,0.1,0.0,13.624700804000001,93.64724768856027,0.0
12,3047.999902464003,0.1,0.5,452.06119727120006,184.5402531633857,323.808415993524
12,3047.999902464003,0.1,0.6,542.4572197,201.5849161812574,376.99598314824607
12,3047.999902464003,0.1,0.7,632.8707209088,219.0564434062415,433.43194302592804
12,3047.999902464003,0.1,0.8,723.2857254568,237.481525802776,492.0933073356301
12,3047.999902464003,0.1,0.9,813.6967722510001,257.25630218788,552.8374439030521
12,3047.999902464003,0.1,1.0,904.104264206,278.1136443592489,612.935375985702
12,3047.999902464003,0.15,0.0,14.7897246772,93.84074863975324,0.0
12,3047.999902464003,0.15,0.5,456.1835806638,185.1548928961263,276.950908771614
12,3047.999902464003,0.15,0.6,547.4098188834,202.408205055611,327.5165002263
12,3047.999902464003,0.15,0.7,638.6384114044,219.9936082722489,381.49925520861
12,3047.999902464003,0.15,0.8,729.88693712,238.5665323101697,437.97395819284804
12,3047.999902464003,0.15,0.9,821.1495878234001,258.4044006580786,497.02621784184606
12,3047.999902464003,0.15,1.0,912.3655586958001,279.2931526694185,555.50806133361
12,3047.999902464003,0.2,0.0,16.6236393048,94.07264100680396,0.0
12,3047.999902464003,0.2,0.5,461.9321380498,186.005222920802,230.581413986616
12,3047.999902464003,0.2,0.6,554.3009255498,203.5512489827633,278.72670625338003
12,3047.999902464003,0.2,0.7,646.6788783312,221.2814818870544,330.402744231714
12,3047.999902464003,0.2,0.8,739.0732595246001,240.0558447169554,384.98719658876405
12,3047.999902464003,0.2,0.9,831.466639586,259.9324474074208,442.31133166420204
12,3047.999902464003,0.2,1.0,923.8376303970001,280.9112894906106,499.43820864445206
12,3047.999902464003,0.25,0.0,18.994104063,94.39246062151864,0.0
12,3047.999902464003,0.25,0.5,468.89672041960006,187.0270092772385,184.351458973374
12,3047.999902464003,0.25,0.6,562.6685008692001,204.9238156675134,230.179822457508
12,3047.999902464003,0.25,0.7,656.4415844316001,222.8768320946203,279.541564109808
12,3047.999902464003,0.25,0.8,750.2389093386,241.8301474561372,332.51325025149004
12,3047.999902464003,0.25,0.9,844.0088368734,261.7288513746712,388.19482048578004
12,3047.999902464003,0.25,1.0,937.7904349814,282.8458124489703,444.19605804697204
12,3047.999902464003,0.3,0.0,21.980678583600003,94.78097598621066,0.0
12,3047.999902464003,0.3,0.5,477.3910119703999,188.2751347402703,138.23734183644
12,3047.999902464003,0.3,0.6,572.851373864,206.5840421795337,181.902696960138
12,3047.999902464003,0.3,0.7,668.3441913082002,224.8061292805044,229.149455459232
12,3047.999902464003,0.3,0.8,763.8136684266,243.9812573968974,280.582240747578
12,3047.999902464003,0.3,0.9,859.2962185236,263.8815318542139,334.67952716398213
12,3047.999902464003,0.3,1.0,954.7669979342002,285.1990325320694,389.81068888977603
12,3047.999902464003,0.35,0.0,25.4468297974,95.24813057162297,0.0
12,3047.999902464003,0.35,0.5,480.05140045280007,188.3711785435907,89.04909277433401
12,3047.999902464003,0.35,0.6,576.0468756064,206.808625014878,129.746025252228
12,3047.999902464003,0.35,0.7,672.0571757196001,225.1373351844326,174.02612749368
12,3047.999902464003,0.35,0.8,768.0714327660002,244.0807707014425,222.804388566606
12,3047.999902464003,0.35,0.9,864.0940041316001,263.9084303133448,274.29429033421803
12,3047.999902464003,0.35,1.0,960.0933853412,284.6039817267532,327.522998186076
12,3047.999902464003,0.4,0.0,29.3795799154,95.78183913562552,0.0
12,3047.999902464003,0.4,0.5,480.0337206258001,187.8931303044543,38.510603879286
12,3047.999902464003,0.4,0.6,576.0444211918,206.274795280323,75.91509647013602
12,3047.999902464003,0.4,0.7,672.0521667772,224.6701660959812,116.915265439896
12,3047.999902464003,0.4,0.8,768.0569081460001,243.4274391995827,162.345760999884
12,3047.999902464003,0.4,0.9,864.0474244138001,262.9615287618616,210.898315831434
12,3047.999902464003,0.4,1.0,960.07635625,282.9671125931235,261.490858161456
12,3047.999902464003,0.45,0.0,34.172256467800004,96.37231399818563,0.0
12,3047.999902464003,0.45,0.5,480.06492394080004,187.3492635311621,0.0
12,3047.999902464003,0.45,0.6,576.0546384824,205.649975817654,21.880675857348
12,3047.999902464003,0.45,0.7,672.0681947364,224.1828518183798,59.7232473915
12,3047.999902464003,0.45,0.8,768.0989294308001,242.8877558513109,101.89190904215401
12,3047.999902464003,0.45,0.9,864.1049222146,261.8307342886692,147.23691826536
12,3047.999902464003,0.45,1.0,960.1149219882,281.3975188473192,194.98674509160003
12,3047.999902464003,0.5,0.0,41.188880469,97.12988445613718,0.0
12,3047.999902464003,0.5,0.5,480.0385785778,186.7301975644562,0.0
12,3047.999902464003,0.5,0.6,576.0688127062,205.0232573925429,-32.43529039212
12,3047.999902464003,0.5,0.7,672.0719506226,223.5088469360429,2.322991261668
12,3047.999902464003,0.5,0.8,768.0933698658001,242.267205428377,41.272799483916
12,3047.999902464003,0.5,0.9,864.0730681638,260.9097318901388,83.20635046647
12,3047.999902464003,0.5,1.0,960.1025005660001,280.1317179223442,128.19066909864603
12,3047.999902464003,0.55,0.0,49.16616201639999,98.02089035924885,0.0
12,3047.999902464003,0.55,0.5,480.04719323660004,185.9789813089903,0.0
12,3047.999902464003,0.55,0.6,576.064104924,204.3150014780913,-87.05554513748402
12,3047.999902464003,0.55,0.7,672.0863250728,222.6782485299828,-55.42921648618201
12,3047.999902464003,0.55,0.8,768.0964249596,241.6115043170643,-19.401787384518002
12,3047.999902464003,0.55,0.9,864.1184457026001,260.1852423965345,19.361175135918003
12,3047.999902464003,0.55,1.0,960.1022002264001,278.7706877034383,60.948895695996015
12,3809.999878080004,0.0,0.0,15.1070186938,87.06307986863831,0.0
12,3809.999878080004,0.0,0.5,424.35442768840005,170.9748930854577,395.13800304640205
12,3809.999878080004,0.0,0.6,509.20619094840004,187.0850752352354,452.62262500639804
12,3809.999878080004,0.0,0.7,594.0828963454,203.6594430579697,511.9292200855141
12,3809.999878080004,0.0,0.8,678.9675156088,221.0047582869455,573.9268904037901
12,3809.999878080004,0.0,0.9,763.8247875566001,239.7369462791437,635.5613306422381
12,3809.999878080004,0.0,1.0,848.6926280118001,259.3953909805861,696.3917364331619
12,3809.999878080004,0.05,0.0,15.3207160634,87.09239097849951,0.0
12,3809.999878080004,0.05,0.5,425.11757994420003,171.087455382473,350.50635530941804
12,3809.999878080004,0.05,0.6,510.15115287840007,187.2381286138982,405.0885666532321
12,3809.999878080004,0.05,0.7,595.1666955894,203.8323272373219,461.64267881608805
12,3809.999878080004,0.05,0.8,680.1998180142,221.2066111173002,521.1269304641401
12,3809.999878080004,0.05,0.9,765.2285321758001,239.9378283415585,580.5904258280281
12,3809.999878080004,0.05,1.0,850.2384652652001,259.6133772723396,639.514752000894
12,3809.999878080004,0.1,0.0,16.088809151800003,87.19119737684841,0.0
12,3809.999878080004,0.1,0.5,427.5788785575999,171.4818669343192,306.94990951455605
12,3809.999878080004,0.1,0.6,513.0859097914001,187.7294546192507,358.73099621158804
12,3809.999878080004,0.1,0.7,598.6082164942001,204.3861309315976,412.845603996672
12,3809.999878080004,0.1,0.8,684.1349314602,221.852561040098,470.04318543382203
12,3809.999878080004,0.1,0.9,769.6458687500001,240.5903888431462,527.6952717562681
12,3809.999878080004,0.1,1.0,855.1595607940002,260.2984044643927,585.050091098088
12,3809.999878080004,0.15,0.0,17.317395880400003,87.35532265626418,0.0
12,3809.999878080004,0.15,0.5,431.38942984720006,172.0691511282773,263.888179624146
12,3809.999878080004,0.15,0.6,517.6726354382,188.4767737677583,313.13975443581603
12,3809.999878080004,0.15,0.7,603.9516830490002,205.2256103438266,364.982659825476
12,3809.999878080004,0.15,0.8,690.2389949224001,222.8379120195954,420.207004643118
12,3809.999878080004,0.15,0.9,776.528811267,241.5703853941759,476.210106453312
12,3809.999878080004,0.15,1.0,862.7988938228001,261.3985591622063,532.2186248610001
12,3809.999878080004,0.2,0.0,19.0279644808,87.59227658396081,0.0
12,3809.999878080004,0.2,0.5,436.7911959290002,172.879818615894,221.33735671416602
12,3809.999878080004,0.2,0.6,524.1456784080001,189.5330544330945,268.275383835228
12,3809.999878080004,0.2,0.7,611.5122819696,206.4531475732559,318.13120040347803
12,3809.999878080004,0.2,0.8,698.8686181840001,224.2850921621156,371.525434973154
12,3809.999878080004,0.2,0.9,786.2414320464001,242.9315873103511,426.02275693131
12,3809.999878080004,0.2,1.0,873.5927092618001,262.9478224542321,480.9623022393421
12,3809.999878080004,0.25,0.0,21.2103239216,87.90375835471288,0.0
12,3809.999878080004,0.25,0.5,443.85825236500006,173.9485209002994,179.205182477706
12,3809.999878080004,0.25,0.6,532.6339098278,190.9144155736188,223.99782108257403
12,3809.999878080004,0.25,0.7,621.3904850581999,208.0982403978953,272.073695762484
12,3809.999878080004,0.25,0.8,710.1904339222001,226.1761686937313,323.87348366604004
12,3809.999878080004,0.25,0.9,798.9633366308001,244.7345017386374,377.02693163889603
12,3809.999878080004,0.25,1.0,887.7179079560001,264.9716930224077,431.08994718913203
12,3809.999878080004,0.3,0.0,23.8981237264,88.28356394266534,0.0
12,3809.999878080004,0.3,0.5,452.60106837,175.2587811255557,137.259511430118
12,3809.999878080004,0.3,0.6,543.101468657,192.6147902405879,180.07527299223003
12,3809.999878080004,0.3,0.7,633.6268611376001,210.1310766512746,226.5427069059
12,3809.999878080004,0.3,0.8,724.1559093912001,228.5032327797333,276.944190624948
12,3809.999878080004,0.3,0.9,814.6386298512001,247.12021705044,328.75084835947206
12,3809.999878080004,0.3,1.0,905.1777952822,267.4393317915268,382.08613155913207
12,3809.999878080004,0.35,0.0,27.076369071400002,88.73381453424659,0.0
12,3809.999878080004,0.35,0.5,463.03276533799993,176.826890415132,95.32883266321801
12,3809.999878080004,0.35,0.6,555.636453691,194.647855267713,136.378166918994
12,3809.999878080004,0.35,0.7,648.2476045804001,212.54543265826,181.33556403408602
12,3809.999878080004,0.35,0.8,740.8691738074001,231.278848262542,230.53207744413004
12,3809.999878080004,0.35,0.9,833.4330942432001,250.0208590227706,281.150753511474
12,3809.999878080004,0.35,1.0,926.0599218750001,270.3865462972875,333.907336633794
12,3809.999878080004,0.4,0.0,31.497342544800002,89.29528518996644,0.0
12,3809.999878080004,0.4,0.5,474.1489805668,178.4311351962261,52.82429793055802
12,3809.999878080004,0.4,0.6,568.9801195100001,196.8017067507031,92.15935981467601
12,3809.999878080004,0.4,0.7,663.8300895819999,215.1255911509571,135.58577791143003
12,3809.999878080004,0.4,0.8,758.6580224410001,234.1105310909916,183.27113890932
12,3809.999878080004,0.4,0.9,853.4798951690001,253.06930006305,232.90658754501604
12,3809.999878080004,0.4,1.0,948.3091803768001,273.4764491871542,284.884261990482
12,3809.999878080004,0.45,0.0,37.2925764794,89.97857014596752,0.0
12,3809.999878080004,0.45,0.5,480.04989793420003,179.0356808137531,7.533758050896
12,3809.999878080004,0.45,0.6,576.0585453589999,197.6281933112583,44.44163623699801
12,3809.999878080004,0.45,0.7,672.0748555466,216.2760306923705,85.53386289894601
12,3809.999878080004,0.45,0.8,768.1004319494,235.1487648294475,130.720435422192
12,3809.999878080004,0.45,0.9,864.1379784444001,254.1936696899211,178.505320894362
12,3809.999878080004,0.45,1.0,960.1260411182001,274.0018549951919,228.91620904013402
12,3809.999878080004,0.5,0.0,43.826818156,90.71654465889505,0.0
12,3809.999878080004,0.5,0.5,480.06066666800007,178.4486820021773,0.0
12,3809.999878080004,0.5,0.6,576.0674603574,196.9456938585685,-6.5807745118500005
12,3809.999878080004,0.5,0.7,672.0881788082,215.7079354226617,31.394917122954002
12,3809.999878080004,0.5,0.8,768.0829022922001,234.3160246520004,73.11953031906602
12,3809.999878080004,0.5,0.9,864.1026187904,253.2522502872177,117.97191785979601
12,3809.999878080004,0.5,1.0,960.1074093952,272.3755230212283,165.56454592570202
12,3809.999878080004,0.55,0.0,51.213351404600004,91.5423678223714,0.0
12,3809.999878080004,0.55,0.5,480.0513003396,177.8001907726572,0.0
12,3809.999878080004,0.55,0.6,576.0569427272001,196.187009941486,-57.89794700382001
12,3809.999878080004,0.55,0.7,672.0763080086001,215.0569744659349,-22.86621280482
12,3809.999878080004,0.55,0.8,768.0783947364,233.64046373392,15.611206463622
12,3809.999878080004,0.55,0.9,864.1105318362002,252.1676002738819,57.193622966172
12,3809.999878080004,0.55,1.0,960.0999969154,271.1150049452056,101.89848039756001
12,4571.999853696005,0.0,0.0,17.3409003262,80.98301616719586,0.0
12,4571.999853696005,0.0,0.5,400.3808522538,158.6757044617618,371.71380241102804
12,4571.999853696005,0.0,0.6,480.4599476512,173.9796453578881,427.24732387352407
12,4571.999853696005,0.0,0.7,560.5449784484,189.7309381091355,484.069579631022
12,4571.999853696005,0.0,0.8,640.6163355878001,205.9383781069582,543.3879718344001
12,4571.999853696005,0.0,0.9,720.7036698092,223.7284753460946,601.5176679864661
12,4571.999853696005,0.0,1.0,800.7692671572,242.4676594172185,659.4476105919241
12,4571.999853696005,0.05,0.0,17.5379362334,81.01302014805408,0.0
12,4571.999853696005,0.05,0.5,401.1500646406,158.7928216487345,330.78019838463604
12,4571.999853696005,0.05,0.6,481.3622867966,174.1252741162116,383.50060235440804
12,4571.999853696005,0.05,0.7,561.5951700194,189.9093764846231,437.81026147273803
12,4571.999853696005,0.05,0.8,641.8280023650001,206.1385747838157,494.840080071876
12,4571.999853696005,0.05,0.9,722.0725052838,223.9281012581874,551.02767403068
12,4571.999853696005,0.05,1.0,802.2889600946,242.677364941486,607.22560698723
12,4571.999853696005,0.1,0.0,18.2081145092,81.11478890909916,0.0
12,4571.999853696005,0.1,0.5,403.3707534868,159.139717969609,290.677873263624
12,4571.999853696005,0.1,0.6,484.0396551341999,174.5487974780913,340.83711715237797
12,4571.999853696005,0.1,0.7,564.7163951528,190.4357680314797,392.90647252579805
12,4571.999853696005,0.1,0.8,645.404054075,206.7140946738637,447.96513894132005
12,4571.999853696005,0.1,0.9,726.0707269728001,224.4998802998277,502.40751203781605
12,4571.999853696005,0.1,1.0,806.7417572566001,243.2927471362605,557.121840408672
12,4571.999853696005,0.15,0.0,19.3440210326,81.28831590057153,0.0
12,4571.999853696005,0.15,0.5,407.0941307972,159.7090272840425,251.25732504272403
12,4571.999853696005,0.15,0.6,488.50397105840005,175.2783125086637,299.00831151991804
12,4571.999853696005,0.15,0.7,569.9325439764,191.3184501258278,349.142209451112
12,4571.999853696005,0.15,0.8,651.3403310964001,207.7001876475551,402.47025094861203
12,4571.999853696005,0.15,0.9,732.7658489206,225.4539636627053,455.39579081119206
12,4571.999853696005,0.15,1.0,814.1866080854,244.3223431453325,508.87636800000007
12,4571.999853696005,0.2,0.0,20.915779398800005,81.52001551755421,0.0
12,4571.999853696005,0.2,0.5,412.3157390726,160.5163394233875,212.34892174188002
12,4571.999853696005,0.2,0.6,494.79204914700006,176.3093223301279,257.90932756696805
12,4571.999853696005,0.2,0.7,577.2641520052001,192.5564103619704,306.317581696896
12,4571.999853696005,0.2,0.8,659.7239343750001,209.0944845632768,358.1080923928201
12,4571.999853696005,0.2,0.9,742.1868218952001,226.8081699677946,409.653544866258
12,4571.999853696005,0.2,1.0,824.6551179900001,245.7663536720493,462.172927991544
12,4571.999853696005,0.25,0.0,22.9752219862,81.8249152477547,0.0
12,4571.999853696005,0.25,0.5,419.05541221500005,161.5616122820466,173.802867773304
12,4571.999853696005,0.25,0.6,502.8787954519999,177.6305618238229,217.33024889868602
12,4571.999853696005,0.25,0.7,586.675759472,194.1453497584142,264.209261040186
12,4571.999853696005,0.25,0.8,670.5035755902001,210.9191432577339,314.427749881476
12,4571.999853696005,0.25,0.9,754.3122085422001,228.5733348566633,364.96780454996406
12,4571.999853696005,0.25,1.0,838.1308585584002,247.6321738628323,416.722385638482
12,4571.999853696005,0.3,0.0,25.813190770400002,82.2214545357888,0.0
12,4571.999853696005,0.3,0.5,427.25172092900004,162.8168189708791,135.419527023396
12,4571.999853696005,0.3,0.6,512.6988992400001,179.2250984576794,177.05906000521202
12,4571.999853696005,0.3,0.7,598.1412704762,196.0590136038284,222.54911856546602
12,4571.999853696005,0.3,0.8,683.6059784444001,213.0951245070308,271.24541629185006
12,4571.999853696005,0.3,0.9,769.0447431436,230.6962756849315,320.97891659618404
12,4571.999853696005,0.3,1.0,854.5028403582,249.8870516448335,372.135308621076
12,4571.999853696005,0.35,0.0,29.7649369578,82.71679226889232,0.0
12,4571.999853696005,0.35,0.5,436.95462498380004,164.2806181926881,97.05206419477801
12,4571.999853696005,0.35,0.6,524.3344008166,181.1093651106777,136.97699207808
12,4571.999853696005,0.35,0.7,611.7248444494,198.3163470778373,181.20165615367202
12,4571.999853696005,0.35,0.8,699.1268084856,215.6545095014969,228.55723590684602
12,4571.999853696005,0.35,0.9,786.5140468548002,233.1950964559557,277.53741814398603
12,4571.999853696005,0.35,1.0,873.8978296774,252.6291585575615,328.22112273951
12,4571.999853696005,0.4,0.0,34.415543032200006,83.29398234763677,0.0
12,4571.999853696005,0.4,0.5,448.2185416478,166.0038075436814,58.622092754610016
12,4571.999853696005,0.4,0.6,537.8624800736001,183.2870595899483,96.95806396491602
12,4571.999853696005,0.4,0.7,627.4950999636001,200.9288295698086,140.00561381961
12,4571.999853696005,0.4,0.8,717.1499072364,218.6212128169282,186.06076490740202
12,4571.999853696005,0.4,0.9,806.7936954924,236.1630133482718,234.30422138277004
12,4571.999853696005,0.4,1.0,896.4288690896001,255.864604123197,284.797053302916
12,4571.999853696005,0.45,0.0,39.631915059,83.925469465572,0.0
12,4571.999853696005,0.45,0.5,460.9552211352001,167.9296211931416,19.873055831706
12,4571.999853696005,0.45,0.6,553.1613312500001,185.8036269345913,56.921481756216004
12,4571.999853696005,0.45,0.7,645.3480079156001,203.8676206168919,98.719974993486
12,4571.999853696005,0.45,0.8,737.5285743936001,221.9674223027307,143.532454883664
12,4571.999853696005,0.45,0.9,829.7185572566001,239.7934842717953,191.155136013534
12,4571.999853696005,0.45,1.0,921.9232641454001,259.5087247457136,241.50644647991402
12,4571.999853696005,0.5,0.0,45.735167768400004,84.63826576694186,0.0
12,4571.999853696005,0.5,0.5,474.9093780684001,169.9975515262633,0.0
12,4571.999853696005,0.5,0.6,569.8829592214,188.5268728788896,16.424346862308
12,4571.999853696005,0.5,0.7,664.8728686732,207.1095911466026,56.99834655299401
12,4571.999853696005,0.5,0.8,759.8537129568001,225.602134195591,100.68156617303401
12,4571.999853696005,0.5,0.9,854.8432211352,243.8473358660075,147.699560279502
12,4571.999853696005,0.5,1.0,949.8269703428,263.3578963526264,197.368125023454
12,4571.999853696005,0.55,0.0,52.755586224000005,85.43045825410506,0.0
12,4571.999853696005,0.55,0.5,480.05876287600006,170.3625233122562,0.0
12,4571.999853696005,0.55,0.6,576.0738216486001,189.0605599222535,-29.16991881342
12,4571.999853696005,0.55,0.7,672.0885792610001,207.8939599459312,8.891748462366001
12,4571.999853696005,0.55,0.8,768.0972266858,226.4000946817563,50.04112585487401
12,4571.999853696005,0.55,0.9,864.102217517,244.8587717309263,94.98785124536401
12,4571.999853696005,0.55,1.0,960.1203313834001,263.3303695844144,142.478787219384
12,5333.999829312005,0.0,0.0,19.5627691952,75.20939419649824,0.0
12,5333.999829312005,0.0,0.5,389.5292632924,149.0594714040643,358.65330938375405
12,5333.999829312005,0.0,0.6,467.4451939036,163.9761250154223,413.240526309534
12,5333.999829312005,0.0,0.7,545.3336270294001,179.2898030648644,470.8380356415121
12,5333.999829312005,0.0,0.8,623.2359332188,195.9343866496417,528.4073953028641
12,5333.999829312005,0.0,0.9,701.1453023124001,213.9915274120476,584.772870910536
12,5333.999829312005,0.0,1.0,779.0644373666,232.6909488283589,641.6830839910261
12,5333.999829312005,0.05,0.0,19.7601735518,75.2349508905924,0.0
12,5333.999829312005,0.05,0.5,390.2835506064,149.180857630772,320.56122206585405
12,5333.999829312005,0.05,0.6,468.3406711918,164.1218113180622,372.56928230214004
12,5333.999829312005,0.05,0.7,546.4007475784001,179.4671565194593,427.772758295652
12,5333.999829312005,0.05,0.8,624.4367820262,196.1116114482446,483.322289791572
12,5333.999829312005,0.05,0.9,702.4905972348001,214.1865418255466,538.00462256079
12,5333.999829312005,0.05,1.0,780.5617919308002,232.8962000482627,593.283099102078
12,5333.999829312005,0.1,0.0,20.423165012800002,75.33928247899846,0.0
12,5333.999829312005,0.1,0.5,392.4620671774,149.5272828367958,283.303408195038
12,5333.999829312005,0.1,0.6,470.95227664540005,164.5478469805861,332.98123057445406
12,5333.999829312005,0.1,0.7,549.4459424806,179.990806524086,386.05676663954404
12,5333.999829312005,0.1,0.8,627.9506273326,196.615701531525,439.84711742433007
12,5333.999829312005,0.1,0.9,706.426262124,214.7251973294022,493.102551071592
12,5333.999829312005,0.1,1.0,784.9307959856001,233.4844409749615,547.043754341238
12,5333.999829312005,0.15,0.0,21.808309912400002,75.52994925564728,0.0
12,5333.999829312005,0.15,0.5,396.10688516740004,150.1110404530527,246.74188887994802
12,5333.999829312005,0.15,0.6,475.3296951326001,165.2549468624694,294.29940447646203
12,5333.999829312005,0.15,0.7,554.5490987872,180.8592831255557,345.523046470602
12,5333.999829312005,0.15,0.8,633.7787197324001,197.4461001699175,397.731682284552
12,5333.999829312005,0.15,0.9,712.9820962484,215.6332648884151,449.8330675109041
12,5333.999829312005,0.15,1.0,792.224238729,234.4648230261272,502.665169843452
12,5333.999829312005,0.2,0.0,23.728313686,75.78832651129457,0.0
12,5333.999829312005,0.2,0.5,401.14693405160006,150.9148119794974,210.684299067396
12,5333.999829312005,0.2,0.6,481.37686229380006,166.228932605552,256.274082716652
12,5333.999829312005,0.2,0.7,561.6024323294,182.0526259315068,305.88827597790004
12,5333.999829312005,0.2,0.8,641.8271514028,198.5708838351628,356.65755987800407
12,5333.999829312005,0.2,0.9,722.0688995674001,216.8602884295564,407.769787305804
12,5333.999829312005,0.2,1.0,802.2894106040001,235.8549365168285,459.74593022912404
12,5333.999829312005,0.25,0.0,26.221108568600002,76.12593574090539,0.0
12,5333.999829312005,0.25,0.5,407.6346025752,151.9460501068675,175.000948679172
12,5333.999829312005,0.25,0.6,489.1705083319999,167.4977744903384,218.84868705037803
12,5333.999829312005,0.25,0.7,570.6998033352,183.5936510294838,267.006877375854
12,5333.999829312005,0.25,0.8,652.2131204358001,200.017178356618,316.4589984069361
12,5333.999829312005,0.25,0.9,733.7536839182001,218.4437742154586,366.80605192677604
12,5333.999829312005,0.25,1.0,815.2821271386001,237.6656891359884,418.113634056426
12,5333.999829312005,0.3,0.0,29.317119946400005,76.53343230889958,0.0
12,5333.999829312005,0.3,0.5,415.5982137472,153.2031276877438,139.571287839522
12,5333.999829312005,0.3,0.6,498.72220452780005,169.0700096606187,181.87566779613002
12,5333.999829312005,0.3,0.7,581.8596424806,185.4842424110496,228.68991074067603
12,5333.999829312005,0.3,0.8,664.9655767788,201.8060009771387,276.905085433284
12,5333.999829312005,0.3,0.9,748.0975561004,220.4838778949469,326.73926986285204
12,5333.999829312005,0.3,1.0,831.2166126132,239.8824038080377,377.51928909710404
12,5333.999829312005,0.35,0.0,33.0512216782,77.0154567199492,0.0
12,5333.999829312005,0.35,0.5,425.1184809630001,154.6786336691463,104.27612693836802
12,5333.999829312005,0.35,0.6,510.13798060720006,170.9495932355076,145.18533915039
12,5333.999829312005,0.35,0.7,595.1757607576001,187.7287121572167,190.75289370984
12,5333.999829312005,0.35,0.8,680.1819871968,204.1830214830808,237.79649310509402
12,5333.999829312005,0.35,0.9,765.2295341284,222.9278023237776,287.32794502612205
12,5333.999829312005,0.35,1.0,850.2507865742001,242.500382951828,337.67678939933404
12,5333.999829312005,0.4,0.0,37.39934310420001,77.56135812927516,0.0
12,5333.999829312005,0.4,0.5,436.2458153218001,156.3925289112764,68.96911508949
12,5333.999829312005,0.4,0.6,523.4999769890001,173.1356260265808,108.59087498351401
12,5333.999829312005,0.4,0.7,610.7360074992,190.3051017311077,152.82651904535402
12,5333.999829312005,0.4,0.8,697.9970810802,207.0500547675769,199.07112382634404
12,5333.999829312005,0.4,0.9,785.2463839748001,225.8039159142702,248.39785087009201
12,5333.999829312005,0.4,1.0,872.4918308700002,245.5292640707611,298.33374207067203
12,5333.999829312005,0.45,0.0,42.3058861126,78.16936576258732,0.0
12,5333.999829312005,0.45,0.5,448.89714912680006,158.3477252501134,33.47731261644
12,5333.999829312005,0.45,0.6,538.6714603776,175.6872439418489,71.992246837896
12,5333.999829312005,0.45,0.7,628.4526835422001,193.2042873176086,114.93784526947802
12,5333.999829312005,0.45,0.8,718.2378127628,210.4047878298104,160.525427049834
12,5333.999829312005,0.45,0.9,808.0101209290001,229.0821936327679,209.66415363385804
12,5333.999829312005,0.45,1.0,897.7970037718001,248.9679622439445,259.321107189144
12,5333.999829312005,0.5,0.0,48.07297182600001,78.83838814923342,0.0
12,5333.999829312005,0.5,0.5,463.15387194780004,160.5322445788805,0.0
12,5333.999829312005,0.5,0.6,555.7847065694001,178.5319476923705,35.239331291934
12,5333.999829312005,0.5,0.7,648.4116851916,196.4582509249751,76.93005038611201
12,5333.999829312005,0.5,0.8,741.0351565694001,214.1972497468022,122.04479794584
12,5333.999829312005,0.5,0.9,833.6651902854001,232.7967297849951,170.96603370600602
12,5333.999829312005,0.5,1.0,926.3063423108001,252.8239582325139,220.42871881476603
12,5333.999829312005,0.55,0.0,54.671010229000004,79.55216925374219,0.0
12,5333.999829312005,0.55,0.5,478.7009964748001,162.8625493923614,0.0
12,5333.999829312005,0.55,0.6,574.4588160212,181.6203937285676,-1.9330353864360001
12,5333.999829312005,0.55,0.7,670.1937465718,199.9675363251384,38.449607217714004
12,5333.999829312005,0.55,0.8,765.9233177838,218.3498862187245,83.29471391194801
12,5333.999829312005,0.55,0.9,861.6791843022,236.627269665064,131.25841071096602
12,5333.999829312005,0.55,1.0,957.4062009864001,257.1319751191146,181.19736495583803
12,6095.999804928007,0.0,0.0,23.066221602600002,69.95805894475188,0.0
12,6095.999804928007,0.0,0.5,364.6815970468,137.4394563587045,336.33814118289
12,6095.999804928007,0.0,0.6,437.61695422060006,151.2410924642112,387.987932883936
12,6095.999804928007,0.0,0.7,510.54206948580014,165.4641527336478,443.37854816178003
12,6095.999804928007,0.0,0.8,583.4950326326,181.8627661788079,496.71595983471
12,6095.999804928007,0.0,0.9,656.4155902854,199.0291433792071,549.941267022378
12,6095.999804928007,0.0,1.0,729.3514734638001,217.0456222983761,603.6145860286081
12,6095.999804928007,0.05,0.0,23.289075227000005,69.99073288832442,0.0
12,6095.999804928007,0.05,0.5,365.34505378800003,137.5441088853307,301.39995705388804
12,6095.999804928007,0.05,0.6,438.42037495960005,151.3775267635853,350.70861409353006
12,6095.999804928007,0.05,0.7,511.49118939600004,165.6168917238501,403.89591702398405
12,6095.999804928007,0.05,0.8,584.5573452862,182.0042685885875,455.430658628484
12,6095.999804928007,0.05,0.9,657.6127824992001,199.1905486370317,507.125994764466
12,6095.999804928007,0.05,1.0,730.6901075760001,217.2295287874445,559.3609502513341
12,6095.999804928007,0.1,0.0,24.019455180600005,70.09624951537694,0.0
12,6095.999804928007,0.1,0.5,367.3468943584,137.8569969830355,267.27084720567
12,6095.999804928007,0.1,0.6,440.82212263100007,151.7772637378209,314.46817619448007
12,6095.999804928007,0.1,0.7,514.2963752102,166.0749800384651,365.65861400560806
12,6095.999804928007,0.1,0.8,587.7418280118001,182.443411255738,415.67734440724803
12,6095.999804928007,0.1,0.9,661.2139765726,199.6870863796607,466.098835775034
12,6095.999804928007,0.1,1.0,734.6924355474001,217.7582759085548,517.1362143393601
12,6095.999804928007,0.15,0.0,25.2244578652,70.25897548543954,0.0
12,6095.999804928007,0.15,0.5,370.75628549080005,138.3979084112311,233.812162400124
12,6095.999804928007,0.15,0.6,444.91129962400004,152.4659742339653,279.169546126548
12,6095.999804928007,0.15,0.7,519.0575981646,166.8828063339381,328.56292618842
12,6095.999804928007,0.15,0.8,593.2065012895999,183.1856758611993,377.28776502879003
12,6095.999804928007,0.15,0.9,667.3669740540001,200.5522932475733,426.686013667452
12,6095.999804928007,0.15,1.0,741.5114697364,218.6684707359158,476.69918068033803
12,6095.999804928007,0.2,0.0,26.908992930600004,70.48587833919987,0.0
12,6095.999804928007,0.2,0.5,375.4613629932,139.1421720968883,200.828440288476
12,6095.999804928007,0.2,0.6,450.5630418014,153.4132757886238,244.536262123692
12,6095.999804928007,0.2,0.7,525.6555044510001,168.0211105743445,292.340034737982
12,6095.999804928007,0.2,0.8,600.7412562338,184.1987393413771,339.895705657662
12,6095.999804928007,0.2,0.9,675.8418329762001,201.7253626762225,388.52303595705604
12,6095.999804928007,0.2,1.0,750.9378512856001,219.9160825106595,437.73806463802805
12,6095.999804928007,0.25,0.0,29.127418562000003,70.78769406831171,0.0
12,6095.999804928007,0.25,0.5,381.60228944860006,140.1167005343373,168.27131804359803
12,6095.999804928007,0.25,0.6,457.9216959856,154.6421267126916,210.506510386326
12,6095.999804928007,0.25,0.7,534.2672468386,169.4704605586501,256.824246573048
12,6095.999804928007,0.25,0.8,610.5730297744001,185.5349272578246,303.385401813186
12,6095.999804928007,0.25,0.9,686.8895305668,203.2702423077203,351.496036663464
12,6095.999804928007,0.25,1.0,763.2230112144,221.5378740977048,400.04821962382204
12,6095.999804928007,0.3,0.0,31.990738142,71.1571416793069,0.0
12,6095.999804928007,0.3,0.5,389.1135292792,141.3042898443255,135.95026061001002
12,6095.999804928007,0.3,0.6,466.940282006,156.1347514264719,176.85265681452603
12,6095.999804928007,0.3,0.7,544.7553904188001,171.2268735651819,221.694406881948
12,6095.999804928007,0.3,0.8,622.5884789982,187.196167579062,267.493094066352
12,6095.999804928007,0.3,0.9,700.4120510794,205.1572790411866,315.31566574800604
12,6095.999804928007,0.3,1.0,778.2333197364001,223.5002662831353,363.35544445708206
12,6095.999804928007,0.35,0.0,35.48536253460001,71.61277476975415,0.0
12,6095.999804928007,0.35,0.5,398.03382301100004,142.7028412967432,103.750095565116
12,6095.999804928007,0.35,0.6,477.6355294348,157.9067126265989,143.47662527444402
12,6095.999804928007,0.35,0.7,557.2387876132,173.2813834408963,186.96077637375603
12,6095.999804928007,0.35,0.8,636.8633329762001,189.1786619123651,232.126949804904
12,6095.999804928007,0.35,0.9,716.4470075356002,207.3755352459403,279.754504404606
12,6095.999804928007,0.35,1.0,796.0746079924,225.8653797939762,327.483614091018
12,6095.999804928007,0.4,0.0,39.45361344980001,72.12151939290574,0.0
12,6095.999804928007,0.4,0.5,408.24419267060006,144.2855560823733,71.49317123302201
12,6095.999804928007,0.4,0.6,489.9034091688,159.9136642300644,110.13278995072201
12,6095.999804928007,0.4,0.7,571.5567148852001,175.6250806413862,152.36305500015604
12,6095.999804928007,0.4,0.8,653.2227932406,191.4700185804228,197.10699315799803
12,6095.999804928007,0.4,0.9,734.8544621968001,209.9222422450331,244.52674026396002
12,6095.999804928007,0.4,1.0,816.5062662152001,228.6936211915994,292.09913560119605
12,6095.999804928007,0.45,0.0,44.234059779800006,72.69331948734465,0.0
12,6095.999804928007,0.45,0.5,419.8856534444,146.0574602060238,39.076914774282
12,6095.999804928007,0.45,0.6,503.87579655160005,162.1933847823641,76.690124964684
12,6095.999804928007,0.45,0.7,587.841848484,178.2885333625148,117.77891671114801
12,6095.999804928007,0.45,0.8,671.8215740742,194.3010160233149,162.076041845718
12,6095.999804928007,0.45,0.9,755.8204820100001,212.8486977556019,209.39678803289402
12,6095.999804928007,0.45,1.0,839.782476896,231.9063517231244,257.059523604576
12,6095.999804928007,0.5,0.0,49.686033452000004,73.32444964338202,0.0
12,6095.999804928007,0.5,0.5,432.93777157180006,148.0382703154314,6.389828440842001
12,6095.999804928007,0.5,0.6,519.5366152086001,164.7620213122562,43.178057070918
12,6095.999804928007,0.5,0.7,606.1184297542001,181.2608334475188,83.117243278608
12,6095.999804928007,0.5,0.8,692.7024476108,197.7531486891046,127.20065012470201
12,6095.999804928007,0.5,0.9,779.2949808336001,216.0185530929874,173.911150792764
12,6095.999804928007,0.5,1.0,865.884458142,235.4994450400073,222.232103267328
12,6095.999804928007,0.55,0.0,55.92273295400001,74.03060682772386,0.0
12,6095.999804928007,0.55,0.5,447.5204506630001,150.3307544778191,0.0
12,6095.999804928007,0.55,0.6,537.0322142262,167.6178470224077,9.266286362256
12,6095.999804928007,0.55,0.7,626.5242431800001,184.5691647379116,48.305647039188
12,6095.999804928007,0.55,0.8,716.0291949426,201.7053887165019,92.34078891899401
12,6095.999804928007,0.55,0.9,805.556535135,219.6088908324413,138.408148146576
12,6095.999804928007,0.55,1.0,895.0441065896001,239.4516991026036,187.29440354948403
12,6857.999780544007,0.0,0.0,24.5901915072,65.1577022435816,0.0
12,6857.999780544007,0.0,0.5,339.3903735244,126.824037825728,313.271196223062
12,6857.999780544007,0.0,0.6,407.2591624838,139.4275474615804,362.653248892704
12,6857.999780544007,0.0,0.7,475.1322579519999,152.883729129003,415.21936546213203
12,6857.999780544007,0.0,0.8,543.0212812662002,168.2844277522453,465.10250966995204
12,6857.999780544007,0.0,0.9,610.9083014958,184.4602857449878,515.3161054692421
12,6857.999780544007,0.0,1.0,678.7716810600001,201.3550369296017,565.6488615203581
12,6857.999780544007,0.05,0.0,24.8100384532,65.19066156953642,0.0
12,6857.999780544007,0.05,0.5,340.01401229180004,126.9226795444072,281.457165587598
12,6857.999780544007,0.05,0.6,408.0086911384,139.5541875311621,328.639565905266
12,6857.999780544007,0.05,0.7,476.00955484720004,153.0254743477275,379.1235512054761
12,6857.999780544007,0.05,0.8,544.004809755,168.4162645882247,427.46552418847205
12,6857.999780544007,0.05,0.9,612.0120347550001,184.6138387767396,476.27543835009607
12,6857.999780544007,0.05,1.0,680.0134999636001,201.5247514931507,525.2933263688881
12,6857.999780544007,0.1,0.0,25.474493864600003,65.2875975436814,0.0
12,6857.999780544007,0.1,0.5,341.897976134,127.2235890674952,250.40498648457603
12,6857.999780544007,0.1,0.6,410.26704388340005,139.9415749336841,295.658960661372
12,6857.999780544007,0.1,0.7,478.637688826,153.4004405990202,344.27936730633604
12,6857.999780544007,0.1,0.8,547.0309224248001,168.8206846405697,391.31613601495803
12,6857.999780544007,0.1,0.9,615.4022181032001,185.0895595120203,438.97002496670405
12,6857.999780544007,0.1,1.0,683.782129261,202.0323681541323,486.86566933758604
12,6857.999780544007,0.15,0.0,26.5962278054,65.45100889930146,0.0
12,6857.999780544007,0.15,0.5,345.010786835,127.72809318915,219.964212551622
12,6857.999780544007,0.15,0.6,414.012283619,140.5840693904563,263.515745732316
12,6857.999780544007,0.15,0.7,483.00989814440004,154.0595826733194,310.44225952555206
12,6857.999780544007,0.15,0.8,552.0238409686,169.4905060978862,356.392846305804
12,6857.999780544007,0.15,0.9,621.0173984476,185.8758272737912,403.118539869276
12,6857.999780544007,0.15,1.0,690.0235275186001,202.8786148715413,450.10510107393605
12,6857.999780544007,0.2,0.0,28.170817241600005,65.68075294520548,0.0
12,6857.999780544007,0.2,0.5,349.43430909200003,128.4177459149959,190.04020746341402
12,6857.999780544007,0.2,0.6,419.31282622900005,141.4990899871179,232.09381901752204
12,6857.999780544007,0.2,0.7,489.18984166800016,154.9607257329221,277.44998926953
12,6857.999780544007,0.2,0.8,559.0967072526,170.4751857270253,322.550101740636
12,6857.999780544007,0.2,0.9,628.9640560236,186.9973697437177,368.57759246200203
12,6857.999780544007,0.2,1.0,698.8612048836001,204.0786683740361,414.779383125492
12,6857.999780544007,0.25,0.0,30.220398678800002,65.96876973437358,0.0
12,6857.999780544007,0.25,0.5,355.11853143800005,129.3113932425837,160.46857479483603
12,6857.999780544007,0.25,0.6,426.1330125404,142.6698464149506,201.20893791352202
12,6857.999780544007,0.25,0.7,497.16424619180003,156.2008553430101,245.17008721220404
12,6857.999780544007,0.25,0.8,568.1791523649999,171.7366890740271,289.55581555131005
12,6857.999780544007,0.25,0.9,639.1942595852001,188.4321427702078,335.05802353485007
12,6857.999780544007,0.25,1.0,710.2247423876001,205.6195933542593,380.67733669257603
12,6857.999780544007,0.3,0.0,32.6400083504,66.31510230808311,0.0
12,6857.999780544007,0.3,0.5,362.08133556760004,130.3979992948381,131.127697986978
12,6857.999780544007,0.3,0.6,434.4831082591999,144.1139425563821,170.752971085158
12,6857.999780544007,0.3,0.7,506.90095814600005,157.8041012857661,213.372683133456
12,6857.999780544007,0.3,0.8,579.3250683902,173.2942045953008,257.201010807048
12,6857.999780544007,0.3,0.9,651.7312485244,190.1842867370045,302.385268921428
12,6857.999780544007,0.3,1.0,724.1510514392,207.4944372424023,347.552171415834
12,6857.999780544007,0.35,0.0,35.6986044712,66.73380691826182,0.0
12,6857.999780544007,0.35,0.5,370.31608446800004,131.6955099452055,101.89418919972601
12,6857.999780544007,0.35,0.6,444.37568579800006,145.7921013744897,140.502262475652
12,6857.999780544007,0.35,0.7,518.4287748464002,159.6963488208292,181.904600353476
12,6857.999780544007,0.35,0.8,592.5016485608,175.1160932092897,225.308231553636
12,6857.999780544007,0.35,0.9,666.5595963818,192.2484336482809,270.340311168774
12,6857.999780544007,0.35,1.0,740.6259586352,209.6996299516466,315.226778747034
12,6857.999780544007,0.4,0.0,39.30453094480001,67.20630844670235,0.0
12,6857.999780544007,0.4,0.5,379.90346609600005,133.2092506160755,72.68051680474201
12,6857.999780544007,0.4,0.6,455.8881769728002,147.7659439432097,110.44514217983401
12,6857.999780544007,0.4,0.7,531.8728115338,161.9351361827089,150.731988807708
12,6857.999780544007,0.4,0.8,607.8511857374001,177.2799531927787,193.76091085150802
12,6857.999780544007,0.4,0.9,683.8312635066001,194.5731992365055,238.52974970008802
12,6857.999780544007,0.4,1.0,759.8221083684,212.2704367911639,283.54938141637797
12,6857.999780544007,0.45,0.0,43.742224143200005,67.78928102748799,0.0
12,6857.999780544007,0.45,0.5,390.7820511562,134.9635508572984,43.495444240248
12,6857.999780544007,0.45,0.6,468.9242170844,149.9905253443709,80.38917174888601
12,6857.999780544007,0.45,0.7,547.0972351108,164.4754609089177,119.608615943586
12,6857.999780544007,0.45,0.8,625.258484092,179.7613693812029,162.416387168112
12,6857.999780544007,0.45,0.9,703.3997982374,197.1414933075388,206.758200455268
12,6857.999780544007,0.45,1.0,781.5626999070001,215.1629121489613,252.29337286276203
12,6857.999780544007,0.5,0.0,48.8950374176,68.47260153932686,0.0
12,6857.999780544007,0.5,0.5,402.761939679,136.9331529245215,14.139805124676002
12,6857.999780544007,0.5,0.6,483.3126142019999,152.3511700478091,49.84834978615802
12,6857.999780544007,0.5,0.7,563.8893838050001,167.2536462366869,88.32826939906201
12,6857.999780544007,0.5,0.8,644.4468208926,182.6242908201941,130.943117763612
12,6857.999780544007,0.5,0.9,724.9959928970001,199.9863107431734,174.82579245469802
12,6857.999780544007,0.5,1.0,805.5388544874,218.4980567516103,221.155815069882
12,6857.999780544007,0.55,0.0,54.5799425028,69.18193582491156,0.0
12,6857.999780544007,0.55,0.5,416.02932498380005,139.0858193688651,0.0
12,6857.999780544007,0.55,0.6,499.2418913284001,154.9079421560374,18.972594205488
12,6857.999780544007,0.55,0.7,582.4379792044001,170.3686627761952,56.950786184754
12,6857.999780544007,0.55,0.8,665.6548028218,185.9602775347909,99.24152434026601
12,6857.999780544007,0.55,0.9,748.8524440936,203.189732662796,142.71613890072004
12,6857.999780544007,0.55,1.0,832.0577981848,222.2043692128277,190.12158853795802
12,7619.999756160008,0.0,0.0,25.330612322400004,60.55520816565365,0.0
12,7619.999756160008,0.0,0.5,312.1106819292,116.2174282515649,289.299018921066
12,7619.999756160008,0.0,0.6,374.53545785700004,127.7078478822462,335.784111823314
12,7619.999756160008,0.0,0.7,436.9515690694001,140.3351869470199,385.12117786480815
12,7619.999756160008,0.0,0.8,499.3827809629999,154.6592164389912,431.69948811019805
12,7619.999756160008,0.0,0.9,561.8020227644,169.5380639022952,478.211644427748
12,7619.999756160008,0.0,1.0,624.2214647922001,185.120427125465,523.77051873069
12,7619.999756160008,0.05,0.0,25.536017529000002,60.58636116148055,0.0
12,7619.999756160008,0.05,0.5,312.803689297,116.3320396876531,260.533955295768
12,7619.999756160008,0.05,0.6,375.3626948698,127.8555613354804,305.05215296094
12,7619.999756160008,0.05,0.7,437.92042194780004,140.4832999355892,352.5050895707881
12,7619.999756160008,0.05,0.8,500.4873159484002,154.8276463139799,397.684611220512
12,7619.999756160008,0.05,0.9,563.0336243774001,169.7232695829629,442.93845328517403
12,7619.999756160008,0.05,1.0,625.6043743774001,185.3265920368321,487.47013128105607
12,7619.999756160008,0.1,0.0,26.153768491400005,60.68435398611994,0.0
12,7619.999756160008,0.1,0.5,314.8539124434,116.6646729713327,232.61193834186003
12,7619.999756160008,0.1,0.6,377.82927732660005,128.2892784624875,275.465645444682
12,7619.999756160008,0.1,0.7,440.7975809468,140.923099450059,321.24826387915806
12,7619.999756160008,0.1,0.8,503.761551799,155.3310084382655,365.32345530773404
12,7619.999756160008,0.1,0.9,566.7296798108,170.2959337778282,409.55469563177405
12,7619.999756160008,0.1,1.0,629.7169401116,185.9329364990475,453.26665698052204
12,7619.999756160008,0.15,0.0,27.191484480600003,60.84596602921166,0.0
12,7619.999756160008,0.15,0.5,318.2793060964,117.2346101270072,205.37249585391
12,7619.999756160008,0.15,0.6,381.94762911140003,129.0215635735281,246.86224303402201
12,7619.999756160008,0.15,0.7,445.5970192432,141.6553840932596,291.187591234848
12,7619.999756160008,0.15,0.8,509.2489138462,156.1607221589404,334.37344781471404
12,7619.999756160008,0.15,0.9,572.911125853,171.2487750255829,377.827643710902
12,7619.999756160008,0.15,1.0,636.572486077,186.9394324417128,420.932310044862
12,7619.999756160008,0.2,0.0,28.6736193766,61.07277625065772,0.0
12,7619.999756160008,0.2,0.5,323.13181013300004,118.0407447131453,178.7193376584
12,7619.999756160008,0.2,0.6,387.76127238640004,130.0477331226527,219.08618552297403
12,7619.999756160008,0.2,0.7,452.3875039375999,142.6899490306632,262.130261317848
12,7619.999756160008,0.2,0.8,517.0166157948,157.3277377383652,304.57376024460007
12,7619.999756160008,0.2,0.9,581.6389158514,172.6027385217273,347.56471228248006
12,7619.999756160008,0.2,1.0,646.2706322930001,188.3564158533067,390.231446464398
12,7619.999756160008,0.25,0.0,30.564091397400002,61.36338440542503,0.0
12,7619.999756160008,0.25,0.5,329.38347573780004,119.0705839990021,152.491649036958
12,7619.999756160008,0.25,0.6,395.258262498,131.3684729632587,191.96279131213802
12,7619.999756160008,0.25,0.7,461.13993655400003,144.0285786039191,233.84887978729202
12,7619.999756160008,0.25,0.8,527.0113678808001,158.8188204516012,275.779167110832
12,7619.999756160008,0.25,0.9,592.8919144324001,174.3420327958814,318.521684727246
12,7619.999756160008,0.25,1.0,658.773663163,190.1874133115305,360.92732618804405
12,7619.999756160008,0.3,0.0,32.9417134288,61.71340776866553,0.0
12,7619.999756160008,0.3,0.5,336.18089778460006,120.1726091210197,126.10967301517202
12,7619.999756160008,0.3,0.6,403.40448589100004,132.7991912207203,164.72236042970403
12,7619.999756160008,0.3,0.7,470.6483083522,145.5305835091173,205.39808646357002
12,7619.999756160008,0.3,0.8,537.8693919874,160.3160856700535,246.91207866679204
12,7619.999756160008,0.3,0.9,605.1051011764001,176.0630668081285,289.42500985952404
12,7619.999756160008,0.3,1.0,672.3466193928,192.102505004536,331.62887694736804
12,7619.999756160008,0.35,0.0,35.75094069800001,62.09531208672775,0.0
12,7619.999756160008,0.35,0.5,343.80826072120004,121.4102975421392,99.70420549874402
12,7619.999756160008,0.35,0.6,412.57137484640003,134.4051211613898,137.48499259156202
12,7619.999756160008,0.35,0.7,481.34595931840016,147.1853704457951,177.050232957444
12,7619.999756160008,0.35,0.8,550.1023125202,161.9765545231788,218.20963619301003
12,7619.999756160008,0.35,0.9,618.8753936530001,177.915323382473,260.30173641549004
12,7619.999756160008,0.35,1.0,687.6256867238001,194.1917370272158,302.61287855614205
12,7619.999756160008,0.4,0.0,39.1750919626,62.5987958494058,0.0
12,7619.999756160008,0.4,0.5,352.57286365620007,122.9077765634582,73.553988411288
12,7619.999756160008,0.4,0.6,423.095279354,136.2452850081648,110.276219690868
12,7619.999756160008,0.4,0.7,493.61173585460006,149.129658627869,148.87193803574402
12,7619.999756160008,0.4,0.8,564.1217801868,163.9453575197315,189.76276708897203
12,7619.999756160008,0.4,0.9,634.6622778056,180.0135500964347,231.496559631876
12,7619.999756160008,0.4,1.0,705.1597013098001,196.6046651866098,274.25561573025
12,7619.999756160008,0.45,0.0,43.03753471380001,63.13248289276968,0.0
12,7619.999756160008,0.45,0.5,362.3355943746,124.5551108093985,47.255639370324005
12,7619.999756160008,0.45,0.6,434.81031594440003,138.2335478083099,82.77051253640401
12,7619.999756160008,0.45,0.7,507.2753962848,151.4508120236778,120.68024107200601
12,7619.999756160008,0.45,0.8,579.7445336716002,166.0904566525447,161.27887722916202
12,7619.999756160008,0.45,0.9,652.2160253598001,182.3006807660347,202.69943190235202
12,7619.999756160008,0.45,1.0,724.6767983708,199.3399467820013,246.40068238216205
12,7619.999756160008,0.5,0.0,47.44100643040001,63.72602023577975,0.0
12,7619.999756160008,0.5,0.5,373.27994149820006,126.3918767344643,20.787403911120002
12,7619.999756160008,0.5,0.6,447.9446746038001,140.4645110145151,55.180331904852004
12,7619.999756160008,0.5,0.7,522.6066028986,154.0307281752699,92.45087747095201
12,7619.999756160008,0.5,0.8,597.2665281088,168.4974596187064,132.67605709050002
12,7619.999756160008,0.5,0.9,671.905216191,184.842690183979,173.986557463026
12,7619.999756160008,0.5,1.0,746.5735558336,202.4200124007983,218.923907785044
12,7619.999756160008,0.55,0.0,52.6018985118,64.43970917581422,0.0
12,7619.999756160008,0.55,0.5,385.4263141696,128.4252987234873,0.0
12,7619.999756160008,0.55,0.6,462.5176369703999,142.9186862849496,27.431714573340003
12,7619.999756160008,0.55,0.7,539.6102120068,156.8635810714869,64.03422290126402
12,7619.999756160008,0.55,0.8,616.6851572728001,171.111612767214,103.490495221806
12,7619.999756160008,0.55,0.9,693.7592006994,187.6668342391364,145.27226404152003
12,7619.999756160008,0.55,1.0,770.8555824992001,205.8412493827452,191.68411299807002
14,0.0,0.0,0.0,3.4829045834000003,125.4923182488433,0.0
14,0.0,0.0,0.5,480.05680984800006,234.0649573958995,487.94509397495403
14,0.0,0.0,0.6,576.0458235972001,252.5456645614624,542.201218320762
14,0.0,0.0,0.7,672.0510154754,271.6706505254468,601.852489064442
14,0.0,0.0,0.8,768.0783947364,290.6292487359158,664.9116657002821
14,0.0,0.0,0.9,864.0811822566001,309.6801924747347,729.1012622572141
14,0.0,0.0,1.0,960.0908808700002,328.9452965100245,794.6200585664881
14,0.0,0.05,0.0,3.9361104750000004,125.5559954794521,0.0
14,0.0,0.05,0.5,480.0598649418001,234.0045218284496,423.488469436956
14,0.0,0.05,0.6,576.0701149984,252.490668101515,474.419864711562
14,0.0,0.05,0.7,672.0681446798,271.6192522227162,530.582968995156
14,0.0,0.05,0.8,768.072183615,290.5762228179262,590.0945482827781
14,0.0,0.05,0.9,864.077775946,309.6331343234147,650.950265779968
14,0.0,0.05,1.0,960.1081101876001,328.8789357493424,713.2515102100082
14,0.0,0.1,0.0,4.942175922199999,125.6150752466661,0.0
14,0.0,0.1,0.5,480.05225223560006,233.8298954130455,359.05939761846
14,0.0,0.1,0.6,576.0549896992001,252.3063190358342,406.66005027324604
14,0.0,0.1,0.7,672.0523177676001,271.4511507713871,459.325882145592
14,0.0,0.1,0.8,768.0675258894,290.4343629784088,515.2465949145901
14,0.0,0.1,0.9,864.0682594478001,309.4636054923342,572.7977035292821
14,0.0,0.1,1.0,960.0908808700002,328.687390837068,631.8524243784061
14,0.0,0.15,0.0,0.0,133.5327895585594,0.0
14,0.0,0.15,0.5,480.0625195828,233.5291575872267,294.637269026562
14,0.0,0.15,0.6,576.0740218750001,252.0056382864919,338.9047570057381
14,0.0,0.15,0.7,672.0747053768,271.183793327497,388.082975331744
14,0.0,0.15,0.8,768.068277559,290.2131499943754,440.42040579721805
14,0.0,0.15,0.9,864.0781763988001,309.1803143547129,494.61303313699204
14,0.0,0.15,1.0,960.1075095084001,328.3664647808219,550.523294368278
14,0.0,0.2,0.0,8.939229897399999,126.0074166066407,0.0
14,0.0,0.2,0.5,480.0505995472,233.105877034292,230.12485402368
14,0.0,0.2,0.6,576.0552399822001,251.5738626953643,271.05023284647
14,0.0,0.2,0.7,672.0521167206001,270.7923656589858,316.740103669836
14,0.0,0.2,0.8,768.0585608344,289.8888826250567,365.55218055602404
14,0.0,0.2,0.9,864.0609470812002,308.7778643764856,416.35556895886805
14,0.0,0.2,1.0,960.087975946,327.9388866499138,469.048576786482
14,0.0,0.25,0.0,11.656920877800001,126.2078130511658,0.0
14,0.0,0.25,0.5,480.0504994339999,232.5573131476912,165.464311960332
14,0.0,0.25,0.6,576.061450283,251.0225287282954,203.06493724671
14,0.0,0.25,0.7,672.0725521224,270.300996612356,245.356238102052
14,0.0,0.25,0.8,768.1016341284001,289.4136470398258,290.726926009674
14,0.0,0.25,0.9,864.1073265726002,308.28852294829,338.07201508080004
14,0.0,0.25,1.0,960.1046045844001,327.3952626855666,387.54145258752015
14,0.0,0.3,0.0,14.946761258,126.5076516885603,0.0
14,0.0,0.3,0.5,480.06231935640005,231.7972444242947,100.595482885128
14,0.0,0.3,0.6,576.0542880862001,250.3387300840062,134.86700961379802
14,0.0,0.3,0.7,672.0788124798,269.6373857306541,173.80322496537002
14,0.0,0.3,0.8,768.0825018394,288.7773631586683,215.70336625714802
14,0.0,0.3,0.9,864.087692897,307.7110900606006,259.661266575942
14,0.0,0.3,1.0,960.1037027450002,326.7311661859749,305.826359424432
14,0.0,0.35,0.0,18.8268304972,126.8389001659258,0.0
14,0.0,0.35,0.5,480.06011522480003,230.8522844086909,35.42777701848001
14,0.0,0.35,0.6,576.0595973682001,249.5217804412592,66.41937047545801
14,0.0,0.35,0.7,672.0915342416001,268.8382542410415,102.00076944057
14,0.0,0.35,0.8,768.0887121402001,288.0395673606097,140.523131299782
14,0.0,0.35,0.9,864.1014166114,307.0989060198676,181.15906222306202
14,0.0,0.35,1.0,960.1168249596001,325.9674997732015,224.01831314247002
14,0.0,0.4,0.0,23.477308558000004,127.3203753328495,0.0
14,0.0,0.4,0.5,480.0459410010001,229.7534143994376,0.0
14,0.0,0.4,0.6,576.0523350582,248.5093167319241,-2.4429392932560003
14,0.0,0.4,0.7,672.0496631266001,267.8649108422389,29.831908251684002
14,0.0,0.4,0.8,768.0627680506,287.1619103353897,65.109762463284
14,0.0,0.4,0.9,864.0987119138,306.1872407714778,102.455010101598
14,0.0,0.4,1.0,960.0962902652002,325.1149994389004,141.98983042536602
14,0.0,0.45,0.0,28.852292717600005,127.9613848655539,0.0
14,0.0,0.45,0.5,480.04333723720003,228.4531196334029,0.0
14,0.0,0.45,0.6,576.0387615136001,247.2371770431825,-71.69277798837001
14,0.0,0.45,0.7,672.0440034484001,266.733288292298,-42.716569814688
14,0.0,0.45,0.8,768.0619663244,286.0661814037014,-10.724510739096
14,0.0,0.45,0.9,864.0950052635999,305.1775471426109,23.458094737308002
14,0.0,0.45,1.0,960.0794614004001,324.2360862633585,59.842329354654005
14,0.0,0.5,0.0,35.461947534200014,128.5987255972059,0.0
14,0.0,0.5,0.5,480.05200195260005,226.947531074027,0.0
14,0.0,0.5,0.6,576.0610498302001,245.6861434447065,-141.58071829070403
14,0.0,0.5,0.7,672.098496212,265.4267118389731,-115.75307989014001
14,0.0,0.5,0.8,768.0961746766001,284.8362455587408,-86.97117930732001
14,0.0,0.5,0.9,864.0968089424001,303.999380597478,-55.939453119858
14,0.0,0.5,1.0,960.1162242803999,323.0261103429194,-22.673774356002003
14,0.0,0.55,0.0,42.9751592666,129.2989435531162,0.0
14,0.0,0.55,0.5,480.06111717740004,225.1849931065953,0.0
14,0.0,0.55,0.6,576.0621018393999,243.9448790964348,-212.14800854431803
14,0.0,0.55,0.7,672.0856242804,263.7050925589223,-189.459114688536
14,0.0,0.55,0.8,768.0851556598001,283.4365516411141,-163.77452437084202
14,0.0,0.55,0.9,864.1095298836001,302.5856954576794,-135.951023924562
14,0.0,0.55,1.0,960.1135195828001,321.7197046511839,-105.59275157277
14,761.9999756160008,0.0,0.0,0.0,124.6838065678128,0.0
14,761.9999756160008,0.0,0.5,480.06777880820005,221.4649167934319,473.17920944725205
14,761.9999756160008,0.0,0.6,576.0592970286001,240.0952504098703,530.699893126788
14,761.9999756160008,0.0,0.7,672.0983460422001,259.3642950612357,592.675309890048
14,761.9999756160008,0.0,0.8,768.0951735446,278.2063898907738,657.042827240184
14,761.9999756160008,0.0,0.9,864.0998139796001,297.3078757851765,722.7742604756521
14,761.9999756160008,0.0,1.0,960.1287458158,316.6923669669782,790.1704338186121
14,761.9999756160008,0.05,0.0,0.0,124.7966692180894,0.0
14,761.9999756160008,0.05,0.5,480.0683294308,221.4129332228976,412.673843543346
14,761.9999756160008,0.05,0.6,576.0816345812,240.0267478778009,466.725022824984
14,761.9999756160008,0.05,0.7,672.0808664416,259.3244042182709,525.2178805542901
14,761.9999756160008,0.05,0.8,768.0972266858,278.1551913557108,586.211983065324
14,761.9999756160008,0.05,0.9,864.0936028582001,297.248738941486,648.6911433955261
14,761.9999756160008,0.05,1.0,960.1229359678,316.6246064291028,712.8974643700141
14,761.9999756160008,0.1,0.0,0.0,125.1725917342828,0.0
14,761.9999756160008,0.1,0.5,480.0515506226,221.2469450047174,352.18897459237803
14,761.9999756160008,0.1,0.6,576.0560408878,239.880062268983,402.79129811335804
14,761.9999756160008,0.1,0.7,672.0935882034,259.2027040709426,457.8539963954881
14,761.9999756160008,0.1,0.8,768.0691785778001,278.0023096743174,515.389574494872
14,761.9999756160008,0.1,0.9,864.0964076690002,297.070129336569,574.6442005749061
14,761.9999756160008,0.1,1.0,960.1041031978001,316.4316912135535,635.680789369626
14,761.9999756160008,0.15,0.0,9.7706856148,117.2701107596843,0.0
14,761.9999756160008,0.15,0.5,480.06297009220003,220.9772745600109,291.69056659419607
14,761.9999756160008,0.15,0.6,576.0581949628,239.6403457462578,338.882170723866
14,761.9999756160008,0.15,0.7,672.0867263462001,259.011501617527,390.44497881727807
14,761.9999756160008,0.15,0.8,768.0760904916001,277.7591091473283,444.57504372204005
14,761.9999756160008,0.15,0.9,864.0882943968002,296.8029145838701,500.5721368766581
14,761.9999756160008,0.15,1.0,960.1111152248001,316.1119356929148,558.531604097544
14,761.9999756160008,0.2,0.0,11.7936623794,117.5464633626962,0.0
14,761.9999756160008,0.2,0.5,480.04889680220003,220.5970114245668,231.11815622880601
14,761.9999756160008,0.2,0.6,576.0293960058,239.2988314564093,274.91883821509805
14,761.9999756160008,0.2,0.7,672.0359394122,258.6596508713599,322.984970848386
14,761.9999756160008,0.2,0.8,768.0501964586,277.4175667870816,373.683980879286
14,761.9999756160008,0.2,0.9,864.0667569292,296.4261354526898,426.438210448404
14,761.9999756160008,0.2,1.0,960.0752541842002,315.6496068768031,481.25467617796807
14,761.9999756160008,0.25,0.0,14.416581445200002,117.9260907036197,0.0
14,761.9999756160008,0.25,0.5,480.06797903460006,220.1079698817926,170.431659696144
14,761.9999756160008,0.25,0.6,576.075474337,238.7890734918807,210.854748185466
14,761.9999756160008,0.25,0.7,672.0729025186,258.2072304379933,255.58409529206403
14,761.9999756160008,0.25,0.8,768.0988293176,277.0061506558106,302.79661717628403
14,761.9999756160008,0.25,0.9,864.0935027450001,295.9626356331307,352.244407865196
14,761.9999756160008,0.25,1.0,960.1228358546,315.1188321372584,404.03635711546804
14,761.9999756160008,0.3,0.0,17.7764624972,118.4021043067223,0.0
14,761.9999756160008,0.3,0.5,480.03517308780005,219.4922452281593,109.53691529596202
14,761.9999756160008,0.3,0.6,576.0560909444001,238.172934799873,146.613823617954
14,761.9999756160008,0.3,0.7,672.0523177676001,257.6458453969881,187.98569741628603
14,761.9999756160008,0.3,0.8,768.0507470812,276.5151245358795,231.74025758868603
14,761.9999756160008,0.3,0.9,864.0683603816001,295.3708971348091,277.931405885826
14,761.9999756160008,0.3,1.0,960.0796616268001,314.4707549461127,326.49900682152605
14,761.9999756160008,0.35,0.0,21.4749345976,118.9162244111403,0.0
14,761.9999756160008,0.35,0.5,480.0543053767999,218.7525645028577,48.37459978705199
14,761.9999756160008,0.35,0.6,576.0537875202,237.4487737299283,82.099676478204
14,761.9999756160008,0.35,0.7,672.0956413446,256.9916006715051,120.27393265041002
14,761.9999756160008,0.35,0.8,768.1067431839999,275.927411800508,160.67265868361403
14,761.9999756160008,0.35,0.9,864.0918,294.7115978662796,203.49756534122403
14,761.9999756160008,0.35,1.0,960.1084105272001,313.7490069947383,248.94138954762002
14,761.9999756160008,0.4,0.0,25.723171771000004,119.3600641915994,0.0
14,761.9999756160008,0.4,0.5,480.0459910576001,217.7713824453416,0.0
14,761.9999756160008,0.4,0.6,576.0546384824,236.5602375540234,17.291173717818
14,761.9999756160008,0.4,0.7,672.0439033352001,256.1636857955185,52.219835987088004
14,761.9999756160008,0.4,0.8,768.0522996564001,275.0975839268802,89.31380634653401
14,761.9999756160008,0.4,0.9,864.0807809832002,293.9854236809399,128.90409908745602
14,761.9999756160008,0.4,1.0,960.0864734273999,312.9168661202939,171.063507995688
14,761.9999756160008,0.45,0.0,31.187742473800004,119.8080799116393,0.0
14,761.9999756160008,0.45,0.5,480.0411331056,216.5644619877529,0.0
14,761.9999756160008,0.45,0.6,576.0550397558001,235.559624231153,-47.901427946526006
14,761.9999756160008,0.45,0.7,672.0622847751999,255.1646715496689,-16.179866018778
14,761.9999756160008,0.45,0.8,768.0880105272,274.2163006740452,17.790812022522
14,761.9999756160008,0.45,0.9,864.1014166114,293.1664468875987,54.176088857814
14,761.9999756160008,0.45,1.0,960.0940861336001,312.0016027146875,93.05754128332201
14,761.9999756160008,0.5,0.0,37.4688397182,120.4110690255829,0.0
14,761.9999756160008,0.5,0.5,480.0376275024,215.1971636489159,0.0
14,761.9999756160008,0.5,0.6,576.0459737670001,234.3178379997279,-113.58657789771601
14,761.9999756160008,0.5,0.7,672.067042614,254.0228552346004,-85.02803000307
14,761.9999756160008,0.5,0.8,768.0959744502001,273.1402177462579,-54.209762772858
14,761.9999756160008,0.5,0.9,864.0943044712001,292.0944753374762,-20.943257084904
14,761.9999756160008,0.5,1.0,960.1025005660001,311.0758601615713,14.890270548384
14,761.9999756160008,0.55,0.0,44.4518412756,121.0736665659076,0.0
14,761.9999756160008,0.55,0.5,480.035523484,213.6293112034836,0.0
14,761.9999756160008,0.55,0.6,576.0488286344,232.7349660198676,-179.88148895686203
14,761.9999756160008,0.55,0.7,672.0492117966,252.7087114697451,-154.429435567176
14,761.9999756160008,0.55,0.8,768.0726850016001,271.8942340546131,-126.708777077652
14,761.9999756160008,0.55,0.9,864.074370456,290.9195640228613,-96.42986986710001
14,761.9999756160008,0.55,1.0,960.0830679374,309.894009844507,-63.601780742346
14,1523.999951232002,0.0,0.0,10.178161109600001,108.7849145162841,0.0
14,1523.999951232002,0.0,0.5,480.04453859560005,209.7500715216366,459.99376769946605
14,1523.999951232002,0.0,0.6,576.0398635794,228.6387393524449,520.42096236438
14,1523.999951232002,0.0,0.7,672.0549215314,247.5240373319423,584.069520588246
14,1523.999951232002,0.0,0.8,768.0478922138001,266.3973712398621,649.788975656898
14,1523.999951232002,0.0,0.9,864.064453505,285.7810914213916,717.2473395636781
14,1523.999951232002,0.0,1.0,960.0788607212002,306.3534287573256,784.53980977449
14,1523.999951232002,0.05,0.0,10.471665111600002,108.8524607834528,0.0
14,1523.999951232002,0.05,0.5,480.05135039620006,209.7075963306722,403.11686155587006
14,1523.999951232002,0.05,0.6,576.0798817796001,228.6021177751973,460.16530307286
14,1523.999951232002,0.05,0.7,672.092436081,247.4909423323959,520.37545707378
14,1523.999951232002,0.05,0.8,768.0667249838001,266.3550817813663,582.7768229292241
14,1523.999951232002,0.05,0.9,864.087692897,285.7245814991382,647.0856139892761
14,1523.999951232002,0.05,1.0,960.1118168378,306.2445497644017,711.7929139619761
14,1523.999951232002,0.1,0.0,11.197205987,108.9644808539418,0.0
14,1523.999951232002,0.1,0.5,480.05370469760004,209.5805712287944,346.33129872033004
14,1523.999951232002,0.1,0.6,576.0672601310001,228.4682963620612,399.87533866387804
14,1523.999951232002,0.1,0.7,672.092436081,247.3717554213917,456.66459574612804
14,1523.999951232002,0.1,0.8,768.0657230312,266.2063404837159,515.748322548228
14,1523.999951232002,0.1,0.9,864.0757728614001,285.5400041275515,576.9766403006761
14,1523.999951232002,0.1,1.0,960.1027007924,305.8917282502949,639.213639089256
14,1523.999951232002,0.15,0.0,12.5566152294,109.176413764311,0.0
14,1523.999951232002,0.15,0.5,480.0523523488002,209.3652684671142,289.576385899878
14,1523.999951232002,0.15,0.6,576.0860920804001,228.2496532229883,339.60493174377
14,1523.999951232002,0.15,0.7,672.0712498302,247.1565387422662,392.89836964824616
14,1523.999951232002,0.15,0.8,768.0872596782,265.9959781121292,448.735240142574
14,1523.999951232002,0.15,0.9,864.1173436368001,285.2279300713962,506.88338306298004
14,1523.999951232002,0.15,1.0,960.1279440896001,305.2973052862197,566.6774817026401
14,1523.999951232002,0.2,0.0,14.459523443200002,109.4776372080196,0.0
14,1523.999951232002,0.2,0.5,480.057511461,209.0349051429738,232.63799379051002
14,1523.999951232002,0.2,0.6,576.04667538,227.9315968971242,279.28094112072
14,1523.999951232002,0.2,0.7,672.0704481040001,246.8848121408872,329.1604791565862
14,1523.999951232002,0.2,0.8,768.0593116834001,265.6892435135625,381.660598375518
14,1523.999951232002,0.2,0.9,864.0913995472001,284.772682481085,436.724417164266
14,1523.999951232002,0.2,1.0,960.1022002264001,304.6786678609272,493.84159124223004
14,1523.999951232002,0.25,0.0,16.9984114278,109.8838701402522,0.0
14,1523.999951232002,0.25,0.5,480.0588129325999,208.6351681687381,175.689482870286
14,1523.999951232002,0.25,0.6,576.0523350582,227.5323881142157,218.899736157564
14,1523.999951232002,0.25,0.7,672.0834201488,246.5366451666516,265.372938967752
14,1523.999951232002,0.25,0.8,768.0698801908001,265.2992436926427,314.544258104538
14,1523.999951232002,0.25,0.9,864.1035198092002,284.2694635158306,366.4377086180581
14,1523.999951232002,0.25,1.0,960.1042041316001,303.9152012158215,420.78917878027806
14,1523.999951232002,0.3,0.0,19.9039902666,110.330051459766,0.0
14,1523.999951232002,0.3,0.5,480.047393463,208.1162868569355,118.51310298412201
14,1523.999951232002,0.3,0.6,576.058295076,227.0527407980586,158.40488050787403
14,1523.999951232002,0.3,0.7,672.0603309266,246.1204888807947,201.51603990856802
14,1523.999951232002,0.3,0.8,768.0568080328001,264.8180969493786,247.352883034488
14,1523.999951232002,0.3,0.9,864.0676587686,283.7046800852763,296.06879696625003
14,1523.999951232002,0.3,1.0,960.0840690694001,303.1127288809762,347.424164544072
14,1523.999951232002,0.35,0.0,23.667769818,110.8333064486982,0.0
14,1523.999951232002,0.35,0.5,480.0554074426,207.5078576998095,61.162574840136
14,1523.999951232002,0.35,0.6,576.043319126,226.4625293294022,97.698748197666
14,1523.999951232002,0.35,0.7,672.0691958683999,245.5252949164475,137.54811772640403
14,1523.999951232002,0.35,0.8,768.0664238236001,264.2830396027397,180.056943656898
14,1523.999951232002,0.35,0.9,864.0935027450001,283.1104002802322,225.54593553399602
14,1523.999951232002,0.35,1.0,960.0944874070001,302.2718220889957,273.85621139091603
14,1523.999951232002,0.4,0.0,28.295483614200002,111.3547866115395,0.0
14,1523.999951232002,0.4,0.5,480.04153355840003,206.7921486267804,3.543081070452
14,1523.999951232002,0.4,0.6,576.064104924,225.7416520282138,36.771695041158004
14,1523.999951232002,0.4,0.7,672.0749056032,244.820936576794,73.378010155758
14,1523.999951232002,0.4,0.8,768.0598631266001,263.6674576402975,112.61731520793602
14,1523.999951232002,0.4,0.9,864.0889951892001,282.4230315491246,154.845148415496
14,1523.999951232002,0.4,1.0,960.0929848884001,301.4464204493332,200.05778128043403
14,1523.999951232002,0.45,0.0,33.611152344000004,111.9654782427651,0.0
14,1523.999951232002,0.45,0.5,480.0450900388,205.920202991926,0.0
14,1523.999951232002,0.45,0.6,576.0503311530001,224.922361314252,-24.500899848348002
14,1523.999951232002,0.45,0.7,672.0758574992001,244.0602685503946,8.981266665756001
14,1523.999951232002,0.45,0.8,768.0699302474001,262.895624612991,45.02142256966201
14,1523.999951232002,0.45,0.9,864.0796789174,281.6740136736823,83.99224151425801
14,1523.999951232002,0.45,1.0,960.0947877466001,300.6227605778826,126.029280335112
14,1523.999951232002,0.5,0.0,39.5260404264,112.5837371855212,0.0
14,1523.999951232002,0.5,0.5,480.0375774458001,204.6903812999184,0.0
14,1523.999951232002,0.5,0.6,576.066258999,223.9550712968339,-86.16367079997602
14,1523.999951232002,0.5,0.7,672.0750565936,243.1205338394267,-55.85258694523199
14,1523.999951232002,0.5,0.8,768.0785449062,261.9671971262814,-22.902612144258
14,1523.999951232002,0.5,0.9,864.0846878598,280.8538663447337,13.007369270280002
14,1523.999951232002,0.5,1.0,960.0988948496001,299.7123229415767,51.81535756320002
14,1523.999951232002,0.55,0.0,46.18732083020001,113.2477550879978,0.0
14,1523.999951232002,0.55,0.5,480.0525025186,203.3047366166198,0.0
14,1523.999951232002,0.55,0.6,576.0511328792002,222.8240630207748,-148.391079226236
14,1523.999951232002,0.55,0.7,672.0809164982002,242.0596126694185,-121.11514443105
14,1523.999951232002,0.55,0.8,768.0775930102001,260.9684401924159,-91.190248809198
14,1523.999951232002,0.55,0.9,864.1047219882,279.7980567942484,-58.358798164590006
14,1523.999951232002,0.55,1.0,960.0985945100001,298.7450614623968,-22.604112117048
14,2285.999926848002,0.0,0.0,12.2843549202,101.1663604738275,0.0
14,2285.999926848002,0.0,0.5,466.151135604,196.9375412792343,439.76748805882204
14,2285.999926848002,0.0,0.6,559.3836472751999,215.1172533069945,499.94071916481005
14,2285.999926848002,0.0,0.7,652.5941200922001,233.2152701833439,562.8836126575201
14,2285.999926848002,0.0,0.8,745.8265817068001,251.6647523057244,627.4905269805481
14,2285.999926848002,0.0,0.9,839.0615970286002,271.2225421730926,694.6721991483121
14,2285.999926848002,0.0,1.0,932.2968626334001,292.3069504743718,760.6081321811282
14,2285.999926848002,0.05,0.0,12.576029804800001,101.2057731843418,0.0
14,2285.999926848002,0.05,0.5,466.955257956,197.0570711169373,387.470116928202
14,2285.999926848002,0.05,0.6,560.3494951164,215.2741897574163,444.38674478675404
14,2285.999926848002,0.05,0.7,653.7437815128001,233.4052160185975,504.229186681374
14,2285.999926848002,0.05,0.8,747.1218914214,251.8627220643201,565.818791975976
14,2285.999926848002,0.05,0.9,840.5118713090001,271.4470389258823,630.2465964965941
14,2285.999926848002,0.05,1.0,933.9081115540001,292.5295056912819,693.9125103404341
14,2285.999926848002,0.1,0.0,13.277064281800001,101.3357180754785,0.0
14,2285.999926848002,0.1,0.5,469.3884592254,197.4076086363059,335.99450773627206
14,2285.999926848002,0.1,0.6,563.2647184670001,215.7377036121745,389.91675046816806
14,2285.999926848002,0.1,0.7,657.1288065694001,233.9638599852128,446.79843711379806
14,2285.999926848002,0.1,0.8,751.0169366106,252.4890975627325,505.82762606976604
14,2285.999926848002,0.1,0.9,844.9132800372001,272.1660172646285,567.809726728398
14,2285.999926848002,0.1,1.0,938.7664000000001,293.2003980342919,629.4645122354821
14,2285.999926848002,0.15,0.0,14.6104030622,101.5603364666606,0.0
14,2285.999926848002,0.15,0.5,473.4483350542001,198.0086562143699,285.21295697987404
14,2285.999926848002,0.15,0.6,568.1316215718,216.5146767972421,336.31062760772403
14,2285.999926848002,0.15,0.7,662.837495925,234.8999249594484,390.5349471805321
14,2285.999926848002,0.15,0.8,757.5135201326,253.535912421936,447.221768428512
14,2285.999926848002,0.15,0.9,852.2169408918,273.3478385756147,506.91746310051
14,2285.999926848002,0.15,1.0,946.8962704762,294.324767661163,566.917632204
14,2285.999926848002,0.2,0.0,16.4204940306,101.8462545257189,0.0
14,2285.999926848002,0.2,0.5,479.13298411220006,198.8681521597569,234.90950535729604
14,2285.999926848002,0.2,0.6,574.9380841688001,217.6016678817926,283.377058263222
14,2285.999926848002,0.2,0.7,670.7561062136001,236.2072303074481,335.09990797437
14,2285.999926848002,0.2,0.8,766.5915578024001,255.0308646395718,389.66244928934407
14,2285.999926848002,0.2,0.9,862.4211494866,274.9933594738275,447.34429020019206
14,2285.999926848002,0.2,1.0,958.2425277854001,295.8865377191327,505.81750725891004
14,2285.999926848002,0.25,0.0,18.586805817800002,102.2067504867096,0.0
14,2285.999926848002,0.25,0.5,480.05630928200003,198.7226515895854,181.947566155278
14,2285.999926848002,0.25,0.6,576.0637044712,217.4898620820104,227.167778342274
14,2285.999926848002,0.25,0.7,672.076257952,236.1455661922344,275.661650921118
14,2285.999926848002,0.25,0.8,768.1001816664001,254.9186443335753,327.22789393001403
14,2285.999926848002,0.25,0.9,864.1092295440002,274.7012448743537,382.08187950563405
14,2285.999926848002,0.25,1.0,960.1151222146001,295.2468839866643,438.32755876602005
14,2285.999926848002,0.3,0.0,21.808893359000002,102.5751913060873,0.0
14,2285.999926848002,0.3,0.5,480.05140045280007,198.3160331572167,128.42032891795802
14,2285.999926848002,0.3,0.6,576.0586955288001,217.0546314926971,170.28635102787
14,2285.999926848002,0.3,0.7,672.068745359,235.7613774115939,215.41110485848802
14,2285.999926848002,0.3,0.8,768.0910163850001,254.4487201355348,263.73399987072605
14,2285.999926848002,0.3,0.9,864.1045217618001,273.9485722330581,315.60430629558607
14,2285.999926848002,0.3,1.0,960.1132192432001,294.0105518336207,369.354974509752
14,2285.999926848002,0.35,0.0,25.5241286762,103.028946954731,0.0
14,2285.999926848002,0.35,0.5,480.0580620836,197.8231076070035,74.73394548958801
14,2285.999926848002,0.35,0.6,576.0726194696001,216.5165041801688,113.27433820857
14,2285.999926848002,0.35,0.7,672.072351896,235.3182515549306,155.12121384513603
14,2285.999926848002,0.35,0.8,768.0876100744,253.956094470743,200.12188013063403
14,2285.999926848002,0.35,0.9,864.1195469478,273.1133763636034,248.940009709776
14,2285.999926848002,0.35,1.0,960.1032021790002,292.9117674390819,299.825263598322
14,2285.999926848002,0.4,0.0,29.884031456400002,103.5472855721673,0.0
14,2285.999926848002,0.4,0.5,480.04714318000003,197.2405350293931,20.834925135024005
14,2285.999926848002,0.4,0.6,576.059497255,215.9458816389368,56.069666753562004
14,2285.999926848002,0.4,0.7,672.0645381428001,234.7739702754241,94.706339859978
14,2285.999926848002,0.4,0.8,768.0845549806,253.4039324269256,136.41265797205202
14,2285.999926848002,0.4,0.9,864.0895958684,272.3642724056065,181.98531108126602
14,2285.999926848002,0.4,1.0,960.1005975946001,291.7948795090266,229.95961110229803
14,2285.999926848002,0.45,0.0,34.853130444,104.1366329403974,0.0
14,2285.999926848002,0.45,0.5,480.0477446798,196.5703566101787,0.0
14,2285.999926848002,0.45,0.6,576.0549896992001,215.281414142248,-1.4000607865860002
14,2285.999926848002,0.45,0.7,672.0571757196001,234.0490952816838,34.063484368914004
14,2285.999926848002,0.45,0.8,768.0594618532001,252.7778998552119,72.582636392574
14,2285.999926848002,0.45,0.9,864.0834856808,271.6911526764947,114.92444322744001
14,2285.999926848002,0.45,1.0,960.0884773326002,290.6452965826,159.80557738992
14,2285.999926848002,0.5,0.0,40.7411414146,104.8746074533249,0.0
14,2285.999926848002,0.5,0.5,480.046642614,195.7563623125284,0.0
14,2285.999926848002,0.5,0.6,576.0553400954,214.5061972284315,-59.19728941387802
14,2285.999926848002,0.5,0.7,672.0651396426001,233.2667686038284,-26.871862493784004
14,2285.999926848002,0.5,0.8,768.0718832754001,252.0617482055702,8.608514726196
14,2285.999926848002,0.5,0.9,864.0812823698,270.9374236525447,47.702604077898
14,2285.999926848002,0.5,1.0,960.0909809832,289.6858017147782,89.28353309568
14,2285.999926848002,0.55,0.0,49.197906927400005,105.8778261769936,0.0
14,2285.999926848002,0.55,0.5,480.05575783880005,194.6446856519097,0.0
14,2285.999926848002,0.55,0.6,576.0647556598,213.6208021300916,-117.36562591861802
14,2285.999926848002,0.55,0.7,672.0760076690001,232.4127833454595,-88.14964400781001
14,2285.999926848002,0.55,0.8,768.0761906048001,251.1209285737095,-55.75011196662601
14,2285.999926848002,0.55,0.9,864.0999140928002,270.1354079295111,-19.634583643752002
14,2285.999926848002,0.55,1.0,960.1039029714,288.8123996940942,18.796801885554
14,3047.999902464003,0.0,0.0,13.951112507200001,94.00907839698812,0.0
14,3047.999902464003,0.0,0.5,441.1168755862001,183.054467334301,413.294207873316
14,3047.999902464003,0.0,0.6,529.330073294,199.7706945287127,471.055785796596
14,3047.999902464003,0.0,0.7,617.5597494704001,216.7587479744172,531.8198566171261
14,3047.999902464003,0.0,0.8,705.7697919712,234.6303405972966,593.892077323314
14,3047.999902464003,0.0,0.9,794.0115884096001,253.7343673305815,658.019405027754
14,3047.999902464003,0.0,1.0,882.2187259864002,274.0801807631316,721.185235300068
14,3047.999902464003,0.05,0.0,14.178531950000002,94.04749881892408,0.0
14,3047.999902464003,0.05,0.5,441.92620628640003,183.1790657502495,365.23565456208604
14,3047.999902464003,0.05,0.6,530.2971733708,199.9277451320875,419.92078615132806
14,3047.999902464003,0.05,0.7,618.7035509864,216.9451101554931,477.71607713398805
14,3047.999902464003,0.05,0.8,707.0752188632001,234.8422590046267,537.084153285834
14,3047.999902464003,0.05,0.9,795.4632650954001,253.9617768550304,598.782207963324
14,3047.999902464003,0.05,1.0,883.8378879528,274.3101030560646,659.813605240482
14,3047.999902464003,0.1,0.0,14.8708647846,94.16939171632042,0.0
14,3047.999902464003,0.1,0.5,444.2426082754,183.5172532300644,317.985798767406
14,3047.999902464003,0.1,0.6,533.068250946,200.3701570649551,369.78726498436805
14,3047.999902464003,0.1,0.7,621.9128757358002,217.4613360076204,424.834364248602
14,3047.999902464003,0.1,0.8,710.7481350178,235.4441777007167,481.81844758416605
14,3047.999902464003,0.1,0.9,799.6188548876002,254.5870674325501,541.4273886215041
14,3047.999902464003,0.1,1.0,888.4592724612,274.9566953231425,600.5047691481301
14,3047.999902464003,0.15,0.0,16.182855656,94.33488729901116,0.0
14,3047.999902464003,0.15,0.5,448.0228580894,184.06767303783,271.339377377376
14,3047.999902464003,0.15,0.6,537.6039393758001,201.0911344838973,320.458673691618
14,3047.999902464003,0.15,0.7,627.2060567432001,218.3297550647737,373.008780227622
14,3047.999902464003,0.15,0.8,716.8051190168,236.4088833701352,427.84741633048804
14,3047.999902464003,0.15,0.9,806.4464528582,255.5987316033747,485.63553900661805
14,3047.999902464003,0.15,1.0,896.0246792772001,276.0039097176812,542.925217280292
14,3047.999902464003,0.2,0.0,17.990501236400004,94.56108324657535,0.0
14,3047.999902464003,0.2,0.5,453.3384267059999,184.8371079174453,225.14834162020202
14,3047.999902464003,0.2,0.6,543.9954434266,202.1028126899211,271.780181745072
14,3047.999902464003,0.2,0.7,634.652310798,219.5526241869727,321.981143709918
14,3047.999902464003,0.2,0.8,725.3321664578001,237.7658162465753,374.947002238578
14,3047.999902464003,0.2,0.9,816.0059619866,257.0152153618797,431.10234126451803
14,3047.999902464003,0.2,1.0,906.6603248868001,277.4747901652908,486.81146421831005
14,3047.999902464003,0.25,0.0,20.383868120000002,94.88113116719586,0.0
14,3047.999902464003,0.25,0.5,460.2168116106,185.8419327357344,179.24379836517002
14,3047.999902464003,0.25,0.6,552.2351011562,203.4608880315704,223.63692498378003
14,3047.999902464003,0.25,0.7,644.2815389230001,221.1314268947655,271.596922643046
14,3047.999902464003,0.25,0.8,736.3483612144,239.4806392153679,322.909564178124
14,3047.999902464003,0.25,0.9,828.3610911950001,258.8120188644652,377.40042732084004
14,3047.999902464003,0.25,1.0,920.40888049,279.3729343553479,431.83522109527803
14,3047.999902464003,0.3,0.0,23.337684288600002,95.25816761036018,0.0
14,3047.999902464003,0.3,0.5,468.618244886,187.0889162013971,133.44680906634002
14,3047.999902464003,0.3,0.6,562.3370859678,205.1076936183435,175.758993424938
14,3047.999902464003,0.3,0.7,656.0555257761999,223.0548990051711,221.60699757966003
14,3047.999902464003,0.3,0.8,749.7802768192,241.6193850813753,271.328382712002
14,3047.999902464003,0.3,0.9,843.5108877668,261.1638396382111,324.13095553608
14,3047.999902464003,0.3,1.0,937.2351874798001,281.6893475965709,377.70340448148005
14,3047.999902464003,0.35,0.0,26.866144481000003,95.71295063558016,0.0
14,3047.999902464003,0.35,0.5,478.5887556274001,188.5763436809399,87.59990584606801
14,3047.999902464003,0.35,0.6,574.2928332592,207.0055949994557,127.94782742418602
14,3047.999902464003,0.35,0.7,670.0173454722,225.3206704408963,171.84424667025002
14,3047.999902464003,0.35,0.8,765.7368495634001,244.2261711538602,220.183826955708
14,3047.999902464003,0.35,0.9,861.466721115,264.032614690919,271.368740522418
14,3047.999902464003,0.35,1.0,957.1715003598,284.4598374246576,324.096689562954
14,3047.999902464003,0.4,0.0,30.879525934400004,96.22719191055067,0.0
14,3047.999902464003,0.4,0.5,480.0443884258001,188.3730775060328,37.761821662026
14,3047.999902464003,0.4,0.6,576.0469256630001,206.8119373218724,75.01944959724601
14,3047.999902464003,0.4,0.7,672.0546712484,225.2652599425746,115.812060618408
14,3047.999902464003,0.4,0.8,768.10338693,244.0742317021682,161.14433814633
14,3047.999902464003,0.4,0.9,864.0735687298001,263.6176579467477,209.51415743134802
14,3047.999902464003,0.4,1.0,960.1047046976001,283.4805257913454,259.840718891292
14,3047.999902464003,0.45,0.0,35.8699342628,96.81673202884878,0.0
14,3047.999902464003,0.45,0.5,480.0505995472,187.8173743814751,0.0
14,3047.999902464003,0.45,0.6,576.0512830490001,206.1916011696453,21.096389727336003
14,3047.999902464003,0.45,0.7,672.0528183336,224.7579291318153,58.754508257214006
14,3047.999902464003,0.45,0.8,768.081099434,243.5243826591672,100.766533847364
14,3047.999902464003,0.45,0.9,864.0968089424001,262.4884059419396,146.01802235882403
14,3047.999902464003,0.45,1.0,960.0917827093999,282.0782054201215,193.39864959399603
14,3047.999902464003,0.5,0.0,42.8924403248,97.58548854050622,0.0
14,3047.999902464003,0.5,0.5,480.06512416720005,187.2022640017237,0.0
14,3047.999902464003,0.5,0.6,576.0737215354001,205.5623985142883,-33.097769134584006
14,3047.999902464003,0.5,0.7,672.0714000000002,224.0736589048354,1.479797799018
14,3047.999902464003,0.5,0.8,768.0951735446,242.9147113869183,40.309809673980006
14,3047.999902464003,0.5,0.9,864.1004146588002,261.6068087684841,82.10986868469001
14,3047.999902464003,0.5,1.0,960.1217337888,280.798441343373,126.85272548025002
14,3047.999902464003,0.55,0.0,50.9040803942,98.48933711866098,0.0
14,3047.999902464003,0.55,0.5,480.05595806520006,186.4557013504491,0.0
14,3047.999902464003,0.55,0.6,576.0751739974,204.8524719433004,-87.594229917348
14,3047.999902464003,0.55,0.7,672.0802148852,223.2464864908827,-56.151121223736
14,3047.999902464003,0.55,0.8,768.1128533716001,242.2595815082101,-20.235390484848004
14,3047.999902464003,0.55,0.9,864.116943184,260.8875445795156,18.338529357918002
14,3047.999902464003,0.55,1.0,960.118928978,279.4751031195682,59.720928089592
14,3809.999878080004,0.0,0.0,16.4155433508,87.50475635707159,0.0
14,3809.999878080004,0.0,0.5,416.9861068362,170.0028058369772,388.70587915051203
14,3809.999878080004,0.0,0.6,500.374623771,185.8690599686111,444.80500201691405
14,3809.999878080004,0.0,0.7,583.7725562702,202.1132066905561,502.87724896285806
14,3809.999878080004,0.0,0.8,667.1554627628001,219.0768599425746,563.2395961421461
14,3809.999878080004,0.0,0.9,750.576335135,237.1770471285494,624.268155454944
14,3809.999878080004,0.0,1.0,833.9583406088,256.3874120158759,683.793136784604
14,3809.999878080004,0.05,0.0,16.546365044,87.52752893549851,0.0
14,3809.999878080004,0.05,0.5,417.74818246480004,170.119051905924,344.510857123356
14,3809.999878080004,0.05,0.6,501.2762120674,186.0196857256645,397.66448613876605
14,3809.999878080004,0.05,0.7,584.8379740742001,202.2772248346185,453.000710361738
14,3809.999878080004,0.05,0.8,668.3798521224,219.2796554704709,510.83142696847807
14,3809.999878080004,0.05,0.9,751.921930397,237.3743029633494,569.653542387006
14,3809.999878080004,0.05,1.0,835.4809877062,256.6056551517736,627.30753210279
14,3809.999878080004,0.1,0.0,17.292126324,87.61840404281956,0.0
14,3809.999878080004,0.1,0.5,420.04447483020004,170.466762268348,301.169436059184
14,3809.999878080004,0.1,0.6,504.0364207956,186.4754329690647,351.621841666326
14,3809.999878080004,0.1,0.7,588.0587182932,202.7905664533249,404.495265738564
14,3809.999878080004,0.1,0.8,672.0511656452001,219.8982643575252,460.05577722073207
14,3809.999878080004,0.1,0.9,756.0694060964001,237.9595740419124,516.9668808348661
14,3809.999878080004,0.1,1.0,840.08198769,257.2674957270253,573.00731655552
14,3809.999878080004,0.15,0.0,18.550852049400003,87.77777513245034,0.0
14,3809.999878080004,0.15,0.5,423.93501246360006,171.066167728114,258.53898867673803
14,3809.999878080004,0.15,0.6,508.72346725420005,187.2445104189422,306.52108820671805
14,3809.999878080004,0.15,0.7,593.5005526318,203.6730062065681,357.10553255223
14,3809.999878080004,0.15,0.8,678.2837990742,220.9468635583779,410.72628560825405
14,3809.999878080004,0.15,0.9,763.0453578792001,238.9536769037467,465.8938858178221
14,3809.999878080004,0.15,1.0,847.8502911384,258.3816996591672,520.616277921894
14,3809.999878080004,0.2,0.0,20.3034402934,88.01147382962895,0.0
14,3809.999878080004,0.2,0.5,429.37344049160004,171.8965668343464,216.39378426943202
14,3809.999878080004,0.2,0.6,515.241237027,188.3211365089359,262.07363414278205
14,3809.999878080004,0.2,0.7,601.1254110972001,204.9031563222353,310.604331755718
14,3809.999878080004,0.2,0.8,687.0022728008,222.4114333126191,362.52206643668404
14,3809.999878080004,0.2,0.9,772.8601523852002,240.4356507727479,416.126021679522
14,3809.999878080004,0.2,1.0,858.7521902652,259.9436694848045,469.76637626179803
14,3809.999878080004,0.25,0.0,22.493462497,88.32968688188333,0.0
14,3809.999878080004,0.25,0.5,436.3256014392,172.9463655768847,174.55469835573
14,3809.999878080004,0.25,0.6,523.5731014756001,189.6804820361063,218.102199669816
14,3809.999878080004,0.25,0.7,610.8341750566,206.5010052630863,264.77357557404605
14,3809.999878080004,0.25,0.8,698.1216932932001,224.260235356618,315.14756529009605
14,3809.999878080004,0.25,0.9,785.3728499232001,242.351812883607,367.32013938450604
14,3809.999878080004,0.25,1.0,872.6383810034,261.9329315911277,420.015872636514
14,3809.999878080004,0.3,0.0,25.249713471400003,88.69016833983491,0.0
14,3809.999878080004,0.3,0.5,444.86892712240007,174.2325540321147,132.870173852724
14,3809.999878080004,0.3,0.6,533.8281478816001,191.3543292410415,174.473762548008
14,3809.999878080004,0.3,0.7,622.8108583158,208.4889826808491,219.49927080774003
14,3809.999878080004,0.3,0.8,711.7902133166,226.5479367909825,268.47361075273204
14,3809.999878080004,0.3,0.9,800.7535403582001,244.7074886587136,319.251990817914
14,3809.999878080004,0.3,1.0,889.7311425574001,264.3714164446158,371.230927668216
14,3809.999878080004,0.35,0.0,28.387130684000002,89.13691387435362,0.0
14,3809.999878080004,0.35,0.5,454.2995158878,175.5973681407058,90.856880964696
14,3809.999878080004,0.35,0.6,545.1433019890001,193.1755900137893,130.602953483772
14,3809.999878080004,0.35,0.7,636.0020632196,210.7088094243854,173.957140494522
14,3809.999878080004,0.35,0.8,726.8690386562,229.0127198649188,221.60852910180603
14,3809.999878080004,0.35,0.9,817.7510392788,247.3024814212102,270.96283822330804
14,3809.999878080004,0.35,1.0,908.5869115136,266.980115046902,322.13360111255406
14,3809.999878080004,0.4,0.0,33.019405375000005,89.7066582799601,0.0
14,3809.999878080004,0.4,0.5,465.22640802880005,177.2086950832804,48.628264870416004
14,3809.999878080004,0.4,0.6,558.2648880094,195.2642653069038,86.67107436233401
14,3809.999878080004,0.4,0.7,651.320296968,213.2702931489613,128.547288678732
14,3809.999878080004,0.4,0.8,744.3607808538001,231.8353219195319,174.830122796868
14,3809.999878080004,0.4,0.9,837.4171408878,250.3565482371406,222.83529791292
14,3809.999878080004,0.4,1.0,930.4588269526,269.9926914750068,273.351127130466
14,3809.999878080004,0.45,0.0,38.7972409484,90.38552448743538,0.0
14,3809.999878080004,0.45,0.5,477.7102565532,179.0585815803321,6.051758382978
14,3809.999878080004,0.45,0.6,573.2580172704,197.6058923155221,42.52704272586001
14,3809.999878080004,0.45,0.7,668.8096348076,216.2109976615259,83.10391463220002
14,3809.999878080004,0.45,0.8,764.3493323092001,234.9810488782546,127.838228176428
14,3809.999878080004,0.45,0.9,859.8999487144001,253.9732843147964,174.926589119898
14,3809.999878080004,0.45,1.0,955.43824299,273.4281629559104,224.72121819793801
14,3809.999878080004,0.5,0.0,45.363878271800004,91.13377884804501,0.0
14,3809.999878080004,0.5,0.5,480.05380481080005,178.9080554731924,0.0
14,3809.999878080004,0.5,0.6,576.0559407746,197.4668310947111,-7.267811432112
14,3809.999878080004,0.5,0.7,672.0863250728,216.2823984622154,30.568262142264
14,3809.999878080004,0.5,0.8,768.0626679374001,234.9054075760682,72.05921790375001
14,3809.999878080004,0.5,0.9,864.0903975946002,253.8621498653724,116.68332546301201
14,3809.999878080004,0.5,1.0,960.1050050372002,272.9041845276241,163.91332529325604
14,3809.999878080004,0.55,0.0,52.7953721944,91.95804550793795,0.0
14,3809.999878080004,0.55,0.5,480.0527528015999,178.257522590039,0.0
14,3809.999878080004,0.55,0.6,576.0614002264,196.715956830264,-58.47500791209001
14,3809.999878080004,0.55,0.7,672.0740546410001,215.6243843500862,-23.594204486622
14,3809.999878080004,0.55,0.8,768.0653225784,234.2426678123923,14.709736870752002
14,3809.999878080004,0.55,0.9,864.1018170642001,252.7790989290574,56.04017149638601
14,3809.999878080004,0.55,1.0,960.1026006792,271.7283024450694,100.41905446973401
14,4571.999853696005,0.0,0.0,18.452758346000003,81.35439829647102,0.0
14,4571.999853696005,0.0,0.5,393.44146312460003,157.743508056246,365.59668277301415
14,4571.999853696005,0.0,0.6,472.1160121766,172.8200394279234,419.84411218318803
14,4571.999853696005,0.0,0.7,550.8120732576,188.2756629315976,475.21195524356403
14,4571.999853696005,0.0,0.8,629.4911553040001,204.0866492561009,533.5088221755601
14,4571.999853696005,0.0,0.9,708.1781003396001,221.3029117647646,590.831650808784
14,4571.999853696005,0.0,1.0,786.8708560438,239.525970101515,647.477292215292
14,4571.999853696005,0.05,0.0,18.699741713399998,81.38570848652816,0.0
14,4571.999853696005,0.05,0.5,394.1772688854,157.8596830135172,324.999534100626
14,4571.999853696005,0.05,0.6,473.00728306920007,172.9673959192597,376.45834547937005
14,4571.999853696005,0.05,0.7,551.8475399822,188.453201650821,429.369847204452
14,4571.999853696005,0.05,0.8,630.6742734072,204.2952698594757,485.30097725986803
14,4571.999853696005,0.05,0.9,709.5361170238,221.5006957908918,540.6897282887101
14,4571.999853696005,0.05,1.0,788.3538361578001,239.7311212036651,595.6026554482621
14,4571.999853696005,0.1,0.0,19.382567897,81.48375838764402,0.0
14,4571.999853696005,0.1,0.5,396.37722199020004,158.1988267582328,285.23599342161003
14,4571.999853696005,0.1,0.6,475.6379206986,173.4018129348635,334.118701369068
14,4571.999853696005,0.1,0.7,554.9347569897999,188.9740390015423,384.848772430584
14,4571.999853696005,0.1,0.8,634.2015913244,204.9056835937585,438.69265309485
14,4571.999853696005,0.1,0.9,713.4827008166001,222.0810699884786,492.341223094644
14,4571.999853696005,0.1,1.0,792.7539926504,240.3431050088905,545.844122341056
14,4571.999853696005,0.15,0.0,20.5340920796,81.65024625891319,0.0
14,4571.999853696005,0.15,0.5,400.04803412640007,158.7651807275697,246.128316092274
14,4571.999853696005,0.15,0.6,480.047393463,174.1298860826454,292.65827818966204
14,4571.999853696005,0.15,0.7,560.0727723844001,189.8446288361608,341.427839433912
14,4571.999853696005,0.15,0.8,640.0813224410001,205.9204743391091,393.42790933261205
14,4571.999853696005,0.15,0.9,720.1045981646,223.0488311207475,445.57017103183205
14,4571.999853696005,0.15,1.0,800.1043833926001,241.3649629448426,497.91656065720804
14,4571.999853696005,0.2,0.0,22.1100305822,81.88230330563367,0.0
14,4571.999853696005,0.2,0.5,405.2195324628,159.5702514456137,207.532372667466
14,4571.999853696005,0.2,0.6,486.265752555,175.1524434393541,251.89585234459804
14,4571.999853696005,0.2,0.7,567.3127743734001,191.0643709159939,298.92244841890204
14,4571.999853696005,0.2,0.8,648.3558893152,207.3434400204119,349.32875178432005
14,4571.999853696005,0.2,0.9,729.3884866268,224.4039651524993,400.06068709483804
14,4571.999853696005,0.2,1.0,810.4412682366001,242.7819608594757,451.40462941959004
14,4571.999853696005,0.25,0.0,24.155175855800003,82.17856530645015,0.0
14,4571.999853696005,0.25,0.5,411.8752122716,160.6048304182165,169.28179482614402
14,4571.999853696005,0.25,0.6,494.2444652288001,176.4614900877257,211.63987591870202
14,4571.999853696005,0.25,0.7,576.6068308902001,192.6322369287853,257.10311082271204
14,4571.999853696005,0.25,0.8,658.9912846418,209.1665852525628,306.12189426819003
14,4571.999853696005,0.25,0.9,741.3550527086,226.1404327375488,355.584745740378
14,4571.999853696005,0.25,1.0,823.7453163082,244.6167707456228,406.136935153026
14,4571.999853696005,0.3,0.0,27.1940390084,82.59273654731017,0.0
14,4571.999853696005,0.3,0.5,419.7391287496,161.7959608089449,131.060501841192
14,4571.999853696005,0.3,0.6,503.6945375000001,177.9937062268893,171.54290867868002
14,4571.999853696005,0.3,0.7,587.6363480878,194.4633204695637,215.574576498666
14,4571.999853696005,0.3,0.8,671.5759545440001,211.2791180449968,263.130565466076
14,4571.999853696005,0.3,0.9,755.5392016656001,228.1414881538601,311.56356860244006
14,4571.999853696005,0.3,1.0,839.4887250728,246.8780448357072,361.400087013042
14,4571.999853696005,0.35,0.0,31.1183615644,83.08811030409144,0.0
14,4571.999853696005,0.35,0.5,429.35470865540003,163.2363015989295,92.975152242126
14,4571.999853696005,0.35,0.6,515.2130387492,179.8657369932868,131.77537038435003
14,4571.999853696005,0.35,0.7,601.0837402086,196.6824337571442,174.50728477875
14,4571.999853696005,0.35,0.8,686.9722716648001,213.8263958088542,220.716204604434
14,4571.999853696005,0.35,0.9,772.8288990136001,230.7012726836614,268.25798907091803
14,4571.999853696005,0.35,1.0,858.6948926908,249.6317158168376,317.643657698598
14,4571.999853696005,0.4,0.0,35.7643386342,83.65876138356165,0.0
14,4571.999853696005,0.4,0.5,440.46376168740005,164.8961000373764,54.739600932786004
14,4571.999853696005,0.4,0.6,528.5523463616,182.0194598202849,92.02127327639401
14,4571.999853696005,0.4,0.7,616.6463412516,199.2572097509752,133.541871086316
14,4571.999853696005,0.4,0.8,704.7567637330001,216.7580340506214,178.504831590162
14,4571.999853696005,0.4,0.9,792.8288707592001,233.8713282565545,225.23716990467003
14,4571.999853696005,0.4,1.0,880.9204104139999,252.8086818539418,274.241880961356
14,4571.999853696005,0.45,0.0,40.9919413926,84.28823538610179,0.0
14,4571.999853696005,0.45,0.5,452.54417124840006,166.7059530002722,16.062423224694
14,4571.999853696005,0.45,0.6,543.0445214788001,184.3163702166379,51.798256381410006
14,4571.999853696005,0.45,0.7,633.5799810802,202.0672905366053,92.20131764982602
14,4571.999853696005,0.45,0.8,724.0864414982001,219.9155253132541,135.803156195322
14,4571.999853696005,0.45,0.9,814.5701630902001,237.3140952339654,181.705889024814
14,4571.999853696005,0.45,1.0,905.1002633530001,256.2263061756328,230.44595501188803
14,4571.999853696005,0.5,0.0,47.095629840600004,85.00872016955458,0.0
14,4571.999853696005,0.5,0.5,465.65208443160003,168.6672031883335,0.0
14,4571.999853696005,0.5,0.6,558.7905348278,186.8300107544226,11.28428452998
14,4571.999853696005,0.5,0.7,651.9268319696,205.1514109244307,50.453261889492005
14,4571.999853696005,0.5,0.8,745.0691892424001,223.2779113017327,92.61009216459
14,4571.999853696005,0.5,0.9,838.1955193766,241.1645945707158,137.837355225108
14,4571.999853696005,0.5,1.0,931.3190947566001,259.8834191819831,186.09141492249
14,4571.999853696005,0.55,0.0,54.130130612800016,85.80571690537967,0.0
14,4571.999853696005,0.55,0.5,480.05004810400004,170.8142868983035,0.0
14,4571.999853696005,0.55,0.6,576.0560909444001,189.5529713163386,-29.787259243434
14,4571.999853696005,0.55,0.7,672.0658404350002,208.4733774107775,8.170626611532
14,4571.999853696005,0.55,0.8,768.0764408878,226.9124369942847,48.990002572434
14,4571.999853696005,0.55,0.9,864.0833855676001,245.3956854665699,93.58054875661801
14,4571.999853696005,0.55,1.0,960.0855715880001,263.7988378644652,140.64359799382203
14,5333.999829312005,0.0,0.0,20.634386632200002,75.52352440932596,0.0
14,5333.999829312005,0.0,0.5,382.2803717436,148.066382351447,352.198232227842
14,5333.999829312005,0.0,0.6,458.739090722,162.7374372881248,405.64215074598604
14,5333.999829312005,0.0,0.7,535.1779003032,177.7337584324594,461.58507303262206
14,5333.999829312005,0.0,0.8,611.6383474652,193.7280945164656,518.472812371206
14,5333.999829312005,0.0,0.9,688.1053553242001,211.2419111999456,573.62058597459
14,5333.999829312005,0.0,1.0,764.5594912516001,229.4825444130455,629.2813656734221
14,5333.999829312005,0.05,0.0,20.910571871200002,75.56594954141342,0.0
14,5333.999829312005,0.05,0.5,382.98181816180005,148.1779738805226,314.43722770383005
14,5333.999829312005,0.05,0.6,459.5874376698,162.8748423554386,365.3193842967901
14,5333.999829312005,0.05,0.7,536.1659864044,177.904429728749,418.877946788994
14,5333.999829312005,0.05,0.8,612.7633662678,193.8850309668874,473.698855400694
14,5333.999829312005,0.05,0.9,689.3639522154,211.4118685724395,527.152217489898
14,5333.999829312005,0.05,1.0,765.9690957754001,229.6832126725937,581.1877586093041
14,5333.999829312005,0.1,0.0,21.714748382800003,75.67512841975869,0.0
14,5333.999829312005,0.1,0.5,385.10261126700004,148.5144911716411,277.49918880684004
14,5333.999829312005,0.1,0.6,462.13343122980007,163.2882996725029,326.038644964956
14,5333.999829312005,0.1,0.7,539.1612962119999,178.4104618157489,377.522724012588
14,5333.999829312005,0.1,0.8,616.1860059872,194.3659349012066,430.496460338868
14,5333.999829312005,0.1,0.9,693.2069590556001,211.9323634643019,482.486709902274
14,5333.999829312005,0.1,1.0,770.2250572566,230.2747514032478,535.185726385464
14,5333.999829312005,0.15,0.0,23.0572778832,75.86012684731924,0.0
14,5333.999829312005,0.15,0.5,388.64097281900007,149.0667098240951,241.24094512795202
14,5333.999829312005,0.15,0.6,466.37096121440004,163.9720131699175,287.62625422469404
14,5333.999829312005,0.15,0.7,544.089253598,179.2484132626327,337.252337578002
14,5333.999829312005,0.15,0.8,621.8320384298001,195.1641952727933,388.585153125246
14,5333.999829312005,0.15,0.9,699.5621006792,212.8010112952009,439.38861492372
14,5333.999829312005,0.15,1.0,777.2849514958001,231.2589173440987,490.94153417925
14,5333.999829312005,0.2,0.0,24.974735335000002,76.12737762369592,0.0
14,5333.999829312005,0.2,0.5,393.62502642100003,149.8679975881339,205.522286548656
14,5333.999829312005,0.2,0.6,472.3470562096,164.9273101096798,249.93497065614002
14,5333.999829312005,0.2,0.7,551.0662065127999,180.4452541080468,297.928588406988
14,5333.999829312005,0.2,0.8,629.7982788042,196.2789989757779,347.779888697472
14,5333.999829312005,0.2,0.9,708.5399176504001,214.0862004442529,397.64825102541005
14,5333.999829312005,0.2,1.0,787.2534082754001,232.6464324516012,448.248969628614
14,5333.999829312005,0.25,0.0,27.409656582000004,76.4540931995827,0.0
14,5333.999829312005,0.25,0.5,400.05043848440005,150.8785763702259,170.141135327394
14,5333.999829312005,0.25,0.6,480.04569071800006,166.1455246920076,212.72788784478
14,5333.999829312005,0.25,0.7,560.0491325396,181.9776559796789,259.34259253656603
14,5333.999829312005,0.25,0.8,640.0635425007999,197.7661270377393,307.76723346415207
14,5333.999829312005,0.25,0.9,720.0668833886001,215.7154166516375,356.859407646588
14,5333.999829312005,0.25,1.0,800.0802922178001,234.4244470331126,406.77637256071205
14,5333.999829312005,0.3,0.0,30.523381431400004,76.86325340651366,0.0
14,5333.999829312005,0.3,0.5,407.919012688,152.1103541011522,135.002835566676
14,5333.999829312005,0.3,0.6,489.5043784686,167.6578665213644,175.914567695328
14,5333.999829312005,0.3,0.7,571.0983326488,183.8368370534338,221.31030797799002
14,5333.999829312005,0.3,0.8,652.6711013987999,199.7743778328042,268.406845194642
14,5333.999829312005,0.3,0.9,734.2539380902,217.7152584910641,316.80897812902805
14,5333.999829312005,0.3,1.0,815.841131347,236.6024554330037,366.30163801308004
14,5333.999829312005,0.35,0.0,34.245061741,77.34431406722308,0.0
14,5333.999829312005,0.35,0.5,417.24101719960004,153.5605466652454,99.935078792472
14,5333.999829312005,0.35,0.6,500.6931166842,169.5005286335843,139.41675578707802
14,5333.999829312005,0.35,0.7,584.1439393152,186.0631887610451,183.63186375164403
14,5333.999829312005,0.35,0.8,667.5910060600002,202.1835936820285,229.42828056456003
14,5333.999829312005,0.35,0.9,751.0406773892,220.0932357297469,277.446143338518
14,5333.999829312005,0.35,1.0,834.488995549,239.1747046231516,326.57538720714604
14,5333.999829312005,0.4,0.0,38.4449368534,77.87956463176994,0.0
14,5333.999829312005,0.4,0.5,428.184111267,155.2510269846684,64.87062482161801
14,5333.999829312005,0.4,0.6,513.8196615904001,171.7105330769301,103.095460368978
14,5333.999829312005,0.4,0.7,599.4552619704,188.6443184895219,146.13722175498603
14,5333.999829312005,0.4,0.8,685.1139515726001,205.0718430413681,190.87029735958802
14,5333.999829312005,0.4,0.9,770.7291666074,222.9341841288216,238.55043258862202
14,5333.999829312005,0.4,1.0,856.3728310236,242.154928513744,287.363223858942
14,5333.999829312005,0.45,0.0,43.4774665798,78.4899138041368,0.0
14,5333.999829312005,0.45,0.5,440.67847742160006,157.1912889359521,29.613781332366
14,5333.999829312005,0.45,0.6,528.8184004730001,174.2290134192144,66.742472717844
14,5333.999829312005,0.45,0.7,616.9461523852001,191.505340966071,108.45368387191802
14,5333.999829312005,0.45,0.8,705.0922857374001,208.3776334928785,152.43435640818
14,5333.999829312005,0.45,0.9,793.2352638826001,226.1941440410959,199.90860710898002
14,5333.999829312005,0.45,1.0,881.3706785576001,245.5344613049986,248.343009655356
14,5333.999829312005,0.5,0.0,49.240464064,79.15810062859475,0.0
14,5333.999829312005,0.5,0.5,454.51738764960004,159.2932139248843,0.0
14,5333.999829312005,0.5,0.6,545.4169688066,176.9963336314978,30.095912332794004
14,5333.999829312005,0.5,0.7,636.3266170843999,194.6412591919623,70.463469688458
14,5333.999829312005,0.5,0.8,727.2200371766,212.0479241476912,113.889256582794
14,5333.999829312005,0.5,0.9,818.1290847752,229.7510012808673,160.976423624016
14,5333.999829312005,0.5,1.0,909.0334738276,249.348396140978,209.165038884648
14,5333.999829312005,0.55,0.0,55.8920933912,79.87099657987845,0.0
14,5333.999829312005,0.55,0.5,469.82024581580004,161.5868831259185,0.0
14,5333.999829312005,0.55,0.6,563.803737783,180.0279703278599,-6.894168958908001
14,5333.999829312005,0.55,0.7,657.7745588656,198.0748602486619,32.136012371232
14,5333.999829312005,0.55,0.8,751.7032076730002,216.1132977047084,75.12390136482001
14,5333.999829312005,0.55,0.9,845.6967167044002,234.0017662510206,121.599364760412
14,5333.999829312005,0.55,1.0,939.6502075356001,253.6042151863377,169.832296302438
14,6095.999804928007,0.0,0.0,24.134321948,70.24873166143519,0.0
14,6095.999804928007,0.0,0.5,357.72800825520005,136.4528918023224,330.218736494262
14,6095.999804928007,0.0,0.6,429.28534005500006,150.0322295350631,380.527306238772
14,6095.999804928007,0.0,0.7,500.81767966120003,163.9551372464846,434.48124120370204
14,6095.999804928007,0.0,0.8,572.3774149984,179.6513769291482,487.23322975958405
14,6095.999804928007,0.0,0.9,643.911907859,196.381010545768,539.195818956564
14,6095.999804928007,0.0,1.0,715.4719443564001,213.815230807947,591.6124628789761
14,6095.999804928007,0.05,0.0,24.3400726272,70.27777890955275,0.0
14,6095.999804928007,0.05,0.5,358.4006056598001,136.5616566422934,295.60811706195005
14,6095.999804928007,0.05,0.6,430.08936229380004,150.1641094123197,343.584525984084
14,6095.999804928007,0.05,0.7,501.75472772480003,164.1193556260546,395.29912602642
14,6095.999804928007,0.05,0.8,573.4545025550001,179.7977626525447,446.269680316152
14,6095.999804928007,0.05,0.9,645.129034088,196.5536949574526,496.67601793286406
14,6095.999804928007,0.05,1.0,716.8082241672,213.9974100318425,547.684165464282
14,6095.999804928007,0.1,0.0,25.056952069600005,70.37725619042004,0.0
14,6095.999804928007,0.1,0.5,360.3718189764,136.8755440461762,261.76501530471603
14,6095.999804928007,0.1,0.6,432.45544833040003,150.5434583884605,307.621626320316
14,6095.999804928007,0.1,0.7,504.52545490380004,164.5916644044271,357.37450307097004
14,6095.999804928007,0.1,0.8,576.607481626,180.2192013195138,406.780482715992
14,6095.999804928007,0.1,0.9,648.6603089384001,197.0217491991291,455.9202515179621
14,6095.999804928007,0.1,1.0,720.7508502062001,214.5180186088179,505.72436820444
14,6095.999804928007,0.15,0.0,26.243102289800003,70.53976788977593,0.0
14,6095.999804928007,0.15,0.5,363.71091587160004,137.4097022043908,228.588404584386
14,6095.999804928007,0.15,0.6,436.4558232737999,151.1993026588043,272.56052897627404
14,6095.999804928007,0.15,0.7,509.1956724976,165.4010041622063,320.570890716846
14,6095.999804928007,0.15,0.8,581.9359229948001,180.9528993072666,368.6064124793821
14,6095.999804928007,0.15,0.9,654.6759724450001,197.8459227588679,416.712452763222
14,6095.999804928007,0.15,1.0,727.4310971378,215.397688749433,465.50366571832205
14,6095.999804928007,0.2,0.0,27.9614788992,70.77537256699628,0.0
14,6095.999804928007,0.2,0.5,368.4069027672,138.1636885403248,195.921325899684
14,6095.999804928007,0.2,0.6,442.10055424480004,152.1442486392089,238.257217046772
14,6095.999804928007,0.2,0.7,515.7769509662,166.5353818217364,284.694544073016
14,6095.999804928007,0.2,0.8,589.4647171006,182.0055677801869,331.44580867398
14,6095.999804928007,0.2,0.9,663.1341526722,199.0102543403792,378.711415170858
14,6095.999804928007,0.2,1.0,736.8301330126001,216.6437725588316,426.75911082189003
14,6095.999804928007,0.25,0.0,30.196016191000002,71.07770993767578,0.0
14,6095.999804928007,0.25,0.5,374.4512897356,139.1241682112855,163.620163574868
14,6095.999804928007,0.25,0.6,449.35483057080006,153.3538961359884,204.48366498852602
14,6095.999804928007,0.25,0.7,524.2303733546,167.9848459589948,249.5292396135
14,6095.999804928007,0.25,0.8,599.1240464748,183.3398857402703,295.09274273417407
14,6095.999804928007,0.25,0.9,674.014014586,200.5201404777284,341.828515964166
14,6095.999804928007,0.25,1.0,748.9069368572001,218.2277579978227,389.230716621516
14,6095.999804928007,0.3,0.0,33.0285583474,71.45064810269437,0.0
14,6095.999804928007,0.3,0.5,381.79945090760003,140.286772527624,131.524225217616
14,6095.999804928007,0.3,0.6,458.14582810480016,154.8205075438628,171.097441241958
14,6095.999804928007,0.3,0.7,534.5228325558,169.7163881248299,214.796411564196
14,6095.999804928007,0.3,0.8,610.8753453792001,184.9524402949288,259.309407925722
14,6095.999804928007,0.3,0.9,687.2339183336001,202.3367041371677,305.66430676643404
14,6095.999804928007,0.3,1.0,763.5977505134,220.2248442598204,352.603009127292
14,6095.999804928007,0.35,0.0,36.404546136200004,71.8950876539962,0.0
14,6095.999804928007,0.35,0.5,390.4953367986,141.6488310587862,99.524063264472
14,6095.999804928007,0.35,0.6,468.580029544,156.5393712464846,137.86380701016003
14,6095.999804928007,0.35,0.7,546.6939971944,171.736432229883,180.227245983708
14,6095.999804928007,0.35,0.8,624.793039772,186.843202905924,223.91754094248
14,6095.999804928007,0.35,0.9,702.8769061731999,204.5159976934591,270.06921217676404
14,6095.999804928007,0.35,1.0,780.9907737104,222.6506646852944,316.69930059259804
14,6095.999804928007,0.4,0.0,40.4629670412,72.39997025818742,0.0
14,6095.999804928007,0.4,0.5,400.5905853048,143.2001355366053,67.49618222839801
14,6095.999804928007,0.4,0.6,480.70431494580004,158.5173832050259,104.731375566048
14,6095.999804928007,0.4,0.7,560.8169925776,174.063124850948,145.80258661260604
14,6095.999804928007,0.4,0.8,640.9430927636,189.2913818714506,188.83848613429802
14,6095.999804928007,0.4,0.9,721.0674409686001,207.0845060351991,234.88781939515204
14,6095.999804928007,0.4,1.0,801.1764119502001,225.4365455127461,281.31598175373
14,6095.999804928007,0.45,0.0,45.2387679546,72.97908783761225,0.0
14,6095.999804928007,0.45,0.5,412.0713972166001,144.9566912343282,35.307608800002
14,6095.999804928007,0.45,0.6,494.50385770940005,160.7766582149143,71.54106432811801
14,6095.999804928007,0.45,0.7,576.9134037678,176.6933113431008,111.48828001773
14,6095.999804928007,0.45,0.8,659.3300119098001,192.2834701837068,153.991576810764
14,6095.999804928007,0.45,0.9,741.7393585624001,210.0069353149778,199.920551024502
14,6095.999804928007,0.45,1.0,824.1541638462,228.5840427779189,246.218695471056
14,6095.999804928007,0.5,0.0,50.85825480780001,73.62837158804318,0.0
14,6095.999804928007,0.5,0.5,424.95660530400016,146.9062051888778,2.8202417618760003
14,6095.999804928007,0.5,0.6,509.95396680140004,163.3461658628323,38.202063329892006
14,6095.999804928007,0.5,0.7,594.9409600178,179.6326020432732,76.98951552553801
14,6095.999804928007,0.5,0.8,679.9473866834,195.7573045422299,119.22567669058202
14,6095.999804928007,0.5,0.9,764.9199562136,213.2075015394176,164.609805784578
14,6095.999804928007,0.5,1.0,849.9243289174,232.105563596843,211.32343799952
14,6095.999804928007,0.55,0.0,56.994548976200015,74.30453929456591,0.0
14,6095.999804928007,0.55,0.5,439.31059384300005,149.0931661744534,0.0
14,6095.999804928007,0.55,0.6,527.179604831,166.2156263010977,4.669092360702001
14,6095.999804928007,0.55,0.7,615.0282304738001,182.8755723470018,42.24870203169
14,6095.999804928007,0.55,0.8,702.8922825760001,199.6259364205752,84.416022988836
14,6095.999804928007,0.55,0.9,790.7713606848001,216.7495245093895,129.070149360768
14,6095.999804928007,0.55,1.0,878.6226910252002,235.9944122438538,176.353263161922
14,6857.999780544007,0.0,0.0,25.4813196154,65.41161770942576,0.0
14,6857.999780544007,0.0,0.5,332.9154768192,125.9228662278872,307.56404500206
14,6857.999780544007,0.0,0.6,399.5007004912,138.2583760755693,355.43837038894804
14,6857.999780544007,0.0,0.7,466.0760580894001,151.248959193323,406.72138455471605
14,6857.999780544007,0.0,0.8,532.6432260996,166.1404275755239,456.058039580682
14,6857.999780544007,0.0,0.9,599.235637407,181.930240866461,505.03180214671806
14,6857.999780544007,0.0,1.0,665.8221379326,198.3447735023134,554.18307449043
14,6857.999780544007,0.05,0.0,25.7022325208,65.44551926508211,0.0
14,6857.999780544007,0.05,0.5,333.5184553404,126.0197091018779,276.01909253226
14,6857.999780544007,0.05,0.6,400.23299982820004,138.3847873714053,321.73296861967805
14,6857.999780544007,0.05,0.7,466.92615783880007,151.3800821055067,370.97752680912004
14,6857.999780544007,0.05,0.8,533.6250009662,166.2761339159031,418.675614609252
14,6857.999780544007,0.05,0.9,600.3284517626001,182.0818518944934,466.272984032856
14,6857.999780544007,0.05,1.0,667.0376122938001,198.5087771433367,514.1323416042661
14,6857.999780544007,0.1,0.0,26.3732445262,65.54325477773747,0.0
14,6857.999780544007,0.1,0.5,335.35826926140004,126.3125947016239,245.23149488930403
14,6857.999780544007,0.1,0.6,402.4347311732001,138.7663922718861,289.028668564482
14,6857.999780544007,0.1,0.7,469.51081807080004,151.7747224310986,336.48260824794005
14,6857.999780544007,0.1,0.8,536.576586744,166.681895733285,382.762310819196
14,6857.999780544007,0.1,0.9,603.6350931072001,182.546422131906,429.151500098244
14,6857.999780544007,0.1,1.0,670.7226987670001,199.0092550342012,475.963350345252
14,6857.999780544007,0.15,0.0,27.490159083200002,65.70476717091536,0.0
14,6857.999780544007,0.15,0.5,338.4233235042,126.8033069009344,215.042350534242
14,6857.999780544007,0.15,0.6,406.12778156940004,139.4022055060329,257.15012806329
14,6857.999780544007,0.15,0.7,473.7998850178001,152.4687583496326,303.0764893926
14,6857.999780544007,0.15,0.8,541.4829574264,167.3661233868276,348.04829651638204
14,6857.999780544007,0.15,0.9,609.1626235244001,183.3194547008981,393.50757294941405
14,6857.999780544007,0.15,1.0,676.863174713,199.8473922135535,439.43341561627204
14,6857.999780544007,0.2,0.0,29.060338615000003,65.93191985122019,0.0
14,6857.999780544007,0.2,0.5,342.7573429192,127.4855354742811,185.35423900085402
14,6857.999780544007,0.2,0.6,411.3263761178,140.2977517960628,225.96851821328403
14,6857.999780544007,0.2,0.7,479.86768698660006,153.4921868243673,270.30994005708004
14,6857.999780544007,0.2,0.8,548.4164858304001,168.3203494408963,314.343344906976
14,6857.999780544007,0.2,0.9,616.9693917772,184.4085304803592,359.10524052895806
14,6857.999780544007,0.2,1.0,685.5310133166,201.0179774119568,404.271991339062
14,6857.999780544007,0.25,0.0,31.1261318258,66.22489106568086,0.0
14,6857.999780544007,0.25,0.5,348.3704192452,128.3792543813844,156.02839361802
14,6857.999780544007,0.25,0.6,418.04594045720006,141.4514610710333,195.327560146026
14,6857.999780544007,0.25,0.7,487.7054090920001,154.7927098963077,238.241613135834
14,6857.999780544007,0.25,0.8,557.3736179374,169.558808862288,281.476674146052
14,6857.999780544007,0.25,0.9,627.0547988276,185.8139208174726,325.71461304459007
14,6857.999780544007,0.25,1.0,696.7270638988,202.5252937043455,370.2745092136861
14,6857.999780544007,0.3,0.0,33.5549502706,66.56679740542504,0.0
14,6857.999780544007,0.3,0.5,355.20265032340006,129.4385905095709,126.89033829410401
14,6857.999780544007,0.3,0.6,426.23919325680004,142.8645894812664,165.03787845699
14,6857.999780544007,0.3,0.7,497.27288132280006,156.3715982188152,206.611697884746
14,6857.999780544007,0.3,0.8,568.3099256428001,171.0502915786991,249.19826446653605
14,6857.999780544007,0.3,0.9,639.3454674442,187.516336670235,293.08579305528605
14,6857.999780544007,0.3,1.0,710.3910763664001,204.3485956628867,337.21732296945
14,6857.999780544007,0.35,0.0,36.5987714884,66.98002688442348,0.0
14,6857.999780544007,0.35,0.5,363.3524794328,130.742311735553,97.89001231640401
14,6857.999780544007,0.35,0.6,436.0319004932,144.5506580697632,135.038897286216
14,6857.999780544007,0.35,0.7,508.69967641900007,158.2721695626417,175.38364817311802
14,6857.999780544007,0.35,0.8,581.3683041276,172.8956807301098,217.38262891329603
14,6857.999780544007,0.35,0.9,654.0393862508,189.5523144690193,261.12508859283
14,6857.999780544007,0.35,1.0,726.7163282786,206.520993725846,304.94669322671405
14,6857.999780544007,0.4,0.0,40.2372724996,67.45764658214642,0.0
14,6857.999780544007,0.4,0.5,372.8062829722,132.2318954895219,68.886872839554
14,6857.999780544007,0.4,0.6,447.36884235120004,146.4931759453869,105.17040865254
14,6857.999780544007,0.4,0.7,521.9122177434,160.4821595029484,144.36549528416404
14,6857.999780544007,0.4,0.8,596.5007712686,175.0315142922979,185.90457411372
14,6857.999780544007,0.4,0.9,671.0390384258001,191.8998807060692,229.58327745599402
14,6857.999780544007,0.4,1.0,745.6083587282001,209.0302796091808,273.25152436751404
14,6857.999780544007,0.45,0.0,44.7803455088,68.06611831270979,0.0
14,6857.999780544007,0.45,0.5,383.4314856262,133.8876101528622,39.696163490676
14,6857.999780544007,0.45,0.6,460.12765916480004,148.6609905801506,75.23264922327
14,6857.999780544007,0.45,0.7,536.8102854180001,162.9491273895491,113.30159245251001
14,6857.999780544007,0.45,0.8,613.5015255093999,177.5729384424386,154.45758034476
14,6857.999780544007,0.45,0.9,690.1895111012001,194.4189182457589,197.769060884934
14,6857.999780544007,0.45,1.0,766.8754919672,211.9898581896943,241.836824675754
14,6857.999780544007,0.5,0.0,49.76897805880001,68.68966712201761,0.0
14,6857.999780544007,0.5,0.5,395.29755446720003,135.8073704209381,10.462669382550002
14,6857.999780544007,0.5,0.6,474.3655500364,151.0460209742357,45.099628059948
14,6857.999780544007,0.5,0.7,553.4283864933999,165.6925760673138,82.16829160617
14,6857.999780544007,0.5,0.8,632.4925761198,180.5282344158578,123.06688102401002
14,6857.999780544007,0.5,0.9,711.5668320464,197.3039264097796,165.88350376151402
14,6857.999780544007,0.5,1.0,790.614943657,215.279158217908,210.5811145977
14,6857.999780544007,0.55,0.0,55.547731063,69.42879813535335,0.0
14,6857.999780544007,0.55,0.5,408.40546765040006,137.9444886716865,0.0
14,6857.999780544007,0.55,0.6,490.095587124,153.571140433548,14.406872250078
14,6857.999780544007,0.55,0.7,571.7740360244001,168.7564651834346,50.82922366460401
14,6857.999780544007,0.55,0.8,653.4584449426001,184.0478703075388,91.499498849682
14,6857.999780544007,0.55,0.9,735.1518697930002,200.4538222904835,133.75439547254402
14,6857.999780544007,0.55,1.0,816.8268631468,218.9081161469654,179.401858300896
14,7619.999756160008,0.0,0.0,26.1080389152,60.77874116810307,0.0
14,7619.999756160008,0.0,0.5,308.0567661182001,115.7615953934501,285.3025143276
14,7619.999756160008,0.0,0.6,369.6619940552,127.0642109602649,330.724686823146
14,7619.999756160008,0.0,0.7,431.27433331180004,139.2872155874082,379.55980015107
14,7619.999756160008,0.0,0.8,492.8697698496,153.3273546387553,425.39406464385604
14,7619.999756160008,0.0,0.9,554.4819343184,167.9447408453235,471.0880407294601
14,7619.999756160008,0.0,1.0,616.1059687662,183.1570215986574,516.60693398622
14,7619.999756160008,0.05,0.0,26.316509883400002,60.81145066751338,0.0
14,7619.999756160008,0.05,0.5,308.734547253,115.8735013109861,256.737003634188
14,7619.999756160008,0.05,0.6,370.4823429516,127.2089831036016,300.210742340124
14,7619.999756160008,0.05,0.7,432.2247555142,139.4338581549488,347.1237219791881
14,7619.999756160008,0.05,0.8,493.9587774418,153.4947707045269,391.57416569178605
14,7619.999756160008,0.05,0.9,555.7132347712001,168.1345870306631,436.01878668440406
14,7619.999756160008,0.05,1.0,617.4659392990002,183.3549338129366,480.407191517484
14,7619.999756160008,0.1,0.0,26.934286284400002,60.90853681828904,0.0
14,7619.999756160008,0.1,0.5,310.76012778140006,116.2021369021138,229.009333415478
14,7619.999756160008,0.1,0.6,372.9137413628,127.6401874621246,270.81336557629203
14,7619.999756160008,0.1,0.7,435.07051015120004,139.8653478958541,316.051642874352
14,7619.999756160008,0.1,0.8,497.2180882196001,153.9857116775832,359.33370644602206
14,7619.999756160008,0.1,0.9,559.3591548270001,168.6962574540507,402.776702169072
14,7619.999756160008,0.1,1.0,621.5229110244001,183.9508847423569,446.30402457795003
14,7619.999756160008,0.15,0.0,27.9700246276,61.06958511421573,0.0
14,7619.999756160008,0.15,0.5,314.1408208906,116.8015713679579,201.93901892425802
14,7619.999756160008,0.15,0.6,376.97905202540005,128.3602797278418,242.371345476876
14,7619.999756160008,0.15,0.7,439.8016318564001,140.587410235689,286.08997604187
14,7619.999756160008,0.15,0.8,502.63487948740004,154.8044601650186,328.49098868493604
14,7619.999756160008,0.15,0.9,565.4629187702,169.6349783558015,371.161495402236
14,7619.999756160008,0.15,1.0,628.2966169106,184.9429169444797,414.01088684201403
14,7619.999756160008,0.2,0.0,29.455346734000003,61.29676633275879,0.0
14,7619.999756160008,0.2,0.5,318.15652218020006,117.4190948662796,174.99531189478802
14,7619.999756160008,0.2,0.6,381.78587818360006,129.1993020604191,214.14215313229204
14,7619.999756160008,0.2,0.7,445.41315560720005,141.4681082207203,256.348779895824
14,7619.999756160008,0.2,0.8,509.03835445100003,155.6723224926064,298.05648273878404
14,7619.999756160008,0.2,0.9,572.6753231606001,170.6196439497415,340.02061523383804
14,7619.999756160008,0.2,1.0,636.3067831824001,186.0420157274789,382.1774846532722
14,7619.999756160008,0.25,0.0,31.3457120768,61.58710314034293,0.0
14,7619.999756160008,0.25,0.5,323.375450376,118.2655488367958,148.418617266612
14,7619.999756160008,0.25,0.6,388.038796024,130.2850369946476,186.46110381775804
14,7619.999756160008,0.25,0.7,452.7094031614,142.613822110587,227.29643598862202
14,7619.999756160008,0.25,0.8,517.3963640362001,156.7933938476821,268.382507203734
14,7619.999756160008,0.25,0.9,582.0606853776,171.9481508695455,309.90447017237403
14,7619.999756160008,0.25,1.0,646.7357253962,187.4679793273156,351.491667176958
14,7619.999756160008,0.3,0.0,33.751332159600004,61.93394987018053,0.0
14,7619.999756160008,0.3,0.5,329.7159935256,119.2912472710696,122.042615649108
14,7619.999756160008,0.3,0.6,395.6496804920001,131.6201680606006,159.13923803731802
14,7619.999756160008,0.3,0.7,461.58855200920004,143.9857890244943,198.72805307955602
14,7619.999756160008,0.3,0.8,527.5485843386,158.1787957220357,239.23813985563802
14,7619.999756160008,0.3,0.9,593.4737067028001,173.5595344207566,280.535766634662
14,7619.999756160008,0.3,1.0,659.4236218548,189.197308142248,321.73595337529804
14,7619.999756160008,0.35,0.0,36.623575764600005,62.34343803293114,0.0
14,7619.999756160008,0.35,0.5,337.2670004528,120.5023155978409,95.793583578462
14,7619.999756160008,0.35,0.6,404.71990522920004,133.2277256165291,132.092067634758
14,7619.999756160008,0.35,0.7,472.16604744100005,145.6954011916901,170.550932487936
14,7619.999756160008,0.35,0.8,539.6438697364,159.8325403112583,210.56194365914402
14,7619.999756160008,0.35,0.9,607.0825247938001,175.4423591909643,251.70089397915004
14,7619.999756160008,0.35,1.0,674.5386093952001,191.2531602508392,292.74578535279
14,7619.999756160008,0.4,0.0,39.990106959,62.81454773745805,0.0
14,7619.999756160008,0.4,0.5,345.993237876,121.9248387025311,69.66955405179
14,7619.999756160008,0.4,0.6,415.18525992680003,135.0910045005897,105.20770341866401
14,7619.999756160008,0.4,0.7,484.39345846540004,147.7820488663703,142.6192077387
14,7619.999756160008,0.4,0.8,553.5973751132001,161.7924056930055,182.19040782973804
14,7619.999756160008,0.4,0.9,622.8001896952,177.5360459858478,223.018850597466
14,7619.999756160008,0.4,1.0,691.9919360244,193.6140472953824,264.33495350308203
14,7619.999756160008,0.45,0.0,43.8606170288,63.34458703256826,0.0
14,7619.999756160008,0.45,0.5,355.7605015888001,123.569117485621,43.58671904571599
14,7619.999756160008,0.45,0.6,426.8979676544,137.1169312254377,78.074205076098
14,7619.999756160008,0.45,0.7,498.04444801100004,150.088425068856,114.663722377512
14,7619.999756160008,0.45,0.8,569.2221316826,163.970956787263,153.88865656533602
14,7619.999756160008,0.45,0.9,640.34622443,179.8305292284315,194.36630736600003
14,7619.999756160008,0.45,1.0,711.5113873868,196.298530358886,236.39606044731602
14,7619.999756160008,0.5,0.0,48.2888749684,63.9393594731017,0.0
14,7619.999756160008,0.5,0.5,366.58173901800006,125.3839679150866,17.277155152488003
14,7619.999756160008,0.5,0.6,439.89073342500006,139.3156845853216,50.662576440168
14,7619.999756160008,0.5,0.7,513.216131626,152.6458399892044,86.56778224571401
14,7619.999756160008,0.5,0.8,586.5152353412001,166.3896099043818,125.39543567443201
14,7619.999756160008,0.5,0.9,659.8364763826,182.3340326097251,165.63995259596402
14,7619.999756160008,0.5,1.0,733.1566654148,199.3188733983489,208.825104577782
14,7619.999756160008,0.55,0.0,53.45589282880001,64.64905072058424,0.0
14,7619.999756160008,0.55,0.5,378.428425287,127.3703457879888,0.0
14,7619.999756160008,0.55,0.6,454.10448306520004,141.6858236331307,22.928295721716
14,7619.999756160008,0.55,0.7,529.7875536910001,155.385390624331,58.14698326945201
14,7619.999756160008,0.55,0.8,605.4908586716001,169.2485621890593,96.55784248756801
14,7619.999756160008,0.55,0.9,681.1714757034,185.1015100162388,136.70421477266402
14,7619.999756160008,0.55,1.0,756.8508897356,202.7179235375125,181.2458598951
16,0.0,0.0,0.0,5.702474131200001,126.1965624355439,0.0
16,0.0,0.0,0.5,480.04834535900005,234.6903195529348,485.8926732567601
16,0.0,0.0,0.6,576.066759565,253.2678981307266,540.138199273596
16,0.0,0.0,0.7,672.0651396426001,272.3790636341287,599.8784695582141
16,0.0,0.0,0.8,768.0925189036002,291.3826067627688,662.716754706006
16,0.0,0.0,0.9,864.1070262330002,310.4739845067587,726.722832829686
16,0.0,0.0,1.0,960.1085114610001,329.778579381838,792.2167675925581
16,0.0,0.05,0.0,5.997137641,126.2268878224621,0.0
16,0.0,0.05,0.5,480.0673775348,234.634523554477,421.60407578104207
16,0.0,0.05,0.6,576.0501309266,253.2164142132813,472.54488037541404
16,0.0,0.05,0.7,672.0576762856001,272.3229251768121,528.7464390760861
16,0.0,0.05,0.8,768.0619663244,291.3338639197133,588.013498375842
16,0.0,0.05,0.9,864.1109322890001,310.4133342007621,648.6735235512841
16,0.0,0.05,1.0,960.1065075557999,329.7135889244308,710.93661693285
16,0.0,0.1,0.0,7.0009021258,126.3283566980858,0.0
16,0.0,0.1,0.5,480.044238256,234.4531012956545,357.36087594900005
16,0.0,0.1,0.6,576.045723484,253.0314083002812,404.9518257015
16,0.0,0.1,0.7,672.0529685034,272.1577079589042,457.63870744053
16,0.0,0.1,0.8,768.0578091648001,291.1972869291482,513.3457019210521
16,0.0,0.1,0.9,864.0632513260001,310.248858977048,570.7044797338501
16,0.0,0.1,1.0,960.0840690694001,329.5174755548399,629.6964130680301
16,0.0,0.15,0.0,0.0,135.0075250075297,0.0
16,0.0,0.15,0.5,480.0727869300002,234.1576888922253,293.11125644585405
16,0.0,0.15,0.6,576.0704153380001,252.7314410068947,337.36974122775007
16,0.0,0.15,0.7,672.0910837322,271.8886943615169,386.53515935588405
16,0.0,0.15,0.8,768.0999313834,290.9791864844416,438.68160460601405
16,0.0,0.15,0.9,864.0872924442001,309.9774753023678,492.690302497008
16,0.0,0.15,1.0,960.1236367602,329.2097987265717,548.534678917764
16,0.0,0.2,0.0,10.957691720800002,126.7458121755421,0.0
16,0.0,0.2,0.5,480.0434373503999,233.7293402288851,228.75400469783403
16,0.0,0.2,0.6,576.0689128194001,252.303663576159,269.69358802155006
16,0.0,0.2,0.7,672.0571256630001,271.5011787708428,315.36057408748206
16,0.0,0.2,0.8,768.0796970286002,290.6693393465482,363.99503354907
16,0.0,0.2,0.9,864.0785776722001,309.5750828684569,414.600307574376
16,0.0,0.2,1.0,960.095488539,328.7867895208201,467.173220579142
16,0.0,0.25,0.0,13.6196311372,127.002390118661,0.0
16,0.0,0.25,0.5,480.04253551100004,233.1761218024131,164.274314359848
16,0.0,0.25,0.6,576.0603482172,251.7426780704889,201.869190321876
16,0.0,0.25,0.7,672.0870266858,271.0017001861562,244.10116793601003
16,0.0,0.25,0.8,768.0616659848001,290.1623795328858,289.24182904617004
16,0.0,0.25,0.9,864.0728679374,309.0858841314524,336.479285872422
16,0.0,0.25,1.0,960.0959899256001,328.2414808647374,385.78208594079007
16,0.0,0.3,0.0,16.8914207792,127.2789139511022,0.0
16,0.0,0.3,0.5,480.04569071800006,232.403089233421,99.55883811396602
16,0.0,0.3,0.6,576.0450727482001,251.0490276520911,133.8445155201
16,0.0,0.3,0.7,672.0470084856001,270.3257247618615,172.663400617554
16,0.0,0.3,0.8,768.0527509864,289.5242963391999,214.380434491608
16,0.0,0.3,0.9,864.0703634662,308.509193705797,258.210440478606
16,0.0,0.3,1.0,960.0862732010002,327.5789834421664,304.279928179458
16,0.0,0.35,0.0,20.8135030972,127.637346269981,0.0
16,0.0,0.35,0.5,480.0477446798,231.4359564102332,34.559761153764
16,0.0,0.35,0.6,576.0450727482001,250.228194937585,65.539371550884
16,0.0,0.35,0.7,672.0550224652001,269.5266793548036,100.992758751192
16,0.0,0.35,0.8,768.0647711352001,288.781218160029,139.391331540846
16,0.0,0.35,0.9,864.1076269122001,307.8934685843237,179.90660983449
16,0.0,0.35,1.0,960.1039029714,326.8132894109589,222.60888218045403
16,0.0,0.4,0.0,25.4209792562,128.1322989707884,0.0
16,0.0,0.4,0.5,480.05290297140004,230.3238081669237,0.0
16,0.0,0.4,0.6,576.0604483304002,249.2055084570444,-3.1331126534400005
16,0.0,0.4,0.7,672.086174903,268.5722961065046,29.020108546506002
16,0.0,0.4,0.8,768.0701805304,287.8874276734102,64.09887955825201
16,0.0,0.4,0.9,864.1226529188,306.9796901027851,101.33276645368802
16,0.0,0.4,1.0,960.1139200356,325.9712976980858,140.808527760516
16,0.0,0.45,0.0,30.851027317000003,128.7555193564366,0.0
16,0.0,0.45,0.5,480.0414835017999,229.0312949831262,0.0
16,0.0,0.45,0.6,576.0512830490001,247.8981610034474,-72.23482428808802
16,0.0,0.45,0.7,672.083971592,267.4749395595574,-43.354221262044
16,0.0,0.45,0.8,768.0845549806,286.794725666334,-11.57206879521
16,0.0,0.45,0.9,864.0972093952001,305.9669124728296,22.47883066968
16,0.0,0.45,1.0,960.1038028582002,325.0736236718679,58.819463389764
16,0.0,0.5,0.0,37.6167643566,129.3717010897215,0.0
16,0.0,0.5,0.5,480.0458909444,227.4895985347909,0.0
16,0.0,0.5,0.6,576.06505682,246.4056359395809,-141.89885409546002
16,0.0,0.5,0.7,672.0663910576001,266.17807125347,-116.20534376220002
16,0.0,0.5,0.8,768.0749383692,285.5426595872268,-87.69830981373002
16,0.0,0.5,0.9,864.0984115742001,304.7576504761861,-56.80120099777201
16,0.0,0.5,1.0,960.0906806436001,323.8657034402613,-23.597189242242003
16,0.0,0.55,0.0,45.1317132992,130.0614108920439,0.0
16,0.0,0.55,0.5,480.05560766900004,225.6912960729384,0.0
16,0.0,0.55,0.6,576.0681119138,244.6210252823188,-212.35586496847802
16,0.0,0.55,0.7,672.0680445666001,264.4413182860383,-189.75548624247602
16,0.0,0.55,0.8,768.0814498302001,284.1340570608727,-164.36562341661002
16,0.0,0.55,0.9,864.085990152,303.3439934067858,-136.652250666624
16,0.0,0.55,1.0,960.1062072162,322.5450206761318,-106.42246959775203
16,761.9999756160008,0.0,0.0,8.932317163,117.5868823969881,0.0
16,761.9999756160008,0.0,0.5,480.04844547220006,222.0975318735372,471.314304777624
16,761.9999756160008,0.0,0.6,576.0719687338,240.8111732857662,528.6792429303
16,761.9999756160008,0.0,0.7,672.0832699790001,260.0490364030663,590.599451500674
16,761.9999756160008,0.0,0.8,768.07433769,278.9112909247936,654.8394023528281
16,761.9999756160008,0.0,0.9,864.0961073294001,298.0765106584414,720.447276491712
16,761.9999756160008,0.0,1.0,960.1180271385999,317.4523781460583,787.5649574562001
16,761.9999756160008,0.05,0.0,9.0932721088,117.6432851838882,0.0
16,761.9999756160008,0.05,0.5,480.0395304738,222.0358392200853,410.93967116987403
16,761.9999756160008,0.05,0.6,576.0409155886001,240.7628304458859,464.88800360171405
16,761.9999756160008,0.05,0.7,672.0760076690001,260.0120293256827,523.343904184794
16,761.9999756160008,0.05,0.8,768.0590614004001,278.8615773137984,584.1275324941981
16,761.9999756160008,0.05,0.9,864.0669579762,298.0172882000363,646.4936978054941
16,761.9999756160008,0.05,1.0,960.0958898124,317.3801918420575,710.4762550762799
16,761.9999756160008,0.1,0.0,10.0318875184,117.7467957131452,0.0
16,761.9999756160008,0.1,0.5,480.0504994339999,221.8801163465482,350.63357929446
16,761.9999756160008,0.1,0.6,576.0675604706,240.6208279151774,401.14649225897404
16,761.9999756160008,0.1,0.7,672.0794640362001,259.8931848735372,456.078164662428
16,761.9999756160008,0.1,0.8,768.1135541640001,278.715577090538,513.5038010011141
16,761.9999756160008,0.1,0.9,864.1020172906001,297.8471881363513,572.5910361143281
16,761.9999756160008,0.1,1.0,960.1229359678,317.1918455516648,633.4884912597781
16,761.9999756160008,0.15,0.0,11.518047457400002,117.945714719042,0.0
16,761.9999756160008,0.15,0.5,480.06692702540005,221.6166995187336,290.31677165706606
16,761.9999756160008,0.15,0.6,576.0699147720001,240.3742294664792,337.395317158284
16,761.9999756160008,0.15,0.7,672.0637372372,259.6863631148508,388.818321255672
16,761.9999756160008,0.15,0.8,768.0673757196001,278.4746895643654,442.80021506259004
16,761.9999756160008,0.15,0.9,864.0909982738001,297.5850274588588,498.658624727802
16,761.9999756160008,0.15,1.0,960.1088118006,316.8690916446521,556.396725835566
16,761.9999756160008,0.2,0.0,13.580093808600001,118.2482729101878,0.0
16,761.9999756160008,0.2,0.5,480.03892979460005,221.2267853125284,229.88055911574602
16,761.9999756160008,0.2,0.6,576.0613501698,240.0091865688107,273.59407645185
16,761.9999756160008,0.2,0.7,672.0786623100001,259.3347406745895,321.600817341342
16,761.9999756160008,0.2,0.8,768.0787451326001,278.140199891681,372.0929397703982
16,761.9999756160008,0.2,0.9,864.0647538446002,297.2079914835344,424.6759666929781
16,761.9999756160008,0.2,1.0,960.0943872938,316.4243241375307,479.33959825567206
16,761.9999756160008,0.25,0.0,16.2062649122,118.6176849653452,0.0
16,761.9999756160008,0.25,0.5,480.02655842900003,220.7413129208927,169.35440267638202
16,761.9999756160008,0.25,0.6,576.0487785778,239.5022978668239,209.687185182552
16,761.9999756160008,0.25,0.7,672.0564749272,258.8677858568448,254.26231828443602
16,761.9999756160008,0.25,0.8,768.0491444494,277.6932906131725,301.263847304574
16,761.9999756160008,0.25,0.9,864.0517317432001,296.7336695897669,350.61987877686
16,761.9999756160008,0.25,1.0,960.0816655320001,315.8940635541142,402.137856819468
16,761.9999756160008,0.3,0.0,19.525245619000003,119.0957692281593,0.0
16,761.9999756160008,0.3,0.5,480.06797903460006,220.1230750309354,108.626970954348
16,761.9999756160008,0.3,0.6,576.0798817796001,238.8910565236324,145.614664441554
16,761.9999756160008,0.3,0.7,672.0832199224001,258.3161950456319,186.822577295508
16,761.9999756160008,0.3,0.8,768.0816,277.2396711059603,230.40795564771602
16,761.9999756160008,0.3,0.9,864.1151395052001,296.1528383125283,276.50435997261
16,761.9999756160008,0.3,1.0,960.1296468346001,315.2520968208292,324.902886735042
16,761.9999756160008,0.35,0.0,23.278768491,119.6161139433911,0.0
16,761.9999756160008,0.35,0.5,480.04348740700004,219.3649338082192,47.6046502701
16,761.9999756160008,0.35,0.6,576.0589958684001,238.1413672978318,81.265143699894
16,761.9999756160008,0.35,0.7,672.083019696,257.651841701896,119.22784430818801
16,761.9999756160008,0.35,0.8,768.0753396426,276.6269443708609,159.467355647754
16,761.9999756160008,0.35,0.9,864.0913995472001,295.4884278923161,202.18643069994602
16,761.9999756160008,0.35,1.0,960.0917827093999,314.5444832506577,247.367180503212
16,761.9999756160008,0.4,0.0,27.6630857624,120.0380167076114,0.0
16,761.9999756160008,0.4,0.5,480.04028132280007,218.3671046010161,0.0
16,761.9999756160008,0.4,0.6,576.0537875202,237.2920941236505,16.636200901782
16,761.9999756160008,0.4,0.7,672.0759576124001,256.8168456001089,51.32142943851
16,761.9999756160008,0.4,0.8,768.0845549806,275.8224163471832,88.29665056165801
16,761.9999756160008,0.4,0.9,864.0892955288,294.7703632450331,127.72560013567201
16,761.9999756160008,0.4,1.0,960.1089119138001,313.7634552965617,169.80306526953
16,761.9999756160008,0.45,0.0,33.1248631428,120.4965335636397,0.0
16,761.9999756160008,0.45,0.5,480.0578118006,217.149247448426,0.0
16,761.9999756160008,0.45,0.6,576.0567425007999,236.2794877231244,-48.402039966588
16,761.9999756160008,0.45,0.7,672.0685951892001,255.8590929683389,-16.916073118098
16,761.9999756160008,0.45,0.8,768.0867591122001,274.9084095597388,16.869931732038
16,761.9999756160008,0.45,0.9,864.0899971418,293.9345676047356,53.15157883081201
16,761.9999756160008,0.45,1.0,960.1067077822,312.7981072828631,91.84891587194402
16,761.9999756160008,0.5,0.0,39.425283876,121.0914416777647,0.0
16,761.9999756160008,0.5,0.5,480.063321309,215.7667578778917,0.0
16,761.9999756160008,0.5,0.6,576.0779287516001,234.9859176888324,-113.94289900224001
16,761.9999756160008,0.5,0.7,672.069446972,254.757282117028,-85.562907996258
16,761.9999756160008,0.5,0.8,768.0926690734001,273.8170207794611,-55.010288909268
16,761.9999756160008,0.5,0.9,864.1224526924001,292.8658232147329,-21.801271571772002
16,761.9999756160008,0.5,1.0,960.1209320626001,311.8719361883335,13.881065956758002
16,761.9999756160008,0.55,0.0,46.381896578600006,121.7497987165926,0.0
16,761.9999756160008,0.55,0.5,480.0348226916001,214.1776042107412,0.0
16,761.9999756160008,0.55,0.6,576.0541379164,233.3999617078835,-180.12062659852802
16,761.9999756160008,0.55,0.7,672.0720507358001,253.4427668872358,-154.79079650496
16,761.9999756160008,0.55,0.8,768.0776931234,272.5662113185158,-127.36229176717201
16,761.9999756160008,0.55,0.9,864.0862904915999,291.6713519787717,-97.16977121313
16,761.9999756160008,0.55,1.0,960.096190152,310.6708974148598,-64.52885562400202
16,1523.999951232002,0.0,0.0,11.7088361368,109.4291371739091,0.0
16,1523.999951232002,0.0,0.5,480.04734340640005,210.3896967158668,458.1815023756741
16,1523.999951232002,0.0,0.6,576.0588957552001,229.3241801150322,518.440855913904
16,1523.999951232002,0.0,0.7,672.0564749272,248.1437882163658,581.9777157749942
16,1523.999951232002,0.0,0.8,768.0825018394,267.0815698873266,647.601379760412
16,1523.999951232002,0.0,0.9,864.0587437702,286.4860209936497,714.8388228208921
16,1523.999951232002,0.0,1.0,960.0880760592001,306.9567322597297,782.111730649788
16,1523.999951232002,0.05,0.0,11.9290761502,109.4663936099973,0.0
16,1523.999951232002,0.05,0.5,480.04253551100004,210.3470788337114,401.48684247441
16,1523.999951232002,0.05,0.6,576.0630028582001,229.281091118026,458.32018586508
16,1523.999951232002,0.05,0.7,672.0633359638,248.105010832532,518.386650794628
16,1523.999951232002,0.05,0.8,768.0560563632,267.0337407357344,580.7426630437741
16,1523.999951232002,0.05,0.9,864.0752714748,286.4228579191691,644.800441049226
16,1523.999951232002,0.05,1.0,960.096190152,306.8388300372857,709.42628165871
16,1523.999951232002,0.1,0.0,12.7633736054,109.5940975476731,0.0
16,1523.999951232002,0.1,0.5,480.04844547220006,210.2071464948744,344.82652683494405
16,1523.999951232002,0.1,0.6,576.0506323132001,229.1504533558922,398.19436344303
16,1523.999951232002,0.1,0.7,672.0472087119999,247.9853953801143,454.801932089736
16,1523.999951232002,0.1,0.8,768.0694789174,266.9022748968521,513.827793777144
16,1523.999951232002,0.1,0.9,864.077775946,286.2365387793704,574.8302976412921
16,1523.999951232002,0.1,1.0,960.0898789174,306.4812969068312,636.9421275224701
16,1523.999951232002,0.15,0.0,14.075046084000002,109.8034531276422,0.0
16,1523.999951232002,0.15,0.5,480.04709312340003,209.9905875828722,288.19885757170204
16,1523.999951232002,0.15,0.6,576.0633031978,228.9290831776286,338.09355425168405
16,1523.999951232002,0.15,0.7,672.0641376899999,247.7938790060782,391.24296546489
16,1523.999951232002,0.15,0.8,768.078945359,266.6851737583235,446.9468283985321
16,1523.999951232002,0.15,0.9,864.0792784646001,285.920067027488,504.85896033111004
16,1523.999951232002,0.15,1.0,960.0947877466001,305.9056914020684,564.49134393267
16,1523.999951232002,0.2,0.0,16.005931834200002,110.1380068944026,0.0
16,1523.999951232002,0.2,0.5,480.06497399740005,209.6725742982854,231.48706223735402
16,1523.999951232002,0.2,0.6,576.0686124798001,228.6101987750159,277.925044931226
16,1523.999951232002,0.2,0.7,672.0828695261999,247.523866102513,327.647418458052
16,1523.999951232002,0.2,0.8,768.0825018394,266.3905749286039,380.02453149414606
16,1523.999951232002,0.2,0.9,864.108728978,285.4813814399891,434.869929781056
16,1523.999951232002,0.2,1.0,960.1273434104,305.3207487471651,491.73373725121803
16,1523.999951232002,0.25,0.0,18.540049671000002,110.5117806216094,0.0
16,1523.999951232002,0.25,0.5,480.04954753800007,209.2538626705071,174.640502740242
16,1523.999951232002,0.25,0.6,576.0359066462,228.2108327978772,217.693072856028
16,1523.999951232002,0.25,0.7,672.0472087119999,247.1754418162932,263.97930274531205
16,1523.999951232002,0.25,0.8,768.0517490338001,265.9888393420122,313.03485740142
16,1523.999951232002,0.25,0.9,864.0921003396,284.9725937755602,364.7376211751579
16,1523.999951232002,0.25,1.0,960.0805634662,304.548230334301,418.79570943210007
16,1523.999951232002,0.3,0.0,21.496819999600003,110.9605392715232,0.0
16,1523.999951232002,0.3,0.5,480.05665967820005,208.7411203548036,117.62492778636602
16,1523.999951232002,0.3,0.6,576.0639046976,227.7326563705888,157.363871143248
16,1523.999951232002,0.3,0.7,672.0767092820001,246.7669669949197,200.32043977499401
16,1523.999951232002,0.3,0.8,768.0651215314001,265.5150316043727,245.98369734292203
16,1523.999951232002,0.3,0.9,864.0781763988001,284.4241155036742,294.49641791955
16,1523.999951232002,0.3,1.0,960.095488539,303.8003829944661,345.554254292478
16,1523.999951232002,0.35,0.0,25.3460683234,111.4334618559376,0.0
16,1523.999951232002,0.35,0.5,480.0413833886001,208.1204557789168,60.394342780926
16,1523.999951232002,0.35,0.6,576.0477774458001,227.1351068319877,96.81609724432802
16,1523.999951232002,0.35,0.7,672.0656402086,246.1514991854304,136.44651782269202
16,1523.999951232002,0.35,0.8,768.0838541882,264.9705505571986,178.81819178592602
16,1523.999951232002,0.35,0.9,864.1124348076,283.8250099293296,224.09801590360803
16,1523.999951232002,0.35,1.0,960.1018998868002,302.9863746616167,272.143431397068
16,1523.999951232002,0.4,0.0,29.989952042600002,111.9543993244126,0.0
16,1523.999951232002,0.4,0.5,480.04994799080015,207.3874427088815,2.8887443498760006
16,1523.999951232002,0.4,0.6,576.0851910616,226.4148002955638,36.042881328300005
16,1523.999951232002,0.4,0.7,672.105007673,245.4658726903747,72.434543583402
16,1523.999951232002,0.4,0.8,768.0945720448,264.374071904291,111.562008374586
16,1523.999951232002,0.4,0.9,864.1357751334001,283.1472356603466,153.560255158464
16,1523.999951232002,0.4,1.0,960.1281443160001,302.1666839444798,198.528147848646
16,1523.999951232002,0.45,0.0,35.3329426494,112.5679536684206,0.0
16,1523.999951232002,0.45,0.5,480.04263562420005,206.4671823045451,0.0
16,1523.999951232002,0.45,0.6,576.0569927838001,225.5968943879162,-25.068067025694003
16,1523.999951232002,0.45,0.7,672.0672428404,244.7018923569809,8.153378638482
16,1523.999951232002,0.45,0.8,768.0732356242002,263.5777385655448,44.077955997306006
16,1523.999951232002,0.45,0.9,864.090597821,282.3895940907194,82.853723608656
16,1523.999951232002,0.45,1.0,960.0996957552002,301.3561591480541,124.58935104231001
16,1523.999951232002,0.5,0.0,41.26407779120001,113.19083112737,0.0
16,1523.999951232002,0.5,0.5,480.03612498379994,205.2310213809308,0.0
16,1523.999951232002,0.5,0.6,576.0465252102001,224.6133707913453,-86.60511126313202
16,1523.999951232002,0.5,0.7,672.0662408878001,243.7895983316702,-56.500166374806
16,1523.999951232002,0.5,0.8,768.0833027450001,262.6495117821827,-23.717543396316
16,1523.999951232002,0.5,0.9,864.0831853412,281.5756142961081,12.017281793748
16,1523.999951232002,0.5,1.0,960.0956895860002,300.4501758161118,50.536321277442
16,1523.999951232002,0.55,0.0,48.487222194400005,113.8804057239409,0.0
16,1523.999951232002,0.55,0.5,480.0505995472,203.8341831584868,0.0
16,1523.999951232002,0.55,0.6,576.0463249838,223.4436281727298,-148.71917726450403
16,1523.999951232002,0.55,0.7,672.0719506226,242.7571751656537,-121.57543778503201
16,1523.999951232002,0.55,0.8,768.0944719316,261.6419594568629,-91.87362573404403
16,1523.999951232002,0.55,0.9,864.0946048108001,280.5049279023859,-59.21935214025601
16,1523.999951232002,0.55,1.0,960.1006977078001,299.4833714165836,-23.694776071890004
16,2285.999926848002,0.0,0.0,13.716997789,101.7556863214189,0.0
16,2285.999926848002,0.0,0.5,457.65073386560005,195.8880709603556,432.7544964679861
16,2285.999926848002,0.0,0.6,549.187050566,213.7682442361426,491.29860391920005
16,2285.999926848002,0.0,0.7,640.7024321192001,231.5339557846321,552.665086498602
16,2285.999926848002,0.0,0.8,732.2322882358001,249.524378824458,615.865035952782
16,2285.999926848002,0.0,0.9,823.7871874232001,268.63280325347,681.21625535964
16,2285.999926848002,0.0,1.0,915.3075779188,288.8547176908283,746.3450957936822
16,2285.999926848002,0.05,0.0,13.976404219800001,101.8214332760592,0.0
16,2285.999926848002,0.05,0.5,458.45059812420004,196.0038889557289,380.87564189875206
16,2285.999926848002,0.05,0.6,550.1369213252001,213.9194271906015,436.23437411492404
16,2285.999926848002,0.05,0.7,641.8174847348001,231.7156063493605,494.485476425094
16,2285.999926848002,0.05,0.8,733.4859771184,249.7291444264719,554.7450158989201
16,2285.999926848002,0.05,0.9,825.1971932204,268.8608410869999,617.3464386695761
16,2285.999926848002,0.05,1.0,916.8848687702001,289.0791859053797,680.1808436350622
16,2285.999926848002,0.1,0.0,14.743496996800001,101.9434403264084,0.0
16,2285.999926848002,0.1,0.5,460.8405258732,196.3554968929511,329.84408605440603
16,2285.999926848002,0.1,0.6,553.0054156088,214.3804853533521,382.246956063588
16,2285.999926848002,0.1,0.7,645.1783685600001,232.2716519327769,437.620695239574
16,2285.999926848002,0.1,0.8,737.3243262330001,250.351465155856,495.21622778258404
16,2285.999926848002,0.1,0.9,829.5113032382001,269.5612017341014,555.384384804018
16,2285.999926848002,0.1,1.0,921.6746403986,289.758502174907,616.178802271032
16,2285.999926848002,0.15,0.0,16.030224876600002,102.1495551788987,0.0
16,2285.999926848002,0.15,0.5,464.7453378436,196.9193947024403,279.41936527890005
16,2285.999926848002,0.15,0.6,557.6876032948,215.1284468461399,329.0411721135
16,2285.999926848002,0.15,0.7,650.6312219154,233.168097879071,381.744479794524
16,2285.999926848002,0.15,0.8,743.574889772,251.3558478653725,436.88206608446404
16,2285.999926848002,0.15,0.9,836.5503123868,270.6857425904019,494.887341964554
16,2285.999926848002,0.15,1.0,929.4764505862001,290.9110834877075,553.850680361286
16,2285.999926848002,0.2,0.0,17.748885413600004,102.4300196274154,0.0
16,2285.999926848002,0.2,0.5,470.185168277,197.7001082680759,229.37366442975602
16,2285.999926848002,0.2,0.6,564.2163920843999,216.1374405864103,276.45261605346
16,2285.999926848002,0.2,0.7,658.2662476148,234.4105694960537,326.687457441114
16,2285.999926848002,0.2,0.8,752.2892071596001,252.7730455476731,379.5671543931962
16,2285.999926848002,0.2,0.9,846.3395131994,272.2546794888869,435.60979198275004
16,2285.999926848002,0.2,1.0,940.3681324224,292.5322757717501,493.04946645893403
16,2285.999926848002,0.25,0.0,20.154247007400002,102.7553929704255,0.0
16,2285.999926848002,0.25,0.5,477.33276250000006,198.7511636287762,179.66474187538802
16,2285.999926848002,0.25,0.6,572.7701853412001,217.459651315885,224.35281617271602
16,2285.999926848002,0.25,0.7,668.2459736942001,236.0299484323687,272.27711419755
16,2285.999926848002,0.25,0.8,763.7197080854,254.6713895053979,323.20171303681803
16,2285.999926848002,0.25,0.9,859.1881340152001,274.3056768220993,377.42965835374804
16,2285.999926848002,0.25,1.0,954.6413837686001,294.6161968750794,433.24442697736214
16,2285.999926848002,0.3,0.0,23.365993347400003,103.1473418126644,0.0
16,2285.999926848002,0.3,0.5,480.0600151116,198.8721353492697,127.50474779196001
16,2285.999926848002,0.3,0.6,576.0702651682,217.660547881339,169.201999097208
16,2285.999926848002,0.3,0.7,672.0871768556001,236.4006737143246,214.17025876554004
16,2285.999926848002,0.3,0.8,768.1020345812001,255.1019084783634,262.274772420276
16,2285.999926848002,0.3,0.9,864.1255578428002,274.601418117028,313.94871617663404
16,2285.999926848002,0.3,1.0,960.1221342416,294.5622567977865,367.537630208364
16,2285.999926848002,0.35,0.0,27.105700597800006,103.5843852818652,0.0
16,2285.999926848002,0.35,0.5,480.0562091688,198.375641115758,73.92860459985
16,2285.999926848002,0.35,0.6,576.0664592254,217.1219489861199,112.314338047296
16,2285.999926848002,0.35,0.7,672.0894310438,235.9694553206024,154.03350039462003
16,2285.999926848002,0.35,0.8,768.0904148852001,254.6162788924975,198.805553971794
16,2285.999926848002,0.35,0.9,864.0906979342002,273.7965471666515,247.37139830541602
16,2285.999926848002,0.35,1.0,960.1093123666,293.5286345579244,298.12625751770406
16,2285.999926848002,0.4,0.0,31.4528611012,104.1135394237503,0.0
16,2285.999926848002,0.4,0.5,480.04954753800007,197.7886848776195,20.147066183706002
16,2285.999926848002,0.4,0.6,576.0702651682,216.5549816785812,55.25144737728001
16,2285.999926848002,0.4,0.7,672.0892308174,235.4047579726027,93.728157154632
16,2285.999926848002,0.4,0.8,768.078695076,254.0538660070761,135.225498335928
16,2285.999926848002,0.4,0.9,864.0936028582001,273.059008212737,180.575395708092
16,2285.999926848002,0.4,1.0,960.1125176302002,292.4606321621156,228.395369184444
16,2285.999926848002,0.45,0.0,36.43196484400001,104.7051141780822,0.0
16,2285.999926848002,0.45,0.5,480.04108304900006,197.092950232151,0.0
16,2285.999926848002,0.45,0.6,576.0408154754,215.8814764493332,-2.087171102478
16,2285.999926848002,0.45,0.7,672.0601307002,234.6806825173728,33.213641262186
16,2285.999926848002,0.45,0.8,768.0746380296001,253.4316879688833,71.55357094347
16,2285.999926848002,0.45,0.9,864.0906979342002,272.362701866824,113.650260839346
16,2285.999926848002,0.45,1.0,960.0803632398,291.3755540752064,158.34175537303202
16,2285.999926848002,0.5,0.0,42.862391594,105.4475429953733,0.0
16,2285.999926848002,0.5,0.5,480.05650950840004,196.2662208626508,0.0
16,2285.999926848002,0.5,0.6,576.0639046976,215.1143405353352,-59.732612673888
16,2285.999926848002,0.5,0.7,672.0670926706,233.9101767520639,-27.580105858074003
16,2285.999926848002,0.5,0.8,768.0912666680001,252.7087975522997,7.721381746386
16,2285.999926848002,0.5,0.9,864.0998139796001,271.6260766043727,46.60298585619601
16,2285.999926848002,0.5,1.0,960.096190152,290.4298225914905,88.05422479576801
16,2285.999926848002,0.55,0.0,51.326864182,106.4419027013517,0.0
16,2285.999926848002,0.55,0.5,480.05039932080007,195.1139389674317,0.0
16,2285.999926848002,0.55,0.6,576.0484281816001,214.2211212813209,-117.75763687149
16,2285.999926848002,0.55,0.7,672.0795140928001,233.0612320015423,-88.72229628523802
16,2285.999926848002,0.55,0.8,768.075088539,251.7555848396081,-56.542050814326004
16,2285.999926848002,0.55,0.9,864.1070262330002,270.8275734238411,-20.594813778000002
16,2285.999926848002,0.55,1.0,960.095488539,289.5549071085005,17.67672585525
16,3047.999902464003,0.0,0.0,15.2720109916,94.57775940234056,0.0
16,3047.999902464003,0.0,0.5,432.8851317230001,181.9346240591491,406.519913550366
16,3047.999902464003,0.0,0.6,519.4629893354,198.4565077225801,462.71105007157814
16,3047.999902464003,0.0,0.7,606.0595295480001,215.0921822307902,521.9350701739021
16,3047.999902464003,0.0,0.8,692.600674337,232.4386539601742,582.29159463321
16,3047.999902464003,0.0,0.9,779.199618087,250.8959747412683,645.3054519140461
16,3047.999902464003,0.0,1.0,865.7769751334001,270.7802869666153,707.374501929018
16,3047.999902464003,0.05,0.0,15.536332816400002,94.61041135743446,0.0
16,3047.999902464003,0.05,0.5,433.63385947200004,182.0483143183344,358.84243035009604
16,3047.999902464003,0.05,0.6,520.3571150954001,198.5977963294929,411.98661579444604
16,3047.999902464003,0.05,0.7,607.0920905280001,215.2597980642294,468.24834912563404
16,3047.999902464003,0.05,0.8,693.8023749272,232.6223892198131,525.9444141095762
16,3047.999902464003,0.05,0.9,780.5492203388001,251.0900609602649,586.504880559444
16,3047.999902464003,0.05,1.0,867.2560984273999,270.9852808745351,646.3896179091121
16,3047.999902464003,0.1,0.0,16.3129593242,94.70606264301915,0.0
16,3047.999902464003,0.1,0.5,435.88740350100005,182.3765078006895,311.9605655651101
16,3047.999902464003,0.1,0.6,523.0470542044001,199.0268874548671,362.29281763290004
16,3047.999902464003,0.1,0.7,610.2286920642001,215.7780370317518,415.809417396912
16,3047.999902464003,0.1,0.8,697.4081257924,233.1983371834346,471.16150975509015
16,3047.999902464003,0.1,0.9,784.5892630862,251.6885672316067,529.537815223956
16,3047.999902464003,0.1,1.0,871.7550740338002,271.6086299161753,587.4782485114621
16,3047.999902464003,0.15,0.0,17.546476217600002,94.86445547927062,0.0
16,3047.999902464003,0.15,0.5,439.61626570180005,182.9195464972331,265.680995105988
16,3047.999902464003,0.15,0.6,527.515628222,199.7399125299828,313.380130017108
16,3047.999902464003,0.15,0.7,615.4461431800001,216.6404602518371,364.414934841342
16,3047.999902464003,0.15,0.8,703.3572755660001,234.1556046651547,417.624824053668
16,3047.999902464003,0.15,0.9,791.2893439198,252.6829840140615,474.07970532476406
16,3047.999902464003,0.15,1.0,879.2106935964001,272.6464215458587,530.288128963362
16,3047.999902464003,0.2,0.0,19.4397169428,95.0911655829629,0.0
16,3047.999902464003,0.2,0.5,444.85570479460006,183.6918936806677,219.84611408991
16,3047.999902464003,0.2,0.6,533.8242410050001,200.7357997334664,265.10455072101
16,3047.999902464003,0.2,0.7,622.8108583158,217.8511075226345,313.8296293204381
16,3047.999902464003,0.2,0.8,711.7662222550001,235.4906786546312,365.15237009420406
16,3047.999902464003,0.2,0.9,800.7356603048,254.1433848463214,419.82988811009403
16,3047.999902464003,0.2,1.0,889.7166179374,274.0956288389731,474.502777308252
16,3047.999902464003,0.25,0.0,21.848030234800003,95.41122052118298,0.0
16,3047.999902464003,0.25,0.5,451.66607344760007,184.702757845142,174.29754453342002
16,3047.999902464003,0.25,0.6,542.0044470852,202.0279709262452,217.29056632806603
16,3047.999902464003,0.25,0.7,632.3343061772,219.4139625014969,263.85655589370003
16,3047.999902464003,0.25,0.8,722.6612094679999,237.209171360156,313.503958231002
16,3047.999902464003,0.25,0.9,813.0086482738001,256.1842169526445,366.544142067642
16,3047.999902464003,0.25,1.0,903.3326474612,275.9666457961535,419.84724862311003
16,3047.999902464003,0.3,0.0,24.811623852400004,95.79020551782638,0.0
16,3047.999902464003,0.3,0.5,459.92145797620003,185.90872250567,128.78170942791002
16,3047.999902464003,0.3,0.6,551.8923160212,203.5884417926154,169.73366725484402
16,3047.999902464003,0.3,0.7,643.879252082,221.3024551529529,214.23600167785202
16,3047.999902464003,0.3,0.8,735.8555203428,239.3785991071396,262.30078872459
16,3047.999902464003,0.3,0.9,827.8353442634001,258.6156196446522,313.78800910518606
16,3047.999902464003,0.3,1.0,919.8175717214,278.286885500499,365.8825978962
16,3047.999902464003,0.35,0.0,28.3300489274,96.24057727996009,0.0
16,3047.999902464003,0.35,0.5,469.6005711958,187.3472644509662,83.16364399589402
16,3047.999902464003,0.35,0.6,563.5181509298001,205.4265354475188,122.197519572744
16,3047.999902464003,0.35,0.7,657.4521582552001,223.5087042448517,164.756518755906
16,3047.999902464003,0.35,0.8,751.3820592982,241.954160604282,211.364505301026
16,3047.999902464003,0.35,0.9,845.2839122332001,261.383625242493,261.208524745014
16,3047.999902464003,0.35,1.0,939.218070549,281.0927262524721,312.482917370778
16,3047.999902464003,0.4,0.0,32.412190916600004,96.74782949360429,0.0
16,3047.999902464003,0.4,0.5,480.02786072120006,188.8674304359974,37.014977089398
16,3047.999902464003,0.4,0.6,576.0351557972,207.3378002095618,74.118131688678
16,3047.999902464003,0.4,0.7,672.05642405,225.843949448426,114.77261702722201
16,3047.999902464003,0.4,0.8,768.0593116834001,244.7150845084822,159.89072610680404
16,3047.999902464003,0.4,0.9,864.0498287718002,264.2721885224531,208.13026325553002
16,3047.999902464003,0.4,1.0,960.0774583158001,283.9798331466026,258.151640792892
16,3047.999902464003,0.45,0.0,37.890741361,97.35835738084006,0.0
16,3047.999902464003,0.45,0.5,480.04243539780003,188.3132407737458,0.0
16,3047.999902464003,0.45,0.6,576.043068843,206.7261303249569,20.315279181582
16,3047.999902464003,0.45,0.7,672.0454058538,225.3478262120113,57.84109474882199
16,3047.999902464003,0.45,0.8,768.0744878598001,244.1731452358705,99.67967667919801
16,3047.999902464003,0.45,0.9,864.0605466284001,263.1580706728658,144.74522470161602
16,3047.999902464003,0.45,1.0,960.0808638057999,282.6552953811122,191.88812838426
16,3047.999902464003,0.5,0.0,44.842322965,98.09934431534066,0.0
16,3047.999902464003,0.5,0.5,480.048595642,187.6907773531707,0.0
16,3047.999902464003,0.5,0.6,576.0522850016001,206.0917023649642,-33.766217388288005
16,3047.999902464003,0.5,0.7,672.05642405,224.6436105635489,0.661690962702
16,3047.999902464003,0.5,0.8,768.081099434,243.556392269981,39.352006488564
16,3047.999902464003,0.5,0.9,864.0782773326002,262.3077406481902,81.017565560778
16,3047.999902464003,0.5,1.0,960.0979930102,281.4386948466843,125.38270887219001
16,3047.999902464003,0.55,0.0,52.75778953500001,98.99871005089358,0.0
16,3047.999902464003,0.55,0.5,480.05575783880005,186.9235988657353,0.0
16,3047.999902464003,0.55,0.6,576.0660078954,205.3842745272612,-88.13945180132401
16,3047.999902464003,0.55,0.7,672.0698474248001,223.8149817637667,-56.852979168216
16,3047.999902464003,0.55,0.8,768.0673757196001,242.9055169279688,-21.097138362762
16,3047.999902464003,0.55,0.9,864.0903975946002,261.582137227615,17.374345645734
16,3047.999902464003,0.55,1.0,960.0935855676,280.1845730787444,58.462427901108
16,3809.999878080004,0.0,0.0,17.6955816994,87.97733648262724,0.0
16,3809.999878080004,0.0,0.5,409.73688950920007,169.0525915106595,382.55150389071
16,3809.999878080004,0.0,0.6,491.6799901156,184.6743744619432,437.17052558949
16,3809.999878080004,0.0,0.7,573.6351609274,200.6167980870906,494.02891646215807
16,3809.999878080004,0.0,0.8,655.5652394324001,217.2352827512474,552.723582815712
16,3809.999878080004,0.0,0.9,737.5452530886,234.6674042833167,613.026689935506
16,3809.999878080004,0.0,1.0,819.4789373100001,253.4760331162116,671.5774812820921
16,3809.999878080004,0.05,0.0,17.837092528200003,87.99248467304729,0.0
16,3809.999878080004,0.05,0.5,410.48120899500003,169.1668530024494,338.71432959718203
16,3809.999878080004,0.05,0.6,492.58613602440005,184.8256860723941,390.45976559020204
16,3809.999878080004,0.05,0.7,574.6874064602,200.7831006937313,444.57784254206405
16,3809.999878080004,0.05,0.8,656.775153408,217.432867009707,500.7819358384921
16,3809.999878080004,0.05,0.9,738.8862907382002,234.8842630807403,558.8451110845681
16,3809.999878080004,0.05,1.0,820.9735871766001,253.6931057165019,615.493517059806
16,3809.999878080004,0.1,0.0,18.592657516400003,88.08999889739636,0.0
16,3809.999878080004,0.1,0.5,412.8255835968,169.5236867121473,295.759473530136
16,3809.999878080004,0.1,0.6,495.3815550574,185.2867011938674,344.84496871024203
16,3809.999878080004,0.1,0.7,577.9518755296001,201.3179016640661,396.521266019802
16,3809.999878080004,0.1,0.8,660.4947994502,218.0690222348725,450.51503034661204
16,3809.999878080004,0.1,0.9,743.0907136158,235.5627082322417,506.69620463431204
16,3809.999878080004,0.1,1.0,825.6412510632001,254.3613425998367,561.6147294339121
16,3809.999878080004,0.15,0.0,19.850596286400002,88.25256065562914,0.0
16,3809.999878080004,0.15,0.5,416.6386393576,170.0994634463395,253.39534463766603
16,3809.999878080004,0.15,0.6,499.9671285818002,186.0476695735281,300.06391682883003
16,3809.999878080004,0.15,0.7,583.3018026682,202.1852928768031,349.49300631121804
16,3809.999878080004,0.15,0.8,666.6215525024,219.0994467885331,401.5546698226141
16,3809.999878080004,0.15,0.9,749.9550752870001,236.6399761986755,455.9526189907921
16,3809.999878080004,0.15,1.0,833.285692327,255.4525886889232,509.47713569676006
16,3809.999878080004,0.2,0.0,21.562188175,88.50425622081103,0.0
16,3809.999878080004,0.2,0.5,422.02991242720003,170.9189113545314,211.579065192726
16,3809.999878080004,0.2,0.6,506.43180717580003,187.1223962332396,256.027233640794
16,3809.999878080004,0.2,0.7,590.8373593386001,203.4056202244398,303.33622184804403
16,3809.999878080004,0.2,0.8,675.24396269,220.5469123134355,353.718647168502
16,3809.999878080004,0.2,0.9,759.6599323698,238.1497196448335,406.48302979977
16,3809.999878080004,0.2,1.0,844.0690401924002,256.9881737437177,458.84991148504207
16,3809.999878080004,0.25,0.0,23.802666610800003,88.80424456699629,0.0
16,3809.999878080004,0.25,0.5,428.5708715354,171.8943965247211,169.88459313533403
16,3809.999878080004,0.25,0.6,514.2709316866001,188.3910523855575,212.163592883088
16,3809.999878080004,0.25,0.7,599.9887217214001,204.8680486751338,257.553994856928
16,3809.999878080004,0.25,0.8,685.7106196798001,222.2795534353624,306.363649687326
16,3809.999878080004,0.25,0.9,771.4302125728001,239.9119862650821,357.551415897522
16,3809.999878080004,0.25,1.0,857.1414419106,258.8408017829992,408.84861499204806
16,3809.999878080004,0.3,0.0,26.5221169576,89.16292718025947,0.0
16,3809.999878080004,0.3,0.5,436.3800441462001,173.036141260274,128.223051250602
16,3809.999878080004,0.3,0.6,523.6547413284001,189.905864409961,168.50846421717003
16,3809.999878080004,0.3,0.7,610.9304896992002,206.6718622918443,211.95668570907603
16,3809.999878080004,0.3,0.8,698.2067886926001,224.3288950829175,259.413541645566
16,3809.999878080004,0.3,0.9,785.481836271,242.0808577503402,308.999453124054
16,3809.999878080004,0.3,1.0,872.7661993006001,261.0250067233058,359.5182670972201
16,3809.999878080004,0.35,0.0,29.790158098800003,89.59369597976959,0.0
16,3809.999878080004,0.35,0.5,445.6652357212,174.4038821757235,86.507455930896
16,3809.999878080004,0.35,0.6,534.7915913648,191.6848782976504,124.96579722858002
16,3809.999878080004,0.35,0.7,623.9220040548,208.8686741158487,166.76869420365003
16,3809.999878080004,0.35,0.8,713.0663899216001,226.7379682409507,212.867931599862
16,3809.999878080004,0.35,0.9,802.1955003194001,244.6788198931326,260.932610999676
16,3809.999878080004,0.35,1.0,891.3152452094,263.6089491056881,310.692377153466
16,3809.999878080004,0.4,0.0,34.8393599554,90.18255773010978,0.0
16,3809.999878080004,0.4,0.5,456.4652114044,176.0097835781548,44.577109890852
16,3809.999878080004,0.4,0.6,547.7615690734002,193.7371462842239,81.37112698961401
16,3809.999878080004,0.4,0.7,639.0462069332001,211.4345410331126,121.730586360768
16,3809.999878080004,0.4,0.8,730.3530822324,229.5447367195864,166.53351013992003
16,3809.999878080004,0.4,0.9,821.6473367036,247.8148096985394,213.15889144935002
16,3809.999878080004,0.4,1.0,912.9308224410001,266.5791219223442,262.127986053318
16,3809.999878080004,0.45,0.0,40.4826540558,90.84508369091898,0.0
16,3809.999878080004,0.45,0.5,468.479358336,177.7842290085276,2.1884913231720002
16,3809.999878080004,0.45,0.6,562.1852265524001,195.965968186882,37.354319338182
16,3809.999878080004,0.45,0.7,655.868657103,214.2453357425383,76.40898545049001
16,3809.999878080004,0.45,0.8,749.5745753760001,232.6538280658623,119.75723230825201
16,3809.999878080004,0.45,0.9,843.2815965354001,251.2876021774472,165.185227523778
16,3809.999878080004,0.45,1.0,936.978349527,270.132895161027,213.22578911957402
16,3809.999878080004,0.5,0.0,46.9780066778,91.58529962514743,0.0
16,3809.999878080004,0.5,0.5,480.0431361902,179.3724119077384,0.0
16,3809.999878080004,0.5,0.6,576.040414202,197.9792735249932,-7.949103921066001
16,3809.999878080004,0.5,0.7,672.0692968022,216.8482808488615,29.730813110922
16,3809.999878080004,0.5,0.8,768.0553555708001,235.5127658475007,71.10366062461202
16,3809.999878080004,0.5,0.9,864.0672583158,254.4685939775016,115.42083255225602
16,3809.999878080004,0.5,1.0,960.0742530522001,273.4196538825184,162.29121826071
16,3809.999878080004,0.55,0.0,54.42068291660001,92.40973049687018,0.0
16,3809.999878080004,0.55,0.5,480.03146643759993,178.7171248348,0.0
16,3809.999878080004,0.55,0.6,576.0466253234,197.2370940664066,-59.055131864652004
16,3809.999878080004,0.55,0.7,672.0652898124001,216.17483316393,-24.331977359382005
16,3809.999878080004,0.55,0.8,768.0722837282001,234.8518249285131,13.866504263766002
16,3809.999878080004,0.55,0.9,864.0897969154,253.3931388909552,54.884258826474
16,3809.999878080004,0.55,1.0,960.0815654188,272.2759241019687,98.89289020472401
16,4571.999853696005,0.0,0.0,19.608118013000002,81.75751213961716,0.0
16,4571.999853696005,0.0,0.5,386.59984110000005,156.8257178469564,359.62716174693
16,4571.999853696005,0.0,0.6,463.91276693080005,171.6983257285675,412.569616855704
16,4571.999853696005,0.0,0.7,541.2341326326,186.8720719070126,466.67010821461804
16,4571.999853696005,0.0,0.8,618.5385693564,202.4098471739091,523.486169380944
16,4571.999853696005,0.0,0.9,695.8632904916,218.9695800266715,580.2813274718461
16,4571.999853696005,0.0,1.0,773.1879615702001,236.6331658522181,635.7785963861639
16,4571.999853696005,0.05,0.0,19.8198434808,81.79079240379208,0.0
16,4571.999853696005,0.05,0.5,387.31553723720003,156.9372953408328,319.36558768098604
16,4571.999853696005,0.05,0.6,464.7671748302,171.8412564537785,369.556225327212
16,4571.999853696005,0.05,0.7,542.2316342982001,187.035704550939,421.184331066114
16,4571.999853696005,0.05,0.8,619.689933522,202.6064461613898,475.67160760904403
16,4571.999853696005,0.05,0.9,697.1588513098001,219.1602397857208,530.469073656522
16,4571.999853696005,0.05,1.0,774.6225090516,236.8315641522272,584.2433312261701
16,4571.999853696005,0.1,0.0,20.5131060552,81.89157636169827,0.0
16,4571.999853696005,0.1,0.5,389.49104877100007,157.2731127433548,279.92301587804405
16,4571.999853696005,0.1,0.6,467.3729704358,172.2725464270162,327.58496366996405
16,4571.999853696005,0.1,0.7,545.2831404350002,187.5326698993015,376.99908533687403
16,4571.999853696005,0.1,0.8,623.1692192594,203.2076504658442,429.450743867838
16,4571.999853696005,0.1,0.9,701.0685712888001,219.7445255933049,482.45867277161403
16,4571.999853696005,0.1,1.0,778.967872441,237.4329116157126,534.7911025481642
16,4571.999853696005,0.15,0.0,21.6791425488,82.05011890674045,0.0
16,4571.999853696005,0.15,0.5,393.12817855960003,157.8421502427651,241.13707563237602
16,4571.999853696005,0.15,0.6,471.73621469920005,172.9972787295655,286.471701820458
16,4571.999853696005,0.15,0.7,550.3770313470001,188.3848703481811,333.912077991492
16,4571.999853696005,0.15,0.8,629.0130392788,204.1965135200036,384.63367430426405
16,4571.999853696005,0.15,0.9,707.623304168,220.7003797304727,435.971040380568
16,4571.999853696005,0.15,1.0,786.2513489974001,238.4392643993468,487.113991219086
16,4571.999853696005,0.2,0.0,23.2741788752,82.27153914388097,0.0
16,4571.999853696005,0.2,0.5,397.98609199140003,158.5961655847773,202.70863571435402
16,4571.999853696005,0.2,0.6,477.5793331056,173.9562875116575,245.871289489056
16,4571.999853696005,0.2,0.7,557.1898043580001,189.5213181995827,291.52276461184806
16,4571.999853696005,0.2,0.8,636.8002747898,205.5127560149687,340.57300053130206
16,4571.999853696005,0.2,0.9,716.3906618572,221.9415231497777,390.47413645455606
16,4571.999853696005,0.2,1.0,795.9825506226001,239.847138498866,440.589626761746
16,4571.999853696005,0.25,0.0,25.415471389000004,82.58229295563821,0.0
16,4571.999853696005,0.25,0.5,404.45805833400004,159.5813879082827,164.701976016732
16,4571.999853696005,0.25,0.6,485.3384704520001,175.2272997060691,205.86470162781603
16,4571.999853696005,0.25,0.7,566.2192091688001,191.0377718744444,249.962352119172
16,4571.999853696005,0.25,0.8,647.1284456824001,207.2966672514742,297.53653830978004
16,4571.999853696005,0.25,0.9,728.0077811732,223.6025351651093,346.080657536922
16,4571.999853696005,0.25,1.0,808.9014410576,241.6985389260637,395.368783372332
16,4571.999853696005,0.3,0.0,28.7289261754,82.99947661807131,0.0
16,4571.999853696005,0.3,0.5,412.4017108728,160.7892796016511,126.854183606766
16,4571.999853696005,0.3,0.6,494.89377318480007,176.7882842607276,166.20320533971
16,4571.999853696005,0.3,0.7,577.3643735244001,192.8829046495509,208.85220713742004
16,4571.999853696005,0.3,0.8,659.858914869,209.4787449234328,255.17880951624602
16,4571.999853696005,0.3,0.9,742.3170437298002,225.7791161852491,302.385939268182
16,4571.999853696005,0.3,1.0,824.8189474976001,243.9849697070671,351.06015958906204
16,4571.999853696005,0.35,0.0,32.6363296006,83.48340700916266,0.0
16,4571.999853696005,0.35,0.5,421.84279265040004,162.2048351656536,89.00944934805001
16,4571.999853696005,0.35,0.6,506.205671972,178.6321173763948,126.69649554223201
16,4571.999853696005,0.35,0.7,590.5927918176001,195.0620695498503,168.017525741142
16,4571.999853696005,0.35,0.8,674.951463923,212.0205545737095,213.06552731494804
16,4571.999853696005,0.35,0.9,759.3004685398,228.4756489350449,259.218823039176
16,4571.999853696005,0.35,1.0,843.6880897720001,246.6831020017237,307.316129243046
16,4571.999853696005,0.4,0.0,37.21108433460001,84.04948963131635,0.0
16,4571.999853696005,0.4,0.5,432.33509339020003,163.738278916901,50.822241293670004
16,4571.999853696005,0.4,0.6,518.785884375,180.6530040612356,86.94702725200801
16,4571.999853696005,0.4,0.7,605.2686795804001,197.4938292037558,126.94743520120201
16,4571.999853696005,0.4,0.8,691.7246797340001,214.7761104820829,170.62389753024001
16,4571.999853696005,0.4,0.9,778.2101804576001,231.4685087154132,215.918953687668
16,4571.999853696005,0.4,1.0,864.6688844882001,249.6469926632496,263.44517338755
16,4571.999853696005,0.45,0.0,42.40794167280001,84.69044957298377,0.0
16,4571.999853696005,0.45,0.5,443.848335414,165.4209495836887,12.186987169434001
16,4571.999853696005,0.45,0.6,532.6210879528,182.7978033086274,46.82290362888602
16,4571.999853696005,0.45,0.7,621.3953930668,200.2214157673047,85.654476384246
16,4571.999853696005,0.45,0.8,710.1640385026,217.7503951442438,127.93457706645002
16,4571.999853696005,0.45,0.9,798.9435527854,234.8384610797424,172.301178504378
16,4571.999853696005,0.45,1.0,887.6983743936001,252.8624787722036,219.28732380046802
16,4571.999853696005,0.5,0.0,48.50170004020001,85.39993356735917,0.0
16,4571.999853696005,0.5,0.5,456.79973145620005,167.399475230518,0.0
16,4571.999853696005,0.5,0.6,548.159848104,185.205291892679,6.403039654242001
16,4571.999853696005,0.5,0.7,639.5211168742001,203.2706708491337,44.20010589779402
16,4571.999853696005,0.5,0.8,730.881935135,221.0771588616529,84.92454705781202
16,4571.999853696005,0.5,0.9,822.2536214222001,238.6332219623515,128.52985477008602
16,4571.999853696005,0.5,1.0,913.6058742601999,256.4717911652001,175.08266737361402
16,4571.999853696005,0.55,0.0,55.527828230599994,86.19772984169464,0.0
16,4571.999853696005,0.55,0.5,471.0468384864,169.5348372100154,0.0
16,4571.999853696005,0.55,0.6,565.2493543378001,187.8851919958269,-34.427012924304
16,4571.999853696005,0.55,0.7,659.4700013462001,206.6106697593214,2.3722690876500003
16,4571.999853696005,0.55,0.8,753.6741198294002,224.6302612178173,41.52373424984399
16,4571.999853696005,0.55,0.9,847.8815445100001,242.8228795468565,84.51928085416202
16,4571.999853696005,0.55,1.0,942.0836590880001,260.8493955047628,130.269776467908
16,5333.999829312005,0.0,0.0,21.936437575800003,75.89662725401433,0.0
16,5333.999829312005,0.0,0.5,374.9973465172,147.0596726059149,345.804631251618
16,5333.999829312005,0.0,0.6,450.0009824992002,161.4782754801778,398.11589372847607
16,5333.999829312005,0.0,0.7,525.0010882600001,176.1677193347546,452.38874738488204
16,5333.999829312005,0.0,0.8,599.9838637694,191.4922484644834,508.592688997008
16,5333.999829312005,0.0,0.9,674.9942368774,208.5559146741359,562.5500931287161
16,5333.999829312005,0.0,1.0,750.0001016090001,226.3838756056428,616.9391222813282
16,5333.999829312005,0.05,0.0,22.217154168000004,75.93113559811303,0.0
16,5333.999829312005,0.05,0.5,375.7001707228,147.1712215615531,308.4084127947901
16,5333.999829312005,0.05,0.6,450.840364392,161.6146527030754,358.15979716763405
16,5333.999829312005,0.05,0.7,525.9832635794002,176.335992483353,410.08516499412
16,5333.999829312005,0.05,0.8,601.1013699790001,191.6510693743083,464.171662252914
16,5333.999829312005,0.05,0.9,676.2461220812,208.7300409686111,516.412367064132
16,5333.999829312005,0.05,1.0,751.3986879366,226.5776193657806,569.2083685328041
16,5333.999829312005,0.1,0.0,23.042836143800002,76.04400479814933,0.0
16,5333.999829312005,0.1,0.5,377.7867300372001,147.5003713088089,271.800712949304
16,5333.999829312005,0.1,0.6,453.35104835460004,162.0134900210469,319.21992182064605
16,5333.999829312005,0.1,0.7,528.9002906088001,176.8346284882518,369.06838414677003
16,5333.999829312005,0.1,0.8,604.4425708926001,192.1239924265626,421.268696896278
16,5333.999829312005,0.1,0.9,680.0032826730001,209.2686253607911,472.04296680618006
16,5333.999829312005,0.1,1.0,755.5717072728,227.1579360190511,523.49486920962
16,5333.999829312005,0.15,0.0,24.345596085800004,76.2334865361517,0.0
16,5333.999829312005,0.15,0.5,381.279989772,148.069266117028,235.909716537726
16,5333.999829312005,0.15,0.6,457.5394440936001,162.6847252907557,281.133172811568
16,5333.999829312005,0.15,0.7,533.7945402086001,177.6780480487163,329.159696269866
16,5333.999829312005,0.15,0.8,610.0571997938001,192.9644996832078,379.667946165354
16,5333.999829312005,0.15,0.9,686.3022287880001,210.1598029611721,429.20522080636204
16,5333.999829312005,0.15,1.0,762.5712488438,228.1272106136261,479.52670328871005
16,5333.999829312005,0.2,0.0,26.2868657084,76.49005792951104,0.0
16,5333.999829312005,0.2,0.5,386.20005873020006,148.8296347258459,200.47792233176403
16,5333.999829312005,0.2,0.6,463.4308449628,163.6236033867368,243.72825452606403
16,5333.999829312005,0.2,0.7,540.6603535212,178.8585846711422,290.1594946080601
16,5333.999829312005,0.2,0.8,617.9020832754,194.2176787536061,339.075206123808
16,5333.999829312005,0.2,0.9,695.157787027,211.4141530350177,387.6047685510002
16,5333.999829312005,0.2,1.0,772.3884477078001,229.4869846822099,437.02280465151
16,5333.999829312005,0.25,0.0,28.766246242800005,76.80500171604827,0.0
16,5333.999829312005,0.25,0.5,392.52910691500006,149.8049341635671,165.35834824278
16,5333.999829312005,0.25,0.6,471.0318124798002,164.8319516919169,206.81061472117202
16,5333.999829312005,0.25,0.7,549.5376986902,180.3709835769754,251.867409091452
16,5333.999829312005,0.25,0.8,628.0485437864,195.8258646186156,299.31845698708804
16,5333.999829312005,0.25,0.9,706.5572856848,213.0237662797786,347.0209485250202
16,5333.999829312005,0.25,1.0,785.0624202256,231.235302653724,395.72044140783004
16,5333.999829312005,0.3,0.0,31.828535884200004,77.21532544098703,0.0
16,5333.999829312005,0.3,0.5,400.30419672540006,151.018023091173,130.513939263708
16,5333.999829312005,0.3,0.6,480.357022255,166.3164673354804,170.22936666073804
16,5333.999829312005,0.3,0.7,560.4194643960001,182.2254249639844,214.09143675196202
16,5333.999829312005,0.3,0.8,640.4766973682,197.8580730307539,260.10673890570604
16,5333.999829312005,0.3,0.9,720.5395900186002,214.9878291217454,307.19834882906406
16,5333.999829312005,0.3,1.0,800.6020822162001,233.371606862923,355.36359492110404
16,5333.999829312005,0.35,0.0,35.5148754136,77.68951166116304,0.0
16,5333.999829312005,0.35,0.5,409.5121304516,152.4558801187517,95.70686419509602
16,5333.999829312005,0.35,0.6,491.40146452540006,168.1365430695818,133.87059054091802
16,5333.999829312005,0.35,0.7,573.3139633165999,184.4161258622879,176.643029109162
16,5333.999829312005,0.35,0.8,655.219098864,200.2963291104963,221.35665487181402
16,5333.999829312005,0.35,0.9,737.1198269688001,217.3621225884968,267.85914743141404
16,5333.999829312005,0.35,1.0,819.0238612710001,235.8951702864919,315.712789929768
16,5333.999829312005,0.4,0.0,39.8199982202,78.2303089364057,0.0
16,5333.999829312005,0.4,0.5,420.21155965800006,154.1078969749614,60.85650038391
16,5333.999829312005,0.4,0.6,504.2500853412,170.3001883145242,97.78584434526601
16,5333.999829312005,0.4,0.7,588.2956731080001,186.9413594745532,139.43616648469202
16,5333.999829312005,0.4,0.8,672.3485732414,203.1304816661526,182.90761035393
16,5333.999829312005,0.4,0.9,756.374276229,220.1416071078654,228.95701211737202
16,5333.999829312005,0.4,1.0,840.4177107414,238.8241526007439,276.60765208923004
16,5333.999829312005,0.45,0.0,44.73460772660001,78.83486858913183,0.0
16,5333.999829312005,0.45,0.5,432.3536750566,155.9883942413136,25.757310707898
16,5333.999829312005,0.45,0.6,518.8488916842001,172.7535355082101,61.57736290351801
16,5333.999829312005,0.45,0.7,605.3157098076,189.7664888006895,101.98475451410401
16,5333.999829312005,0.45,0.8,691.7965528056,206.340128196589,144.513548949
16,5333.999829312005,0.45,0.9,778.2642719478,223.2712576816656,190.18968011043
16,5333.999829312005,0.45,1.0,864.7310908918,242.18496805044,237.444243011514
16,5333.999829312005,0.5,0.0,50.4892071904,79.50003550657716,0.0
16,5333.999829312005,0.5,0.5,445.89297437740004,158.044774541232,0.0
16,5333.999829312005,0.5,0.6,535.0836396224,175.4536523800236,25.082702114316
16,5333.999829312005,0.5,0.7,624.2642878032,192.8126173079924,64.135577373252
16,5333.999829312005,0.5,0.8,713.4400279754,209.916216934047,105.98013370791003
16,5333.999829312005,0.5,0.9,802.6112597712,227.036521721945,151.210572352686
16,5333.999829312005,0.5,1.0,891.7988699224001,245.940280198857,198.10264891632602
16,5333.999829312005,0.55,0.0,57.14807995380001,80.20502964075116,0.0
16,5333.999829312005,0.55,0.5,460.74716621120007,160.2539649430282,0.0
16,5333.999829312005,0.55,0.6,552.9043431274,178.3613189695183,-11.838392178228
16,5333.999829312005,0.55,0.7,645.0409845286001,196.1658079018416,25.846941451254
16,5333.999829312005,0.55,0.8,737.1988121806,213.8257674997732,67.128846886332
16,5333.999829312005,0.55,0.9,829.3426157786001,231.3817024123197,111.98254086927601
16,5333.999829312005,0.55,1.0,921.4921291114002,250.0253137949742,158.510898048888
16,6095.999804928007,0.0,0.0,25.278541149400002,70.56064852336026,0.0
16,6095.999804928007,0.0,0.5,350.8696074224,135.4877720945296,324.172879119936
16,6095.999804928007,0.0,0.6,421.0427281654,148.8707391456954,373.357634550054
16,6095.999804928007,0.0,0.7,491.20112324140007,162.5007046487345,425.64422141610606
16,6095.999804928007,0.0,0.8,561.37845038,177.4900442171823,477.91419151152604
16,6095.999804928007,0.0,0.9,631.5671969882001,193.7772659009345,528.6295149444541
16,6095.999804928007,0.0,1.0,701.7341066098,210.6433048108501,579.882740270526
16,6095.999804928007,0.05,0.0,25.519868121000002,70.59307264038829,0.0
16,6095.999804928007,0.05,0.5,351.5473138826,135.5956943547129,289.90771823890805
16,6095.999804928007,0.05,0.6,421.85010501700003,149.002233522816,336.764755728786
16,6095.999804928007,0.05,0.7,492.14974094440004,162.6676636348544,386.856319060596
16,6095.999804928007,0.05,0.8,562.4582926908,177.643597248934,437.259182617488
16,6095.999804928007,0.05,0.9,632.7776123504001,193.9434683898213,486.49781044002606
16,6095.999804928007,0.05,1.0,703.0900200962001,210.8212720714869,536.271869169498
16,6095.999804928007,0.1,0.0,26.2561744478,70.69541263403792,0.0
16,6095.999804928007,0.1,0.5,353.54003840760004,135.9182910674952,256.3988259294
16,6095.999804928007,0.1,0.6,424.24959932080003,149.3903629195319,301.168467236868
16,6095.999804928007,0.1,0.7,494.94230593060007,163.1484389131815,349.33240688669406
16,6095.999804928007,0.1,0.8,565.6552969518001,178.1063541386193,398.08789574215206
16,6095.999804928007,0.1,0.9,636.3811599046002,194.4352514748254,446.037446756748
16,6095.999804928007,0.1,1.0,707.0788754568001,211.347477885875,494.612362790238
16,6095.999804928007,0.15,0.0,27.4173070358,70.85078556327679,0.0
16,6095.999804928007,0.15,0.5,356.81442524860006,136.4429263431008,223.50295838686202
16,6095.999804928007,0.15,0.6,428.17364369340015,150.0208933047265,266.353847097492
16,6095.999804928007,0.15,0.7,499.52482354060015,163.9395895207294,312.83237353737604
16,6095.999804928007,0.15,0.8,570.8989933174001,178.8322714798149,360.11037410964
16,6095.999804928007,0.15,0.9,642.2473683538001,195.2236890783816,407.026191713064
16,6095.999804928007,0.15,1.0,713.6250437338,212.2098580646829,454.598176034772
16,6095.999804928007,0.2,0.0,29.091090600000005,71.07925895581965,0.0
16,6095.999804928007,0.2,0.5,361.37392913160005,137.1729981032387,191.06893529262004
16,6095.999804928007,0.2,0.6,433.66110585380005,150.9009489454776,232.17822399202203
16,6095.999804928007,0.2,0.7,505.92409128800006,165.0371458353443,277.181674418418
16,6095.999804928007,0.2,0.8,578.2135221984,179.8366682245305,323.1023402468401
16,6095.999804928007,0.2,0.9,650.4914327054001,196.3291551633857,369.137072670366
16,6095.999804928007,0.2,1.0,722.76183144,213.4683630253107,415.937688492942
16,6095.999804928007,0.25,0.0,31.265825846200002,71.37916870488978,0.0
16,6095.999804928007,0.25,0.5,367.28318543620003,138.1151744710152,159.01641779007602
16,6095.999804928007,0.25,0.6,440.74834658800006,152.0589698336206,198.57288493165203
16,6095.999804928007,0.25,0.7,514.2195440734001,166.4279732498412,242.26674691804203
16,6095.999804928007,0.25,0.8,587.6614912718001,181.136691643382,286.89678973725006
16,6095.999804928007,0.25,0.9,661.120566854,197.7776344975052,332.28426077893215
16,6095.999804928007,0.25,1.0,734.5813460018001,215.1227069175361,378.565749310518
16,6095.999804928007,0.3,0.0,34.1163325778,71.75776118379753,0.0
16,6095.999804928007,0.3,0.5,374.521909751,139.2562338210106,127.17293104177202
16,6095.999804928007,0.3,0.6,449.41733649340006,153.4914298592942,165.36424435839
16,6095.999804928007,0.3,0.7,524.3163197162,168.1829869470199,207.804944465118
16,6095.999804928007,0.3,0.8,599.2100437136,182.709012896217,251.246800109382
16,6095.999804928007,0.3,0.9,674.1268569332001,199.6107166506396,296.216292824298
16,6095.999804928007,0.3,1.0,749.0300465516,217.1262325288941,341.97783692688006
16,6095.999804928007,0.35,0.0,37.5662687356,72.20142224938766,0.0
16,6095.999804928007,0.35,0.5,383.0658869906,140.5855402793251,95.39608263246599
16,6095.999804928007,0.35,0.6,459.6823999636,155.1670473706795,132.358146365676
16,6095.999804928007,0.35,0.7,536.3039210584001,170.2005042483897,173.647963849668
16,6095.999804928007,0.35,0.8,612.8994488275999,184.816034533793,215.94561098048402
16,6095.999804928007,0.35,0.9,689.5080979908,201.7746477458043,260.665470478644
16,6095.999804928007,0.35,1.0,766.1351794712001,219.4850493815659,306.07633026108607
16,6095.999804928007,0.4,0.0,41.6661980504,72.72492254522363,0.0
16,6095.999804928007,0.4,0.5,393.01255684020003,142.1225817199492,63.59884981018801
16,6095.999804928007,0.4,0.6,471.6145065896,157.1347364402613,99.481131713964
16,6095.999804928007,0.4,0.7,550.2266243936,172.5130479852128,139.45483343992203
16,6095.999804928007,0.4,0.8,628.81425057,187.3634409536424,180.93261223930202
16,6095.999804928007,0.4,0.9,707.4262674402,204.309961438084,225.516817041054
16,6095.999804928007,0.4,1.0,786.0257135390001,222.2086382525628,270.66214122024
16,6095.999804928007,0.45,0.0,46.30070477340001,73.28002543109862,0.0
16,6095.999804928007,0.45,0.5,404.3328946778001,143.8623330737549,31.624576942266003
16,6095.999804928007,0.45,0.6,485.2059944292,159.3807341517736,66.479285774748
16,6095.999804928007,0.45,0.7,566.0941456258,175.1091832129185,105.327700380672
16,6095.999804928007,0.45,0.8,646.9431796410001,190.3836843431915,146.22144079389
16,6095.999804928007,0.45,0.9,727.8154029916,207.1935707605915,190.567060867722
16,6095.999804928007,0.45,1.0,808.6808153622002,225.3054651739998,235.63260889014003
16,6095.999804928007,0.5,0.0,51.80826671020001,73.89318023977138,0.0
16,6095.999804928007,0.5,0.5,417.073581155,145.7870187610451,0.0
16,6095.999804928007,0.5,0.6,500.49708272960004,161.9457444540506,33.412205799588
16,6095.999804928007,0.5,0.7,583.8879531452001,178.0110527973329,70.99009801283401
16,6095.999804928007,0.5,0.8,667.3147847146,193.7833337853579,111.519747170832
16,6095.999804928007,0.5,0.9,750.7504319898,210.4619255933049,155.624247920988
16,6095.999804928007,0.5,1.0,834.1453594518,228.7610247675769,200.67243543039004
16,6095.999804928007,0.55,0.0,58.0848276778,74.59738185303456,0.0
16,6095.999804928007,0.55,0.5,430.94827774900006,147.8420568280867,0.0
16,6095.999804928007,0.55,0.6,517.1235982374,164.7142497049805,-0.099822949842
16,6095.999804928007,0.55,0.7,603.3309738236001,181.1365204139527,36.238534505712
16,6095.999804928007,0.55,0.8,689.5194173472,197.5104337800055,76.60769677915201
16,6095.999804928007,0.55,0.9,775.7025015322,213.8446134973238,119.75174720817002
16,6095.999804928007,0.55,1.0,861.8962543378,232.5858677603193,165.437361084996
16,6857.999780544007,0.0,0.0,26.430207295800002,65.6820306161662,0.0
16,6857.999780544007,0.0,0.5,326.4869341668,125.0255206253289,301.914993761766
16,6857.999780544007,0.0,0.6,391.80156541680003,137.098813186882,348.33907043027403
16,6857.999780544007,0.0,0.7,457.08792371440006,149.7581333242312,398.36899611201
16,6857.999780544007,0.0,0.8,522.391485891,164.0661154373582,447.15296736495003
16,6857.999780544007,0.0,0.9,587.6955986902,179.4585042870362,494.92814504179205
16,6857.999780544007,0.0,1.0,652.990295925,195.3822105706251,542.9534012022121
16,6857.999780544007,0.05,0.0,26.652784378000003,65.7125843089903,0.0
16,6857.999780544007,0.05,0.5,327.11430420240004,125.1273895041277,270.691612012206
16,6857.999780544007,0.05,0.6,392.5583063248,137.231734943754,314.983790281314
16,6857.999780544007,0.05,0.7,457.96937694860003,149.9114005057607,362.99501319727807
16,6857.999780544007,0.05,0.8,523.3927442634,164.2107874629411,410.10084719373003
16,6857.999780544007,0.05,0.9,588.8247254164,179.6180250854577,456.493843259454
16,6857.999780544007,0.05,1.0,654.2471908918001,195.553181752336,503.21613615873605
16,6857.999780544007,0.1,0.0,27.304583675600004,65.80938460954368,0.0
16,6857.999780544007,0.1,0.5,328.93771515000003,125.4159915610995,240.18093608124002
16,6857.999780544007,0.1,0.6,394.7333919672,137.6077716129003,282.57614557649407
16,6857.999780544007,0.1,0.7,460.51702401760014,150.3517852880341,328.796652125634
16,6857.999780544007,0.1,0.8,526.2984010592,164.6155789802231,374.41111627873806
16,6857.999780544007,0.1,0.9,592.109830114,180.0684179003901,419.64286136572804
16,6857.999780544007,0.1,1.0,657.8868505902001,196.0424806070943,465.2959218341281
16,6857.999780544007,0.15,0.0,28.411850438400002,65.97270286500952,0.0
16,6857.999780544007,0.15,0.5,331.9531846378,125.8932117234873,210.24860792859002
16,6857.999780544007,0.15,0.6,398.352191193,138.2324053431008,250.96637008627803
16,6857.999780544007,0.15,0.7,464.73807471300006,151.0753610901751,295.5934624011601
16,6857.999780544007,0.15,0.8,531.1450197526,165.2756202429466,339.886971577692
16,6857.999780544007,0.15,0.9,597.5361879366001,180.8198203561644,384.183499761138
16,6857.999780544007,0.15,1.0,663.9241500364001,196.8524482061145,428.94696115656
16,6857.999780544007,0.2,0.0,29.990719303600002,66.20525254721946,0.0
16,6857.999780544007,0.2,0.5,336.19073924040003,126.563818684115,180.77871628231802
16,6857.999780544007,0.2,0.6,403.45126583520005,139.1117040187789,220.00534835571602
16,6857.999780544007,0.2,0.7,470.67470377180007,152.0939492925701,263.232198841458
16,6857.999780544007,0.2,0.8,537.9076573860001,166.2032477233058,306.34787451991804
16,6857.999780544007,0.2,0.9,605.1484247534,181.8669205977502,349.88150895297605
16,6857.999780544007,0.2,1.0,672.40091193,198.0017602531979,393.97730987445607
16,6857.999780544007,0.25,0.0,32.032894005200006,66.48905737312893,0.0
16,6857.999780544007,0.25,0.5,341.66237448860005,127.4446167869001,151.67039597463602
16,6857.999780544007,0.25,0.6,409.985964586,140.249094567722,189.534560503134
16,6857.999780544007,0.25,0.7,478.313736461,153.3896040217727,231.465317558706
16,6857.999780544007,0.25,0.8,546.6673022558,167.4142949972784,273.582802883082
16,6857.999780544007,0.25,0.9,614.9761412476001,183.2195133227796,316.543887792594
16,6857.999780544007,0.25,1.0,683.3191894122,199.4690996200671,360.10358256734406
16,6857.999780544007,0.3,0.0,34.451101271400006,66.82740204717409,0.0
16,6857.999780544007,0.3,0.5,348.434703408,128.5048521035108,122.76332648441401
16,6857.999780544007,0.3,0.6,418.11696092540006,141.6609097511567,159.522045178188
16,6857.999780544007,0.3,0.7,487.7976166316,154.9748746171641,200.06823281814602
16,6857.999780544007,0.3,0.8,557.4941731040001,168.9255659409417,241.38463419932404
16,6857.999780544007,0.3,0.9,627.1772577862001,184.9060389909281,284.061912886752
16,6857.999780544007,0.3,1.0,696.8713606646,201.2679452441259,327.152227928526
16,6857.999780544007,0.35,0.0,37.5457840978,67.24290101787173,0.0
16,6857.999780544007,0.35,0.5,356.43946028460005,129.7797333344824,93.958917908394
16,6857.999780544007,0.35,0.6,427.7361974248001,143.3132835692643,129.707947599384
16,6857.999780544007,0.35,0.7,499.0129004366001,156.8548006509117,169.004515922088
16,6857.999780544007,0.35,0.8,570.3069829358,170.7164587533339,209.63541190515002
16,6857.999780544007,0.35,0.9,641.590196588,186.8809094040642,252.09874722417004
16,6857.999780544007,0.35,1.0,712.8909907746001,203.4233242246212,294.877453779216
16,6857.999780544007,0.4,0.0,41.169995180600004,67.70976320330219,0.0
16,6857.999780544007,0.4,0.5,365.65741189560003,131.2312821666516,65.120571193062
16,6857.999780544007,0.4,0.6,438.7764825356,145.2092148762587,100.002441301686
16,6857.999780544007,0.4,0.7,511.92112225100004,158.9911053279507,138.064181973102
16,6857.999780544007,0.4,0.8,585.0654616268,172.9321596161662,178.16638966110602
16,6857.999780544007,0.4,0.9,658.1834564602,189.1656980667695,220.48654478512202
16,6857.999780544007,0.4,1.0,731.3108168014,205.9791400679489,263.085001458972
16,6857.999780544007,0.45,0.0,45.6316917496,68.29113670706704,0.0
16,6857.999780544007,0.45,0.5,376.16573977400003,132.8704638332577,36.13822225167001
16,6857.999780544007,0.45,0.6,451.38118738680004,147.3383948183798,70.24911530452201
16,6857.999780544007,0.45,0.7,526.6314694696,161.4460515986574,107.18543674377001
16,6857.999780544007,0.45,0.8,601.8566584250001,175.5099339963712,146.76613422933002
16,6857.999780544007,0.45,0.9,677.1097961958001,191.7988113657807,189.012746932086
16,6857.999780544007,0.45,1.0,752.3255187096001,208.8795532665336,231.625315139064
16,6857.999780544007,0.5,0.0,50.811419062800006,68.97240854767306,0.0
16,6857.999780544007,0.5,0.5,387.9201938854,134.6915674117754,6.8962582878420005
16,6857.999780544007,0.5,0.6,465.509791571,149.7030652847682,40.3379935959
16,6857.999780544007,0.5,0.7,543.1030212322,164.1888003878255,76.211614815336
16,6857.999780544007,0.5,0.8,620.6910417246,178.6840728765309,115.50322159345201
16,6857.999780544007,0.5,0.9,698.2844215556,194.6535806932777,157.16448457479
16,6857.999780544007,0.5,1.0,775.8579666640001,212.1168411859748,200.33724248122203
16,6857.999780544007,0.55,0.0,56.52564910960001,69.68085721219269,0.0
16,6857.999780544007,0.55,0.5,400.88391041600005,136.8085259703348,0.0
16,6857.999780544007,0.55,0.6,481.07534759460003,152.2561971301824,10.017309592752001
16,6857.999780544007,0.55,0.7,561.2451726310001,167.2096290451783,45.016642067628005
16,6857.999780544007,0.55,0.8,641.4155491106001,182.1795518513109,84.063768002214
16,6857.999780544007,0.55,0.9,721.6085134258,197.8213943770299,125.07547476501001
16,6857.999780544007,0.55,1.0,801.7782892262001,215.6751117702985,169.047300681336
16,7619.999756160008,0.0,0.0,26.896477960000002,61.01095540905381,0.0
16,7619.999756160008,0.0,0.5,302.93800774380003,115.1065436440171,280.59340177638006
16,7619.999756160008,0.0,0.6,363.5354412294,126.1745898634673,324.78473444986804
16,7619.999756160008,0.0,0.7,424.1161213454,138.0080227432641,372.74667953985
16,7619.999756160008,0.0,0.8,484.70794520940007,151.6043650554296,417.913464601248
16,7619.999756160008,0.0,0.9,545.2892506226001,165.9111761651093,462.690293787414
16,7619.999756160008,0.0,1.0,605.8867341648,180.7847407794611,507.61443289603204
16,7619.999756160008,0.05,0.0,27.1034275358,61.04316478753515,0.0
16,7619.999756160008,0.05,0.5,303.48396441220007,115.1952704301914,252.18219805548003
16,7619.999756160008,0.05,0.6,364.18257049240003,126.2879807050712,294.40361648497804
16,7619.999756160008,0.05,0.7,424.88974117480006,138.1307366998095,340.51774830103807
16,7619.999756160008,0.05,0.8,485.5771280118,151.7199257388188,384.1529622860161
16,7619.999756160008,0.05,0.9,546.2639642262001,166.0437269248843,427.663340090448
16,7619.999756160008,0.05,1.0,606.9723362670001,180.9388220025402,471.45265064713203
16,7619.999756160008,0.1,0.0,27.7240112094,61.14066497668512,0.0
16,7619.999756160008,0.1,0.5,305.1730964788,115.4708585826907,224.464083947796
16,7619.999756160008,0.1,0.6,366.20477014880004,126.6362332940216,264.968533939494
16,7619.999756160008,0.1,0.7,427.2317869138001,138.5015190582419,309.230326417782
16,7619.999756160008,0.1,0.8,488.2728769688002,152.0833700273066,351.75802481127
16,7619.999756160008,0.1,0.9,549.2946345084,166.4711338263631,394.203833253846
16,7619.999756160008,0.1,1.0,610.3408336190001,181.4031213606096,437.0152644737881
16,7619.999756160008,0.15,0.0,28.7642521848,61.30092823714053,0.0
16,7619.999756160008,0.15,0.5,307.99208068200005,115.9351649583598,197.31391990417802
16,7619.999756160008,0.15,0.6,369.59387769040006,127.2304279521909,236.33178055456204
16,7619.999756160008,0.15,0.7,431.1927943928,139.1225550990656,278.95330792144205
16,7619.999756160008,0.15,0.8,492.7971959856,152.70312091173,320.51597610648
16,7619.999756160008,0.15,0.9,554.3842673270001,167.1882277057063,362.099292928758
16,7619.999756160008,0.15,1.0,615.9902715516,182.1786381598476,404.04225812412005
16,7619.999756160008,0.2,0.0,30.254907370600005,61.53040795346095,0.0
16,7619.999756160008,0.2,0.5,311.9563943584,116.5814858782546,170.609825141448
16,7619.999756160008,0.2,0.6,374.3490405138,128.0593561695546,208.33252203964201
16,7619.999756160008,0.2,0.7,436.7389064764,139.9866625430464,249.46252787887204
16,7619.999756160008,0.2,0.8,499.12499193480005,153.5932701998548,290.23755330708605
16,7619.999756160008,0.2,0.9,561.515383902,168.1951797923433,331.1226721803
16,7619.999756160008,0.2,1.0,623.9127378396,183.2568202855847,372.37523404250413
16,7619.999756160008,0.25,0.0,32.160662245800005,61.81638308899574,0.0
16,7619.999756160008,0.25,0.5,317.0512109072,117.4084795773383,144.22615612713003
16,7619.999756160008,0.25,0.6,380.47028323700005,129.1340832971061,180.83271589383
16,7619.999756160008,0.25,0.7,443.88364583200007,141.08568974653,220.63794039764403
16,7619.999756160008,0.25,0.8,507.2902721216,154.7339300145151,260.72185789465203
16,7619.999756160008,0.25,0.9,570.6906872898,169.483467445523,301.06065394944
16,7619.999756160008,0.25,1.0,634.1148432366001,184.6449917725665,341.78927866036804
16,7619.999756160008,0.3,0.0,34.5651113324,62.16084523850132,0.0
16,7619.999756160008,0.3,0.5,323.35028257400006,118.4217783810215,118.07930055952801
16,7619.999756160008,0.3,0.6,388.0164075942,130.4725266700536,153.713759672088
16,7619.999756160008,0.3,0.7,452.682106723,142.5903646144425,192.27394474596002
16,7619.999756160008,0.3,0.8,517.3569965718001,156.1229010400073,231.72920909985
16,7619.999756160008,0.3,0.9,582.0373458724,171.0830581545859,271.835355686664
16,7619.999756160008,0.3,1.0,646.6990125728,186.3505201646557,312.0914299734
16,7619.999756160008,0.35,0.0,37.4507249732,62.57067632795066,0.0
16,7619.999756160008,0.35,0.5,330.7977388078,119.6128156715958,92.03631448750201
16,7619.999756160008,0.35,0.6,396.95137611580003,132.055170344008,126.85550962114802
16,7619.999756160008,0.35,0.7,463.11355340800003,144.3703492700717,164.27733825980403
16,7619.999756160008,0.35,0.8,529.2634093912001,157.7448502891228,203.12621770471802
16,7619.999756160008,0.35,0.9,595.4305956258,172.9553743033657,243.14992142687402
16,7619.999756160008,0.35,1.0,661.5864116268,188.3601562338746,283.11212450413205
16,7619.999756160008,0.4,0.0,40.80985845860002,63.03838764292842,0.0
16,7619.999756160008,0.4,0.5,339.39540708480007,120.9797214926971,65.973022291176
16,7619.999756160008,0.4,0.6,407.286859375,133.8869392703438,100.110029509182
16,7619.999756160008,0.4,0.7,475.169271115,146.4239024130455,136.49432284303202
16,7619.999756160008,0.4,0.8,543.0460740540001,159.6653099779552,174.757441551
16,7619.999756160008,0.4,0.9,610.9242285212,175.0563856008346,214.662356892522
16,7619.999756160008,0.4,1.0,678.8090446192001,190.6708014760954,254.693488252434
16,7619.999756160008,0.45,0.0,44.692607777400006,63.56657101687382,0.0
16,7619.999756160008,0.45,0.5,349.1645483304,122.5815821612991,39.983145297018005
16,7619.999756160008,0.45,0.6,419.00627879,135.9598951404336,73.384263463434
16,7619.999756160008,0.45,0.7,488.8343347711999,148.736389541232,108.77051323446001
16,7619.999756160008,0.45,0.8,558.6629676342001,161.8805682641749,146.585903920302
16,7619.999756160008,0.45,0.9,628.5058740136001,177.3634326858387,186.16824057493204
16,7619.999756160008,0.45,1.0,698.3384638098,193.3155649260637,226.65641630893802
16,7619.999756160008,0.5,0.0,49.120915773600004,64.15843817118753,0.0
16,7619.999756160008,0.5,0.5,359.78834857900006,124.3517870901751,13.798300151328002
16,7619.999756160008,0.5,0.6,431.73126308620004,138.1316073499955,46.157327590836
16,7619.999756160008,0.5,0.7,503.68161551180003,151.2110529275152,80.76386133307803
16,7619.999756160008,0.5,0.8,575.6436877466001,164.4937216386646,118.17406410394202
16,7619.999756160008,0.5,0.9,647.6120703954001,179.8390528048625,157.371147096702
16,7619.999756160008,0.5,1.0,719.5658791882,196.3172907417219,198.828923140386
16,7619.999756160008,0.55,0.0,54.3177074638,64.86811491563095,0.0
16,7619.999756160008,0.55,0.5,371.48300064480003,126.3157498143881,0.0
16,7619.999756160008,0.55,0.6,445.76570670280006,140.4615126281412,18.562405601586
16,7619.999756160008,0.55,0.7,520.0795914578001,153.9375541023315,52.47559039938601
16,7619.999756160008,0.55,0.8,594.3673318968,167.4306853028214,89.698355410356
16,7619.999756160008,0.55,0.9,668.6684440128,182.6025465540234,128.392252642962
16,7619.999756160008,0.55,1.0,742.9623947526001,199.6472240749342,171.12465634156203
18,0.0,0.0,0.0,7.72451295,126.9090022428559,0.0
18,0.0,0.0,0.5,480.06151763020006,235.2988914012519,483.82603335851405
18,0.0,0.0,0.6,576.0569427272001,254.01480324086,538.162124689728
18,0.0,0.0,0.7,672.0626351714001,273.1130048986664,597.97093181364
18,0.0,0.0,0.8,768.0919174038,292.1568103352082,660.532598618046
18,0.0,0.0,0.9,864.1167429576002,311.270460068856,724.406373779088
18,0.0,0.0,1.0,960.1134194696001,330.5668887972421,789.8307245916781
18,0.0,0.05,0.0,8.052194121400001,126.9455377375488,0.0
18,0.0,0.05,0.5,480.06231935640005,235.2447375210923,419.715170740404
18,0.0,0.05,0.6,576.0452729746,253.9469285500318,470.69289333666603
18,0.0,0.05,0.7,672.0692968022,273.0347937515196,526.9453298880541
18,0.0,0.05,0.8,768.0836030846,292.1076104125011,586.0014354680641
18,0.0,0.05,0.9,864.0980103008001,311.2108095368774,646.509448507692
18,0.0,0.05,1.0,960.1006977078001,330.4935029515559,708.636882299808
18,0.0,0.1,0.0,9.0259591114,127.0563587341921,0.0
18,0.0,0.1,0.5,480.068679827,235.0670701458768,355.65615968836806
18,0.0,0.1,0.6,576.0603482172,253.764092946657,403.289106420354
18,0.0,0.1,0.7,672.0681446798,272.8730315317972,455.978190028284
18,0.0,0.1,0.8,768.0717331056001,291.9765731150322,511.48632149584205
18,0.0,0.1,0.9,864.0806808700002,311.0511030059875,568.673749870842
18,0.0,0.1,1.0,960.1119169510001,330.3119810428196,627.6121533255422
18,0.0,0.15,0.0,10.6528092792,127.2396083759412,0.0
18,0.0,0.15,0.5,480.05410515040006,234.7717148189241,291.57639235216806
18,0.0,0.15,0.6,576.0463249838,253.4531038113944,335.845671184716
18,0.0,0.15,0.7,672.0426510996,272.5934236982673,385.000711170768
18,0.0,0.15,0.8,768.0633687298,291.7371134364511,436.9229425573321
18,0.0,0.15,0.9,864.086490718,310.7560475644561,490.77410406809406
18,0.0,0.15,1.0,960.0870749272001,330.0018485225438,546.48644175048
18,0.0,0.2,0.0,12.927779174200001,127.5001409703348,0.0
18,0.0,0.2,0.5,480.044238256,234.3501049225256,227.407033416948
18,0.0,0.2,0.6,576.0591468588,253.0254115275334,268.34073530418004
18,0.0,0.2,0.7,672.0632859072,272.2009681853398,313.96014142970404
18,0.0,0.2,0.8,768.0729352846,291.4247535300735,362.40003396920406
18,0.0,0.2,0.9,864.0706638058,310.3689029708791,412.876772674212
18,0.0,0.2,1.0,960.1025005660001,329.5813806235145,465.35315085336003
18,0.0,0.25,0.0,15.626769501200002,127.7847883760319,0.0
18,0.0,0.25,0.5,480.055357386,233.7850075713508,163.09876101934802
18,0.0,0.25,0.6,576.0596974814,252.4608854089631,200.687143914642
18,0.0,0.25,0.7,672.0630356242001,271.6881262197224,242.862381813744
18,0.0,0.25,0.8,768.0799473116,290.9112547171369,287.85636420387004
18,0.0,0.25,0.9,864.0800801908,309.8768770769301,334.89268764567004
18,0.0,0.25,1.0,960.0943872938,329.0368429677039,384.11615193105
18,0.0,0.3,0.0,18.905853456600003,128.0865830523451,0.0
18,0.0,0.3,0.5,480.0493473116,233.002623349179,98.55190878687002
18,0.0,0.3,0.6,576.0627525752,251.7695479913817,132.835609404036
18,0.0,0.3,0.7,672.0663910576001,271.0168624117754,171.558106467132
18,0.0,0.3,0.8,768.0899643758,290.278054837068,213.15426263161802
18,0.0,0.3,0.9,864.1031193564,309.3194041137621,256.79186442109204
18,0.0,0.3,1.0,960.1214334492001,328.4120665463123,302.775454769634
18,0.0,0.35,0.0,22.7363289142,128.4679881851583,0.0
18,0.0,0.35,0.5,480.03872874760003,232.0338343724939,33.723770248938
18,0.0,0.35,0.6,576.0515333320001,250.9181330458133,64.66896298863001
18,0.0,0.35,0.7,672.0420495998001,270.2081654661163,100.02689183256001
18,0.0,0.35,0.8,768.0591615136001,289.524439498231,138.260652288528
18,0.0,0.35,0.9,864.0740701164001,308.6742111560374,178.610888275512
18,0.0,0.35,1.0,960.0783593346001,327.6202735944843,221.20598832255
18,0.0,0.4,0.0,27.350220524000004,128.9493056900118,0.0
18,0.0,0.4,0.5,480.05135039620006,230.8973294446158,0.0
18,0.0,0.4,0.6,576.0706163850001,249.8944762651729,-3.8178351648360005
18,0.0,0.4,0.7,672.0871768556001,269.2507267549669,28.191657819402003
18,0.0,0.4,0.8,768.0734358506,288.6204267082464,63.131446866180006
18,0.0,0.4,0.9,864.0880933498,307.7545215164656,100.179951079362
18,0.0,0.4,1.0,960.110714772,326.7956144168556,139.543828087818
18,0.0,0.45,0.0,32.991253871400005,129.5249111947746,0.0
18,0.0,0.45,0.5,480.0403822566,229.5745474825365,0.0
18,0.0,0.45,0.6,576.0552399822001,248.5986358035018,-72.743421752694
18,0.0,0.45,0.7,672.0515660980001,268.1548265938492,-44.062425481998005
18,0.0,0.45,0.8,768.0796469720001,287.5222991610269,-12.415076322264001
18,0.0,0.45,0.9,864.1069261198,306.7416297335571,21.522412215150002
18,0.0,0.45,1.0,960.0945875202,325.861418931144,57.704388048384004
18,0.0,0.5,0.0,39.7543707352,130.1435771583054,0.0
18,0.0,0.5,0.5,480.04103299240006,228.0393905013154,0.0
18,0.0,0.5,0.6,576.0663591122001,247.0727018194684,-142.28190588843
18,0.0,0.5,0.7,672.0708493774001,266.8539320569718,-116.74611787099802
18,0.0,0.5,0.8,768.0801975946001,286.2622947732922,-88.409988093504
18,0.0,0.5,0.9,864.0990122534001,305.5232298866007,-57.63592460472001
18,0.0,0.5,1.0,960.1096127062002,324.6541555468566,-24.556895820996
18,0.0,0.55,0.0,47.2962969028,130.8332439193505,0.0
18,0.0,0.55,0.5,480.06066666800007,226.226325349179,0.0
18,0.0,0.55,0.6,576.0856916276,245.2957440884514,-212.56450917240002
18,0.0,0.55,0.7,672.0980457026,265.158469241858,-190.082018507304
18,0.0,0.55,0.8,768.1061917408001,284.8388439419396,-164.93813379582
18,0.0,0.55,0.9,864.1299652854001,304.1002927435363,-137.342272342506
18,0.0,0.55,1.0,960.1290461553999,323.341096702894,-107.19477266790601
18,761.9999756160008,0.0,0.0,10.6406389606,118.2654417014424,0.0
18,761.9999756160008,0.0,0.5,480.0602662152,222.731346027488,469.478591996568
18,761.9999756160008,0.0,0.6,576.0497805304001,241.5501400872721,526.7105568398521
18,761.9999756160008,0.0,0.7,672.0534190128001,260.7333492034837,588.5700672242161
18,761.9999756160008,0.0,0.8,768.0833027450001,279.6165344176722,652.6387420342021
18,761.9999756160008,0.0,0.9,864.0820832754001,298.8384353030028,718.1435099920621
18,761.9999756160008,0.0,1.0,960.092784662,318.1866618694548,785.0947688120461
18,761.9999756160008,0.05,0.0,10.8901218756,118.3001067719314,0.0
18,761.9999756160008,0.05,0.5,480.0609670076,222.6785484154042,409.27777391978407
18,761.9999756160008,0.05,0.6,576.0719687338,241.5036531685567,463.10451915096604
18,761.9999756160008,0.05,0.7,672.0722017262001,260.7006256688742,521.47037308212
18,761.9999756160008,0.05,0.8,768.0872096216001,279.5733598059512,582.1036724621581
18,761.9999756160008,0.05,0.9,864.0957068766,298.7886931537694,644.359039730406
18,761.9999756160008,0.05,1.0,960.127143184,318.1285533380205,708.1608382436282
18,761.9999756160008,0.1,0.0,11.721889421,118.4448078035925,0.0
18,761.9999756160008,0.1,0.5,480.0693814399999,222.5200124201216,349.12574436478207
18,761.9999756160008,0.1,0.6,576.0705663284,241.3562250977048,399.521327075178
18,761.9999756160008,0.1,0.7,672.0851737710001,260.5859786769482,454.369303995222
18,761.9999756160008,0.1,0.8,768.0944719316,279.4236192021228,511.57770884127603
18,761.9999756160008,0.1,0.9,864.0882943968002,298.6242464682936,570.5578450511941
18,761.9999756160008,0.1,1.0,960.1213333360001,317.9469168084913,631.2624458392561
18,761.9999756160008,0.15,0.0,13.200992200000002,118.6456828484079,0.0
18,761.9999756160008,0.15,0.5,480.04899691540004,222.2417613225075,288.92869393033806
18,761.9999756160008,0.15,0.6,576.0644052636001,241.1126540414588,335.93410802582406
18,761.9999756160008,0.15,0.7,672.0864260066002,260.3666216140796,387.270691215408
18,761.9999756160008,0.15,0.8,768.10338693,279.1804757516103,441.03188925595805
18,761.9999756160008,0.15,0.9,864.1009152248,298.353947714506,496.77912411388803
18,761.9999756160008,0.15,1.0,960.1207318362,317.6179953671415,554.36920580811
18,761.9999756160008,0.2,0.0,15.218399552400001,118.939339448426,0.0
18,761.9999756160008,0.2,0.5,480.06888087400006,221.86783788651,228.69369795518404
18,761.9999756160008,0.2,0.6,576.0527855676,240.7432705245396,272.30474031268204
18,761.9999756160008,0.2,0.7,672.0992979382,260.0083745598295,320.198476397184
18,761.9999756160008,0.2,0.8,768.0803477644,278.8486420064411,370.474380193302
18,761.9999756160008,0.2,0.9,864.1145388260002,297.9879340488978,422.966137203456
18,761.9999756160008,0.2,1.0,960.1128187904,317.1744269338656,477.42541576006204
18,761.9999756160008,0.25,0.0,17.883760870800003,119.3221649433911,0.0
18,761.9999756160008,0.25,0.5,480.0572103008001,221.3665744923342,168.306317973024
18,761.9999756160008,0.25,0.6,576.0654572728,240.2286007081557,208.560762876774
18,761.9999756160008,0.25,0.7,672.0799145456,259.5392779706977,252.994521316152
18,761.9999756160008,0.25,0.8,768.0681273892001,278.4169805682664,299.81227257181206
18,761.9999756160008,0.25,0.9,864.0749711352,297.5110137719315,349.028646839334
18,761.9999756160008,0.25,1.0,960.1053053768001,316.6377985806042,400.390766815116
18,761.9999756160008,0.3,0.0,21.249545319200003,119.7945448334392,0.0
18,761.9999756160008,0.3,0.5,480.04559060480005,220.7355729922889,107.699822677062
18,761.9999756160008,0.3,0.6,576.0553901520001,239.5998265942121,144.61262815645802
18,761.9999756160008,0.3,0.7,672.0497632398001,258.9820333134355,185.65773971698803
18,761.9999756160008,0.3,0.8,768.0635188996001,277.9565647497959,229.092637455528
18,761.9999756160008,0.3,0.9,864.0953056032,296.929183188515,275.05535897994
18,761.9999756160008,0.3,1.0,960.0931851148,316.0052270096163,323.198689136862
18,761.9999756160008,0.35,0.0,24.909013481000002,120.3389257628595,0.0
18,761.9999756160008,0.35,0.5,480.05660962160005,219.9813298122108,46.862434515204
18,761.9999756160008,0.35,0.6,576.0581949628,238.8569762531071,80.439795161418
18,761.9999756160008,0.35,0.7,672.083019696,258.3111124321873,118.204376499132
18,761.9999756160008,0.35,0.8,768.0648712484,277.3174827177719,158.26936770968402
18,761.9999756160008,0.35,0.9,864.0726677110001,296.2695985376032,200.89600830545402
18,761.9999756160008,0.35,1.0,960.0912813228001,315.2904746693278,245.86830473343602
18,761.9999756160008,0.4,0.0,29.563571565000004,120.7223295080287,0.0
18,761.9999756160008,0.4,0.5,480.0655746766,218.962626989023,0.0
18,761.9999756160008,0.4,0.6,576.0503812096,237.9957530425474,15.957374505996002
18,761.9999756160008,0.4,0.7,672.0818175170001,257.4650084059693,50.427725103294
18,761.9999756160008,0.4,0.8,768.0640703428002,276.5045593058152,87.207224546442
18,761.9999756160008,0.4,0.9,864.0857899256002,295.5606427345551,126.60309226349402
18,761.9999756160008,0.4,1.0,960.1071090556001,314.457277412229,168.34573631937602
18,761.9999756160008,0.45,0.0,35.03625554,121.174221750068,0.0
18,761.9999756160008,0.45,0.5,480.055357386,217.7676560999728,0.0
18,761.9999756160008,0.45,0.6,576.0802321758,236.9767217956999,-48.931090346754004
18,761.9999756160008,0.45,0.7,672.0738043580001,256.5020875460401,-17.678144837430004
18,761.9999756160008,0.45,0.8,768.1158584088001,275.6093699776831,15.981228085746002
18,761.9999756160008,0.45,0.9,864.1184457026001,294.7089424066044,52.165298140956004
18,761.9999756160008,0.45,1.0,960.1273434104,313.5553488493151,90.62266572328201
18,761.9999756160008,0.5,0.0,41.34485273159999,121.7738559835798,0.0
18,761.9999756160008,0.5,0.5,480.03176677720006,216.3643649608092,0.0
18,761.9999756160008,0.5,0.6,576.0505822566001,235.6552680312982,-114.32132197747801
18,761.9999756160008,0.5,0.7,672.0631357374001,255.3828010004536,-86.207013366012
18,761.9999756160008,0.5,0.8,768.0729352846,274.4950804308265,-55.79065571263801
18,761.9999756160008,0.5,0.9,864.0812823698,293.6278334740089,-22.663694689482003
18,761.9999756160008,0.5,1.0,960.0820659848,312.6304629111857,12.785552997294
18,761.9999756160008,0.55,0.0,48.343812497200005,122.445519326862,0.0
18,761.9999756160008,0.55,0.5,480.05024833040005,214.7258682119205,0.0
18,761.9999756160008,0.55,0.6,576.0558406614,234.0774786648826,-180.333077589126
18,761.9999756160008,0.55,0.7,672.0812668944001,254.1092049258823,-155.249631732426
18,761.9999756160008,0.55,0.8,768.0924187904001,273.2398447359158,-128.00811948771002
18,761.9999756160008,0.55,0.9,864.0918,292.4243390085276,-97.89958799959801
18,761.9999756160008,0.55,1.0,960.1033022922,311.4126623672322,-65.46272694099602
18,1523.999951232002,0.0,0.0,13.1950691092,110.0554055369682,0.0
18,1523.999951232002,0.0,0.5,473.55241257280005,209.7354945638211,452.44325097972
18,1523.999951232002,0.0,0.6,568.2591895859999,228.4383854813572,511.47288520251004
18,1523.999951232002,0.0,0.7,662.9792882196001,247.0307267494331,573.85640613378
18,1523.999951232002,0.0,0.8,757.6558630498001,265.7192259737821,638.2722275945401
18,1523.999951232002,0.0,0.9,852.3751107212001,284.7798212512021,704.1393253125001
18,1523.999951232002,0.0,1.0,947.0953094680001,304.6979423998912,770.741172003264
18,1523.999951232002,0.05,0.0,13.507792383800002,110.0915840697632,0.0
18,1523.999951232002,0.05,0.5,474.38368119340004,209.8609350917173,396.61754151419404
18,1523.999951232002,0.05,0.6,569.2536862144001,228.5962211202032,452.3772487361821
18,1523.999951232002,0.05,0.7,664.1458786182001,247.2177598130273,511.463104011552
18,1523.999951232002,0.05,0.8,759.0231459492,265.9456076538148,572.7588772410121
18,1523.999951232002,0.05,0.9,853.8860880660002,285.0261909261544,635.6549541078662
18,1523.999951232002,0.05,1.0,948.7678629528,304.9465109227071,699.60988526352
18,1523.999951232002,0.1,0.0,14.272554656800002,110.23248717654,0.0
18,1523.999951232002,0.1,0.5,476.953415532,210.2304472646285,341.69132485257006
18,1523.999951232002,0.1,0.6,572.3368962322,229.0847489746893,394.42237118869207
18,1523.999951232002,0.1,0.7,667.7124130094,247.7903954696544,450.451606736208
18,1523.999951232002,0.1,0.8,763.1217385066001,266.6224392252563,508.854045942396
18,1523.999951232002,0.1,0.9,858.4962533312001,285.7904571097705,569.1234400028101
18,1523.999951232002,0.1,1.0,953.8951104342001,305.719771797605,630.763404485676
18,1523.999951232002,0.15,0.0,15.595450481600002,110.4397730324776,0.0
18,1523.999951232002,0.15,0.5,480.06036632840005,210.6120376620702,286.84003045005
18,1523.999951232002,0.15,0.6,576.0552399822001,229.6088845972058,336.58455967105203
18,1523.999951232002,0.15,0.7,672.0642378032001,248.4357886628867,389.627248745196
18,1523.999951232002,0.15,0.8,768.0730854544001,267.3860485615531,445.18365007208405
18,1523.999951232002,0.15,0.9,864.0888950760002,286.6179719825819,502.912747982568
18,1523.999951232002,0.15,1.0,960.1054054900001,306.554368364057,562.3064343162421
18,1523.999951232002,0.2,0.0,17.553384849,110.7610415475823,0.0
18,1523.999951232002,0.2,0.5,480.0545056032,210.2930105682664,230.265254970828
18,1523.999951232002,0.2,0.6,576.0517335584,229.2884441588497,276.590780880414
18,1523.999951232002,0.2,0.7,672.0534190128001,248.1633481377121,326.15765353248
18,1523.999951232002,0.2,0.8,768.0658231444,267.0791712717954,378.393318510438
18,1523.999951232002,0.2,0.9,864.0940041316001,286.1902230900844,433.03615953767405
18,1523.999951232002,0.2,1.0,960.0994955288,305.9667697816384,489.6555595599361
18,1523.999951232002,0.25,0.0,20.069263209600003,111.1378992758777,0.0
18,1523.999951232002,0.25,0.5,480.04448853900004,209.8787392096525,173.579779309398
18,1523.999951232002,0.25,0.6,576.0457735406001,228.8950459483807,216.52371410670003
18,1523.999951232002,0.25,0.7,672.076458999,247.825260775651,262.65031828681805
18,1523.999951232002,0.25,0.8,768.0725348318001,266.6880865299827,311.573423189028
18,1523.999951232002,0.25,0.9,864.0929020658,285.710789576794,363.0877803805561
18,1523.999951232002,0.25,1.0,960.0988948496001,305.1901109850313,416.85498218364006
18,1523.999951232002,0.3,0.0,23.022674822400003,111.5850443457317,0.0
18,1523.999951232002,0.3,0.5,480.05926426260004,209.3636268166561,116.730254628834
18,1523.999951232002,0.3,0.6,576.0639046976,228.4131431757235,156.345296376192
18,1523.999951232002,0.3,0.7,672.0656902652,247.386946185249,199.05152719313404
18,1523.999951232002,0.3,0.8,768.080648104,266.2121940974326,244.65829459117202
18,1523.999951232002,0.3,0.9,864.1088290911999,285.1518316895582,292.96521382128003
18,1523.999951232002,0.3,1.0,960.1157237144001,304.4697618751701,343.75086983991605
18,1523.999951232002,0.35,0.0,27.017165243200004,112.0313182975597,0.0
18,1523.999951232002,0.35,0.5,480.05836242320004,208.7411919343191,59.664858721314
18,1523.999951232002,0.35,0.6,576.0512830490001,227.7977039044725,95.94180360672601
18,1523.999951232002,0.35,0.7,672.0679444534001,246.7950935339744,135.39221895599403
18,1523.999951232002,0.35,0.8,768.0737870674001,265.6731100521636,177.62807675243403
18,1523.999951232002,0.35,0.9,864.0930021790001,284.5543822687109,222.674884423992
18,1523.999951232002,0.35,1.0,960.1104144324001,303.6673466168012,270.448794802956
18,1523.999951232002,0.4,0.0,31.659315855200003,112.5434608424204,0.0
18,1523.999951232002,0.4,0.5,480.0618688470001,207.9787816718679,2.273341564494
18,1523.999951232002,0.4,0.6,576.0779287516001,227.0791110658623,35.315452346328
18,1523.999951232002,0.4,0.7,672.0799145456,246.089364423206,71.47782665331
18,1523.999951232002,0.4,0.8,768.0791455854,265.072233703529,110.50109900814601
18,1523.999951232002,0.4,0.9,864.1057239408,283.8674991554931,152.298995294292
18,1523.999951232002,0.4,1.0,960.1119169510001,302.857136208836,196.89678318063602
18,1523.999951232002,0.45,0.0,36.99885665960001,113.1670026341287,0.0
18,1523.999951232002,0.45,0.5,480.0520520091999,207.0304948462306,0.0
18,1523.999951232002,0.45,0.6,576.061450283,226.2579209216184,-25.661739811554003
18,1523.999951232002,0.45,0.7,672.0726522356001,245.3195300082555,7.323919944726001
18,1523.999951232002,0.45,0.8,768.0900144324,264.2633650606006,43.15102790690999
18,1523.999951232002,0.45,0.9,864.1235539376001,283.1143979727842,81.75230964054
18,1523.999951232002,0.45,1.0,960.1148218750001,302.0501234870725,123.20347518448202
18,1523.999951232002,0.5,0.0,42.988341385,113.7976396868366,0.0
18,1523.999951232002,0.5,0.5,480.05896392300014,205.8068551915994,0.0
18,1523.999951232002,0.5,0.6,576.0712671208,225.2805227537876,-87.04434496434601
18,1523.999951232002,0.5,0.7,672.0857744502,244.4008972191781,-57.21135535038
18,1523.999951232002,0.5,0.8,768.083553028,263.3346526593486,-24.515383252668
18,1523.999951232002,0.5,0.9,864.0944045844001,282.3061576389368,11.056753183938
18,1523.999951232002,0.5,1.0,960.1111152248001,301.1468531591219,49.28125600444201
18,1523.999951232002,0.55,0.0,50.726461524200005,114.5227289512837,0.0
18,1523.999951232002,0.55,0.5,480.0466926706,204.3587613576159,0.0
18,1523.999951232002,0.55,0.6,576.0448725218,224.0878363273156,-149.00636457861
18,1523.999951232002,0.55,0.7,672.0739044712001,243.355253363422,-122.15660395554002
18,1523.999951232002,0.55,0.8,768.0658231444,262.3139081825274,-92.55469314306599
18,1523.999951232002,0.55,0.9,864.0843875201999,281.2119702399528,-60.061239160692004
18,1523.999951232002,0.55,1.0,960.0837687298001,300.1816763748526,-24.816868035498004
18,2285.999926848002,0.0,0.0,15.1433844034,102.3710254749161,0.0
18,2285.999926848002,0.0,0.5,449.0867224976,194.8057054095981,425.78152506766804
18,2285.999926848002,0.0,0.6,538.883322065,212.3815146319514,482.66294748903005
18,2285.999926848002,0.0,0.7,628.7127768152001,229.7984879736007,542.4847113881581
18,2285.999926848002,0.0,0.8,718.5324155482,247.4421994893405,604.2706793512622
18,2285.999926848002,0.0,0.9,808.3412354908,266.0103122609998,667.813998027792
18,2285.999926848002,0.0,1.0,898.1588210826002,285.5590503606096,731.9473001365141
18,2285.999926848002,0.05,0.0,15.387224872800001,102.4145214926971,0.0
18,2285.999926848002,0.05,0.5,449.85052630980005,194.9181825597387,374.31599554225807
18,2285.999926848002,0.05,0.6,539.8304881266,212.5270006990837,428.11433177158807
18,2285.999926848002,0.05,0.7,629.7924188996001,229.975512536696,484.840052703468
18,2285.999926848002,0.05,0.8,719.7553524458,247.6393126329493,543.68512627506
18,2285.999926848002,0.05,0.9,809.7331601876001,266.2313540156038,604.5225144369181
18,2285.999926848002,0.05,1.0,899.7008515726002,285.7913427308355,666.304186309146
18,2285.999926848002,0.1,0.0,16.153392013,102.5341584657534,0.0
18,2285.999926848002,0.1,0.5,452.11864583600004,195.2464331185703,323.65256281974007
18,2285.999926848002,0.1,0.6,542.5313961958,212.9473970185975,374.540091972816
18,2285.999926848002,0.1,0.7,632.9620766656001,230.4927662332396,428.400026707884
18,2285.999926848002,0.1,0.8,723.386246495,248.220543445523,484.57437030895204
18,2285.999926848002,0.1,0.9,813.8335055466001,266.8678381322689,543.050087712132
18,2285.999926848002,0.1,1.0,904.2338853614001,286.4721149183526,602.689448791584
18,2285.999926848002,0.15,0.0,17.464977508,102.7385100293931,0.0
18,2285.999926848002,0.15,0.5,456.0321725783999,195.8175978863286,273.65443701796204
18,2285.999926848002,0.15,0.6,547.2292606242,213.6823946657897,321.865340084904
18,2285.999926848002,0.15,0.7,638.4457821192001,231.3924388718135,373.094154024438
18,2285.999926848002,0.15,0.8,729.6535888422001,249.2376897651275,426.80383322577006
18,2285.999926848002,0.15,0.9,820.8880412678001,268.0026583684115,483.08908251681004
18,2285.999926848002,0.15,1.0,912.0727587686001,287.6361180762043,540.966571712028
18,2285.999926848002,0.2,0.0,19.180812719200002,103.0157903590674,0.0
18,2285.999926848002,0.2,0.5,461.39572249760005,196.587917919169,224.027272302372
18,2285.999926848002,0.2,0.6,553.6808178242001,214.6765831423388,269.713708210254
18,2285.999926848002,0.2,0.7,645.9425219478001,232.6086398709063,318.475988608008
18,2285.999926848002,0.2,0.8,738.2057294106002,250.6230490660437,369.92356066927806
18,2285.999926848002,0.2,0.9,830.5028949425999,269.5449255815114,424.27275556696804
18,2285.999926848002,0.2,1.0,922.7774217618002,289.2332671284587,480.51470143630803
18,2285.999926848002,0.25,0.0,21.719533301400002,103.3043924160392,0.0
18,2285.999926848002,0.25,0.5,468.44174367320005,197.5983395070308,174.66230124235202
18,2285.999926848002,0.25,0.6,562.142954164,215.9833167898939,218.034387000738
18,2285.999926848002,0.25,0.7,655.8277370634001,234.2288899252472,264.534227531574
18,2285.999926848002,0.25,0.8,749.5028032382,252.474391948925,313.81275811162203
18,2285.999926848002,0.25,0.9,843.2329136198,271.6229359946476,366.472131168528
18,2285.999926848002,0.25,1.0,936.9023201164001,291.2884623897306,421.040754534708
18,2285.999926848002,0.3,0.0,24.9056030674,103.7005317008981,0.0
18,2285.999926848002,0.3,0.5,476.61684069780006,198.7534480913545,125.14599328631401
18,2285.999926848002,0.3,0.6,571.9447774458,217.457909547673,166.283911174458
18,2285.999926848002,0.3,0.7,667.2432128032001,236.0851016187064,210.59496190656
18,2285.999926848002,0.3,0.8,762.5770086352002,254.6658783505397,257.962451323962
18,2285.999926848002,0.3,0.9,857.9019395254,273.9616502316067,308.873834056788
18,2285.999926848002,0.3,1.0,953.2226631994,293.6726642392271,361.85418088281006
18,2285.999926848002,0.35,0.0,28.661479420200003,104.1543299229792,0.0
18,2285.999926848002,0.35,0.5,480.0411831622,198.9351416973601,73.121247776808
18,2285.999926848002,0.35,0.6,576.060949717,217.7352609890229,111.38382825015601
18,2285.999926848002,0.35,0.7,672.0701477644,236.5830527058877,152.88467774256603
18,2285.999926848002,0.35,0.8,768.0925189036002,255.2740076222444,197.520171410562
18,2285.999926848002,0.35,0.9,864.0965077822,274.4614998133902,245.85135523594803
18,2285.999926848002,0.35,1.0,960.1092122534001,294.1457009765944,296.43598551705605
18,2285.999926848002,0.4,0.0,33.017811769800005,104.6794363134355,0.0
18,2285.999926848002,0.4,0.5,480.0506996604,198.3377774233875,19.488770992152002
18,2285.999926848002,0.4,0.6,576.0549896992001,217.1540872529257,54.440469703158
18,2285.999926848002,0.4,0.7,672.0627352846001,236.0138290061689,92.730074447472
18,2285.999926848002,0.4,0.8,768.0647210786,254.7186188861472,134.071073150784
18,2285.999926848002,0.4,0.9,864.0804806436,273.7378383965345,179.19855240579602
18,2285.999926848002,0.4,1.0,960.0883763988,293.0753575095709,226.79988030037802
18,2285.999926848002,0.45,0.0,38.0075775684,105.2642217741087,0.0
18,2285.999926848002,0.45,0.5,480.04649244420006,197.6603605841423,0.0
18,2285.999926848002,0.45,0.6,576.0612500566001,216.4825956069128,-2.7603264625860002
18,2285.999926848002,0.45,0.7,672.0814170642001,235.2894541333575,32.35618947514801
18,2285.999926848002,0.45,0.8,768.0862577256,254.0948988474099,70.52413362317401
18,2285.999926848002,0.45,0.9,864.1300653986,273.0823370528894,112.47549527860801
18,2285.999926848002,0.45,1.0,960.1202312702,292.0234881073211,156.962000710746
18,2285.999926848002,0.5,0.0,44.8839126142,106.0396099173546,0.0
18,2285.999926848002,0.5,0.5,480.0400810964,196.7937829451148,0.0
18,2285.999926848002,0.5,0.6,576.0375593346,215.7029384239318,-60.305123053098
18,2285.999926848002,0.5,0.7,672.0594299078,234.5139087958813,-28.329225695232
18,2285.999926848002,0.5,0.8,768.0718332188001,253.3519914298286,6.806475860184
18,2285.999926848002,0.5,0.9,864.0827848884,272.3113321023314,45.508515114678005
18,2285.999926848002,0.5,1.0,960.0805634662,291.1113087028032,86.688659955282
18,2285.999926848002,0.55,0.0,53.3504129048,107.030086551574,0.0
18,2285.999926848002,0.55,0.5,480.0516507358,195.5960134373583,0.0
18,2285.999926848002,0.55,0.6,576.0516835018001,214.8135882064774,-118.18720681475402
18,2285.999926848002,0.55,0.7,672.0712498302,233.6575819984578,-89.356478565816
18,2285.999926848002,0.55,0.8,768.0721335584001,252.3912979560011,-57.308379480198
18,2285.999926848002,0.55,0.9,864.0950052635999,271.5175405381476,-21.531518166312004
18,2285.999926848002,0.55,1.0,960.095488539,290.2319674536877,16.493035385904
18,3047.999902464003,0.0,0.0,16.714899872000004,95.1139306759503,0.0
18,3047.999902464003,0.0,0.5,424.6996664174,180.8254316287762,399.81109302241805
18,3047.999902464003,0.0,0.6,509.6348223318,197.1268873436451,454.44583117210203
18,3047.999902464003,0.0,0.7,594.5898113275999,213.4266302963803,512.058381715188
18,3047.999902464003,0.0,0.8,679.5124949426,230.2298064850767,570.8979310423621
18,3047.999902464003,0.0,0.9,764.451056347,248.0716589888415,632.726341251774
18,3047.999902464003,0.0,1.0,849.4023386926001,267.5050932492063,693.7531097112001
18,3047.999902464003,0.05,0.0,16.9737885042,95.1464970163295,0.0
18,3047.999902464003,0.05,0.5,425.4446374596001,180.9311550410959,352.52808686818804
18,3047.999902464003,0.05,0.6,510.510215435,197.2670054149506,404.191207215642
18,3047.999902464003,0.05,0.7,595.6211208926001,213.5974442838611,458.87417608032
18,3047.999902464003,0.05,0.8,680.6896530280001,230.4185813168829,515.0675927591041
18,3047.999902464003,0.05,0.9,765.7766174806001,248.2934717437177,574.3478339140081
18,3047.999902464003,0.05,1.0,850.8778562702,267.7079739239772,633.242332102842
18,3047.999902464003,0.1,0.0,17.7509533256,95.23766499147239,0.0
18,3047.999902464003,0.1,0.5,427.65075162920004,181.2522382915722,306.054340930338
18,3047.999902464003,0.1,0.6,513.1721072566,197.6988521177538,354.94381106184
18,3047.999902464003,0.1,0.7,598.7157003234,214.1130848681847,406.93868944297805
18,3047.999902464003,0.1,0.8,684.2425646386,230.9846639390366,460.77402196287005
18,3047.999902464003,0.1,0.9,769.7688282746001,248.958767784995,517.718574412116
18,3047.999902464003,0.1,1.0,855.3112199830001,268.3234702717047,574.758624362076
18,3047.999902464003,0.15,0.0,18.998622286600003,95.3989065053071,0.0
18,3047.999902464003,0.15,0.5,431.34710822280016,181.8002884898848,260.16277402269003
18,3047.999902464003,0.15,0.6,517.63021288,198.40542334047,306.501452429172
18,3047.999902464003,0.15,0.7,603.8935336918001,214.9711389307811,356.01434993493604
18,3047.999902464003,0.15,0.8,690.16476837,231.9273254568629,407.742650494872
18,3047.999902464003,0.15,0.9,776.4374555102002,250.0732856377574,462.5894286196262
18,3047.999902464003,0.15,1.0,862.7002256994,269.3425300567904,517.9498391492041
18,3047.999902464003,0.2,0.0,20.881923084000004,95.61876322126464,0.0
18,3047.999902464003,0.2,0.5,436.54377354060017,182.5757767508845,214.69720513764602
18,3047.999902464003,0.2,0.6,523.8487221418001,199.3876617806405,258.63528374329803
18,3047.999902464003,0.2,0.7,611.1555236578,216.17370520176,305.862088417116
18,3047.999902464003,0.2,0.8,698.4798047744001,233.2604293722218,355.70054447235003
18,3047.999902464003,0.2,0.9,785.7857545076,251.6229770033566,408.69877047384006
18,3047.999902464003,0.2,1.0,873.0901516656002,270.7769175831443,462.53522350035007
18,3047.999902464003,0.25,0.0,23.323043964000004,95.93020896833893,0.0
18,3047.999902464003,0.25,0.5,443.06930701000005,183.5379836870181,169.38889372944
18,3047.999902464003,0.25,0.6,531.6730208724,200.5933691291845,211.09921434987
18,3047.999902464003,0.25,0.7,620.3011763058001,217.6767669574526,256.182362644362
18,3047.999902464003,0.25,0.8,708.9248241834001,234.9996665698993,304.26301782630605
18,3047.999902464003,0.25,0.9,797.5312427434,253.5580992647193,355.595569149282
18,3047.999902464003,0.25,1.0,886.1475281978,272.6685513121655,407.96122268101215
18,3047.999902464003,0.3,0.0,26.252750084,96.32218634881612,0.0
18,3047.999902464003,0.3,0.5,451.1068189562001,184.7156791173002,124.171524399846
18,3047.999902464003,0.3,0.6,541.312966854,202.0635216177992,163.78223580503402
18,3047.999902464003,0.3,0.7,631.5484651520001,219.5125476115395,206.90315682451802
18,3047.999902464003,0.3,0.8,721.7825101674001,237.1135986716865,253.28805490573203
18,3047.999902464003,0.3,0.9,812.0056871564001,255.9306509632586,303.2523942525
18,3047.999902464003,0.3,1.0,902.214139299,274.9963293219632,354.294435885852
18,3047.999902464003,0.35,0.0,29.790721851,96.76780392116484,0.0
18,3047.999902464003,0.35,0.5,460.63237083600006,186.1087619882972,78.83288102428202
18,3047.999902464003,0.35,0.6,552.7450712322001,203.8290434685657,116.52440924493601
18,3047.999902464003,0.35,0.7,644.8912791882001,221.6845026300463,157.79059822911
18,3047.999902464003,0.35,0.8,737.0003730474001,239.6890315128368,202.66378119834002
18,3047.999902464003,0.35,0.9,829.1178821596002,258.7120489481085,251.26348538260203
18,3047.999902464003,0.35,1.0,921.2596326164,277.7287556900118,300.773354095368
18,3047.999902464003,0.4,0.0,33.8738444572,97.2710729452962,0.0
18,3047.999902464003,0.4,0.5,471.1230180668,187.6507578542139,33.08007100167001
18,3047.999902464003,0.4,0.6,565.3377551140001,205.7625381146694,68.894486412906
18,3047.999902464003,0.4,0.7,659.568869696,224.0543272893949,108.317128855782
18,3047.999902464003,0.4,0.8,753.7880141858001,242.5148887979679,151.780391558796
18,3047.999902464003,0.4,0.9,848.0257903986001,261.616174456863,198.69520119556802
18,3047.999902464003,0.4,1.0,942.2381230878,280.6949308141159,247.05106063176004
18,3047.999902464003,0.45,0.0,39.7427256006,97.90291655728932,0.0
18,3047.999902464003,0.45,0.5,477.11138513500003,188.2473511279144,0.0
18,3047.999902464003,0.45,0.6,572.5247168014,206.5714067575977,18.231166230354
18,3047.999902464003,0.45,0.7,667.9548264554,225.1367924900662,55.29012198124801
18,3047.999902464003,0.45,0.8,763.3818317796001,243.8902821718225,96.47735683971001
18,3047.999902464003,0.45,0.9,858.8079853209999,262.7911713861925,141.03509028424202
18,3047.999902464003,0.45,1.0,954.2153569696002,282.0529060380114,187.437309734136
18,3047.999902464003,0.5,0.0,46.734861256600006,98.63832824285585,0.0
18,3047.999902464003,0.5,0.5,480.04368763340005,188.1830315530255,0.0
18,3047.999902464003,0.5,0.6,576.0637044712,206.6217772159122,-34.420627504494
18,3047.999902464003,0.5,0.7,672.0771097348,225.216617217273,-0.12345144966
18,3047.999902464003,0.5,0.8,768.0955739974,244.2058402322417,38.416794478062
18,3047.999902464003,0.5,0.9,864.0878931234001,263.0094720664066,79.92593278362001
18,3047.999902464003,0.5,1.0,960.1093123666,281.9995657315613,123.98391538348201
18,3047.999902464003,0.55,0.0,54.734912812800005,99.5296344992289,0.0
18,3047.999902464003,0.55,0.5,480.0550570464,187.4055161414316,0.0
18,3047.999902464003,0.55,0.6,576.0656574992,205.908067223079,-88.682506067694
18,3047.999902464003,0.55,0.7,672.0664919914001,224.3915154630319,-57.52463725747201
18,3047.999902464003,0.55,0.8,768.0899643758,243.5414583502677,-21.856822277598003
18,3047.999902464003,0.55,0.9,864.0951053768001,262.2852679551846,16.429274155602002
18,3047.999902464003,0.55,1.0,960.1026006792,280.7853918830627,57.201089748264
18,3809.999878080004,0.0,0.0,18.8623632978,88.4340329733285,0.0
18,3809.999878080004,0.0,0.5,402.60266778380003,168.1177681837068,376.565635211304
18,3809.999878080004,0.0,0.6,483.1007533352,183.5437947272975,429.74745304167607
18,3809.999878080004,0.0,0.7,563.6280883530001,199.1460893367504,485.37877662766806
18,3809.999878080004,0.0,0.8,644.1487116834,215.4055414433457,542.466753924018
18,3809.999878080004,0.0,0.9,724.6792027288001,232.3402976238774,601.761850354434
18,3809.999878080004,0.0,1.0,805.1819460058,250.5999480639572,659.5144348665182
18,3809.999878080004,0.05,0.0,19.1187113524,88.46522901043274,0.0
18,3809.999878080004,0.05,0.5,403.3501679152,168.2308591398893,333.092214553098
18,3809.999878080004,0.05,0.6,484.0014397922,183.6883811381657,383.44079959508406
18,3809.999878080004,0.05,0.7,564.6743229908001,199.3165323271342,436.35641147544607
18,3809.999878080004,0.05,0.8,645.339243087,215.6104782747891,490.982523192084
18,3809.999878080004,0.05,0.9,726.0334627062,232.5579840302096,547.995093818172
18,3809.999878080004,0.05,1.0,806.6796009096001,250.8145649722399,603.806280735042
18,3809.999878080004,0.1,0.0,19.873314597400004,88.56700525691735,0.0
18,3809.999878080004,0.1,0.5,405.5872597348,168.5644776945478,290.41017493580404
18,3809.999878080004,0.1,0.6,486.69548600420006,184.1164303839246,338.15779989314404
18,3809.999878080004,0.1,0.7,567.8240467416001,199.8273466743174,388.63491536238604
18,3809.999878080004,0.1,0.8,648.9352780482,216.212511123832,441.065445737994
18,3809.999878080004,0.1,0.9,730.0686475016001,233.2074745659076,496.11649858016403
18,3809.999878080004,0.1,1.0,811.173016951,251.4564175525719,550.173133603632
18,3809.999878080004,0.15,0.0,21.127559026200004,88.72572604898849,0.0
18,3809.999878080004,0.15,0.5,409.1320326346,169.088570275787,248.27562757397402
18,3809.999878080004,0.15,0.6,490.93151264960005,184.7870083384741,293.55747251800204
18,3809.999878080004,0.15,0.7,572.7743925574,200.6194254763676,341.78849577364804
18,3809.999878080004,0.15,0.8,654.5766527652,217.1632821797152,392.230816821228
18,3809.999878080004,0.15,0.9,736.4058089586,234.2034193137077,445.556509658568
18,3809.999878080004,0.15,1.0,818.2404746604001,252.4570308754423,498.0027222337861
18,3809.999878080004,0.2,0.0,22.8509618106,88.97255280359249,0.0
18,3809.999878080004,0.2,0.5,414.00176516820005,169.7976402317881,206.49921663525004
18,3809.999878080004,0.2,0.6,496.79446577860017,185.7415773192416,249.57842447168403
18,3809.999878080004,0.2,0.7,579.5903207754001,201.726561750068,295.617726996438
18,3809.999878080004,0.2,0.8,662.3999495432,218.443816788896,344.3363321013
18,3809.999878080004,0.2,0.9,745.1979085584001,235.6069392266171,396.105993545262
18,3809.999878080004,0.2,1.0,827.9995742238001,253.8215165603738,447.071141023584
18,3809.999878080004,0.25,0.0,25.092552159400004,89.27417625047627,0.0
18,3809.999878080004,0.25,0.5,420.295502935,170.7153452942031,165.03129242245802
18,3809.999878080004,0.25,0.6,504.33998863600004,186.9619046668784,205.978807367256
18,3809.999878080004,0.25,0.7,588.41036837,203.1776825086637,249.99763095199202
18,3809.999878080004,0.25,0.8,672.4561563632001,220.1017162649007,297.207916716018
18,3809.999878080004,0.25,0.9,756.5114608546002,237.3768157318334,347.24321985091206
18,3809.999878080004,0.25,1.0,840.5788856080001,255.5796568320784,397.185085455774
18,3809.999878080004,0.3,0.0,27.818535302800004,89.6304602482083,0.0
18,3809.999878080004,0.3,0.5,428.0035538284,171.8592458363422,123.68459821825802
18,3809.999878080004,0.3,0.6,513.6048449224,188.4485330757507,162.680787585624
18,3809.999878080004,0.3,0.7,599.211195836,204.9548975516647,204.78292833028803
18,3809.999878080004,0.3,0.8,684.8166941462,222.1218034112311,250.62665596630202
18,3809.999878080004,0.3,0.9,770.4128770052001,239.5420034451601,299.06916139023
18,3809.999878080004,0.3,1.0,856.0147195424,257.7323663176994,348.08726959591206
18,3809.999878080004,0.35,0.0,31.456054055800003,90.08612842665336,0.0
18,3809.999878080004,0.35,0.5,437.19879123140004,173.238908249932,82.29017728239
18,3809.999878080004,0.35,0.6,524.6265491874001,190.2025189285131,119.48893702930802
18,3809.999878080004,0.35,0.7,612.0651251132001,207.0770248062234,159.83962317615604
18,3809.999878080004,0.35,0.8,699.4873235042,224.5001231087726,204.38854425204602
18,3809.999878080004,0.35,0.9,786.9306580894,242.2229168896852,251.26971911811003
18,3809.999878080004,0.35,1.0,874.3728405522,260.285925768847,299.555769524088
18,3809.999878080004,0.4,0.0,36.493497535,90.67469075941214,0.0
18,3809.999878080004,0.4,0.5,447.54614446960005,174.7683117351901,40.534429660031996
18,3809.999878080004,0.4,0.6,537.048842044,192.1477067668511,76.05303132411602
18,3809.999878080004,0.4,0.7,626.5642113236,209.5114684580423,114.903985418838
18,3809.999878080004,0.4,0.8,716.0788297542001,227.2150167060692,158.09324266289403
18,3809.999878080004,0.4,0.9,805.5932971944002,245.2289543185158,203.56502571127803
18,3809.999878080004,0.4,1.0,895.093891571,263.3786838860565,250.89491699395202
18,3809.999878080004,0.45,0.0,42.24008630160001,91.33299025392361,0.0
18,3809.999878080004,0.45,0.5,458.8547378800001,176.4017539410324,0.0
18,3809.999878080004,0.45,0.6,550.613183615,194.2101119099156,32.089606760904005
18,3809.999878080004,0.45,0.7,642.3902618936,212.1369292986483,69.582159428628
18,3809.999878080004,0.45,0.8,734.161229164,230.1578915282591,111.33604280198401
18,3809.999878080004,0.45,0.9,825.9305946232001,248.4493518114851,155.31234585174002
18,3809.999878080004,0.45,1.0,917.6979561772001,266.7091028371587,201.67002883335002
18,3809.999878080004,0.5,0.0,48.7114240646,92.05079805706252,0.0
18,3809.999878080004,0.5,0.5,468.91069359640017,177.7315881228341,0.0
18,3809.999878080004,0.5,0.6,562.6800705086,195.8732652287943,-13.464863804238002
18,3809.999878080004,0.5,0.7,656.4724373504,214.3499176253289,22.516345622694
18,3809.999878080004,0.5,0.8,750.2567393354001,232.7000866786719,62.41428348632402
18,3809.999878080004,0.5,0.9,844.0174515322001,251.0946008793432,104.747277952548
18,3809.999878080004,0.5,1.0,937.8155781654,269.531361965073,149.625314819442
18,3809.999878080004,0.55,0.0,56.074159913200006,92.86096589159033,0.0
18,3809.999878080004,0.55,0.5,476.36045407500006,178.4637020044453,0.0
18,3809.999878080004,0.55,0.6,571.6227280522,196.9043180915359,-61.09575545858401
18,3809.999878080004,0.55,0.7,666.9022814036001,215.683321426109,-27.046646847066004
18,3809.999878080004,0.55,0.8,762.1593962686001,234.3325576487345,10.627447464942001
18,3809.999878080004,0.55,0.9,857.4382488276,252.7261871640207,50.79651857187601
18,3809.999878080004,0.55,1.0,952.7134948496001,271.380164009072,94.03277348434202
18,4571.999853696005,0.0,0.0,20.7262667524,82.16162528894131,0.0
18,4571.999853696005,0.0,0.5,379.56982244500006,155.8648667110587,353.59063540369806
18,4571.999853696005,0.0,0.6,455.49801121440004,170.5277550332033,405.212096391564
18,4571.999853696005,0.0,0.7,531.4009566866,185.4378841483262,458.132934040782
18,4571.999853696005,0.0,0.8,607.3112145254,200.6365867821827,513.380980753872
18,4571.999853696005,0.0,0.9,683.224478222,216.570486830899,569.6061679543621
18,4571.999853696005,0.0,1.0,759.1508633126,233.7776690335662,623.9015687483042
18,4571.999853696005,0.05,0.0,20.948708435600004,82.18981592207204,0.0
18,4571.999853696005,0.05,0.5,380.286895549,155.9763871284587,313.690534815504
18,4571.999853696005,0.05,0.6,456.3618346782,170.6739980654087,362.63263939980004
18,4571.999853696005,0.05,0.7,532.4090760956001,185.600574562551,413.058950413956
18,4571.999853696005,0.05,0.8,608.449005967,200.8341710406423,466.01767978042204
18,4571.999853696005,0.05,0.9,684.5090192028001,216.7556780085276,520.16711134542
18,4571.999853696005,0.05,1.0,760.5833075962,233.9824917120566,572.7508869034261
18,4571.999853696005,0.1,0.0,21.627589174400004,82.28053383516284,0.0
18,4571.999853696005,0.1,0.5,382.37323001900006,156.3038381487798,274.546795766628
18,4571.999853696005,0.1,0.6,458.84101416560003,171.0849285787898,320.95838539195205
18,4571.999853696005,0.1,0.7,535.3218959088,186.0719551464211,369.18366421629
18,4571.999853696005,0.1,0.8,611.7787865904,201.4052076202486,420.100874562138
18,4571.999853696005,0.1,0.9,688.2694851714001,217.2985314404427,472.407576723852
18,4571.999853696005,0.1,1.0,764.7465100946001,234.5786419413046,523.5163349848741
18,4571.999853696005,0.15,0.0,22.8233174378,82.45544563294929,0.0
18,4571.999853696005,0.15,0.5,385.9178773670001,156.8582986903747,236.05708028364
18,4571.999853696005,0.15,0.6,463.0864071394,171.7932701079561,280.161595712922
18,4571.999853696005,0.15,0.7,540.2805560438001,186.8764691348998,326.36252520102
18,4571.999853696005,0.15,0.8,617.458676989,202.3857894390819,375.52958739126615
18,4571.999853696005,0.15,0.9,694.6588359678001,218.2264873444616,426.18189822931805
18,4571.999853696005,0.15,1.0,771.8334004326,235.5979445353352,476.04245615526605
18,4571.999853696005,0.2,0.0,24.418858433200004,82.6923354665699,0.0
18,4571.999853696005,0.2,0.5,390.89281492360004,157.6251492219904,198.056806005828
18,4571.999853696005,0.2,0.6,469.05689333360004,172.7791062375034,240.01339343011801
18,4571.999853696005,0.2,0.7,547.2469412718,187.9962838718135,284.35007391621605
18,4571.999853696005,0.2,0.8,625.422513826,203.7546728197406,332.00300872477203
18,4571.999853696005,0.2,0.9,703.6086548876001,219.5472557233058,381.097722396006
18,4571.999853696005,0.2,1.0,781.784077272,237.0319605967523,430.011080358552
18,4571.999853696005,0.25,0.0,26.847973114600006,83.00718662079291,0.0
18,4571.999853696005,0.25,0.5,397.2914811712,158.6058741998549,160.338493273266
18,4571.999853696005,0.25,0.6,476.7393497130001,174.0452070478999,200.34159239556
18,4571.999853696005,0.25,0.7,556.2072277652001,189.4753023957181,243.050152300494
18,4571.999853696005,0.25,0.8,635.6668916114,205.5138269006623,289.29922442883003
18,4571.999853696005,0.25,0.9,715.1210459492002,221.3858775695364,336.95257025291403
18,4571.999853696005,0.25,1.0,794.5827629366,238.8750517182255,385.08365801875203
18,4571.999853696005,0.3,0.0,30.155240577000004,83.42004416701442,0.0
18,4571.999853696005,0.3,0.5,405.1140024822,159.7848398156582,122.75485173567002
18,4571.999853696005,0.3,0.6,486.12446164700003,175.5820201826182,160.95686124210002
18,4571.999853696005,0.3,0.7,567.1401800372,191.289938554477,202.206590032986
18,4571.999853696005,0.3,0.8,648.173127745,207.6512450368321,247.19222978650203
18,4571.999853696005,0.3,0.9,729.1993145294,223.6237512399528,293.473997221482
18,4571.999853696005,0.3,1.0,810.218638636,241.1197923437358,340.85488378788006
18,4571.999853696005,0.35,0.0,34.1244934448,83.91119192533793,0.0
18,4571.999853696005,0.35,0.5,413.92032636240003,161.0842063871904,84.95243250417
18,4571.999853696005,0.35,0.6,496.6932931839999,177.2916318819741,121.46982636650401
18,4571.999853696005,0.35,0.7,579.478830777,193.3326551202032,161.26570026705602
18,4571.999853696005,0.35,0.8,662.2776916316001,210.0399161615713,205.08226506768003
18,4571.999853696005,0.35,0.9,745.050357293,226.139333313617,249.94895007713401
18,4571.999853696005,0.35,1.0,827.8443593750001,243.604707039463,296.64821142772206
18,4571.999853696005,0.4,0.0,38.735503928,84.47449744942394,0.0
18,4571.999853696005,0.4,0.5,423.8942425938,162.5225630678581,46.878302650410006
18,4571.999853696005,0.4,0.6,508.66662018920005,179.1702161506849,81.815439668424
18,4571.999853696005,0.4,0.7,593.4591820828001,195.6971398541232,120.305287263546
18,4571.999853696005,0.4,0.8,678.2138297946,212.6803675305271,162.73963620175803
18,4571.999853696005,0.4,0.9,763.0149562904,229.0819938651003,206.549707935648
18,4571.999853696005,0.4,1.0,847.7896873666,246.3942426327678,252.49637538925802
18,4571.999853696005,0.45,0.0,43.9191200646,85.08835916429284,0.0
18,4571.999853696005,0.45,0.5,435.28307263100004,164.2135715786084,8.482489536444
18,4571.999853696005,0.45,0.6,522.3345887694,181.2970835598294,41.969876926362005
18,4571.999853696005,0.45,0.7,609.3946695100001,198.3989128794339,79.31919068257803
18,4571.999853696005,0.45,0.8,696.4541988074001,215.6259408536696,120.24846925984201
18,4571.999853696005,0.45,0.9,783.5191375,232.4054448076749,163.14150663426003
18,4571.999853696005,0.45,1.0,870.5705535252001,249.5629274345459,208.494613841976
18,4571.999853696005,0.5,0.0,49.9501337148,85.80121254213917,0.0
18,4571.999853696005,0.5,0.5,447.77733867240005,166.0849600007257,0.0
18,4571.999853696005,0.5,0.6,537.3313245674002,183.5697509567269,1.6433085835320003
18,4571.999853696005,0.5,0.7,626.9095009298001,201.3348772374127,37.988643516978
18,4571.999853696005,0.5,0.8,716.4532186570001,218.7800767680305,77.330722023324
18,4571.999853696005,0.5,0.9,806.0069534484,236.0584314654813,119.35107067791601
18,4571.999853696005,0.5,1.0,895.5614891454002,253.379832586501,164.06175082928402
18,4571.999853696005,0.55,0.0,56.9415086746,86.5941619943754,0.0
18,4571.999853696005,0.55,0.5,459.3379621401999,167.7099642448517,0.0
18,4571.999853696005,0.55,0.6,551.1887655846001,185.5392819122743,-40.161418389246
18,4571.999853696005,0.55,0.7,643.0754308902001,203.9151073096253,-4.998129863034
18,4571.999853696005,0.55,0.8,734.9208758166001,221.5299357890774,32.445781074168
18,4571.999853696005,0.55,0.9,826.7821468346001,239.3254875744353,73.42317782646002
18,4571.999853696005,0.55,1.0,918.6612995472002,256.8845205232695,117.123087612762
18,5333.999829312005,0.0,0.0,23.1406844878,76.28392857398168,0.0
18,5333.999829312005,0.0,0.5,367.8246837848,146.0773055097523,339.59963257928405
18,5333.999829312005,0.0,0.6,441.38728708360003,160.2078630566089,390.73440714462004
18,5333.999829312005,0.0,0.7,514.9471348076,174.6274086284133,443.37880749300604
18,5333.999829312005,0.0,0.8,588.5288703954,189.4133674011612,498.55663905339605
18,5333.999829312005,0.0,0.9,662.0763976310001,205.977655143881,551.7010495776782
18,5333.999829312005,0.0,1.0,735.6400521184,223.3302377989658,604.8710702837881
18,5333.999829312005,0.05,0.0,23.469759858600003,76.30457341622063,0.0
18,5333.999829312005,0.05,0.5,368.5024156836001,146.1807163890955,302.51141154418804
18,5333.999829312005,0.05,0.6,442.21159373379993,160.3426412024857,351.142396945956
18,5333.999829312005,0.05,0.7,515.914986554,174.7940536939128,401.473885699194
18,5333.999829312005,0.05,0.8,589.6055574992001,189.5959176221537,454.49731086698404
18,5333.999829312005,0.05,0.9,663.3083996968,206.151510091173,505.88593645128003
18,5333.999829312005,0.05,1.0,737.018053695,223.5197976662433,557.480701001994
18,5333.999829312005,0.1,0.0,24.2333183114,76.42372523922707,0.0
18,5333.999829312005,0.1,0.5,370.56934214300003,146.5037126372131,266.253055325334
18,5333.999829312005,0.1,0.6,444.6863157220001,160.7392801404337,312.55112148321604
18,5333.999829312005,0.1,0.7,518.8088234274001,175.2897488567541,360.844751211252
18,5333.999829312005,0.1,0.8,592.9132007964,190.1417259313254,411.99389664094207
18,5333.999829312005,0.1,0.9,667.0178284484001,206.674203830899,461.826084709374
18,5333.999829312005,0.1,1.0,741.1430408514001,224.0911200960719,512.0755905439021
18,5333.999829312005,0.15,0.0,25.599161057800004,76.60476199791346,0.0
18,5333.999829312005,0.15,0.5,374.01409375000003,147.0406408758959,230.63617691268
18,5333.999829312005,0.15,0.6,448.822472065,161.4039619078291,274.786686936762
18,5333.999829312005,0.15,0.7,523.6293478614001,176.11557856999,321.26901527028
18,5333.999829312005,0.15,0.8,598.415788256,191.0649131425202,370.81457872443605
18,5333.999829312005,0.15,0.9,673.2233656654001,207.5534309270616,419.241998899878
18,5333.999829312005,0.15,1.0,748.0395569130001,225.0441611114942,468.35579054187
18,5333.999829312005,0.2,0.0,27.589519793,76.85172442610906,0.0
18,5333.999829312005,0.2,0.5,378.8652700558,147.7952555209108,195.511822321662
18,5333.999829312005,0.2,0.6,454.646758522,162.334173736188,237.68729997982203
18,5333.999829312005,0.2,0.7,530.4196323294001,177.2798245367867,282.58767847648807
18,5333.999829312005,0.2,0.8,606.1886493168001,192.3419071388007,330.549491454336
18,5333.999829312005,0.2,0.9,681.9601207188001,208.781967930509,377.87669645695206
18,5333.999829312005,0.2,1.0,757.7348474410002,226.3810344134991,426.074422561788
18,5333.999829312005,0.25,0.0,30.0134646944,77.18688498131182,0.0
18,5333.999829312005,0.25,0.5,385.10624242200004,148.7604893816566,160.71107395635602
18,5333.999829312005,0.25,0.6,462.1251169106,163.5452776187971,201.03764229918602
18,5333.999829312005,0.25,0.7,539.1340498302001,178.7824437158668,244.55761535898
18,5333.999829312005,0.25,0.8,616.1530999272001,193.9788904253833,290.950630996872
18,5333.999829312005,0.25,0.9,693.2036028016,210.3951933676857,337.50297876141
18,5333.999829312005,0.25,1.0,770.2106319292,228.0936730374671,384.92194298065203
18,5333.999829312005,0.3,0.0,33.124659634000004,77.59770134173999,0.0
18,5333.999829312005,0.3,0.5,392.7714202478,149.9478078123016,126.13651135054201
18,5333.999829312005,0.3,0.6,471.33603187660003,165.0550210649551,164.73482790072
18,5333.999829312005,0.3,0.7,549.8773286182001,180.6170393313073,207.06196539567003
18,5333.999829312005,0.3,0.8,628.4433672704,196.0273894931507,252.0119691243
18,5333.999829312005,0.3,0.9,707.0160183174002,212.3854262419487,297.81706130068204
18,5333.999829312005,0.3,1.0,785.5570138988,230.1923853693187,344.698891834374
18,5333.999829312005,0.35,0.0,36.8427596658,78.04046275106597,0.0
18,5333.999829312005,0.35,0.5,401.8389649054,151.3481010329312,91.587431707464
18,5333.999829312005,0.35,0.6,482.17938119340005,166.8249976879253,128.574934366032
18,5333.999829312005,0.35,0.7,562.5480458158,182.7679209661617,169.84620232780202
18,5333.999829312005,0.35,0.8,642.9283301342,198.4346207652182,213.447120981402
18,5333.999829312005,0.35,0.9,723.2896315128,214.6930445595573,258.53701188777
18,5333.999829312005,0.35,1.0,803.6569437864,232.6571403728568,305.086873986972
18,5333.999829312005,0.4,0.0,41.016182737200005,78.5687177045269,0.0
18,5333.999829312005,0.4,0.5,412.1802580126,152.9446217761045,56.885385785382
18,5333.999829312005,0.4,0.6,494.61269306680003,168.863530828631,92.46685325308202
18,5333.999829312005,0.4,0.7,577.0678677676001,185.2000665880432,132.685089646032
18,5333.999829312005,0.4,0.8,659.4903358142001,201.1674181303638,175.01282409210603
18,5333.999829312005,0.4,0.9,741.9174123504,217.3250584346367,219.48260510668803
18,5333.999829312005,0.4,1.0,824.3644220812,235.5593814222081,265.76327160721803
18,5333.999829312005,0.45,0.0,46.005867296400005,79.17614007003537,0.0
18,5333.999829312005,0.45,0.5,424.00548230920003,154.7726503218725,21.967806256242003
18,5333.999829312005,0.45,0.6,508.80951372900006,171.2449775685385,56.43132616690801
18,5333.999829312005,0.45,0.7,593.6225110244001,187.9638171813481,95.553863664798
18,5333.999829312005,0.45,0.8,678.4206825396001,204.2971117454414,136.707762228114
18,5333.999829312005,0.45,0.9,763.2097380094,220.6098325789713,180.59924928784204
18,5333.999829312005,0.45,1.0,848.030598294,238.8860735601016,226.62606966245403
18,5333.999829312005,0.5,0.0,51.7241264892,79.8391366778554,0.0
18,5333.999829312005,0.5,0.5,437.3336716122,156.7934509241586,0.0
18,5333.999829312005,0.5,0.6,524.7982917408001,173.8918823220539,20.165018754804002
18,5333.999829312005,0.5,0.7,612.2787896588,190.9850173036379,57.97884366720601
18,5333.999829312005,0.5,0.8,699.7277839221999,207.8113370678581,98.30000030558402
18,5333.999829312005,0.5,0.9,787.2125382924,224.5027930714869,141.763492981572
18,5333.999829312005,0.5,1.0,874.6726516858001,242.563831408691,187.29940913145003
18,5333.999829312005,0.55,0.0,58.4041723738,80.54124657860837,0.0
18,5333.999829312005,0.55,0.5,451.1063183901999,158.8398082205389,0.0
18,5333.999829312005,0.55,0.6,541.318526419,176.5540788928604,-16.970571819894
18,5333.999829312005,0.55,0.7,631.5503180668001,194.0981919571805,19.498327103178003
18,5333.999829312005,0.55,0.8,721.7555649458001,211.3904382268892,58.948889243706006
18,5333.999829312005,0.55,0.9,811.9897601310001,228.5562591655629,101.90822244418202
18,5333.999829312005,0.55,1.0,902.2084295642001,246.283365027488,146.802274237542
18,6095.999804928007,0.0,0.0,26.374550100800004,70.88592923405608,0.0
18,6095.999804928007,0.0,0.5,344.06129191060006,134.5276493854668,318.140198707716
18,6095.999804928007,0.0,0.6,412.8559860062,147.7089633739454,366.30518546853006
18,6095.999804928007,0.0,0.7,481.67577158800003,161.0394326984487,416.986913275086
18,6095.999804928007,0.0,0.8,550.471141858,175.3997838822462,468.65656583361
18,6095.999804928007,0.0,0.9,619.2932070666001,191.1884406727751,518.2745071650301
18,6095.999804928007,0.0,1.0,688.10260057,207.597662389277,568.322581139544
18,6095.999804928007,0.05,0.0,26.5985320502,70.91960950140616,0.0
18,6095.999804928007,0.05,0.5,344.6945226714,134.6253203362061,284.16974574634804
18,6095.999804928007,0.05,0.6,413.6304567978,147.8326195601923,330.03361314323405
18,6095.999804928007,0.05,0.7,482.56508945260003,161.1922002268892,378.54226760196
18,6095.999804928007,0.05,0.8,551.4977928768001,175.541443954096,428.299460015658
18,6095.999804928007,0.05,0.9,620.4433189966,191.3413939336841,476.38970555992205
18,6095.999804928007,0.05,1.0,689.3794287314,207.7761573734011,525.00953482593
18,6095.999804928007,0.1,0.0,27.296895474200003,71.01703109344098,0.0
18,6095.999804928007,0.1,0.5,346.6287974996,134.9370519335027,250.97081296841404
18,6095.999804928007,0.1,0.6,415.95186772920005,148.2073996111766,294.72753586537806
18,6095.999804928007,0.1,0.7,485.277467048,161.659912009707,341.33082019713606
18,6095.999804928007,0.1,0.8,554.5902691098,175.956985966071,389.38679976827405
18,6095.999804928007,0.1,0.9,623.9255096580001,191.8077064071487,436.17561846658805
18,6095.999804928007,0.1,1.0,693.2492806800001,208.3190964200308,483.56072283519
18,6095.999804928007,0.15,0.0,28.4962319158,71.17743002748799,0.0
18,6095.999804928007,0.15,0.5,349.8740087282,135.4574181693731,218.404261831602
18,6095.999804928007,0.15,0.6,419.85264727120006,148.8331042270707,260.23135000632
18,6095.999804928007,0.15,0.7,489.82492534360006,162.4422531906015,305.17463558828405
18,6095.999804928007,0.15,0.8,559.7925949264,176.6906984568629,351.68911120774203
18,6095.999804928007,0.15,0.9,629.7626680466001,192.6112351246485,397.436954792724
18,6095.999804928007,0.15,1.0,699.749971305,209.2326751339018,443.8847186775541
18,6095.999804928007,0.2,0.0,30.218041915600004,71.39307478018688,0.0
18,6095.999804928007,0.2,0.5,354.3411557224,136.1708142415858,186.264442673694
18,6095.999804928007,0.2,0.6,425.20813397480003,149.6871746323143,226.297032160122
18,6095.999804928007,0.2,0.7,496.07548888260004,163.5164661620249,269.77282105065603
18,6095.999804928007,0.2,0.8,566.9377347348001,177.6679684365418,314.869151200296
18,6095.999804928007,0.2,0.9,637.8112498868,193.7128607113309,359.717355190116
18,6095.999804928007,0.2,1.0,708.6782535778001,210.4591700158759,405.27171321529204
18,6095.999804928007,0.25,0.0,32.531836037800005,71.73405339326862,0.0
18,6095.999804928007,0.25,0.5,360.1504161728,137.1022681850676,154.49655342429
18,6095.999804928007,0.25,0.6,432.1848374272,150.7915557964257,192.873626187396
18,6095.999804928007,0.25,0.7,504.2145746968,164.9252544208473,235.08970141503002
18,6095.999804928007,0.25,0.8,576.2523760026,179.0032286263268,278.81788809105
18,6095.999804928007,0.25,0.9,648.268941001,195.1736896171641,322.99206575928605
18,6095.999804928007,0.25,1.0,720.3103989004001,212.0715388380659,367.93695625902603
18,6095.999804928007,0.3,0.0,35.2649986106,72.06765791272794,0.0
18,6095.999804928007,0.3,0.5,367.2846378982,138.2115462301551,122.88644520721802
18,6095.999804928007,0.3,0.6,440.73056664780006,152.1524863654178,159.797606624502
18,6095.999804928007,0.3,0.7,514.1850353816,166.6381784271977,200.89332202539603
18,6095.999804928007,0.3,0.8,587.6488195666001,180.8060284338202,243.34333359105003
18,6095.999804928007,0.3,0.9,661.0967267828,196.9609702371405,286.926167561418
18,6095.999804928007,0.3,1.0,734.5576060438001,214.0383712926608,331.46899190697616
18,6095.999804928007,0.35,0.0,38.55807051360001,72.50306674907013,0.0
18,6095.999804928007,0.35,0.5,375.761499905,139.5404241470562,91.378131835914
18,6095.999804928007,0.35,0.6,450.9167450194,153.8210507214007,127.05220501650601
18,6095.999804928007,0.35,0.7,526.072816478,168.659750497596,167.06571653217603
18,6095.999804928007,0.35,0.8,601.2284874838,182.997886300372,208.287726240132
18,6095.999804928007,0.35,0.9,676.3692325962,199.1122663782092,251.53850370125403
18,6095.999804928007,0.35,1.0,751.5255042812,216.3775711475098,295.79605880517
18,6095.999804928007,0.4,0.0,42.5891006112,73.00562231724577,0.0
18,6095.999804928007,0.4,0.5,385.55701195220007,141.0564212101062,59.806155095148014
18,6095.999804928007,0.4,0.6,462.67275170600004,155.7687948373401,94.358097167796
18,6095.999804928007,0.4,0.7,539.7833577862001,170.9732369319605,133.299146844864
18,6095.999804928007,0.4,0.8,616.884847821,185.5844265981131,173.43207794358602
18,6095.999804928007,0.4,0.9,693.9964558538001,201.6180967955185,216.43497879003002
18,6095.999804928007,0.4,1.0,771.1129718952,219.061882981584,260.484041374326
18,6095.999804928007,0.45,0.0,47.384673061,73.57770826190692,0.0
18,6095.999804928007,0.45,0.5,396.7019260248,142.7697452196317,28.048047036702002
18,6095.999804928007,0.45,0.6,476.05483227280007,158.0255140374671,61.634851253976
18,6095.999804928007,0.45,0.7,555.3917868774,173.5502828853307,99.31641234807601
18,6095.999804928007,0.45,0.8,634.7490250728001,188.5112961470562,138.761523639816
18,6095.999804928007,0.45,0.9,714.0758124434001,204.4758500063504,181.49224413196802
18,6095.999804928007,0.45,1.0,793.4259893758,222.0829689509208,225.34378928985
18,6095.999804928007,0.5,0.0,52.8863718108,74.19292624485166,0.0
18,6095.999804928007,0.5,0.5,409.04012543460004,144.6217304467931,0.0
18,6095.999804928007,0.5,0.6,490.8545313430001,160.505388693187,28.629516575814005
18,6095.999804928007,0.5,0.7,572.6781279714002,176.3362778657353,65.02129137088201
18,6095.999804928007,0.5,0.8,654.4780346984,191.7846199081013,103.983899791002
18,6095.999804928007,0.5,0.9,736.2985261764001,207.5961915004083,146.348552238966
18,6095.999804928007,0.5,1.0,818.0946253194002,225.4705967771932,190.11281531365202
18,6095.999804928007,0.55,0.0,59.2001494502,74.88965317889868,0.0
18,6095.999804928007,0.55,0.5,422.6951974652,146.644258782092,0.0
18,6095.999804928007,0.55,0.6,507.2465472712001,163.2168703335753,-4.68540576273
18,6095.999804928007,0.55,0.7,591.789533522,179.3861182153679,30.451861566126002
18,6095.999804928007,0.55,0.8,676.3114836918,195.4419612203575,69.103615027986
18,6095.999804928007,0.55,0.9,760.8478083118,211.4166372652635,110.77451240902201
18,6095.999804928007,0.55,1.0,845.3880898650001,229.2293643916357,154.75954953874802
18,6857.999780544007,0.0,0.0,27.4139573466,65.96031025201852,0.0
18,6857.999780544007,0.0,0.5,320.16662619260006,124.1293460262179,296.37339861683404
18,6857.999780544007,0.0,0.6,384.1877760248001,136.0100372928422,341.60669479813805
18,6857.999780544007,0.0,0.7,448.2266557406,148.3845958715413,390.23618782209604
18,6857.999780544007,0.0,0.8,512.268765338,162.0261254429829,438.44455629328206
18,6857.999780544007,0.0,0.9,576.2820767990002,177.0268728212828,485.130224773194
18,6857.999780544007,0.0,1.0,640.3313994703999,192.4686332909371,531.976570966302
18,6857.999780544007,0.05,0.0,27.639225996800004,65.99433344606732,0.0
18,6857.999780544007,0.05,0.5,320.767751799,124.2235339083734,265.428357561444
18,6857.999780544007,0.05,0.6,384.9193491308001,136.1324368609272,308.520796183446
18,6857.999780544007,0.05,0.7,449.059075663,148.5300103591581,355.15510240148404
18,6857.999780544007,0.05,0.8,513.2360656412001,162.1580768997551,401.640346988034
18,6857.999780544007,0.05,0.9,577.3831053606001,177.1818106593487,446.95164315186
18,6857.999780544007,0.05,1.0,641.5310961554001,192.6274542007621,492.50480727478805
18,6857.999780544007,0.1,0.0,28.296044084000002,66.08781395418671,0.0
18,6857.999780544007,0.1,0.5,322.55081876820003,124.5098374675678,235.180941969204
18,6857.999780544007,0.1,0.6,387.05078541800003,136.485501183979,276.32285257962
18,6857.999780544007,0.1,0.7,451.5725636158,148.9595871024222,321.207235721988
18,6857.999780544007,0.1,0.8,516.0881815694,162.5479195264447,366.1943482811462
18,6857.999780544007,0.1,0.9,580.5787072162,177.6173982105598,410.358578394996
18,6857.999780544007,0.1,1.0,645.1029898852001,193.1066874785449,454.8220522784401
18,6857.999780544007,0.15,0.0,29.3949686272,66.24512888714506,0.0
18,6857.999780544007,0.15,0.5,325.52046020780006,124.9833738580241,205.50761231569803
18,6857.999780544007,0.15,0.6,390.62643585460006,137.0788392271614,244.87739033280604
18,6857.999780544007,0.15,0.7,455.73857092500003,149.6812068656446,288.25659057426003
18,6857.999780544007,0.15,0.8,520.8470009864001,163.2107168344371,331.86913998869403
18,6857.999780544007,0.15,0.9,585.9453631064001,178.3447003580695,375.038648915238
18,6857.999780544007,0.15,1.0,651.0501365742001,193.896239009072,418.68688817802
18,6857.999780544007,0.2,0.0,30.9632501112,66.47063991699174,0.0
18,6857.999780544007,0.2,0.5,329.73329751780005,125.6523246651547,176.304044052444
18,6857.999780544007,0.2,0.6,395.66971462040004,137.9602221299102,214.198183356234
18,6857.999780544007,0.2,0.7,461.61409564600007,150.7089754917899,256.14529295817005
18,6857.999780544007,0.2,0.8,527.5670658918001,164.1637578498594,298.530496182534
18,6857.999780544007,0.2,0.9,593.5110202054001,179.3752961411594,340.91091890486405
18,6857.999780544007,0.2,1.0,659.4654937904,195.0271902086546,383.875556162868
18,6857.999780544007,0.25,0.0,33.013338679200004,66.76206164546858,0.0
18,6857.999780544007,0.25,0.5,335.12429486580004,126.5094364980495,147.416610339768
18,6857.999780544007,0.25,0.6,402.15267536180005,139.0892888700898,184.01452899429603
18,6857.999780544007,0.25,0.7,469.16227314440005,152.0137961417037,224.67798817186804
18,6857.999780544007,0.25,0.8,536.1848684104,165.3662244709244,265.87778836218604
18,6857.999780544007,0.25,0.9,603.2074136198,180.699490979951,307.699572479376
18,6857.999780544007,0.25,1.0,670.2453344114001,196.4697443495419,350.16459100484406
18,6857.999780544007,0.3,0.0,35.3976157766,67.09762922144607,0.0
18,6857.999780544007,0.3,0.5,341.69197517180004,127.5591496258732,118.70384844040801
18,6857.999780544007,0.3,0.6,410.0345720064,140.4479494795428,154.130955112134
18,6857.999780544007,0.3,0.7,478.38130138260004,153.5807348956727,193.662991295004
18,6857.999780544007,0.3,0.8,546.7323126496001,166.8531813034564,233.80212187794
18,6857.999780544007,0.3,0.9,615.0549262330001,182.3119599198948,275.200985695944
18,6857.999780544007,0.3,1.0,683.4014299442,198.3048251150322,317.234550456978
18,6857.999780544007,0.35,0.0,38.4131451682,67.50713188723577,0.0
18,6857.999780544007,0.35,0.5,349.52195819860003,128.8004502394085,90.092118072264
18,6857.999780544007,0.35,0.6,419.4233397134,142.0604464898848,124.48486013040001
18,6857.999780544007,0.35,0.7,489.31640772960003,155.3907165145605,162.710410061892
18,6857.999780544007,0.35,0.8,559.2292833886,168.726967873265,202.02728940193802
18,6857.999780544007,0.35,0.9,629.140155963,184.2647861814388,243.24263478669002
18,6857.999780544007,0.35,1.0,699.0435159444,200.4780938281775,285.001161656904
18,6857.999780544007,0.4,0.0,42.084708974,67.97177370416402,0.0
18,6857.999780544007,0.4,0.5,358.61094021060006,130.2370506488252,61.455697414188
18,6857.999780544007,0.4,0.6,430.33463060720004,143.9183428750794,94.94626528140601
18,6857.999780544007,0.4,0.7,502.04572479380005,157.5352018413318,131.983657396206
18,6857.999780544007,0.4,0.8,573.7938313228,170.9633996608909,170.656783665522
18,6857.999780544007,0.4,0.9,645.5110365176001,186.5622963486347,211.66461024601202
18,6857.999780544007,0.4,1.0,717.2264880902002,202.9810549829448,253.18532059590004
18,6857.999780544007,0.45,0.0,46.5685584606,68.55551728522181,0.0
18,6857.999780544007,0.45,0.5,368.94742460180004,131.8509474363603,32.665326975666005
18,6857.999780544007,0.45,0.6,442.73483619420006,146.0060904415313,65.36298227982601
18,6857.999780544007,0.45,0.7,516.5193674806001,159.9550685353352,101.24507824800601
18,6857.999780544007,0.45,0.8,590.3076554738001,173.733190068221,139.37318814111
18,6857.999780544007,0.45,0.9,664.1091657948,189.1525629917445,180.239713454724
18,6857.999780544007,0.45,1.0,737.8899411950001,205.8102105398712,221.660566603476
18,6857.999780544007,0.5,0.0,51.77234002160001,69.23203493604282,0.0
18,6857.999780544007,0.5,0.5,380.5882846964001,133.6582731277329,3.636968760348
18,6857.999780544007,0.5,0.6,456.7004125970001,148.3592104068765,35.67774785513401
18,6857.999780544007,0.5,0.7,532.8220807931999,162.6798139067405,70.46914561717801
18,6857.999780544007,0.5,0.8,608.9355856606002,176.8680088701805,108.18990487074001
18,6857.999780544007,0.5,0.9,685.072530967,192.0671540806495,148.66881807624003
18,6857.999780544007,0.5,1.0,761.1771208360001,208.9945862264356,190.344456814974
18,6857.999780544007,0.55,0.0,57.50832581560001,69.93727141132179,0.0
18,6857.999780544007,0.55,0.5,393.4636258894001,135.679573850948,0.0
18,6857.999780544007,0.55,0.6,472.1544778015999,150.9284612106505,5.683116598698001
18,6857.999780544007,0.55,0.7,550.8548962686,165.6842377555112,39.481324695582
18,6857.999780544007,0.55,0.8,629.5378351350001,180.3424575025855,76.91575291738802
18,6857.999780544007,0.55,0.9,708.2420094882001,195.2848816109045,116.65600271648401
18,6857.999780544007,0.55,1.0,786.9356662112001,212.5035857763767,159.00157719369003
18,7619.999756160008,0.0,0.0,27.719569301600004,61.24592475959358,0.0
18,7619.999756160008,0.0,0.5,297.02599668500005,114.2966901979497,275.38084413378
18,7619.999756160008,0.0,0.6,356.43520301180007,125.0897831237413,318.162599053992
18,7619.999756160008,0.0,0.7,415.83985172620004,136.5340868328041,364.694728768986
18,7619.999756160008,0.0,0.8,475.2426967618,149.6268957912547,409.536439692072
18,7619.999756160008,0.0,0.9,534.6458429576,163.5997599226164,453.27737274250205
18,7619.999756160008,0.0,1.0,594.0520934832001,178.0769003375669,497.1259282517221
18,7619.999756160008,0.05,0.0,27.926275159200003,61.27934771495963,0.0
18,7619.999756160008,0.05,0.5,297.58590191220003,114.3887718645559,247.24693888910403
18,7619.999756160008,0.05,0.6,357.107349907,125.2059290749342,288.09427369199403
18,7619.999756160008,0.05,0.7,416.612494221,136.6709211353534,332.74525873096206
18,7619.999756160008,0.05,0.8,476.1249016656,149.7549492053887,376.06439198882407
18,7619.999756160008,0.05,0.9,535.6648312136,163.7433329921074,418.55346960180606
18,7619.999756160008,0.05,1.0,595.1732562864,178.2359210150594,461.23237277917804
18,7619.999756160008,0.1,0.0,28.5378658774,61.37618403919078,0.0
18,7619.999756160008,0.1,0.5,299.22787819980005,114.6597770566996,219.769958784222
18,7619.999756160008,0.1,0.6,359.08051625160005,125.5531683225075,258.922564025202
18,7619.999756160008,0.1,0.7,418.91184250080005,137.0475716105416,301.899781294188
18,7619.999756160008,0.1,0.8,478.76806083040003,150.1208917593214,343.867495495986
18,7619.999756160008,0.1,0.9,538.6038453994,164.1542780085276,385.30182408240603
18,7619.999756160008,0.1,1.0,598.4626683134001,178.6921108350721,427.03711389616205
18,7619.999756160008,0.15,0.0,29.562175724400003,61.53562624049715,0.0
18,7619.999756160008,0.15,0.5,301.95783550900006,115.1060439909281,192.82853191232402
18,7619.999756160008,0.15,0.6,362.35577867280006,126.1314007487073,230.478992831472
18,7619.999756160008,0.15,0.7,422.7445311166,137.6504896128096,271.946324986182
18,7619.999756160008,0.15,0.8,483.1233920480001,150.7240956118117,312.754838393844
18,7619.999756160008,0.15,0.9,543.5319028986002,164.8392046149869,353.30438266061407
18,7619.999756160008,0.15,1.0,603.9214816865999,179.4526932467568,394.294173488292
18,7619.999756160008,0.2,0.0,31.031735746000003,61.76221470579697,0.0
18,7619.999756160008,0.2,0.5,305.82931552800005,115.7361603377484,166.34088086246402
18,7619.999756160008,0.2,0.6,366.98607817960004,126.9450095462216,202.672627818276
18,7619.999756160008,0.2,0.7,428.15255755580006,138.5882112083825,242.773421417142
18,7619.999756160008,0.2,0.8,489.3199133328,151.5839625542956,282.588818555274
18,7619.999756160008,0.2,0.9,550.4838135632001,165.8082364006169,322.43855995520397
18,7619.999756160008,0.2,1.0,611.6592826124,180.5171835679035,362.79447187090807
18,7619.999756160008,0.25,0.0,32.973279449,62.04726164682936,0.0
18,7619.999756160008,0.25,0.5,310.86513257800004,116.5545949045632,140.16728482033201
18,7619.999756160008,0.25,0.6,373.0412338818,128.0072294399891,175.380736813128
18,7619.999756160008,0.25,0.7,435.21620850180005,139.8061539756872,214.15019729334
18,7619.999756160008,0.25,0.8,497.38998176340004,152.7045913327588,253.20633621129002
18,7619.999756160008,0.25,0.9,559.5651065532,167.0808331690103,292.520788602504
18,7619.999756160008,0.25,1.0,621.7381782018001,181.8817693705888,332.313227587572
18,7619.999756160008,0.3,0.0,35.374100663,62.38951839871179,0.0
18,7619.999756160008,0.3,0.5,317.04898215760005,117.5566501102241,114.224806724028
18,7619.999756160008,0.3,0.6,380.46457350220004,129.3269128979407,148.45667045424602
18,7619.999756160008,0.3,0.7,443.8733284282,141.2947814647555,185.997678916896
18,7619.999756160008,0.3,0.8,507.28671564120003,154.0780286676948,224.42733230933402
18,7619.999756160008,0.3,0.9,570.6865301302,168.6322948410596,263.328733667076
18,7619.999756160008,0.3,1.0,634.10367405,183.5463074957815,302.686063785336
18,7619.999756160008,0.35,0.0,38.26425304240001,62.79767181402523,0.0
18,7619.999756160008,0.35,0.5,324.3741796592,118.7235445190964,88.35472118411401
18,7619.999756160008,0.35,0.6,389.2423240904,130.8987054916085,121.75115181629401
18,7619.999756160008,0.35,0.7,454.1263709290001,143.0458545458587,158.161872469986
18,7619.999756160008,0.35,0.8,518.9918361012001,155.7040181827996,195.868652302554
18,7619.999756160008,0.35,0.9,583.8726768556,170.4633213053615,234.68094647243402
18,7619.999756160008,0.35,1.0,648.7512141858001,185.5060011802595,273.74799198100203
18,7619.999756160008,0.4,0.0,41.65257773159999,63.26810315059421,0.0
18,7619.999756160008,0.4,0.5,332.8577779714,120.0729105518461,62.482335914459995
18,7619.999756160008,0.4,0.6,399.44362858180006,132.7027619172639,95.18669468616001
18,7619.999756160008,0.4,0.7,466.00929407340004,145.0637288091264,130.523196899172
18,7619.999756160008,0.4,0.8,532.5991508530001,157.6096866431099,167.61901682849404
18,7619.999756160008,0.4,0.9,599.1564519688001,172.5771532893949,206.41699885052404
18,7619.999756160008,0.4,1.0,665.7300813834,187.7867070035381,245.30393637611402
18,7619.999756160008,0.45,0.0,45.537174221,63.79329515576522,0.0
18,7619.999756160008,0.45,0.5,342.43306395540003,121.5789702260728,36.462665187564
18,7619.999756160008,0.45,0.6,410.9283473702001,134.7240481374399,68.566554738066
18,7619.999756160008,0.45,0.7,479.41231060800004,147.3232606631588,102.887638196112
18,7619.999756160008,0.45,0.8,547.9085196596001,159.9795113024585,139.40204730282602
18,7619.999756160008,0.45,0.9,616.3977166842,174.8767907249388,177.96917071025402
18,7619.999756160008,0.45,1.0,684.8764961918,190.4109397642203,217.11272382353403
18,7619.999756160008,0.5,0.0,49.9701153248,64.38044367613173,0.0
18,7619.999756160008,0.5,0.5,353.0886435802,123.3261171941395,10.433815113876001
18,7619.999756160008,0.5,0.6,423.69590439440003,136.9578385005897,41.808382075152004
18,7619.999756160008,0.5,0.7,494.3186917811999,149.815185473011,75.171349193094
18,7619.999756160008,0.5,0.8,564.9412789416,162.6305283693187,111.237638834322
18,7619.999756160008,0.5,0.9,635.5743336756001,177.4404732973782,149.36220616501802
18,7619.999756160008,0.5,1.0,706.1773872736002,193.3740734606731,189.150089727984
18,7619.999756160008,0.55,0.0,55.257998538600006,65.10845272983762,0.0
18,7619.999756160008,0.55,0.5,364.64881571800004,125.2775871876077,0.0
18,7619.999756160008,0.55,0.6,437.5629628436001,139.245896896852,14.367600694986
18,7619.999756160008,0.55,0.7,510.5120182932,152.5245253420121,47.005712571048
18,7619.999756160008,0.55,0.8,583.425313636,165.7932884457044,82.831215615456
18,7619.999756160008,0.55,0.9,656.3723159444,180.156023741994,120.36557932707001
18,7619.999756160008,0.55,1.0,729.2877153056,196.6296076068221,161.303107573146
20,0.0,0.0,0.0,9.7147215154,127.6410155388733,0.0
20,0.0,0.0,0.5,480.0609670076,235.9071203228704,481.79395790895603
20,0.0,0.0,0.6,576.0635042448,254.7131362695274,536.172535523856
20,0.0,0.0,0.7,672.0654900388,273.8087400119749,596.02800269628
20,0.0,0.0,0.8,768.0726850016001,292.9241885903112,658.342688312694
20,0.0,0.0,0.9,864.107526799,312.0506884844417,722.0377206494761
20,0.0,0.0,1.0,960.1026006792,331.3579392870362,787.4186946447361
20,0.0,0.05,0.0,10.0901747364,127.6662007680305,0.0
20,0.0,0.05,0.5,480.0532541882,235.848368979316,417.83723589993
20,0.0,0.05,0.6,576.0413160414,254.6640224293749,468.87812277537
20,0.0,0.05,0.7,672.0633359638,273.7439778604735,525.17465052822
20,0.0,0.05,0.8,768.0635188996001,292.8779014392634,583.958013054108
20,0.0,0.05,0.9,864.1025186772001,312.0010890263994,644.324245308744
20,0.0,0.05,1.0,960.0862732010002,331.2911209788624,706.441824514272
20,0.0,0.1,0.0,0.0,137.3006945554749,0.0
20,0.0,0.1,0.5,480.0572103008001,235.6668611057788,353.94166223677803
20,0.0,0.1,0.6,576.0906004568001,254.4875545958451,401.652256652262
20,0.0,0.1,0.7,672.0706992076001,273.5757907944298,454.32625990474804
20,0.0,0.1,0.8,768.0834028582001,292.7471495241767,509.622762412764
20,0.0,0.1,0.9,864.1160413446001,311.826819572893,566.6058769260121
20,0.0,0.1,1.0,960.1257407786001,331.1034596061871,625.491680179212
20,0.0,0.15,0.0,0.0,137.9835944791799,0.0
20,0.0,0.15,0.5,480.05951454560005,235.3724480085277,290.03643460176
20,0.0,0.15,0.6,576.0689128194001,254.1880729203484,334.37344781471404
20,0.0,0.15,0.7,672.0857243936,273.2963261199311,383.497764390048
20,0.0,0.15,0.8,768.0951735446,292.5166850047174,435.261006162906
20,0.0,0.15,0.9,864.0857899256002,311.5597475113853,488.92036532031005
20,0.0,0.15,1.0,960.1209320626001,330.8000377824549,544.563559426194
20,0.0,0.2,0.0,14.769200650600002,128.276071807947,0.0
20,0.0,0.2,0.5,480.0493973682,234.9492390351084,226.04097927226204
20,0.0,0.2,0.6,576.057593463,253.7471599467478,267.008487186672
20,0.0,0.2,0.7,672.0675932366,272.903556218543,312.6000225449641
20,0.0,0.2,0.8,768.0685278420001,292.1913041762678,360.850162915704
20,0.0,0.2,0.9,864.0875927838002,311.1649504594031,411.16653216916205
20,0.0,0.2,1.0,960.0984943968002,330.3810548074935,463.54946792523606
20,0.0,0.25,0.0,17.543184791,128.6070208677311,0.0
20,0.0,0.25,0.5,480.06071672460007,234.3629826855665,161.89431426583803
20,0.0,0.25,0.6,576.0664592254,253.1849182907557,199.53078108486602
20,0.0,0.25,0.7,672.0835210826001,272.389115175905,241.655057951538
20,0.0,0.25,0.8,768.0963248464002,291.6634136701443,286.452119866374
20,0.0,0.25,0.9,864.0795788042,310.668784181711,333.337517427684
20,0.0,0.25,1.0,960.1101140928,329.8262943804772,382.435700265696
20,0.0,0.3,0.0,20.810779525800005,128.9088721526808,0.0
20,0.0,0.3,0.5,480.0690811004,233.5734601611177,97.55438877954
20,0.0,0.3,0.6,576.0809337887999,252.4859564851673,131.831743121232
20,0.0,0.3,0.7,672.0758574992001,271.7020608332578,170.49551389424403
20,0.0,0.3,0.8,768.0953237144,291.0290998631044,211.90419804754202
20,0.0,0.3,0.9,864.1171434104001,310.1293576775833,255.40173161672402
20,0.0,0.3,1.0,960.1210321758001,329.1793021102241,301.23364744935003
20,0.0,0.35,0.0,24.7018538316,129.2690897488887,0.0
20,0.0,0.35,0.5,480.0602662152,232.6186483714052,32.888342043942004
20,0.0,0.35,0.6,576.0468255498,251.6471339202577,63.84316429029002
20,0.0,0.35,0.7,672.076257952,270.8824842690738,99.08551948218
20,0.0,0.35,0.8,768.0776931234,290.2741998357072,137.15498626691402
20,0.0,0.35,0.9,864.1090293176001,309.4660326461036,177.36986114001002
20,0.0,0.35,1.0,960.1054054900001,328.4195192370498,219.84292382652603
20,0.0,0.4,0.0,29.278498407400004,129.7599876806677,0.0
20,0.0,0.4,0.5,480.05926426260004,231.4819862492969,0.0
20,0.0,0.4,0.6,576.0651068766001,250.5806735249932,-4.500209016072
20,0.0,0.4,0.7,672.0599304738001,269.9324982486619,27.357276725394
20,0.0,0.4,0.8,768.0707812096,289.3527684279234,62.156699076318006
20,0.0,0.4,0.9,864.1171434104001,308.5507977787354,99.10538033965803
20,0.0,0.4,1.0,960.1047046976001,327.6011988231879,138.30906893911802
20,0.0,0.45,0.0,35.1038303088,130.2986857579606,0.0
20,0.0,0.45,0.5,480.049046972,230.1484827986029,0.0
20,0.0,0.45,0.6,576.0426183336,249.2679861459675,-73.28247840375
20,0.0,0.45,0.7,672.0601307002,268.8088144751883,-44.76499781061
20,0.0,0.45,0.8,768.0650214182001,288.2414201909644,-13.250768751528001
20,0.0,0.45,0.9,864.1055237144001,307.5197449159938,20.576592089592005
20,0.0,0.45,1.0,960.096690718,326.650213964438,56.61006899116802
20,0.0,0.5,0.0,41.8744310446,130.9180801483262,0.0
20,0.0,0.5,0.5,480.03687583280004,228.587183855484,0.0
20,0.0,0.5,0.6,576.0310987508,247.6987919354985,-142.69556855215203
20,0.0,0.5,0.7,672.0554729746,267.4911581678309,-117.322283352582
20,0.0,0.5,0.8,768.0669752668,286.9713647292933,-89.111586706758
20,0.0,0.5,0.9,864.0630510996001,306.2828129921074,-58.453767216768
20,0.0,0.5,1.0,960.0735514392001,325.4402090379207,-25.504428511254
20,0.0,0.55,0.0,49.437070797400004,131.599194794702,0.0
20,0.0,0.55,0.5,480.048845925,226.7578135446793,0.0
20,0.0,0.55,0.6,576.059497255,245.9351975854123,-212.80757103375004
20,0.0,0.55,0.7,672.0704481040001,265.7853013520821,-190.534693394892
20,0.0,0.55,0.8,768.0710323132,285.5398899745986,-165.504743166378
20,0.0,0.55,0.9,864.0814825962001,304.8447706999002,-138.030434662428
20,0.0,0.55,1.0,960.0869739934,324.1041638126644,-108.03718324383603
20,761.9999756160008,0.0,0.0,12.275881404600002,118.9626898092171,0.0
20,761.9999756160008,0.0,0.5,480.05475670680005,223.3399319110043,467.62100242473
20,761.9999756160008,0.0,0.6,576.0637044712,242.2723736565363,524.821089099384
20,761.9999756160008,0.0,0.7,672.0846223278,261.4345383951737,586.639791513468
20,761.9999756160008,0.0,0.8,768.0823516696,280.3226345255376,650.4720541061821
20,761.9999756160008,0.0,0.9,864.081883049,299.6138950257643,715.8644533545121
20,761.9999756160008,0.0,1.0,960.1000970286001,318.9308544434364,782.6497450828981
20,761.9999756160008,0.05,0.0,12.631112579800002,118.9951209438447,0.0
20,761.9999756160008,0.05,0.5,480.04288590720006,223.279695643382,407.55498765504603
20,761.9999756160008,0.05,0.6,576.0551899256001,242.2219746599837,461.3495170977
20,761.9999756160008,0.05,0.7,672.0691458118001,261.3924772425837,519.649407929652
20,761.9999756160008,0.05,0.8,768.0700303606001,280.2670673008256,580.048340383974
20,761.9999756160008,0.05,0.9,864.0552373464,299.559412721945,642.176371127214
20,761.9999756160008,0.05,1.0,960.0836686166,318.8646359061054,705.8267593487881
20,761.9999756160008,0.1,0.0,13.468296905800003,119.1249306292298,0.0
20,761.9999756160008,0.1,0.5,480.0624194696,223.1237870373764,347.566615675818
20,761.9999756160008,0.1,0.6,576.0624522356001,242.0810575180078,397.919012397522
20,761.9999756160008,0.1,0.7,672.0993479947999,261.278743942121,452.674403176842
20,761.9999756160008,0.1,0.8,768.0836030846,280.1276060768394,509.6627092076521
20,761.9999756160008,0.1,0.9,864.100014206,299.4046746515468,568.5669494431081
20,761.9999756160008,0.1,1.0,960.125239392,318.6702643047265,629.0658173872381
20,761.9999756160008,0.15,0.0,14.917617649000002,119.3309884052436,0.0
20,761.9999756160008,0.15,0.5,480.05115016980005,222.8525460538873,287.55073501446606
20,761.9999756160008,0.15,0.6,576.0437704560001,241.8356871492335,334.476446348814
20,761.9999756160008,0.15,0.7,672.0585280684002,261.0360290330219,385.71869658168004
20,761.9999756160008,0.15,0.8,768.0673757196001,279.8846343235961,439.28558213832605
20,761.9999756160008,0.15,0.9,864.0728679374,299.134604671505,494.90667926653805
20,761.9999756160008,0.15,1.0,960.089678691,318.344769323324,552.3267522164701
20,761.9999756160008,0.2,0.0,16.963603217000003,119.6419059609907,0.0
20,761.9999756160008,0.2,0.5,480.0478948496,222.4667011197496,227.44234650106202
20,761.9999756160008,0.2,0.6,576.0406653056,241.4470290933503,271.004184428208
20,761.9999756160008,0.2,0.7,672.0672428404,260.6777819787717,318.753174544266
20,761.9999756160008,0.2,0.8,768.0736360770001,279.5659071152136,368.88501250477805
20,761.9999756160008,0.2,0.9,864.0531341486001,298.7591102288851,421.21542634802404
20,761.9999756160008,0.2,1.0,960.075855684,317.9201325023134,475.498134591018
20,761.9999756160008,0.25,0.0,19.5474978292,120.0164006295927,0.0
20,761.9999756160008,0.25,0.5,480.0617186772,221.9859543796607,167.22213240579
20,761.9999756160008,0.25,0.6,576.0662089424002,240.9460085081194,207.42959921329802
20,761.9999756160008,0.25,0.7,672.0670926706,260.2136828562097,251.69779179052202
20,761.9999756160008,0.25,0.8,768.0672255498001,279.1376726048263,298.354048194972
20,761.9999756160008,0.25,0.9,864.0781763988001,298.2902994899756,347.478144583416
20,761.9999756160008,0.25,1.0,960.1135195828001,317.3953545355167,398.67817275686417
20,761.9999756160008,0.3,0.0,22.773345359600004,120.4750746798512,0.0
20,761.9999756160008,0.3,0.5,480.0672774216002,221.3512265342466,106.802497490766
20,761.9999756160008,0.3,0.6,576.0699147720001,240.3184053976232,143.65251056217602
20,761.9999756160008,0.3,0.7,672.0749056032,259.6532400449062,184.528665382446
20,761.9999756160008,0.3,0.8,768.0819003396001,278.6777990128822,227.795237583144
20,761.9999756160008,0.3,0.9,864.1024177434,297.7105250632314,273.65328226005
20,761.9999756160008,0.3,1.0,960.1282444292,316.7625541907829,321.624969396654
20,761.9999756160008,0.35,0.0,26.7135596552,121.0169423729475,0.0
20,761.9999756160008,0.35,0.5,480.0617687338,220.5829341198404,46.11686213349601
20,761.9999756160008,0.35,0.6,576.0720688470001,239.5674740566997,79.619667498756
20,761.9999756160008,0.35,0.7,672.078912593,258.9713539304182,117.19364038536001
20,761.9999756160008,0.35,0.8,768.0983788082001,278.0222976692371,157.116738270954
20,761.9999756160008,0.35,0.9,864.1003145456001,297.0495125647283,199.62698318362803
20,761.9999756160008,0.35,1.0,960.113619696,316.0446036964529,244.415232729822
20,761.9999756160008,0.4,0.0,31.451493161000005,121.4024453160664,0.0
20,761.9999756160008,0.4,0.5,480.0545056032,219.5424584922435,0.0
20,761.9999756160008,0.4,0.6,576.0671099612001,238.6997684555022,15.281386074570001
20,761.9999756160008,0.4,0.7,672.0838214222,258.1158842158215,49.543806852078006
20,761.9999756160008,0.4,0.8,768.1080454762001,277.2086893395627,86.24960729662202
20,761.9999756160008,0.4,0.9,864.1137370998,296.347924305543,125.48588844884401
20,761.9999756160008,0.4,1.0,960.1183274782001,315.2133484430736,167.00944165613402
20,761.9999756160008,0.45,0.0,36.9422451068,121.852852634038,0.0
20,761.9999756160008,0.45,0.5,480.04183471860006,218.3162775308899,0.0
20,761.9999756160008,0.45,0.6,576.0677615176,237.6721855618253,-49.45226782234199
20,761.9999756160008,0.45,0.7,672.0702478776001,257.1467382772385,-18.419088401406004
20,761.9999756160008,0.45,0.8,768.0993799402,276.3065895472195,15.087900514764
20,761.9999756160008,0.45,0.9,864.0916998868001,295.4688679709698,51.159748651704
20,761.9999756160008,0.45,1.0,960.1103143192001,314.3078507290212,89.42643438729002
20,761.9999756160008,0.5,0.0,43.19421105120001,122.4753445928513,0.0
20,761.9999756160008,0.5,0.5,480.04544043500005,216.9096450786537,0.0
20,761.9999756160008,0.5,0.6,576.0463249838,236.3412945295292,-114.68138136609001
20,761.9999756160008,0.5,0.7,672.0788124798,256.0216547265717,-86.826707349228
20,761.9999756160008,0.5,0.8,768.0814998868001,275.1812776906468,-56.54376827206801
20,761.9999756160008,0.5,0.9,864.0986118006002,294.3935845816929,-23.501549843310002
20,761.9999756160008,0.5,1.0,960.0972922178,313.390616781457,11.744093472804
20,761.9999756160008,0.55,0.0,50.254825777200004,123.1333872432187,0.0
20,761.9999756160008,0.55,0.5,480.05140045280007,215.2817425659077,0.0
20,761.9999756160008,0.55,0.6,576.0630028582001,234.7282117835435,-180.578341319376
20,761.9999756160008,0.55,0.7,672.0623348318001,254.73323888524,-155.753972250492
20,761.9999756160008,0.55,0.8,768.0995309306,273.9218450033566,-128.635280253018
20,761.9999756160008,0.55,0.9,864.1028190168,293.1742134989568,-98.624110514622
20,761.9999756160008,0.55,1.0,960.1054054900001,312.1499730152409,-66.41519181759
20,1523.999951232002,0.0,0.0,14.7081192896,110.6855714748254,0.0
20,1523.999951232002,0.0,0.5,463.00657096539993,208.2612161945024,444.30032387895
20,1523.999951232002,0.0,0.6,555.609357479,226.5577735942121,501.469422918618
20,1523.999951232002,0.0,0.7,648.1974692028001,244.8132555801506,562.033549363902
20,1523.999951232002,0.0,0.8,740.8270015321999,263.0736915235417,624.5931219463321
20,1523.999951232002,0.0,0.9,833.4296879326,281.5618509120022,688.5292393554962
20,1523.999951232002,0.0,1.0,926.0220569292,300.8159616436542,753.6748776027241
20,1523.999951232002,0.05,0.0,14.977654386200001,110.7286534542321,0.0
20,1523.999951232002,0.05,0.5,463.61055143920004,208.3372715350631,388.86636603507014
20,1523.999951232002,0.05,0.6,556.3238268192,226.6586572020321,442.8023435358601
20,1523.999951232002,0.05,0.7,649.0540311772,244.9393529553661,500.105384707236
20,1523.999951232002,0.05,0.8,741.7721645092,263.2230040537967,559.508817980574
20,1523.999951232002,0.05,0.9,834.5025690936001,281.7192159038374,620.4839550608161
20,1523.999951232002,0.05,1.0,927.2146923512,300.9837201682845,682.89965752932
20,1523.999951232002,0.1,0.0,15.755443684200003,110.8574137745623,0.0
20,1523.999951232002,0.1,0.5,465.4245960584,208.5633388266352,334.063003871982
20,1523.999951232002,0.1,0.6,558.5047477482001,226.9667480686746,384.936015369444
20,1523.999951232002,0.1,0.7,651.5965183134001,245.3144759330491,439.14043983348
20,1523.999951232002,0.1,0.8,744.6748162678,263.6690281790801,495.57620888252404
20,1523.999951232002,0.1,0.9,837.7555686367999,282.1986489492879,553.804201355328
20,1523.999951232002,0.1,1.0,930.8465883530001,301.4927076003811,613.710145149024
20,1523.999951232002,0.15,0.0,17.1014853526,111.0728947832713,0.0
20,1523.999951232002,0.15,0.5,468.300352652,208.9142618461399,279.611691187752
20,1523.999951232002,0.15,0.6,561.9485728978,227.4347021925973,327.580931803356
20,1523.999951232002,0.15,0.7,655.6135218951999,245.9004178941305,378.80814082511404
20,1523.999951232002,0.15,0.8,749.2628942634001,264.3669045959358,432.439086087624
20,1523.999951232002,0.15,0.9,842.9414159848,282.9871581323596,488.103785113098
20,1523.999951232002,0.15,1.0,936.6022078226001,302.2891831624785,545.5615295933882
20,1523.999951232002,0.2,0.0,19.071173994400002,111.3916219916538,0.0
20,1523.999951232002,0.2,0.5,472.7119294348,209.4643106568085,225.700408869936
20,1523.999951232002,0.2,0.6,567.2502175736,228.2012673418307,270.88013113438205
20,1523.999951232002,0.2,0.7,661.8025806436001,246.8350414534156,319.31567375954404
20,1523.999951232002,0.2,0.8,756.3453271022001,265.4574082229883,370.33872060385215
20,1523.999951232002,0.2,0.9,850.9026982940001,284.2341696684206,423.619500208674
20,1523.999951232002,0.2,1.0,945.4452945828001,303.5394218586592,478.9687546024921
20,1523.999951232002,0.25,0.0,21.473846482000003,111.7578999868457,0.0
20,1523.999951232002,0.25,0.5,477.5904021790001,210.0062929706976,171.496527533562
20,1523.999951232002,0.25,0.6,573.0971427434,228.9848932112855,213.980061329958
20,1523.999951232002,0.25,0.7,668.6275247938,247.8169514699265,259.63573468278605
20,1523.999951232002,0.25,0.8,764.1332141696,266.6044783809308,308.06330654253003
20,1523.999951232002,0.25,0.9,859.6644463616001,285.5247558193777,358.99929638357406
20,1523.999951232002,0.25,1.0,955.1748943968003,304.8546505444071,412.147812170094
20,1523.999951232002,0.3,0.0,24.7022501814,112.175676402522,0.0
20,1523.999951232002,0.3,0.5,480.05265268840003,209.9796939291482,115.84816148228401
20,1523.999951232002,0.3,0.6,576.0696144324,229.0987837059784,155.32989230035201
20,1523.999951232002,0.3,0.7,672.0799145456,248.0232305342466,197.89467505915803
20,1523.999951232002,0.3,0.8,768.0730854544001,266.9016185173728,243.323604845706
20,1523.999951232002,0.3,0.9,864.0957068766,285.8760928772567,291.419678002992
20,1523.999951232002,0.3,1.0,960.1026006792,305.1386841440624,341.92714501176005
20,1523.999951232002,0.35,0.0,28.667665103000004,112.6215723396535,0.0
20,1523.999951232002,0.35,0.5,480.05024833040005,209.3509343182437,58.91435904631201
20,1523.999951232002,0.35,0.6,576.0830369866001,228.4849580147873,95.10566591064001
20,1523.999951232002,0.35,0.7,672.0873270254001,247.4158722628141,134.325486869574
20,1523.999951232002,0.35,0.8,768.0913667812,266.3684166240588,176.440246769556
20,1523.999951232002,0.35,0.9,864.1045217618001,285.2825550664066,221.31353738571002
20,1523.999951232002,0.35,1.0,960.1214334492001,304.3512598818834,268.771141957626
20,1523.999951232002,0.4,0.0,33.3245479468,113.1442160205026,0.0
20,1523.999951232002,0.4,0.5,480.0431361902,208.5770310990656,1.6612269033360003
20,1523.999951232002,0.4,0.6,576.0470758328001,227.7509025972966,34.581897275772
20,1523.999951232002,0.4,0.7,672.0597803040001,246.716311154223,70.537907536404
20,1523.999951232002,0.4,0.8,768.0609651924001,265.7670836636125,109.44952556584201
20,1523.999951232002,0.4,0.9,864.0839870674001,284.5949294911549,151.050868354848
20,1523.999951232002,0.4,1.0,960.0811641454002,303.5538420900844,195.306710894064
20,1523.999951232002,0.45,0.0,38.67518900740001,113.7630527456228,0.0
20,1523.999951232002,0.45,0.5,480.0392801908,207.6342264222081,0.0
20,1523.999951232002,0.45,0.6,576.0383610608,226.9280993408328,-26.238693072900002
20,1523.999951232002,0.45,0.7,672.0627853412001,245.9371676595301,6.511900052658
20,1523.999951232002,0.45,0.8,768.0764909444001,264.942309865191,42.22798489186201
20,1523.999951232002,0.45,0.9,864.0919001131999,283.8452552362334,80.640820898946
20,1523.999951232002,0.45,1.0,960.0929848884001,302.7362641382564,121.792590988992
20,1523.999951232002,0.5,0.0,44.719854159200004,114.4052622878527,0.0
20,1523.999951232002,0.5,0.5,480.04063253960004,206.3768924650277,0.0
20,1523.999951232002,0.5,0.6,576.0386614004001,225.9350243234147,-87.49183322741399
20,1523.999951232002,0.5,0.7,672.0586782382001,245.0044004892498,-57.910717843440004
20,1523.999951232002,0.5,0.8,768.0706310398001,264.0144826171641,-25.30030547814
20,1523.999951232002,0.5,0.9,864.0674585422001,283.0242793626962,10.09906743153
20,1523.999951232002,0.5,1.0,960.0830679374,301.827140196589,48.00476410052401
20,1523.999951232002,0.55,0.0,52.876817565,115.1471343755783,0.0
20,1523.999951232002,0.55,0.5,480.05024833040005,204.9080822092897,0.0
20,1523.999951232002,0.55,0.6,576.0574933498001,224.7170385148326,-149.316324110184
20,1523.999951232002,0.55,0.7,672.0771597914,243.9616403990747,-122.73086604378601
20,1523.999951232002,0.55,0.8,768.0742375768,262.9852861434274,-93.217093596858
20,1523.999951232002,0.55,0.9,864.1049222146,281.9352891979498,-60.87370921262401
20,1523.999951232002,0.55,1.0,960.1026006792,300.8726423274971,-25.925968972596003
20,2285.999926848002,0.0,0.0,16.5397600346,102.9596729545496,0.0
20,2285.999926848002,0.0,0.5,440.6857405522,193.7399303998912,418.9604483701561
20,2285.999926848002,0.0,0.6,528.8305215556001,210.9917721383471,474.37208415643204
20,2285.999926848002,0.0,0.7,616.9446498666,228.0791531561281,532.620118529268
20,2285.999926848002,0.0,0.8,705.0889803606001,245.3971703906378,593.0039363768522
20,2285.999926848002,0.0,0.9,793.2328595246,263.4332518045904,654.809686908762
20,2285.999926848002,0.0,1.0,881.3625652854,282.3496747095165,717.851057764764
20,2285.999926848002,0.05,0.0,16.794667115600003,102.9984718590221,0.0
20,2285.999926848002,0.05,0.5,441.39765454400003,193.846296624331,367.908811481442
20,2285.999926848002,0.05,0.6,529.6837264554,211.1190119787717,420.25340536040403
20,2285.999926848002,0.05,0.7,617.9423517586001,228.2373317216729,475.43937404964004
20,2285.999926848002,0.05,0.8,706.2148008894001,245.5845459130908,532.9303765364041
20,2285.999926848002,0.05,0.9,794.4963652450001,263.6327350254921,592.0263897669661
20,2285.999926848002,0.05,1.0,882.7904010794001,282.5682036956364,652.638071687448
20,2285.999926848002,0.1,0.0,17.563355139000002,103.1224064100517,0.0
20,2285.999926848002,0.1,0.5,443.72567622900004,194.1837701803502,317.702980939806
20,2285.999926848002,0.1,0.6,532.4678770091999,211.5541709885694,367.19355149492407
20,2285.999926848002,0.1,0.7,621.1928476512,228.7768153022771,419.58928744887
20,2285.999926848002,0.1,0.8,709.93609962,246.1877638007802,474.4325964068461
20,2285.999926848002,0.1,0.9,798.6896197566001,264.311851059512,531.083057459724
20,2285.999926848002,0.1,1.0,887.4432391858002,283.2614831169374,589.63164693741
20,2285.999926848002,0.15,0.0,18.869818448800004,103.3234742049351,0.0
20,2285.999926848002,0.15,0.5,447.52375603980005,194.7342330293931,268.064483938944
20,2285.999926848002,0.15,0.6,537.0287078024,212.2649111332668,314.93126836848603
20,2285.999926848002,0.15,0.7,626.5244434064001,229.6492325198222,364.694019277896
20,2285.999926848002,0.15,0.8,716.0163230110002,247.1800678179262,417.02726619246005
20,2285.999926848002,0.15,0.9,805.5249305466001,265.432337146784,471.56639919450606
20,2285.999926848002,0.15,1.0,895.0298823092002,284.3951038113944,528.2684524822321
20,2285.999926848002,0.2,0.0,20.7673148056,103.5699439976413,0.0
20,2285.999926848002,0.2,0.5,452.75753545440006,195.4823947576885,218.79091979652603
20,2285.999926848002,0.2,0.6,543.3058669874,213.2315447712057,263.16399472902003
20,2285.999926848002,0.2,0.7,633.8641154714,230.8507279051075,310.493103124974
20,2285.999926848002,0.2,0.8,724.4294760956001,248.5659408071305,360.51623726441403
20,2285.999926848002,0.2,0.9,814.9786093548,266.9609551287308,413.129503186554
20,2285.999926848002,0.2,1.0,905.5295955288,285.9491928727207,468.04516066354216
20,2285.999926848002,0.25,0.0,23.2653262424,103.8632932267985,0.0
20,2285.999926848002,0.25,0.5,458.26157537600005,196.202786440987,169.18504959972
20,2285.999926848002,0.25,0.6,549.9098342254,214.1742203242312,211.05351823063202
20,2285.999926848002,0.25,0.7,641.5511302838,232.0588338691826,255.93493129650602
20,2285.999926848002,0.25,0.8,733.2112591122002,249.9531274909734,303.62360977687206
20,2285.999926848002,0.25,0.9,824.8817545804001,268.4386884962352,354.281185528116
20,2285.999926848002,0.25,1.0,916.5210475542,287.5093923919079,407.50145288252406
20,2285.999926848002,0.3,0.0,26.448610892,104.2698976239681,0.0
20,2285.999926848002,0.3,0.5,463.3258656048,196.7560904821736,118.85572846408802
20,2285.999926848002,0.3,0.6,555.9743808740001,214.9219535111131,158.16293915314202
20,2285.999926848002,0.3,0.7,648.6399244138,233.0817912290665,200.519899739082
20,2285.999926848002,0.3,0.8,741.2989072566,251.1316079567268,245.72719429519802
20,2285.999926848002,0.3,0.9,833.9812296046,269.6898694221174,294.29830354201204
20,2285.999926848002,0.3,1.0,926.6518313228001,288.8197096936406,345.325675835448
20,2285.999926848002,0.35,0.0,30.201469898600003,104.7240312873084,0.0
20,2285.999926848002,0.35,0.5,469.392165055,197.4228709796789,68.37562334618401
20,2285.999926848002,0.35,0.6,563.2642679576,215.8503660269437,105.212014188666
20,2285.999926848002,0.35,0.7,657.1653191664001,234.2980352694367,145.182780089424
20,2285.999926848002,0.35,0.8,751.0281558538001,252.5424093309444,187.99040452269
20,2285.999926848002,0.35,0.9,844.9387235608001,271.2556081665608,234.52201068219003
20,2285.999926848002,0.35,1.0,938.7984542772001,290.3811368249116,283.42488285573
20,2285.999926848002,0.4,0.0,34.5686423742,105.2452185823279,0.0
20,2285.999926848002,0.4,0.5,475.44544240380003,197.9839846735009,17.245888614108
20,2285.999926848002,0.4,0.6,570.5200468022,216.6920297839971,51.56385520440001
20,2285.999926848002,0.4,0.7,665.6160368572001,235.3549157056156,89.11830485342401
20,2285.999926848002,0.4,0.8,760.6973521224,253.9082367809126,129.59669939647202
20,2285.999926848002,0.4,0.9,855.7976495068001,272.789651688651,173.844737533698
20,2285.999926848002,0.4,1.0,950.891286081,291.8421374280142,220.66158846963
20,2285.999926848002,0.45,0.0,39.591524306400004,105.8305967962442,0.0
20,2285.999926848002,0.45,0.5,480.0467927838001,198.1834393561644,0.0
20,2285.999926848002,0.45,0.6,576.0591969154001,217.0818443402885,-3.42018742758
20,2285.999926848002,0.45,0.7,672.0581776722,235.8913583264084,31.510158048138003
20,2285.999926848002,0.45,0.8,768.0734358506,254.7540554247483,69.52079089586402
20,2285.999926848002,0.45,0.9,864.07727538,273.7615677077021,111.21860000790001
20,2285.999926848002,0.45,1.0,960.0957896992,292.6617139921981,155.429343379002
20,2285.999926848002,0.5,0.0,46.87247669720001,106.6254522285222,0.0
20,2285.999926848002,0.5,0.5,480.03797789860005,197.3305535217273,0.0
20,2285.999926848002,0.5,0.6,576.0571930102002,216.2894801558559,-60.815061211212004
20,2285.999926848002,0.5,0.7,672.0629855676,235.1243936418398,-29.045978059560003
20,2285.999926848002,0.5,0.8,768.091516951,254.0025528512202,5.944057635516
20,2285.999926848002,0.5,0.9,864.0869921046,273.0054966768575,44.446524385956
20,2285.999926848002,0.5,1.0,960.0901800776,291.7629269746894,85.43239588699201
20,2285.999926848002,0.55,0.0,55.3541441376,107.6011161135807,0.0
20,2285.999926848002,0.55,0.5,480.0383783513999,196.0938358685476,0.0
20,2285.999926848002,0.55,0.6,576.0392128436,215.3875235225438,-118.62670474023601
20,2285.999926848002,0.55,0.7,672.0592789174,234.2534042718861,-89.970570015942
20,2285.999926848002,0.55,0.8,768.0662736538001,253.029637993831,-58.070676279462006
20,2285.999926848002,0.55,0.9,864.073168277,272.2046804955094,-22.458221176776
20,2285.999926848002,0.55,1.0,960.076856816,290.8804156419305,15.302998641084
20,3047.999902464003,0.0,0.0,18.145557709400002,95.6495091963168,0.0
20,3047.999902464003,0.0,0.5,416.6786321192,179.7793447285675,393.28612854762
20,3047.999902464003,0.0,0.6,500.0159116106001,195.8264643894584,446.40586346109603
20,3047.999902464003,0.0,0.7,583.350335414,211.7970856653361,502.450742063886
20,3047.999902464003,0.0,0.8,666.6973816866,228.1312508796154,559.9792643967061
20,3047.999902464003,0.0,0.9,750.022590152,245.6396565259911,619.9254828191041
20,3047.999902464003,0.0,1.0,833.3621230110001,264.2938902151865,680.511373515204
20,3047.999902464003,0.05,0.0,18.405631288000002,95.68131202186338,0.0
20,3047.999902464003,0.05,0.5,417.40136572200004,179.8818844898848,346.39767283506
20,3047.999902464003,0.05,0.6,500.88023646100004,195.9656397632224,396.611567109912
20,3047.999902464003,0.05,0.7,584.3609100582,211.966414728749,449.78834510702404
20,3047.999902464003,0.05,0.8,667.8234024418001,228.3058487567813,504.64647508921803
20,3047.999902464003,0.05,0.9,751.3092351512,245.8537312077475,562.06363667916
20,3047.999902464003,0.05,1.0,834.8007775954,264.4960288957635,620.476488278724
20,3047.999902464003,0.1,0.0,19.094288655200003,95.77335111503221,0.0
20,3047.999902464003,0.1,0.5,419.53292674040006,180.1886621297288,300.249490339722
20,3047.999902464003,0.1,0.6,503.42397583280007,196.3732294313708,347.79329073951004
20,3047.999902464003,0.1,0.7,587.340092614,212.4598399320512,398.271414175404
20,3047.999902464003,0.1,0.8,671.2359249838,228.8515003395627,450.69653284656005
20,3047.999902464003,0.1,0.9,755.1377165508001,246.4885301648372,505.88653340240404
20,3047.999902464003,0.1,1.0,839.0553859071999,265.1108113196952,562.305318702666
20,3047.999902464003,0.15,0.0,20.4487070084,95.92457664292843,0.0
20,3047.999902464003,0.15,0.5,423.080504451,180.7013043276785,254.69804367453602
20,3047.999902464003,0.15,0.6,507.68850109560003,197.0269033920893,299.68374214455605
20,3047.999902464003,0.15,0.7,592.3094706056,213.2823718413318,347.713661374002
20,3047.999902464003,0.15,0.8,676.9075010632001,229.7680914750068,397.92692444643603
20,3047.999902464003,0.15,0.9,761.5251143192002,247.5434831003357,451.12072533666606
20,3047.999902464003,0.15,1.0,846.1526945828001,266.1432059474735,505.752738061956
20,3047.999902464003,0.2,0.0,22.308970281400004,96.15411343572531,0.0
20,3047.999902464003,0.2,0.5,428.0587473844,181.4189975100245,209.52322913121603
20,3047.999902464003,0.2,0.6,513.6816260026001,197.9497191383471,252.16284607437004
20,3047.999902464003,0.2,0.7,599.2883273124,214.4378799609907,297.908600330418
20,3047.999902464003,0.2,0.8,684.9001368572001,231.0847049670689,346.133071802826
20,3047.999902464003,0.2,0.9,770.5145009298001,249.0214167033475,397.51856094720006
20,3047.999902464003,0.2,1.0,856.1232053242001,267.5884440862742,450.4989028801801
20,3047.999902464003,0.25,0.0,24.724968492400002,96.4757749364057,0.0
20,3047.999902464003,0.25,0.5,434.51691533799993,182.3685694920621,164.57004981832802
20,3047.999902464003,0.25,0.6,521.4286931436001,199.140521105416,205.02563299957203
20,3047.999902464003,0.25,0.7,608.3412718548001,215.927263947292,248.67448878564602
20,3047.999902464003,0.25,0.8,695.242932483,232.8083799359521,295.142730051246
20,3047.999902464003,0.25,0.9,782.1543590718001,250.922359044271,344.88554670754803
20,3047.999902464003,0.25,1.0,869.0438485608001,269.4574624310986,396.23538514791
20,3047.999902464003,0.3,0.0,27.6904544136,96.85241137639481,0.0
20,3047.999902464003,0.3,0.5,442.42365482700006,183.5316159171732,119.65303987190401
20,3047.999902464003,0.3,0.6,530.9010036748,200.588557862923,158.06147214118803
20,3047.999902464003,0.3,0.7,619.405648961,217.7446271452418,199.77451329297003
20,3047.999902464003,0.3,0.8,707.8785895456,234.9479113052708,244.559259421092
20,3047.999902464003,0.3,0.9,796.3767734274,253.2587607482537,292.873454604654
20,3047.999902464003,0.3,1.0,884.8626368208002,271.7354982916629,342.697427255568
20,3047.999902464003,0.35,0.0,31.242786680600002,97.29887106069128,0.0
20,3047.999902464003,0.35,0.5,451.30570859880004,184.8094955345187,74.44362173556001
20,3047.999902464003,0.35,0.6,541.5736115702,202.1667322616348,110.8327836462
20,3047.999902464003,0.35,0.7,631.8360559104001,219.7635432881249,150.714031343568
20,3047.999902464003,0.35,0.8,722.1006034484001,237.3558139276966,193.89268536561002
20,3047.999902464003,0.35,0.9,812.3564862710001,255.8004417425383,240.85752146379002
20,3047.999902464003,0.35,1.0,902.622034941,274.2544212105598,289.02620247131404
20,3047.999902464003,0.4,0.0,35.3378071662,97.79395194965073,0.0
20,3047.999902464003,0.4,0.5,456.4178800170001,185.3066611183888,27.132319119444002
20,3047.999902464003,0.4,0.6,547.68423655,202.806228799873,60.981669291312
20,3047.999902464003,0.4,0.7,638.9805449830001,220.7033491107684,98.53417640266201
20,3047.999902464003,0.4,0.8,730.2701909646,238.5064817750159,139.412200364976
20,3047.999902464003,0.4,0.9,821.5532762492002,256.8343783708609,184.19795445975004
20,3047.999902464003,0.4,1.0,912.8342583360002,275.3950669900209,230.27191929403202
20,3047.999902464003,0.45,0.0,41.5942658956,98.44795433402885,0.0
20,3047.999902464003,0.45,0.5,462.689229354,185.9579504987753,0.0
20,3047.999902464003,0.45,0.6,555.2290586150001,203.7231483589767,11.092594716588001
20,3047.999902464003,0.45,0.7,647.7711921207999,221.7979215420484,46.347456523830004
20,3047.999902464003,0.45,0.8,740.2988010066001,239.9638987239409,85.141739406108
20,3047.999902464003,0.45,0.9,832.8494982940001,258.312711509208,127.64287347457801
20,3047.999902464003,0.45,1.0,925.3832674240001,276.8443028213735,171.69301742115601
20,3047.999902464003,0.5,0.0,48.571876111,99.18112459829449,0.0
20,3047.999902464003,0.5,0.5,470.24341774740003,186.7696888720857,0.0
20,3047.999902464003,0.5,0.6,564.3004855312,204.8603672106505,-39.02648219038801
20,3047.999902464003,0.5,0.7,658.3520438066,223.1194183477275,-5.980456974954
20,3047.999902464003,0.5,0.8,752.4015989974,241.7582465345187,30.984537690414
20,3047.999902464003,0.5,0.9,846.4324715880001,260.2989471587589,71.19859053245399
20,3047.999902464003,0.5,1.0,940.4936464748,278.6102957869908,113.38431911360401
20,3047.999902464003,0.55,0.0,56.64221698080001,100.0828954991382,0.0
20,3047.999902464003,0.55,0.5,478.6801614408,187.623488397986,0.0
20,3047.999902464003,0.55,0.6,574.418547538,206.1112482511113,-89.71951781700601
20,3047.999902464003,0.55,0.7,670.1665001900001,224.6156982952009,-58.84555798275
20,3047.999902464003,0.55,0.8,765.8986259298001,243.7400844883426,-23.519243083182
20,3047.999902464003,0.55,0.9,861.6280970286001,262.5128201708247,14.496576389064002
20,3047.999902464003,0.55,1.0,957.3657314562003,280.8694571117663,54.58508845251001
20,3809.999878080004,0.0,0.0,20.127927083000003,88.90625613698631,0.0
20,3809.999878080004,0.0,0.5,394.95271619100004,167.0573471346276,370.31146635991206
20,3809.999878080004,0.0,0.6,473.942478218,182.2871031143972,422.001503331408
20,3809.999878080004,0.0,0.7,552.9292852644,197.5311216635217,476.317322789616
20,3809.999878080004,0.0,0.8,631.9033204924,213.4107967204028,531.709469589606
20,3809.999878080004,0.0,0.9,710.9096110446001,229.8383072370498,589.8419303104021
20,3809.999878080004,0.0,1.0,789.9024281654001,247.5712381744534,646.79906277063
20,3809.999878080004,0.05,0.0,20.395628959200003,88.94098576939128,0.0
20,3809.999878080004,0.05,0.5,395.65699285860006,167.1628137028032,327.19332458828404
20,3809.999878080004,0.05,0.6,474.77820433780005,182.4213956423841,376.10149592631
20,3809.999878080004,0.05,0.7,553.912762876,197.6944544220267,427.70925639657605
20,3809.999878080004,0.05,0.8,633.0439668014001,213.59681597478,480.67395527428204
20,3809.999878080004,0.05,0.9,712.1630988802001,230.0448291103148,536.453151482556
20,3809.999878080004,0.05,1.0,791.299110701,247.7664097821827,591.4458156545401
20,3809.999878080004,0.1,0.0,21.136206509,89.03476663077203,0.0
20,3809.999878080004,0.1,0.5,397.6951950356001,167.4598682245305,284.759797681128
20,3809.999878080004,0.1,0.6,477.2323916316,182.8102104246575,331.099449802968
20,3809.999878080004,0.1,0.7,556.7702881994,198.168490933412,380.216113660614
20,3809.999878080004,0.1,0.8,636.2932096378,214.141782172004,431.0167423877701
20,3809.999878080004,0.1,0.9,715.8699230474,230.6386237653089,484.776854172996
20,3809.999878080004,0.1,1.0,795.3901906654002,248.3415011308174,537.965018278842
20,3809.999878080004,0.15,0.0,22.4079953658,89.19695692406786,0.0
20,3809.999878080004,0.15,0.5,401.123644603,167.9619166541776,242.93359025397004
20,3809.999878080004,0.15,0.6,481.34666011080014,183.4638984205752,286.85787048118203
20,3809.999878080004,0.15,0.7,561.574885608,198.9686217292026,333.682750899036
20,3809.999878080004,0.15,0.8,641.8019081056001,215.0422683842874,382.56501357967215
20,3809.999878080004,0.15,0.9,722.0341898286,231.6493737768303,434.48191155045606
20,3809.999878080004,0.15,1.0,802.247539489,249.3002245305271,486.0570794679601
20,3809.999878080004,0.2,0.0,24.1320300122,89.44920921881521,0.0
20,3809.999878080004,0.2,0.5,405.9544109456,168.6705725718044,201.53573440261803
20,3809.999878080004,0.2,0.6,487.1312795843999,184.3825171744534,243.215904098244
20,3809.999878080004,0.2,0.7,568.3255022720001,200.0858095446793,287.89836118335603
20,3809.999878080004,0.2,0.8,649.5168700922001,216.3170640005443,335.07531065223606
20,3809.999878080004,0.2,0.9,730.7081386198,233.0556778054069,385.378351259286
20,3809.999878080004,0.2,1.0,811.8976034686001,250.6495189837613,435.46117561808404
20,3809.999878080004,0.25,0.0,26.379135613600003,89.74389366324958,0.0
20,3809.999878080004,0.25,0.5,412.15691768680006,169.5766700566996,160.33828776550203
20,3809.999878080004,0.25,0.6,494.58750064680004,185.5365834113218,199.974403844754
20,3809.999878080004,0.25,0.7,577.0020047704,201.5263791084097,242.66385152763604
20,3809.999878080004,0.25,0.8,659.4403506064001,217.9529478631951,288.327275458992
20,3809.999878080004,0.25,0.9,741.8737375566,234.8862476578971,337.13362748604
20,3809.999878080004,0.25,1.0,824.3087271386001,252.3819032615441,385.85096039998206
20,3809.999878080004,0.3,0.0,29.116587462600005,90.09708664229339,0.0
20,3809.999878080004,0.3,0.5,419.74443803160005,170.7137176789441,119.26562348547002
20,3809.999878080004,0.3,0.6,503.69593990540005,186.9874898992108,157.020516600024
20,3809.999878080004,0.3,0.7,587.6378506064,203.2742970767486,197.815295238792
20,3809.999878080004,0.3,0.8,671.6045532746001,219.9327156251474,242.07992078839803
20,3809.999878080004,0.3,0.9,755.5450615702001,237.1550600534337,289.341651996012
20,3809.999878080004,0.3,1.0,839.4980413446001,254.5289874393541,336.990197745894
20,3809.999878080004,0.35,0.0,33.073848082000005,90.57315732187246,0.0
20,3809.999878080004,0.35,0.5,428.5406201164,172.0201083998004,78.046657249638
20,3809.999878080004,0.35,0.6,514.2278083360001,188.6529847571441,113.992959714942
20,3809.999878080004,0.35,0.7,599.9512580490001,205.278607723578,153.05259226488002
20,3809.999878080004,0.35,0.8,685.6677466122001,222.2396340541595,195.927633030822
20,3809.999878080004,0.35,0.9,771.3627477644001,239.7105900465391,241.62579266733601
20,3809.999878080004,0.35,1.0,857.0666146790002,257.1690963494511,288.341254879986
20,3809.999878080004,0.4,0.0,38.106177582,91.15867120938039,0.0
20,3809.999878080004,0.4,0.5,438.47797369420005,173.4800951936859,36.495032660394
20,3809.999878080004,0.4,0.6,526.1650740742,190.4994162560102,70.73893816697401
20,3809.999878080004,0.4,0.7,613.8650455652,207.5400530430917,108.12666230289
20,3809.999878080004,0.4,0.8,701.5637656412001,224.8349267020775,149.70867268295402
20,3809.999878080004,0.4,0.9,789.2414004002001,242.5740827181348,193.92837521395802
20,3809.999878080004,0.4,1.0,876.9522407382,260.1331867786446,239.62683332603402
20,3809.999878080004,0.45,0.0,43.8725403468,91.81345161163023,0.0
20,3809.999878080004,0.45,0.5,447.63594765120007,174.7175272385013,0.0
20,3809.999878080004,0.45,0.6,537.1627364004,192.0639989678854,26.193447113526002
20,3809.999878080004,0.45,0.7,626.7062539012001,209.5988745319786,61.989645729396
20,3809.999878080004,0.45,0.8,716.2266321232,227.19985448045,101.84901663598201
20,3809.999878080004,0.45,0.9,805.733386744,245.0399226425656,144.31648168245002
20,3809.999878080004,0.45,1.0,895.2826139796,262.7463406209744,188.709696375816
20,3809.999878080004,0.5,0.0,50.3816856136,92.52753260156038,0.0
20,3809.999878080004,0.5,0.5,454.44130818240006,175.420529310079,0.0
20,3809.999878080004,0.5,0.6,545.3244108708001,193.001192372131,-20.284144755336
20,3809.999878080004,0.5,0.7,636.209567521,210.8656602600925,13.552180138728001
20,3809.999878080004,0.5,0.8,727.1130046774001,228.7608820763858,51.381310486506
20,3809.999878080004,0.5,0.9,817.9759230676,246.5303344732831,91.59943433949
20,3809.999878080004,0.5,1.0,908.8864223076,264.4687875099338,134.288529723348
20,3809.999878080004,0.55,0.0,57.80938918480002,93.32996236296833,0.0
20,3809.999878080004,0.55,0.5,461.78608848240003,176.1462464157671,0.0
20,3809.999878080004,0.55,0.6,554.1554774822,194.0416109232514,-67.348387894788
20,3809.999878080004,0.55,0.7,646.5167023326,212.143525374399,-35.43804262059601
20,3809.999878080004,0.55,0.8,738.8812325598001,230.4428243163386,0.5007588113220001
20,3809.999878080004,0.55,0.9,831.222072065,248.2200007511567,38.275047944364005
20,3809.999878080004,0.55,1.0,923.5825953023999,266.2789548612901,79.28070690724802
20,4571.999853696005,0.0,0.0,21.857263626,82.56404626109045,0.0
20,4571.999853696005,0.0,0.5,372.69098621040007,154.9443064213009,347.816023812642
20,4571.999853696005,0.0,0.6,447.2239449062,169.3717757986936,398.03268265622404
20,4571.999853696005,0.0,0.7,521.756201989,184.0149610404609,449.81216443548004
20,4571.999853696005,0.0,0.8,596.2915141656001,198.9031030804681,503.51179822158605
20,4571.999853696005,0.0,0.9,670.8204658716,214.1939374398077,559.1006404169341
20,4571.999853696005,0.0,1.0,745.3599352078002,231.0449998565726,612.3417765954721
20,4571.999853696005,0.05,0.0,22.1118900618,82.59965402912094,0.0
20,4571.999853696005,0.05,0.5,373.434430116,155.0591821869727,308.25923862333605
20,4571.999853696005,0.05,0.6,448.11541602520003,169.5243720977048,355.84240354601405
20,4571.999853696005,0.05,0.7,522.80298807,184.1866461459675,405.1731233120341
20,4571.999853696005,0.05,0.8,597.4796912677999,199.1126659135444,456.623381653362
20,4571.999853696005,0.05,0.9,672.1788830086,214.4234742326046,510.1206832597259
20,4571.999853696005,0.05,1.0,746.8528322728001,231.2611016889232,561.617606542608
20,4571.999853696005,0.1,0.0,22.797736874,82.69949528948563,0.0
20,4571.999853696005,0.1,0.5,375.50040467940005,155.3694003219632,269.422601569506
20,4571.999853696005,0.1,0.6,450.5958477482,169.936816073392,314.572256090862
20,4571.999853696005,0.1,0.7,525.6963744340001,184.6529726546312,361.668568227582
20,4571.999853696005,0.1,0.8,600.7795208118,199.6847017993287,411.1119894299879
20,4571.999853696005,0.1,0.9,675.8992306638,215.0356582733376,462.76413468423607
20,4571.999853696005,0.1,1.0,750.9951997372001,231.8582086509118,512.7345609752521
20,4571.999853696005,0.15,0.0,23.9539220646,82.87136612746077,0.0
20,4571.999853696005,0.15,0.5,379.00914093020003,155.9150804429829,231.26667962567402
20,4571.999853696005,0.15,0.6,454.81003740700004,170.6398036419305,274.159619139252
20,4571.999853696005,0.15,0.7,530.5981366267999,185.4388263780278,319.19625417649206
20,4571.999853696005,0.15,0.8,606.3969044672,200.6544760469927,366.906212496516
20,4571.999853696005,0.15,0.9,682.199729354,216.0550319790438,416.80481382401405
20,4571.999853696005,0.15,1.0,758.0039566462,232.8664318587499,465.55999931086814
20,4571.999853696005,0.2,0.0,25.5703776922,83.09160132595483,0.0
20,4571.999853696005,0.2,0.5,383.90041011080007,156.6651406658804,193.51680187917
20,4571.999853696005,0.2,0.6,460.6624720852,171.6125046964529,234.301608498342
20,4571.999853696005,0.2,0.7,537.4639007034001,186.5409941912365,277.50389591324404
20,4571.999853696005,0.2,0.8,614.2261620836001,201.9995019283317,323.690376248316
20,4571.999853696005,0.2,0.9,691.0155196758001,217.4803962758777,371.993263611816
20,4571.999853696005,0.2,1.0,767.7945098076,234.2679671945024,419.69318140965606
20,4571.999853696005,0.25,0.0,28.265557152800003,83.42855370824641,0.0
20,4571.999853696005,0.25,0.5,390.120046877,157.6094012607276,156.04246600681202
20,4571.999853696005,0.25,0.6,468.1239014957999,172.8465954281956,194.93052403902
20,4571.999853696005,0.25,0.7,546.1532250768,187.920870875533,236.295939021912
20,4571.999853696005,0.25,0.8,624.1602603412,203.7056015530255,281.173843776672
20,4571.999853696005,0.25,0.9,702.2043588252,219.2553553945387,327.975746469294
20,4571.999853696005,0.25,1.0,780.21835606,236.045125161027,374.735221594734
20,4571.999853696005,0.3,0.0,31.585775324400004,83.8405836455593,0.0
20,4571.999853696005,0.3,0.5,397.25529517300004,158.6599710035381,118.44969894588601
20,4571.999853696005,0.3,0.6,476.700133239,174.2291706134446,155.469304853016
20,4571.999853696005,0.3,0.7,556.1446209088,189.5381085083009,195.257433068082
20,4571.999853696005,0.3,0.8,635.6005781048001,205.6415663941758,238.80486098653802
20,4571.999853696005,0.3,0.9,715.0483219154,221.3149333806586,284.05203872799603
20,4571.999853696005,0.3,1.0,794.5034773852001,238.0672394579516,330.08580232920605
20,4571.999853696005,0.35,0.0,35.551012175800004,84.3336589045632,0.0
20,4571.999853696005,0.35,0.5,405.74450310680004,159.8999438872358,80.85004248182402
20,4571.999853696005,0.35,0.6,486.88430770540015,175.8473930493514,116.16304830715201
20,4571.999853696005,0.35,0.7,568.0458754366,191.5641634213009,154.494503239692
20,4571.999853696005,0.35,0.8,649.1945704156001,207.9277543662342,196.822570412622
20,4571.999853696005,0.35,0.9,730.3578408918,223.8151104197587,240.62528301134404
20,4571.999853696005,0.35,1.0,811.4856499596,240.4554675382383,285.88850014447803
20,4571.999853696005,0.4,0.0,40.176681857400006,84.89753519341377,0.0
20,4571.999853696005,0.4,0.5,415.59295534240005,161.3609870637757,43.050759690246004
20,4571.999853696005,0.4,0.6,498.7115859638001,177.7054751670144,76.82380776516601
20,4571.999853696005,0.4,0.7,581.8464702094,193.9150564683843,113.855954538942
20,4571.999853696005,0.4,0.8,664.9594165346001,210.5751166672412,154.985104095822
20,4571.999853696005,0.4,0.9,748.0777722550001,226.7080283541686,197.375777741142
20,4571.999853696005,0.4,1.0,831.1963782584002,243.2022855994739,241.93213134783002
20,4571.999853696005,0.45,0.0,45.40368065419999,85.50210233157944,0.0
20,4571.999853696005,0.45,0.5,426.56554997980004,162.9963998115758,4.8395855161500005
20,4571.999853696005,0.45,0.6,511.88866752100006,179.7403250036288,37.162585487412
20,4571.999853696005,0.45,0.7,597.1931525186001,196.5248689976413,73.020005844786
20,4571.999853696005,0.45,0.8,682.5224303040001,213.3997032990112,112.69977764476201
20,4571.999853696005,0.45,0.9,767.855163636,229.9285830413681,154.069713798462
20,4571.999853696005,0.45,1.0,853.1509338616,246.531819397351,197.78156260724404
20,4571.999853696005,0.5,0.0,51.489772976400005,86.20313386119932,0.0
20,4571.999853696005,0.5,0.5,437.8613715718,164.5997594394448,0.0
20,4571.999853696005,0.5,0.6,525.4525585826001,181.7208918362515,-3.37340994606
20,4571.999853696005,0.5,0.7,613.0185515322,199.1133227608637,31.341382350432003
20,4571.999853696005,0.5,0.8,700.6064323456001,216.1737908164747,69.26705241687002
20,4571.999853696005,0.5,0.9,788.1728774458,233.1865438734464,109.68627540301199
20,4571.999853696005,0.5,1.0,875.7397722348001,249.9988434094167,152.495539005348
20,4571.999853696005,0.55,0.0,58.422710548400005,86.99177170026309,0.0
20,4571.999853696005,0.55,0.5,445.92057115540007,165.5224755357888,0.0
20,4571.999853696005,0.55,0.6,535.1138409848,182.8405213085367,-46.29422022687002
20,4571.999853696005,0.55,0.7,624.3160758692002,200.7048039318697,-13.154268177204
20,4571.999853696005,0.55,0.8,713.4764396386001,217.9802032842239,22.639801965396003
20,4571.999853696005,0.55,0.9,802.6782240136001,235.2197375565635,61.38503210162402
20,4571.999853696005,0.55,1.0,891.857469789,252.291156342375,102.661075672386
20,5333.999829312005,0.0,0.0,24.430710359000003,76.64119035725301,0.0
20,5333.999829312005,0.0,0.5,360.78442322120003,145.0871577670326,333.547463180778
20,5333.999829312005,0.0,0.6,432.9391739772001,158.967733446521,383.54633272494
20,5333.999829312005,0.0,0.7,505.11010286220005,173.1155804873447,434.63832742407004
20,5333.999829312005,0.0,0.8,577.2775253234,187.5365679419396,488.721277227414
20,5333.999829312005,0.0,0.9,649.4128926868001,203.4487522627234,541.13709911877
20,5333.999829312005,0.0,1.0,721.5793140160001,220.3264417914361,593.053659469656
20,5333.999829312005,0.05,0.0,24.6565074756,76.68972641504128,0.0
20,5333.999829312005,0.05,0.5,361.4611022902,145.1935810679488,296.830966546422
20,5333.999829312005,0.05,0.6,433.75331257280004,159.095529548671,344.30232545940004
20,5333.999829312005,0.05,0.7,506.05546524500005,173.27858482219,393.125157251904
20,5333.999829312005,0.05,0.8,578.3343785252,187.7281268894131,444.92412312440405
20,5333.999829312005,0.05,0.9,650.6239087282,203.6165107873537,495.64979044812003
20,5333.999829312005,0.05,1.0,722.9253105514001,220.5157733528078,546.0226400853841
20,5333.999829312005,0.1,0.0,25.527230544200002,76.78389979415766,0.0
20,5333.999829312005,0.1,0.5,363.46046382800006,145.5067400449968,260.87666885049003
20,5333.999829312005,0.1,0.6,436.15185498060004,159.4822456008346,306.022384473036
20,5333.999829312005,0.1,0.7,508.8563937864,173.760845024585,352.81605706901405
20,5333.999829312005,0.1,0.8,581.5435030482,188.2743066635217,402.70778856554404
20,5333.999829312005,0.1,0.9,654.2381249030001,204.1265691051438,451.84991092071607
20,5333.999829312005,0.1,1.0,726.929892711,221.0785151297288,500.9409303452401
20,5333.999829312005,0.15,0.0,26.8520736528,76.97849970144243,0.0
20,5333.999829312005,0.15,0.5,366.85628223640003,146.0397847440806,225.563442838272
20,5333.999829312005,0.15,0.6,440.2271580893999,160.1406882543772,268.562962592694
20,5333.999829312005,0.15,0.7,513.6019900550001,174.5788510499864,313.57137456367803
20,5333.999829312005,0.15,0.8,586.9932504326,189.1955949122743,361.829241047736
20,5333.999829312005,0.15,0.9,660.3302691502,205.0129635096616,409.51885409912404
20,5333.999829312005,0.15,1.0,733.7204775186001,222.0134240713962,457.467583082664
20,5333.999829312005,0.2,0.0,28.821170642000002,77.2240202468475,0.0
20,5333.999829312005,0.2,0.5,371.6429232758,146.7880175840515,190.74768751315202
20,5333.999829312005,0.2,0.6,445.96194170440015,161.0920305428649,231.742816649652
20,5333.999829312005,0.2,0.7,520.2992160212001,175.7300475564729,275.197810111686
20,5333.999829312005,0.2,0.8,594.6235683498,190.5158781410687,321.93104385288
20,5333.999829312005,0.2,0.9,668.9464181598,206.2547497410868,368.345060427036
20,5333.999829312005,0.2,1.0,743.2836432406001,223.3241839497414,415.389819473244
20,5333.999829312005,0.25,0.0,31.254706716200005,77.55767482518371,0.0
20,5333.999829312005,0.25,0.5,377.7952199648,147.7427863324866,156.23248239984002
20,5333.999829312005,0.25,0.6,453.35245076,162.3104303898213,195.393351988758
20,5333.999829312005,0.25,0.7,528.9134128234001,177.2068672325138,237.46816998689403
20,5333.999829312005,0.25,0.8,604.4690656048,192.1961642275243,282.84324695319
20,5333.999829312005,0.25,0.9,680.0291266494002,207.8464161767214,328.115437925352
20,5333.999829312005,0.25,1.0,755.5870836756001,225.0060836162569,374.40633577670405
20,5333.999829312005,0.3,0.0,34.352113114000005,77.95308568320785,0.0
20,5333.999829312005,0.3,0.5,385.20929337,148.8812472992833,121.84100763958202
20,5333.999829312005,0.3,0.6,462.24066395540007,163.7664910706704,159.27866526910802
20,5333.999829312005,0.3,0.7,539.2810004164,178.969091279325,200.109055467552
20,5333.999829312005,0.3,0.8,616.3046081258,194.1902806413862,244.00321412821202
20,5333.999829312005,0.3,0.9,693.3501529350001,209.7432040987027,288.45140214844804
20,5333.999829312005,0.3,1.0,770.4022592618,227.0447023716774,334.12579627996803
20,5333.999829312005,0.35,0.0,38.0568587014,78.41601427016239,0.0
20,5333.999829312005,0.35,0.5,394.0597934306,150.2254451038737,87.48903440739001
20,5333.999829312005,0.35,0.6,472.86363785980006,165.4998175781548,123.36543487468201
20,5333.999829312005,0.35,0.7,551.6747954762001,181.0738144191237,163.09480254837
20,5333.999829312005,0.35,0.8,630.4973216850001,196.5375044195772,205.64096238932402
20,5333.999829312005,0.35,0.9,709.3105824992,211.9942984588588,249.313989802878
20,5333.999829312005,0.35,1.0,788.1213388422001,229.5317869091899,294.56051676975005
20,5333.999829312005,0.4,0.0,42.318460987,78.93112619531888,0.0
20,5333.999829312005,0.4,0.5,404.2699374252,151.7921260780187,53.03772263651399
20,5333.999829312005,0.4,0.6,485.11659252100003,167.4867666836614,87.441811659048
20,5333.999829312005,0.4,0.7,565.9860611174,183.4607007343736,126.17162381993401
20,5333.999829312005,0.4,0.8,646.8253283514,199.2545112500227,167.415637537764
20,5333.999829312005,0.4,0.9,727.6754143758001,214.8278657467114,210.30475558554002
20,5333.999829312005,0.4,1.0,808.5459850380001,232.3873557751973,255.25431404734803
20,5333.999829312005,0.45,0.0,47.32627588259999,79.52859058704527,0.0
20,5333.999829312005,0.45,0.5,415.88004471420004,153.5731820871814,18.322176811554005
20,5333.999829312005,0.45,0.6,499.0459566664,169.7680718099429,51.504536856234004
20,5333.999829312005,0.45,0.7,582.2288222146,186.1532502946566,89.208087281082
20,5333.999829312005,0.45,0.8,665.4182993370001,202.3171156775833,129.317800895514
20,5333.999829312005,0.45,0.9,748.5624489772001,218.2121527277511,171.484598297166
20,5333.999829312005,0.45,1.0,831.7544305708001,235.6460305310714,216.13140467826602
20,5333.999829312005,0.5,0.0,53.0640875116,80.18059389122743,0.0
20,5333.999829312005,0.5,0.5,428.0177781087999,155.3812787788261,0.0
20,5333.999829312005,0.5,0.6,513.6081511198,172.1327998206478,14.964708396330002
20,5333.999829312005,0.5,0.7,599.2301278986,188.9789508533975,51.553256875428005
20,5333.999829312005,0.5,0.8,684.8291656250001,205.476620055611,90.252120545664
20,5333.999829312005,0.5,0.9,770.4330120674,221.7945521585775,131.93977659555
20,5333.999829312005,0.5,1.0,856.038460321,238.9581026698721,175.964051029074
20,5333.999829312005,0.55,0.0,59.66222520720001,80.88688674916085,0.0
20,5333.999829312005,0.55,0.5,441.63480958520006,157.4534210752064,0.0
20,5333.999829312005,0.55,0.6,529.9612000364001,174.7658415401433,-21.887731623912003
20,5333.999829312005,0.55,0.7,618.2951539578,192.0799181585775,13.380380541066001
20,5333.999829312005,0.55,0.8,706.6352180668001,208.9959710327497,51.14537778734999
20,5333.999829312005,0.55,0.9,794.9472348884,225.7961057937948,92.28307548860401
20,5333.999829312005,0.55,1.0,883.2758294712002,242.6249668647374,135.51802395885602
20,6095.999804928007,0.0,0.0,27.5161384586,71.21135263594303,0.0
20,6095.999804928007,0.0,0.5,337.24543918780006,133.5710958275424,312.19728115098604
20,6095.999804928007,0.0,0.6,404.6879256266,146.5327528677311,359.34972137248803
20,6095.999804928007,0.0,0.7,472.14741571800005,159.5708367134174,408.45044369929803
20,6095.999804928007,0.0,0.8,539.5936843022,173.2901353232332,459.50708616997804
20,6095.999804928007,0.0,0.9,607.0235236538,188.6726302932051,508.02660318194404
20,6095.999804928007,0.0,1.0,674.4876722914,204.6967631049624,556.8791504185141
20,6095.999804928007,0.05,0.0,27.681717485400004,71.24599665363331,0.0
20,6095.999804928007,0.05,0.5,337.8749378598,133.6687812813209,278.57206166097
20,6095.999804928007,0.05,0.6,405.4384307952,146.6544244768212,323.413493680662
20,6095.999804928007,0.05,0.7,473.01880265200003,159.7216767411776,370.37683250799006
20,6095.999804928007,0.05,0.8,540.5763601876,173.4163473192416,419.50043959223404
20,6095.999804928007,0.05,0.9,608.1507974652001,188.8193299372222,466.43656821300004
20,6095.999804928007,0.05,1.0,675.7392579762001,204.8704898641024,513.881367694002
20,6095.999804928007,0.1,0.0,28.465323196200004,71.34054149768666,0.0
20,6095.999804928007,0.1,0.5,339.76433653580006,133.9711041489612,245.65236500389202
20,6095.999804928007,0.1,0.6,407.71764401280006,147.0210238780731,288.4210310367541
20,6095.999804928007,0.1,0.7,475.6745334088,160.1813931388914,333.482845668126
20,6095.999804928007,0.1,0.8,543.6214557972,173.8387567541504,380.862910203468
20,6095.999804928007,0.1,0.9,611.5763913446001,189.2966502173637,426.48793843425005
20,6095.999804928007,0.1,1.0,679.5357843912001,205.3969239843963,472.726123544136
20,6095.999804928007,0.15,0.0,29.642697099400003,71.50012639018416,0.0
20,6095.999804928007,0.15,0.5,342.94308408800003,134.4791203452781,213.367046349072
20,6095.999804928007,0.15,0.6,411.5223353978,147.6251124159485,254.19189273093002
20,6095.999804928007,0.15,0.7,480.11701234640003,160.9522553982582,297.60677792769
20,6095.999804928007,0.15,0.8,548.6912046571999,174.5932857844507,343.35587413142406
20,6095.999804928007,0.15,0.9,617.2763659282,190.0886714750975,387.899535187164
20,6095.999804928007,0.15,1.0,685.8792070262001,206.2751803126191,433.13814521208
20,6095.999804928007,0.2,0.0,31.266884420200004,71.7282713590674,0.0
20,6095.999804928007,0.2,0.5,347.37592179620003,135.1766688063141,181.54416909367202
20,6095.999804928007,0.2,0.6,416.84847252180003,148.4691747885331,220.56242118741602
20,6095.999804928007,0.2,0.7,486.3313644486,162.0253118692733,262.528863198294
20,6095.999804928007,0.2,0.8,555.8106514796001,175.7365009410324,306.79502516308804
20,6095.999804928007,0.2,0.9,625.2689516656001,191.1900257145968,350.43143305031407
20,6095.999804928007,0.2,1.0,694.7605591850001,207.5029748540325,394.855855565556
20,6095.999804928007,0.25,0.0,33.467225668800005,72.02398364791799,0.0
20,6095.999804928007,0.25,0.5,353.102091573,136.0741996735009,150.07231377831002
20,6095.999804928007,0.25,0.6,423.7218985406002,149.5549808344371,187.38205750387203
20,6095.999804928007,0.25,0.7,494.3318640524,163.4156536658805,228.11361314695802
20,6095.999804928007,0.25,0.8,564.9591089384,177.1959450405516,270.976783393008
20,6095.999804928007,0.25,0.9,635.5733817796001,192.6142475462215,313.87629426199203
20,6095.999804928007,0.25,1.0,706.2081392586001,209.079364911095,357.642353083092
20,6095.999804928007,0.3,0.0,36.342077140600004,72.38253760518916,0.0
20,6095.999804928007,0.3,0.5,360.15387254,137.1868185638211,118.73425380339602
20,6095.999804928007,0.3,0.6,432.1772239004,150.8845015634582,154.52929276831202
20,6095.999804928007,0.3,0.7,504.19829727520005,165.110588757507,194.183606070762
20,6095.999804928007,0.3,0.8,576.2464159848,179.0531990814661,235.672139776458
20,6095.999804928007,0.3,0.9,648.2777066502,194.3684762079289,277.99740812936403
20,6095.999804928007,0.3,1.0,720.3008323456,211.0167005233602,321.32733054483606
20,6095.999804928007,0.35,0.0,39.6882139632,72.81707579134537,0.0
20,6095.999804928007,0.35,0.5,368.51315897880005,138.4863282943845,87.44827047448801
20,6095.999804928007,0.35,0.6,442.21254480920004,152.4914303424657,121.87391824007402
20,6095.999804928007,0.35,0.7,515.9117812904001,167.1187969791345,160.57315378150201
20,6095.999804928007,0.35,0.8,589.6256917408001,181.2701565624603,200.81069322514202
20,6095.999804928007,0.35,0.9,663.3128571960001,196.5079790390094,242.60074596496202
20,6095.999804928007,0.35,1.0,737.0117925170001,213.3031313043636,285.63629318763003
20,6095.999804928007,0.4,0.0,43.7761534914,73.3271977353715,0.0
20,6095.999804928007,0.4,0.5,378.21413462360005,139.9981845058514,56.121444924006
20,6095.999804928007,0.4,0.6,453.84333778300004,154.46117556872,89.43996854146201
20,6095.999804928007,0.4,0.7,529.5039198658002,169.4435050230427,127.16021891865601
20,6095.999804928007,0.4,0.8,605.1277398892,183.8253150906287,166.16568549365402
20,6095.999804928007,0.4,0.9,680.7836634258001,199.0104400728477,207.626294608656
20,6095.999804928007,0.4,1.0,756.425063163,215.9499219049261,250.45844296842603
20,6095.999804928007,0.45,0.0,48.59241162600001,73.88093733557109,0.0
20,6095.999804928007,0.45,0.5,388.97882450680004,141.6451472868548,24.500973243978002
20,6095.999804928007,0.45,0.6,466.7799088656,156.6390272422208,56.834463897288
20,6095.999804928007,0.45,0.7,544.5797401682,171.9413119848499,93.38900084144402
20,6095.999804928007,0.45,0.8,622.3611908514,186.6299422657171,131.449772690544
20,6095.999804928007,0.45,0.9,700.178152179,201.7205369069219,172.547371912608
20,6095.999804928007,0.45,1.0,777.9525407786001,218.914940528622,215.14430195735403
20,6095.999804928007,0.5,0.0,54.030974232400006,74.48873818361608,0.0
20,6095.999804928007,0.5,0.5,401.07784117280005,143.4617109462941,0.0
20,6095.999804928007,0.5,0.6,481.2839531412,159.0643910558832,23.992116448146
20,6095.999804928007,0.5,0.7,561.5165360244,174.6656147796426,59.241938422128
20,6095.999804928007,0.5,0.8,641.7155604706,189.8262824916992,96.709365319182
20,6095.999804928007,0.5,0.9,721.9487940896001,205.1116482696181,137.36112523333202
20,6095.999804928007,0.5,1.0,802.1486210826001,222.2401767485258,179.79745585355403
20,6095.999804928007,0.55,0.0,60.1897881266,75.16078702703439,0.0
20,6095.999804928007,0.55,0.5,414.226374056,145.4011593238683,0.0
20,6095.999804928007,0.55,0.6,497.07414267060005,161.6431502392271,-9.327698932398002
20,6095.999804928007,0.55,0.7,579.9233891858,177.5787064414406,24.663960472998003
20,6095.999804928007,0.55,0.8,662.783053218,193.2984751997641,61.681814671092006
20,6095.999804928007,0.55,0.9,745.6186268960001,209.0090630664974,101.85398307361201
20,6095.999804928007,0.55,1.0,828.4651687136001,225.8193925283498,144.104549354304
20,6857.999780544007,0.0,0.0,28.365280567800003,66.24111014179444,0.0
20,6857.999780544007,0.0,0.5,313.9179910636,123.2383401231062,290.907777735036
20,6857.999780544007,0.0,0.6,376.714450376,134.9876797038011,335.09330236767
20,6857.999780544007,0.0,0.7,439.495159092,147.0449239508301,382.1539246560421
20,6857.999780544007,0.0,0.8,502.280024147,160.0519404154042,429.85951838260206
20,6857.999780544007,0.0,0.9,565.0557239205999,174.6290362436723,475.475959324674
20,6857.999780544007,0.0,1.0,627.8496549644001,189.606097352082,521.2347046072321
20,6857.999780544007,0.05,0.0,28.591469931200002,66.27530409743264,0.0
20,6857.999780544007,0.05,0.5,314.51298104380004,123.331556769482,260.25662256825
20,6857.999780544007,0.05,0.6,377.4118651864,135.1043968875987,302.311653104538
20,6857.999780544007,0.05,0.7,440.31435668660004,147.1882827496144,347.40314403564
20,6857.999780544007,0.05,0.8,503.21752354060004,160.1840345633675,393.328424002668
20,6857.999780544007,0.05,0.9,566.1275021952,174.7748221962261,437.55585264699005
20,6857.999780544007,0.05,1.0,629.0230062864001,189.7586220715776,482.05576012116614
20,6857.999780544007,0.1,0.0,29.2518371134,66.37058391808038,0.0
20,6857.999780544007,0.1,0.5,316.27343391820006,123.6108071732741,230.316176858922
20,6857.999780544007,0.1,0.6,379.5200120250001,135.4558761688288,270.416911741284
20,6857.999780544007,0.1,0.7,442.7774589788,147.6171170308446,313.790695385244
20,6857.999780544007,0.1,0.8,506.03873649339994,160.5781031885149,358.138669012278
20,6857.999780544007,0.1,0.9,569.2818836716001,175.2067114724667,401.22765314662803
20,6857.999780544007,0.1,1.0,632.5461670440001,190.2301027732015,444.6222273260461
20,6857.999780544007,0.15,0.0,30.359376315400002,66.52799896879253,0.0
20,6857.999780544007,0.15,0.5,319.199125663,124.0815028394267,200.89511287876803
20,6857.999780544007,0.15,0.6,383.04056819820005,136.038163364057,239.24534730650402
20,6857.999780544007,0.15,0.7,446.87990753560007,148.3273294520548,281.119359754002
20,6857.999780544007,0.15,0.8,510.7162672744,161.2361603419215,324.03128427054
20,6857.999780544007,0.15,0.9,574.5504729382001,175.9235910811031,366.17165435235
20,6857.999780544007,0.15,1.0,638.4009059670001,191.0216529160845,408.670474011954
20,6857.999780544007,0.2,0.0,31.960107605800005,66.75109688006894,0.0
20,6857.999780544007,0.2,0.5,323.2757803,124.7352053383834,171.895144093134
20,6857.999780544007,0.2,0.6,387.92347382360003,136.8431199291481,208.62034544920803
20,6857.999780544007,0.2,0.7,452.5761262330001,149.3114808898667,249.19977641651403
20,6857.999780544007,0.2,0.8,517.2264235204,162.1370891308174,290.7797855424
20,6857.999780544007,0.2,0.9,581.8846354947999,176.9103128317155,332.12463506976604
20,6857.999780544007,0.2,1.0,646.5426464222,192.1472641902386,373.95769275572405
20,6857.999780544007,0.25,0.0,33.963810117600005,67.03723622743355,0.0
20,6857.999780544007,0.25,0.5,328.55351023000003,125.5734852089268,143.218894073178
20,6857.999780544007,0.25,0.6,394.2663458360001,137.9281694778191,178.55438831953802
20,6857.999780544007,0.25,0.7,459.9792060600001,150.5873754622154,217.94305837180804
20,6857.999780544007,0.25,0.8,525.692017048,163.4016905141069,258.24450583701
20,6857.999780544007,0.25,0.9,591.3994178202,178.1912759823097,298.96638793606206
20,6857.999780544007,0.25,1.0,657.1117774782001,193.6272965233603,340.312132890114
20,6857.999780544007,0.3,0.0,36.522706792,67.39116418307177,0.0
20,6857.999780544007,0.3,0.5,335.0305848076,126.6128328743536,114.74053335082802
20,6857.999780544007,0.3,0.6,402.03244515280005,139.2434126666062,148.872256083474
20,6857.999780544007,0.3,0.7,469.04281922300004,152.1476605961172,187.14741656780404
20,6857.999780544007,0.3,0.8,536.0531932932,164.9551082250749,226.26076493281803
20,6857.999780544007,0.3,0.9,603.0744362104001,179.824461344008,266.57637775461
20,6857.999780544007,0.3,1.0,670.0678320666001,195.4446737565092,307.53040533831006
20,6857.999780544007,0.35,0.0,39.489356324,67.77549612274336,0.0
20,6857.999780544007,0.35,0.5,342.677931816,127.8268069551846,86.31187614911401
20,6857.999780544007,0.35,0.6,411.19347420360003,140.8219159568176,119.415115704654
20,6857.999780544007,0.35,0.7,479.75354234720004,153.9666083680486,156.620706138204
20,6857.999780544007,0.35,0.8,548.2827583926,166.8653741487798,194.657971813536
20,6857.999780544007,0.35,0.9,616.8238435964,181.7344128792525,234.603450473238
20,6857.999780544007,0.35,1.0,685.3433929738001,197.5634887040733,275.28930999708604
20,6857.999780544007,0.4,0.0,43.11114417500001,68.23742540351991,0.0
20,6857.999780544007,0.4,0.5,351.6269243916,129.2423054427107,57.875678769678004
20,6857.999780544007,0.4,0.6,421.95453375240004,142.634110458768,90.05413828026002
20,6857.999780544007,0.4,0.7,492.27931204320004,156.0804548551211,126.059852061528
20,6857.999780544007,0.4,0.8,562.6037908149999,169.2583138454141,163.38617341338602
20,6857.999780544007,0.4,0.9,632.9423929334,183.9823376236052,203.039777224746
20,6857.999780544007,0.4,1.0,703.2571549806,200.0202338194684,243.50827803687002
20,6857.999780544007,0.45,0.0,47.6434517328,68.85042301796244,0.0
20,6857.999780544007,0.45,0.5,361.86494170640003,130.847964036197,29.300704933038002
20,6857.999780544007,0.45,0.6,434.2386408514001,144.704582098612,60.695455692564
20,6857.999780544007,0.45,0.7,506.59899293740006,158.5004216668783,95.51059449439201
20,6857.999780544007,0.45,0.8,578.998861837,172.0103857495237,132.347092983798
20,6857.999780544007,0.45,0.9,651.3559077256,186.5923499205298,171.684131656884
20,6857.999780544007,0.45,1.0,723.7335892424,202.8139102643564,212.04695254789203
20,6857.999780544007,0.5,0.0,52.656178740000016,69.46383467077928,0.0
20,6857.999780544007,0.5,0.5,373.3249432022,132.6370289978227,0.457753865184
20,6857.999780544007,0.5,0.6,448.0039252062,147.0234365288034,31.179217152468002
20,6857.999780544007,0.5,0.7,522.6646020860001,161.1784228075842,64.91713807887001
20,6857.999780544007,0.5,0.8,597.3316386158001,175.0856826754967,101.168174306892
20,6857.999780544007,0.5,0.9,672.0075909646,189.5334539684297,140.340434897586
20,6857.999780544007,0.5,1.0,746.663258902,205.9243293404699,180.63829576300202
20,6857.999780544007,0.55,0.0,58.484634665600005,70.1953983725846,0.0
20,6857.999780544007,0.55,0.5,385.78785575880005,134.5352588025946,0.0
20,6857.999780544007,0.55,0.6,462.9479710988,149.5048531850676,1.2321805155660002
20,6857.999780544007,0.55,0.7,540.1097645658001,164.0883738596571,33.915650890968
20,6857.999780544007,0.55,0.8,617.2445619340001,178.4229971199311,69.774563626152
20,6857.999780544007,0.55,0.9,694.4220313228001,192.8158435324322,108.29114190972001
20,6857.999780544007,0.55,1.0,771.5656944534,209.3554031256464,148.90912026190202
20,7619.999756160008,0.0,0.0,28.574472022800002,61.48939616592579,0.0
20,7619.999756160008,0.0,0.5,291.2088223682,113.4943460512565,270.299522770662
20,7619.999756160008,0.0,0.6,349.4439002648,124.0297045335208,311.668954941036
20,7619.999756160008,0.0,0.7,407.6849882358,135.1593643414679,356.893380037194
20,7619.999756160008,0.0,0.8,465.91903956180005,147.7241971790801,401.35928086947007
20,7619.999756160008,0.0,0.9,524.1731250162001,161.3572321801688,444.16892123604003
20,7619.999756160008,0.0,1.0,582.4083785211999,175.4307801516829,486.8794041064801
20,7619.999756160008,0.05,0.0,28.7748165892,61.52136320330218,0.0
20,7619.999756160008,0.05,0.5,291.75390181520004,113.5837367023496,242.426299231578
20,7619.999756160008,0.05,0.6,350.1016226532,124.1455225288941,281.89027809327
20,7619.999756160008,0.05,0.7,408.4543261744,135.2967268353443,325.24782662387406
20,7619.999756160008,0.05,0.8,466.79082694859994,147.8436984785449,368.127682143144
20,7619.999756160008,0.05,0.9,525.1520458360001,161.4911677462578,409.67855809696204
20,7619.999756160008,0.05,1.0,583.5013931032001,175.5808206409326,451.251531028452
20,7619.999756160008,0.1,0.0,29.397476380800004,61.61629307965164,0.0
20,7619.999756160008,0.1,0.5,293.36945806520004,113.8507727401796,215.19637860336002
20,7619.999756160008,0.1,0.6,352.04581443240005,124.4874363540779,252.97430815965004
20,7619.999756160008,0.1,0.7,410.7246744502,135.7039595415949,294.68047948046404
20,7619.999756160008,0.1,0.8,469.38695670680005,148.2029738450513,336.154172589774
20,7619.999756160008,0.1,0.9,528.0712761764,161.8898197996008,376.62607406608805
20,7619.999756160008,0.1,1.0,586.7429239408,176.0286440787445,417.2776431516
20,7619.999756160008,0.15,0.0,30.432707593200004,61.77525013090811,0.0
20,7619.999756160008,0.15,0.5,296.0781798876,114.2926854877982,188.48602563991201
20,7619.999756160008,0.15,0.6,355.29375579720005,125.060086045904,224.798381470278
20,7619.999756160008,0.15,0.7,414.51386388060007,136.3803485364238,265.027666352064
20,7619.999756160008,0.15,0.8,473.7270608707999,148.7989383418307,305.24915172490205
20,7619.999756160008,0.15,0.9,532.9423364408,162.5569572590039,344.80673937309604
20,7619.999756160008,0.15,1.0,592.1579123504,176.7757344535063,384.728046405318
20,7619.999756160008,0.2,0.0,31.896057314000004,61.99943998067677,0.0
20,7619.999756160008,0.2,0.5,299.86619257760003,114.9100377566906,162.19300022864402
20,7619.999756160008,0.2,0.6,359.83547891940003,125.8679268444162,197.20905712107603
20,7619.999756160008,0.2,0.7,419.8230720266001,137.3261941730926,236.135828901588
20,7619.999756160008,0.2,0.8,479.78174062500005,149.6350909440261,275.232345202122
20,7619.999756160008,0.2,0.9,539.7619212524,163.4992477797333,314.06138336172603
20,7619.999756160008,0.2,1.0,599.7431030117999,177.8205216942756,353.389125255012
20,7619.999756160008,0.25,0.0,33.8315441684,62.27939729066497,0.0
20,7619.999756160008,0.25,0.5,304.73534905,115.6988178191055,136.190734052142
20,7619.999756160008,0.25,0.6,365.6858103998,126.8986793538964,170.06792563299
20,7619.999756160008,0.25,0.7,426.63281456180005,138.5398679006623,207.81800888725803
20,7619.999756160008,0.25,0.8,487.59827647960003,150.728135877801,245.88480407106002
20,7619.999756160008,0.25,0.9,548.5297795076001,164.7033845894947,284.15322683655603
20,7619.999756160008,0.25,1.0,609.4862755498,179.1579947671233,323.05746615865803
20,7619.999756160008,0.3,0.0,36.211119227800005,62.62005449768665,0.0
20,7619.999756160008,0.3,0.5,310.8126929556,116.6797070087998,110.437861333338
20,7619.999756160008,0.3,0.6,372.9813571616,128.205470545768,143.31998432089802
20,7619.999756160008,0.3,0.7,435.14368469440006,140.004894734555,179.88395015698802
20,7619.999756160008,0.3,0.8,497.30323367560004,152.0867679490157,217.125621882246
20,7619.999756160008,0.3,0.9,559.4664384298001,166.2194527642203,255.028984570206
20,7619.999756160008,0.3,1.0,621.6345511926,180.7799580514379,293.51245163856
20,7619.999756160008,0.35,0.0,39.087066200600006,63.02647363022771,0.0
20,7619.999756160008,0.35,0.5,318.0083439764,117.8341517282047,84.75991576668
20,7619.999756160008,0.35,0.6,381.608024622,129.7463524847138,116.792014604958
20,7619.999756160008,0.35,0.7,445.2054510794002,141.7208030920802,152.20404092124002
20,7619.999756160008,0.35,0.8,508.82328750000005,153.7073033857389,188.799141183576
20,7619.999756160008,0.35,0.9,572.4121747938001,167.9994659580877,226.401185452134
20,7619.999756160008,0.35,1.0,636.012680963,182.7283440438175,264.556549589178
20,7619.999756160008,0.4,0.0,42.475175072,63.49234305923978,0.0
20,7619.999756160008,0.4,0.5,326.29305346660004,119.1504938730836,59.04005150920802
20,7619.999756160008,0.4,0.6,391.55832562660004,131.5011809172639,90.344046125718
20,7619.999756160008,0.4,0.7,456.815107859,143.6856795077565,124.66201760905201
20,7619.999756160008,0.4,0.8,522.0774496564001,155.7798452174544,160.51786729994402
20,7619.999756160008,0.4,0.9,587.339140718,170.0794609483807,198.09493748213401
20,7619.999756160008,0.4,1.0,652.588210131,184.993016523451,236.02519722196803
20,7619.999756160008,0.45,0.0,46.364363639000004,64.01532218134808,0.0
20,7619.999756160008,0.45,0.5,335.7607563288,120.6489155919441,33.242686359498
20,7619.999756160008,0.45,0.6,402.90989221780006,133.4869449841241,63.897985932858006
20,7619.999756160008,0.45,0.7,470.063259941,145.9165000227706,97.17197308203001
20,7619.999756160008,0.45,0.8,537.229550473,158.1264837278418,132.43683626712001
20,7619.999756160008,0.45,0.9,604.3752053768,172.4763412610905,169.94652926097
20,7619.999756160008,0.45,1.0,671.5180062338,187.568034858387,207.82007864402402
20,7619.999756160008,0.5,0.0,50.809014704800006,64.60243514587681,0.0
20,7619.999756160008,0.5,0.5,346.37218439120005,122.3001329096435,7.1418400658220005
20,7619.999756160008,0.5,0.6,415.64141259300004,135.6907243488161,37.324452209814005
20,7619.999756160008,0.5,0.7,484.90833655000006,148.4174050208655,69.65159658765
20,7619.999756160008,0.5,0.8,554.1995026722001,161.0156322756056,104.47349268048
20,7619.999756160008,0.5,0.9,623.4701833360001,175.0286876031933,141.44886548793002
20,7619.999756160008,0.5,1.0,692.7312473884,190.4710614110496,179.76770126515203
20,7619.999756160008,0.55,0.0,56.20434482079999,65.34874048516738,0.0
20,7619.999756160008,0.55,0.5,357.899651516,124.2474625193686,0.0
20,7619.999756160008,0.55,0.6,429.46895340800006,138.0455149706976,10.328130299718
20,7619.999756160008,0.55,0.7,501.049624713,151.1335837745623,41.70188012298
20,7619.999756160008,0.55,0.8,572.6092607576,164.1590467013517,76.19000224882201
20,7619.999756160008,0.55,0.9,644.2061602482,177.8046025035834,112.55822193970201
20,7619.999756160008,0.55,1.0,715.7808715354,193.6734695214551,151.80077597176802
